gene,SNPs,hits,Z,top_candidate_p,Z_pVal
1_0,47,2,1.890659810568123,0.08045749844328065,0.5665099029835482
1_100,45,3,3.994693095404511,0.010378132789533654,0.08852675811476118
1_1006,2,0,2.182830331662711,1.0,0.15583405761897473
1_1009,2,0,1.5321606874613607,1.0,0.31096127088416703
1_1010,8,0,2.2921514258835067,1.0,0.17308930431382075
1_1013,2,0,0.6502097075305059,1.0,0.5830921543780708
1_1014,2,0,-1.496250110374528,1.0,0.972608574124529
1_1020,1,0,1.6433441136375913,1.0,0.27188708725506605
1_1024,1,0,-2.344707726320691,1.0,0.9950849758536295
1_1026,13,0,0.6190173274559053,1.0,0.6809702124361093
1_1032,3,0,0.16287950368282308,1.0,0.7322276451382967
1_1037,23,4,4.9953082932125055,7.60525098813713e-05,0.004541359474980244
1_1040,1,0,1.3022303004339304,1.0,0.3690542284759941
1_1041,7,0,0.036021251305389565,1.0,0.788822599764652
1_1042,9,0,2.2448647961792823,1.0,0.18945631626404458
1_1044,3,0,0.8912458865587638,1.0,0.5163117704031108
1_1046,2,0,1.5959752947559802,1.0,0.2932244046747583
1_1048,1,0,-1.4799132469206768,1.0,0.9706381954385618
1_1050,8,0,-0.03929759272172051,1.0,0.8109055907649514
1_1054,3,0,2.3987580117895257,1.0,0.12368228217016175
1_1055,1,0,-1.5483064178850658,1.0,0.9741091669367498
1_1058,19,1,0.31749163311571366,0.1738313761644134,0.7929858830587715
1_1059,6,0,1.8073441100267158,1.0,0.27034325501241163
1_106,19,2,1.6306523352246054,0.015273761488896639,0.4299033775583111
1_1062,1,0,2.3202632659263283,1.0,0.12540511052383618
1_1064,56,2,4.863395367671877,0.10820013753576062,0.04215414628194358
1_1066,12,0,-0.7115045954166073,1.0,0.9302706153345873
1_1067,33,0,1.9196511297616679,1.0,0.45762770787487206
1_1068,1,0,-1.1553659486195866,1.0,0.9485281667438239
1_1070,2,0,-1.553760565349958,1.0,0.9753756235913529
1_1071,6,1,2.7873571490613798,0.058519850599000056,0.08333451150217419
1_1072,1,0,-1.2454700990119005,1.0,0.9556967775682126
1_1073,42,3,2.885623244849839,0.008583853799733485,0.2657077302118719
1_1074,3,0,1.7591609767149325,1.0,0.2582876047028225
1_1077,25,1,1.5604102434145268,0.2221786406008534,0.5001336809200129
1_1078,139,19,4.951743901132877,3.765043160425331e-16,0.28279315605290867
1_1079,149,10,2.9294108232284355,3.089278244326244e-06,0.7536624036334612
1_1080,12,1,-0.342959173816504,0.11361512828387083,0.8835885150487238
1_1081,2,0,-0.42326004995819116,1.0,0.8566510701088124
1_1082,19,0,0.9286836335554907,1.0,0.6384955136134876
1_1086,5,3,3.142259606571331,9.850600000000027e-06,0.0454761916152856
1_1087,3,0,0.9363407866887536,1.0,0.5020235840694725
1_1089,8,0,0.49343197628459246,1.0,0.6789007905947112
1_109,5,0,-1.345100510206874,1.0,0.9679906392445661
1_1092,1,0,1.6434823799949367,1.0,0.2718504055595693
1_1095,1,0,1.1743252131905884,1.0,0.4082357154350367
1_1096,1,0,1.6144853130557624,1.0,0.2795967033240865
1_11,63,4,3.7196995585962522,0.0037262424020537014,0.2074213882794934
1_110,3,0,1.2444960014248203,1.0,0.40526292449524237
1_1109,1,0,-1.6409393771290406,1.0,0.9782571294028763
1_1119,2,0,2.3509066114865913,1.0,0.12596189312491157
1_112,1,0,-0.7619872732100536,1.0,0.9059464761382496
1_1122,34,3,3.7206418356348885,0.004746994797058528,0.08170930744835858
1_1123,19,0,-0.09796414868382732,1.0,0.8709998417772989
1_1126,17,0,1.3827126907987997,1.0,0.4875862431957614
1_1127,8,0,2.315025070794772,1.0,0.168548920257932
1_1128,2,0,0.75030227334805,1.0,0.5517302303893448
1_1130,1,0,1.7610438350907545,1.0,0.24158007781323643
1_1132,5,0,0.30722065643596147,1.0,0.7080379993162023
1_1136,11,0,2.32193330845594,1.0,0.18672030447432453
1_1141,1,0,0.18902995412237722,1.0,0.7108130107039354
1_1142,1,0,1.2932688797962926,1.0,0.3717606965728526
1_1143,2,0,0.3396391425049269,1.0,0.6762877891150211
1_1145,1,0,0.6722868180414334,1.0,0.5672380428827548
1_1147,3,0,0.9842287297400251,1.0,0.4868480021413575
1_1148,8,0,-0.3368761025051589,1.0,0.867350545869935
1_1149,6,0,2.4211886796659874,1.0,0.13679470522547954
1_115,1,0,0.720887263032867,1.0,0.551908867028918
1_1151,29,1,2.540098735659011,0.2528279056684038,0.2606452421731542
1_1154,227,15,6.015591722722375,1.4289415301769462e-08,0.2815090209125022
1_1155,1,0,1.129384235787473,1.0,0.42224611043964044
1_1156,4,0,2.1977710319580823,1.0,0.1658201490756266
1_1157,66,4,5.505225745272126,0.004403453407134823,0.02494126036606048
1_1158,1,0,-0.9076315490829255,1.0,0.9240221350097759
1_1159,1,0,-1.5021193051202228,1.0,0.9718052309643762
1_1160,2,0,-0.13158957043365827,1.0,0.797556386205398
1_1161,1,0,1.0768765962420828,1.0,0.4387396951153971
1_1162,1,0,1.521428625161022,1.0,0.3051548648028961
1_1163,62,2,1.5414326302251826,0.12788702769336555,0.7392337692761718
1_1164,1,0,-0.8856940786386925,1.0,0.9214827889740859
1_1168,1,0,0.9513391482168474,1.0,0.4785532582659965
1_117,2,0,1.4861084226770944,1.0,0.3240430610377374
1_1171,3,0,-0.5550626773515798,1.0,0.88296655287929
1_1172,1,0,1.032055198327181,1.0,0.45290471986022596
1_1175,1,0,1.1284684355531875,1.0,0.4225327015849053
1_1177,5,0,-1.465968820560289,1.0,0.9742605659361355
1_1178,2,0,0.5614423526835669,1.0,0.610476141388262
1_1179,1,0,0.32889665859515843,1.0,0.6714509682948107
1_1180,7,1,2.2251450603206457,0.06793465209301006,0.1801039013606679
1_1182,10,0,0.562200785091983,1.0,0.6746481325762574
1_1185,12,1,2.374203591403984,0.11361512828387083,0.18251722692588523
1_119,4,1,2.5540103024433995,0.039403990000000035,0.10511479115664224
1_1192,1,0,1.3063271148581692,1.0,0.3678190858814382
1_1194,15,2,0.9587554350224078,0.009629773443364747,0.5989137647555396
1_1196,1,0,-0.886330608123172,1.0,0.9215573649045259
1_1197,1,0,-1.2018630304202038,1.0,0.952334844131166
1_1199,7,0,1.4228419829353605,1.0,0.3875988052776317
1_1202,37,1,1.7873434925423795,0.31055091413092223,0.5257641537937132
1_1203,3,0,-0.18685742765879285,1.0,0.8152525193877616
1_1207,1,0,1.2277720251171709,1.0,0.39172647053060894
1_1209,135,8,2.9542421408102073,7.187987787931618e-05,0.712988385231051
1_121,2,0,1.576620872622225,1.0,0.2985541907300614
1_1212,9,1,1.8158090869269463,0.08648275251635919,0.2927372715510099
1_1213,3,0,0.02260188435434431,1.0,0.7676136676690928
1_1214,2,0,1.6068540346639566,1.0,0.29024813223744306
1_1215,4,0,0.7444044451881304,1.0,0.57148651923314
1_1216,3,0,0.5933143376038394,1.0,0.6093389974363977
1_1217,1,1,3.4321802067895937,0.010000000000000009,0.02080107644382967
1_1218,11,1,3.144213840103692,0.10466174574128365,0.06335876895198722
1_1219,5,3,4.354956423988516,9.850600000000027e-06,0.004051697326780124
1_1220,1,0,0.8589767924172935,1.0,0.5080056285715915
1_1222,1,0,0.10354411364220165,1.0,0.7337243988007671
1_1228,13,1,2.936939002596378,0.12247897700103212,0.09430571819072986
1_1232,1,0,-0.3289591033361065,1.0,0.8339638170602806
1_1234,1,0,-0.36744487981134144,1.0,0.8415192690606941
1_1235,2,0,-0.1759823785480102,1.0,0.8073868180842472
1_1236,2,0,1.7240971187985124,1.0,0.2591054345453705
1_1239,1,0,1.0366575975416377,1.0,0.4514471341667732
1_1246,1,0,1.4702282278704042,1.0,0.319645157244297
1_125,10,0,2.390712605051884,1.0,0.16643441416530735
1_1260,3,0,1.176666555201951,1.0,0.4262775734574067
1_1261,2,0,-1.344913539240502,1.0,0.964067731423457
1_1263,1,0,0.337096706653173,1.0,0.6690771997325188
1_1265,11,0,1.2945970073502258,1.0,0.4625403194400729
1_1266,2,0,-1.2214409987556072,1.0,0.9555814807410712
1_1267,9,1,2.900824869209768,0.08648275251635919,0.08206810463290459
1_1268,5,0,1.552519396009053,1.0,0.33163213044317275
1_1276,3,0,1.7783762305865107,1.0,0.25337729260219
1_1279,20,1,2.620876417277155,0.1820930624027693,0.18345058746429088
1_128,1,0,0.9864163604198442,1.0,0.46738981746990116
1_1282,8,0,1.6808048873650356,1.0,0.321347026772972
1_1283,1,0,0.3917608020930601,1.0,0.6530827707965529
1_1284,2,0,-0.8349888299625775,1.0,0.9182735483135643
1_1285,3,0,1.5525904336499632,1.0,0.3140086081453357
1_1286,10,2,4.261338045563775,0.004266200242831427,0.007713026345578244
1_1289,2,0,1.0002839856535288,1.0,0.47241205896404814
1_129,2,0,0.8170582761390186,1.0,0.5306197005425659
1_1294,1,0,0.6762016265612868,1.0,0.5660066882740313
1_1296,1,0,-0.4829010446851062,1.0,0.8628120691267751
1_1299,54,2,2.830797854366632,0.10183372363564862,0.3571862445185121
1_13,1,0,1.247309542086247,1.0,0.3857381522440999
1_1300,3,0,0.23927529459865757,1.0,0.7118748044266531
1_1304,59,1,1.8648639192611605,0.44731652283761497,0.6470541899315949
1_1309,2,0,1.9889470052094513,1.0,0.1956677392683781
1_131,1,0,2.057605939951428,1.0,0.17402933000669618
1_1316,10,0,-0.013928745382251891,1.0,0.8160883049328815
1_1317,2,0,-0.5957779510846771,1.0,0.8854914878556308
1_1329,13,4,0.3959186073486316,6.652021264699332e-06,0.7396379388807369
1_1330,1,0,1.2220257221686623,1.0,0.3934926967597595
1_1333,1,0,1.5239732243024233,1.0,0.30444237086747183
1_1336,14,1,2.517634566414233,0.13125418723102178,0.16672690786408118
1_1337,8,1,3.714076209654798,0.07725530557207996,0.019987028576653465
1_1342,15,1,2.61209409657273,0.1399416453587116,0.1550223592318667
1_1348,5,1,0.8157563701334082,0.049009950100000046,0.5581222074615635
1_1349,3,0,1.1867776198898572,1.0,0.4231301540542016
1_1352,45,2,1.432320612154206,0.07463929299800556,0.6759654422410335
1_1356,2,0,0.5569349843019938,1.0,0.6118533294517632
1_1357,39,1,1.3625951332198825,0.3242709509397169,0.6572869714338584
1_1360,2,0,-0.3902141301904633,1.0,0.8506104507529266
1_1361,6,2,2.24977438592725,0.0014604476050000025,0.16854241101636835
1_1362,2,0,0.5842474065035094,1.0,0.6034873037246797
1_1363,10,1,1.5090629679790972,0.09561792499119559,0.38854039832462706
1_1365,3,0,0.3887501371640789,1.0,0.6700737379836379
1_1367,3,0,-0.04383812271670259,1.0,0.7834198607142483
1_1369,1,0,1.5040149865143608,1.0,0.31005044904706813
1_137,6,2,2.7921402555538117,0.0014604476050000025,0.08275893412705893
1_1370,1,0,0.3000822737304335,1.0,0.6797369660525163
1_1371,3,0,1.3398060573974344,1.0,0.37620290811498314
1_1372,4,0,0.8929257416641083,1.0,0.5249337715065113
1_1376,14,1,0.6687452429109996,0.13125418723102178,0.6745200195042141
1_1377,4,0,1.7075109433859854,1.0,0.2800947791571411
1_138,1,0,2.2049323789576434,1.0,0.14544653743543456
1_1380,1,0,0.12089591221845337,1.0,0.7291491530676362
1_1381,1,0,-1.321602591472995,1.0,0.961106298243251
1_1383,16,2,2.8655748831630947,0.010932892162518214,0.11815731937344442
1_1387,13,0,0.5580078735806825,1.0,0.6975611889959914
1_1388,5,0,1.3642211676530844,1.0,0.3871468772944575
1_1394,47,2,1.0464078800588974,0.08045749844328065,0.7762725805901263
1_1396,3,0,-0.09049690425134475,1.0,0.7941381952949378
1_14,14,2,0.7537476511582887,0.008401244011166185,0.6506821061086596
1_1400,1,0,-0.3138057196737644,1.0,0.8309261011444855
1_1401,2,0,-0.37926165774588544,1.0,0.8485714360410336
1_1405,10,1,0.3681913095484225,0.09561792499119559,0.7269354597017224
1_1408,1,0,-0.5347902584536709,1.0,0.8717142154880227
1_141,2,2,3.00365856680917,0.00010000000000000018,0.04786174631857476
1_1415,18,1,1.8339878110013188,0.16548623854991254,0.36227374922790556
1_1416,14,0,1.0131224499094773,1.0,0.5745656602004167
1_1418,2,0,0.5603185236118273,1.0,0.6108196484044259
1_1424,3,0,0.3450020576320232,1.0,0.6825613682975288
1_1425,15,2,0.7898928573162471,0.009629773443364747,0.6479546502578954
1_1427,11,1,2.8236564601072374,0.10466174574128365,0.10048421928773821
1_1428,5,1,0.48709854481194204,0.049009950100000046,0.6575043309044291
1_1429,5,0,-0.7352789018167396,1.0,0.9147563382869313
1_143,11,0,3.192685193033211,1.0,0.05882289042719302
1_1430,3,0,1.988334710854441,1.0,0.20307006224838098
1_144,86,6,4.307159484955607,0.00023734713271137217,0.20332418637265803
1_1444,30,1,1.323692793974293,0.2602996266117198,0.6071429553241549
1_1447,2,0,-0.5277266067037951,1.0,0.8746511002266929
1_1448,1,0,-0.9164158980560978,1.0,0.9250212419076972
1_145,4,0,-0.3766404409438244,1.0,0.8572301064805234
1_1452,51,3,1.331525643547458,0.01457345125325471,0.7331217548725136
1_1455,102,4,4.383929724302786,0.01960640632610203,0.25658189429732703
1_1456,1,0,1.06072283342158,1.0,0.4438367439673966
1_146,41,1,1.1207420121773817,0.33771795901601653,0.7295475879268666
1_1465,2,0,-1.4336012114799448,1.0,0.9693040054506792
1_1468,1,0,0.29473895834757496,1.0,0.6812638708178329
1_1469,1,0,0.645725813685693,1.0,0.5755746496480609
1_147,1,0,1.0653491471160035,1.0,0.4423760006420796
1_1472,1,0,1.609627046717586,1.0,0.28090494837658464
1_1474,1,0,1.9484064889708446,1.0,0.19737215866551938
1_1478,1,0,1.7265656246747534,1.0,0.2502637550047655
1_1479,3,0,0.1270179600532201,1.0,0.7415253671865678
1_1487,8,0,-0.46631483767223725,1.0,0.8878511153815736
1_1489,89,6,3.264781634301396,0.00028599504825857643,0.4523688104518837
1_1494,5,0,1.762041511656813,1.0,0.27398217399147196
1_1495,24,0,-1.08614614659139,1.0,0.9746358640264492
1_1496,1,0,-0.09867540186163389,1.0,0.7840112026179613
1_1498,71,2,2.197286574425312,0.1587742786796478,0.6288752437193039
1_1499,45,3,3.1864310520501347,0.010378132789533654,0.21766498516659205
1_15,1,0,0.5757835999584199,1.0,0.5973567343417434
1_1500,5,0,-0.7788455817715592,1.0,0.9199941711978512
1_1503,6,1,2.3660547423702005,0.058519850599000056,0.14652671230899283
1_1504,2,0,-0.15491240646618443,1.0,0.8027579310759956
1_1505,1,0,-0.39030314227376284,1.0,0.8458983031911558
1_1508,99,9,4.315665121000315,7.69913409026353e-07,0.25752633486799903
1_151,107,7,2.511064649243533,0.00010898224106440444,0.714387921934793
1_1515,133,9,2.103151969244883,8.929180160957816e-06,0.8527123768332752
1_1518,2,0,-0.8181745035047552,1.0,0.9162298660003041
1_1520,2,0,2.06249705238758,1.0,0.17988084613172917
1_1521,1,0,2.2760064428383378,1.0,0.13285514537548115
1_1524,7,0,1.4419474893189583,1.0,0.38187094930633414
1_1525,12,0,0.7897873947121904,1.0,0.6247967699074667
1_1527,1,0,-0.17200894082918078,1.0,0.8007909875574342
1_1528,3,1,0.24474146945916586,0.029701000000000026,0.710391008932909
1_1530,4,0,-0.6022141610780908,1.0,0.8937274433534219
1_1532,93,11,2.9612503794217364,2.870828476346268e-09,0.5496742009955151
1_1533,1,0,-2.6274005021643663,1.0,0.9975058905240295
1_1540,1,0,0.823986832136871,1.0,0.5191604611054639
1_1541,1,1,2.556895199834612,0.010000000000000009,0.09051412507487344
1_1543,1,0,1.2010343938960228,1.0,0.39996313537887895
1_1545,1,0,-1.9203967797926909,1.0,0.987534487177633
1_1546,7,1,1.323692043533364,0.06793465209301006,0.4176916723133991
1_1547,1,0,1.6626624334397069,1.0,0.2667859767360946
1_155,2,0,1.3790529461678864,1.0,0.3552827905797472
1_1553,9,2,2.191639718512903,0.0034357300178462975,0.20090113666715648
1_1554,7,1,-0.7704225621318622,0.06793465209301006,0.924353205089944
1_1555,3,0,1.3597558957350369,1.0,0.3702020557150715
1_1556,1,0,0.9559889840625606,1.0,0.4770722732786721
1_1557,1,1,3.150792437220805,0.010000000000000009,0.034956106646526264
1_1558,1,0,0.1494598354561177,1.0,0.7215330794508408
1_1559,1,0,-0.5422995000152656,1.0,0.8729685025679557
1_156,1,1,3.5158260057315993,0.010000000000000009,0.017673452833855796
1_1560,115,12,6.919452426568608,2.379219485795809e-09,0.02085653681881161
1_1562,1,0,1.9695134814509134,1.0,0.1927184272757112
1_1565,60,4,3.857339358026471,0.003123329171554695,0.1680219173101567
1_1566,1,0,-0.6765339476976884,1.0,0.8939607966046308
1_1567,1,0,-0.439614689109361,1.0,0.8550700172606222
1_1568,2,0,-1.9136771677978675,1.0,0.9878797120729305
1_1569,18,0,0.91122915888706,1.0,0.6359875568423052
1_157,1,0,1.668920218925258,1.0,0.2651440061947904
1_1570,1,0,-0.26341075752356524,1.0,0.8205688983291417
1_1572,1,0,-0.13883987933508468,1.0,0.7933007897054141
1_1574,143,6,3.4106307036408676,0.003335228069557253,0.6409548669630223
1_1575,4,2,3.312622862805221,0.000592030000000001,0.03189047412165691
1_1576,109,4,2.542931406909187,0.02431468822423983,0.7147627167146742
1_1578,1,0,1.5605990460583812,1.0,0.29427024541162405
1_1579,1,0,1.1478994870343424,1.0,0.41646096633557805
1_158,1,0,-0.21321137023646777,1.0,0.8098641028763855
1_1580,1,0,-0.5258046548691736,1.0,0.8702020591667894
1_1581,2,0,-0.566753038314288,1.0,0.8809524001632851
1_1582,66,0,1.5073034915027153,1.0,0.7641434485952148
1_1587,10,0,2.3620201723614094,1.0,0.17206115346233808
1_159,1,0,-0.4963906791042853,1.0,0.8651659562901686
1_1591,1,0,0.9767678013941135,1.0,0.47045832169396995
1_1592,1,0,1.4663341363555666,1.0,0.3207589565720963
1_16,4,0,1.573860447843919,1.0,0.31678177163184984
1_1600,1,0,1.047275483527639,1.0,0.4480869644077786
1_1603,1,0,1.9235751530252974,1.0,0.2029332062470326
1_1604,8,0,1.9679809771703567,1.0,0.24556394413094607
1_1606,2,0,-1.1604652564674656,1.0,0.9508310314414072
1_1607,5,0,0.40097704700675835,1.0,0.6821245856003575
1_1608,14,1,1.8915127221581551,0.13125418723102178,0.31333002506349295
1_1609,3,0,-0.08691376123000147,1.0,0.7933264104198063
1_1610,3,0,1.9058190579912198,1.0,0.2220913842188591
1_1611,2,0,0.5698964800811457,1.0,0.6078893223460478
1_1612,1,0,-1.4473722268442544,1.0,0.9688557810873115
1_162,39,1,2.0401618746814267,0.3242709509397169,0.46812277013716275
1_1621,4,0,0.9589600367767822,1.0,0.5040872596402861
1_1622,1,0,1.4356727597632977,1.0,0.32958457757756365
1_1625,1,0,1.6716000749233113,1.0,0.264442415876458
1_1626,3,2,3.4017101318463028,0.0002980000000000005,0.025374873347341675
1_163,4,2,2.961084009286121,0.000592030000000001,0.057592308764933375
1_1633,1,0,0.8967816153399503,1.0,0.49594663759479873
1_1635,7,1,3.236319311090439,0.06793465209301006,0.04379872815292629
1_1638,2,0,1.3682924883688588,1.0,0.3584816510228239
1_1639,1,0,-0.03146726243666574,1.0,0.7679377183266389
1_1643,1,0,1.3014934940763943,1.0,0.3692765111026355
1_1648,1,0,1.2850946010562638,1.0,0.3742349808600769
1_1654,5,0,0.36056429425006575,1.0,0.6934140868362267
1_1655,4,0,-0.6329925208364312,1.0,0.8981307033188869
1_1656,3,1,1.8802885673646115,0.029701000000000026,0.22817640079511747
1_1658,1,0,1.6144853130557624,1.0,0.2795967033240865
1_1666,2,0,0.45015533009225456,1.0,0.6440326139341412
1_167,3,0,0.5838586064649135,1.0,0.6122196610542254
1_1673,32,1,3.1658806002868807,0.27501966404214656,0.1503945206669811
1_1674,2,0,1.9075235489891544,1.0,0.21409248518405333
1_1676,52,4,1.3774443611888547,0.0018469347399827855,0.727663404050814
1_1679,24,2,1.69374427768055,0.02385443111830375,0.4525407475936898
1_168,18,3,4.024107870122986,0.000729159843053951,0.021997513338432362
1_1681,342,15,4.872191031164294,2.69189752965394e-06,0.51901055451174
1_1683,2,0,2.5310301950134892,1.0,0.09865518768027637
1_1685,27,1,3.36356595582952,0.23765728565289646,0.09795844047823743
1_1689,2,1,3.080660376768665,0.01990000000000002,0.0420549393577061
1_169,1,0,-0.018042185146058164,1.0,0.7646490048800072
1_1691,8,1,3.011257980131964,0.07725530557207996,0.06624034260671496
1_1695,1,1,2.4913799703908674,0.010000000000000009,0.09935955299538946
1_1696,2,0,0.9711775111584479,1.0,0.48165141611646245
1_1697,81,7,3.3591147264260717,1.8209309705948178e-05,0.3855093699017944
1_1698,6,0,1.1842359275761818,1.0,0.45167658987108183
1_1699,2,0,0.3179205214123473,1.0,0.6824829991724911
1_17,6,0,2.246733571699675,1.0,0.16914530586594057
1_170,64,8,5.529057896901055,2.6888651008106975e-07,0.021861636322440647
1_1701,2,0,-0.3566395858985424,1.0,0.8443015700800883
1_1702,7,1,2.936631695401049,0.06793465209301006,0.07036037651429516
1_1703,2,1,2.542058300704105,0.01990000000000002,0.0971364475521308
1_1704,2,0,-0.15614482461407325,1.0,0.8030305216343605
1_1705,15,2,3.352140525268659,0.009629773443364747,0.056864866058588204
1_1706,4,1,0.07904000496062286,0.039403990000000035,0.7602437690601092
1_1707,1,0,0.33977757077339604,1.0,0.6682996543833606
1_1709,91,1,5.011965355552857,0.5993153470484595,0.11413382120741167
1_1710,7,0,1.502251415811847,1.0,0.3639660677216743
1_1712,3,1,1.1587227319616993,0.029701000000000026,0.43187466352760884
1_1714,1,0,1.9727796732748477,1.0,0.1920043256261138
1_1715,5,0,0.7164352695538446,1.0,0.5888613114867555
1_1717,13,2,2.6780483632638457,0.00724894367793522,0.13235723117119558
1_1719,3,0,1.1322970252334832,1.0,0.4401420903233134
1_172,1,1,3.6196191458463978,0.010000000000000009,0.014358300214674435
1_1722,5,0,1.0093221798088456,1.0,0.4973685551700614
1_1723,147,12,4.991928767847938,3.851363499313975e-08,0.30078721849004
1_1724,2,0,0.0352631447673889,1.0,0.7580172087751071
1_1725,11,1,1.129459718883955,0.10466174574128365,0.5135285131597689
1_1729,4,1,1.6338799879599546,0.039403990000000035,0.3000527267692955
1_1732,1,0,-0.483428663609848,1.0,0.8629046607543309
1_1734,20,1,0.9882168350846522,0.1820930624027693,0.6290249051450355
1_1735,82,9,1.0692092126559207,1.518110955247104e-07,0.8862172889765467
1_1736,19,2,0.6532812741062864,0.015273761488896639,0.7132111953202711
1_1737,7,2,2.805560292994783,0.0020310416349400033,0.08529817435239373
1_1738,9,0,0.8099564828156536,1.0,0.594356704431805
1_1739,13,2,-0.013738742201164887,0.00724894367793522,0.8308982325577488
1_1740,5,2,3.6856862181840016,0.0009801496000000018,0.0170287204839763
1_1741,11,2,3.0318918161226347,0.005179717490315069,0.0749132808535089
1_1744,11,1,-0.07190916470908057,0.10466174574128365,0.8326710718528737
1_1750,1,0,2.3029986686751305,1.0,0.12827592248561448
1_1751,16,1,1.0378562459290137,0.1485422289051245,0.5834572054611254
1_1752,74,1,2.9978804007918933,0.524659957994293,0.43762289833284707
1_1753,57,4,3.8050722734826925,0.002590576762217553,0.16320524312262275
1_1754,9,0,1.0113542055392146,1.0,0.5325792280714243
1_1755,23,1,1.2011894609486333,0.20638571635634465,0.5903652325601515
1_1756,3,0,1.0573426156177324,1.0,0.4637224821624082
1_176,1,0,1.6469072766702135,1.0,0.2709425762837585
1_1760,2,1,3.228131574611997,0.01990000000000002,0.03252893809402402
1_1761,29,3,4.482234599399218,0.0030081981768577204,0.019248666953198268
1_1766,1,0,0.8887591766251006,1.0,0.4985056994993825
1_1767,7,0,0.48374123005543,1.0,0.6740476408248681
1_1772,3,2,1.226331148898162,0.0002980000000000005,0.410866620056215
1_1773,12,2,5.292531310159222,0.006174537772824754,0.0007884660636321428
1_1775,1,0,0.07177558882286,1.0,0.7419983815199935
1_1776,1,0,1.9884723686086196,1.0,0.18859599747727196
1_178,1,0,1.3377536980592828,1.0,0.3583906014370911
1_1785,1,0,1.6603307644967344,1.0,0.26739909108243454
1_1786,9,0,0.39120148296942897,1.0,0.7140419953544521
1_1787,1,0,1.2205310666733007,1.0,0.39395246615564883
1_179,1,0,1.6802340132328921,1.0,0.2621884816325186
1_1793,3,0,0.515285165278142,1.0,0.6329167771833328
1_1794,1,0,1.1478994870343424,1.0,0.41646096633557805
1_1799,1,0,0.11296354126897211,1.0,0.7312455859864888
1_180,27,1,3.4532907789464926,0.23765728565289646,0.08697521619929649
1_1800,5,2,3.972958775239396,0.0009801496000000018,0.009483682497121393
1_1801,18,1,3.6912820379034996,0.16548623854991254,0.03906785437094029
1_1808,21,2,0.8921935574750892,0.01851167488332298,0.663186971766719
1_1811,1,0,-0.45338896651895527,1.0,0.8575649156199012
1_1815,11,0,-0.07847358627903056,1.0,0.8339420195547671
1_1817,2,0,0.010438421456329504,1.0,0.7641527289253636
1_1820,1,0,0.18857490858912204,1.0,0.7109373837111403
1_1821,20,0,-0.0198422710961545,1.0,0.862073305485929
1_1822,3,0,0.23302606334440948,1.0,0.7135667531737435
1_1823,2,0,0.7058314446423622,1.0,0.5657162703700813
1_1824,6,2,0.8771254243475156,0.0014604476050000025,0.5478578067740146
1_1825,1,0,1.1743252131905884,1.0,0.4082357154350367
1_1826,3,0,-1.6723318149897102,1.0,0.9811261890414289
1_1828,1,0,1.2198629315870717,1.0,0.39415803833774254
1_1829,5,0,-1.0598132301364738,1.0,0.9481140212691397
1_183,84,0,3.0725207575451607,1.0,0.47466393986424404
1_1830,1,0,1.5157231950082506,1.0,0.30675508258005
1_1845,6,0,1.9762726920159137,1.0,0.2282229796085684
1_185,1,0,-0.5851688319373352,1.0,0.8799655714243881
1_1853,1,0,0.4209432256805119,1.0,0.6444288422541844
1_1854,1,0,1.6703790092357906,1.0,0.26476197549462843
1_1857,172,6,4.134411327520315,0.008073699099371948,0.5634302533711316
1_1858,45,2,4.446046395652023,0.07463929299800556,0.04765172738866741
1_1864,2,0,-0.20360048392441188,1.0,0.8133527463066199
1_187,2,0,1.5221821084675136,1.0,0.3137763709522572
1_1874,5,0,1.669185482735154,1.0,0.2989196639352478
1_1875,1,0,0.6118475897362861,1.0,0.5861585378839218
1_1878,20,0,1.6652631811296281,1.0,0.42800920483450067
1_1879,3,0,-0.09843499067576143,1.0,0.7959298700593516
1_188,2,0,0.5159862342095196,1.0,0.6242985019458189
1_1881,1,0,0.22651015746539957,1.0,0.7004836452320286
1_1884,3,0,1.5336265665734539,1.0,0.31937283169666064
1_1887,20,0,-0.5012229770837566,1.0,0.9268606119229362
1_1889,13,3,2.415720766959018,0.00026530529471721815,0.18054507560579558
1_189,3,0,-0.7475288876454435,1.0,0.9103407756066902
1_1890,15,0,0.9140954838720565,1.0,0.6120724382897724
1_1892,1,0,-0.42614545509855545,1.0,0.8526020812606462
1_1893,3,1,-0.38387342483885184,0.029701000000000026,0.8540455151777819
1_1894,1,0,1.2393792342129486,1.0,0.3881656266560951
1_1898,3,0,0.22720434397887745,1.0,0.7151387003149181
1_1899,3,0,1.6710235943038516,1.0,0.2814257994750009
1_190,97,4,4.477388744033813,0.016617733301411405,0.21779100411708985
1_1900,1,0,1.0883390895477985,1.0,0.43512899912082115
1_1901,4,1,1.6569718499847714,0.039403990000000035,0.29372459582828625
1_1903,3,1,2.129374246326795,0.029701000000000026,0.17290260407730806
1_1904,2,0,0.5363238414449661,1.0,0.6181327384171591
1_191,12,0,2.916592076546445,1.0,0.09261979937191755
1_1911,5,0,0.4937170425458966,1.0,0.655582540755901
1_1914,1,0,-0.08111864246721184,1.0,0.7798757332305413
1_1915,1,0,1.3907485160398951,1.0,0.3426877051362548
1_1919,1,0,1.0075733253075025,1.0,0.46066835850117993
1_192,170,9,2.5742221041268984,6.217396236658851e-05,0.8465763895202427
1_1922,172,9,2.470129474274179,6.803123625477272e-05,0.8623680867823553
1_1924,19,3,5.3502779114797505,0.0008594328820314674,0.0013920190077206795
1_1925,2,1,2.770843736568507,0.01990000000000002,0.06938460567862925
1_1926,5,1,3.0776494887399655,0.049009950100000046,0.05056601543802486
1_1929,138,4,1.9562612130356944,0.050597608247831896,0.879435708522067
1_1932,213,16,7.356663672968954,7.522677271628167e-10,0.08757878133224806
1_1934,149,5,4.953153508833342,0.017528285802268992,0.3150188179576948
1_1935,3,0,-1.562132331304514,1.0,0.9767064355414246
1_1942,55,5,5.80558151118246,0.00022951601119788233,0.00831441044876835
1_1945,47,3,3.1453770015013847,0.01168584739977607,0.23805289643374938
1_1947,1,0,-2.004535575473546,1.0,0.9895489341071889
1_1951,4,1,1.6760117770078675,0.039403990000000035,0.2885537899926045
1_1952,4,0,-1.2538242464497416,1.0,0.961018699478883
1_1953,1,0,0.3162405123034346,1.0,0.6751011274651525
1_1954,1,1,2.6020203974021987,0.010000000000000009,0.08477082089929155
1_1956,15,0,1.4153558478900994,1.0,0.46056894284029626
1_1958,1,1,3.5461073660545352,0.010000000000000009,0.016644725421308126
1_1959,81,6,1.9688478198596726,0.00017093360001287045,0.7295386799966691
1_1964,1,0,-0.5587042182797582,1.0,0.8756788645043312
1_1966,150,14,7.2034048546121845,5.022501322548316e-10,0.03841489653256536
1_1967,97,3,3.5716401072856283,0.07394003418227553,0.4167855015351669
1_197,10,0,1.1486114553068234,1.0,0.4988115382105751
1_1973,119,8,4.40128469001774,2.929824313865095e-05,0.3235411496709567
1_1978,1,1,2.671041524060437,0.010000000000000009,0.07652112622630247
1_1980,16,2,-0.95363837379366,0.010932892162518214,0.9582510475534706
1_1982,7,1,-1.5203050817792028,0.06793465209301006,0.9784758432516284
1_1983,2,0,-0.4544533962743624,1.0,0.8621996915547506
1_1989,100,5,1.2196788049681113,0.0034323215877545333,0.9028829022913509
1_199,1,0,1.5263974593727585,1.0,0.30376426873180384
1_1990,69,5,0.9372995748674152,0.0006606076155544952,0.8728019088142158
1_1992,213,7,6.005884538868083,0.006016029875527214,0.26333777565749783
1_1993,16,1,2.8417825810542823,0.1485422289051245,0.12178916020603692
1_1994,4,0,1.8278990782416933,1.0,0.24891760464997637
1_1995,43,1,0.2957803432124572,0.35089737163159784,0.8903854469390626
1_1998,137,4,1.9312164022103493,0.04950727797664421,0.880917373201112
1_1999,123,6,2.9566029922563084,0.0015696327168652248,0.6750612982517046
1_20,2,0,1.9757604956783619,1.0,0.19858452726773035
1_2000,42,2,4.562049345991697,0.06618232221258309,0.03463210756983015
1_2001,12,0,2.9093216534119617,1.0,0.0935548959591963
1_2004,8,1,4.382669450768786,0.07725530557207996,0.004984861865553913
1_2005,25,0,0.7418572000485284,1.0,0.7287444669226859
1_2015,49,3,3.0859956322718953,0.013084004966208368,0.2632875072929286
1_2016,1,0,1.0617649617025529,1.0,0.4435076280754128
1_2020,1,0,1.9341724539335097,1.0,0.20054855286094675
1_2025,97,4,5.769726187295712,0.016617733301411405,0.05565630285221024
1_2028,2,0,1.3225398836865359,1.0,0.37219166387460323
1_2031,9,0,-0.6670004755194338,1.0,0.9177683887088142
1_2032,1,0,1.2616482888036926,1.0,0.3813604490651942
1_2033,2,0,-0.9221627212165746,1.0,0.9282706811137212
1_2038,74,3,3.625165709011151,0.03835911102038942,0.2842513825578622
1_204,3,0,1.4954854298522888,1.0,0.3302759548896197
1_2040,1,0,1.6144853130557624,1.0,0.2795967033240865
1_2048,42,2,1.3849277239746705,0.06618232221258309,0.6700926864800347
1_2049,24,1,2.052904056161608,0.2143218591927812,0.34934966750315566
1_205,24,1,0.8346183426750994,0.2143218591927812,0.6989634066998409
1_2050,114,5,5.235822656656972,0.005971392744805094,0.15286110903771233
1_2053,126,5,3.9670701214505595,0.009012365885149644,0.4514462649754344
1_2054,2,1,1.610342221028797,0.01990000000000002,0.28929681779690486
1_2057,2,0,-0.041229900824150435,1.0,0.776643287819403
1_2058,4,0,0.03866890532651672,1.0,0.7700642026148256
1_2059,24,0,0.948332070023844,1.0,0.6688076267276782
1_2061,315,12,4.3043271298930055,9.965806776672497e-05,0.6510161109085291
1_2062,225,4,3.262284971474223,0.18980888332747486,0.8081056221766334
1_2064,4,0,-0.1657112233332556,1.0,0.8161831234746639
1_2065,11,0,1.4302119901157497,1.0,0.42108659641677004
1_2067,323,24,5.750011827937321,6.283739792426489e-14,0.36384253947061673
1_2068,3,0,-0.4955133095157343,1.0,0.8734054659864674
1_2069,5,0,2.707757476975108,1.0,0.08892776430101157
1_2070,13,0,1.3012779617355823,1.0,0.4780617006522371
1_2074,51,4,1.0149776836165703,0.0017183840681315506,0.8001425365083084
1_2075,2,0,0.8735309854642958,1.0,0.5126912070577208
1_2076,4,0,0.10322690190466857,1.0,0.7542523293158123
1_2077,10,0,0.36897016739342187,1.0,0.7267341432257165
1_2079,2,1,2.8574585999301645,0.01990000000000002,0.06063988540365384
1_208,3,0,1.8486570295979416,1.0,0.23584390985889092
1_2080,53,0,3.897917319101318,1.0,0.13113528284560205
1_2085,2,0,0.6343627237173182,1.0,0.5880146277008975
1_2086,28,2,-0.12410683136540833,0.03182475277917828,0.903509495270477
1_2088,192,23,6.076310926385863,6.333942257204824e-18,0.21581104450962807
1_2089,2,0,1.562280756017783,1.0,0.3025313390388099
1_2090,21,1,1.8970317172236912,0.1902721317787416,0.3689588184660604
1_2092,67,5,4.694827912038551,0.0005771109779487215,0.0808755283137681
1_2093,8,2,4.57542424553876,0.0026900777395207046,0.0031896728970781663
1_2094,138,8,4.275112905692618,8.385979393781997e-05,0.4255764221250675
1_2095,12,1,2.209980755338035,0.11361512828387083,0.21800276381204164
1_2100,308,9,3.7072699023965567,0.004270827682856752,0.7572169950154404
1_2101,2,0,0.27974994602330583,1.0,0.6932474079319098
1_2103,2,0,-1.2719157407444917,1.0,0.959227766411786
1_2105,3,0,0.5801789035831448,1.0,0.6133390151746295
1_2107,1,0,2.1468334913502547,1.0,0.1563175289418327
1_2109,1,0,1.0622653498348409,1.0,0.44334961367872416
1_211,22,1,4.190504046466853,0.1983694104609542,0.021014650469553864
1_2111,1,0,0.6112653593744337,1.0,0.5863399096016058
1_2112,150,2,3.604359343605313,0.443015201793168,0.6195811170413431
1_2114,15,0,1.6970391727776855,1.0,0.37651945491920624
1_2116,123,0,0.8530242239499487,1.0,0.9570217895245849
1_2118,183,8,0.30697300720425497,0.0005693187374098145,0.9903670029970176
1_2122,303,5,5.485563187735477,0.18897198500639129,0.4237567045971491
1_2123,257,6,4.244502441551164,0.045989307028272954,0.6638070811035712
1_2127,17,1,0.5788686004545318,0.15705680661607327,0.7192424947183536
1_2128,410,12,7.045550407362207,0.0010480096231702475,0.09090856796166391
1_2131,307,4,2.74846883625145,0.36852391983963884,0.881128067940679
1_2132,137,2,2.6744505370715888,0.39841296475671,0.7712820557165592
1_2133,312,6,5.35218202053555,0.09546710892649557,0.4469094052507976
1_2134,571,12,7.318235061467534,0.013851734314028256,0.00027594165781252844
1_2136,5,0,0.2551853846458774,1.0,0.7219821750369497
1_2137,65,0,2.3773900239530774,1.0,0.5482563404439296
1_2138,108,1,2.812801576229204,0.662245599101098,0.6519997882770565
1_2139,124,5,2.966768119944445,0.008444270269266132,0.6762428253687351
1_214,3,2,4.300798975696868,0.0002980000000000005,0.003816473505619866
1_2140,180,7,3.629412621568719,0.0024077393185033113,0.687600558959178
1_2141,136,1,2.1415083606134404,0.7450902393036908,0.8528055854498665
1_2142,12,0,2.3755073831714966,1.0,0.1822507657657222
1_2144,263,7,0.7832549748886102,0.017587404913861123,0.9864495540475271
1_2145,47,3,3.549567462268263,0.01168584739977607,0.15960456899115205
1_2146,25,0,-0.47662587867188316,1.0,0.9351261622802454
1_2147,12,0,1.5307872709713595,1.0,0.39963258916805944
1_2148,7,1,2.20550141219652,0.06793465209301006,0.18417742487707878
1_2149,8,0,1.4070480256551487,1.0,0.40135207343152524
1_2150,115,6,2.716064441291365,0.001111718694226093,0.69917154425453
1_2151,3,0,1.5842897499665267,1.0,0.30512953857121206
1_2155,6,1,0.08175639192949445,0.058519850599000056,0.7722141495772029
1_2157,5,1,2.4823758956299344,0.049009950100000046,0.1211081822518082
1_216,10,0,2.015787678572837,1.0,0.2492168010439446
1_2161,1,0,0.3956307621282382,1.0,0.6519396145536104
1_2164,1,0,1.1364798834030203,1.0,0.42002699990934533
1_2166,29,1,2.910821959876938,0.2528279056684038,0.18036599164514477
1_2167,2,0,2.857201602220651,1.0,0.06066449315570677
1_2168,29,1,1.1888930270931226,0.2528279056684038,0.6376785747644668
1_2169,2,0,0.20877006149436647,1.0,0.7128224730196535
1_217,55,3,4.301057888555203,0.017828760140394417,0.08692406959802923
1_2170,48,0,1.5337268116095766,1.0,0.6678824674113925
1_2171,8,0,-0.1599937500900005,1.0,0.8353752112416395
1_2174,4,0,1.84769306910322,1.0,0.24397425409206874
1_2177,65,1,2.9686363566919862,0.4796594773496936,0.3912442529908986
1_2178,123,5,3.9220366710638266,0.008169728471086333,0.4499422759682553
1_2180,42,1,0.5291575507372696,0.3443407794258564,0.8526953558706154
1_2181,461,19,6.1640999891814285,3.473055298885948e-07,0.0970993153832187
1_2182,15,0,1.2452189594250094,1.0,0.5124620464574604
1_2183,106,6,4.1660103234305685,0.0007271543861502249,0.3200095063723192
1_2184,2,0,-0.9712633190699486,1.0,0.9334729294318515
1_219,76,2,3.0716344748429396,0.17647337722511247,0.43013206841549634
1_2190,335,7,5.2301547308610505,0.05342507985945207,0.45509523034403565
1_2191,60,3,2.548825547536901,0.022420164788835444,0.47109835375014797
1_2192,154,10,6.062569553156946,4.150030134623477e-06,0.1414545323178914
1_2193,101,4,2.3254210156243635,0.018984028102725,0.7315955472261887
1_2194,24,0,3.109648481691459,1.0,0.11997519692035996
1_2195,127,4,3.691729009162289,0.03932695290998949,0.520874435610966
1_2196,1,0,-0.5038590907363761,1.0,0.8664571784867366
1_2197,92,3,1.5456279348892425,0.06527150909941051,0.8440240413983431
1_2199,91,5,2.915064375527849,0.002281935065738534,0.5513678553487846
1_220,1,0,1.7511239940882053,1.0,0.24406159938992644
1_2200,1,0,1.6144853130557624,1.0,0.2795967033240865
1_2203,5,0,0.5901587984724486,1.0,0.6271456440354747
1_2206,3,1,1.1509933886420434,0.029701000000000026,0.4342899121071436
1_2207,1,0,0.8311872790213559,1.0,0.5168658902740548
1_2208,1,0,1.6525995290551398,1.0,0.26943709833313234
1_221,1,0,2.2369966651386615,1.0,0.13966998137798026
1_2212,23,0,2.125352004230187,1.0,0.3218094500766804
1_2216,4,0,0.8024571126836574,1.0,0.5533722221040625
1_2217,1,0,-0.692723003718779,1.0,0.896312348016483
1_2218,33,1,1.9697512063630835,0.2822694674017251,0.4432029157592412
1_2219,2,0,-0.9772322560989981,1.0,0.9340849040180333
1_2222,1,0,2.0800104541844484,1.0,0.16946633715736792
1_2227,2,1,0.45292459354815445,0.01990000000000002,0.6432097747956262
1_2228,2,0,1.9305087901691838,1.0,0.20879161699807258
1_223,12,0,-0.8688071085039852,1.0,0.9451253867073676
1_2230,1,0,-1.3898639316363495,1.0,0.9654872647235411
1_2232,59,2,0.14690555587226303,0.11793950109437501,0.9391816506987584
1_2234,1,0,-1.1160507775046709,1.0,0.9451241992280045
1_2238,1,0,0.07384967496434573,1.0,0.7414622920376565
1_2240,219,20,4.336383315820914,1.6185433747407148e-13,0.6111848235678382
1_2242,1,0,-0.3149551594302535,1.0,0.8311577663774838
1_2244,21,2,3.078111752824569,0.01851167488332298,0.11067213464556447
1_225,61,7,4.226078406219983,2.7191810764154287e-06,0.11623178949149349
1_2251,3,0,-0.7310468257439088,1.0,0.9082016469245582
1_2252,27,3,3.287802279756738,0.002444106570594271,0.1079973334875437
1_2253,8,1,2.949032989761234,0.07725530557207996,0.07273373962883445
1_2256,8,0,1.5121044008738143,1.0,0.36994223969753415
1_2258,21,2,0.7940275003334202,0.01851167488332298,0.6897042771847589
1_2259,2,0,1.015457468387346,1.0,0.4676010585683117
1_2265,9,6,6.4998047710922195,8.185884400000043e-11,1.3518135780765661e-05
1_2266,1,1,3.467769102263509,0.010000000000000009,0.019417300366557533
1_2268,4,1,0.41042332441505985,0.039403990000000035,0.6717144079862932
1_2269,96,10,1.8711293903290709,5.156658235677937e-08,0.8019054116785536
1_2271,9,0,3.056648372009562,1.0,0.06516831439470705
1_2272,86,2,1.510238836368278,0.21265827173098883,0.8332957908659175
1_2278,2,1,3.564248462572625,0.01990000000000002,0.01731091079051117
1_2279,328,17,1.9825430598219262,5.760032114753482e-08,0.9362108726504126
1_228,1,0,1.663205335466394,1.0,0.2666433222163094
1_2280,2,0,-2.22217651248317,1.0,0.9937758877463916
1_2284,16,0,1.6863478883258436,1.0,0.3881242543153631
1_2285,7,0,0.5543542694872141,1.0,0.6538455192190402
1_2286,25,1,2.289912254891172,0.2221786406008534,0.29386424682596113
1_2287,1,0,1.86663692110297,1.0,0.21603285196281408
1_229,1,1,2.527102432019329,0.010000000000000009,0.09446125230448255
1_2297,57,7,1.681520584835328,1.7063668340959316e-06,0.6816677465256014
1_2298,28,4,1.4483862006406472,0.00016897909435176111,0.5565641368302578
1_2299,1,0,-0.3438785817031327,1.0,0.836919969282091
1_230,5,0,2.8293804137099143,1.0,0.07445394480243628
1_2300,6,3,-0.5536729233203654,1.955359000000005e-05,0.8936550736993986
1_2301,54,3,2.3388229129178573,0.01698022515559389,0.4893182500395401
1_2302,5,0,1.6233952410972903,1.0,0.3115851671984472
1_2303,18,1,1.3062512305257301,0.16548623854991254,0.5191544861688919
1_2305,1,0,0.6386351334407857,1.0,0.5777946304253543
1_2306,1,0,1.6626624334397069,1.0,0.2667859767360946
1_231,60,2,1.0856724403093134,0.1212332713118075,0.821765426565549
1_2311,8,0,1.7895723500026959,1.0,0.29150447120384226
1_2312,2,0,0.7353831151194672,1.0,0.5564303529281674
1_2316,1,0,0.7979277822161979,1.0,0.5274588565851348
1_2317,6,0,0.4549828116923284,1.0,0.6745282077645751
1_232,4,1,3.805958730286436,0.039403990000000035,0.01240336820534138
1_2322,10,1,1.017932185418061,0.09561792499119559,0.5392665473692471
1_2324,23,2,0.283574128364948,0.02201068076236393,0.819830104823569
1_2329,3,0,0.4786714417755268,1.0,0.6438157529726359
1_233,99,7,2.658722040424472,6.668321940696021e-05,0.6506190728165835
1_2330,9,3,-0.42457744338220993,8.029476538112821e-05,0.885167246613999
1_2331,2,0,0.7129106820084321,1.0,0.5634948881937288
1_2334,2,0,-1.0435911698431992,1.0,0.94059802785891
1_2335,16,1,2.2596101830907362,0.1485422289051245,0.23522409658209376
1_2336,2,0,3.1528706546413092,1.0,0.03714077254459813
1_2346,10,0,1.3999826997311835,1.0,0.42138675370531986
1_2347,34,0,1.3408759321098125,1.0,0.630305645683662
1_2349,35,4,2.3975505567797075,0.000408712466686725,0.33947353762067745
1_235,14,2,2.0735156244250073,0.008401244011166185,0.2655990280252325
1_2350,25,1,2.900018921046565,0.2221786406008534,0.15967057315113387
1_2352,1,0,1.061105937131269,1.0,0.44371575097017923
1_2353,6,0,0.8716424351665734,1.0,0.5495663066040573
1_2354,1,0,-0.9164158980560978,1.0,0.9250212419076972
1_2355,1,0,-1.3932923600330156,1.0,0.9656961461857346
1_2359,5,0,-1.4094831800950407,1.0,0.9714715641359658
1_236,14,0,2.974316369911719,1.0,0.09378049186971871
1_2362,1,0,-0.5258046548691736,1.0,0.8702020591667894
1_2365,4,0,0.3842054634704355,1.0,0.6791828566619419
1_2368,8,0,-0.3057691433373428,1.0,0.8620613501073655
1_2369,1,0,1.2173095555985691,1.0,0.3949439337388928
1_237,4,0,0.9110252550451784,1.0,0.5192242693967384
1_2371,1,0,0.7360150152045388,1.0,0.5471204169437408
1_2372,1,0,0.805589815327945,1.0,0.5250199889787364
1_2373,25,1,-0.3186069524072071,0.2221786406008534,0.9188823445435488
1_2374,2,0,0.7084535614100854,1.0,0.5648937187523204
1_2375,7,0,0.8872814281176157,1.0,0.5535164423191284
1_2376,1,0,1.0519477555151797,1.0,0.4466095272427679
1_2379,1,0,1.7866721059844062,1.0,0.2352328817787539
1_2381,15,1,1.1465767030744878,0.1399416453587116,0.5425085140153352
1_2382,5,0,0.48797447602959115,1.0,0.6572502224753216
1_2383,2,0,2.3818578209196994,1.0,0.12092844754728349
1_2384,6,0,-0.25538900821264954,1.0,0.8441046132604688
1_2385,4,0,0.8715023682544715,1.0,0.5316850835845117
1_2387,19,1,3.5674184178700363,0.1738313761644134,0.05031138642522959
1_2388,17,2,3.3764959465233404,0.012308985529944274,0.06076739982049595
1_2390,42,4,3.04151205400062,0.0008264843165214276,0.23068827997698604
1_2392,2,0,0.9380281308135604,1.0,0.49218586236903294
1_2393,30,1,3.8061030414796737,0.2602996266117198,0.060743723500102376
1_2398,1,1,2.4735581650651244,0.010000000000000009,0.10187161167720904
1_240,53,2,4.209036749089411,0.09869100146972073,0.09076291424487515
1_2401,137,11,2.193571018123941,1.667308352959872e-07,0.8474366722383366
1_2404,2,0,1.2831939364481166,1.0,0.3841136375360247
1_2407,229,17,2.74072845145583,2.697836952406225e-10,0.8762173411708496
1_2408,8,2,3.172838145836052,0.0026900777395207046,0.05147134449148738
1_2410,1,0,0.40821052737534785,1.0,0.6482141469778642
1_2413,6,2,2.642663408472938,0.0014604476050000025,0.10219892360970917
1_2415,3,1,1.8534071053942207,0.029701000000000026,0.2346835010980899
1_2418,2,0,-1.1321395967801706,1.0,0.9484903417262652
1_2422,48,2,3.008551966369433,0.08341766950993583,0.2749813669553871
1_2423,15,1,1.3454897554513419,0.1399416453587116,0.4818477898904183
1_2425,94,5,2.1862451574629578,0.0026281669079871255,0.7347912083699042
1_2427,7,0,-0.39603740628960177,1.0,0.8731236237240048
1_2429,76,8,3.507968563500954,1.0298952110179573e-06,0.3219445835080952
1_2430,2,0,1.5408104375510283,1.0,0.3085299632685521
1_2431,3,0,-1.0211798384736734,1.0,0.9406512443142798
1_2433,310,19,8.24511209073796,6.375960893052079e-10,0.05660085222639133
1_2435,159,8,2.739957086780583,0.00022270798501047953,0.8058772538597858
1_2436,1,1,3.3751598531642717,0.010000000000000009,0.023191874297557313
1_2438,143,10,4.205487831657156,2.133669397229588e-06,0.459522483898844
1_2439,305,12,4.456458796856561,7.35870925428663e-05,0.6270462848926711
1_2443,19,1,2.177913299220663,0.1738313761644134,0.2773809873967005
1_2446,3,0,-0.006237016083066347,1.0,0.7745520502230885
1_2449,1,0,2.133390423401352,1.0,0.15890723575245036
1_245,18,2,3.3414645789306348,0.013756463740805566,0.06730291200510696
1_2451,11,1,3.937607152321167,0.10466174574128365,0.016099962555118252
1_2452,2,0,1.5194407012953697,1.0,0.31455167269394435
1_2455,2,0,-0.5272793773501206,1.0,0.8745775650268106
1_2457,1,0,0.511759211713787,1.0,0.6170360019510401
1_2459,14,0,-0.7776870176770105,1.0,0.9409766338837278
1_2461,6,0,0.4180415741651637,1.0,0.6849273200362618
1_2468,2,0,0.2629655971551187,1.0,0.6979292092596241
1_247,1,0,1.3261068726618668,1.0,0.36187513490529477
1_2470,8,0,-0.9826481177403086,1.0,0.9472729113700409
1_2471,10,0,0.2262211988761835,1.0,0.7623589574516192
1_2474,5,0,0.45143288294622463,1.0,0.6677893110866748
1_2477,8,1,2.820976728727555,0.07725530557207996,0.0876155806928014
1_2479,9,0,1.5508790463627675,1.0,0.367356208498438
1_2480,53,2,3.434677802009993,0.09869100146972073,0.21160307815931145
1_2483,1,0,-0.34223054492925276,1.0,0.8365951175265262
1_2484,1,0,-1.0788607685955265,1.0,0.941742792479171
1_2486,158,9,3.3571900698539894,3.52059446203629e-05,0.6930968527587711
1_2490,130,3,3.2386488385688774,0.14207282079333797,0.636935962436497
1_2491,3,0,-0.43401435172514957,1.0,0.8629739462446371
1_2492,39,1,1.7600364665752424,0.3242709509397169,0.5479754221847224
1_2493,92,5,1.3772491275681116,0.002393417711955651,0.8682250313899086
1_2496,1,0,-0.5295661052242252,1.0,0.8708365559991649
1_2497,3,0,0.4706063689071727,1.0,0.6462011728554387
1_2498,335,21,4.025159359427741,5.446662138851558e-11,0.687122804948415
1_2499,12,0,1.0010334626008965,1.0,0.5615585089133113
1_2501,56,3,1.9319885832553416,0.018700509761571584,0.6123009931640921
1_2504,170,2,2.0030368598384154,0.5078469657486256,0.9102508019227844
1_2505,183,6,2.8147167685457193,0.010746547960935944,0.8303159945977956
1_2508,22,2,0.4787274879211493,0.020229279452277163,0.7735404213580556
1_251,1,0,0.13834178920271115,1.0,0.7245098834669095
1_2511,11,0,-0.602588087953715,1.0,0.9155830496517448
1_2512,35,0,0.6229767972052589,1.0,0.8078416194695694
1_2517,5,0,1.0813158936093274,1.0,0.47471208711565316
1_2518,14,0,1.1982006160658905,1.0,0.5183065865928358
1_2520,1,0,0.13744363822716052,1.0,0.7247496740901476
1_2521,4,0,0.37527631017089536,1.0,0.6817101553112231
1_2522,5,0,0.4218210714360598,1.0,0.6762339483723012
1_2523,2,0,0.7504518278991674,1.0,0.5516830769032972
1_2524,10,0,2.7428980795037625,1.0,0.10710474830768746
1_2525,49,2,2.914404448064523,0.08641059140541359,0.3038068134678906
1_2527,5,0,1.1897595524204945,1.0,0.44076170944541615
1_2528,3,0,0.5346711473095292,1.0,0.6271017338517187
1_2529,1,0,1.0644153126582778,1.0,0.4426707933540991
1_253,56,6,4.653068871559452,2.115353159685818e-05,0.05683723756121306
1_2535,6,0,2.049331107871166,1.0,0.21121737078050984
1_2536,2,0,-0.0252567021723244,1.0,0.772822573793203
1_2539,5,0,2.1625725554574693,1.0,0.17957041947828611
1_2541,1,1,2.6058588465906545,0.010000000000000009,0.08429518947512438
1_2547,2,0,-0.3062064476096795,1.0,0.8344993070256217
1_255,5,0,1.6030905565332365,1.0,0.3172747954160344
1_2552,2,1,2.4025661444898723,0.01990000000000002,0.1176408007910752
1_2555,2,0,2.4955374403783934,1.0,0.10366096455993024
1_2559,2,0,1.1758628611922277,1.0,0.4171660255241256
1_256,3,0,2.28096604297221,1.0,0.14384741008126356
1_2560,2,0,2.4620469242306653,1.0,0.10855099128942558
1_2561,128,4,3.9983973449595376,0.04028568476771626,0.4520110579993495
1_2563,23,0,1.3192231689187441,1.0,0.5557544562296879
1_2566,10,0,3.3272166791569204,1.0,0.04492294651539841
1_2567,13,1,2.7499515554656773,0.12247897700103212,0.12086120868417138
1_2569,34,1,2.1858467718285333,0.2894467727277079,0.389625461864897
1_2571,2,0,2.1482168285691627,1.0,0.16252330193650644
1_2573,7,0,1.81938404269851,1.0,0.2753671941784045
1_2574,20,1,-0.05066185072705614,0.1820930624027693,0.8671307163707228
1_2577,3,0,-1.2519673624699021,1.0,0.9593871183794684
1_2578,1,0,1.568767559350844,1.0,0.2920231842611798
1_2579,5,0,0.45481453207777767,1.0,0.6668193925673579
1_258,1,0,1.6144853130557624,1.0,0.2795967033240865
1_2580,1,0,0.45449531945645066,1.0,0.6343865483298079
1_2582,108,4,2.555456129014445,0.023604035245416648,0.7085989872240284
1_2583,10,1,0.22562943382188122,0.09561792499119559,0.7625011421198841
1_2584,5,0,2.475452959591069,1.0,0.12221205222708997
1_2585,18,1,1.4097640636505087,0.16548623854991254,0.48783072730495736
1_2586,22,1,1.9202805538545187,0.1983694104609542,0.37047711140461037
1_2588,1,0,-0.6486105726190293,1.0,0.8898146582657402
1_259,9,0,1.3754410259924392,1.0,0.41992296928494377
1_2590,1,0,-1.14271678139222,1.0,0.9474518029761642
1_2592,1,0,1.4349300486040117,1.0,0.3297995683487923
1_2595,17,1,2.3662395127878684,0.15705680661607327,0.21782137035343263
1_2596,3,0,-0.12484080481598045,1.0,0.8018226215854443
1_2597,1,0,2.0338810304864894,1.0,0.17894556074527634
1_2598,1,0,2.079073514891753,1.0,0.169655606038696
1_260,1,0,0.6602507647457637,1.0,0.5710196965174852
1_2600,1,0,-1.2911017423146274,1.0,0.9590074371942114
1_2601,3,0,1.7933723690758543,1.0,0.2495795110791088
1_2602,54,1,3.3330482370865786,0.41883358588189046,0.23814367087033395
1_2603,1,0,1.9963484110715481,1.0,0.18689953217882227
1_2605,187,6,2.4143521607457106,0.011857476835012395,0.8838455668213507
1_2606,1,0,1.5089975847704244,1.0,0.3086461717029625
1_2608,3,0,-1.2677299901478938,1.0,0.9604678066593393
1_2609,26,0,0.15208179751363524,1.0,0.856471825839948
1_2619,1,0,-0.6913320739723718,1.0,0.8961118057700428
1_2621,10,0,2.962475069717608,1.0,0.07886747101945368
1_2623,3,0,2.267033975931474,1.0,0.14637143605384761
1_2625,7,0,1.0228425029250647,1.0,0.5112512746761534
1_2631,116,5,4.918191969616673,0.006418852904621919,0.21008096841448998
1_2637,2,0,-0.6155482173540863,1.0,0.8885118932292417
1_2638,1,0,1.108463903311963,1.0,0.4288029095492081
1_264,61,2,0.27608255649710534,0.12454937217478186,0.931211506233772
1_2647,1,0,-0.85544337438727,1.0,0.9178763097697802
1_2648,1,0,0.6102657216656562,1.0,0.5866512657184736
1_2656,1,0,0.6429742015197639,1.0,0.5764364250199766
1_2657,1,0,0.45449531945645066,1.0,0.6343865483298079
1_2658,4,0,1.579769436668951,1.0,0.3151172884582689
1_2659,1,0,1.6785994183995718,1.0,0.2626144444912918
1_2664,4,0,1.8244511610612948,1.0,0.2497841066009081
1_2669,1,0,-1.285946883097705,1.0,0.9586438017979311
1_2670,32,0,2.148515273390376,1.0,0.38486324851103315
1_2673,43,2,3.070419527982678,0.06896390678471585,0.2304577460209416
1_2674,1,0,1.0415826846136202,1.0,0.44988807804187436
1_2675,2,0,-0.8659902681401953,1.0,0.9219427172650949
1_268,1,0,-1.2539620488298209,1.0,0.9563286954710124
1_2683,4,0,1.1850264465192606,1.0,0.4329828768084205
1_2685,241,16,3.2325960988861153,4.469561875448505e-09,0.8218697102006162
1_2688,18,1,2.0915966897285334,0.16548623854991254,0.29189810288592455
1_269,5,0,0.998783928415091,1.0,0.500687409741402
1_2690,366,19,0.9523825336198305,9.611155224530371e-09,0.9720549440515227
1_2693,1,0,-0.010625045177325121,1.0,0.7628210681177545
1_2694,2,0,-0.01682558187930811,1.0,0.7707911279902714
1_2695,4,0,1.3170051331333907,1.0,0.3923098277327851
1_2697,7,2,5.01547023854419,0.0020310416349400033,0.0009549130804774597
1_2698,1,1,2.6350110425057283,0.010000000000000009,0.08074803852070955
1_2699,130,6,2.9528718122013724,0.0020769221997132105,0.6984533530711943
1_270,14,1,1.407089954386898,0.13125418723102178,0.45442668603982417
1_2704,1,0,0.10293414227094583,1.0,0.7338845187762025
1_2706,9,0,1.9906612018172354,1.0,0.24770736510013447
1_2707,1,0,-1.4782360793086884,1.0,0.9705484463609447
1_2709,1,0,1.0494880768246968,1.0,0.4473872206904148
1_2713,2,0,2.5120263942028456,1.0,0.10131295898069559
1_2715,120,7,4.892870351540925,0.00022219041521507493,0.22865546769085832
1_2717,1,0,0.1838135575181476,1.0,0.7122372444434242
1_2719,17,0,0.8179170484841333,1.0,0.6549355230529332
1_2720,34,3,0.06617160307832733,0.004746994797058528,0.8956880420027471
1_2721,8,0,-0.46311094589612944,1.0,0.8873726835244211
1_2722,5,0,0.8168926156573026,1.0,0.5577681442719047
1_2723,1,0,1.2205310666733007,1.0,0.39395246615564883
1_2727,2,0,0.1697889247386459,1.0,0.7233151116421713
1_2728,1,0,1.0438297603112816,1.0,0.4491770125794323
1_2731,6,0,0.5960842992235008,1.0,0.6336037902404352
1_2732,52,3,5.585306328274342,0.015352625733659125,0.010456033632906148
1_2733,14,1,1.7347887527147934,0.13125418723102178,0.3571460456850508
1_2734,4,1,2.1466332080633874,0.039403990000000035,0.1761034174864491
1_2735,6,0,0.5966004424924203,1.0,0.6334509137903365
1_2736,2,0,2.0344609343822153,1.0,0.18580175855994108
1_2737,6,1,2.502156666655148,0.058519850599000056,0.12331965978320181
1_274,3,0,0.3238902042094652,1.0,0.6885152133105215
1_2741,5,1,2.6334485427736865,0.049009950100000046,0.09874671510651678
1_2744,23,1,0.27524889491242377,0.20638571635634465,0.8214601127384906
1_2746,3,0,0.3169722943470485,1.0,0.690455588775933
1_2748,1,0,-1.0554875512021626,1.0,0.9395352515701674
1_2749,17,2,0.4041777905786541,0.012308985529944274,0.7622410702797209
1_2751,7,0,1.8809206300213661,1.0,0.2594850089542773
1_2752,18,1,-0.26576771606816335,0.16548623854991254,0.8926599506517507
1_2753,3,0,0.24571379611566677,1.0,0.7101266951072404
1_2754,1,0,0.7737241423626987,1.0,0.5351558196344346
1_2758,1,0,-0.9624501350969983,1.0,0.930093902896479
1_276,1,0,1.4139395915688548,1.0,0.33589865049047263
1_2761,1,0,1.6144853130557624,1.0,0.2795967033240865
1_2762,13,1,1.6636679275274056,0.12247897700103212,0.3691490576115748
1_2765,48,2,0.15690788029076458,0.08341766950993583,0.9188519969039021
1_2768,31,1,1.8803732389650907,0.2676966303456026,0.45356168001749153
1_2769,96,13,3.691212814592433,1.8637631546615113e-11,0.3827601534619083
1_277,2,0,1.5211584529381135,1.0,0.31406577665980384
1_2771,1,0,1.440558513505747,1.0,0.3281717167798832
1_2776,18,0,1.7646027431795992,1.0,0.3821870121742803
1_2777,11,0,1.1297484633181074,1.0,0.5134393096263289
1_2780,2,0,-0.9609945205472833,1.0,0.9324098244833117
1_2782,3,0,0.5843274025727724,1.0,0.6120769875292225
1_2783,3,0,1.0390150425468527,1.0,0.46951096309198026
1_2784,21,0,2.258301956976872,1.0,0.272143978521153
1_2785,4,0,1.7485808672766308,1.0,0.2692493674325115
1_2786,101,5,4.879686786261793,0.00358173873632348,0.16441226372918205
1_2787,3,0,3.4089610218959723,1.0,0.02503588108519761
1_2788,63,4,3.145840221401263,0.0037262424020537014,0.33432839640457857
1_2789,22,3,1.5110193817458806,0.0013356291937811095,0.49056626050737007
1_2790,2,0,-0.5210335275722304,1.0,0.8735474505633309
1_2791,52,6,0.9897537998181931,1.372424988612523e-05,0.809040180867296
1_2792,4,1,2.3930519819308493,0.039403990000000035,0.1301959147746088
1_2796,1,1,2.7398255638439672,0.010000000000000009,0.06892199722229064
1_2799,1,0,-0.004193350730043966,1.0,0.7612296990562691
1_2800,2,0,1.8232337410119464,1.0,0.23418914274591351
1_2801,6,0,0.39204843958911006,1.0,0.692158254225916
1_2803,1,0,2.0555045774123264,1.0,0.17446127240403975
1_2807,12,0,1.8732830837174275,1.0,0.3019268681607794
1_2808,1,0,0.9832926225800315,1.0,0.4683830478318318
1_2811,1,0,1.8052799852086434,1.0,0.23068270015144576
1_2814,9,0,3.0048563981821266,1.0,0.070456683745863
1_2816,1,0,1.0644153126582778,1.0,0.4426707933540991
1_2818,16,0,1.1027558293108406,1.0,0.5640366535873542
1_2819,36,3,1.6889476245452244,0.005580758432426863,0.5466427860652762
1_2820,1,0,-0.35376989052024643,1.0,0.8388608616771404
1_2821,1,0,1.1990739095988574,1.0,0.4005688764882458
1_2823,2,0,-0.8265383421734729,1.0,0.91725118911049
1_2824,1,0,-0.12373184087363058,1.0,0.7898345569101655
1_2827,3,0,0.7364229816284377,1.0,0.5650955038840294
1_2828,11,0,0.8336959360335537,1.0,0.6037571445136051
1_2829,4,0,0.04954020511103876,1.0,0.7674420860571254
1_2837,167,5,2.846083144582775,0.02703383187266056,0.8028672094527701
1_2838,28,1,0.08620305721361436,0.24528071279636746,0.8742533202986336
1_2841,15,1,0.5497122384912176,0.1399416453587116,0.7135097756477602
1_2845,51,4,1.0725957604752818,0.0017183840681315506,0.7887563844890584
1_2847,16,2,3.8300499797927556,0.010932892162518214,0.02740507816481086
1_2848,1,0,0.7541410342224291,1.0,0.5413739361791666
1_2853,212,10,7.67204539099245,6.540046606907158e-05,0.0629854334251243
1_2854,5,0,0.790815552658613,1.0,0.5658817811223154
1_2855,278,11,6.8887414762471035,0.00013765352439998,0.18216581257462638
1_2858,121,4,2.3934456934190864,0.03385142853032739,0.7805940421810076
1_2859,9,1,1.897215899151758,0.08648275251635919,0.2713049103290035
1_2866,122,9,3.702672262381813,4.415402238604925e-06,0.49828849923368124
1_2867,4,0,2.6951458651881284,1.0,0.08617290703146008
1_2869,6,0,-0.5591737729793368,1.0,0.8944473462934375
1_2870,176,14,3.5116332525081133,4.063351199067812e-09,0.7025685089213106
1_2873,242,7,4.365061507767858,0.011640398420316807,0.6305484956057509
1_2874,1,0,1.6626624334397069,1.0,0.2667859767360946
1_2877,202,4,3.7461211898255775,0.14560214012043338,0.7029689503608538
1_2879,1,0,-0.6808629714309598,1.0,0.8945933533128194
1_288,9,0,1.2258864690562044,1.0,0.46593338134435536
1_2880,13,0,2.7682482961283905,1.0,0.11805154661516404
1_2886,55,2,1.2664579155600981,0.10500372225811094,0.7665021323850192
1_2887,4,0,0.8568931364177474,1.0,0.5362839012334899
1_2888,3,0,0.711821270818667,1.0,0.5727761278160033
1_289,2,0,-0.14956237183918308,1.0,0.801571948325647
1_2890,2,0,0.8082436210917087,1.0,0.5334134364619769
1_2891,248,11,7.9033192945615856,5.0149753384809816e-05,0.06777601722705218
1_2892,38,1,4.605534776609522,0.31744540498961304,0.02619656835206241
1_2894,1,0,1.3306077837023165,1.0,0.36052716181938205
1_2895,189,15,5.504011449949152,1.1840835996972887e-09,0.3114875999952653
1_2896,1,0,1.7636667161378583,1.0,0.24092624229134185
1_2899,18,2,4.130170661374223,0.013756463740805566,0.01810269616682103
1_290,1,0,-0.7088139818607202,1.0,0.8986119300322558
1_2906,10,0,-0.46940571685293125,1.0,0.8951805322650368
1_2907,94,5,4.097897915924444,0.0026281669079871255,0.28040205142338726
1_2908,9,1,2.143282809519904,0.08648275251635919,0.21165056015665396
1_2909,4,0,-0.40228667935681267,1.0,0.8617614794389332
1_291,2,0,-0.01141584256483753,1.0,0.7694823256146323
1_2910,6,0,1.1204795873527078,1.0,0.4715977387119894
1_2911,13,1,1.9772750002060588,0.12247897700103212,0.28243347225291693
1_2912,1,0,1.5317519880426047,1.0,0.3022689046317848
1_2914,1,0,1.6189412424933978,1.0,0.27839940682868214
1_2919,15,2,2.6647726496223134,0.009629773443364747,0.14560870405426796
1_2922,2,0,-0.4189057842633598,1.0,0.8558647058008602
1_2923,3,0,-1.6363554792819626,1.0,0.9797690710234329
1_2927,2,0,1.3654201848847245,1.0,0.3593372199353728
1_2930,1,0,0.22082568948597983,1.0,0.702060977426487
1_2936,12,0,1.3453321810942664,1.0,0.4557925726766866
1_2938,3,1,3.1460840338887746,0.029701000000000026,0.04001581976100377
1_2939,1,0,0.23184933125224785,1.0,0.6989986879554481
1_2941,37,0,1.4906840931806065,1.0,0.6095389354235983
1_2945,7,0,-0.3994600062541059,1.0,0.8736812456693926
1_2949,119,5,2.3510565230298464,0.00713331241492552,0.7827672507852284
1_2950,45,2,0.17414152609295308,0.07463929299800556,0.9104274803279442
1_2951,7,0,1.3520068562582916,1.0,0.4090402362986032
1_2957,39,2,2.3250652661345694,0.05807465888566573,0.38822529576268117
1_2961,3,1,2.4484276672236596,0.029701000000000026,0.11580235409429085
1_2963,8,0,1.3450461819023132,1.0,0.42020792038799515
1_2964,4,0,-1.8914870267419297,1.0,0.9883238356195477
1_2966,7,0,0.28276104066793184,1.0,0.7286653737129776
1_2967,1,0,1.5229420670632376,1.0,0.3047310081774278
1_2968,3,0,0.8451134361163594,1.0,0.5309069105584635
1_2972,58,1,2.2971540098184935,0.44173386145213633,0.5266880191916127
1_2973,28,0,2.286765449634387,1.0,0.31705416903014716
1_2974,59,2,1.7094011617141285,0.11793950109437501,0.6855610141918927
1_2975,1,0,0.2966256839149787,1.0,0.6807250701248517
1_2983,4,1,1.5080488983139704,0.039403990000000035,0.335564680076338
1_2986,1,0,-0.42598922154971497,1.0,0.8525732907127306
1_2987,3,0,1.5123752947637492,1.0,0.32542927731159943
1_2995,57,0,0.15040155054700546,1.0,0.9358121123802774
1_2998,1,0,0.3884737718987114,1.0,0.6540526414113095
1_2999,1,0,0.3884737718987114,1.0,0.6540526414113095
1_3000,1,0,-0.006779228094933974,1.0,0.7618702137772684
1_3001,4,0,0.8980353722619739,1.0,0.5233224032130694
1_3002,112,8,3.539439249493656,1.889395571098557e-05,0.49525377285744077
1_3003,3,0,1.7926692290462733,1.0,0.24975690349498403
1_3004,60,0,1.0366349890515076,1.0,0.8303245686598602
1_3005,7,0,1.004376693610299,1.0,0.5170266547381448
1_3006,3,0,0.2055897892965945,1.0,0.7209386492829193
1_3007,3,0,1.083707559404157,1.0,0.4554092856124202
1_3009,2,0,1.869303895545501,1.0,0.22307795481763915
1_301,3,0,-1.4560834250172618,1.0,0.9716607441308351
1_3013,127,2,2.9552798302220378,0.36299482807855227,0.6885373846290269
1_3020,7,0,-1.2486006733567243,1.0,0.9648595301820847
1_3021,4,0,-0.9387782172472782,1.0,0.9348773334679567
1_3023,35,0,0.9164467260189393,1.0,0.7446185178506235
1_3025,1,0,2.0062157329802495,1.0,0.18478752732109383
1_3026,43,1,0.9027913563856412,0.35089737163159784,0.7877080088734234
1_3027,1,0,1.2443921788818626,1.0,0.3866306451515812
1_3028,54,2,3.8228349568011257,0.10183372363564862,0.14686147082762835
1_3034,1,1,2.4073564021253375,0.010000000000000009,0.11160747098817458
1_3035,6,0,2.5674200110267478,1.0,0.1131568766191825
1_3038,45,3,2.3043347616045486,0.010378132789533654,0.4371200764480111
1_304,3,0,-0.339975682222769,1.0,0.8459145755468553
1_3040,1,0,1.188907572407372,1.0,0.40371382836878844
1_3041,1,1,2.4013926613956733,0.010000000000000009,0.11251614663260201
1_3042,1,1,2.338238795957219,0.010000000000000009,0.12246405927507942
1_3043,14,0,0.2454501219863384,1.0,0.7815510906718995
1_3051,2,0,0.6209081149976005,1.0,0.5921831580232657
1_3053,10,0,1.1536693450032596,1.0,0.4972433008494763
1_3055,1,0,1.5003200431369468,1.0,0.31109361203950703
1_3059,1,0,1.6626624334397069,1.0,0.2667859767360946
1_3066,5,1,1.18229373118717,0.049009950100000046,0.4430880038241465
1_3067,57,6,2.280450520269295,2.3441433333653714e-05,0.5248591885685971
1_307,1,0,1.150966810324193,1.0,0.4155042815801552
1_3079,2,0,-0.11400961265240193,1.0,0.7935819641268346
1_3080,12,1,3.5550911578783424,0.11361512828387083,0.03453081799896429
1_3083,2,0,2.455424549812606,1.0,0.1095372757711548
1_3084,1,0,0.29098851935297826,1.0,0.6823337625103847
1_3085,1,0,-0.36249537377347973,1.0,0.8405604295057041
1_3086,24,1,0.3412668003536225,0.2143218591927812,0.8130852176080239
1_3089,3,0,0.83852266653083,1.0,0.5329891356328801
1_3097,18,1,2.0927916529457486,0.16548623854991254,0.2915868735466408
1_3098,2,0,2.6675341133106265,1.0,0.081049101782389
1_3101,33,0,0.9026951361591422,1.0,0.7367295887534959
1_3102,21,1,0.7937563850090732,0.1902721317787416,0.6897762448573759
1_3113,1,0,1.2205310666733007,1.0,0.39395246615564883
1_3118,1,0,-0.026621430811824966,1.0,0.7667536048085943
1_3120,26,2,0.4567327633443055,0.027723300751066573,0.7991801009222792
1_3121,7,1,2.256896015247272,0.06793465209301006,0.17364032594440737
1_3122,17,0,-0.42342360643212623,1.0,0.9104163530594125
1_3126,5,0,1.167988243861858,1.0,0.44755090511882156
1_3129,12,1,3.757850604132147,0.11361512828387083,0.02415437554407418
1_3132,1,0,1.7325535012549256,1.0,0.24874386792064707
1_3133,10,0,2.4330397753333375,1.0,0.15835331372264272
1_3138,1,0,1.8910762678455546,1.0,0.21035111939706064
1_3142,11,0,1.244298664023724,1.0,0.47804404673406453
1_3143,2,0,-0.6620884088370216,1.0,0.8953959578996706
1_3145,3,0,-1.1859546706076107,1.0,0.9545980841947947
1_3149,5,0,1.414950176313905,1.0,0.3719058288554945
1_315,1,0,-0.8303325314333612,1.0,0.9147889601090815
1_3152,7,0,1.8916244192706573,1.0,0.25677153429217814
1_316,1,0,-0.27592795775045303,1.0,0.8231779518420788
1_3161,5,1,1.6453832552205707,0.049009950100000046,0.30547422199253016
1_3165,2,0,-0.6130830116060862,1.0,0.8881384133514577
1_3166,2,0,-0.1356853929226548,1.0,0.7984757422660078
1_3167,27,0,0.5963275425019038,1.0,0.7742628764932016
1_3168,29,0,1.789514257864122,1.0,0.4643779602567515
1_3169,1,0,0.9703489210721791,1.0,0.4725006836819652
1_3180,1,0,1.4982630196853164,1.0,0.31167501355737026
1_3181,18,0,1.6068583357323138,1.0,0.4285552556371496
1_3182,11,0,-0.9028554376444069,1.0,0.9461498970888271
1_3186,2,0,-1.130398146903796,1.0,0.9483435941430494
1_3187,11,0,1.1199764855570202,1.0,0.5164578222784599
1_3188,11,1,2.222446192395186,0.10466174574128365,0.20812007882905492
1_3189,10,1,1.788125658580293,0.09561792499119559,0.30853211854707596
1_3190,7,0,1.5849407018733914,1.0,0.3398966523245046
1_3191,4,0,0.9800425681003039,1.0,0.49742659146354273
1_3194,1,0,-0.43707687147541713,1.0,0.8546071586850668
1_3196,22,1,3.499602925417005,0.1983694104609542,0.06487828975072885
1_3197,8,1,0.9792022057775102,0.07725530557207996,0.5337658689963206
1_320,4,1,2.9023927790764232,0.039403990000000035,0.063153113187711
1_3200,59,1,0.2133572855003594,0.44731652283761497,0.9335369055973082
1_3201,30,2,2.2961159040310672,0.036147998312240706,0.32952233161024225
1_3204,17,1,2.5552936471086722,0.15705680661607327,0.17788903300795977
1_3207,27,1,2.3865082061806437,0.23765728565289646,0.2840717099391521
1_3208,265,13,4.417842112626081,3.6629127123512727e-06,0.634283578254351
1_3209,15,1,1.362973320510573,0.1399416453587116,0.4765156468154037
1_3210,17,1,3.0344942205720176,0.15705680661607327,0.0988547290778764
1_3212,9,0,0.5944859444842728,1.0,0.6579039918114219
1_3217,3,0,0.9513921641548746,1.0,0.4972531148423567
1_3219,1,0,1.7185931491469573,1.0,0.25229500541304495
1_3220,1,0,1.290469254895796,1.0,0.372607528686125
1_3222,37,0,0.21976289679230757,1.0,0.8835140191820742
1_3223,18,0,1.1025326938851185,1.0,0.5802772440629815
1_3226,3,0,2.356556773199544,1.0,0.13066636106697316
1_3227,17,1,0.39778367244089824,0.15705680661607327,0.7637433716722675
1_3228,5,0,1.458617951050711,1.0,0.35894415539673896
1_3229,1,0,1.001808812915376,1.0,0.4624986825278995
1_3232,3,0,1.965848760947425,1.0,0.20815464187206412
1_3236,117,4,3.2644333540479007,0.030464063977983357,0.5827879136614551
1_3239,1,0,1.0740146400970907,1.0,0.4396420220193069
1_3240,1,0,1.5658480253105798,1.0,0.29282539585980805
1_3241,1,0,1.552274870923946,1.0,0.29656830913529353
1_3245,1,0,0.28041141540627335,1.0,0.6853428890563718
1_3247,1,0,1.2323593463371734,1.0,0.390318075743713
1_3248,3,0,1.3225906596922452,1.0,0.3814054763391497
1_325,1,0,0.777194748609307,1.0,0.5340528769851571
1_3250,2,0,-0.002251162142234917,1.0,0.7672555714731294
1_3251,9,1,2.7161061460751754,0.08648275251635919,0.10614636037709735
1_3253,2,0,0.3824130259726397,1.0,0.6639440218321357
1_3254,11,0,0.6154722741924716,1.0,0.6671912298620576
1_3256,6,0,0.2829587634114402,1.0,0.7216748852541932
1_3257,1,0,1.519693046645988,1.0,0.3056412551604064
1_3260,215,9,7.280254844135723,0.0003614558464093865,0.09606529979061273
1_3263,3,0,2.1582032742298933,1.0,0.16710696909029343
1_3264,9,0,1.5096670552397984,1.0,0.37952275930424373
1_3265,1,0,1.0158282938206555,1.0,0.4580487352708612
1_3267,4,0,2.2786994544607535,1.0,0.15035653106654168
1_3269,5,1,3.070578612690907,0.049009950100000046,0.05114956380408686
1_3271,15,0,2.4474336474631255,1.0,0.18698078296627296
1_3274,8,0,0.6215063998451892,1.0,0.6422461109933909
1_3276,1,0,-0.3512585345586669,1.0,0.8383695117801253
1_3278,2,0,2.481695982879251,1.0,0.10566225085349168
1_3280,1,0,-1.6903078190020422,1.0,0.980228415035882
1_3286,2,0,1.88108169276968,1.0,0.22028633589357893
1_3288,8,0,1.6084524192830347,1.0,0.3418741937477381
1_329,1,0,-0.9076315490829255,1.0,0.9240221350097759
1_3290,3,0,-0.5315170673738145,1.0,0.8792491519892907
1_3295,1,0,1.3306077837023165,1.0,0.36052716181938205
1_3296,2,0,-1.6002607141221221,1.0,0.977437834506574
1_33,1,0,-0.020755720554811126,1.0,0.7653158013120229
1_3300,4,0,1.6651528800853157,1.0,0.2914975638249311
1_3301,4,0,0.8806492323227524,1.0,0.5288035630638206
1_3302,39,1,0.8103272109626493,0.3242709509397169,0.7882691739829102
1_3303,3,0,0.6393117575908612,1.0,0.5952430090940918
1_3304,24,0,2.047101240394387,1.0,0.3509527334754764
1_3306,12,0,0.20980770199884474,1.0,0.7781980079522699
1_3320,6,1,3.768960017706166,0.058519850599000056,0.015563365548490693
1_3322,7,0,1.291244801005481,1.0,0.42765471552313417
1_3323,4,0,-0.30508509139342177,1.0,0.8440611551813835
1_3324,9,0,2.3449335105867655,1.0,0.1690525354009309
1_3325,1,0,0.7428499670271942,1.0,0.5449546292294061
1_3327,1,0,0.5865462065664822,1.0,0.5940227548834994
1_3328,2,0,0.05893041263719244,1.0,0.752088071755092
1_3329,1,0,-0.8374017186985625,1.0,0.9156667738931424
1_333,3,0,1.3742889091707233,1.0,0.36585027904387046
1_3330,1,0,1.646804354713654,1.0,0.27096983550266096
1_3335,1,0,-2.0886977448080506,1.0,0.9912739992955082
1_3336,8,1,0.7468910854620657,0.07725530557207996,0.605039932519327
1_3337,3,0,1.5092132750124931,1.0,0.32633443171521703
1_334,1,0,1.105987106760487,1.0,0.42958052042698147
1_3340,1,0,0.35635388490766845,1.0,0.6634759318672051
1_3347,3,0,0.48504810960798206,1.0,0.6419257175394122
1_3348,4,0,0.9193093546621262,1.0,0.5166096581962445
1_3349,2,0,0.9392878934223817,1.0,0.49178537984993953
1_335,4,0,0.9974659611325131,1.0,0.49192242626686167
1_3350,13,1,3.707661151450701,0.12247897700103212,0.0281789595659645
1_3352,11,0,0.7002627771812555,1.0,0.6429936238536014
1_3353,22,1,2.869277268752464,0.1983694104609542,0.1486302961450523
1_3354,17,0,1.6676014633862586,1.0,0.4020988640037597
1_3355,1,0,0.9365160749231087,1.0,0.48327632390664776
1_3356,1,0,-0.5422995000152656,1.0,0.8729685025679557
1_3357,1,0,-0.6063375027762042,1.0,0.8833186464866534
1_3359,64,5,3.806976966923497,0.0004670217881567616,0.1957730255684058
1_336,1,0,1.6521518463521452,1.0,0.26955534865265063
1_3360,23,1,0.7262751245602261,0.20638571635634465,0.7202709089983765
1_3361,3,0,-0.2576043730342846,1.0,0.8298635335658182
1_3362,1,0,1.7193828881123057,1.0,0.25209340629429666
1_3364,12,0,0.4519271409940702,1.0,0.7187361315167486
1_3366,1,0,1.6135008718172896,1.0,0.2798615568146229
1_3368,9,1,0.25319502214187467,0.08648275251635919,0.749470078474872
1_3374,35,1,1.5760714937547797,0.29655230500043084,0.5715901997621805
1_3375,1,0,-0.33327355432931893,1.0,0.8348222214324714
1_3385,4,0,0.2864330851948144,1.0,0.7063816005259791
1_3388,4,0,-1.2365910290223727,1.0,0.9598531269373319
1_3389,8,0,2.4949678939989473,1.0,0.13552751115371342
1_339,1,0,0.7143032872079252,1.0,0.5539906019737512
1_3391,2,0,-0.2832066923166042,1.0,0.829899309106571
1_3392,2,0,0.9340631885634708,1.0,0.4934463795783869
1_3393,59,1,0.045689313134433585,0.44731652283761497,0.947050673065553
1_3394,3,0,-0.4953828185555295,1.0,0.8733839341132593
1_3397,1,0,0.9919788146740068,1.0,0.46562167416104105
1_3398,1,0,0.9759544849312132,1.0,0.4707170611961079
1_34,1,0,1.3271828261202658,1.0,0.3615527421122551
1_3401,13,0,0.7600607050279519,1.0,0.6412459616398114
1_3402,3,0,2.1419541158178688,1.0,0.17035803835354923
1_3404,1,0,0.8412115698971325,1.0,0.513670529467615
1_3407,1,0,0.1838135575181476,1.0,0.7122372444434242
1_3409,1,0,-0.497088562218961,1.0,0.8652869756469119
1_341,5,0,0.9500456064559722,1.0,0.5160325408015822
1_3411,2,0,-1.0591190502076244,1.0,0.9420467172140563
1_3415,9,0,0.510856025402206,1.0,0.6815180937245037
1_3419,4,1,3.002716258607644,0.039403990000000035,0.05388678277244108
1_3420,20,0,0.358589706217614,1.0,0.7893647098240915
1_3421,7,0,2.819770124987294,1.0,0.0835722574592479
1_3424,48,2,2.2095103299552066,0.08341766950993583,0.48454434066323415
1_3426,2,0,0.4934178784370787,1.0,0.6311035354921539
1_3428,12,0,2.8655688158482295,1.0,0.09932983022679132
1_343,1,0,-1.3165219979952885,1.0,0.9607628893540812
1_3432,45,1,3.50967251532589,0.36381451393612907,0.15673428250007337
1_3435,3,1,2.543341572337086,0.029701000000000026,0.10175023322301846
1_3436,4,0,2.061218978780986,1.0,0.19415821113364484
1_3440,3,0,1.3223087090642474,1.0,0.3814908645648416
1_3443,29,1,3.663138540585574,0.2528279056684038,0.07116189739533607
1_3445,2,0,2.5349311195469997,1.0,0.09811599591130893
1_3446,64,5,2.575290998692835,0.0004670217881567616,0.4891468844909168
1_3449,7,0,-0.6401484721269018,1.0,0.9086980792339562
1_345,1,0,1.6144853130557624,1.0,0.2795967033240865
1_3451,2,0,0.7786740989190912,1.0,0.5427724642376208
1_3452,22,0,2.094221583427612,1.0,0.32238365444776784
1_3454,7,0,0.9744359837343334,1.0,0.5263828130381688
1_3455,13,0,1.070422428850376,1.0,0.5488557447775091
1_3456,4,0,1.4352597017837712,1.0,0.35682664449517376
1_3462,5,0,1.3754087958748984,1.0,0.3837697450014518
1_3463,22,1,2.1430324476827307,0.1983694104609542,0.30936496363187893
1_3468,4,1,3.099912251250267,0.039403990000000035,0.04596973828033735
1_3470,1,0,-0.007255499198073113,1.0,0.7619880820575131
1_3472,1,0,0.8897060212989559,1.0,0.4982036621412702
1_3474,1,0,2.0430936338494377,1.0,0.17702625532674754
1_3475,110,5,3.1090731317218734,0.005143047488037168,0.5909503566913868
1_3476,66,9,4.067082563163545,2.2138992259365917e-08,0.15946132137833235
1_3479,1,0,1.4477762392466669,1.0,0.3260889923265533
1_3480,3,0,-0.08582813113015744,1.0,0.7930800800280963
1_3481,1,0,1.6828816735135714,1.0,0.26149927357499814
1_3483,1,0,-1.0725686878788498,1.0,0.9411548448485834
1_3484,10,0,1.1602905703320507,1.0,0.4951904074829029
1_3486,6,1,2.0426945188195003,0.058519850599000056,0.2127308045740921
1_3488,1,0,0.7318298292022785,1.0,0.5484458872633047
1_3489,2,0,1.5151237454489312,1.0,0.31577421630888547
1_3493,5,0,2.7482118806232956,1.0,0.08389757697925737
1_35,4,1,1.3638238920194639,0.039403990000000035,0.37813547876489473
1_3502,2,0,1.4705991565825371,1.0,0.32849913041123036
1_3503,4,0,0.35342626306218433,1.0,0.6878588197466727
1_3504,5,1,2.3346782484067283,0.049009950100000046,0.146200662095322
1_3505,1,1,2.827994139626337,0.010000000000000009,0.06004834889272603
1_3506,6,1,1.1159929209303106,0.058519850599000056,0.4730029013444301
1_3507,5,2,5.432611122729571,0.0009801496000000018,0.00023397561271198963
1_3508,1,0,-0.17098126121435056,1.0,0.8005614005827245
1_3516,20,1,2.1626899291136366,0.1820930624027693,0.2888767806691699
1_3519,1,0,1.4734604525558244,1.0,0.3187219002446864
1_3520,15,1,1.7703922089616546,0.1399416453587116,0.3553976774685277
1_3521,1,0,0.26440871087648654,1.0,0.6898722103412547
1_3526,1,0,-1.7939684796566349,1.0,0.9838781789571733
1_3532,2,0,1.7570624409707942,1.0,0.2506709152705433
1_3536,3,1,1.8201683772938912,0.029701000000000026,0.24286942176041326
1_3541,1,0,0.2072623193107224,1.0,0.7058091712178427
1_3544,23,3,0.7916934000810149,0.0015245656963660697,0.7035795719544977
1_3545,123,8,3.284257857361063,3.7142951028754525e-05,0.6014788762252701
1_3546,1,0,2.2047882635823224,1.0,0.14547285818334887
1_3547,75,5,3.781469127988241,0.0009656591105073747,0.255466195922634
1_3548,1,0,0.7697963587652353,1.0,0.53640372494697
1_3549,26,0,1.0700613584750593,1.0,0.6494737256096179
1_3551,1,0,-1.649349764476824,1.0,0.9786042419318772
1_3552,41,3,4.707983556731673,0.008029755979504066,0.0259893027427196
1_3556,2,0,-0.8852890273559288,1.0,0.9241628679005867
1_3559,6,0,-1.4889892007288292,1.0,0.9762738443859558
1_356,1,0,1.3901644694745467,1.0,0.34285935053181993
1_3562,1,0,-0.37015044158462446,1.0,0.8420418000003594
1_3565,1,0,-0.5409558703867489,1.0,0.8727447020145824
1_3567,4,0,0.5107911547600721,1.0,0.6425066544059241
1_3576,23,1,2.092834348182569,0.20638571635634465,0.3305747045287606
1_3579,2,0,-0.24079464437490017,1.0,0.8212041938915076
1_3587,2,0,1.5456713532816135,1.0,0.3071673034695408
1_3588,12,1,0.03662247026124,0.11361512828387083,0.8159138748938455
1_359,3,0,0.6697561609415992,1.0,0.5858435759485795
1_3591,3,0,2.304952891732573,1.0,0.13957095331630054
1_3592,5,0,-1.0757291878822062,1.0,0.9494350486121863
1_3593,2,0,-1.8353910948011343,1.0,0.9857704357705958
1_3596,2,0,1.5414912341457705,1.0,0.30833895618625995
1_3598,4,0,0.7174697409762183,1.0,0.5798425086988197
1_3599,25,0,1.4335835508043253,1.0,0.5377015251145688
1_360,21,1,1.814796436539841,0.1902721317787416,0.39251925901194595
1_3600,2,0,1.1813006506105546,1.0,0.41547516417735875
1_3601,1,1,2.606708936241158,0.010000000000000009,0.08419012424127881
1_3605,19,2,2.4105250493340256,0.015273761488896639,0.2216545416841298
1_3606,3,0,0.7737261884008022,1.0,0.5534034182260876
1_361,1,0,-1.8543045608297428,1.0,0.9857241730788562
1_3610,12,0,1.9793412247603812,1.0,0.2739887350158332
1_3611,13,1,0.6794352701838079,0.12247897700103212,0.6641746548774005
1_3612,2,0,-0.46250883653463415,1.0,0.8636084486196123
1_362,9,0,-0.9443622782887543,1.0,0.945912478908991
1_3622,24,0,1.7825729293533046,1.0,0.4264239788731994
1_3623,50,2,-0.8148472514806352,0.0894353130960309,0.9821882504988716
1_3624,1,0,0.1163814452561144,1.0,0.7303432741614795
1_3626,22,2,2.345652631834912,0.020229279452277163,0.25797084476723997
1_3628,16,2,3.5085559602763725,0.010932892162518214,0.04696712939757275
1_3629,1,0,-0.25106758085225334,1.0,0.8179725470406103
1_363,1,0,0.29473895834757496,1.0,0.6812638708178329
1_3632,102,13,5.465995255845755,4.084626610839669e-11,0.0920907203456901
1_3633,1,0,-0.48934735557115433,1.0,0.8639404039004874
1_3635,1,0,1.4022401027215081,1.0,0.33931708834863694
1_3636,1,0,-1.041388494890825,1.0,0.9381723102836866
1_3640,1,0,0.09002657094084925,1.0,0.7372613369103779
1_3642,5,0,-0.10594305192139615,1.0,0.8088931429916631
1_3651,2,0,-0.2399632786877248,1.0,0.821031001844668
1_3652,28,2,1.4556506324361922,0.03182475277917828,0.5544478231803598
1_3654,2,1,3.589412499019389,0.01990000000000002,0.01647013839365208
1_3659,2,0,1.3597005010766063,1.0,0.3610430323777494
1_366,1,0,0.9126203266705967,1.0,0.4908948683872466
1_3661,1,0,0.9450374049019419,1.0,0.4805608489974038
1_3662,206,16,5.20815711445085,4.6128761551151013e-10,0.4058710048659584
1_3663,3,0,0.7567775215421022,1.0,0.5587220876462798
1_367,1,0,2.250966235305915,1.0,0.13720274202396698
1_3670,1,0,0.46847565030133587,1.0,0.6301743645609151
1_3671,144,7,4.221612501454727,0.0006672038057385888,0.45928588619090926
1_3675,4,0,1.41371217887976,1.0,0.36321071292300977
1_3676,2,0,2.3373039233256154,1.0,0.12821961520070024
1_3677,16,0,-0.5244240574144491,1.0,0.9197133891711989
1_3679,15,1,-0.10130724423419732,0.1399416453587116,0.8558903919115652
1_3680,5,0,0.9012000785599905,1.0,0.5313876181487643
1_3685,1,0,-0.44947810387635556,1.0,0.8568595230972107
1_3688,1,0,0.3964512020444779,1.0,0.6516970850343864
1_3689,4,0,1.3135362939352702,1.0,0.39336598288713553
1_3691,6,0,1.2117349304250744,1.0,0.44311878323339704
1_3694,1,0,-1.649349764476824,1.0,0.9786042419318772
1_3698,1,0,1.9695134814509134,1.0,0.1927184272757112
1_370,1,0,0.8725617074634237,1.0,0.5036725766300112
1_3700,5,0,2.925543582633097,1.0,0.0643417892066751
1_3701,8,0,0.018275998329562112,1.0,0.798482744440643
1_3703,2,0,2.2621940874061126,1.0,0.1411911722145398
1_3704,7,0,0.017180860434201053,1.0,0.7930707632313808
1_3705,9,1,0.5803042137001296,0.08648275251635919,0.6619553950007308
1_3706,2,0,2.0288939458160744,1.0,0.1869916707647412
1_3708,31,0,-0.04661431636242163,1.0,0.9019252878572093
1_3709,7,2,3.2160201247774216,0.0020310416349400033,0.04529578373570631
1_3711,2,0,2.253945914548478,1.0,0.14266803371011716
1_3712,4,0,1.1052931424506067,1.0,0.4579335069384419
1_3715,1,0,-0.3138057196737644,1.0,0.8309261011444855
1_3721,4,0,0.3117760636670207,1.0,0.6994344256230497
1_3722,4,0,1.3459471342670872,1.0,0.3835294720750715
1_3727,34,1,4.19171795791467,0.2894467727277079,0.041335576322265255
1_3730,2,0,2.6491514352319947,1.0,0.08327142750568539
1_3735,3,0,0.29284305046589637,1.0,0.6971817763721281
1_3738,16,3,5.167963766702584,0.0005079424092904579,0.0016329642571936143
1_3740,14,0,1.0715215180952833,1.0,0.5569221753084976
1_3742,1,0,2.179284391662204,1.0,0.15018127686940752
1_3743,9,0,1.2329418805180914,1.0,0.4637475433929904
1_3745,6,1,0.7231345425153897,0.058519850599000056,0.5953900240969442
1_3748,1,0,0.43911272382653244,1.0,0.6390025547614738
1_3749,5,0,-1.1060812024490696,1.0,0.9518799113486549
1_3754,5,0,0.6506907754726211,1.0,0.6089246210684528
1_3757,1,0,2.321524933780378,1.0,0.12519708888283065
1_3758,5,1,3.0859090855136335,0.049009950100000046,0.04989109288801008
1_3759,3,0,1.403786322305051,1.0,0.35707094987445986
1_376,2,0,1.6752406463118275,1.0,0.27187041690641656
1_3761,4,0,1.785263343628637,1.0,0.25974394849043714
1_3764,1,0,0.873066192042665,1.0,0.5035116544477563
1_3765,1,0,0.4607930060800139,1.0,0.6324910661432718
1_3770,65,2,2.651980807136862,0.13802176045807787,0.4747734431951246
1_3771,139,17,6.7739740151384416,8.620418463001281e-14,0.05034269726984608
1_3774,135,4,1.2161531533079653,0.0473659458907075,0.9436382215693115
1_3775,5,1,2.9305519734886616,0.049009950100000046,0.06384591494453684
1_378,19,0,1.3853434122459696,1.0,0.5035758345998682
1_3781,1,0,0.9855939256620049,1.0,0.46765130114818754
1_3782,2,0,-0.27579279810784485,1.0,0.8283992169951806
1_3783,24,3,2.919069482355968,0.0017294268470260496,0.15080370709404967
1_3790,3,0,-0.3980677023125256,1.0,0.8566118135064347
1_3791,2,0,-0.16462160639523044,1.0,0.804899260249983
1_3792,1,0,1.8152989518335472,1.0,0.22825327585962674
1_3793,7,1,2.9112792217292984,0.06793465209301006,0.07308079268270318
1_3794,38,5,1.382230422494918,3.8123510750696654e-05,0.6456754192812312
1_3795,21,0,0.7047148518090433,1.0,0.7130063000795201
1_380,1,0,1.6626624334397069,1.0,0.2667859767360946
1_3803,78,4,2.628088689588025,0.00793277154121152,0.5567440222623984
1_3804,15,2,2.3908051020470293,0.009629773443364747,0.1988525475483669
1_3805,78,2,2.383655964854756,0.18363711766997068,0.6188210262649839
1_3809,3,0,1.071387117704294,1.0,0.4592918695720273
1_381,3,0,1.8668803100997122,1.0,0.23140933667508845
1_3812,3,0,0.36416686620038796,1.0,0.67711535656806
1_3813,1,0,1.482665594657794,1.0,0.31609870517262395
1_3815,3,0,0.8774791066962679,1.0,0.5206704100875061
1_3819,2,1,-0.639774444753394,0.01990000000000002,0.8921347701654985
1_3821,2,1,2.6001294314188534,0.01990000000000002,0.08942146026382614
1_3823,2,1,1.9146269978059454,0.01990000000000002,0.21244597876896465
1_3824,9,0,-0.751391050569052,1.0,0.9273047871700016
1_3829,15,2,1.8044219911353767,0.009629773443364747,0.3457432378458629
1_3830,3,0,1.2389345280185928,1.0,0.406976584719551
1_3831,1,0,0.9637947486435268,1.0,0.4745868388760185
1_3834,2,0,0.1189019559054923,1.0,0.7367234214210203
1_3835,1,0,1.4290188348584807,1.0,0.3315126730344694
1_3836,27,0,2.0825115487582266,1.0,0.3646721595487229
1_3837,21,1,-0.8430439320491184,0.1902721317787416,0.9578564529208882
1_3838,1,0,-0.05146433590362402,1.0,0.7727885769808089
1_3839,5,0,-0.673748517943844,1.0,0.9069268899085332
1_3840,1,0,1.9573708082885304,1.0,0.19538743361039768
1_3846,1,0,1.019563295615743,1.0,0.4568640652327235
1_3849,1,0,-0.4197815284803724,1.0,0.8514262942517881
1_3850,71,2,1.9152505275603493,0.1587742786796478,0.6970370401986217
1_3852,17,1,3.3589917797697253,0.15705680661607327,0.062386622474305486
1_3854,9,0,1.0794630000182404,1.0,0.5114308180860943
1_3858,106,3,3.8935660303173507,0.09073859184095386,0.38239691241935514
1_3859,10,1,3.271800051162237,0.09561792499119559,0.04915109874267931
1_3860,351,10,6.087715265361313,0.003200355955080541,0.28000440033742613
1_3864,1,1,2.4953617254447376,0.010000000000000009,0.0988045499712571
1_3866,1,0,0.6009032326243156,1.0,0.5895647200766421
1_3867,1,0,1.203550917591833,1.0,0.39918594471086466
1_3868,15,0,1.5155794737874906,1.0,0.43025549606954816
1_3870,13,0,0.6751828724432044,1.0,0.665368071058838
1_3873,1,0,-0.5347902584536709,1.0,0.8717142154880227
1_3878,43,2,2.6323039018776226,0.06896390678471585,0.3347183471337002
1_3879,3,0,1.879184523188415,1.0,0.22844163964405384
1_3881,2,0,-0.4245661188256129,1.0,0.8568863754611354
1_3883,13,0,2.380054354607473,1.0,0.18785676589437683
1_3885,1,0,0.2826874206112088,1.0,0.6846964079103631
1_3886,1,0,0.5442933243573708,1.0,0.6070701854171147
1_3889,1,0,-1.8715578455270785,1.0,0.9862173471655956
1_389,2,0,2.0672203381524366,1.0,0.17889513317409445
1_3890,1,1,2.6367285833292433,0.010000000000000009,0.08054262383073518
1_3891,1,0,-1.145458492913848,1.0,0.947686608972202
1_3897,1,0,-0.5258046548691736,1.0,0.8702020591667894
1_3898,12,1,1.1100365670883183,0.11361512828387083,0.5281896715628682
1_39,16,1,1.2061085224854566,0.1485422289051245,0.5328072088164739
1_390,1,0,0.3315521450468944,1.0,0.6706830034395452
1_3900,1,0,1.5515393703275189,1.0,0.2967717542726408
1_3904,15,1,1.8932686765297184,0.1399416453587116,0.3210185173283906
1_3910,28,1,3.983590658623929,0.24528071279636746,0.042067540386813373
1_3912,6,0,2.9936126355181627,1.0,0.061137209262927206
1_3914,1,0,1.3299815811715694,1.0,0.36071459923462323
1_3915,1,0,1.3081303526482224,1.0,0.3672758624062964
1_3916,7,1,2.4641695051766366,0.06793465209301006,0.1351270075862352
1_3917,8,1,1.3867502087855748,0.07725530557207996,0.4075020204267982
1_3918,4,0,-1.2278932894367447,1.0,0.9592541904034765
1_3919,61,3,-0.6918322649402027,0.02340829585406519,0.98387590490367
1_3920,12,2,1.9259276933697196,0.006174537772824754,0.28789896121644976
1_3921,1,1,3.2025860980291614,0.010000000000000009,0.03187719954648982
1_3923,20,0,2.1049187428187808,1.0,0.3039440129504307
1_3927,4,1,1.7961333948659841,0.039403990000000035,0.256960859797698
1_3928,6,0,0.4376467217690686,1.0,0.6794259603071983
1_3929,1,0,1.070830923041005,1.0,0.4406461631001417
1_3931,2,1,0.3855241827793284,0.01990000000000002,0.6630390568337458
1_3932,1,1,2.7025120980226016,0.010000000000000009,0.0729687495292668
1_3933,5,1,3.402899097994423,0.049009950100000046,0.028970035149050055
1_3935,1,0,-0.16375121237455695,1.0,0.7989416864099643
1_3936,13,0,-0.15797488445127092,1.0,0.8574205721120566
1_3937,2,0,0.24053303627167513,1.0,0.7041358839873588
1_3942,1,0,-0.8215241041803607,1.0,0.9136856189156375
1_3943,1,0,1.7262805653648223,1.0,0.2503362334583884
1_3945,6,0,0.67908771134695,1.0,0.6087623232862336
1_3947,1,0,-1.7974305148051983,1.0,0.983989378294433
1_3948,4,0,0.6308210287000664,1.0,0.6064625483133755
1_3951,1,0,1.2860812702902962,1.0,0.3739360471526859
1_3953,1,0,0.935708680608897,1.0,0.4835336568259936
1_3954,1,0,0.6315888106891994,1.0,0.579998278002541
1_3959,49,1,-0.47237544686034816,0.388882760467135,0.9678635167436738
1_3960,15,0,-0.014311181293931422,1.0,0.8402386018105579
1_3961,2,0,-0.45655584639481944,1.0,0.8625683275689274
1_3962,57,1,1.1565038851018548,0.4360948095476124,0.797234127369717
1_3963,1,0,0.7496676761447035,1.0,0.5427929731577715
1_3964,20,2,3.058237857220476,0.016859337635651808,0.10893565519182957
1_3966,3,1,0.6274563960762836,0.029701000000000026,0.598888746600613
1_3967,18,1,1.9362244668289013,0.16548623854991254,0.3336124959453234
1_3972,35,1,1.7895936590544645,0.29655230500043084,0.5103493606994468
1_3973,65,7,1.53289072632761,4.1905133698340255e-06,0.7545208097993643
1_3976,3,1,2.414343441454834,0.029701000000000026,0.12117029041430372
1_3977,2,0,1.5205433612770904,1.0,0.31423972908890185
1_3983,2,0,-0.2840749672145425,1.0,0.8300744403279448
1_3987,1,0,0.1621963170087007,1.0,0.718103802566614
1_3988,1,0,-1.5790682643104024,1.0,0.9755545442900604
1_3992,1,0,1.4111861937201784,1.0,0.3367019497632172
1_3994,8,1,2.079508357796391,0.07725530557207996,0.21895305910172014
1_4,6,0,3.134143283510848,1.0,0.04887242822205473
1_4000,27,3,-0.7426600271999733,0.002444106570594271,0.9593395341195737
1_4002,2,0,1.4050785991375874,1.0,0.34758832125527905
1_4004,3,0,2.1398463834700325,1.0,0.17078269427700987
1_4005,2,0,-0.24841657221209096,1.0,0.8227870909466228
1_4006,2,0,0.6742060814918194,1.0,0.5756136563650796
1_4010,2,1,2.9326502536359165,0.01990000000000002,0.053769485805502004
1_4015,5,0,1.9858367803063728,1.0,0.2184368149942406
1_4017,4,0,0.6530274007354081,1.0,0.5996823105716182
1_4019,1,1,3.1425502685402655,0.010000000000000009,0.03546787603101553
1_4026,1,0,1.2117011467644219,1.0,0.39667162491788177
1_4029,156,7,3.467314796226464,0.0010661873831350084,0.6655695494698929
1_4033,2,0,1.7853039570920344,1.0,0.24356237348521093
1_4034,1,0,-0.45914792944536326,1.0,0.8585993582217464
1_404,125,6,3.5558835286882373,0.0017037200403560212,0.5453473600860758
1_4040,41,2,1.2500458466832491,0.0634395380024474,0.6982444037992821
1_4042,1,0,1.1063706122677976,1.0,0.4294600977253147
1_4043,1,0,1.7867985116936107,1.0,0.2352018055418179
1_4044,8,1,1.987033667502522,0.07725530557207996,0.24089832735734862
1_4046,23,1,2.4107650561819516,0.20638571635634465,0.2494919440616885
1_4048,1,0,-0.678922986858056,1.0,0.8943102212010782
1_4049,4,0,0.036156597330628634,1.0,0.7706677992691475
1_405,2,0,-0.6044177671723084,1.0,0.886818526698675
1_4051,118,16,6.667582893582977,8.890936970009694e-14,0.03277722106461245
1_4053,1,0,-0.6584565625830425,1.0,0.8912896905114327
1_4055,2,0,-3.380472285517614,1.0,0.9996896093015661
1_4059,12,1,2.9860786447683787,0.11361512828387083,0.08402909840508899
1_4060,37,2,-0.3441058567044386,0.05287802345257978,0.9450371491955631
1_4063,1,0,-0.15686718779871553,1.0,0.7973921812791287
1_4068,3,0,2.0174697989455996,1.0,0.1965934246715373
1_407,39,1,-1.693231528659608,0.3242709509397169,0.9952385606808566
1_4070,6,0,1.8027407111074298,1.0,0.2715431386006306
1_4075,2,0,1.4274993295676737,1.0,0.3410094837812734
1_4077,3,0,-1.5538897095736228,1.0,0.9763434175872119
1_409,30,3,1.923792166349821,0.0033177093188826454,0.43321526634382923
1_4091,10,0,-0.6022946491308048,1.0,0.9127429920011957
1_4093,1,0,0.7019331087702287,1.0,0.5578977634435007
1_4094,57,3,1.6803317224242114,0.019595506039313457,0.6819581012481295
1_4095,1,0,-0.19388089937949146,1.0,0.8056394214785163
1_4097,4,0,1.1939909199735164,1.0,0.43019241769095407
1_4099,5,0,1.7395329526735368,1.0,0.27993169754921177
1_41,1,0,-0.10344257928160751,1.0,0.7851262852606916
1_410,112,2,4.245931394690329,0.30850498180623387,0.3284667814343125
1_4100,95,5,3.4627990368174157,0.0027515899635285742,0.4336453436142894
1_4102,2,0,2.0186459484798704,1.0,0.18919441595690545
1_4103,1,1,2.3762660876102526,0.010000000000000009,0.11640261632520454
1_4107,1,0,-1.0171644596369684,1.0,0.9357747431265915
1_4111,1,0,1.1168803206038829,1.0,0.42616258738394286
1_4113,4,1,2.6925366794509116,0.039403990000000035,0.08649821805339486
1_4123,8,0,0.9377573042890348,1.0,0.5466297997489964
1_4126,11,1,2.022844112843171,0.10466174574128365,0.255171487844724
1_4129,3,1,3.1600726118581637,0.029701000000000026,0.039067097037433496
1_4131,6,2,4.334001633749067,0.0014604476050000025,0.004659795519238452
1_4133,3,0,-0.588896590357882,1.0,0.8881651431940008
1_4135,1,0,-1.5634235692687677,1.0,0.9748281579081028
1_4136,10,2,4.750387975074772,0.004266200242831427,0.002536880349708448
1_4137,5,0,1.4100046571920954,1.0,0.3733832956520753
1_4143,18,1,4.367599890202271,0.16548623854991254,0.011460097353172771
1_4150,10,2,-0.23479650778327713,0.004266200242831427,0.8581890349794408
1_4151,7,1,1.466618160120109,0.06793465209301006,0.3745129023539989
1_4152,8,0,0.751837804630839,1.0,0.603549673571537
1_4153,3,0,1.8128124709419058,1.0,0.2447016655183698
1_4155,127,10,5.142241199505191,7.219908151056167e-07,0.20810413283959583
1_4156,1,0,1.722111656137828,1.0,0.25139747982867
1_416,3,0,0.8247953424419515,1.0,0.5373230530985679
1_4160,5,0,1.0271536880434609,1.0,0.4917533408676833
1_4161,3,0,0.9657199641271201,1.0,0.49271233512052304
1_4162,9,0,2.0892063568080177,1.0,0.22406126249605607
1_4163,1,0,1.3012984429497942,1.0,0.3693353622108634
1_4164,1,0,-0.8550537358455308,1.0,0.9178290565621323
1_417,61,3,4.978779841442354,0.02340829585406519,0.04414165993027319
1_4170,226,12,3.4308759879724087,3.833563460838451e-06,0.7836106384754029
1_4171,1,1,2.4272919108831523,0.010000000000000009,0.10860810381559016
1_4172,2,0,0.6911709701291108,1.0,0.5703098864617802
1_4175,2,0,-0.6036931533201004,1.0,0.8867076524579367
1_4176,1,0,-1.6206160868363588,1.0,0.977398666594117
1_4179,150,11,5.9823744416763205,4.1636778992282767e-07,0.14325067379809342
1_418,14,3,2.443586348546514,0.0003351416785493981,0.1813255763454117
1_4181,4,1,2.662999030713773,0.039403990000000035,0.09024519710119572
1_4183,28,3,3.477468019933463,0.002717121867743372,0.08787304811988927
1_4185,30,0,0.26011954689013317,1.0,0.853562766511858
1_4186,11,0,-2.961622989452488,1.0,0.9993218945678511
1_4188,17,1,2.34112567179794,0.15705680661607327,0.22348957145168713
1_419,7,1,-0.5981890644036664,0.06793465209301006,0.9031762810242211
1_4191,40,0,2.9199916454296617,1.0,0.2451590742249944
1_4192,5,1,0.023681825500169413,0.049009950100000046,0.7797932982506689
1_4193,39,8,3.982906917328927,4.6670381521635276e-09,0.07067655461280709
1_4194,1,0,1.1314229415915427,1.0,0.42160826449265054
1_4198,5,0,1.0988240121890507,1.0,0.4692118191538269
1_4199,1,0,1.5778757632567708,1.0,0.28952708650509373
1_42,38,3,3.1282800924041223,0.0064969031304781205,0.189544949863809
1_4206,2,0,0.48543292904381946,1.0,0.6335015521301892
1_421,57,3,4.138325700450717,0.019595506039313457,0.11323393219445888
1_4212,6,0,-0.5638344278911348,1.0,0.8951152603714989
1_4216,4,0,-0.28350160036487,1.0,0.8399365516087278
1_4217,3,0,0.9417429590011243,1.0,0.5003113865757995
1_4220,4,0,0.4048191686462525,1.0,0.6733167226765011
1_4222,1,0,0.8615026178011573,1.0,0.5072000461128728
1_4223,3,0,1.5022292307215759,1.0,0.3283372943218916
1_4224,1,0,1.02412939910192,1.0,0.45541630757386586
1_4225,1,0,-0.6132917309786271,1.0,0.884405550887057
1_4228,104,4,2.8111088372038724,0.02088856396981174,0.6361695486497362
1_4229,1,0,1.0354452558893008,1.0,0.45183102163050815
1_423,2,0,2.2812621195891305,1.0,0.13781677552960958
1_4231,10,1,2.350263956606697,0.09561792499119559,0.1744012739035179
1_4233,18,0,0.844610693483275,1.0,0.65479574052898
1_4234,5,0,1.1258428454617329,1.0,0.46073559852068546
1_4237,1,0,0.40813440819541974,1.0,0.6482367327784349
1_424,2,0,1.1426564874158192,1.0,0.42752357523822526
1_4240,25,1,3.8695787198406664,0.2221786406008534,0.043008947679911036
1_4244,1,0,0.8297423706861642,1.0,0.5173263873500281
1_4245,12,0,2.0947342488042344,1.0,0.24511863941062717
1_4246,39,2,0.5031233593761495,0.05807465888566573,0.8462193657155606
1_4248,1,0,0.8399288511365582,1.0,0.514079464469035
1_425,11,2,2.470084425837393,0.005179717490315069,0.15748718248454396
1_4251,4,0,2.2308154354407836,1.0,0.15938605954625662
1_4252,1,0,0.8568902168792314,1.0,0.5086710929465854
1_4262,3,0,1.6472624853204823,1.0,0.2878305696926601
1_4263,6,0,-0.04410239682595771,1.0,0.8010008958322616
1_4264,6,0,-1.3373453467770193,1.0,0.9687622596036415
1_4266,1,0,0.18176101544017503,1.0,0.7127967404804707
1_4271,1,0,1.4591565959765695,1.0,0.32281612509659885
1_4272,1,0,1.491511706663713,1.0,0.31358651428743023
1_4273,1,0,1.1913615004075515,1.0,0.40295412832501687
1_4274,1,0,0.5755924580582257,1.0,0.5974158820317157
1_4275,2,0,0.10281835685347207,1.0,0.7408912299558996
1_4278,13,1,0.609921693285164,0.12247897700103212,0.6834679020845668
1_4280,1,0,0.1658950792840636,1.0,0.7171041179978744
1_4281,1,0,1.0644153126582778,1.0,0.4426707933540991
1_4287,2,0,1.404690104956937,1.0,0.34770272834516047
1_4289,11,0,-0.6138978964072257,1.0,0.9169314936760068
1_4297,21,1,2.7126582718871326,0.1902721317787416,0.17154293313781055
1_4298,5,1,0.23814723934473137,0.049009950100000046,0.7264763149446195
1_43,16,2,2.1583257705220023,0.010932892162518214,0.2596433507056922
1_430,1,0,1.1391837064091237,1.0,0.4191820640902887
1_4301,4,0,1.848669696880615,1.0,0.2437317297033489
1_4308,1,0,1.7761252213783347,1.0,0.23783375364202208
1_4311,39,1,1.2078764219544966,0.3242709509397169,0.6970136848543476
1_4313,2,0,-1.3040983981559995,1.0,0.9614230989178448
1_4315,53,4,-0.7664679450672756,0.0019819916499195477,0.9822567437224399
1_4316,16,0,0.595971420264103,1.0,0.7081580372708999
1_4321,3,0,2.0336988867274757,1.0,0.19304065428709238
1_4324,6,3,3.1618262954081677,1.955359000000005e-05,0.04670566069499349
1_4325,4,0,0.6934425154481024,1.0,0.5872663759740043
1_4326,7,0,-0.5363846951101802,1.0,0.8946021520366476
1_4327,1,0,1.076721688552687,1.0,0.43878852681287084
1_4328,3,0,-0.6653384785265558,1.0,0.8992974583939325
1_4329,2,0,1.132763218975012,1.0,0.4306194530309604
1_4331,4,0,0.5168231230979348,1.0,0.6407222997374027
1_4332,18,0,0.43761648587827134,1.0,0.7602500089430327
1_4336,1,0,1.0694826559563795,1.0,0.44107152059961685
1_4338,4,1,2.6948391096635365,0.039403990000000035,0.08621110550375954
1_4339,2,0,0.6624121865638505,1.0,0.5792928157354285
1_4346,1,0,1.962120987766203,1.0,0.194340662809954
1_4348,99,7,4.644144936558472,6.668321940696021e-05,0.19578744723701003
1_4349,2,0,1.4588600040929873,1.0,0.33188832164661297
1_4351,2,0,2.1384998682776533,1.0,0.16443425793021693
1_4352,2,0,-0.40850229752271777,1.0,0.8539741167406931
1_4353,3,0,0.45619710893711957,1.0,0.6504487146823348
1_4354,3,0,-2.4530692890397625,1.0,0.996510632789388
1_4355,1,0,-0.7209381002046817,1.0,0.9003198988964624
1_4356,26,1,0.22304666261873107,0.2299568541948449,0.8442260575186877
1_4357,2,0,-1.1353264790363058,1.0,0.9487580336305917
1_436,4,1,0.46425967478318947,0.039403990000000035,0.6561642769925848
1_4361,4,0,1.1889900598056555,1.0,0.4317486635162233
1_4362,10,1,1.8265071123178465,0.09561792499119559,0.29810941798660384
1_4363,86,5,1.7554493214802451,0.0017803194135717322,0.7909490581205131
1_4364,8,0,1.7878984952837627,1.0,0.2919537962584533
1_4365,1,0,1.021800991507877,1.0,0.4561544944645499
1_4367,20,0,2.1054873289262446,1.0,0.3037940259465417
1_4368,235,17,8.657777889771523,4.0209445682234403e-10,0.02641350005575338
1_4369,11,1,1.7434903163294921,0.10466174574128365,0.3292981586382744
1_4370,11,1,2.162058717319745,0.10466174574128365,0.22178715663613935
1_4371,29,1,-2.4868613217757676,0.2528279056684038,0.9988756377455262
1_4372,4,0,2.590545330784047,1.0,0.09994450391269893
1_4377,20,0,0.061640914908780445,1.0,0.8480759824130888
1_4379,3,0,1.5386417608015899,1.0,0.3179504642052784
1_4385,15,0,-0.19103451318153747,1.0,0.8709144345895163
1_4390,24,0,1.5761183045803482,1.0,0.48742390311777994
1_4391,4,2,4.066241643414463,0.000592030000000001,0.007132366791596789
1_4392,6,0,-0.6637256928485894,1.0,0.908702585659692
1_4394,7,0,-0.1544086727121238,1.0,0.8293830422382067
1_4398,3,1,0.15330011654866235,0.029701000000000026,0.7347276655320247
1_4400,11,0,2.5495648824636916,1.0,0.1431162593404457
1_4401,3,0,-0.7972821763640837,1.0,0.9165730847042244
1_4402,1,0,1.6144853130557624,1.0,0.2795967033240865
1_4407,48,5,2.618423115309439,0.00011970608791393637,0.3726454467294188
1_4409,3,1,0.8840567902667327,0.029701000000000026,0.5185881548306509
1_4411,29,0,2.0926329687774405,1.0,0.37740226740888183
1_4412,4,0,0.2846100089998361,1.0,0.7068784746238024
1_4413,1,0,1.0737207465706748,1.0,0.4397346995698156
1_4415,11,0,-0.38793735779323174,1.0,0.8867919511195437
1_4416,3,0,-1.9650088881226826,1.0,0.9895589102688279
1_4417,8,0,-0.6543350227558877,1.0,0.9134352617784454
1_4422,4,0,0.89257721615821,1.0,0.5250436676248847
1_4425,15,0,0.8993647934123927,1.0,0.6163854445846022
1_4428,55,1,1.6929704754579462,0.42464525002307163,0.6678570858151023
1_4430,3,0,1.5696568311700725,1.0,0.3092144415353719
1_4431,2,0,-0.5471383692819808,1.0,0.877813890891942
1_4434,1,0,1.6144853130557624,1.0,0.2795967033240865
1_4438,3,1,1.3350002157715304,0.029701000000000026,0.3776530383014035
1_4439,3,2,3.0890933002752665,0.0002980000000000005,0.04407622638304676
1_444,1,0,-0.31542709133618035,1.0,0.8312528233804478
1_4452,42,2,1.7681941433123394,0.06618232221258309,0.5666755661516945
1_4453,3,0,-2.812253201943851,1.0,0.9985738271639347
1_4455,3,0,1.7089034580715583,1.0,0.27135981712771007
1_4456,4,0,1.439531747519109,1.0,0.355565611768053
1_4457,37,2,2.710596493553603,0.05287802345257978,0.2743216188488171
1_4458,15,1,1.989199983024149,0.1399416453587116,0.2951884403944791
1_4462,244,9,4.418549931202663,0.0008918809356574597,0.621636516960526
1_4468,31,0,2.302859093532693,1.0,0.33518320511887223
1_4469,1,0,0.2193437551309672,1.0,0.7024715630118246
1_447,4,0,0.19569188925168687,1.0,0.730625533067413
1_4471,13,0,1.811123970201302,1.0,0.3271960772705369
1_4472,46,0,3.592290075508816,1.0,0.14777113072846182
1_4473,1,0,-1.1716196382404713,1.0,0.9498854288826685
1_4475,62,1,0.8345621939759521,0.46373177479281497,0.8684906162196344
1_4477,91,2,1.004189905670156,0.23100925191118446,0.9106434345984953
1_4478,6,1,3.1954513090639383,0.058519850599000056,0.04417821700542657
1_4480,2,0,1.28684554959203,1.0,0.3830023605654077
1_4481,2,0,0.057813114106771826,1.0,0.7523697110846502
1_4484,34,3,3.696312428578942,0.004746994797058528,0.08440825411982633
1_4486,3,0,1.9930859430413073,1.0,0.20200526962470566
1_4490,35,1,1.1043978373448822,0.29655230500043084,0.699050319376022
1_4491,1,0,1.1478994870343424,1.0,0.41646096633557805
1_4492,1,0,1.4235451615275954,1.0,0.33310212605317435
1_4493,14,0,-1.5204577157232373,1.0,0.9835514637945005
1_45,32,4,3.852650354505089,0.00028747364479569346,0.06231399125311943
1_4501,1,0,-0.3733321111596447,1.0,0.8426548337348175
1_4502,4,0,1.043743246982645,1.0,0.4773133959581618
1_4505,13,1,-0.17767043200342958,0.12247897700103212,0.8608110194992233
1_4506,4,0,3.3999916606049547,1.0,0.027246392874624714
1_4507,6,0,0.8577203986081646,1.0,0.5539002172843235
1_4511,47,3,3.609078050177182,0.01168584739977607,0.14967555362960916
1_4513,15,0,0.6144957872302851,1.0,0.6963999946584422
1_4517,3,0,0.2681103927538805,1.0,0.7040074052695625
1_4518,8,1,2.418380678876107,0.07725530557207996,0.1489975097057219
1_452,53,4,2.7118306747852814,0.0019819916499195477,0.3816030065950986
1_4521,11,0,1.0832075554579605,1.0,0.5278056787516253
1_4527,26,3,4.232347467390115,0.0021887611748319237,0.024939371904908914
1_4528,10,0,0.42600113004973467,1.0,0.7117964182083896
1_4529,4,1,1.2586373528950958,0.039403990000000035,0.4101806791579141
1_4531,42,2,3.1289013105562913,0.06618232221258309,0.21224413755775484
1_4534,12,1,4.08258559399527,0.11361512828387083,0.0130241462946048
1_4538,3,0,1.4043251372551175,1.0,0.3569112673262419
1_454,2,0,0.7538382102697984,1.0,0.5506151804440882
1_4540,4,0,1.2587307023914378,1.0,0.41015193749360634
1_4546,6,0,0.8386270168327582,1.0,0.5598334018806075
1_4548,1,0,-0.5258046548691736,1.0,0.8702020591667894
1_4549,1,1,2.704675931926901,0.010000000000000009,0.07272921472041682
1_455,1,0,-0.6498749504358742,1.0,0.8900048746183764
1_4550,3,0,1.7429708932465442,1.0,0.2624628138790267
1_4551,15,0,1.5483486000551863,1.0,0.42042389666525914
1_4552,1,0,2.1150185069694163,1.0,0.1624916606995377
1_4553,1,0,2.133390423401352,1.0,0.15890723575245036
1_4554,3,0,2.195983845462092,1.0,0.15970371499651326
1_4559,12,0,1.5757130511035982,1.0,0.38628987616238675
1_456,102,7,2.1482976079650906,8.059611105579767e-05,0.7699746325047438
1_4563,3,0,2.1637612266961406,1.0,0.16600419773822828
1_4566,118,10,8.396359486836594,3.650044083409208e-07,0.0019366734147125975
1_4567,6,1,2.447044180487982,0.058519850599000056,0.13238651338376028
1_4570,2,0,0.4256872801034275,1.0,0.6512733569538638
1_4572,1,0,1.6144853130557624,1.0,0.2795967033240865
1_4575,4,1,2.325878339256947,0.039403990000000035,0.1417997963478127
1_4576,1,0,1.4554066373361845,1.0,0.3238930733217369
1_4577,1,0,-0.5227237905887689,1.0,0.8696807610259453
1_4578,200,15,5.810420481830918,2.577540124194724e-09,0.2760733482287534
1_4580,2,0,0.17105706901783446,1.0,0.7229767398457887
1_4582,8,0,0.988352977766777,1.0,0.5309203562320137
1_4583,26,0,-0.09310606801444003,1.0,0.8936936702046288
1_4585,1,0,1.9407296665501084,1.0,0.19908148259041758
1_4587,25,0,-1.068437351977282,1.0,0.9747188029627443
1_4588,1,0,0.2239875381697536,1.0,0.7011840915111243
1_4596,1,1,2.4278333534207275,0.010000000000000009,0.10852745855467139
1_4598,17,2,3.396026341444933,0.012308985529944274,0.058999737306248745
1_46,13,0,1.2252618138448408,1.0,0.501405771335673
1_460,1,0,-0.3505326385190421,1.0,0.8382273075729503
1_4600,3,0,1.7964015221689704,1.0,0.24881606397543266
1_4603,16,0,0.7387397323559637,1.0,0.6696853968716927
1_4604,53,1,1.5311307391345492,0.4129632180625156,0.6966433937439143
1_4605,4,0,1.3290485507380732,1.0,0.3886491768235286
1_4606,8,1,3.1593404547913284,0.07725530557207996,0.05259506389808555
1_4607,34,1,1.0317563765756725,0.2894467727277079,0.7112035958009394
1_4609,77,5,3.883001197632785,0.0010874260040674216,0.24428770818904977
1_4613,25,1,2.0250318535528047,0.2221786406008534,0.3649860389639076
1_4614,3,0,-1.4975829684163637,1.0,0.9737342294163778
1_4618,1,0,0.4898272587356331,1.0,0.6237111678785039
1_4619,13,1,1.399128777675924,0.12247897700103212,0.44813400280039506
1_462,7,1,2.6156227978102375,0.06793465209301006,0.11098830427313167
1_4620,4,0,2.035190999565596,1.0,0.19987661548466806
1_4623,1,0,1.139892812107491,1.0,0.4189605323962704
1_4629,2,0,0.5148798947614343,1.0,0.6246330189510547
1_463,65,2,2.4226674951596165,0.13802176045807787,0.5361859341550484
1_4630,1,0,-0.2989839392518761,1.0,0.8279205551149733
1_4631,1,0,1.3020373439915662,1.0,0.3691124361021436
1_4632,8,1,0.9955850527520231,0.07725530557207996,0.5286703539640389
1_4633,1,0,1.6610236348769671,1.0,0.2672168260270805
1_4635,1,0,0.5436375713272724,1.0,0.6072717740494984
1_464,3,1,2.071176509412809,0.029701000000000026,0.18498737994590586
1_4640,1,0,0.44779002922943273,1.0,0.6364011096328711
1_4642,2,0,0.804984491595723,1.0,0.5344459826885172
1_4643,4,1,1.866026134658106,0.039403990000000035,0.23944342215518621
1_4644,11,0,2.3688177726852566,1.0,0.17712567645726263
1_4650,1,0,-0.03392705353632762,1.0,0.768537502937033
1_4651,8,0,2.0910297925900885,1.0,0.21630183297658656
1_4656,1,0,2.1142809082829275,1.0,0.16263665894732937
1_4658,6,0,1.8364486038222736,1.0,0.2628190041687114
1_4663,13,0,0.6035741104676949,1.0,0.6852060334716548
1_4664,10,0,0.4828406842226222,1.0,0.696536247755289
1_4665,71,7,4.671935201065091,7.597282568556618e-06,0.09474394308430933
1_4669,4,0,1.057666043392769,1.0,0.4729232460919818
1_467,14,2,3.0902215383009617,0.008401244011166185,0.07973997687688017
1_4670,10,1,1.5925386981211358,0.09561792499119559,0.36391881537170023
1_4671,5,0,-1.0860688743873783,1.0,0.9502787913328624
1_4673,22,3,4.316218828326019,0.0013356291937811095,0.016688680586829152
1_4675,1,0,-1.558438230146798,1.0,0.9745929208082988
1_4677,5,0,1.7294914603304616,1.0,0.2826059518942098
1_468,10,0,1.6723393100735096,1.0,0.3408937406482314
1_4681,2,0,1.0598905662806437,1.0,0.4535425904703365
1_4684,9,0,-1.4519387853232337,1.0,0.9773663230651624
1_4686,1,0,-0.4404631720526756,1.0,0.8552245458663483
1_4688,24,3,2.3799658923122307,0.0017294268470260496,0.2640291166779374
1_469,69,6,4.83175313041489,6.991531977345615e-05,0.07295598515336454
1_4690,125,12,7.0480217808981855,6.19837187502007e-09,0.024063947379504236
1_4691,1,0,1.598827260782544,1.0,0.2838236941507407
1_4696,1,0,2.1244068943325978,1.0,0.1606534299871527
1_4699,2,0,0.5644224284527487,1.0,0.6095648409352843
1_47,19,1,1.8304062987603598,0.1738313761644134,0.37155411362334045
1_470,11,1,1.7618212635982369,0.10466174574128365,0.3241750858923331
1_4700,19,2,4.747160381973305,0.015273761488896639,0.005632772846522305
1_4701,69,5,2.0262936499355333,0.0006606076155544952,0.660717882177282
1_4708,10,0,0.464289466046416,1.0,0.7015564663321139
1_4712,10,1,-0.874817192871062,0.09561792499119559,0.9417515388412595
1_4713,1,0,-0.7269741359650286,1.0,0.9011623367966911
1_4714,3,0,0.5303414996239091,1.0,0.6284030284819843
1_4716,3,0,2.1526091883184413,1.0,0.1682216680920121
1_4717,1,0,2.0364067520039084,1.0,0.17841806677011895
1_4718,6,1,0.5766677137950746,0.058519850599000056,0.6393391927867621
1_4719,7,0,-0.5135845885895237,1.0,0.8913043132938678
1_4721,1,0,-0.5422995000152656,1.0,0.8729685025679557
1_4723,3,0,-0.6793473357015792,1.0,0.9012467611031914
1_4729,6,0,1.1075571533555928,1.0,0.47564576451024276
1_4740,3,1,2.5278201790229993,0.029701000000000026,0.1039591225930303
1_4745,13,0,-1.431579138503438,1.0,0.9798006379374459
1_4746,6,0,1.3080864410179247,1.0,0.4133680791175799
1_4748,2,0,1.8695951399705901,1.0,0.2230086809147045
1_4750,4,1,0.9262899290841722,0.039403990000000035,0.5144059038031361
1_4752,9,1,-0.41738728056489716,0.08648275251635919,0.8840766655401313
1_4754,3,0,1.8230760276177755,1.0,0.24214722297197255
1_4755,7,1,2.9116228431108317,0.06793465209301006,0.07304339028255558
1_4756,4,1,0.52858643322349,0.039403990000000035,0.6372337087405784
1_4763,1,0,1.8271650036754419,1.0,0.22539466125333263
1_4764,4,0,1.503191820661864,1.0,0.3369680798027985
1_4765,1,0,-0.5347902584536709,1.0,0.8717142154880227
1_4767,10,1,4.1719595158550815,0.09561792499119559,0.00931750050505431
1_4769,13,0,2.575859849405779,1.0,0.14995686135422814
1_4778,16,1,1.1086479560005085,0.1485422289051245,0.5622650857014337
1_4779,2,0,1.4364665826011773,1.0,0.3383915914978116
1_478,3,0,0.006131858865435433,1.0,0.7715906689243387
1_4781,1,0,0.6932348834890524,1.0,0.5606417806689319
1_4782,5,0,1.469844325932505,1.0,0.3556372799301709
1_4783,2,0,1.154793748305738,1.0,0.4237315963634145
1_4786,3,0,1.1608235783630458,1.0,0.4312186315178592
1_4788,2,0,-0.32285771939352537,1.0,0.8377788989479751
1_479,2,1,2.63927125598902,0.01990000000000002,0.08448463848008825
1_4794,1,0,-1.0522444732558607,1.0,0.9392238472232612
1_480,2,0,-1.6608003269859475,1.0,0.9799027875381464
1_4803,14,0,2.1965956029237335,1.0,0.2355528508390088
1_4806,4,0,1.6815884149925842,1.0,0.28704746459232
1_4808,1,0,0.27334467074492486,1.0,0.6873465168123323
1_482,15,0,-0.9409970880323124,1.0,0.9558875024071541
1_4821,5,0,2.3907189932460273,1.0,0.1362969902012956
1_4822,1,0,1.2176792639260086,1.0,0.39483011584934724
1_4824,1,0,-0.7515774640339427,1.0,0.9045422964652399
1_4829,1,0,0.7849150115044885,1.0,0.5315984871763385
1_483,1,1,2.3878924038998623,0.010000000000000009,0.114592628533292
1_4832,3,0,0.07653323229504864,1.0,0.7543251749280462
1_4834,2,0,2.113709552415126,1.0,0.1693752621969764
1_4837,3,0,-0.9316202674684823,1.0,0.931771005659561
1_4838,1,1,2.3918160635771324,0.010000000000000009,0.11398633660085045
1_4839,1,0,-0.16222179143411175,1.0,0.7985980490387636
1_484,14,1,2.0955138802170676,0.13125418723102178,0.260089710533427
1_4840,1,0,1.4445453241516129,1.0,0.327020629477785
1_4844,4,0,0.3824560108520376,1.0,0.6796786793488068
1_4848,10,1,0.7212657387055504,0.09561792499119559,0.6289818706826844
1_4850,1,0,-1.423775949112701,1.0,0.9675080774932371
1_4851,10,0,0.1524686635873572,1.0,0.7797153926648613
1_486,21,1,1.0122268729227384,0.1902721317787416,0.6296375931530287
1_4860,4,0,0.25187534485077123,1.0,0.71573309826717
1_4863,1,0,2.050656192011856,1.0,0.17546047047009106
1_4867,1,0,-0.2543297733885299,1.0,0.8186610129664869
1_4869,46,2,1.7424841387439274,0.07753104520738682,0.6005188605465923
1_487,7,1,1.038792680850987,0.06793465209301006,0.5062607412078675
1_4873,1,0,2.3193645890612014,1.0,0.12555342987969853
1_4874,1,0,-0.5880581235472085,1.0,0.8804271897235342
1_4876,8,0,0.7421814234573834,1.0,0.6064573489242755
1_4877,3,0,0.822909661962634,1.0,0.5379180557827616
1_4878,13,0,1.3439897294920595,1.0,0.4649730258430511
1_4879,2,0,-0.47037127654976096,1.0,0.8649739212658512
1_4884,1,0,-0.060647931418989345,1.0,0.7749970258129766
1_4885,9,0,0.9343285712068861,1.0,0.5563829481124332
1_4887,32,2,1.444691792970828,0.040682585752739156,0.5872970145904818
1_489,1,0,0.8412115698971325,1.0,0.513670529467615
1_4892,5,0,-0.9242722288618088,1.0,0.9357239157068435
1_4893,4,0,1.1188772174790365,1.0,0.4536681789402651
1_4894,1,0,0.1251585897311987,1.0,0.72801921545569
1_4895,40,0,1.8262941665790637,1.0,0.5363027064638208
1_4897,2,0,0.3515263863068941,1.0,0.6728760224677804
1_4898,5,0,0.7162103749396783,1.0,0.5889303731342524
1_4899,21,1,1.2581490211881563,0.1902721317787416,0.5580090473555327
1_49,1,0,-0.28232403187433674,1.0,0.8245018283967539
1_4901,8,0,-0.7588483895482696,1.0,0.9256234102533121
1_4902,2,0,-0.7445078000708447,1.0,0.9068220467482184
1_4903,3,0,1.4298096622544565,1.0,0.3493877773753692
1_4906,1,0,0.1838135575181476,1.0,0.7122372444434242
1_4908,5,0,0.3977096320588958,1.0,0.6830438604565539
1_4911,17,1,3.906706810195698,0.15705680661607327,0.025478201481870966
1_4917,20,2,1.1692073745670795,0.016859337635651808,0.5764207363657161
1_4920,44,0,2.5660868036296303,1.0,0.35893194073633605
1_4922,6,0,2.7987256146933777,1.0,0.0819713831646014
1_4924,1,0,-0.31447947880287497,1.0,0.8310619194951124
1_4927,18,0,1.1045597019368245,1.0,0.5796760461261202
1_4936,1,0,-1.7272950930774824,1.0,0.9816040003902862
1_4938,11,0,0.8845871598142426,1.0,0.588485992004294
1_4940,89,3,3.836291767988426,0.06031008168644053,0.3139494627703856
1_4944,2,0,0.5946465362769784,1.0,0.6002891651460601
1_4945,1,0,0.12936201843556314,1.0,0.7269026923105717
1_4947,3,0,1.2303185030313277,1.0,0.4096349547418079
1_4950,81,3,4.517420537636391,0.04799607253880233,0.1484900870336605
1_4952,61,4,3.4559279919176853,0.003316297527727509,0.250882252523837
1_4953,8,0,1.2978093226430505,1.0,0.4346999050213316
1_4956,12,2,2.176717951432495,0.006174537772824754,0.22564636594974785
1_4957,4,0,-0.39329259322354454,1.0,0.8601836306517355
1_496,7,0,0.9337800180370326,1.0,0.5390631347574973
1_4960,1,0,1.0759458828262674,1.0,0.4390330987892024
1_4963,1,0,0.13434680960893342,1.0,0.7255756845221051
1_4966,1,0,0.15048257161251014,1.0,0.721258461569915
1_4967,1,0,-0.28179148558940825,1.0,0.8243918409046094
1_4968,12,0,-0.02385074713295604,1.0,0.8280827970485639
1_4969,2,0,0.6448491549145043,1.0,0.5847587767685736
1_4972,102,3,1.0703883622096735,0.08308898511056015,0.9207662871060505
1_4974,44,3,4.845381461777854,0.009757879166870534,0.02429550596776553
1_4977,62,5,3.4666784053495334,0.0004029577704085438,0.2540750444033745
1_498,3,0,1.4087977993920688,1.0,0.35558672457369944
1_4980,1,0,1.7379668789615967,1.0,0.24737404630926285
1_4982,49,5,2.686680246913127,0.00013221002446730075,0.3614651290074056
1_4983,2,0,2.2407360369018696,1.0,0.14505499362722785
1_4984,1,0,1.2324881781393184,1.0,0.3902785426097054
1_4986,1,0,-1.620120102229859,1.0,0.9773773638657088
1_4987,9,1,-0.6921519125995732,0.08648275251635919,0.9207042509850991
1_4989,1,0,1.2205310666733007,1.0,0.39395246615564883
1_4992,1,0,1.955502759290614,1.0,0.19580002177623923
1_4995,9,0,0.9529283852972822,1.0,0.550650229640503
1_4997,4,2,3.258822391102831,0.000592030000000001,0.0350625794061431
1_4998,2,0,0.37960667066200876,1.0,0.6647595127744244
1_5000,2,0,1.1391059060906445,1.0,0.42863414752442164
1_5002,5,0,0.7840712099015683,1.0,0.5679758529558441
1_5005,1,0,-1.5560373966743588,1.0,0.9744789803606884
1_5007,122,11,6.698690584942357,5.068380376242048e-08,0.03543059959680517
1_5010,1,0,-0.6000774803240527,1.0,0.88233406215743
1_5011,10,1,-1.1022926918393272,0.09561792499119559,0.9596331288528619
1_5012,9,0,1.6128737224428822,1.0,0.34930580330450234
1_5015,46,3,2.662944190535195,0.011020744391618396,0.3473255583512429
1_5019,17,1,2.4888183278308804,0.15705680661607327,0.19137160994510483
1_5020,54,3,3.5924328163331785,0.01698022515559389,0.18642982917093187
1_5021,1,0,0.12500195830262636,1.0,0.7280607762935843
1_5025,1,0,1.819890512673673,1.0,0.22714472664258767
1_5027,59,4,3.521490838989222,0.0029381575166413983,0.2262083885257573
1_5028,15,0,-0.4912362794073458,1.0,0.9131696523012467
1_503,5,0,0.9550840093937238,1.0,0.5144469256436556
1_5031,25,3,3.6968143235440127,0.001950676889738825,0.056107157973668054
1_5033,10,0,1.7023807391525965,1.0,0.33237167002004164
1_5034,61,6,4.931321454603831,3.4665967600851515e-05,0.04722894564553648
1_5037,1,0,-0.5091609675708547,1.0,0.8673686486798411
1_5038,1,0,2.121442047271993,1.0,0.16123246913943134
1_5039,3,0,1.8471010883791592,1.0,0.23622470153146646
1_5040,4,0,1.9331895994039492,1.0,0.22324393066049553
1_5042,1,0,1.5263974593727585,1.0,0.30376426873180384
1_5043,2,0,-0.4802147540347795,1.0,0.866670184500254
1_5044,68,9,5.705814117393091,2.895023555456052e-08,0.01989896177071271
1_5049,1,0,0.1343010537754234,1.0,0.7255878796995504
1_5052,2,0,1.799578568073362,1.0,0.24001123404871583
1_5054,5,0,1.3563829456297731,1.0,0.38951806362369756
1_5055,1,0,-1.8827474624107052,1.0,0.9865292794363714
1_5056,6,1,-1.3109519740430176,0.058519850599000056,0.967272376891861
1_5058,27,1,1.200956602304948,0.23765728565289646,0.620147087453041
1_5060,2,0,2.525705209552686,1.0,0.0993947118715468
1_5061,12,1,2.1209596296955007,0.11361512828387083,0.23879320653009106
1_5062,24,4,5.226298995367822,9.053764174621837e-05,0.002947760353122386
1_5064,2,0,0.7745097153716662,1.0,0.5440887473296181
1_5065,1,0,0.83383955914228,1.0,0.5160205416959217
1_5066,26,3,4.859987608734322,0.0021887611748319237,0.007624496936471381
1_5070,1,0,1.6626624334397069,1.0,0.2667859767360946
1_5075,125,7,5.443572558974055,0.00028525408309379175,0.15483251696242628
1_5076,1,0,-0.014578314421825743,1.0,0.7637963113537539
1_5079,10,2,4.374304803671408,0.004266200242831427,0.00603625433821553
1_5080,1,0,-0.5095907580099992,1.0,0.867442347712437
1_5081,4,1,2.0046598698510403,0.039403990000000035,0.20671191535391076
1_5083,1,0,0.30532504882183026,1.0,0.6782358276590215
1_5086,11,0,0.6128154629604063,1.0,0.6679389291138306
1_5088,1,0,-0.886330608123172,1.0,0.9215573649045259
1_509,7,0,-0.4580647726367853,1.0,0.8829651099850127
1_5093,60,3,2.133723103498394,0.022420164788835444,0.5830371533821187
1_5094,2,0,0.24053303627167513,1.0,0.7041358839873588
1_5098,4,1,3.8235975456483917,0.039403990000000035,0.011961365999669238
1_51,5,1,2.937045041866371,0.049009950100000046,0.06320747546680194
1_5102,1,1,2.403927944533593,0.010000000000000009,0.11212921014063437
1_5107,1,0,0.6319610944648597,1.0,0.5798819130940145
1_5109,1,0,1.0644153126582778,1.0,0.4426707933540991
1_5110,50,3,2.925994643052441,0.013817270830600421,0.3073917411085638
1_5111,3,0,-0.08023102804450839,1.0,0.791807338062374
1_5112,1,0,-1.1728997745222336,1.0,0.9499911027782839
1_5114,5,2,4.2874435366099775,0.0009801496000000018,0.004737331749588902
1_5115,96,9,4.8939315235544,5.923818523777469e-07,0.14548987581509487
1_5116,239,23,8.784033244190072,8.206943864735924e-16,0.02356285507230982
1_5118,19,0,2.188711634740848,1.0,0.27465019933691215
1_5119,1,0,2.2652297240543215,1.0,0.1347144814560992
1_5123,7,0,1.1066176059625503,1.0,0.4850380157620323
1_5124,2,0,0.6869742115505056,1.0,0.5716231487183936
1_5125,1,0,-0.5258046548691736,1.0,0.8702020591667894
1_5128,20,0,-1.383635799672446,1.0,0.9829307854399003
1_5131,1,0,-0.4565364026442223,1.0,0.8581309003843237
1_5133,23,2,2.15412193701731,0.02201068076236393,0.314136036406369
1_5137,19,1,1.4986388142642428,0.1738313761644134,0.4694120221175877
1_5140,124,9,5.918268388958068,5.0458042665128065e-06,0.09472018060504084
1_5141,42,1,-0.595177179463159,0.3443407794258564,0.9676070348173611
1_5142,6,1,2.1124367573294562,0.058519850599000056,0.19714458741115615
1_5143,2,1,2.413473831440159,0.01990000000000002,0.11593476601423802
1_5144,36,0,3.9712443126885777,1.0,0.06305457316784047
1_5146,3,0,2.431930591595428,1.0,0.1183790187028253
1_5148,30,2,0.8583903268878325,0.036147998312240706,0.7300959717114675
1_515,3,0,0.16026338492861866,1.0,0.732911574194325
1_5155,1,0,1.33054102141087,1.0,0.360547143777174
1_5157,2,1,3.413216425070415,0.01990000000000002,0.0231648197350246
1_5159,51,0,3.0461558631623507,1.0,0.2848270288801459
1_516,1,0,-1.1519839712779825,1.0,0.9482421139726604
1_5160,116,5,3.905257197546958,0.006418852904621919,0.42438952672146835
1_5166,3,0,2.5154895279913707,1.0,0.10573855943763488
1_5167,5,0,-0.09322857384974058,1.0,0.8061477006663921
1_5169,40,0,0.7458539767634341,1.0,0.8058167615350906
1_5170,132,5,4.180839911436219,0.010873610758956365,0.4248928817690921
1_519,1,0,1.6635528549849472,1.0,0.2665520272224877
1_522,45,0,0.9343199328911658,1.0,0.7903133155400419
1_523,42,3,2.7838452862608287,0.008583853799733485,0.28994376870927885
1_524,11,0,0.11097664102798685,1.0,0.7947655896259587
1_525,5,1,2.777110190751227,0.049009950100000046,0.08043728556373919
1_529,88,5,2.8095351914706885,0.0019701175863922576,0.5628955603274024
1_530,2,0,-0.042919463860539415,1.0,0.7770452738438504
1_534,8,0,1.706715054414313,1.0,0.3141227050080664
1_538,1,0,0.1621963170087007,1.0,0.718103802566614
1_539,42,1,1.8786036624415545,0.3443407794258564,0.5356527412968906
1_541,9,0,-0.13628726229578783,1.0,0.8355834984333805
1_542,87,5,3.555112477826359,0.0018734622524773262,0.3697009231054693
1_544,88,4,0.9655818762209489,0.011994656503854595,0.9096077606176189
1_545,1,0,-0.5258046548691736,1.0,0.8702020591667894
1_547,13,1,1.2141499631459385,0.12247897700103212,0.5048196533885676
1_551,39,2,2.93553406393448,0.05807465888566573,0.23546314634181487
1_552,8,0,-3.0462587417394476,1.0,0.9993870310437607
1_554,38,1,0.48075593051938487,0.31744540498961304,0.8463049331095194
1_555,67,4,3.042533806103677,0.004646395783591081,0.38445420631433924
1_557,9,1,1.3636553955713249,0.08648275251635919,0.42351771968646856
1_558,1,1,3.0196694921463947,0.010000000000000009,0.04385228258581553
1_560,1,0,1.3060901565763852,1.0,0.36789048899832943
1_561,157,13,6.15767348218154,8.899828502882445e-09,0.1355867937195543
1_562,27,4,0.21890677277430057,0.00014599800873314994,0.8489739994940776
1_565,10,0,1.8490746663077582,1.0,0.2920569476658974
1_566,11,0,2.3901023448460372,1.0,0.17287459519138548
1_567,16,1,1.8673901842376506,0.1485422289051245,0.33636996769256855
1_570,15,2,3.855789293821622,0.009629773443364747,0.024579938745630248
1_571,3,0,-0.5657079820309436,1.0,0.8846203483431254
1_575,9,0,-1.1451099977301007,1.0,0.9610459573445929
1_576,1,0,0.13313780146438298,1.0,0.7258978282906379
1_578,6,1,3.4675012854573497,0.058519850599000056,0.02754162858613951
1_580,1,0,1.6971615617875093,1.0,0.2577982027447743
1_582,4,0,0.7445495733819868,1.0,0.5714414054682158
1_588,23,0,2.834555126419815,1.0,0.16035051681931212
1_59,5,0,2.068680994716385,1.0,0.19964697584306812
1_590,125,7,5.72616826828731,0.00028525408309379175,0.11799540384065077
1_591,1,0,1.375428146022808,1.0,0.34720085911900134
1_593,1,0,1.1063009055077075,1.0,0.42948198551871253
1_595,52,4,3.9075297134696525,0.0018469347399827855,0.12565865325247927
1_597,2,0,-0.2917819710944289,1.0,0.8316238750289637
1_598,37,1,1.4266618201542194,0.31055091413092223,0.6271033877114512
1_600,1,0,0.16481042283093558,1.0,0.717397450344375
1_602,4,0,-0.3204819933430992,1.0,0.8469603040513756
1_604,32,0,-0.2992696831411132,1.0,0.9322220466444335
1_605,2,0,1.3395955808600093,1.0,0.3670607904626211
1_606,23,0,1.576226945964797,1.0,0.47927032868272845
1_62,123,3,1.7164315034384796,0.12622270168839414,0.8846682277916675
1_623,3,0,1.7945497726877246,1.0,0.2492826185278022
1_624,1,0,-0.8829982815243922,1.0,0.9211663529020983
1_625,2,0,1.4099184010622834,1.0,0.3461642214872108
1_63,4,0,2.3617177939570455,1.0,0.13552433663042818
1_631,3,0,1.1216477446613669,1.0,0.4434813782297843
1_635,1,0,-0.3289591033361065,1.0,0.8339638170602806
1_637,32,4,2.907184821346999,0.00028747364479569346,0.19875841650020032
1_638,11,0,-0.11435728938266154,1.0,0.8407789435420374
1_64,3,0,-0.07600044790086158,1.0,0.7908422756616466
1_640,4,0,-1.11317610844282,1.0,0.95065596045292
1_646,1,0,1.6234375084649342,1.0,0.27719381020622524
1_660,14,3,4.8500426925705264,0.0003351416785493981,0.0029074172566513345
1_662,27,3,3.48378522921284,0.002444106570594271,0.0834600036976243
1_663,73,8,2.250212054895122,7.539741908117917e-07,0.6261848002799681
1_664,4,0,0.35083218327828813,1.0,0.6885853822840535
1_666,1,0,0.21875297516668146,1.0,0.7026351727992574
1_668,1,0,1.2937168584458125,1.0,0.37162524918595186
1_669,1,0,1.278263219010631,1.0,0.37630676782209693
1_672,1,0,1.6383046028134085,1.0,0.2732257340709704
1_673,56,4,3.606577359418423,0.0024278501662644888,0.19385278850643162
1_675,4,1,1.6342728570961473,0.039403990000000035,0.29994455017933774
1_677,1,0,-0.886330608123172,1.0,0.9215573649045259
1_688,1,0,1.2528090700453787,1.0,0.3840573592271631
1_689,1,0,1.6144853130557624,1.0,0.2795967033240865
1_692,91,5,3.3415665143836373,0.002281935065738534,0.4434598585229965
1_693,1,0,-0.07125566461964727,1.0,0.777532739395389
1_694,7,2,4.298641064871136,0.0020310416349400033,0.005517730192879489
1_695,35,0,1.334247281728159,1.0,0.6388473001260389
1_699,8,1,-0.07685650221970373,0.07725530557207996,0.8187497087983613
1_7,1,0,1.6165887588503642,1.0,0.2790312015850783
1_70,7,0,1.8799705263336324,1.0,0.25972657955380996
1_701,2,0,0.4829403993983748,1.0,0.6342490402851066
1_702,55,3,4.692758287075569,0.017828760140394417,0.05161740842831197
1_704,3,0,3.073091561401397,1.0,0.045274179425133454
1_705,3,0,0.3058089050154741,1.0,0.6935755767021516
1_706,45,2,-0.18052243925056594,0.07463929299800556,0.9444659191800979
1_71,1,0,-0.39170824132621784,1.0,0.846164846058848
1_710,6,1,1.046531364730903,0.058519850599000056,0.49478941897184436
1_713,11,2,3.1330848012280343,0.005179717490315069,0.06443768369011349
1_715,11,0,-1.087446971935887,1.0,0.9600824512662968
1_716,1,0,-0.5141706584094384,1.0,0.8682259416558267
1_718,137,4,2.1358578455489927,0.04950727797664421,0.8552904913497552
1_721,15,2,1.661990401215111,0.009629773443364747,0.38674827178344817
1_722,96,2,2.403295360131827,0.24945264615770474,0.6960846212853025
1_723,25,0,0.18883251574499924,1.0,0.8461963348681145
1_724,205,10,1.5299586561869079,4.9407941688638624e-05,0.9591134691026316
1_725,34,3,0.8994958794704717,0.004746994797058528,0.743073072874511
1_730,1,0,1.0644153126582778,1.0,0.4426707933540991
1_732,35,1,0.03403127628629232,0.29655230500043084,0.9025227610245785
1_736,24,0,2.826881084509536,1.0,0.16746133222162296
1_737,1,0,-1.516869957448387,1.0,0.9725589018797843
1_739,1,0,-0.11171952189274648,1.0,0.787054367257727
1_740,1,0,1.1913615004075515,1.0,0.40295412832501687
1_741,2,0,-0.33150128276078633,1.0,0.8394645145328921
1_742,114,7,4.3350905303505005,0.00016186504770439322,0.31737176935829503
1_746,2,0,0.9391895185168785,1.0,0.4918166532508076
1_749,6,1,3.6503070496289824,0.058519850599000056,0.01960024768605484
1_751,6,0,0.24558744380320988,1.0,0.7314595668332647
1_754,4,0,-1.5409562878617589,1.0,0.9767057676571171
1_758,1,0,-1.6588511018859362,1.0,0.9789907325306303
1_763,31,3,2.5909536706985774,0.003646012208816228,0.2622780759155702
1_765,2,0,2.506908988511498,1.0,0.102037486808637
1_766,1,0,2.2920397766215643,1.0,0.13012170474779738
1_769,1,0,-1.1682895230365302,1.0,0.9496096973576645
1_774,15,1,2.2160026180277184,0.1399416453587116,0.23825962337093975
1_776,10,1,1.4095489207190857,0.09561792499119559,0.41848058154022705
1_777,2,0,1.3350904248496887,1.0,0.3684138159931595
1_779,1,0,-0.7021413777562497,1.0,0.897662889265934
1_780,5,0,-0.638194138238227,1.0,0.9021669898013549
1_787,1,1,2.733480006353549,0.010000000000000009,0.06959770802575482
1_79,2,0,-0.421437442852016,1.0,0.8563222672156384
1_792,9,1,-1.8803878067843889,0.08648275251635919,0.9902591868418208
1_793,4,0,0.9552947642852582,1.0,0.5052451762303166
1_794,3,0,0.4776741531985314,1.0,0.644111030055397
1_795,1,0,0.46509693613318276,1.0,0.6311938037082125
1_796,9,1,1.0061519018875504,0.08648275251635919,0.5341915743063161
1_8,9,0,1.4296703228819865,1.0,0.40347282595514544
1_80,17,0,-1.5944146137869621,1.0,0.9872726528761989
1_802,24,4,4.732201599654011,9.053764174621837e-05,0.008537731162440942
1_809,46,3,0.9708629639252131,0.011020744391618396,0.7873535865472081
1_81,1,0,1.614367577602759,1.0,0.27962837239419436
1_811,41,4,3.7549318824949482,0.0007537239966933208,0.10301311228936028
1_813,1,0,-0.5103058570908302,1.0,0.8675649079852141
1_815,31,1,2.2813283335847934,0.2676966303456026,0.3409400013390137
1_824,3,0,2.2671359146018846,1.0,0.1463528608361806
1_83,8,0,0.6241612618729467,1.0,0.6414707664162027
1_830,1,0,0.1621963170087007,1.0,0.718103802566614
1_832,21,1,0.7345340272773492,0.1902721317787416,0.7053188249755395
1_833,48,3,2.7810174791187716,0.012373563910211128,0.33046948873689086
1_834,5,0,1.5158550904442436,1.0,0.3421997452261094
1_842,6,0,2.090503044945522,1.0,0.20197029312515746
1_844,4,2,4.109301007290767,0.000592030000000001,0.006484359538016182
1_845,1,0,1.6144853130557624,1.0,0.2795967033240865
1_846,8,0,1.5789679143003088,1.0,0.3503796545808002
1_847,8,3,4.619206292867028,5.3933321197900146e-05,0.002873683885950773
1_848,8,0,1.5520731336368174,1.0,0.3582041686263995
1_849,5,0,1.4700255590016742,1.0,0.3555839835866228
1_854,17,1,1.3282548622499661,0.15705680661607327,0.5041169979466245
1_855,9,1,2.0388891175205845,0.08648275251635919,0.2359715866389518
1_858,11,0,-0.2587181086717819,1.0,0.8663969396674576
1_859,2,0,2.2652736031002854,1.0,0.14064244203601384
1_863,6,0,2.3413019874986767,1.0,0.15104358090774328
1_865,3,0,-0.42180658610577587,1.0,0.8608353041010895
1_866,1,0,-0.9076315490829255,1.0,0.9240221350097759
1_871,2,0,-0.12157243734409814,1.0,0.7952973804213384
1_872,1,0,0.880301685098609,1.0,0.5012036025620707
1_873,6,0,-2.266695335243104,1.0,0.9952601038935535
1_875,1,0,0.1621963170087007,1.0,0.718103802566614
1_880,1,0,-1.2111560584466623,1.0,0.9530679240272275
1_884,46,1,2.3056679988213697,0.37017636879676774,0.4438067756745431
1_887,1,0,0.8628529539598091,1.0,0.5067693599361802
1_888,17,1,0.17543821654479624,0.15705680661607327,0.8126214004405705
1_889,2,0,1.8098079394974527,1.0,0.23748390863543678
1_89,1,0,1.2873400784574969,1.0,0.3735547728823636
1_892,5,0,1.746530958200505,1.0,0.27807527071622185
1_893,1,0,1.1633621240891576,1.0,0.4116433929840201
1_894,7,0,0.6220527250742037,1.0,0.6340562668144871
1_896,27,2,0.641852619648192,0.029745636285504362,0.764020729847078
1_898,5,0,0.8894847179574707,1.0,0.5350643891430851
1_900,12,1,-0.6430954676226256,0.11361512828387083,0.9229163960888247
1_903,10,0,0.6769813837875903,1.0,0.6419127570683713
1_906,1,0,1.6279575837284084,1.0,0.2759844096854529
1_910,2,0,-0.3135945968806071,1.0,0.835959715346152
1_911,2,0,2.3569641621955073,1.0,0.12496545796553038
1_915,3,0,-0.5420156528536721,1.0,0.8809168204579159
1_917,1,0,1.0426692160603064,1.0,0.4495442353966018
1_918,1,0,0.3946668103240359,1.0,0.6522244881027881
1_920,1,0,0.42365713581390513,1.0,0.6436201635918745
1_923,2,1,2.321812696071035,0.01990000000000002,0.13082483355598484
1_924,2,0,0.6413667079608808,1.0,0.585840672146671
1_925,57,0,0.7816762423869275,1.0,0.8617865901952215
1_926,1,0,-0.440475849508096,1.0,0.8552268538861085
1_927,1,0,-0.4128294131653015,1.0,0.8501346863021331
1_928,1,0,1.3261068726618668,1.0,0.36187513490529477
1_93,3,0,-0.06355046991549641,1.0,0.7879870013259225
1_931,1,1,2.6495025496309457,0.010000000000000009,0.07902724860620935
1_933,1,0,1.0892114745763593,1.0,0.4348544144870168
1_936,2,1,2.651972472933063,0.01990000000000002,0.08292744089396442
1_94,1,0,0.16646121911201758,1.0,0.7169509542101999
1_946,1,0,-0.34884014891804765,1.0,0.8378954295614808
1_947,2,0,-0.5094597666785975,1.0,0.8716230672229095
1_948,6,0,0.8224495334745199,1.0,0.5648500448789688
1_949,6,1,3.24028414338579,0.058519850599000056,0.04098109644407699
1_95,1,0,0.16616047928841582,1.0,0.717032321487085
1_950,7,1,2.4104354842925817,0.06793465209301006,0.144498428728688
1_953,8,0,-0.3189370760516304,1.0,0.8643176327754165
1_954,6,0,0.5017965401384062,1.0,0.6611530822681944
1_955,3,0,2.349886600579031,1.0,0.13179471360039696
1_956,20,0,1.434697627187037,1.0,0.4969990979251472
1_96,54,3,0.9214702338153418,0.01698022515559389,0.8290637103813098
1_963,5,0,0.2560558787756735,1.0,0.7217516015254444
1_965,32,1,0.5128559068074892,0.27501966404214656,0.8160002752664479
1_973,5,0,1.3583409807808353,1.0,0.3889253376351882
1_977,3,0,-0.25312849958818556,1.0,0.8289616992372217
1_981,1,0,-0.8861396486993273,1.0,0.9215349976984408
1_983,1,0,0.48697571629613146,1.0,0.6245763935897015
1_985,2,0,-0.12838395902979072,1.0,0.7968351022315985
1_987,1,0,1.5718513217370285,1.0,0.291176959788806
1_988,1,0,-1.1103440454335551,1.0,0.9446156426612226
1_99,116,6,1.481814011516765,0.0011625243774821441,0.9000468835099456
1_992,1,0,1.1165755746696022,1.0,0.4262581325330903
1_994,1,0,-0.8564342982851587,1.0,0.917996391309744
1_996,1,0,0.44328849003018295,1.0,0.6377514592553115
1_997,1,0,0.7926150457697553,1.0,0.5291493313763771
1_998,2,0,1.4029419046290037,1.0,0.34821772484631297
2_0,106,5,1.4617264625250592,0.004399464158937283,0.8858340724198912
2_100,6,1,1.3793555897511518,0.058519850599000056,0.3916681115498133
2_1000,35,1,1.4279150476495626,0.29655230500043084,0.6131783206688091
2_1001,9,2,4.623983592815535,0.0034357300178462975,0.003121998167124329
2_1002,62,7,3.9286590006389663,3.0386489416597895e-06,0.16494950922830998
2_1006,4,0,0.5816373074727578,1.0,0.6213625770295135
2_1007,4,0,1.6930941141915976,1.0,0.2839514420413549
2_1009,1,0,1.410592853688535,1.0,0.336875153516196
2_1010,8,1,2.893027518836855,0.07725530557207996,0.07898510529380642
2_1011,54,3,3.9314829237732325,0.01698022515559389,0.1303154604743446
2_1015,85,6,2.081467691669478,0.0002226676924072038,0.7217619676532905
2_1017,7,0,-0.7068236624522221,1.0,0.9169868378327912
2_1018,60,3,4.985007451194991,0.022420164788835444,0.04194229017987261
2_1021,3,1,3.027276321162676,0.029701000000000026,0.048849433481241045
2_1024,71,2,0.5830090253730092,0.1587742786796478,0.9191421004847065
2_1028,7,1,1.2912939110366022,0.06793465209301006,0.4276395995106411
2_1029,13,0,1.7730367169668513,1.0,0.337850512269952
2_1031,2,0,1.9724010554357951,1.0,0.19933178885829272
2_1033,1,0,-0.22772864755837294,1.0,0.8129994553687119
2_1034,1,0,1.6200159998074715,1.0,0.27811099681897167
2_1035,8,0,0.21209130333325382,1.0,0.7532158338463595
2_1036,12,0,1.9861973967759814,1.0,0.27222756288999883
2_1037,3,0,1.0818017746111512,1.0,0.4560095933523409
2_1038,4,0,2.4227757201012445,1.0,0.12527699340115617
2_1041,19,0,2.1916193625065254,1.0,0.2739171373124577
2_1042,25,0,1.074494457330279,1.0,0.6411997176843858
2_1044,2,0,2.1876521321998936,1.0,0.15491683209196005
2_1048,1,0,0.23171948036442971,1.0,0.6990348420736311
2_1050,9,0,1.1628868089372035,1.0,0.485489178292445
2_1053,57,0,2.9282707316310126,1.0,0.3515532258930565
2_1054,1,0,1.7341159839752787,1.0,0.24834807716848983
2_1055,12,0,0.20133655374793952,1.0,0.7801397474330265
2_1056,2,0,-0.403337265588627,1.0,0.8530293319071829
2_1058,1,0,0.38467831946567166,1.0,0.655171270660854
2_106,26,0,1.9871537876608945,1.0,0.3835602396404969
2_1064,1,0,0.16841384110284693,1.0,0.7164223856046159
2_1067,6,0,1.324636822837159,1.0,0.4083025557227713
2_107,63,4,4.364793313499522,0.0037262424020537014,0.10548551371096748
2_1074,1,0,1.5300732447283476,1.0,0.3027373733348382
2_1079,3,0,2.032560897168495,1.0,0.1932884903602199
2_108,70,3,2.8245444776174864,0.0333454773282759,0.4593435658820062
2_1086,3,0,-1.9183902315229626,1.0,0.9884890432144263
2_1089,63,1,2.9226900118705,0.46909445704488684,0.390757644365606
2_1090,9,0,3.146582771013377,1.0,0.05672332977338024
2_1092,12,0,1.1962884097581106,1.0,0.5016327851408392
2_1093,2,0,-0.9891447389764821,1.0,0.9352931990965392
2_1095,3,0,2.2058551911329873,1.0,0.1578052986373082
2_1096,1,0,-0.26652410169857793,1.0,0.8212200864015469
2_110,35,0,1.0121921665165834,1.0,0.7218614163269944
2_1103,1,0,1.6002294101861785,1.0,0.28344393097844245
2_1109,4,1,0.7584999180381181,0.039403990000000035,0.5671006044908333
2_111,6,0,1.9804114383249989,1.0,0.2272395028315738
2_1110,3,0,0.8853999429890224,1.0,0.5181628973402974
2_1111,4,0,1.0612474262475105,1.0,0.4717944711141042
2_1113,14,0,1.4126049760686992,1.0,0.45274879947578983
2_1117,5,0,-0.6492422686948593,1.0,0.9036648074457772
2_1118,4,0,1.6901046020341073,1.0,0.2847543396004244
2_1119,2,0,1.4252904508518165,1.0,0.34165552471263005
2_1121,1,0,1.4974989830544512,1.0,0.3118910822356751
2_1122,4,0,2.715845037579348,1.0,0.08362451322836062
2_1129,2,0,2.6332167799923627,1.0,0.08523460695300633
2_113,1,0,1.3416035085079192,1.0,0.35724137464576966
2_1130,1,0,0.8727816928058884,1.0,0.5036024050399579
2_1131,22,3,5.439635097199831,0.0013356291937811095,0.0014886935940353618
2_1132,3,0,0.45158884259828685,1.0,0.6518031978562427
2_1135,1,0,-0.3537660745732248,1.0,0.8388601158224769
2_1136,1,0,0.6139794302221847,1.0,0.5854942875075146
2_1138,2,1,0.9095751174252728,0.01990000000000002,0.5012324896825778
2_1142,2,0,1.2718881278681018,1.0,0.38756028532741116
2_1145,2,0,1.9817973481032252,1.0,0.19724596543372996
2_1146,19,0,1.330951370336818,1.0,0.519983679354111
2_1147,4,0,1.4217433016728087,1.0,0.36082670723727217
2_1150,1,0,1.800483668845467,1.0,0.23185081672315955
2_1151,3,0,-0.738035829057254,1.0,0.9091132882744751
2_1159,24,0,-0.16793490709505288,1.0,0.897787329812545
2_1160,137,11,2.745278261194644,1.667308352959872e-07,0.7584975400867495
2_1161,2,0,2.10368718026913,1.0,0.17139961225996014
2_1162,74,7,1.9176412365725213,1.001550470442962e-05,0.7104394342818834
2_1163,125,9,5.220391475797802,5.388911697419536e-06,0.18879529806557183
2_1164,179,15,4.194314210028018,5.567315222342459e-10,0.5674974570585458
2_1166,19,0,-0.12910941334540435,1.0,0.875891809430889
2_1168,1,0,0.798396902877405,1.0,0.527309561525948
2_1169,1,0,-2.3050280948025628,1.0,0.9946142086740558
2_1170,212,4,2.9428986927586376,0.16430662911378285,0.8419590580094678
2_1171,13,1,2.232105260005051,0.12247897700103212,0.22009241207306052
2_1172,1,0,-0.47194786760703766,1.0,0.860880249966107
2_1174,108,9,3.6083209807516248,1.604936642029135e-06,0.46038706185496847
2_1176,5,0,1.704816083591351,1.0,0.28922918126411123
2_1177,140,6,4.14549480112516,0.0030045937807640644,0.46278992448021217
2_1180,1,0,-0.16951283192635255,1.0,0.8002330724235165
2_1185,3,0,2.4336383110204873,1.0,0.11811042610089462
2_1188,1,0,0.8895783044780379,1.0,0.49824440292904315
2_1198,8,3,4.947477138017632,5.3933321197900146e-05,0.0012698333155707342
2_1199,7,0,0.8105305995575114,1.0,0.5772094937862025
2_12,23,1,3.7224432671860854,0.20638571635634465,0.04875769319089762
2_1200,27,0,0.9859042316295871,1.0,0.6789939491363701
2_1208,3,0,1.041201775977309,1.0,0.4688199542413387
2_121,40,1,1.4506485928098143,0.3310282414303197,0.6403308534892173
2_1210,3,0,-0.05628729590046552,1.0,0.7863107912424645
2_1212,2,0,0.41488922633868863,1.0,0.6544515320266238
2_1215,33,0,0.4655687203366474,1.0,0.8292611823454689
2_1216,1,0,0.9505635092550532,1.0,0.4788003306983203
2_1218,38,0,2.604500765402978,1.0,0.3072619851324785
2_122,6,0,2.074153815478494,1.0,0.2056129112605859
2_1221,2,0,-0.23961489964505475,1.0,0.8209583953291981
2_1222,3,0,1.2452181790965098,1.0,0.4050405318693664
2_1225,144,3,3.2298958095458397,0.17555383488462234,0.6823040413934115
2_1228,2,0,2.5982177707411016,1.0,0.08966795445697417
2_1230,2,0,-0.053531762657302355,1.0,0.7795607418706914
2_1234,51,2,1.5217747514672115,0.09249089929369518,0.6879862460793178
2_1235,10,0,0.17919683949126022,1.0,0.7735108391275658
2_1237,29,0,1.1707424288941406,1.0,0.6426711002853681
2_1238,1,0,0.6624797007316432,1.0,0.5703198594989997
2_1239,10,0,1.2990260472764112,1.0,0.4522880544471706
2_1240,127,3,-0.2947095073615206,0.135200138682668,0.9924636946615485
2_1241,5,0,0.048764354668375025,1.0,0.7738825924726636
2_1243,4,1,1.2458408773062037,0.039403990000000035,0.414125127894414
2_1245,5,0,1.702150563575817,1.0,0.28994898998947716
2_1246,1,0,1.4339891469750876,1.0,0.3300720095806551
2_1249,1,0,1.1225917989874519,1.0,0.4243727098733925
2_1252,1,0,1.5369547446952887,1.0,0.3008190984152179
2_1257,2,0,1.3170086236054912,1.0,0.3738605708875573
2_1262,1,0,0.9492142410209583,1.0,0.4792301466496959
2_1264,122,12,6.1680978030797196,4.695297158953166e-09,0.06847841770115581
2_1265,1,0,0.05633918911172408,1.0,0.7459700415338606
2_1266,29,1,0.6303503448090606,0.2528279056684038,0.7772649066441815
2_1268,70,7,6.54821539676742,6.908141556812072e-06,0.00498699099790878
2_1269,4,0,0.49994971161087276,1.0,0.6457058889054231
2_1270,1,0,0.6686392321180477,1.0,0.5683847588891809
2_1271,22,1,1.4585144216479706,0.1983694104609542,0.5062747033786219
2_1272,186,8,4.667729245894607,0.0006332586843122933,0.4800130118907059
2_1273,1,0,1.4699380243232787,1.0,0.3197281061937969
2_1274,79,4,3.566388923054567,0.008290775034664221,0.32448566091012954
2_1275,3,0,1.3923938835569725,1.0,0.36045302123114553
2_1277,6,0,1.3626439818340643,1.0,0.3967289690540865
2_1278,10,2,2.8338156090754922,0.004266200242831427,0.09463607824889797
2_1284,120,4,1.7489408017601158,0.03298491223899704,0.8757655840197968
2_1285,13,1,-0.6580282371808885,0.12247897700103212,0.9270144318094536
2_1287,145,4,2.250185482966571,0.058594939914171716,0.8532762447183889
2_1289,3,0,-0.7049375108619464,1.0,0.9047360275264205
2_1290,1,0,-1.506980404731423,1.0,0.972055485601329
2_1293,6,0,1.8124020087841937,1.0,0.26902796824036157
2_1294,2,0,-0.43762966075672927,1.0,0.8592255839752502
2_1295,65,6,2.568660763419636,4.984154957795272e-05,0.4970948064674727
2_1298,4,0,1.1340952880016717,1.0,0.4488961474035973
2_13,2,0,0.01935352413018473,1.0,0.7619592516885222
2_1300,5,0,-0.7254943843017331,1.0,0.9135454224541351
2_1301,1,0,1.7392057068619642,1.0,0.24706113650829697
2_1302,10,0,2.645916877924458,1.0,0.12166603963142442
2_1307,16,0,1.339542614583788,1.0,0.4922154029394483
2_1308,1,0,0.14892045555293715,1.0,0.721677856817114
2_1311,2,0,-0.575309171363388,1.0,0.8823034686766025
2_1313,15,1,1.130246207261349,0.1399416453587116,0.5474640478180434
2_1316,3,0,1.8113565976454507,1.0,0.2450651815481366
2_1317,2,0,1.8519708116121525,1.0,0.22722271926806736
2_1318,15,1,3.6045493738493355,0.1399416453587116,0.03795942034044153
2_132,2,0,0.7299395982889252,1.0,0.5581433360721806
2_1320,1,0,0.33055108424379903,1.0,0.6709725943262386
2_1322,5,0,1.0276986766904774,1.0,0.4915817418019166
2_1323,10,0,3.2024414259233374,1.0,0.05488423107813478
2_1325,2,0,2.980855860806081,1.0,0.049699419883983076
2_1326,1,1,2.831491534583682,0.010000000000000009,0.059715731050142495
2_1330,2,0,-0.05341230456143425,1.0,0.7795325171460188
2_1331,1,0,-0.8584520806344255,1.0,0.9182404999469441
2_1339,92,2,2.8276582417584994,0.23469231286255732,0.5781499472178998
2_134,104,2,1.2240874151550154,0.2790235461487014,0.9087732040192786
2_1344,1,0,0.19664049350368468,1.0,0.708729179375655
2_1346,1,0,0.12841254989699463,1.0,0.7271550905289386
2_1347,8,0,2.548718541068075,1.0,0.1265876314296691
2_1348,3,1,2.1304945120264764,0.029701000000000026,0.17267502729833717
2_1349,262,11,4.978480857204254,8.183656376135785e-05,0.5205155573052083
2_135,4,0,0.052225056090325336,1.0,0.76679195951931
2_1351,117,6,4.42869797485148,0.0012150876627535444,0.3095332606623922
2_1368,53,2,1.681616086060411,0.09869100146972073,0.6593766121646876
2_137,2,0,0.5498559475553628,1.0,0.6140134262596288
2_1371,2,0,-0.8604354001886215,1.0,0.9212946275810325
2_1373,172,5,2.699902628599032,0.030157087800536005,0.8320849941885773
2_1374,1,0,0.8975635853724165,1.0,0.4956972057429193
2_1380,1,0,1.1385446635337926,1.0,0.41938172941290497
2_1384,14,1,2.4342607928598055,0.13125418723102178,0.18321925874970302
2_1385,1,0,2.2004874977619324,1.0,0.14625980995591448
2_1387,2,0,1.555618279667872,1.0,0.30438718295898637
2_1389,2,0,-0.08761686519975456,1.0,0.7875291401764917
2_1392,1,0,1.1754298427234253,1.0,0.4078927413275487
2_1394,78,2,0.902774809620557,0.18363711766997068,0.8979072240343708
2_1396,23,0,0.5938960162636628,1.0,0.7525845358538292
2_140,2,0,0.11775297351757977,1.0,0.7370222935286709
2_1402,1,0,-1.3898066441264607,1.0,0.9654837655513108
2_1405,6,0,0.22526998292452294,1.0,0.7367056268968727
2_1407,12,0,1.4318929771951192,1.0,0.42939873696701736
2_1408,3,0,2.879517026565805,1.0,0.061935966595022984
2_1410,9,0,2.3540608254243423,1.0,0.16726443356053056
2_1414,1,0,0.35001097651765506,1.0,0.6653249574295254
2_1416,1,0,-1.1860051645028742,1.0,0.9510627470958064
2_1418,2,0,0.009999984110797083,1.0,0.764260314088941
2_1419,1,0,1.7764098303720166,1.0,0.23776336236514228
2_1422,20,2,2.6562645381319534,0.016859337635651808,0.176447790143612
2_1423,2,0,2.084407861254261,1.0,0.17533699767528432
2_1425,4,0,-0.26061547538833435,1.0,0.8354857981159587
2_1426,69,1,1.9702015032704163,0.5001629701008011,0.6742872481417108
2_1428,14,0,1.2505627346301846,1.0,0.5022737095180632
2_1431,9,0,2.0740330101288773,1.0,0.22761645111550877
2_1434,206,7,6.374382346074179,0.005035789093832296,0.19312383287330914
2_1435,5,0,1.4417320071957533,1.0,0.36393803103454825
2_1439,27,0,1.1921101863432777,1.0,0.622634988175643
2_144,8,0,1.0594674974231744,1.0,0.5087639894604964
2_1441,4,0,2.4092911634123744,1.0,0.12749220897786828
2_1442,1,0,1.7465631728763626,1.0,0.24520711947060148
2_1443,1,0,1.8388686355834507,1.0,0.2225951380022848
2_1444,1,0,-0.4838197462024463,1.0,0.8629732641193324
2_1447,46,1,3.9889951045143652,0.37017636879676774,0.09258684159002062
2_1448,11,1,3.2647589193452653,0.10466174574128365,0.052554213632854396
2_1449,31,1,0.9840981662256829,0.2676966303456026,0.7049899700620255
2_145,62,2,1.9739213451082283,0.12788702769336555,0.6362091045572166
2_1451,155,2,4.993027571351963,0.45967671379829195,0.3254564784879994
2_1454,5,0,0.8684283743467031,1.0,0.5416650239033297
2_1457,2,0,1.2235778101390529,1.0,0.40238489146015066
2_1458,26,0,2.4580136388043945,1.0,0.25936765463756184
2_1459,128,6,2.092444829464646,0.0019209158023582795,0.8448682018433891
2_146,3,0,1.9339175607208208,1.0,0.215502656057029
2_1460,1,0,0.6030834134541112,1.0,0.5888867182999564
2_1461,20,0,0.9027987504670208,1.0,0.6531007084753827
2_1462,11,1,2.639969936396403,0.10466174574128365,0.12787965274435675
2_1464,1,0,1.4941835613425893,1.0,0.31282942906336975
2_1465,16,0,1.3050933625485888,1.0,0.5027043456628255
2_1466,10,0,0.30183606827673515,1.0,0.7438120374616513
2_1467,128,6,2.229812465164073,0.0019209158023582795,0.8245508191293964
2_1468,8,1,-0.010842998163442532,0.07725530557207996,0.8048258758726121
2_147,14,1,1.8923929057749853,0.13125418723102178,0.3130905341058047
2_1472,1,0,-0.4411182390095729,1.0,0.8553437729654627
2_1473,2,0,1.5749705755321008,1.0,0.2990106784213079
2_1478,2,0,1.5241501500447854,1.0,0.31322029234326343
2_1479,7,0,-1.8158129788739146,1.0,0.9879351978703341
2_1480,5,0,1.2052691034980478,1.0,0.4359356680510901
2_1482,3,1,1.8802174678593282,0.029701000000000026,0.22819347673332302
2_1484,127,2,4.109120789390655,0.36299482807855227,0.42204498055183615
2_1486,16,0,2.671876701312485,1.0,0.1500055046783535
2_1489,30,0,3.094413658143882,1.0,0.1522919559825442
2_149,1,0,-0.41111845259360585,1.0,0.8498156683401838
2_1490,68,2,3.209242899280457,0.1483238037632258,0.3485161852852867
2_1492,7,2,2.500156786680205,0.0020310416349400033,0.1290888211829503
2_1493,1,0,-0.2831329292715162,1.0,0.8246688075030503
2_1495,21,0,2.549083545540303,1.0,0.20467077563265945
2_1496,18,1,3.1218814701887827,0.16548623854991254,0.09182913616394739
2_1497,1,0,1.3861523106631646,1.0,0.3440393587907574
2_1498,100,5,3.476009715034767,0.0034323215877545333,0.4551491245271012
2_150,1,1,2.3422627857870246,0.010000000000000009,0.12181236230204484
2_1500,15,0,3.2991927541951935,1.0,0.061644236118207796
2_1505,15,2,1.1249564310452285,0.009629773443364747,0.5490676988278382
2_1507,3,0,-0.46068108320387446,1.0,0.8675671794481472
2_151,11,0,-0.8152812791625719,1.0,0.9383125764336342
2_1512,6,1,2.334916795423625,0.058519850599000056,0.15222362316145643
2_1513,1,0,-0.6720621676768341,1.0,0.8933045051251787
2_1515,1,0,0.03907975726654368,1.0,0.7503724742198148
2_1516,1,0,0.04987951706076195,1.0,0.7476224915743757
2_1517,5,0,-0.7686351005164259,1.0,0.9187889925427175
2_1518,5,1,0.34246189127630705,0.049009950100000046,0.6984130153005904
2_1519,1,0,0.037053560412498764,1.0,0.750886633189872
2_152,6,0,1.2579073907195713,1.0,0.4288112004884874
2_1521,1,0,-1.8073187127303187,1.0,0.9843033700900302
2_1524,10,1,3.501557497875874,0.09561792499119559,0.03349728299994004
2_1525,10,0,1.8394509096643532,1.0,0.2946309796815014
2_1527,7,0,1.443221566456099,1.0,0.3814898820439254
2_153,1,0,-0.4794745067954944,1.0,0.8622097079586195
2_1531,7,0,0.9006132200407253,1.0,0.5493788862056247
2_1532,48,2,3.1551993880054994,0.08341766950993583,0.24183232897905305
2_1539,1,0,-0.1958026957674919,1.0,0.8060619715430046
2_1545,15,1,-0.36958584871843114,0.1399416453587116,0.8974954694926255
2_1548,1,0,1.4166692891292987,1.0,0.33510300504823476
2_1553,12,0,-1.692454697343151,1.0,0.9873098941128547
2_1554,5,1,2.1402420577979595,0.049009950100000046,0.18422644007609823
2_1555,1,0,1.530110256200163,1.0,0.3027270414392602
2_1556,12,0,2.2122593894596396,1.0,0.2174846675297737
2_1558,10,1,2.1392615108839492,0.09561792499119559,0.2197844404547713
2_156,2,0,0.6623513760611679,1.0,0.5793117682027777
2_1561,35,0,0.22114815727485257,1.0,0.8771150824323344
2_1563,8,1,3.8505277294802718,0.07725530557207996,0.015358246805559195
2_1564,17,1,3.326997340239586,0.15705680661607327,0.06543299230543465
2_1565,93,2,2.3577280649666155,0.2383786116697114,0.6940186194562438
2_1570,105,3,1.6959708116830738,0.08879941379266394,0.8531709262349014
2_1573,24,0,3.662694424565114,1.0,0.05619661923998265
2_1576,10,0,0.4128519057495352,1.0,0.7152744565693343
2_1578,7,0,-0.11309898897195504,1.0,0.821036840859338
2_1579,7,0,1.1949329892293106,1.0,0.4574761660454584
2_1580,31,0,0.20486136696238522,1.0,0.8662175598283053
2_1582,13,0,2.9271414334518533,1.0,0.09558046163405531
2_1583,2,0,1.1854148670454894,1.0,0.4141969006593379
2_1584,1,1,2.708019329963833,0.010000000000000009,0.07236028757764557
2_1586,1,0,1.5300732447283476,1.0,0.3027373733348382
2_1587,17,2,2.7010579570597195,0.012308985529944274,0.15048291218883225
2_1589,11,0,0.6615671114821977,1.0,0.6541152161602767
2_1593,2,0,0.1616412154590219,1.0,0.7254842756762584
2_1595,2,0,-0.04377458545477463,1.0,0.7772485698308442
2_160,51,3,3.277154755908983,0.01457345125325471,0.23300262227175872
2_1600,1,0,-1.5764110649385317,1.0,0.9754324251524993
2_1602,1,0,1.530023468411912,1.0,0.30275126883523273
2_1604,1,0,1.318280100182697,1.0,0.36422324370609627
2_1612,69,0,2.752116150854611,1.0,0.47249347671079955
2_1613,4,0,2.17220713394003,1.0,0.1709112951784526
2_1621,63,2,2.621123150389287,0.13124547516435983,0.4706010787554049
2_1622,4,0,2.2693529319898733,1.0,0.15209169434378134
2_1623,36,0,2.623174334675876,1.0,0.2887926066957399
2_1625,9,0,1.5946078396103558,1.0,0.35459094019416315
2_1627,44,2,3.0227301767443437,0.07178324143318462,0.2469752447085971
2_1628,2,0,-0.4734534342904033,1.0,0.8655066339076336
2_1629,1,0,-0.31040593686230766,1.0,0.830239693615481
2_163,2,0,1.096316507831776,1.0,0.4420600329444675
2_1631,18,0,0.8183139061785939,1.0,0.6621190659431551
2_1635,1,0,0.4990144561255914,1.0,0.6209193432480081
2_1638,2,0,2.3794241834682803,1.0,0.12131901524793665
2_164,1,0,0.5138108233969012,1.0,0.6164097613658255
2_1641,1,0,-1.302601632962264,1.0,0.9598093224606685
2_1643,1,0,0.7257728393615289,1.0,0.550363207753008
2_1644,4,0,0.03762182272713723,1.0,0.7703158783297128
2_1645,2,0,0.39044982453516974,1.0,0.6616043692749414
2_1646,13,1,1.9634041883953268,0.12247897700103212,0.2860555277429899
2_1649,1,0,0.7675064496108364,1.0,0.537131092886614
2_165,14,0,0.3017903582284943,1.0,0.7685815034340894
2_1650,1,0,1.0216786905483233,1.0,0.4561932723654508
2_1652,5,0,1.8544737150194603,1.0,0.25022502364506205
2_1653,2,0,0.3806977104444326,1.0,0.6644425625600021
2_1654,1,0,2.038944209070481,1.0,0.17788910936583746
2_1655,1,0,0.30381904024225886,1.0,0.6786673351223678
2_1656,1,0,1.6920028406819914,1.0,0.25913209986193797
2_1660,3,0,1.8795743536673821,1.0,0.22834796583362738
2_1667,4,0,-0.7589399917174654,1.0,0.9147680210302758
2_167,4,0,1.0218784787267972,1.0,0.48421317236240513
2_1670,3,0,0.9072695851383145,1.0,0.5112361575398756
2_1673,8,0,0.48576844108766526,1.0,0.681044069765504
2_1676,33,4,4.204372377342731,0.0003245333806745409,0.03850881128989514
2_1677,5,0,2.4412394034238605,1.0,0.12777109595451874
2_1678,1,0,0.11093831769477654,1.0,0.7317795197041121
2_168,1,0,-0.8712849241597724,1.0,0.9197801965660453
2_1682,5,0,2.9586606842207965,1.0,0.0611178638139771
2_1684,22,0,0.4544690091173308,1.0,0.7789793732532966
2_1685,5,0,1.699284564988844,1.0,0.29072387267732946
2_1686,7,1,2.989070092323268,0.06793465209301006,0.06498136161531809
2_1687,38,1,5.710802829566069,0.31744540498961304,0.0031360447306162387
2_1688,1,0,1.1107587184166299,1.0,0.42808267976019243
2_1689,1,0,2.06846164162951,1.0,0.1718087441145727
2_169,1,0,0.5415604262599413,1.0,0.6079101304444257
2_1691,1,0,1.5317538028199267,1.0,0.302268398377592
2_1692,3,0,1.901138949938403,1.0,0.2231998719458662
2_1693,12,1,1.8637812174110435,0.11361512828387083,0.3044911405048428
2_1696,1,0,-0.45282227849802126,1.0,0.8574628494452103
2_1698,17,0,1.4485896312292883,1.0,0.4676203163392262
2_17,90,9,5.0441206503488,3.40518775295255e-07,0.10737242008042713
2_170,17,2,2.443513403048487,0.012308985529944274,0.2009096284060955
2_1700,6,1,1.6850559800198512,0.058519850599000056,0.30308723773021784
2_1702,1,1,2.3406176444173448,0.010000000000000009,0.12207850273950083
2_1705,14,0,0.8343313506686383,1.0,0.6275188581754765
2_1707,1,0,1.4894636822168645,1.0,0.31416736596937267
2_1709,15,0,-0.4398391156749067,1.0,0.9067808870916929
2_1713,2,0,0.6152342942091567,1.0,0.593937936704916
2_1714,62,8,3.0699858571157317,2.0907642092401742e-07,0.3470484708376451
2_1717,152,4,1.9646490307381985,0.06722382172588873,0.8964973316705289
2_1720,56,1,2.860993118912286,0.4303987975228408,0.36235764016353667
2_1721,4,0,2.09053279497736,1.0,0.18783860019367804
2_1727,33,3,2.5960727401558916,0.004360338617881007,0.2747786684663911
2_1730,20,0,2.510652945407757,1.0,0.20635093376092817
2_1733,4,0,-1.6221687826127538,1.0,0.9800284877063854
2_1735,1,0,0.18016320994155635,1.0,0.7132319245536661
2_1738,1,0,2.162843039800988,1.0,0.15326987833200367
2_1742,3,0,1.116600204924676,1.0,0.4450655500020123
2_1750,2,0,-0.2340767444947109,1.0,0.8198016869601386
2_1754,2,0,1.7325668924827569,1.0,0.25692443504682727
2_1757,2,0,1.5356375429110174,1.0,0.30998298186068995
2_1759,3,0,-0.4840277771104251,1.0,0.8715005018698749
2_176,2,0,-0.7490221642472382,1.0,0.9074201344906423
2_1762,14,1,2.4907560831554463,0.13125418723102178,0.17193592257478818
2_1767,2,0,-1.3845040809409703,1.0,0.9664892626535474
2_1772,6,0,-0.36608818279774835,1.0,0.8640254759041366
2_1774,3,0,0.6178004575637451,1.0,0.6018517878834738
2_1775,1,0,1.2169504209429198,1.0,0.3950545050175056
2_1776,2,0,1.7770097036073556,1.0,0.24563872292990196
2_1777,2,0,-0.6528497455288161,1.0,0.8940544967260127
2_1779,1,0,1.5056071185215982,1.0,0.30960142574613747
2_1783,1,0,-0.14095395204386038,1.0,0.7937831064698777
2_1784,11,1,1.0925109307420224,0.10466174574128365,0.524936180390629
2_1785,1,0,-0.6160374548126243,1.0,0.8848327043740316
2_1787,1,0,-2.2758949136761237,1.0,0.9942434670545885
2_1792,4,0,0.44810142570582895,1.0,0.6608607505796729
2_1793,5,0,-1.2432485123923918,1.0,0.961773223317873
2_1798,2,0,1.3610828809984497,1.0,0.36063050285335985
2_18,2,0,2.0896546325460497,1.0,0.17425982011023589
2_180,40,2,0.32901947649500524,0.060736621806206224,0.8770190303779897
2_1801,26,0,2.534989976406881,1.0,0.24122244534863202
2_1802,12,1,1.75314727939905,0.11361512828387083,0.3350302045590682
2_1805,25,2,2.3012532107796995,0.025759105399048503,0.2909663213538469
2_1806,8,0,2.0987895431311334,1.0,0.21452673943258926
2_1807,1,0,-0.554428683987391,1.0,0.8749763956264021
2_1808,38,3,3.7615246146986374,0.0064969031304781205,0.09108680821732773
2_1809,1,0,-0.4305729405609755,1.0,0.8534164072737339
2_181,1,0,0.15380755081112432,1.0,0.7203647517602425
2_1812,9,0,3.268399890949951,1.0,0.04668728947292722
2_1818,2,0,1.9146299970102763,1.0,0.21244528515034433
2_1819,4,0,0.035054028132530654,1.0,0.7709324172394323
2_182,1,0,1.6870932644485344,1.0,0.26040488108455884
2_1822,1,0,1.7548582324826993,1.0,0.2431258416425064
2_1823,15,0,2.6470834717504674,1.0,0.14872594085797264
2_1825,5,0,0.9142153547764814,1.0,0.5272997512626096
2_1826,1,0,0.450239718409579,1.0,0.6356655500329412
2_1827,2,0,-0.7571233622037281,1.0,0.9084862967742496
2_1828,2,0,0.28847234914147407,1.0,0.6908018208830096
2_1829,1,0,1.0464887420186186,1.0,0.4483358144030478
2_1834,1,0,1.7922478054918203,1.0,0.233864280402571
2_1835,1,0,-0.12698382586609536,1.0,0.7905835287697407
2_1836,3,0,-0.7732949178406604,1.0,0.9136102344593606
2_1839,9,0,0.34182133085854455,1.0,0.7269881457655493
2_1843,2,0,0.19383166787259126,1.0,0.7168656785907498
2_1845,7,1,3.6196498916289905,0.06793465209301006,0.022272667463461904
2_1846,1,0,1.2019097925239677,1.0,0.39969273649970183
2_1847,67,3,2.0384367791255187,0.02982509551850321,0.6472658566746645
2_185,2,0,0.9372161959508538,1.0,0.492443983230444
2_1850,14,1,1.1040585673809045,0.13125418723102178,0.5470405842145791
2_1851,1,0,1.0199967122694715,1.0,0.45672661850389284
2_1859,2,0,-0.42119175781259277,1.0,0.8562779061222234
2_1860,10,0,1.9402701999741354,1.0,0.2682008152826152
2_1862,1,0,1.7850864590932947,1.0,0.23562289798927283
2_1864,1,0,-0.9150493560487978,1.0,0.9248664768955718
2_1867,4,0,-0.06529006028055746,1.0,0.7942871486643994
2_1869,1,0,-1.0772593885780168,1.0,0.9415935951400763
2_1870,5,0,-0.2348589883951602,1.0,0.8353672704565622
2_1873,121,5,4.175630005879959,0.0076393107175840615,0.3822605835103776
2_1874,36,1,1.3210311021164525,0.30358678195042654,0.6490129694631592
2_1875,2,0,1.3320943021065599,1.0,0.3693145416911572
2_1876,11,1,0.5580403031746963,0.10466174574128365,0.6832016019168146
2_188,26,3,2.5814106282359583,0.0021887611748319237,0.2306227189038298
2_1881,8,0,0.5038458640423272,1.0,0.6759787468083196
2_1887,2,0,0.0815979008241553,1.0,0.7463375109778518
2_1888,6,1,3.6261566385816453,0.058519850599000056,0.02052269824081343
2_1891,9,0,2.3037043797528316,1.0,0.17728185832620258
2_1892,12,0,3.176624731279015,1.0,0.06354708004087095
2_1893,1,0,0.04305265514266261,1.0,0.7493626948440795
2_1895,1,0,-0.03475462845836597,1.0,0.7687391006707271
2_1897,15,1,3.890317165567811,0.1399416453587116,0.02309602088743623
2_1899,37,0,1.1559355323899314,1.0,0.6981265683874602
2_1900,3,0,1.4472830205917275,1.0,0.3442630998061439
2_1901,37,0,1.3925917138965118,1.0,0.6363464395760328
2_1902,1,1,2.697831181951659,0.010000000000000009,0.073488988951937
2_1903,1,0,1.0966372434266218,1.0,0.4325184264360338
2_1904,1,1,2.8145710864078057,0.010000000000000009,0.0613384260597325
2_1905,3,0,2.5332998834727873,1.0,0.10317535418938473
2_1907,3,0,-0.8439022428297566,1.0,0.9221120229803728
2_191,24,1,3.113330090975354,0.2143218591927812,0.11942696241190398
2_1912,1,0,-1.6779824764206785,1.0,0.9797510449720619
2_1913,13,0,2.7016865176818015,1.0,0.1284975775682805
2_1914,1,0,1.2009432906059125,1.0,0.39999127871989126
2_1915,123,8,6.3344830277137625,3.7142951028754525e-05,0.05768905054415385
2_1916,1,0,2.2004874977619324,1.0,0.14625980995591448
2_1917,4,0,-0.7361418525597886,1.0,0.9119178388173882
2_1920,2,0,1.5225997018049062,1.0,0.31365834273913773
2_1923,121,5,2.295535177287645,0.0076393107175840615,0.7976315600433518
2_1925,8,2,4.560822522169062,0.0026900777395207046,0.0033018117422732862
2_1926,10,2,4.391833797743254,0.004266200242831427,0.005807315931103507
2_1927,10,1,2.4676688632837864,0.09561792499119559,0.15193665866887884
2_1928,2,0,-1.1868500478412067,1.0,0.9529341704290137
2_1929,5,0,1.279219177914854,1.0,0.4130679166705601
2_1931,3,0,2.4486483395748655,1.0,0.11576815954963426
2_1932,33,0,0.8188872747468675,1.0,0.7562388344777834
2_1933,131,4,5.499000801013219,0.04324102415726901,0.16338955236947206
2_1935,1,0,1.2537470516360418,1.0,0.38377090521885315
2_1936,3,1,2.925230611408464,0.029701000000000026,0.057623481021861434
2_1938,46,5,3.432488588516789,9.742899389210385e-05,0.17523635237559998
2_1941,6,0,-0.4865577620133972,1.0,0.8836411716085291
2_1943,1,0,0.7835719161009043,1.0,0.5320255667273528
2_1945,98,4,3.0392689058054354,0.01719095631022008,0.554356256106722
2_1949,1,0,0.6936945891572232,1.0,0.5604968296649863
2_195,72,6,8.226948158116178,8.882696975305122e-05,0.00013277953659995845
2_1950,1,0,-0.02425317884735683,1.0,0.7661736878898284
2_1951,2,0,2.2855691652454375,1.0,0.1370622558830843
2_1952,1,0,1.0230655372643873,1.0,0.455753570156023
2_196,4,1,3.09643979837422,0.039403990000000035,0.04623552132623765
2_1962,3,0,-0.13823352892714016,1.0,0.8047716823777719
2_1963,1,0,1.3871079440856886,1.0,0.3437581609396324
2_1964,26,0,1.0995958832513617,1.0,0.6413238149044836
2_1965,1,0,-1.041506970094888,1.0,0.938183862242817
2_1967,4,0,2.6651628973335244,1.0,0.08996667375644474
2_1968,1,0,1.4074013200589632,1.0,0.3378073969061681
2_1969,2,0,1.5177574366626763,1.0,0.31502812527375357
2_1971,8,0,-1.2585347694049096,1.0,0.9667263932110802
2_1972,2,0,2.2993519976413315,1.0,0.1346667341627279
2_1973,4,0,2.478372142493806,1.0,0.11642808429061158
2_1974,1,0,1.192967299694954,1.0,0.40245719450592965
2_1977,2,0,0.827696459280971,1.0,0.5272460156058284
2_1978,3,0,1.0232590112937165,1.0,0.47449246484658325
2_198,1,0,-1.2667204083886658,1.0,0.9572644007391766
2_1980,39,1,3.495863594776885,0.3242709509397169,0.13090911097912195
2_1981,2,0,2.4338153167071486,1.0,0.11280030210933256
2_1982,93,4,1.7770296300115986,0.014445267970466623,0.8092800626773444
2_1984,1,0,-0.43569973229286174,1.0,0.8543555741215834
2_199,1,0,-0.391726645591069,1.0,0.8461683352641817
2_1990,6,0,0.7727722406838134,1.0,0.5801864896348778
2_1991,1,0,1.1074293088836709,1.0,0.4291276956466741
2_1997,104,3,2.3311913393000987,0.08687795791027986,0.7408939971885571
2_1998,7,0,0.9392270385652843,1.0,0.5373662632062701
2_2,1,0,1.57068695825777,1.0,0.2914963417009816
2_200,3,0,-0.6052821693669215,1.0,0.8906225587055774
2_2000,10,1,4.808874630481611,0.09561792499119559,0.00220134024577201
2_2002,4,0,1.0394261289737092,1.0,0.47867525829044144
2_201,1,0,0.34917864134921456,1.0,0.6655672959432041
2_2010,5,0,-1.893140430117792,1.0,0.9888344101696953
2_2011,1,0,1.9616025943435584,1.0,0.1944547320428367
2_2012,5,0,0.29943876032780653,1.0,0.7101439333734159
2_2021,2,0,1.6758636822147803,1.0,0.2717056846363125
2_2022,15,0,0.977430442943502,1.0,0.5933769387259871
2_2023,5,0,1.4797477032512119,1.0,0.35272909413871645
2_2024,32,2,1.7863177437753288,0.040682585752739156,0.4886054537987389
2_2028,21,3,-2.4168660557193964,0.001162133782775636,0.998193350566711
2_203,2,0,1.193842626392346,1.0,0.41158129414268707
2_2033,2,0,1.9110122631712247,1.0,0.21328291087971762
2_2034,1,0,-1.650579831190836,1.0,0.9786546142593763
2_2035,1,0,0.9795481292939971,1.0,0.4695739137831807
2_2037,2,0,1.951819698580606,1.0,0.20394667759137186
2_204,1,0,-1.6208059595408648,1.0,0.9774068172220094
2_2050,2,0,1.5420236845832855,1.0,0.30818960585719635
2_2051,1,0,-1.2201616543140252,1.0,0.9537696759668151
2_2053,1,0,-1.6242367048915762,1.0,0.9775536617853945
2_2054,1,0,0.8023542663128075,1.0,0.5260500018407178
2_2056,1,0,-0.674458281879232,1.0,0.8936565294693168
2_2057,1,0,1.2077718296519184,1.0,0.3978832774609997
2_206,5,0,0.6028783182424858,1.0,0.6233388881193357
2_2064,5,0,0.5443966825075687,1.0,0.6407367463262785
2_2065,12,0,2.3467211069363265,1.0,0.1881904448813354
2_2066,29,0,0.28130442853417614,1.0,0.8460555634980258
2_2067,10,2,-1.0671114591463915,0.004266200242831427,0.9572020381970603
2_2068,25,6,-0.7423841197358184,1.5041890957304008e-07,0.9566178225860971
2_207,1,0,0.13736220988006428,1.0,0.7247714089558045
2_2071,2,0,1.7781351502288507,1.0,0.24535642692097248
2_2079,1,1,3.131959464176319,0.010000000000000009,0.03613447802882075
2_2086,1,0,0.9150129723549363,1.0,0.49013183922172965
2_2091,1,0,1.5300732447283476,1.0,0.3027373733348382
2_2094,1,0,1.7753416392725088,1.0,0.238027613105672
2_2097,17,1,-0.8389791080182589,0.15705680661607327,0.9514980376941603
2_2099,1,0,1.0333387054135352,1.0,0.4524981668614455
2_21,2,0,0.5173074687158294,1.0,0.6238988860235473
2_2103,2,0,2.20409728791407,1.0,0.15181542724003405
2_2104,1,0,-1.7561476541449907,1.0,0.9826196601359852
2_2105,2,0,-1.3871710470975596,1.0,0.966647436141853
2_2106,2,0,-0.22018277807591877,1.0,0.8168791833894469
2_2109,1,0,-1.3016940335826486,1.0,0.9597465023872445
2_211,8,0,0.64210455404755,1.0,0.6362153269500976
2_2111,1,0,1.2230068422249718,1.0,0.3931909761309622
2_2114,1,0,0.8495007015389536,1.0,0.5110275990242694
2_2115,1,0,0.8495007015389536,1.0,0.5110275990242694
2_2121,36,0,1.3658888162526688,1.0,0.6369393116307076
2_2122,13,0,1.4735007396458228,1.0,0.4255740973479083
2_2123,2,0,1.0707733912394606,1.0,0.45010747938502016
2_2124,1,1,2.836069891188087,0.010000000000000009,0.05928249274128761
2_213,13,0,0.6419912396477679,1.0,0.6746250139943312
2_2131,17,1,1.8291543453455825,0.15705680661607327,0.35537176226836087
2_2132,1,0,1.8095502815413473,1.0,0.22964546560523313
2_2134,1,0,-0.24153408797760842,1.0,0.8159512108638287
2_2139,3,0,0.6926259339074456,1.0,0.5787499407867712
2_214,24,0,-0.2564206301259978,1.0,0.9090666601456341
2_2140,1,0,1.1383106223893382,1.0,0.419454859437957
2_2141,2,0,-0.501023273100735,1.0,0.870207571309304
2_2143,2,0,1.1670906426936403,1.0,0.419896934759594
2_2145,1,0,0.7002278847159712,1.0,0.5584359313798596
2_215,19,0,0.9410331706777534,1.0,0.6349894472847297
2_2150,8,0,0.7921182409068301,1.0,0.5913601870725526
2_2152,6,0,2.081350677763984,1.0,0.2040046643523714
2_2154,1,0,-0.6720621676768341,1.0,0.8933045051251787
2_2155,1,0,1.8236145191617463,1.0,0.22624786604201563
2_2156,13,0,0.912998386846929,1.0,0.5963879203389497
2_2157,8,1,3.063954504004787,0.07725530557207996,0.06110042423836182
2_2161,16,1,3.1137070494056105,0.1485422289051245,0.08477767398919678
2_2166,17,0,2.214814132345143,1.0,0.2532365140667493
2_2167,4,0,1.8302657680491319,1.0,0.24832375505196502
2_2168,85,3,2.1910472834583583,0.053983631451358566,0.6976082897862781
2_2169,1,0,1.6893879640958818,1.0,0.25980959201115605
2_217,1,0,1.7753416392725088,1.0,0.238027613105672
2_2171,4,0,0.6387407668973463,1.0,0.6040480120832146
2_219,1,0,1.5300732447283476,1.0,0.3027373733348382
2_22,10,1,3.4208165148692364,0.09561792499119559,0.03845045498124122
2_220,24,0,-0.18383337866334545,1.0,0.8998855812799662
2_222,12,0,0.9826542628687929,1.0,0.5671485579484283
2_224,14,0,0.7421466476159825,1.0,0.653973349105986
2_225,2,0,0.05256839303535907,1.0,0.7536894696838721
2_228,4,1,3.486829985559376,0.039403990000000035,0.023203687634890002
2_229,1,0,1.0001528976692933,1.0,0.46302461042644794
2_23,2,0,1.9962266612403308,1.0,0.19406871840189788
2_232,1,0,1.1240457922397082,1.0,0.4239173012189509
2_233,4,0,1.963180390233001,1.0,0.21621677433771036
2_234,8,0,1.2385205760863058,1.0,0.4530119383750649
2_235,1,0,0.5340609005534878,1.0,0.6102124861418184
2_236,74,5,2.1952765322100625,0.0009087216877532608,0.6449646776596226
2_239,17,2,-0.6377056804547463,0.012308985529944274,0.9340163392014357
2_240,1,0,1.30328124989805,1.0,0.3687372497071004
2_242,4,2,2.096243569225292,0.000592030000000001,0.18662239301178452
2_243,42,5,2.14945416207057,6.250095832629931e-05,0.45901695674972476
2_244,5,0,1.9407942944642413,1.0,0.22906620034100156
2_248,13,1,-1.811658783456608,0.12247897700103212,0.9904189189923185
2_249,4,0,0.8884672105771405,1.0,0.5263394774699173
2_250,5,0,-0.841444767884621,1.0,0.9270891876147391
2_251,56,2,0.031984323395750434,0.10820013753576062,0.9439821087516735
2_258,35,1,2.214183909165703,0.29655230500043084,0.3892639006424554
2_262,25,4,4.695578637812109,0.00010692653379901661,0.009876395926825321
2_265,82,6,1.541254998140091,0.00018287020901843748,0.8161710484114171
2_267,7,0,0.2098249463276085,1.0,0.7472938246334373
2_269,1,0,1.9418899525904836,1.0,0.19882256227680895
2_271,11,1,0.46507758471569144,0.10466174574128365,0.7083945970587724
2_274,10,0,-0.8368252920300974,1.0,0.9382345427684086
2_282,37,1,2.9931453603858014,0.31055091413092223,0.2109494519397358
2_283,1,0,1.1038533911402966,1.0,0.4302506374496987
2_288,8,0,1.4547764528449507,1.0,0.38698951280822735
2_290,3,0,0.9303328023640602,1.0,0.5039277461600282
2_291,1,0,0.63309001864283,1.0,0.579529002097211
2_293,4,0,-1.1453257371576604,1.0,0.953200186221292
2_294,1,0,-0.1857727179568742,1.0,0.8038504928955981
2_296,7,3,4.491747649555915,3.396253015000008e-05,0.00353996437682369
2_297,2,0,2.1778764974083473,1.0,0.15678012059855906
2_299,63,4,1.519704640962802,0.0037262424020537014,0.7485079150036611
2_30,2,0,0.4928131639838597,1.0,0.6312853216537752
2_301,1,0,-0.364851579840103,1.0,0.8410173565188744
2_302,1,0,-0.9186562503486361,1.0,0.9252744423224248
2_304,12,0,0.7647250428816856,1.0,0.6321162100566814
2_306,3,0,1.2323717221808803,1.0,0.4090010768107055
2_307,3,0,2.2961756129122524,1.0,0.14112565578772585
2_308,46,1,3.2128437277949913,0.37017636879676774,0.21792366276171005
2_311,58,0,2.79443658593973,1.0,0.39254944581607076
2_312,4,0,0.3020758300326288,1.0,0.7021022802850515
2_313,8,0,0.2308376146914727,1.0,0.7485660739351407
2_316,76,3,2.8022279510096326,0.041001465253485636,0.5002750992347071
2_317,2,0,-0.5357492847060372,1.0,0.8759651098552097
2_318,84,4,2.170761599545978,0.010239226958780887,0.6978421210096344
2_319,4,0,1.0748258200545793,1.0,0.46751698664423225
2_321,12,0,-0.29148726610033254,1.0,0.8756182397836065
2_322,6,0,-0.4147278082444794,1.0,0.8722019325426784
2_329,1,0,-0.6963506190252237,1.0,0.896834050547856
2_33,1,0,0.17896380785353608,1.0,0.7135583925103626
2_331,1,1,2.7421035353560024,0.010000000000000009,0.06868066335350453
2_333,17,2,3.953568677279206,0.012308985529944274,0.023433066104898148
2_335,1,0,1.9891044977317636,1.0,0.18845949021963415
2_336,17,1,-0.34279590207073896,0.15705680661607327,0.9000728483352507
2_340,12,1,1.7749225569991356,0.11361512828387083,0.3289241354684367
2_342,8,3,3.2484187342677466,5.3933321197900146e-05,0.04552753974387813
2_343,1,0,-0.22643115358891883,1.0,0.8127205391700376
2_344,2,0,-1.023169542371754,1.0,0.938649731458454
2_347,1,0,2.012508970756519,1.0,0.18344830039819748
2_348,51,1,4.452721850422368,0.401043993533839,0.06111901123842767
2_351,38,0,3.0000951060771808,1.0,0.21547462765286163
2_358,26,0,1.156708772135916,1.0,0.6253828343059413
2_360,1,0,-0.7366201134074194,1.0,0.9024977730668609
2_362,3,1,1.6206000198681572,0.029701000000000026,0.2950983184956002
2_366,2,0,1.781434810790272,1.0,0.24452977838791545
2_367,1,0,-1.4052693462244277,1.0,0.9664177194308047
2_372,11,0,2.0036932423078153,1.0,0.25996118750999075
2_374,1,0,2.186706346702818,1.0,0.1488007056022912
2_376,1,0,-0.8887277751985067,1.0,0.9218377356264816
2_380,34,4,3.0824588859905404,0.0003648914330466054,0.17600044307393792
2_382,6,0,1.0121620998882643,1.0,0.5055790981506758
2_383,54,2,2.6463790480183715,0.10183372363564862,0.40561669300522385
2_385,7,1,3.35149250187296,0.06793465209301006,0.036044151633893184
2_388,1,0,0.8715780308200153,1.0,0.5039863513608045
2_389,6,1,-0.10960963490278786,0.058519850599000056,0.8150743661047504
2_390,2,0,0.8334827359901184,1.0,0.5254101782351986
2_391,5,0,0.27208310325274726,1.0,0.7174897855937283
2_394,29,2,4.297125732002069,0.03395931237935017,0.026593545037129074
2_395,2,0,1.310798579405529,1.0,0.3757371030242158
2_399,13,0,2.1222230263087436,1.0,0.2459603810212765
2_400,18,0,3.1816113215230155,1.0,0.08458197759878083
2_402,30,0,2.1341787000153984,1.0,0.37354523845515186
2_404,35,2,4.679298217926193,0.04785867545512833,0.019475626496198495
2_407,1,0,-0.21068484642717003,1.0,0.8093151580087496
2_409,1,0,0.2609960932619745,1.0,0.6908344154438311
2_41,3,0,1.328426798845791,1.0,0.3796393144400845
2_412,2,0,-0.18367624496397583,1.0,0.809060408104926
2_413,7,1,1.5200347566084,0.06793465209301006,0.358740230591285
2_414,1,1,2.4855399921816406,0.010000000000000009,0.10017768482965217
2_415,4,0,0.40216302668382437,1.0,0.6740750418164019
2_42,1,0,0.785364480526164,1.0,0.5314555561765327
2_422,1,0,-1.0997914464629024,1.0,0.9436654491370874
2_426,1,0,-1.5285872450672144,1.0,0.9731455466056367
2_427,1,0,1.558133799134998,1.0,0.29494997110846344
2_432,26,0,2.736109899642214,1.0,0.19724294186534053
2_433,18,1,1.946733420157258,0.16548623854991254,0.33071731587298214
2_434,20,1,-0.049678297984617314,0.1820930624027693,0.8669713167287934
2_439,2,0,-1.0495592955175588,1.0,0.9411581535013516
2_441,3,0,1.147122552319172,1.0,0.43550039095149684
2_446,1,0,0.4334532256265114,1.0,0.6406958159998049
2_448,46,2,2.0081049867444065,0.07753104520738682,0.5270726753436363
2_449,75,0,2.8542475443920923,1.0,0.4809223399454352
2_45,2,0,0.776635036039925,1.0,0.5434170330920414
2_452,1,0,-1.067083570737388,1.0,0.9406385119928191
2_453,63,1,3.6246167116485237,0.46909445704488684,0.2262627725386679
2_454,17,0,-0.8259562949971387,1.0,0.9504922406935623
2_455,1,0,1.4559801392746372,1.0,0.32372827385484615
2_456,28,0,0.7405163129059879,1.0,0.7467325574553147
2_458,1,1,3.219980197626196,0.010000000000000009,0.030894844029552226
2_459,3,0,0.04666532596641856,1.0,0.7617344621805298
2_460,12,0,1.4093510343304054,1.0,0.4362467142516676
2_461,1,0,-1.1045339150658273,1.0,0.9440940557967156
2_463,9,0,-1.2365639472588916,1.0,0.9666918010838862
2_464,1,0,0.5720404959455967,1.0,0.5985146078441763
2_465,3,1,2.2419490386269887,0.029701000000000026,0.1509905499790598
2_466,2,1,0.412585572337548,0.01990000000000002,0.655128165466405
2_467,1,0,1.5300732447283476,1.0,0.3027373733348382
2_468,249,16,5.343210357267572,7.109852751770236e-09,0.4363434123492502
2_47,39,2,3.2522710232039658,0.05807465888566573,0.17163604982675706
2_471,1,0,1.4866255342268575,1.0,0.31497307024541665
2_472,162,6,4.426887686973516,0.006091888090440041,0.47028735454964743
2_473,123,3,4.603258194595913,0.12622270168839414,0.29636696019033504
2_477,1,0,2.0197512128825315,1.0,0.1819146300560497
2_479,24,1,2.021643861309786,0.2143218591927812,0.3580165580208078
2_480,10,1,1.6902429166989243,0.09561792499119559,0.3358047775906481
2_481,304,10,4.732350711186574,0.0011294871209024115,0.5738285280208093
2_482,3,0,-0.282618861050142,1.0,0.8348474147686599
2_483,1,0,1.1932508939592357,1.0,0.4023694492142813
2_484,12,1,1.0000857649404005,0.11361512828387083,0.5618470623623479
2_485,2,0,-0.6813086704626404,1.0,0.8981472413520455
2_486,44,3,4.786349564526456,0.009757879166870534,0.02677597010750221
2_487,20,1,2.6585254297297647,0.1820930624027693,0.17600621421629747
2_488,2,0,1.4891958261133484,1.0,0.32315897376405345
2_489,19,1,3.3845251090337167,0.1738313761644134,0.06635796224204615
2_491,43,1,-0.013232660136235919,0.35089737163159784,0.9261251950238335
2_492,17,0,0.6151359453672567,1.0,0.7098661449626947
2_493,1,0,1.5778958002176822,1.0,0.2895216064495112
2_494,236,15,1.6853440080093984,2.39782656548318e-08,0.9576493216013794
2_500,1,0,1.84192869931628,1.0,0.2218664495857302
2_503,6,1,0.7453439885816365,0.058519850599000056,0.5886038290687668
2_504,3,0,-1.9060117990446384,1.0,0.9881894430964037
2_505,149,7,2.5449397145482884,0.0008157300361998132,0.8180361903683624
2_506,1,0,-1.9924376485474118,1.0,0.9892779870498419
2_507,3,0,0.560729391283835,1.0,0.6192396381347197
2_508,106,1,1.09369805130966,0.6553878166524825,0.923964888588789
2_512,342,13,5.194445008224806,5.330466721185437e-05,0.4551419930618308
2_513,255,9,4.453648383172754,0.0012117916060957296,0.6224388567261764
2_515,114,5,1.8996420123905169,0.005971392744805094,0.8437134554043992
2_516,22,0,2.832718074489556,1.0,0.15507508419561833
2_518,142,5,3.968322395899326,0.014529735470195001,0.5110686376352447
2_519,321,13,2.621417797447539,2.791642501741471e-05,0.8887952210158883
2_52,7,0,3.272289826895006,1.0,0.04124413127601301
2_520,1,0,1.5828783509351636,1.0,0.28816040660424913
2_522,5,0,0.2853929964134781,1.0,0.7139268505246281
2_523,2,0,-0.6925908740169423,1.0,0.8997374957326367
2_524,36,1,1.6416134169947638,0.30358678195042654,0.5601455190945712
2_525,280,11,3.7967340890832277,0.00014649682610391198,0.748229732570816
2_526,4,0,-0.6401845544301329,1.0,0.8991402028623858
2_527,119,7,2.4058548335821537,0.00021104439042986982,0.7729046301566029
2_528,11,1,3.550265902437995,0.10466174574128365,0.032752479663176404
2_529,159,9,6.771961444236761,3.6987520765524226e-05,0.07610378730944078
2_530,112,4,5.094724874516087,0.02652364088354213,0.16765620927262348
2_531,7,0,-0.1272115384447545,1.0,0.823916585919455
2_533,1,0,1.1019640063889646,1.0,0.43084418746889597
2_535,67,1,-0.10992391347344845,0.4900142537504347,0.9652554788490664
2_536,24,1,1.7034150958072485,0.2143218591927812,0.4496853270160486
2_540,15,1,2.3305601647919825,0.1399416453587116,0.2119689190048092
2_542,9,0,-1.4183588748337153,1.0,0.975921613884859
2_546,1,0,1.7649317074462136,1.0,0.2406112478532465
2_547,12,1,2.089312655133097,0.11361512828387083,0.24643745125696714
2_548,50,4,3.4907354774227155,0.0015961730907328743,0.18500834107726405
2_55,1,0,0.5037314567149296,1.0,0.6194834665399667
2_550,20,1,0.9383828852429736,0.1820930624027693,0.643139453988278
2_558,8,0,-1.6437398493306006,1.0,0.9836587523812058
2_559,7,0,0.37853607262989675,1.0,0.7032076156265319
2_562,1,0,2.2949141975969565,1.0,0.12963580346161785
2_563,3,0,1.690370204098022,1.0,0.27626226868837167
2_564,5,0,2.389037631624709,1.0,0.1365872793754388
2_565,9,1,1.6057646963530974,0.08648275251635919,0.35135935847257505
2_567,1,0,-1.5717726783069152,1.0,0.9752180281394067
2_569,19,2,0.32250070990569135,0.015273761488896639,0.7919012476340126
2_57,2,0,0.3391476764113218,1.0,0.6764285292778048
2_571,35,5,3.3104544521748274,2.5278422335681144e-05,0.1413286632306867
2_572,34,1,-1.1231593740816492,0.2894467727277079,0.9830021283475809
2_574,1,0,1.482812974239959,1.0,0.31605678106235124
2_576,511,34,5.63741063412918,1.289938986741016e-17,0.0561040361107652
2_578,253,4,3.8053215522558226,0.2483443796280921,0.740308091522567
2_579,72,3,3.22079672931644,0.03580687176899624,0.3690513204494589
2_587,56,1,1.0440543954257309,0.4303987975228408,0.8145059323471844
2_588,3,0,-0.6544142516700964,1.0,0.8977580119380957
2_589,27,1,1.3576158722213147,0.23765728565289646,0.575355451049812
2_591,642,39,5.790466177059463,1.2944725490789969e-18,8.86070415884177e-06
2_592,4,0,1.4310841679958677,1.0,0.358060702512464
2_595,28,0,1.919176005029655,1.0,0.4188274729742494
2_596,53,2,3.3588711871454575,0.09869100146972073,0.22708614437909658
2_597,5,1,2.418857089929938,0.049009950100000046,0.13150151480579564
2_598,116,4,5.0975234331204184,0.029649947734391422,0.18006879088775962
2_601,304,13,6.090191076542745,1.585933882469705e-05,0.3094837575451752
2_603,73,4,2.1430672042351864,0.006294694110439814,0.6526577147757201
2_604,287,22,3.094459826247929,3.636959116161776e-13,0.8472063606200526
2_605,1,0,1.6687530339971526,1.0,0.26518780676660236
2_606,61,1,4.640356408466004,0.45831492403314644,0.0701059104306273
2_607,8,1,0.3842932110107077,0.07725530557207996,0.7088324798610698
2_608,199,5,3.825748578821423,0.050853179712745854,0.6832307743000743
2_610,77,7,2.6741139498289823,1.3039090408277322e-05,0.5393338480103248
2_611,91,2,3.1402417370397955,0.23100925191118446,0.49436336189321306
2_612,331,19,4.625194957558163,1.8831340295052214e-09,0.5784606039746452
2_613,283,14,5.379304281082832,1.4256507855100562e-06,0.4461407530059174
2_615,100,4,0.049163097417190986,0.018374036444649716,0.9788239423270411
2_616,11,0,2.0264051834883468,1.0,0.25428596756707855
2_617,156,10,3.0948328445056075,4.655335332515058e-06,0.739093001382866
2_618,75,0,2.1323920382311172,1.0,0.6652021423782211
2_619,15,1,3.239272637950787,0.1399416453587116,0.06742509151605991
2_621,10,0,2.8760686457168267,1.0,0.0892198485894019
2_624,97,2,3.1517517287470027,0.2531476485150825,0.5214964466237858
2_625,77,6,5.730739522773211,0.00012918902702007724,0.028579209233724145
2_626,61,3,3.719892297828976,0.02340829585406519,0.1974573886883184
2_63,1,0,1.6042545271266937,1.0,0.28235510913177
2_631,3,0,0.5746898592556859,1.0,0.6150070117180613
2_632,1,0,0.26358678831147236,1.0,0.6901040748580967
2_633,10,0,1.376163712635802,1.0,0.4286411480258929
2_634,1,0,0.9181640243594477,1.0,0.48912700524462394
2_636,1,0,2.2018554040407703,1.0,0.14600920177130283
2_638,10,0,-0.39467530561600006,1.0,0.8842449062542931
2_64,2,0,1.217344769205223,1.0,0.40430833857216497
2_640,81,4,1.0726987887622692,0.00903812886129144,0.883591487541717
2_641,89,4,2.548762699783334,0.012461682081656367,0.632176129335289
2_642,13,0,2.5881359593947955,1.0,0.1477637384160544
2_643,43,0,1.418960545763723,1.0,0.6674095749552919
2_644,2,0,1.9040897627051672,1.0,0.21489105676242537
2_647,1,0,1.688022864160637,1.0,0.26016364047417717
2_65,13,2,2.2197387685156715,0.00724894367793522,0.22292339623517599
2_650,206,10,5.896802585792538,5.146467077537886e-05,0.271208224290881
2_651,143,9,3.088800567605632,1.5995216467440932e-05,0.708268885906717
2_652,79,1,3.3925098004199943,0.5479563497335247,0.36623182902226337
2_653,513,36,12.085968902511091,2.6662863106764314e-19,3.3359860218684645e-07
2_654,2,0,0.8621514549163297,1.0,0.516307123736834
2_655,2,0,2.4785830898695216,1.0,0.10611615522065077
2_657,297,18,5.652635417688231,2.119759917382735e-09,0.3922083892562417
2_658,2,0,-1.7311244083430126,1.0,0.9824756538388466
2_659,485,8,4.113587021699889,0.11712063008773778,0.30918624632783276
2_660,12,0,0.20748038803951133,1.0,0.7787324438659009
2_661,29,3,1.3894260601528774,0.0030081981768577204,0.5811347486206362
2_663,1,0,1.727099808523514,1.0,0.2501279647485476
2_664,18,0,2.4753816816806857,1.0,0.200722192836429
2_665,18,0,0.9633689691469055,1.0,0.6210322847554304
2_669,52,5,4.839069598948103,0.00017577600591676932,0.036522159633341156
2_670,111,6,5.208455202150634,0.0009252865260725698,0.14778674871580333
2_672,113,7,2.679062395655615,0.00015324527708382706,0.7000736858626647
2_674,1,0,-0.923031096777752,1.0,0.9257669975192871
2_675,5,0,1.2516594519296929,1.0,0.42156018062873746
2_677,18,2,0.9990832369227921,0.013756463740805566,0.6106811988911266
2_678,3,0,0.6705785344936678,1.0,0.5855889662891778
2_681,35,1,-1.0986280880766508,0.29655230500043084,0.9828071113690551
2_684,71,0,1.2090690177853023,1.0,0.8374854322915455
2_686,17,0,-0.15860058452031361,1.0,0.8732307223752583
2_687,1,0,-0.489669482684982,1.0,0.8639966205206786
2_689,9,0,1.916888636313153,1.0,0.26624541659917
2_69,6,0,-0.45937341467808435,1.0,0.8794004749045281
2_690,1,0,-0.05648857101105619,1.0,0.7739983033429092
2_691,6,0,1.0826941227438747,1.0,0.48344096368358014
2_692,2,0,2.5453027130446046,1.0,0.09669292554139619
2_693,1,0,-0.48794528099191653,1.0,0.8636955329429901
2_694,19,3,2.636736330135299,0.0008594328820314674,0.17418569621327318
2_7,1,0,1.4085764989670495,1.0,0.3374640123427026
2_700,4,1,2.7367963378283933,0.039403990000000035,0.08110316753201219
2_702,15,0,2.1259107503679173,1.0,0.2601299387934387
2_704,206,9,5.121142945090914,0.00026438311237424715,0.42414391149502606
2_706,151,14,2.986715509982945,5.484399967347556e-10,0.7477617701618506
2_711,1,0,1.421149713889619,1.0,0.3337986658835804
2_713,1,0,1.6305803415105276,1.0,0.2752838493567066
2_714,60,6,4.850745312847615,3.152366072959556e-05,0.05078289906281486
2_715,2,1,1.8661987015616102,0.01990000000000002,0.22381730166724956
2_716,14,1,2.079436308364012,0.13125418723102178,0.26411043085162733
2_722,4,1,1.0113891145786482,0.039403990000000035,0.4875250648175131
2_723,3,0,1.4321904755784562,1.0,0.3486878769824693
2_724,141,6,4.344008664903329,0.003111955985775271,0.4206180219010357
2_725,11,1,1.8898397403427591,0.10466174574128365,0.2893625422164243
2_726,205,8,3.4332153534743024,0.001185307051522749,0.7624320182387837
2_729,918,38,8.620684220808421,6.348205961694889e-13,0.0
2_730,7,0,0.6007136516512349,1.0,0.6403355404503998
2_732,3,0,1.704859241744324,1.0,0.2724258929258071
2_733,7,0,1.2241000122907149,1.0,0.44841182841824534
2_734,3,0,-0.7086922863348891,1.0,0.9052402647074591
2_735,1,0,1.4478623180594732,1.0,0.3260641862326399
2_736,205,8,6.437239515142718,0.001185307051522749,0.18252352721348275
2_738,30,3,1.3764174541103642,0.0033177093188826454,0.5922029157800993
2_740,1,0,1.639059771932183,1.0,0.2730249304555932
2_741,2,1,0.9664951000978632,0.01990000000000002,0.483138819140147
2_745,45,3,3.4381344985130617,0.010378132789533654,0.16914730164345215
2_746,28,3,1.9015697786110628,0.002717121867743372,0.4239058560309952
2_749,40,2,-0.18196860574475815,0.060736621806206224,0.9363793215955964
2_75,7,0,-0.5492791474800178,1.0,0.8964348725125362
2_753,11,1,-2.797487629977506,0.10466174574128365,0.9989532418835094
2_754,43,0,0.5606630808606626,1.0,0.851039635986438
2_755,54,1,2.4566174332763104,0.41883358588189046,0.4569992370293313
2_758,80,0,3.2193474085853206,1.0,0.41504667347258395
2_761,237,11,3.7370455886135923,3.327812255506338e-05,0.7423173978762833
2_764,5,0,1.2370689183949752,1.0,0.4260711937051387
2_767,1,0,2.2004874977619324,1.0,0.14625980995591448
2_768,25,2,2.42982906251436,0.025759105399048503,0.25908322408220164
2_769,3,0,0.38799901207469006,1.0,0.670289801184029
2_770,8,2,3.59514054597595,0.0026900777395207046,0.024939191001402183
2_771,18,1,2.3539234753059795,0.16548623854991254,0.2275655319493698
2_772,2,0,-1.4476850819115294,1.0,0.9700743127370499
2_776,1,0,1.446788245200401,1.0,0.32637376640800486
2_777,12,3,4.949719747072123,0.00020561607776663676,0.0018938132550053721
2_779,103,12,9.43076419241137,6.590185412938027e-10,7.873143470427113e-05
2_78,26,1,-0.36284497282656786,0.2299568541948449,0.9259717606142516
2_783,3,1,2.833552158416597,0.029701000000000026,0.0665220490367111
2_787,1,0,0.9708956993281178,1.0,0.47232668061521976
2_791,21,0,0.9502939536358835,1.0,0.6470902353866863
2_792,10,2,2.2932523542686494,0.004266200242831427,0.18603449364498337
2_793,9,1,2.737550352853435,0.08648275251635919,0.10311431153967321
2_794,484,19,5.157821431818468,7.18201132787198e-07,0.15366797540381283
2_796,1,0,1.7753416392725088,1.0,0.238027613105672
2_799,27,3,1.7438624900498845,0.002444106570594271,0.4619254327274309
2_8,2,0,0.7220990398550583,1.0,0.5606087099219741
2_800,1,0,-0.2613849005786187,1.0,0.8201443696582648
2_813,32,2,1.2717969776243163,0.040682585752739156,0.6355906231915021
2_816,204,6,3.4211025715483494,0.01748468517136216,0.7632408503741726
2_817,2,0,0.6046536407928805,1.0,0.5972052212080994
2_818,9,0,2.3400243592183445,1.0,0.17001932924184837
2_819,17,2,1.2491698189841134,0.012308985529944274,0.5281031860665231
2_821,340,11,4.48785805627476,0.0007489052069665989,0.5965231447464638
2_824,120,3,3.6227025708177583,0.11963654137203271,0.5092797551274197
2_825,5,0,-1.2015188692625849,1.0,0.9589564195179576
2_827,6,2,4.791270111031879,0.0014604476050000025,0.001538468382093594
2_832,1,0,1.6161025824403592,1.0,0.2791618584409734
2_835,2,0,0.15336164846307096,1.0,0.7276799139363146
2_837,1,0,1.6023831345547803,1.0,0.28286108338565596
2_838,190,12,4.506492660663384,6.274802382471068e-07,0.5243160056049545
2_841,52,6,4.618182026416125,1.372424988612523e-05,0.05055288815077286
2_842,109,5,6.889171190062233,0.004949394551307846,0.01760485343475149
2_843,6,0,0.8363533202938592,1.0,0.5605390754451884
2_845,4,1,3.224764457810509,0.039403990000000035,0.037201301043215285
2_846,94,0,3.2491669366419624,1.0,0.4821048913947865
2_848,106,5,1.9888789178840909,0.004399464158937283,0.8102109727383612
2_85,3,0,0.09539406299273287,1.0,0.7495834218461315
2_851,9,0,0.027188431748972123,1.0,0.8020649123809174
2_854,3,0,1.3552767318680075,1.0,0.3715466865239172
2_856,3,0,-0.21061267051408483,1.0,0.820243278716599
2_857,1,0,1.0108795142290032,1.0,0.45961896451332174
2_860,3,1,0.40912483423333457,0.029701000000000026,0.6641914582516453
2_864,4,0,2.4454172857134746,1.0,0.1216182018431643
2_865,3,0,3.0378388927286024,1.0,0.048005776951040136
2_867,7,0,-0.7110258240336312,1.0,0.9174896213850637
2_870,2,0,-0.6124885375606435,1.0,0.8880482164972996
2_871,48,3,4.03978638766337,0.012373563910211128,0.09352794455632174
2_887,2,1,3.7010510803521455,0.01990000000000002,0.013148773529794489
2_89,2,0,1.9563881090675228,1.0,0.2029168577503463
2_892,22,0,0.7373638197594302,1.0,0.7110938672227831
2_894,1,0,-0.4870968480249686,1.0,0.8635472086002147
2_895,178,12,3.361064763553741,3.1246459814159144e-07,0.7346204390298923
2_898,103,5,0.08727827964031624,0.0038944680769486322,0.9788613571979262
2_899,19,0,-0.17209682684703625,1.0,0.8824283401991917
2_9,78,2,2.3241198737608184,0.18363711766997068,0.633551939491073
2_90,6,0,-0.22479877061435996,1.0,0.838276441149834
2_900,45,0,0.7539137637066127,1.0,0.8250247016524559
2_901,20,0,2.711118349058058,1.0,0.16593220057744063
2_902,1,0,0.9422873165982864,1.0,0.4814371215569224
2_903,2,0,1.2183905830062158,1.0,0.40398544916528767
2_904,5,0,1.1642796943348677,1.0,0.44870897411658384
2_906,3,0,2.102626789827691,1.0,0.17839290700250143
2_907,2,0,-1.0348603280953776,1.0,0.9397710935682737
2_908,15,0,-1.0581730703634766,1.0,0.963636229256659
2_91,1,0,-0.5277276202240274,1.0,0.8705267019738954
2_911,1,0,-2.403004215026447,1.0,0.9957101819132771
2_912,48,5,2.2356875984596924,0.00011970608791393637,0.4772460262155912
2_913,38,3,1.751113569303397,0.0064969031304781205,0.5433595724427216
2_914,10,2,4.336896838087545,0.004266200242831427,0.006551748766751353
2_915,1,0,-2.945762173192258,1.0,0.9989019938568839
2_917,1,0,-0.7761937429061286,1.0,0.9078381140614731
2_919,212,10,3.9507008358584152,6.540046606907158e-05,0.6782484953918977
2_921,4,0,-0.37611742652367963,1.0,0.8571366634226498
2_923,115,6,3.5091350150385447,0.001111718694226093,0.5156812270833293
2_925,5,1,1.1318995303091823,0.049009950100000046,0.4588378314199556
2_927,184,13,6.116232798178969,5.8903345796301976e-08,0.19463255616729613
2_929,30,2,2.2923514760995487,0.036147998312240706,0.3305221023532312
2_930,143,6,2.4188483687357896,0.003335228069557253,0.8259503226702612
2_932,25,0,2.3382671213330504,1.0,0.2816023945861508
2_933,1,0,0.8908108749413115,1.0,0.49785122225289336
2_934,1,1,2.430165972562942,0.010000000000000009,0.10818051872049061
2_935,1,0,1.4212873140108995,1.0,0.33375863946789464
2_936,212,19,6.634543049450932,9.040599308129221e-13,0.16489331837581145
2_938,7,0,3.8893545322527165,1.0,0.013192453804309223
2_939,15,1,4.673386479575797,0.1399416453587116,0.00475589543758248
2_943,31,0,-0.4912712551062347,1.0,0.9471462757802499
2_945,101,12,3.907235750363896,5.233073604891049e-10,0.3558504279731731
2_947,1,0,-0.9150408219636981,1.0,0.924865509619857
2_948,323,9,6.578072489409071,0.005780218318726688,0.22296889459336555
2_950,9,1,2.3734504943056076,0.08648275251635919,0.16350648376999422
2_954,1,0,-2.2758949136761237,1.0,0.9942434670545885
2_955,20,3,2.4604500840230803,0.0010035761681001195,0.21731931437458518
2_956,201,9,3.9957996783093703,0.00022053697624847653,0.6530230615433698
2_959,9,0,4.208327185349263,1.0,0.007962377451297797
2_961,4,0,-0.8337776326130186,1.0,0.9236388023053568
2_962,13,1,2.8197900873611035,0.12247897700103212,0.11038607003022305
2_963,2,0,-1.7320363335665936,1.0,0.9825070782403201
2_964,1,0,0.7829923574644587,1.0,0.5322098443227707
2_966,1,0,-0.6312116891124946,1.0,0.8871731314643114
2_968,8,0,3.4928393052184763,1.0,0.02998577329763219
2_97,1,0,-0.7620284908286894,1.0,0.9059520055285618
2_970,263,17,5.282968231925505,2.2331532519485915e-09,0.45866768481960585
2_971,17,2,0.8232585822295003,0.012308985529944274,0.6534365666069867
2_973,373,8,10.198786257382588,0.03587311181718025,0.0034463107695095196
2_974,2,1,2.523848041581149,0.01990000000000002,0.09965358270255109
2_975,4,0,1.9280203693268738,1.0,0.22446813593413772
2_976,53,3,5.154339225081509,0.01615486377868351,0.023327416566905068
2_98,8,0,2.410476374471056,1.0,0.15043694030973132
2_980,8,1,3.2086830325526403,0.07725530557207996,0.04857969523266015
2_982,1,0,1.6972823949548062,1.0,0.2577670015262751
2_983,3,0,1.2500610450548026,1.0,0.40354998025821964
2_986,8,1,2.542453644108542,0.07725530557207996,0.12760794602279135
2_99,9,0,1.9756476481705914,1.0,0.2514233720471215
2_993,72,3,3.3708204450121424,0.03580687176899624,0.33227761997536254
2_994,11,1,2.689450333854199,0.10466174574128365,0.12003529710105676
2_995,2,0,0.7665836387102016,1.0,0.5465926822633991
2_996,24,1,3.000404850492108,0.2143218591927812,0.13705518041072784
2_998,19,0,2.2134650479104785,1.0,0.26844078897961754
3_0,24,3,2.390852050284783,0.0017294268470260496,0.26138189104647513
3_1001,69,1,4.218493982410705,0.5001629701008011,0.14785693969553004
3_1003,2,0,-0.02030704504692176,1.0,0.7716312053086132
3_1004,1,0,1.8632892910658099,1.0,0.21681798286431264
3_1006,1,0,1.8635272238704546,1.0,0.21676212528090455
3_1007,2,0,0.4924817819350853,1.0,0.631384927572352
3_101,1,0,1.654923848379893,1.0,0.26882357397304446
3_1021,17,0,0.9565057339128344,1.0,0.6153214628602623
3_1022,6,0,0.5653372808641831,1.0,0.642671724305573
3_1023,1,0,0.7085087828116396,1.0,0.5558214916864963
3_1024,1,0,-0.3173028698107585,1.0,0.8316303044973614
3_1025,9,0,2.1361553889485614,1.0,0.21326292658311952
3_1028,41,1,-0.7641287906574113,0.33771795901601653,0.9746381365563966
3_103,2,0,2.0021197397269335,1.0,0.19278011672860473
3_1030,2,0,2.312396236506428,1.0,0.13242619574533
3_1032,1,0,-0.5572598548693668,1.0,0.8754418654802478
3_1033,285,12,2.738384648701963,3.8514034696053116e-05,0.8861103193908484
3_1035,4,0,1.717628879868703,1.0,0.2774033660871573
3_1036,5,0,1.1210992944013625,1.0,0.46222254270625296
3_1037,1,0,-0.9423939178533954,1.0,0.9279172889877577
3_1042,1,0,0.9285695662988845,1.0,0.4858093234213391
3_1043,14,0,-3.1093386267089715,1.0,0.9996007406205725
3_1044,8,0,1.1452147244621749,1.0,0.4820189131246333
3_1045,8,0,0.8846544953374498,1.0,0.5630391257195055
3_1048,1,0,0.33096913447093657,1.0,0.6708516715443056
3_105,1,0,1.1135822143974012,1.0,0.4271968518783581
3_1052,4,0,0.18937979388224932,1.0,0.7322738986779935
3_1054,50,2,-0.05232130222454391,0.0894353130960309,0.9418286969865466
3_1055,52,3,3.0849185429631336,0.015352625733659125,0.28189320294406706
3_1056,8,1,0.22179389786612055,0.07725530557207996,0.7508150048961428
3_1057,13,0,1.573918685544885,1.0,0.39550899042339893
3_1059,7,0,2.118109286110824,1.0,0.20298614845848006
3_1060,8,2,2.3659705473917625,0.0026900777395207046,0.15871423923482908
3_1061,6,0,-1.0274654773094694,1.0,0.9472816701244698
3_107,2,0,1.1795934375640444,1.0,0.41600584904856786
3_1070,1,0,0.7321692670990658,1.0,0.5483384054252186
3_1072,33,1,0.5879859773650019,0.2822694674017251,0.8057130713171392
3_1074,6,1,3.251023150725736,0.058519850599000056,0.040243818563032385
3_1076,1,0,0.308133251911657,1.0,0.6774305682880065
3_1081,16,1,0.8599184700875779,0.1485422289051245,0.6355374431633752
3_1082,5,0,1.2647010415578468,1.0,0.41753673679334435
3_1083,7,0,1.6198203434027685,1.0,0.32992966503494536
3_1084,49,1,0.576772742612917,0.388882760467135,0.8682251760585133
3_1087,3,1,2.1465690899423118,0.029701000000000026,0.1694305992169085
3_1089,37,0,1.0156219184524968,1.0,0.7323700619169974
3_1090,3,0,-0.28976196338909377,1.0,0.8362530816078869
3_1093,21,1,0.7704636225628898,0.1902721317787416,0.6959319482467
3_1099,20,3,2.595367173644685,0.0010035761681001195,0.18860443243103187
3_1100,20,2,4.226903202587833,0.016859337635651808,0.017267534568068288
3_1107,8,1,0.6117971296569251,0.07725530557207996,0.6450766582239762
3_1108,18,4,2.168620647260662,2.7352225666657963e-05,0.27216112527654557
3_1109,31,2,1.1445009642290787,0.03838951459523551,0.6633047215208284
3_1111,198,14,1.7215543227395456,1.8296398776046456e-08,0.9468626242883428
3_1112,5,1,3.035973499645844,0.049009950100000046,0.05408314625277799
3_1113,1,0,0.4250914643670957,1.0,0.6431925075907708
3_1118,142,11,3.7907138888112417,2.3983367311232565e-07,0.552222685205397
3_112,49,3,-0.5241778241920689,0.013084004966208368,0.9703819228207342
3_1121,57,6,2.601790141357975,2.3441433333653714e-05,0.4373745886700052
3_1122,14,0,-0.5621915378218382,1.0,0.9188779426813551
3_1123,3,1,3.3257977400767254,0.029701000000000026,0.02916034262659184
3_1124,1,0,-1.2902715247382606,1.0,0.9589490475889986
3_1125,146,5,1.7592334872751814,0.01619734048738329,0.9102112565135144
3_1126,3,1,3.241299365143291,0.029701000000000026,0.03391396670803948
3_1128,14,2,0.9928521983662327,0.008401244011166185,0.5806568022156835
3_1129,1,0,-1.2244837307374188,1.0,0.9541034640597092
3_1132,5,2,2.65192057761384,0.0009801496000000018,0.0962347937648429
3_1134,141,10,3.8153978515076528,1.878336909523221e-06,0.54311323417922
3_1137,7,0,-0.7396690640668946,1.0,0.9208558536848989
3_1138,63,4,0.8395052613042349,0.0037262424020537014,0.8705511072104349
3_1140,4,0,0.0631626093783944,1.0,0.7641330740734483
3_1141,4,0,1.783394860027886,1.0,0.26022390341394985
3_1145,1,0,1.60687393146616,1.0,0.2816476246906594
3_1146,1,0,0.09211332706998118,1.0,0.7367168986002075
3_1147,2,0,-0.5642094315057404,1.0,0.8805486448958275
3_1149,6,0,0.1938513661934292,1.0,0.7447137323900433
3_115,7,1,1.987777850230683,0.06793465209301006,0.2330740365997327
3_1150,11,2,1.1425332459967417,0.005179717490315069,0.509489021232423
3_1151,3,0,2.0662538099776016,1.0,0.1860331097499479
3_1152,2,0,1.0286115664260993,1.0,0.4634341379764165
3_1153,3,0,0.37648275383537744,1.0,0.6735953342088787
3_1154,3,0,-1.3427095128867834,1.0,0.9652925416291214
3_1158,2,0,0.47579153306026367,1.0,0.6363900892251962
3_116,60,3,1.2497563908827922,0.022420164788835444,0.7911944935993238
3_1163,2,1,0.5087899501935365,0.01990000000000002,0.6264727141825611
3_1164,3,0,-0.01696479399441479,1.0,0.7771028205695929
3_1165,4,1,3.001884595867731,0.039403990000000035,0.05395891208490633
3_1166,3,0,0.18457383132955388,1.0,0.7265223382087496
3_1167,3,0,1.8227670748416087,1.0,0.2422239049762971
3_1173,1,0,-0.9454797583949754,1.0,0.9282555232549717
3_1174,1,0,1.654923848379893,1.0,0.26882357397304446
3_1175,1,0,1.5867466331256217,1.0,0.28710570398005264
3_1176,3,1,-0.30703898965048515,0.029701000000000026,0.8396207616476505
3_1177,3,0,2.102509208363982,1.0,0.1784172822565151
3_1180,2,0,1.6262429109103858,1.0,0.284978980133207
3_1184,2,0,-0.2986090396376062,1.0,0.8329887915332147
3_1186,3,0,1.4747942585492453,1.0,0.3362524138641769
3_1188,1,0,2.1555412409871746,1.0,0.15465496501214682
3_1189,2,0,-0.3717371643948636,1.0,0.8471599311157247
3_1190,183,22,5.1030088732226115,3.027745345050466e-17,0.3789195053054162
3_1194,165,21,8.452522810027126,4.816370747368504e-17,0.010023321463089818
3_1196,57,2,0.980666960705584,0.11142212413563145,0.8294912116449215
3_1200,32,2,1.5924284239403295,0.040682585752739156,0.5449238324306481
3_1201,65,7,2.925647152091445,4.1905133698340255e-06,0.40238154016404115
3_1202,1,0,-0.9821683849102426,1.0,0.9321841826403738
3_1204,3,1,2.8593157959546036,0.029701000000000026,0.06392017632525404
3_1205,3,1,2.8849137374837435,0.029701000000000026,0.061414110256697185
3_1206,2,0,-1.2969594274613783,1.0,0.9609446190006457
3_1208,3,1,2.4571103396100393,0.029701000000000026,0.11446232631106223
3_1209,1,0,0.8308908732380849,1.0,0.5169603576341811
3_1210,4,0,0.7624868924309514,1.0,0.5658585011571226
3_1211,15,1,-0.3596413116016611,0.1399416453587116,0.8961285752692973
3_1214,1,0,-1.1440321116561343,1.0,0.9475645548336142
3_1220,2,0,1.323942806246808,1.0,0.37176875018909605
3_1224,3,1,3.8671971816234523,0.029701000000000026,0.010078693540217842
3_1226,1,0,1.3939970350139208,1.0,0.34173359164676653
3_1227,53,4,3.461967061686053,0.0019819916499195477,0.20618435151597614
3_1228,22,0,0.4008005651407945,1.0,0.7907428558857159
3_1229,18,1,0.1421744607393944,0.16548623854991254,0.8241438744513382
3_123,4,0,1.036548431606843,1.0,0.4795831855266598
3_1230,28,1,1.8386322202390182,0.24528071279636746,0.4421574759973623
3_1233,21,2,0.9406796335459708,0.01851167488332298,0.6497730808593626
3_1234,3,0,2.0028834614713236,1.0,0.19982013781430674
3_1236,158,13,3.224167439483103,9.608368419345433e-09,0.7191950221979981
3_1244,15,1,0.49620263730121117,0.1399416453587116,0.7272876273923762
3_1245,3,1,0.3314376405667265,0.029701000000000026,0.6863922775510952
3_1246,53,1,2.368039717792256,0.4129632180625156,0.47461996174817667
3_1247,36,4,2.1351552599682186,0.0004561624296751667,0.41887156547824245
3_1248,6,1,1.2314868780932897,0.058519850599000056,0.43698799038042735
3_1249,1,0,1.424074386593538,1.0,0.3329483173654564
3_125,3,0,1.344605233252137,1.0,0.3747565312550316
3_1250,38,3,1.9584489668375906,0.0064969031304781205,0.4840800705034576
3_1253,14,5,2.617522508701166,1.8568942838635482e-07,0.14827133758114996
3_1254,1,0,1.5246078429994825,1.0,0.30426479151227726
3_1255,173,10,3.3772977291210124,1.1572559188471256e-05,0.722161422826713
3_1262,15,0,1.3402079636567035,1.0,0.4834593150879405
3_1263,126,7,0.06293624942645705,0.00029943874266641346,0.9864799990858969
3_1270,15,2,1.1646773976381612,0.009629773443364747,0.537008108073593
3_1271,1,1,3.0251183659910383,0.010000000000000009,0.043449312128049256
3_1272,4,0,-1.0308883328434209,1.0,0.9436394848740227
3_1273,2,1,3.17915939045033,0.01990000000000002,0.0354725966693048
3_1274,2,0,0.7700122120823283,1.0,0.5455097795479018
3_1284,24,3,0.04788507324685845,0.0017294268470260496,0.8660913570107436
3_1285,2,0,1.7073911710256342,1.0,0.26343517166160235
3_1288,11,1,0.922904584345151,0.10466174574128365,0.5768974200556282
3_129,8,0,0.42856867369380575,1.0,0.6968465943715997
3_1290,23,2,0.21673969531632611,0.02201068076236393,0.8326523397627088
3_1295,1,0,1.8075879182536445,1.0,0.2301217895323675
3_13,19,0,1.3276930961453441,1.0,0.5209657693725969
3_130,1,1,2.3565664354748197,0.010000000000000009,0.11951558159929787
3_1300,4,1,0.4515058248519538,0.039403990000000035,0.6598732914552614
3_1301,1,0,0.5749176979558027,1.0,0.5976246645730334
3_1305,9,0,1.5396164511701098,1.0,0.3706685233748108
3_1307,5,1,-0.4982413785429344,0.049009950100000046,0.8816975927696719
3_1308,5,0,0.1650118440115146,1.0,0.7453491902267482
3_1309,4,0,1.4887762973065555,1.0,0.3411466069559912
3_1311,77,6,0.47809733433281987,0.00012918902702007724,0.9377624428543861
3_1312,11,0,0.8066046543578997,1.0,0.6118236641923719
3_1315,4,0,-0.27661371583462796,1.0,0.8386053975732479
3_1316,2,0,1.7631716162095736,1.0,0.2491239466398747
3_1318,12,0,0.354433192600967,1.0,0.7435737057883667
3_1320,1,0,-0.5900694639431576,1.0,0.8807477987335082
3_1322,4,1,-0.7067318183860328,0.039403990000000035,0.9081368613277156
3_1323,1,0,1.416774073950031,1.0,0.3350724773430692
3_1325,6,0,1.5390781781239338,1.0,0.34433300542562706
3_1328,9,3,4.571130552487167,8.029476538112821e-05,0.003535514652844962
3_1330,2,0,2.4036388825079986,1.0,0.11747223377204619
3_1335,1,0,2.113123929821554,1.0,0.16286426900877493
3_1337,12,2,2.0387753893916956,0.006174537772824754,0.25891149973409255
3_1339,3,0,0.7034815043137369,1.0,0.5753736954070325
3_1346,19,1,1.6233741683087337,0.1738313761644134,0.43206705948587576
3_1348,6,0,0.42858917589468504,1.0,0.6819725755972055
3_1349,2,1,3.4206767486382286,0.01990000000000002,0.022840788567634274
3_135,5,0,0.1777193562745199,1.0,0.7421196120893773
3_1350,1,0,1.0681325166142328,1.0,0.44149753689879956
3_1351,61,5,4.682398431746778,0.00037353009609219194,0.06635303669650916
3_1353,270,17,5.727458591188895,3.3137551864385518e-09,0.3734064055876942
3_1358,4,0,1.02280866450977,1.0,0.48391952643371194
3_1360,82,7,2.3718538144737034,1.9736552609017345e-05,0.6416297568404281
3_1364,48,3,1.6604615356326464,0.012373563910211128,0.6351035913395003
3_1365,2,0,-0.09608742392331626,1.0,0.7894829595129846
3_1366,1,0,-0.15465422354639233,1.0,0.7968925595278642
3_1367,1,0,1.6600700261497976,1.0,0.26746769661094294
3_1368,29,2,1.6268565525670269,0.03395931237935017,0.5120467112158107
3_1370,1,0,0.34454574491215284,1.0,0.6669149238732273
3_1373,152,5,2.046473455545922,0.018929549987976364,0.8877841963775
3_1375,1,0,1.400913236766403,1.0,0.3397056240710916
3_1377,26,0,1.1720135353359373,1.0,0.6210730871558559
3_1378,6,0,0.36194508361615857,1.0,0.7004401411003237
3_1379,123,5,1.3815620624866203,0.008169728471086333,0.9192043034443071
3_138,87,6,5.092587599192182,0.0002527768555199751,0.09366526692662802
3_1381,92,4,1.9909437375776375,0.01393187159542679,0.7668156198892626
3_1382,1,0,0.1783608925829971,1.0,0.7137224347353575
3_1383,13,0,2.5730980689548315,1.0,0.1504532281798341
3_1384,104,10,5.164549038294361,1.1097378969937802e-07,0.13297324711560465
3_1385,26,1,1.6523384934166463,0.2299568541948449,0.4809095824608973
3_1388,1,0,-1.4649168683542564,1.0,0.9698275886186812
3_1389,447,41,12.126655974735783,3.8784185873937705e-26,1.5614865852331405e-05
3_139,2,0,-0.44843626626550137,1.0,0.8611409437289468
3_1391,2,0,-0.2445337610816062,1.0,0.8219818304618225
3_1392,19,2,1.6080948690705228,0.015273761488896639,0.43661590840837594
3_1393,10,1,1.306302068132787,0.09561792499119559,0.4500489639810342
3_1394,11,1,0.17897974620724608,0.10466174574128365,0.7794621585202921
3_1395,16,1,0.7081745664437095,0.1485422289051245,0.6780931734681817
3_1396,2,0,-0.5115834767065524,1.0,0.8719776937200686
3_1398,1,0,2.0478807857757007,1.0,0.17603408001094945
3_1401,4,0,0.8514393589643112,1.0,0.5379994786323337
3_1402,1,0,0.4575934919690693,1.0,0.633454464905729
3_1407,84,7,2.4138746528503128,2.3108758335080637e-05,0.6410862753990786
3_1411,1,1,2.344162477074125,0.010000000000000009,0.12150554984194817
3_1412,65,6,4.26123173477547,4.984154957795272e-05,0.12615858988323603
3_1413,25,2,1.3367915064786986,0.025759105399048503,0.5661656497877918
3_1414,1,0,1.2569298127228339,1.0,0.38279938304795114
3_1415,3,0,1.8805190007845074,1.0,0.22812106263553167
3_1420,3,0,0.4972072229572353,1.0,0.6383121510595685
3_1421,1,0,1.0579147279776033,1.0,0.4447237676152429
3_1422,1,0,-1.7381050797662008,1.0,0.9819903024597851
3_1424,38,3,2.6898892076913934,0.0064969031304781205,0.2860658592329792
3_1426,22,1,2.44724786522803,0.1983694104609542,0.23397792572601062
3_1428,25,2,1.082403389575008,0.025759105399048503,0.638999682498337
3_1429,1,0,-0.48575314282043114,1.0,0.8633120741964613
3_143,1,0,0.6189324501955237,1.0,0.5839500576498668
3_1431,1,0,-1.2559469628202526,1.0,0.9564753467494855
3_1432,4,1,-0.4252902951983572,0.039403990000000035,0.8657416529164522
3_1433,1,1,2.4748593385266053,0.010000000000000009,0.10168665598934357
3_1434,8,0,2.529888325511759,1.0,0.1296715593051876
3_1436,93,2,2.5726772234759205,0.2383786116697114,0.6447059522502838
3_1437,37,4,0.9266460621645137,0.0005074083897026835,0.7530213993747512
3_1438,14,3,3.2229856134946893,0.0003351416785493981,0.06567989348789172
3_1439,4,0,1.4195230501719345,1.0,0.36148524369043655
3_144,3,0,1.8262825457897032,1.0,0.24135214362424084
3_1441,171,9,1.8307136604125338,6.504716241405932e-05,0.9256221651074044
3_1442,1,0,1.9194255500549815,1.0,0.20387156403613915
3_1445,226,18,4.642187509626698,2.560689904595717e-11,0.5572361376104683
3_1446,1,0,1.2151306376504372,1.0,0.39561491420240846
3_1447,105,7,0.6934900219984529,9.678785587326176e-05,0.9526583943801445
3_1448,12,0,-0.4932416178268493,1.0,0.9047679598535932
3_1449,166,15,2.13708323729728,1.9327168530487097e-10,0.8935715257999233
3_145,56,3,4.165788037597867,0.018700509761571584,0.10610389059492975
3_1450,176,17,5.056075430059217,4.191736291367419e-12,0.371361677294876
3_1451,102,12,3.2481421805250412,5.876355064065368e-10,0.52137996282215
3_1452,1,0,0.9208488245111823,1.0,0.48827090778102245
3_1453,87,7,1.0966624621840628,2.904587479522312e-05,0.893209888076925
3_1459,50,10,3.359481022446342,7.132811596298566e-11,0.2103925614529153
3_1465,12,0,1.6639220450024055,1.0,0.36049308720415363
3_1467,23,0,1.81886756172323,1.0,0.4077089689578731
3_1468,11,1,0.6149388743741815,0.10466174574128365,0.6673413966157755
3_1469,4,1,-1.2716700944870447,0.039403990000000035,0.9621965145583545
3_1470,24,1,0.20659515502337678,0.2143218591927812,0.8388518489192707
3_1471,1,0,-0.07947929462824305,1.0,0.7794872825123194
3_1473,31,4,3.0268759195584156,0.0002535490128358903,0.1697529708697969
3_1474,18,0,0.7509413759571523,1.0,0.6805981903660574
3_1475,48,4,4.679872319353799,0.0013700997432503851,0.03859845418091701
3_1476,21,0,3.9020044041302118,1.0,0.03268990508151581
3_1482,1,0,0.06585262303434244,1.0,0.7435261113650833
3_1483,19,2,0.4463581470828396,0.015273761488896639,0.7640324167903535
3_1486,29,3,3.5783319362920736,0.0030081981768577204,0.08003606004917574
3_1489,224,15,4.0333010256691475,1.1959155703537772e-08,0.6771856930200771
3_1490,1,0,-0.19552766766212962,1.0,0.8060015347908127
3_1491,14,0,-0.4814659238980044,1.0,0.9091569009638917
3_1493,5,0,-1.6553086777268213,1.0,0.9820003906274135
3_1495,3,0,-1.280787835787543,1.0,0.9613452371035365
3_1497,4,1,3.575060058883857,0.039403990000000035,0.019625690178677768
3_1498,2,0,0.4308747972924439,1.0,0.6497427227657094
3_1501,333,21,5.398823877617377,4.8762380743013323e-11,0.4237509684310068
3_1502,54,4,2.6233448469790503,0.0021237203712071847,0.4117859112642095
3_1503,8,1,-1.2954192177852282,0.07725530557207996,0.9688085643689784
3_1504,34,0,0.2903441630565691,1.0,0.8631845395128592
3_1505,282,13,2.8277329784036835,7.160491998405986e-06,0.8773351774352058
3_1506,6,0,-0.38155897946128087,1.0,0.8666641137700517
3_1509,154,5,1.1160388830567263,0.019903441251673724,0.9608360167638081
3_1510,48,2,2.057945004446523,0.08341766950993583,0.5268262823791205
3_1511,1,0,1.5725976162297703,1.0,0.29097233908885056
3_1513,47,2,1.0011305831558504,0.08045749844328065,0.7856514401198091
3_1514,4,0,1.1330778527248264,1.0,0.44921496864568455
3_1516,7,2,3.4502446641897904,0.0020310416349400033,0.030325676898888432
3_1517,16,0,1.6426820606695158,1.0,0.4009520642911364
3_1521,3,0,-0.3659363330616079,1.0,0.8507586336211659
3_1523,2,0,1.6762074464526668,1.0,0.27161481377646135
3_1524,43,3,1.9588841698897463,0.009159838483861968,0.5200257524133275
3_1525,84,2,1.2741503288842941,0.2053566719709845,0.8636002299514798
3_1526,13,0,-0.2218195870129962,1.0,0.8682103324439161
3_1527,32,0,1.3083833867299448,1.0,0.6255208274216346
3_1532,2,0,1.5947233449022105,1.0,0.2935678266522277
3_1533,53,6,1.243117180514129,1.5344767446431594e-05,0.7623345199630684
3_1534,4,0,0.8752881665784843,1.0,0.5304926428313375
3_1535,124,8,3.8306321325148214,3.93565473571849e-05,0.475808121064615
3_1536,115,3,3.712483653691306,0.10895609904981153,0.46634895134214316
3_1538,118,2,4.385690690602123,0.3304584987228067,0.3228700930800279
3_1539,45,0,2.124102028856788,1.0,0.48754666681914216
3_1540,43,3,-0.35201747824921026,0.009159838483861968,0.9542527221309827
3_1541,17,2,4.046247664983988,0.012308985529944274,0.019793366430226222
3_1542,107,5,2.5380478028270104,0.0045776791920284195,0.7087007739296388
3_1543,77,4,4.7752627094675395,0.007585060300484339,0.10086350357644913
3_1545,1,1,2.6032588382731587,0.010000000000000009,0.0846171433302777
3_1548,28,1,1.3865907565341988,0.24528071279636746,0.5744955481550101
3_1549,52,1,4.378544178797244,0.40703355359850063,0.07030972027927396
3_1550,50,4,2.494738149993999,0.0015961730907328743,0.41956480813965846
3_1551,49,4,4.569556476088151,0.0014801343849199936,0.047590672194520844
3_1552,10,1,0.5693796617418189,0.09561792499119559,0.6726365737875706
3_1554,107,5,3.6650650002203915,0.0045776791920284195,0.44192071562462865
3_1556,191,9,3.0228403583315493,0.0001507713872822785,0.8101325974772262
3_1557,2,0,1.3710900689118026,1.0,0.35764902199360926
3_1558,45,9,5.392585790089883,6.403194570664914e-10,0.009763377491938341
3_1560,178,10,5.210628501963675,1.4822102595716497e-05,0.3443439305135424
3_1561,123,13,2.572761305978714,4.413602981324438e-10,0.7531475804429195
3_1564,43,2,2.0758709880914217,0.06896390678471585,0.48696859770768275
3_1565,3,0,1.4979922784089674,1.0,0.3295547679781685
3_1566,1,0,1.6579368169041944,1.0,0.2680293202675432
3_1568,32,0,0.4074648521635468,1.0,0.8357385525332495
3_1570,8,0,1.5184772358823175,1.0,0.368062187105086
3_1572,105,8,1.218812495983585,1.1784682880872047e-05,0.9108073090345076
3_1573,42,1,0.8206355708153552,0.3443407794258564,0.7998296309588058
3_1575,1,0,1.0241882235954851,1.0,0.4553976601282592
3_1577,2,0,-0.6138372591518048,1.0,0.8882527771009519
3_1579,3,0,0.5182655973700339,1.0,0.6320247058828647
3_1580,67,6,-0.033177079319586446,5.920200268514713e-05,0.9611241122778112
3_1581,32,3,3.4583728128162186,0.003993447232680418,0.10600262338590272
3_1583,59,2,2.2495731863372437,0.11793950109437501,0.5458769690432236
3_1584,1,1,2.479369636483687,0.010000000000000009,0.10104743107454794
3_1585,30,2,-0.29926381801813806,0.036147998312240706,0.9281366068826404
3_1586,2,0,1.1273452684563885,1.0,0.43231670131312194
3_1587,3,0,0.6906919605445679,1.0,0.5793508357997117
3_1589,2,0,1.7160653241047572,1.0,0.2611824603922299
3_159,1,0,-0.8570576946475948,1.0,0.9180718675274548
3_1590,14,4,2.0167234863708106,9.238553999224518e-06,0.28009065609874906
3_1591,1,0,1.7326032455958693,1.0,0.24873126206291096
3_1595,1,0,-0.24151767398323926,1.0,0.8159477186843717
3_161,2,0,-2.5716192020498174,1.0,0.9972626717490277
3_1610,2,1,2.903397560625869,0.01990000000000002,0.056365256260568875
3_1612,13,2,2.6143253675213356,0.00724894367793522,0.14315711922713348
3_1618,1,0,-0.4200097925571738,1.0,0.8514685760183451
3_1625,6,0,0.9748989474013601,1.0,0.5172724068574063
3_1627,26,1,-2.2200552589066676,0.2299568541948449,0.9976255564290785
3_1628,2,0,1.462685931799224,1.0,0.3307822154304114
3_1629,4,0,1.7088885057567405,1.0,0.27972759877585784
3_1630,52,1,-0.42084160902726087,0.40703355359850063,0.96796313465239
3_1631,11,0,1.475120597191614,1.0,0.40752702634088145
3_1632,28,0,1.3212161163199405,1.0,0.5932984766119582
3_1634,1,0,-1.3858675863574315,1.0,0.9652424644851993
3_164,2,0,-1.0709583072184587,1.0,0.9431324994695859
3_165,2,0,-0.2920041963568856,1.0,0.8316684165425684
3_1653,168,8,4.22803239320455,0.000322881205100698,0.5320933063388892
3_1654,32,1,1.9033137005834146,0.27501966404214656,0.45466005028147105
3_1657,5,1,2.8005372199792364,0.049009950100000046,0.07771215247667373
3_1659,3,1,2.096174406555932,0.029701000000000026,0.17973362062921738
3_1660,5,2,3.8450915706614106,0.0009801496000000018,0.01237668915984369
3_1661,5,2,2.7144792825619373,0.0009801496000000018,0.08807675561972694
3_1662,41,3,1.9999118423344093,0.008029755979504066,0.494143526477439
3_1666,5,0,0.4663655956186416,1.0,0.6634979474889863
3_1669,368,28,5.225595994150128,2.967458128033448e-16,0.4146878277220478
3_167,8,0,1.9635650913107507,1.0,0.24665219224915802
3_1672,160,18,5.033842886595804,7.089624806700071e-14,0.33195132923894355
3_1675,42,0,1.9601847943978448,1.0,0.512579149528267
3_1676,28,1,1.6951955637058442,0.24528071279636746,0.48415335049823316
3_1677,14,0,1.6936668589164072,1.0,0.3689922039446665
3_1678,46,3,0.26932239752748544,0.011020744391618396,0.9015745998722171
3_168,1,0,0.30629492883373477,1.0,0.6779578064834834
3_1682,4,0,1.4751915024828186,1.0,0.34510225729630406
3_1684,2,0,0.14733638236717722,1.0,0.7292722359580881
3_1687,9,0,0.32729395079025514,1.0,0.7307407565430681
3_1688,45,3,-0.17536183386252516,0.010378132789533654,0.9440569445753323
3_1693,2,0,0.3941594920079491,1.0,0.6605223052915521
3_1694,2,0,1.2457321323149964,1.0,0.39556772506228544
3_1695,56,4,1.7455224438892776,0.0024278501662644888,0.6602973598513628
3_1696,38,3,2.303736627721764,0.0064969031304781205,0.3867691489299194
3_1699,1,0,-2.3595726099709893,1.0,0.9952516656328371
3_1701,5,0,0.7860794940122219,1.0,0.5673524915066923
3_1705,2,0,-1.7603961325851507,1.0,0.9834606062980153
3_1706,11,0,2.465035596173782,1.0,0.15843103944436998
3_1708,17,1,3.468914648715893,0.15705680661607327,0.05275667898866665
3_1709,1,0,1.6114713813816557,1.0,0.2804079534336661
3_171,2,0,1.828379936123409,1.0,0.23293297974834393
3_1711,1,1,2.9166506623161714,0.010000000000000009,0.05205379220440187
3_1712,5,0,-0.45629481286738294,1.0,0.8750108254404743
3_1713,1,0,1.282736750200538,1.0,0.37494965099941835
3_1715,1,0,1.3455285496189873,1.0,0.3560710220963963
3_1719,3,0,2.152799521422569,1.0,0.16818366315726196
3_172,1,0,1.7191920386284285,1.0,0.2521421172468773
3_173,1,0,0.4433405910588877,1.0,0.6377358400079183
3_1730,25,0,0.2257421024870847,1.0,0.839598494057387
3_1731,5,0,-0.27078246795106375,1.0,0.842299476587157
3_1732,76,4,0.9340775694231497,0.007247520856514626,0.8899334447670046
3_1734,1,0,-0.05602722350146124,1.0,0.7738873729574638
3_1736,2,0,-0.7594394989650843,1.0,0.9087894339562489
3_1739,1,0,0.19202002451381353,1.0,0.7099951397860376
3_1740,35,2,1.701073580894499,0.04785867545512833,0.5358514288151661
3_1741,3,0,2.2202589276184646,1.0,0.15506193138943813
3_1744,3,1,-0.2704494220228425,0.029701000000000026,0.8324346991733484
3_1747,3,0,0.38183793991650433,1.0,0.6720599006392283
3_175,6,0,3.7386509433172797,1.0,0.016519979526369855
3_1751,1,0,0.061732824047814994,1.0,0.744585958576644
3_1759,6,0,0.41779187386631,1.0,0.6849971274462123
3_176,1,0,-0.3931336117824393,1.0,0.8464349223906199
3_1763,98,5,0.5625953256447686,0.0031469925944083393,0.9545914062356081
3_1766,6,0,0.17337414790950303,1.0,0.749863669269917
3_1767,2,0,1.897034319279249,1.0,0.21653731057319459
3_1769,20,2,3.8717227418632763,0.016859337635651808,0.03245737633892043
3_177,51,2,4.162737053335999,0.09249089929369518,0.0894664746343975
3_1770,50,3,2.112220803507736,0.013817270830600421,0.5252401887382863
3_1772,40,1,1.5759623575502575,0.3310282414303197,0.6063684261034461
3_1773,1,0,0.41674893101787464,1.0,0.6456773602486203
3_1774,2,0,1.1701888572887131,1.0,0.41893197121646664
3_1775,1,0,-0.39708350941880866,1.0,0.8471816994827885
3_1777,2,0,1.7328924771332161,1.0,0.2568407868024123
3_1782,7,0,-0.3084528057913484,1.0,0.8582687903302706
3_1783,1,0,1.7065395778747952,1.0,0.2553824764719592
3_1789,59,6,4.019881733807714,2.8614117330284317e-05,0.13764100128301782
3_1790,1,0,-0.043590530613597016,1.0,0.770885415281493
3_1792,1,0,1.0723518191360364,1.0,0.4401664260167001
3_1793,103,1,3.711876020272495,0.644839185294927,0.4117705738697137
3_1794,16,0,-0.6742651233200415,1.0,0.9354312060685933
3_1798,3,0,1.588414241361213,1.0,0.303982494162956
3_1799,1,0,0.028850781419662786,1.0,0.7529623652786424
3_1806,34,3,-0.15312266017083404,0.004746994797058528,0.9216764422548019
3_1807,11,1,-0.04757315940759711,0.10466174574128365,0.8279048088450228
3_1808,7,0,0.43592258542289963,1.0,0.6874482399586326
3_1809,2,0,0.3477745461298693,1.0,0.6739544193733641
3_181,20,2,2.096760538075325,0.016859337635651808,0.3060996859173233
3_1810,14,0,2.5012057152740073,1.0,0.16989857682842047
3_1811,1,1,3.0251183659910383,0.010000000000000009,0.043449312128049256
3_1818,24,0,2.770116469842782,1.0,0.17828633804863725
3_1819,35,2,2.2146609845219904,0.04785867545512833,0.3891315494448683
3_1826,3,0,-0.8999579896853909,1.0,0.9283971304653713
3_1827,1,0,0.8538441648463303,1.0,0.509642516026055
3_1828,4,0,1.9391612312283752,1.0,0.22183443887247845
3_1829,1,0,0.6344114792530375,1.0,0.5791158214194254
3_1831,5,0,-0.6202118211097906,1.0,0.8996927034183848
3_1832,10,1,2.1103481658174186,0.09561792499119559,0.22649195038719383
3_1834,1,0,0.6655781129468209,1.0,0.5693466592805169
3_1835,1,0,0.08435422584428272,1.0,0.7387383456959187
3_1837,1,0,1.9382847819946103,1.0,0.19962772841072884
3_1847,3,0,-0.15091291053713043,1.0,0.8075389481409738
3_185,3,0,1.5746345465761438,1.0,0.3078221871731872
3_1855,5,0,0.14933463700584268,1.0,0.7493041271028719
3_1868,1,0,2.186541526696497,1.0,0.1488312716875354
3_1873,1,0,1.0660719906616476,1.0,0.44214783540507485
3_1877,67,2,-0.013838126232532305,0.14487238507648625,0.9600222605823142
3_1879,3,0,-0.4550851858898213,1.0,0.8666122153218391
3_188,1,0,0.1473108105306163,1.0,0.722109690566219
3_1880,122,8,1.8983538867684453,3.5034244663492615e-05,0.8601491767508442
3_1882,507,36,6.151804850586562,1.8227474441599932e-19,0.03565119233050307
3_1887,9,0,0.7176411116828323,1.0,0.6219995316339979
3_1890,14,0,0.4594999953294405,1.0,0.7300919640510832
3_1891,2,0,1.3603483241622472,1.0,0.3608496889906574
3_1892,1,0,0.7646357078270424,1.0,0.5380427811700346
3_1893,1,0,1.6731098541227776,1.0,0.2640475699275122
3_1894,2,0,-1.0692687563648666,1.0,0.9429785374435035
3_1896,9,0,1.5270029867373298,1.0,0.3743895290045208
3_1898,113,2,3.2234959489786266,0.3121754766895372,0.576165246577881
3_1909,21,4,2.38140219259492,5.223048004701707e-05,0.24229745089154453
3_1916,1,0,1.3156308913119723,1.0,0.36501919349601253
3_1922,2,0,1.5688202052732463,1.0,0.30071471346443124
3_1930,22,1,2.5766450776622403,0.1983694104609542,0.20529512541610906
3_1935,11,0,0.29895140523230074,1.0,0.7509303597441437
3_1936,4,0,2.370177726355377,1.0,0.1340712045338288
3_1939,2,0,0.7177446384798744,1.0,0.5619768932617455
3_1940,46,4,2.554829107755382,0.001167366492986023,0.375801050681864
3_1941,9,0,2.6018766392728057,1.0,0.12338480962863174
3_195,1,0,1.3417486714585158,1.0,0.35719806655125663
3_1950,1,0,1.1316058013769887,1.0,0.42155106352907123
3_1952,39,1,-0.18463196288296974,0.3242709509397169,0.9348228258290965
3_1953,3,0,-0.4925624531448031,1.0,0.8729179317112803
3_1955,2,0,0.877205383843546,1.0,0.511523406875285
3_1961,9,0,1.2514493586655455,1.0,0.45801910533541745
3_1964,1,0,0.679148428475482,1.0,0.5650793847860947
3_1965,3,0,1.0763114698249403,1.0,0.45773955436080727
3_197,1,0,1.424074386593538,1.0,0.3329483173654564
3_1975,1,0,1.1233091949537124,1.0,0.42414799993291674
3_1976,7,0,0.830332437403926,1.0,0.5711197734472256
3_1978,3,0,1.285526172901984,1.0,0.39267839829246554
3_1981,1,0,-0.9219044840865047,1.0,0.9256403921370681
3_1983,4,0,-0.8443778020997933,1.0,0.9248362919275637
3_1987,17,1,2.705817882318102,0.15705680661607327,0.14963812986398706
3_1988,1,0,0.8730882460692542,1.0,0.5035046195671975
3_1989,2,0,1.1299807388437435,1.0,0.4314909455672643
3_1991,15,2,0.5135558746234954,0.009629773443364747,0.7228556681956783
3_1992,24,1,2.29559270343858,0.2143218591927812,0.28499906225351657
3_20,1,0,2.045910714347326,1.0,0.17644196590744232
3_2003,2,1,2.8884083203910933,0.01990000000000002,0.0577330945844956
3_2004,6,0,-1.232506755962443,1.0,0.9624951008946819
3_2005,1,0,0.15058116513882988,1.0,0.7212319809679772
3_2014,1,0,-0.6628235016583833,1.0,0.891939337837705
3_2015,4,0,-1.681303854551106,1.0,0.9821869290107276
3_2016,5,1,2.6762638118168023,0.049009950100000046,0.09299663833795546
3_2025,2,0,-0.22766537363963724,1.0,0.8184567534796876
3_2029,18,1,3.48226164539652,0.16548623854991254,0.05446587591263563
3_2031,1,0,2.067852172197163,1.0,0.1719329324986163
3_2034,10,1,3.573282003505539,0.09561792499119559,0.029549547657723663
3_2038,5,1,3.4169936839565804,0.049009950100000046,0.028242316406069556
3_2039,4,0,3.1331376722386968,1.0,0.04348824989840483
3_2041,2,0,0.5275930276086739,1.0,0.6207834390829964
3_205,3,0,-0.03804181240311093,1.0,0.7820661665050487
3_2065,1,0,-1.7027540779816615,1.0,0.9807007403653362
3_2068,1,0,-0.625999788580526,1.0,0.8863731230012701
3_207,14,0,3.082041359984979,1.0,0.08067555719964115
3_2073,10,1,-0.5860245025576213,0.09561792499119559,0.9107190404827468
3_2076,7,4,2.4698936514335394,3.4166980000000114e-07,0.13415383379630164
3_208,6,0,2.132880980021457,1.0,0.1927100035418816
3_209,265,11,6.85608675873407,9.049614439803676e-05,0.18167805828893158
3_2090,3,0,-0.5991804994030032,1.0,0.8897120372098009
3_2092,5,0,1.4781995784122044,1.0,0.35318314825779307
3_21,46,0,-0.7355477096506748,1.0,0.977096746614963
3_2114,1,0,0.6321190010618719,1.0,0.5798325540476633
3_2116,9,2,3.3112636623020975,0.0034357300178462975,0.043515063781236374
3_2117,15,1,-0.1851734741693513,0.1399416453587116,0.8699675189623524
3_2119,4,1,-0.254183847767771,0.039403990000000035,0.8342207128561234
3_2120,6,1,0.8482452189025899,0.058519850599000056,0.5568461813981825
3_2121,2,0,2.625384978663137,1.0,0.08621211812454932
3_2123,1,0,-0.22853120474158503,1.0,0.8131718486164776
3_2125,1,0,-0.7001337186591876,1.0,0.897376080636783
3_213,6,0,0.4735836290728781,1.0,0.669239443291028
3_2132,4,1,2.5926494933939446,0.039403990000000035,0.09965249031001133
3_2133,4,0,0.7916665379735519,1.0,0.556748834915648
3_2139,7,0,-3.838341293808473,1.0,0.9999389027674812
3_214,2,0,-0.7239139230252092,1.0,0.9040574091797013
3_2140,1,0,-0.5317800812964739,1.0,0.8712090116496327
3_2146,2,0,-0.10650550879160053,1.0,0.7918714769980426
3_2149,1,0,2.14759981675168,1.0,0.15617074433895373
3_215,2,0,-0.2187141004175885,1.0,0.8165685382109885
3_2151,12,1,1.5624145031069745,0.11361512828387083,0.39022626165060237
3_2152,1,0,0.7094016566539012,1.0,0.5555394469366011
3_2154,2,0,-0.5778461485440832,1.0,0.8827019796429354
3_2157,1,0,1.6239220496366231,1.0,0.2770640414105783
3_2164,1,0,1.351907274916742,1.0,0.3541719338946353
3_2165,1,0,-0.26806264346415404,1.0,0.8215413383288956
3_2168,4,0,-0.93268403110327,1.0,0.9342622612871907
3_2169,3,0,-0.5826535071763977,1.0,0.8872185295398327
3_2171,1,0,1.0550749666926362,1.0,0.4456210722814038
3_2172,5,0,1.5382503345715692,1.0,0.3357295133491396
3_2183,2,0,1.7318014664386532,1.0,0.257121141858233
3_2185,1,0,1.768279699216749,1.0,0.23977865018752031
3_2187,37,5,2.0942386072019445,3.338325944815133e-05,0.4379252877245191
3_2189,3,0,1.1754395031526068,1.0,0.4266598598312916
3_2194,64,1,0.17092571468003545,0.47440351247443796,0.9443374598140573
3_2199,1,0,0.43974986846070024,1.0,0.638811756472248
3_2203,5,0,0.012931183705565067,1.0,0.7822993109127633
3_2214,3,1,0.7368908620069459,0.029701000000000026,0.5649491843469207
3_2217,2,0,0.04412093894793615,1.0,0.7558071977286345
3_2218,4,0,-0.6834742290869862,1.0,0.9050627383687099
3_2219,1,0,1.1399827687579687,1.0,0.4189324308762523
3_2221,1,1,2.4156444221901934,0.010000000000000009,0.11035338910015569
3_2223,2,0,-0.9677957470300157,1.0,0.9331153968021075
3_2225,1,0,1.919023040523225,1.0,0.20396272167843532
3_2226,1,0,1.1837414135337938,1.0,0.40531437985324004
3_2227,12,2,0.9228878426729284,0.006174537772824754,0.5852282513576392
3_2232,3,1,2.036128865133097,0.029701000000000026,0.19251209346094322
3_2233,1,0,1.4768660763193187,1.0,0.31775032930117697
3_2234,6,0,2.754430335634677,1.0,0.08737868693995954
3_2235,1,0,-2.0200336233437217,1.0,0.9898872986020532
3_2236,5,0,-1.1377510800508073,1.0,0.9543291346315325
3_2239,3,0,0.7248341598244943,1.0,0.5687167644609235
3_2240,1,0,-0.6628235016583833,1.0,0.891939337837705
3_2241,52,1,2.605976494051292,0.40703355359850063,0.4030727710659603
3_2242,6,0,2.1923645299696184,1.0,0.180158011897535
3_2246,1,0,-0.43814179304303597,1.0,0.8548015048026123
3_2248,2,0,0.23793429083893033,1.0,0.704851107196205
3_2249,2,0,0.7653392099109728,1.0,0.5469856454291798
3_2250,5,0,-0.6639972963081548,1.0,0.9056388000294431
3_2256,1,0,0.13734146072656095,1.0,0.7247769471876429
3_2258,7,0,0.26605397115311497,1.0,0.7329921786561281
3_2259,2,0,1.581975776255876,1.0,0.29707516184403704
3_2260,15,0,1.2178912612944115,1.0,0.5208004789984821
3_2261,2,0,-0.12420106082368548,1.0,0.795891618841657
3_2264,7,0,0.8493115159068422,1.0,0.5652671260808129
3_2265,6,0,0.9427688678692111,1.0,0.5273433942368916
3_2266,8,3,4.87372719465263,5.3933321197900146e-05,0.0015337071410334024
3_2267,3,0,-0.190039493048302,1.0,0.8159259944308173
3_2276,3,0,0.8695678852612332,1.0,0.5231740627601285
3_2277,28,2,2.7046606137868134,0.03182475277917828,0.2164890116766136
3_228,1,0,-0.20456764029136507,1.0,0.8079820323900333
3_2286,11,0,0.4837649276065586,1.0,0.7034057724974759
3_2287,7,1,0.9223187998866104,0.06793465209301006,0.5426312078333773
3_2288,2,0,1.045423311701447,1.0,0.4581144531279755
3_229,3,0,-0.1897124860958276,1.0,0.8158568548897261
3_2290,3,0,0.25479972317646404,1.0,0.7076513578727354
3_2291,6,0,-0.14020149001391854,1.0,0.8214293465639
3_2292,1,0,0.2099299324781161,1.0,0.705073707870276
3_2294,1,0,-1.2356362603216269,1.0,0.9549558185620759
3_2295,4,2,0.9596823056757752,0.000592030000000001,0.5038590792914031
3_23,1,0,1.4660959093542016,1.0,0.3208271474836901
3_230,1,0,1.6469374658799518,1.0,0.27093458083174804
3_2306,1,1,3.119164576154406,0.010000000000000009,0.03695345572684794
3_231,25,0,2.233041614219963,1.0,0.30859350858140866
3_2319,1,0,0.6596625569115336,1.0,0.5712043437441143
3_232,2,0,2.179744399746992,1.0,0.15642295328524436
3_2320,8,1,2.9395399838960694,0.07725530557207996,0.07376582505014895
3_2321,1,0,0.27961382398279366,1.0,0.6855693043117921
3_2322,69,4,2.8935033371084593,0.005158956637271634,0.4351911871309254
3_2325,2,0,0.16920727403809574,1.0,0.7234702424455438
3_2329,1,0,-1.1162001741076855,1.0,0.9451374629940918
3_233,1,0,1.299181817186203,1.0,0.3699741902459751
3_2335,1,0,0.9722379598939942,1.0,0.47189955102536174
3_2336,1,0,0.5414425293008448,1.0,0.6079463543106485
3_2337,1,0,0.13847629874870537,1.0,0.7244739629227226
3_2338,9,0,0.6846293403420294,1.0,0.6317428216563381
3_2339,2,0,-0.06121270732836491,1.0,0.7813711895293195
3_2345,1,0,2.1092114271639555,1.0,0.16363550161168838
3_2346,12,1,-0.09561099686886196,0.11361512828387083,0.8418400231316343
3_2347,8,0,0.9994884579577348,1.0,0.5274555636368948
3_2348,164,9,2.8479739136959603,4.708218385174979e-05,0.7975194929871731
3_2349,43,3,3.7773917266976524,0.009159838483861968,0.10781119675380002
3_2350,5,0,1.3977939866677203,1.0,0.3770391553886421
3_2355,1,0,1.4735523461529287,1.0,0.31869566804155536
3_2357,2,0,1.7678888126232686,1.0,0.2479329391031848
3_2358,6,1,2.9019471030371946,0.058519850599000056,0.07035370137132657
3_2360,1,1,2.3821558382185177,0.010000000000000009,0.1154831795922997
3_2362,37,2,0.8815699106504151,0.05287802345257978,0.7631486594805639
3_2363,12,1,0.10844840314845838,0.11361512828387083,0.8007822809164951
3_2367,68,3,1.9401499442537384,0.030975568414083013,0.6764573431682552
3_2369,42,2,3.292155453913969,0.06618232221258309,0.18019399008564685
3_2370,25,3,3.3609728311203457,0.001950676889738825,0.09035320803531466
3_2371,1,0,1.524504634612812,1.0,0.30429366819889303
3_2377,13,0,2.1455337182497405,1.0,0.24033996177523975
3_238,6,0,-1.1599392140964908,1.0,0.9575826878497544
3_2381,1,0,2.295755974324764,1.0,0.12949374506395017
3_2382,5,1,0.3642276716428503,0.049009950100000046,0.6923980209361666
3_2386,14,3,2.5058792058445465,0.0003351416785493981,0.16899242476257315
3_239,52,1,0.5765684679128281,0.40703355359850063,0.8771041329226329
3_2396,1,0,0.5775467900999929,1.0,0.596811021030513
3_2398,4,0,-0.4691471891831897,1.0,0.8731101457708108
3_2399,2,0,0.43255683614758217,1.0,0.6492458945607816
3_2400,10,0,0.07469086356572258,1.0,0.7972057653275815
3_2401,18,2,2.1937867115894587,0.013756463740805566,0.2658593217394707
3_2402,1,0,0.5543599347130471,1.0,0.6039719798877102
3_2403,1,0,0.8395484732295995,1.0,0.5142007273824042
3_2406,2,0,-0.3973459142109806,1.0,0.8519282722634902
3_2407,5,1,2.396071591960623,0.049009950100000046,0.13537566974027748
3_241,1,0,-2.3636876638171773,1.0,0.9952969104905047
3_2412,7,1,0.04194890129468805,0.06793465209301006,0.7874755272637721
3_2413,1,0,-0.10498463604871582,1.0,0.7854862681647699
3_2415,13,0,1.393290049358672,1.0,0.4499132228274534
3_2420,3,1,1.2999117745954114,0.029701000000000026,0.3882918361494626
3_2421,5,2,4.243059804699537,0.0009801496000000018,0.00524269795897081
3_2422,7,0,0.6223969046402651,1.0,0.6339546877763701
3_2423,6,2,3.0476098207549382,0.0014604476050000025,0.05616695905876401
3_2425,5,0,0.18297264352420436,1.0,0.7407783219285292
3_2428,50,1,1.0960632253650486,0.39499393286246365,0.7795816938393261
3_2429,1,0,1.6144752548426782,1.0,0.2795994087644522
3_2430,1,0,1.6983617854403856,1.0,0.2574883711739496
3_2432,1,1,2.4156444221901934,0.010000000000000009,0.11035338910015569
3_2435,7,1,3.0591097184084246,0.06793465209301006,0.05830146389007851
3_2438,2,0,-0.14432001624773705,1.0,0.8004056718578627
3_2440,6,0,-0.6890665200743867,1.0,0.9119321930180653
3_2441,4,1,3.488156552190559,0.039403990000000035,0.023146076335170518
3_2442,1,0,1.7022517792991447,1.0,0.2564855202665738
3_2443,9,1,1.0130469155904822,0.08648275251635919,0.5320544910873717
3_2447,25,3,0.6555686171715714,0.001950676889738825,0.7495852999867643
3_2455,3,0,0.8834985130864349,1.0,0.5187649055663387
3_2457,1,0,1.66013803915665,1.0,0.26744980015860276
3_2459,14,0,-0.309482509999541,1.0,0.8856142267295084
3_246,1,0,1.4872717218507703,1.0,0.31478955042667756
3_2462,13,1,2.98532266469391,0.12247897700103212,0.08819407550237257
3_2463,10,0,1.3891325836137551,1.0,0.42468814962514045
3_2464,1,0,0.20139804980692885,1.0,0.707422969398386
3_2465,120,7,0.45647260067746614,0.00022219041521507493,0.9734483394864182
3_2466,1,0,-0.2372156446226682,1.0,0.8150310132208971
3_2467,22,1,-1.0199103727298742,0.1983694104609542,0.9695704249264938
3_2468,1,1,2.581817577196067,0.010000000000000009,0.08730741636501804
3_2469,1,0,1.6202780958326244,1.0,0.2780406857329283
3_247,12,0,0.8776402084224874,1.0,0.5987989754796659
3_2470,2,0,0.12092682047261015,1.0,0.7361962938387773
3_2472,1,0,1.5659434354508501,1.0,0.29279916348486423
3_2473,1,0,0.46204785931426934,1.0,0.6321129918503947
3_2474,4,0,0.1925794450226141,1.0,0.7314389646721502
3_2475,3,0,1.0528259668773388,1.0,0.4651483306910509
3_2477,139,8,2.7494008478927414,8.82027222118198e-05,0.7626895801567255
3_2482,5,0,-0.5103048910595656,1.0,0.8835729503441077
3_2483,1,0,0.6926000164561951,1.0,0.5608419488923214
3_2486,28,2,0.725555770851531,0.03182475277917828,0.7502493657884091
3_2487,6,0,1.728698857352988,1.0,0.29119874721903594
3_2491,2,0,0.4580548795539494,1.0,0.6416836387722799
3_2492,3,0,-2.4503780970195392,1.0,0.9964881581239018
3_2495,2,0,1.376131065242672,1.0,0.3561504082335113
3_2498,1,1,2.7107513250771427,0.010000000000000009,0.072059891646306
3_250,3,0,0.8060489689745892,1.0,0.5432343082475752
3_2503,5,0,0.7034908778233975,1.0,0.5928317851146172
3_2511,44,3,3.551570697878086,0.009757879166870534,0.14507628660120964
3_252,5,0,0.63468992899657,1.0,0.6137662546221049
3_2524,11,0,-1.864184304715311,1.0,0.9907007760346099
3_2526,19,0,2.1010697516200727,1.0,0.2971881142606524
3_253,4,0,0.5450532318491809,1.0,0.6323310895110744
3_2532,7,0,2.129379284415458,1.0,0.20049810221672604
3_2533,1,0,-0.23947781128289491,1.0,0.8155134041145062
3_2534,67,2,0.42656229466761075,0.14487238507648625,0.9273467463731309
3_2535,126,3,2.079744430955117,0.132935417758904,0.842739092483877
3_2538,1,0,0.7392997518008901,1.0,0.5460797550419813
3_2543,13,2,2.5529494071426266,0.00724894367793522,0.15410758315094386
3_2544,1,0,1.3818474699106114,1.0,0.34530713811983216
3_2546,9,0,0.17082805890450717,1.0,0.7694501246230041
3_2551,1,0,0.8308908732380849,1.0,0.5169603576341811
3_2553,2,0,1.2107509298510202,1.0,0.40634564391255257
3_2557,9,1,2.02468922938301,0.08648275251635919,0.23939482104768228
3_2558,12,0,0.38823238721386727,1.0,0.7350941450508202
3_2560,4,1,2.2421738842388783,0.039403990000000035,0.15721271493624933
3_257,1,0,-0.48536265247346627,1.0,0.8632436905352803
3_2570,1,1,2.478765129742658,0.010000000000000009,0.10113293480840979
3_2572,1,0,0.1468522020752277,1.0,0.7222326656327214
3_2577,1,0,0.26967187454935204,1.0,0.6883856840136162
3_2580,1,0,0.6249503575984253,1.0,0.5820720788342748
3_2582,13,1,1.3846322322113602,0.12247897700103212,0.452553340130769
3_2583,1,0,-1.8124816938393185,1.0,0.9844652068169792
3_2584,5,0,-2.1956373278780643,1.0,0.9941901229595413
3_2587,4,0,2.2355035337646614,1.0,0.1584866581827511
3_259,1,1,2.515349647088967,0.010000000000000009,0.09605275553782522
3_2601,8,1,2.525717130986932,0.07725530557207996,0.13036168029516015
3_2603,1,0,-0.5938034220278198,1.0,0.8813413844209288
3_2607,1,0,-1.160289396953592,1.0,0.9489423504151503
3_2608,1,0,-0.014280245290873897,1.0,0.7637228568997089
3_2609,4,0,-1.4259311627858657,1.0,0.9712131429023795
3_2625,5,0,-0.4045120683292043,1.0,0.8663977415372561
3_2627,12,0,0.19478914568161435,1.0,0.7816338232804955
3_2629,30,2,2.6445695779646416,0.036147998312240706,0.24297458361883284
3_263,1,0,0.4626322334628112,1.0,0.631936882250304
3_2633,3,0,1.355516406015118,1.0,0.3714746972315409
3_2634,4,0,2.020497996891209,1.0,0.2031489577899408
3_2637,23,2,2.0014973884808622,0.02201068076236393,0.3556834285930919
3_2638,1,0,1.0294709582540067,1.0,0.45372343154019756
3_2640,2,2,3.41623710373229,0.00010000000000000018,0.02303315648906834
3_2645,2,0,2.3385508607287124,1.0,0.12801149085746333
3_2647,9,0,0.7263889508527348,1.0,0.6194042903570514
3_2648,2,0,0.4559954559151308,1.0,0.6422965410691788
3_2649,7,0,-1.1474747434941794,1.0,0.9582531600956469
3_2651,1,0,-1.1197246907204432,1.0,0.9454496430805187
3_2652,4,2,3.8213233843287995,0.000592030000000001,0.012017574952136512
3_2656,4,0,-1.3073433423255785,1.0,0.9644638812992369
3_2658,10,0,2.486880930693372,1.0,0.14845227274831407
3_2659,7,0,1.3328347975074497,1.0,0.41489358152046063
3_2661,3,1,-0.040997059794806105,0.029701000000000026,0.7827569558877163
3_2663,48,5,3.320160964684953,0.00011970608791393637,0.20729607423916707
3_2664,64,2,1.339314006071185,0.13462396498316523,0.789674123760442
3_2665,1,0,2.1950997103192273,1.0,0.14724969136553456
3_2666,6,0,1.0867467975102443,1.0,0.48216983503744015
3_2669,2,0,1.8814501356498674,1.0,0.22019933045245765
3_267,38,1,2.9481468374672573,0.31744540498961304,0.22654247007247164
3_2672,19,2,-0.4138536869509248,0.015273761488896639,0.914673728595321
3_2673,19,1,-0.23267936888623883,0.1738313761644134,0.8912207474125367
3_2674,1,0,0.5592840192692407,1.0,0.6024540832659903
3_268,2,0,1.4481398925098845,1.0,0.3349953796135874
3_2680,1,0,1.7605573069273819,1.0,0.24170146609379717
3_2683,1,0,0.45861091087502553,1.0,0.6331482029395142
3_2684,1,0,0.06585262303434244,1.0,0.7435261113650833
3_2685,5,0,2.2762105586575303,1.0,0.1570365056091938
3_2686,2,0,0.38812518218984426,1.0,0.6622817598206898
3_2688,1,0,-0.29476003254154115,1.0,0.8270578291912176
3_2689,1,0,0.3408020062723848,1.0,0.6680023400683734
3_2690,2,0,-1.4664172989995214,1.0,0.9710739495997138
3_2691,2,0,-0.509650111327817,1.0,0.8716548796100275
3_2695,232,11,5.349467888030628,2.7398047336768092e-05,0.41698435665536593
3_2697,7,2,3.6071186343575583,0.0020310416349400033,0.022799188273797233
3_2698,40,3,4.676045442938455,0.007497363395395961,0.025967784475775302
3_2699,4,0,1.1902472584895583,1.0,0.4313573281090183
3_270,1,0,2.258175340692291,1.0,0.13594121921936964
3_2702,123,7,1.5080871700428788,0.0002585025838718001,0.9072088537289855
3_2704,1,0,-1.2964769971554706,1.0,0.9593838534203752
3_2708,286,14,5.43946048123863,1.6128139505438737e-06,0.43442786215728435
3_2710,4,0,1.3735326558994163,1.0,0.3752158798004753
3_2716,5,0,0.5685237144489844,1.0,0.6335920792464822
3_2721,8,1,1.6849706191967468,0.07725530557207996,0.320180865530312
3_2722,8,0,1.3793551437894847,1.0,0.40974838341744335
3_2725,1,0,0.0861771434336538,1.0,0.7382641460079652
3_2726,6,0,-1.3407469271581391,1.0,0.9689501296173286
3_2727,3,0,1.8743481164393105,1.0,0.22960559169350736
3_2728,4,0,0.8466291491415355,1.0,0.5395120255175354
3_2729,1,0,1.390952767465399,1.0,0.34262768536441146
3_2730,4,1,2.525453285734712,0.039403990000000035,0.10928883032083359
3_2732,1,0,-0.9932375564209605,1.0,0.9333362546245652
3_2733,2,0,-0.18083279267572136,1.0,0.8084429347530774
3_2734,3,0,1.6747321554378845,1.0,0.28043240122652524
3_2735,2,0,1.468913155887364,1.0,0.3289850342785998
3_2736,2,0,1.2179765199233745,1.0,0.4041132811134227
3_2746,18,1,1.021713328096546,0.16548623854991254,0.6040808995254403
3_2752,7,0,-1.1721662531562238,1.0,0.9599524804415555
3_2754,17,1,1.8456899835785916,0.15705680661607327,0.3506963700940684
3_2755,3,1,2.041505393542329,0.029701000000000026,0.19134575725391612
3_2756,3,0,-0.7919843348472715,1.0,0.9159253694322912
3_2758,3,0,0.9421559745831647,1.0,0.5001804822586324
3_2768,6,1,4.168811923792102,0.058519850599000056,0.006753609978329078
3_2771,30,0,1.7462938504524912,1.0,0.48483256996162727
3_2783,9,0,0.873564398794426,1.0,0.5750230465775996
3_2785,8,0,0.25434679664604865,1.0,0.7426701513406736
3_2787,37,3,0.5265126145175631,0.006028406965608407,0.8344710318028712
3_2789,257,21,4.522202716853945,3.5889419823748875e-13,0.6100736223695225
3_2793,9,0,-0.6349992447975487,1.0,0.9139155489915045
3_2796,21,0,0.10812381699397709,1.0,0.8439713629290224
3_2798,174,9,4.0539118945347115,7.434565732032214e-05,0.5860574364807516
3_2799,2,0,1.6358412674301648,1.0,0.2823875061253872
3_2800,1,0,0.19293754596961707,1.0,0.7097439538146804
3_2801,13,1,2.0031049301163395,0.12247897700103212,0.27574793814541765
3_2805,6,0,1.0812429851057404,1.0,0.4838961571824294
3_2806,1,0,0.06585262303434244,1.0,0.7435261113650833
3_2807,1,1,2.5422492839126334,0.010000000000000009,0.09243892886946647
3_2809,1,1,2.493423763715707,0.010000000000000009,0.09907439170873977
3_2815,39,3,1.6548015672534622,0.006986481622766975,0.5776494879838143
3_2818,3,0,-0.07730496455416705,1.0,0.7911401370913664
3_2825,2,0,0.5717867880388476,1.0,0.6073102629431231
3_2828,8,1,2.201337308110549,0.07725530557207996,0.19187490973101196
3_2829,2,0,1.7188635014477416,1.0,0.2604578804394846
3_2830,2,0,-0.35856803695809536,1.0,0.8446686268814693
3_2833,3,0,1.6648768570170747,1.0,0.2830760327881696
3_2835,1,0,0.02184043425425349,1.0,0.7547289895929674
3_2837,1,0,0.9032826544186751,1.0,0.4938730014184217
3_2843,1,0,-0.560866131532432,1.0,0.8760330133952059
3_2844,1,0,2.014287095704948,1.0,0.18307100707199853
3_2847,23,3,1.3360458354751186,0.0015245656963660697,0.5507803102276786
3_285,2,0,0.622304900008927,1.0,0.5917508801544921
3_2851,2,0,-0.02802270571615051,1.0,0.7734868142225766
3_2854,14,1,3.8939122099934598,0.13125418723102178,0.02148968199915169
3_2855,18,3,4.7600475188448845,0.000729159843053951,0.005047890653233633
3_2856,2,0,1.768435400164646,1.0,0.24779513226667782
3_2859,1,0,1.5389097113530497,1.0,0.30027513712119325
3_286,2,0,1.10334832817069,1.0,0.4398486809599983
3_2864,1,0,0.6806740813450044,1.0,0.5645991493314172
3_2865,3,1,2.6474480044670146,0.029701000000000026,0.08781219369976734
3_2866,3,0,0.9588689984887656,1.0,0.4948834678977686
3_2867,4,2,2.577224200317908,0.000592030000000001,0.10180770850324661
3_2868,2,0,-1.149995217623284,1.0,0.9499759364620044
3_2869,1,0,1.6550128369505273,1.0,0.26880009861649756
3_287,2,0,2.226930749548993,1.0,0.1475781106466918
3_2870,2,0,1.368392404288396,1.0,0.3584519019630896
3_2872,2,0,1.972644467703367,1.0,0.1992775882952298
3_2873,15,0,-0.09687167778968528,1.0,0.8551182919498903
3_2874,1,0,1.3563604202600064,1.0,0.3528482768299528
3_2878,9,1,3.1690094655735046,0.08648275251635919,0.05475787153404532
3_2879,1,0,1.6613459820370577,1.0,0.2671320514231905
3_288,2,0,1.985221285778044,1.0,0.19648920151293647
3_2881,3,0,0.6397540565437381,1.0,0.5951068319479346
3_2883,4,0,2.8091141300432416,1.0,0.07284007963698269
3_2889,40,2,2.3759902981655965,0.060736621806206224,0.38156508482504836
3_289,2,0,0.2462172538512602,1.0,0.7025687132223002
3_2890,25,0,2.075722673535407,1.0,0.35091292443799893
3_2891,9,0,3.1650259660304787,1.0,0.05510299494528281
3_2897,1,0,1.0604749067058257,1.0,0.4439150477397875
3_2898,4,0,-0.8826248112430569,1.0,0.9290381856880872
3_2900,3,0,0.6956000186438143,1.0,0.5778255205170851
3_2901,1,0,1.5389097113530497,1.0,0.30027513712119325
3_2902,2,0,-1.3608940889030892,1.0,0.965061890678051
3_2905,1,0,-0.7679613959473809,1.0,0.9067454115749827
3_2906,13,1,1.7827187626179566,0.12247897700103212,0.3351293112593732
3_2909,3,0,-1.1335837506853164,1.0,0.9504840847548441
3_2911,1,0,0.09353173412626188,1.0,0.736346505092671
3_2913,1,0,-0.16007397720628433,1.0,0.798114874371118
3_2914,6,1,1.8166642670795887,0.058519850599000056,0.2679220839030979
3_2916,3,0,-0.2726855012577152,1.0,0.8328797190982642
3_2918,1,0,0.4626322334628112,1.0,0.631936882250304
3_2922,2,0,1.4449471841996309,1.0,0.3359229354127391
3_2924,19,0,2.118226448278113,1.0,0.29271012415823716
3_2927,4,0,2.0411170383424477,1.0,0.19856582386529031
3_293,2,0,-1.357739299918076,1.0,0.9648674384954407
3_2933,1,0,1.0392136146216304,1.0,0.4506379216491717
3_2936,6,1,-0.6878222562570557,0.058519850599000056,0.9117756307827851
3_2937,2,0,0.24957333294874245,1.0,0.7016416469427912
3_2939,1,0,1.4660959093542016,1.0,0.3208271474836901
3_294,4,0,2.251958493865148,1.0,0.1553562080092894
3_2941,11,2,3.634859923985503,0.005179717490315069,0.0282381413516829
3_2942,1,0,2.1493741612012287,1.0,0.15583122897645119
3_2945,1,0,-1.6002055109587376,1.0,0.9765079339575653
3_2947,2,0,1.7639724408119182,1.0,0.2489215385413781
3_2949,1,0,1.5520894164735708,1.0,0.2966196012420901
3_295,1,0,1.2432788912108284,1.0,0.386971385557512
3_2951,8,0,3.204364969893,1.0,0.048921001899557726
3_2954,46,3,1.998988716390985,0.011020744391618396,0.5296235525193984
3_2956,56,3,2.129682398462805,0.018700509761571584,0.5594848597028448
3_2965,7,1,0.2221005199398969,0.06793465209301006,0.7442063671483684
3_2968,2,0,1.8253366553941568,1.0,0.2336753781828067
3_2969,2,0,1.7879525576776214,1.0,0.24290133603776398
3_297,1,0,-0.5049297185445524,1.0,0.8666415813097875
3_2970,7,0,0.07332637270750401,1.0,0.780261799374707
3_2972,5,1,2.4695265871821377,0.049009950100000046,0.12316261500717085
3_2974,1,0,-1.8478069164779076,1.0,0.9855345410153564
3_2976,6,0,1.6943153701844824,1.0,0.30054684692307976
3_2977,3,0,0.9577168308299038,1.0,0.4952486168565855
3_2978,17,1,2.8987344108247766,0.15705680661607327,0.11804954851349625
3_2979,8,0,1.842117471658809,1.0,0.277566217941953
3_298,1,0,1.4660959093542016,1.0,0.3208271474836901
3_2980,40,1,3.5053106341090534,0.3310282414303197,0.13398820608525175
3_2985,1,1,2.3565664354748197,0.010000000000000009,0.11951558159929787
3_2986,2,0,1.1357580241719405,1.0,0.4296818363073245
3_2987,1,0,1.4641826114135483,1.0,0.32137503551673996
3_2988,1,0,-1.646012429614417,1.0,0.9784670686103747
3_2989,1,0,1.5401292714014398,1.0,0.2999360249951095
3_2990,1,0,-1.2480567920798085,1.0,0.9558900388742226
3_2992,4,0,1.5443474343476904,1.0,0.3251502745258946
3_2996,65,1,3.265216735240798,0.4796594773496936,0.3172551537652806
3_2997,1,0,0.06585262303434244,1.0,0.7435261113650833
3_2998,91,8,2.2991035496401264,4.0649157438643775e-06,0.6988039885811725
3_2999,5,1,-0.17815907921100174,0.049009950100000046,0.8240302875228511
3_3,2,0,2.691622087793983,1.0,0.0782051813562592
3_300,1,0,-0.6172332610271866,1.0,0.8850183852527175
3_3000,1,0,1.097110250102148,1.0,0.43236970763370164
3_3004,20,2,2.7456075210296365,0.016859337635651808,0.15953238199633213
3_3007,6,0,2.0850838246522825,1.0,0.20317339714265836
3_3008,168,7,5.1892396711114,0.0016320632664106464,0.3227289115457157
3_3010,57,3,4.151581309897214,0.019595506039313457,0.11150140883261506
3_3012,1,0,-1.160289396953592,1.0,0.9489423504151503
3_3014,3,1,2.4602879711451204,0.029701000000000026,0.113974680947038
3_3015,1,0,0.20086862665325567,1.0,0.707568459582582
3_3018,3,2,3.7028171795679468,0.0002980000000000005,0.01416052285121916
3_302,1,0,1.8202932419687898,1.0,0.2270476399282152
3_3020,2,0,2.072125280858432,1.0,0.1778751153798379
3_3021,1,0,1.7971058322770468,1.0,0.23267544357135694
3_3023,4,1,0.060062386779961965,0.039403990000000035,0.7648884212212189
3_3026,5,0,1.496741000473238,1.0,0.34775898946976747
3_3031,1,1,2.9491735825221257,0.010000000000000009,0.049342385784376885
3_3032,21,3,0.7239003511013393,0.001162133782775636,0.7080711025356181
3_3033,11,0,-0.24156397676866392,1.0,0.8635104951719579
3_3036,3,0,-0.10754633026954005,1.0,0.7979748632633814
3_3039,23,0,0.38192975537006785,1.0,0.7998717256060595
3_304,1,0,-1.6011093575563327,1.0,0.9765479943323373
3_3041,3,0,2.2205503107470568,1.0,0.15500676085934173
3_3045,2,1,0.6749592054446021,0.01990000000000002,0.5753784883820742
3_3047,1,0,-0.7292002145521352,1.0,0.9014717076717618
3_3052,2,0,-0.18207587803095712,1.0,0.8087130288178901
3_3053,1,0,2.150888569060394,1.0,0.15554183689362877
3_3055,1,0,-0.6492044125050545,1.0,0.8899040264776421
3_3057,5,0,2.2189202313569667,1.0,0.1681539731435422
3_3058,113,7,1.6986458380921592,0.00015324527708382706,0.8693691892752538
3_3059,3,0,-1.8660070780822706,1.0,0.9871744628295598
3_306,7,1,-2.157801478255976,0.06793465209301006,0.9941877125512721
3_3060,21,0,1.465441342248146,1.0,0.496014012881541
3_3063,1,0,-1.160289396953592,1.0,0.9489423504151503
3_3065,2,0,1.5822797788222267,1.0,0.2969912966774686
3_3067,1,0,1.8107230046211384,1.0,0.22936107468230726
3_3069,6,0,1.4874144693282307,1.0,0.3594198950244294
3_307,3,1,1.8832060406040974,0.029701000000000026,0.22747633234693598
3_3072,35,1,1.5294742915914665,0.29655230500043084,0.5847796296737291
3_3078,26,2,1.073988342959975,0.027723300751066573,0.6483939536908707
3_3079,2,0,0.6962564636215706,1.0,0.568717476761831
3_3080,35,1,2.136897967118559,0.29655230500043084,0.41086393996841
3_3082,3,0,1.9510418839233015,1.0,0.2115434550577554
3_3083,5,0,2.440584825502914,1.0,0.12787913842889365
3_3085,31,0,-0.14881378355596436,1.0,0.9142409008615014
3_3086,3,0,-0.8053010676407518,1.0,0.9175463311049683
3_3087,16,1,2.557637153011833,0.1485422289051245,0.1712550833522758
3_3088,6,2,1.9590931106895617,0.0014604476050000025,0.2323307866250217
3_3090,72,4,1.3405048828622637,0.00599659130580793,0.8185250956373658
3_3091,17,0,1.2026103150385217,1.0,0.5421825422111393
3_3094,83,5,2.6062124987637096,0.0015211936287157202,0.5886997233277269
3_3095,2,0,1.7419582205600768,1.0,0.2545173470997357
3_3097,3,0,0.15090302245907558,1.0,0.7353513983872266
3_3098,105,10,3.5697228744087885,1.2154870264877004e-07,0.45592301581671957
3_3099,1,0,1.3476269439742758,1.0,0.35544588655027387
3_31,29,1,2.952188192810047,0.2528279056684038,0.17248516333568786
3_310,20,1,-1.0927005378639763,0.1820930624027693,0.9712158855282076
3_3100,26,2,2.4484571275795477,0.027723300751066573,0.26166857250169073
3_3102,4,0,1.6504844543065773,1.0,0.29549616630813225
3_3104,1,0,1.9259660589685843,1.0,0.20239371933131878
3_3107,3,1,1.0278985540092216,0.029701000000000026,0.47302515551422986
3_3109,4,0,2.2113726652719965,1.0,0.1631517096028674
3_3110,12,1,0.4778552401829819,0.11361512828387083,0.7119404058719647
3_3111,7,1,3.9232064989812794,0.06793465209301006,0.012318253247922017
3_3112,36,1,2.573344156489717,0.30358678195042654,0.30119730421275925
3_3113,2,0,0.13659805042534334,1.0,0.7320985253611605
3_3114,3,1,1.413351365702283,0.029701000000000026,0.35424001195745514
3_3115,19,1,0.834414032172934,0.1738313761644134,0.6648579170319876
3_3117,13,3,2.7331430874151734,0.00026530529471721815,0.12348351054560047
3_3118,1,0,1.5928152455140108,1.0,0.2854547653316881
3_3119,34,1,1.8215523147992363,0.2894467727277079,0.4936056092798291
3_3122,59,3,1.5726946430495683,0.021455323007971386,0.7178458478533982
3_3123,1,0,0.9409342782824149,1.0,0.48186827920588415
3_3124,2,1,0.2525077694377533,0.01990000000000002,0.7008299769470009
3_3127,9,0,1.8684579484496242,1.0,0.2787861663065949
3_3128,1,1,2.3565664354748197,0.010000000000000009,0.11951558159929787
3_313,13,1,0.9508374025598034,0.12247897700103212,0.5850646752149113
3_3130,110,8,3.9437665401969246,1.6569577111825386e-05,0.38877892715047757
3_3131,5,1,-1.1970871170327184,0.049009950100000046,0.9586476291655117
3_3134,65,5,2.2314357645934475,0.0005017868080383298,0.5868084534263804
3_314,38,1,2.5680494169911516,0.31744540498961304,0.3165162246585662
3_3141,3,0,0.21518798443520382,1.0,0.7183702109729027
3_3147,4,1,0.6965039789195387,0.039403990000000035,0.5863221279406453
3_3148,5,1,0.07598995705276536,0.049009950100000046,0.7673665906612659
3_3149,1,0,0.4366281281890399,1.0,0.6397462569402901
3_3150,79,3,2.941849490732307,0.04513216085431638,0.48082175331974575
3_3151,58,6,2.935941565291456,2.5924246699180074e-05,0.3559432787600433
3_3154,106,3,3.2952741728099815,0.09073859184095386,0.5282192597594388
3_3155,1,1,2.3275918617236178,0.010000000000000009,0.12420014973524662
3_3156,2,0,0.9342093154782585,1.0,0.4933999223059864
3_316,17,2,3.262918569229247,0.012308985529944274,0.07187982858584818
3_3160,1,0,1.1395029465730797,1.0,0.4190823271030907
3_3167,5,2,2.816860186673893,0.0009801496000000018,0.07585522084292695
3_3168,1,0,-0.0561252864625275,1.0,0.7739109546389239
3_3170,6,2,1.4750934589927525,0.0014604476050000025,0.3630515573777384
3_3171,46,5,3.1664449355666138,9.742899389210385e-05,0.2276529921782715
3_3177,55,4,1.0408566180999121,0.002272285419051054,0.8112611898187602
3_318,14,2,1.7616932729111805,0.008401244011166185,0.3494685860393023
3_3180,28,0,3.449369096762795,1.0,0.09122496103513866
3_3181,64,4,0.6197503858202825,0.003943523776313496,0.9014672201907671
3_3183,4,0,1.5648515046793476,1.0,0.3193266150745411
3_3185,20,1,1.6016968821394977,0.1820930624027693,0.4469010151039523
3_3186,2,0,-0.4985323664075206,1.0,0.8697875819872187
3_3190,95,3,0.9574507722111635,0.07041372477423953,0.9213695545179812
3_3192,3,0,0.8410559517296309,1.0,0.532188897267819
3_3193,10,1,1.9939446574329063,0.09561792499119559,0.2546333875892719
3_3194,20,1,2.017749576664092,0.1820930624027693,0.32731619533816025
3_3195,2,0,-0.03679169007864597,1.0,0.7755853727879183
3_3196,6,0,2.2994567174254694,1.0,0.15888809861513065
3_3199,120,4,2.6392549413123665,0.03298491223899704,0.7313076704056022
3_32,1,0,-0.6927476342925362,1.0,0.8963158966844926
3_3201,1,0,1.654923848379893,1.0,0.26882357397304446
3_3202,51,1,2.5388571635410258,0.401043993533839,0.41440324101445203
3_3208,30,3,1.1392418675685194,0.0033177093188826454,0.6580491611363612
3_3210,4,1,1.4656412326621497,0.039403990000000035,0.34789332414278484
3_3211,26,0,0.6500192425050608,1.0,0.7565883306680738
3_3215,2,0,-0.20592773881453255,1.0,0.8138501877063381
3_3217,1,0,0.06585262303434244,1.0,0.7435261113650833
3_3219,2,0,0.6265132358535872,1.0,0.5904478087266496
3_3220,5,1,2.6581508828623037,0.049009950100000046,0.09539824809265562
3_3223,8,1,-0.14121277787146738,0.07725530557207996,0.8317086340064589
3_3224,12,0,0.7229230487973232,1.0,0.6442172137493061
3_3226,11,1,0.8478522235957595,0.10466174574128365,0.5995240832129777
3_3228,8,0,-0.4721907357366966,1.0,0.8887247747826207
3_3229,6,0,0.1741422629582146,1.0,0.7496714912473169
3_323,1,0,1.9871113928490725,1.0,0.18889010483122437
3_3233,5,2,3.5728189817131613,0.0009801496000000018,0.02116351106723313
3_3235,4,0,1.1275475554149637,1.0,0.45094849851412
3_3236,2,1,0.7959797157774113,0.01990000000000002,0.5372976185241982
3_3240,11,2,3.065579719615092,0.005179717490315069,0.07129053668717711
3_3241,1,0,1.2096999736235725,1.0,0.3972885870364453
3_3243,1,0,1.5872823626594452,1.0,0.2869597794002492
3_3245,3,0,-0.6184916580613135,1.0,0.8925752176335495
3_3247,1,0,0.8927854866403018,1.0,0.49722134053236744
3_3248,1,0,-0.6927476342925362,1.0,0.8963158966844926
3_3250,3,0,2.074258404901053,1.0,0.1843345552409137
3_3253,1,0,1.1619365479735748,1.0,0.4120870033979328
3_3254,10,1,3.122143949161391,0.09561792499119559,0.06216786917939199
3_3256,1,0,0.45482900721495045,1.0,0.6342861965658426
3_3257,2,0,0.47895042400892146,1.0,0.6354445381289597
3_3260,60,2,2.3995697050341587,0.1212332713118075,0.511548586140795
3_3263,53,1,0.18136865239516423,0.4129632180625156,0.9261443038750041
3_3264,3,0,-0.6176020805954137,1.0,0.8924445124369091
3_3268,42,1,2.008399837271611,0.3443407794258564,0.4989176810450491
3_3269,35,1,1.7708415823043087,0.29655230500043084,0.5157587801511504
3_327,15,1,0.743290536879793,0.1399416453587116,0.6611044750459215
3_3270,57,3,2.005541814065891,0.019595506039313457,0.598918833790655
3_3271,183,9,2.7959228867493007,0.00010919879550326837,0.8329263273470027
3_3272,1,0,-0.3478641631762074,1.0,0.83770384840758
3_3273,1,0,-1.436450472074734,1.0,0.9682378450331852
3_3276,16,1,0.8354737206756313,0.1485422289051245,0.6425238009167638
3_3277,1,0,1.5180026921165348,1.0,0.30611530153472555
3_3278,1,0,1.4331766528684875,1.0,0.33030734251687033
3_3279,1,0,0.3303318891035487,1.0,0.6710359902918208
3_328,20,0,0.929131322174725,1.0,0.6457390268238693
3_3281,3,0,-2.2676479534434897,1.0,0.9946222776030899
3_3283,51,0,0.14644905619680135,1.0,0.9258187924002359
3_3284,9,0,2.487976055229416,1.0,0.1424372076851641
3_329,3,0,1.8375350588341328,1.0,0.23857325812195107
3_3290,88,3,-0.13147859135224998,0.05869721428403214,0.9793448486882627
3_3291,8,0,-0.27065150693099815,1.0,0.8559194557803718
3_3294,46,3,0.6808378390088077,0.011020744391618396,0.8416373204900851
3_3295,1,0,2.295160499189187,1.0,0.129594226392016
3_3296,2,0,2.524713786425847,1.0,0.099532845208673
3_3297,3,1,2.793289720458478,0.029701000000000026,0.07075136178197461
3_33,131,6,2.2516083688380966,0.002158418027791483,0.8275255549522452
3_330,8,0,2.9508335889939366,1.0,0.07253923097534887
3_3300,1,0,1.4660959093542016,1.0,0.3208271474836901
3_3302,1,0,1.354311997840326,1.0,0.3534569317695492
3_3305,1,0,1.7333828712066603,1.0,0.2485337393294701
3_3306,1,0,1.6001486615261542,1.0,0.28346579462394617
3_3308,1,0,-0.24151767398323926,1.0,0.8159477186843717
3_3318,18,0,2.892308275125413,1.0,0.12396601786949946
3_3319,8,1,1.996619675779805,0.07725530557207996,0.23856926995783112
3_332,3,1,2.6293513160062627,0.029701000000000026,0.090126926236749
3_3321,1,0,0.697884769485062,1.0,0.5591752413522126
3_3322,7,0,0.7364326705541484,1.0,0.59982250769727
3_3326,1,0,1.6841882465171978,1.0,0.261159504813949
3_3328,2,0,-0.39103226592191725,1.0,0.850762023402905
3_333,3,0,1.5933124353009682,1.0,0.30262278187726677
3_3330,79,6,2.6070605648619747,0.00014890770629296052,0.5675491569802078
3_3333,18,0,-0.01345172278212808,1.0,0.8529924730429472
3_3334,4,0,1.1120769899021234,1.0,0.4558027778172222
3_3336,2,0,1.4556790398472703,1.0,0.33280908117968644
3_3337,23,1,0.239715492051274,0.20638571635634465,0.8283123612487935
3_334,19,0,0.9113522964533501,1.0,0.6433963181263542
3_3340,1,0,0.7548942102277327,1.0,0.5411349615990289
3_3342,1,0,1.5361176018756728,1.0,0.3010521657566769
3_3345,1,0,-0.6419811842224329,1.0,0.8888134533777488
3_3348,1,0,0.8890560452649369,1.0,0.49841100021326
3_335,4,0,2.2056735344008613,1.0,0.16426637945095335
3_3350,1,0,1.299181817186203,1.0,0.3699741902459751
3_3352,2,0,2.11212006199853,1.0,0.16969528452365767
3_3355,7,0,0.8242684252899266,1.0,0.5729865271465026
3_3357,8,0,1.3781292436038526,1.0,0.4101210577153014
3_336,40,1,0.502053043209413,0.3310282414303197,0.8500535914545433
3_3365,2,0,0.14528659414760287,1.0,0.7298128802599936
3_3366,3,0,-0.5139789603909398,1.0,0.8764267379899744
3_3367,18,2,2.8148801242750756,0.013756463740805566,0.1363997530444172
3_3368,2,2,2.6005176740104305,0.00010000000000000018,0.08937146095002801
3_337,1,0,1.4660959093542016,1.0,0.3208271474836901
3_3370,2,1,3.5648978430543794,0.01990000000000002,0.017288761609001724
3_3372,35,2,1.7870041689039142,0.04785867545512833,0.5110964878062951
3_3373,1,1,2.4156444221901934,0.010000000000000009,0.11035338910015569
3_3374,2,0,0.5078747337488526,1.0,0.6267489417081484
3_3375,1,0,0.45482900721495045,1.0,0.6342861965658426
3_3378,8,0,1.5571431300942262,1.0,0.3567244704142617
3_3379,1,0,-0.5662936152413259,1.0,0.8769189912549046
3_338,54,5,2.951849866008195,0.00021038263382405051,0.3265520242214034
3_3387,4,1,1.642338206446643,0.039403990000000035,0.29772766690252905
3_3388,1,0,1.4551640889657576,1.0,0.32396278154541214
3_3394,8,1,0.779567728279335,0.07725530557207996,0.5951682538230436
3_3397,46,7,-0.2282705716127862,3.8028083277360135e-07,0.9495461635241317
3_3398,3,0,-0.0008462494096976434,1.0,0.7732640618836351
3_3399,1,0,1.7111960696629231,1.0,0.2541873998510148
3_34,1,0,-0.16210750021899997,1.0,0.7985723554322878
3_340,42,2,4.84342091382686,0.06618232221258309,0.021870507842230658
3_3400,68,5,1.7891541019312254,0.0006178038260051442,0.7117852821332429
3_341,1,0,0.37207842411348213,1.0,0.6588750608962726
3_344,1,0,1.7191920386284285,1.0,0.2521421172468773
3_346,4,1,0.6524253766131484,0.039403990000000035,0.5998665325239161
3_349,1,0,1.6334711955849266,1.0,0.274512693753463
3_358,5,2,3.9287528179515014,0.0009801496000000018,0.01040885263254654
3_359,2,0,0.6157204151309551,1.0,0.5937876643503374
3_369,1,0,-0.6927476342925362,1.0,0.8963158966844926
3_370,3,0,0.7826797233725462,1.0,0.5505897598092817
3_372,2,0,-1.769115202626341,1.0,0.9837446729919092
3_373,2,0,-0.9467495475517989,1.0,0.9309134009153306
3_376,2,0,1.3108020183902935,1.0,0.3757360630238631
3_379,1,0,2.300438495679031,1.0,0.12870549072865445
3_380,2,0,2.119060562186451,1.0,0.1683007581240472
3_383,1,0,-0.5931341164934635,1.0,0.8812351390574068
3_384,5,1,2.62746393331766,0.049009950100000046,0.0995707354888058
3_385,2,0,-1.0360686816502187,1.0,0.9398860761289425
3_387,1,0,1.4386824992258405,1.0,0.3287139327476054
3_392,2,0,1.2133455177204509,1.0,0.4055436855493455
3_399,15,1,-0.8074217697474273,0.1399416453587116,0.9454864548253945
3_40,20,5,2.406310757576112,1.3677986328934169e-06,0.22951662042048326
3_400,6,0,0.07509972296734432,1.0,0.7737930720638735
3_402,4,1,0.16657643099715652,0.039403990000000035,0.7381861986036482
3_404,3,0,2.3040146698048996,1.0,0.1397365805845867
3_406,10,1,2.4337810392821484,0.09561792499119559,0.15821412444337346
3_41,57,2,2.6496919351608303,0.11142212413563145,0.42448943013966056
3_410,19,1,3.967206716585671,0.1738313761644134,0.025930018218433215
3_412,3,0,0.7673446007984525,1.0,0.5554072080250071
3_413,2,0,0.844005293155694,1.0,0.5220702844410464
3_415,1,0,-0.11349440321623873,1.0,0.7874665005781485
3_417,5,1,2.144596963451784,0.049009950100000046,0.1833125714670546
3_421,3,0,2.0750218589688276,1.0,0.18417305783627458
3_422,3,0,0.8160002643761316,1.0,0.5400974939793379
3_424,2,0,0.8028147833530298,1.0,0.5351332540859743
3_427,1,1,2.431200361970765,0.010000000000000009,0.1080269255954498
3_428,1,0,0.2956939734325718,1.0,0.6809911906678894
3_431,11,1,1.153855140044977,0.10466174574128365,0.5059899518545627
3_434,5,0,1.4101534006818226,1.0,0.37333883146051183
3_439,1,0,0.8308908732380849,1.0,0.5169603576341811
3_441,8,3,4.346432265263084,5.3933321197900146e-05,0.005408759141782515
3_444,47,4,4.140488545795904,0.001265900271972346,0.07918656065070928
3_445,1,0,0.9722433080049202,1.0,0.47189784923201283
3_450,3,0,1.1000540610350173,1.0,0.4502645836568948
3_451,70,1,2.344027086226693,0.5051613403997931,0.5859932944340788
3_457,7,1,1.3574158443597528,0.06793465209301006,0.4073924413776524
3_458,1,0,-0.5665817161798329,1.0,0.8769658962397032
3_46,33,0,3.833461627458328,1.0,0.067005836082766
3_462,1,0,1.4255163407188618,1.0,0.3325293848760644
3_466,1,0,-0.2705593812010362,1.0,0.8220618898927319
3_468,2,0,0.5485066833641237,1.0,0.6144247421549855
3_47,10,2,4.938470654148077,0.004266200242831427,0.0015966384558624425
3_473,1,0,1.6593240080664249,1.0,0.2676640380662555
3_475,2,0,-0.7378765914678235,1.0,0.9059383374638987
3_476,1,0,-0.5818926375251379,1.0,0.8794406202616976
3_477,7,0,2.108115286020888,1.0,0.20520784645924117
3_478,1,0,1.6620354837661908,1.0,0.26695076383459804
3_480,1,0,0.7069482466159094,1.0,0.5563143724730435
3_481,1,0,-0.4743866657173171,1.0,0.861311976650893
3_482,4,0,1.3307332673220011,1.0,0.3881378789069987
3_483,9,0,1.7740490360242072,1.0,0.3040284279048999
3_486,38,2,0.386022849175389,0.0554547523593632,0.86185894784983
3_487,9,0,1.4555005093372915,1.0,0.3956951445198956
3_488,2,0,0.8111585146230647,1.0,0.5324897591368272
3_489,1,0,1.893372709672531,1.0,0.20982178294670129
3_49,174,12,6.032722161842272,2.4458445907750316e-07,0.1874816066774203
3_490,3,0,0.7802085185795457,1.0,0.5513665990222594
3_491,46,3,3.8397281775946563,0.011020744391618396,0.1112263526732411
3_492,3,0,0.978476062639473,1.0,0.48867043687271006
3_493,24,1,2.5315031059968995,0.2143218591927812,0.2284451844994908
3_495,6,0,-3.0688038751910294,1.0,0.999371147290117
3_496,119,9,3.3627914738052866,3.596767764135134e-06,0.5674810908095317
3_498,30,5,4.143549161517578,1.1567574525494248e-05,0.036245533281019426
3_499,1,0,-0.15796540399662987,1.0,0.7976398529812843
3_500,58,6,3.4585367463330985,2.5924246699180074e-05,0.23384626695317778
3_502,83,5,5.9725976708539275,0.0015211936287157202,0.025468198004319764
3_503,2,0,-0.3415575700999006,1.0,0.8414111790938715
3_504,20,3,2.987640672455017,0.0010035761681001195,0.11920812432622951
3_505,3,0,0.7987996974608038,1.0,0.5455177159192486
3_506,24,0,-1.7694894908330072,1.0,0.9931177860686828
3_508,4,0,2.286356188517333,1.0,0.1489449404575307
3_509,8,2,1.7918403576064064,0.0026900777395207046,0.2908961684353746
3_51,1,0,0.8308908732380849,1.0,0.5169603576341811
3_511,26,2,0.0444895668913287,0.027723300751066573,0.8737676492328817
3_513,82,7,2.806767834582387,1.9736552609017345e-05,0.5323136465688892
3_515,14,2,3.850802843015147,0.008401244011166185,0.023250870514132882
3_516,35,2,1.001221490720372,0.04785867545512833,0.7245183327173146
3_518,188,12,2.9934001360581886,5.607187523936505e-07,0.8107866987416654
3_522,1,0,-0.13681731115160137,1.0,0.7928387246740998
3_524,77,7,3.8536306683737007,1.3039090408277322e-05,0.2503621342004346
3_525,2,0,1.6401927342609075,1.0,0.2812163934821622
3_527,4,0,0.18049316416976713,1.0,0.7345859409380291
3_53,9,0,1.6790334092741068,1.0,0.33041263226984374
3_531,24,1,1.4803932556949089,0.2143218591927812,0.5158956865608286
3_533,28,1,2.11911743906341,0.24528071279636746,0.3622955248554881
3_536,3,0,0.18720317953815943,1.0,0.7258267893358763
3_537,3,0,-1.1907639091912983,1.0,0.9549616686459494
3_539,93,6,2.6723809533417016,0.000362649828464728,0.620915789359801
3_541,72,6,2.732250669042078,8.882696975305122e-05,0.4955668211704578
3_542,3,0,2.254303094167387,1.0,0.14870369802813022
3_543,4,0,2.2496551871277966,1.0,0.1557919242102368
3_544,1,0,1.2432788912108284,1.0,0.386971385557512
3_545,1,0,1.299181817186203,1.0,0.3699741902459751
3_546,1,0,1.4660959093542016,1.0,0.3208271474836901
3_547,205,12,2.572890183985651,1.3975652998328589e-06,0.8806182121791964
3_55,2,0,-1.0018648648116861,1.0,0.9365643495931848
3_550,1,0,1.6261185151836015,1.0,0.2764761617938657
3_551,121,11,4.995672079746448,4.653729906866527e-08,0.21370920843367436
3_552,52,4,2.8812092671123595,0.0018469347399827855,0.3313854117624784
3_554,58,5,6.092593228556239,0.000294911309809607,0.005781444435238092
3_555,2,0,0.7327270462625484,1.0,0.5572663068710552
3_559,9,0,0.15408243184106984,1.0,0.7734004150108547
3_56,63,2,4.07088341126089,0.13124547516435983,0.14628898307294824
3_560,6,0,-0.2744114831520805,1.0,0.8476581502042235
3_561,1,0,0.3375836831629537,1.0,0.6689360134058379
3_563,1,0,-1.3916170269447765,1.0,0.9655942045133925
3_564,1,0,-0.5975479550089826,1.0,0.8819345516812361
3_565,11,0,2.2607331772481176,1.0,0.1997184402316694
3_566,1,0,1.438658086776325,1.0,0.32872099094840035
3_568,1,1,2.4156444221901934,0.010000000000000009,0.11035338910015569
3_569,8,1,1.8983633335783394,0.07725530557207996,0.26301664034126326
3_570,81,10,2.3234790929255977,9.83935570641445e-09,0.6484790078329798
3_571,2,0,-1.7943098013215617,1.0,0.9845421389398826
3_572,47,3,5.065483705097778,0.01168584739977607,0.019729488898106773
3_577,87,7,4.153763656059176,2.904587479522312e-05,0.23683598696225328
3_580,15,0,-0.008662060505164331,1.0,0.8391851599039135
3_581,3,0,1.3485216949477303,1.0,0.37357749012000907
3_582,1,0,0.3339939552933718,1.0,0.6699761974320989
3_584,1,0,-1.9295033870672862,1.0,0.9877676372018195
3_585,1,0,1.4609734053270873,1.0,0.3222948899289646
3_586,44,9,0.9320322318799844,5.16892312954041e-10,0.7862630023152251
3_588,1,1,2.7470513431176347,0.010000000000000009,0.06815872595075356
3_589,101,14,8.404291184555753,2.272249575890086e-12,0.0007460709622977291
3_59,1,0,0.4626322334628112,1.0,0.631936882250304
3_591,8,1,1.487273793897054,0.07725530557207996,0.37729683993037355
3_596,2,1,2.409935878905949,0.01990000000000002,0.11648618974222158
3_597,44,2,2.6513205216514626,0.07178324143318462,0.3366758674070144
3_6,22,0,0.6362647682256327,1.0,0.7364392616824307
3_600,18,2,4.063756142460502,0.013756463740805566,0.020465846802905086
3_601,60,5,4.391926227473257,0.00034575434785519656,0.09251705856276637
3_602,1,0,-0.8853969070243457,1.0,0.9214479538866198
3_603,2,0,-0.2621576196726708,1.0,0.8256183467432044
3_604,21,0,2.9928986108502675,1.0,0.1232549232955491
3_609,1,0,-1.015821911069708,1.0,0.9356397803060431
3_610,64,1,1.8503725864541352,0.47440351247443796,0.6776239109237382
3_611,3,0,1.8931178864084572,1.0,0.22510697308735894
3_613,38,1,2.8026575073923405,0.31744540498961304,0.25918649662160465
3_614,1,0,-0.2015284319208555,1.0,0.8073175806744124
3_615,2,0,0.3021006291775198,1.0,0.6869637750200654
3_617,1,0,1.4660959093542016,1.0,0.3208271474836901
3_618,13,0,1.860321048229516,1.0,0.3136405423548405
3_62,33,1,1.3244701761886348,0.2822694674017251,0.6279796378485907
3_621,6,1,1.9618029774431534,0.058519850599000056,0.23168011106973796
3_626,50,3,5.384060032841349,0.013817270830600421,0.013393209470273448
3_627,5,0,2.7500167323460385,1.0,0.0836782423108211
3_629,24,4,3.2710291074864712,9.053764174621837e-05,0.0975816016570451
3_63,2,0,1.6317420935751246,1.0,0.28349286044654187
3_630,48,5,5.469567464812173,0.00011970608791393637,0.0101782236429655
3_632,4,0,2.1024873137748514,1.0,0.18529827413826205
3_634,26,1,0.2677048709661604,0.2299568541948449,0.8361765144043536
3_635,1,1,3.3337545535358304,0.010000000000000009,0.025069485788186907
3_636,1,0,1.4660959093542016,1.0,0.3208271474836901
3_64,1,0,0.188521197779507,1.0,0.7109520622849498
3_642,5,0,1.829393782443246,1.0,0.25656137372987753
3_645,20,0,0.32898347228547026,1.0,0.7957544157133133
3_646,14,1,1.7688122639007289,0.13125418723102178,0.3474472222030125
3_647,7,1,2.765392502079901,0.06793465209301006,0.09032122739455706
3_648,2,0,0.8912998381823757,1.0,0.5070430676826878
3_649,3,0,0.035706972831230324,1.0,0.7644218720217597
3_65,1,0,1.2118766018476583,1.0,0.39661754438502306
3_650,1,1,2.7141386542242945,0.010000000000000009,0.07168876723909812
3_652,47,3,3.350736147442747,0.01168584739977607,0.19582705735407702
3_654,84,6,5.435759005435801,0.0002087121936034782,0.05612562901721341
3_655,1,0,-0.4033677607582197,1.0,0.8483648432193907
3_657,1,0,0.6497702476650379,1.0,0.5743073214515975
3_658,1,0,0.5657304974398184,1.0,0.6004645502390833
3_659,1,0,0.4626322334628112,1.0,0.631936882250304
3_66,1,0,1.9306539604696775,1.0,0.20133842814771008
3_661,3,0,-0.012314586863540446,1.0,0.7759991533878716
3_663,1,0,-0.2015284319208555,1.0,0.8073175806744124
3_67,4,0,2.1796149755226932,1.0,0.16942580775967242
3_673,1,1,2.6599001501874415,0.010000000000000009,0.07780980358702383
3_674,1,0,0.7164547153669819,1.0,0.5533105198492415
3_679,36,1,2.949101010340386,0.30358678195042654,0.2141539306478044
3_682,10,0,1.2763568485417127,1.0,0.45927358903147286
3_683,48,4,4.665965650737854,0.0013700997432503851,0.039419974123338086
3_684,33,0,2.447650414456205,1.0,0.3119024331785112
3_688,13,0,1.1004780350543677,1.0,0.5396786001263942
3_69,60,3,0.9646562372163633,0.022420164788835444,0.8424018731377874
3_690,11,0,2.4417892938342503,1.0,0.16282460995635528
3_694,36,4,2.652105541070396,0.0004561624296751667,0.2817026212996909
3_695,3,0,1.9241701521527987,1.0,0.21777535287138527
3_696,171,13,7.792353360315698,2.47731047990542e-08,0.02895272259942261
3_697,105,7,4.026526255369889,9.678785587326176e-05,0.34689662571320423
3_698,6,1,2.2965709658259246,0.058519850599000056,0.1594387454626478
3_699,28,1,2.895858282187039,0.24528071279636746,0.17745853988829552
3_70,4,0,-0.6805565679806261,1.0,0.9046718020913211
3_700,6,0,1.3675589468137466,1.0,0.3952386978175857
3_704,17,1,2.3105908104737494,0.15705680661607327,0.23049298818981878
3_709,1,0,-1.160289396953592,1.0,0.9489423504151503
3_710,16,1,0.6121028297120394,0.1485422289051245,0.7039168488189038
3_711,1,0,0.24580239886604768,1.0,0.6951024148509637
3_713,43,1,-0.6129585571511712,0.35089737163159784,0.969427895812269
3_714,3,0,0.769986493039852,1.0,0.554577834502399
3_716,1,0,-0.5487809283618622,1.0,0.8740442279872189
3_717,3,1,1.2957917670544727,0.029701000000000026,0.389546710426409
3_718,23,1,2.605904024527839,0.20638571635634465,0.20553192463214232
3_719,1,0,-0.19378059748513254,1.0,0.8056173524761443
3_721,1,1,2.6250458259793232,0.010000000000000009,0.08194767289325922
3_725,15,1,1.8589470253820368,0.1399416453587116,0.33048343644717804
3_728,96,5,5.143197150089595,0.002879149725876636,0.11256171217036759
3_730,10,0,1.4280668127215406,1.0,0.4128676949945671
3_732,1,0,0.5551722614655331,1.0,0.6037216802050702
3_734,14,0,2.525129994575861,1.0,0.16529265356180323
3_735,1,0,-0.17348883906303855,1.0,0.8011213218358125
3_736,1,0,-0.4041498898257236,1.0,0.8485116684311064
3_737,10,0,-0.1614683967825474,1.0,0.8450012199347595
3_743,1,0,0.09922976805627307,1.0,0.7348558838000474
3_75,10,0,-1.484728638525519,1.0,0.9795072795710454
3_758,7,0,0.01801553791205103,1.0,0.7928836360335714
3_759,3,1,1.6615303145599811,0.029701000000000026,0.28397643753187385
3_760,6,1,1.9981772576178711,0.058519850599000056,0.22304510754550844
3_764,3,0,2.1888062445314462,1.0,0.16109342600542487
3_765,4,0,1.6901226902313322,1.0,0.28474947837111375
3_768,3,0,1.8440036746939683,1.0,0.2369837508288246
3_777,2,0,0.8506861247138585,1.0,0.519948947171087
3_778,2,0,1.4378780628592627,1.0,0.3379802317225735
3_781,2,0,1.1938203479276819,1.0,0.4115882032774212
3_782,104,5,4.2363235116912605,0.004057935717318624,0.2958638545109046
3_783,2,0,0.24313626779800168,1.0,0.7034186290881919
3_786,1,0,0.8862347902669279,1.0,0.4993109662195534
3_787,12,3,1.688326863154213,0.00020561607776663676,0.3534609968273492
3_789,1,1,2.71185405729077,0.010000000000000009,0.07193891214276149
3_79,6,0,-0.649328472018831,1.0,0.9068290211172778
3_791,4,0,1.1045662301335402,1.0,0.45816189463349155
3_795,7,2,3.2818061718465605,0.0020310416349400033,0.04058888426636875
3_797,2,0,1.0260033724185196,1.0,0.4642600506765465
3_798,8,4,2.6605637169869714,6.778784035000024e-07,0.10932284788047242
3_799,1,0,2.037361909558399,1.0,0.17821883877682032
3_80,1,0,-0.0971376523257369,1.0,0.7836507962973581
3_800,12,0,0.14382655760020246,1.0,0.7930615396121898
3_803,1,0,1.0543415766442161,1.0,0.4458528535214984
3_806,2,0,1.6431047263678171,1.0,0.2804339995499765
3_809,12,5,3.8828839236375363,7.469708281709198e-08,0.019168790162435556
3_812,6,2,3.463626380556028,0.0014604476050000025,0.02773543831623637
3_813,7,0,2.447927575637971,1.0,0.13791463929753867
3_816,1,0,1.0976629815897683,1.0,0.4321959345640114
3_819,2,0,1.3226735688503064,1.0,0.37215135757173856
3_82,1,0,1.4660959093542016,1.0,0.3208271474836901
3_822,39,3,3.622893303299837,0.006986481622766975,0.11255676434595507
3_828,3,0,0.4906170436119405,1.0,0.6402722412032427
3_829,2,0,-0.422652386834185,1.0,0.8565415026656611
3_832,120,5,3.5254561595689777,0.007383294540600104,0.5326572049021208
3_833,1,0,-0.16070557283753586,1.0,0.7982570308052083
3_835,2,0,-0.07294212855484529,1.0,0.7841193063019147
3_836,1,0,-0.3032995356902897,1.0,0.8287991662354022
3_84,2,1,1.2047970186731474,0.01990000000000002,0.4081874125087074
3_843,4,0,1.3075488979298338,1.0,0.39519080462062217
3_844,3,0,0.6244347698586658,1.0,0.5998165894049456
3_85,2,1,0.4103435021546622,0.01990000000000002,0.6557862343474821
3_855,1,0,-0.07407375292885873,1.0,0.778203636027945
3_857,2,1,1.6078492848690964,0.01990000000000002,0.2899765535978105
3_86,1,0,0.625264066139933,1.0,0.5819741296166617
3_860,3,0,1.857860913352171,1.0,0.23359834241814625
3_867,9,0,-0.1753933613276001,1.0,0.8430217205372177
3_868,9,2,4.1660995135395655,0.0034357300178462975,0.008710156225635757
3_869,11,1,2.411682792185683,0.10466174574128365,0.16863138474058958
3_87,2,0,1.6234775279192915,1.0,0.28572770885338716
3_871,10,0,2.2534052203688044,1.0,0.19444420828951303
3_872,69,4,3.619879179023057,0.005158956637271634,0.25882637282245247
3_877,3,0,-0.8145090213135739,1.0,0.9186533215331474
3_880,3,0,0.48101499330093844,1.0,0.6431215352567513
3_884,69,3,3.4240528553391965,0.03214905076757443,0.3027387316394998
3_890,2,0,2.110676887906368,1.0,0.16998618373810737
3_891,2,0,1.8212481887824705,1.0,0.23467480794336315
3_892,12,0,0.7459048777137273,1.0,0.6375814219866417
3_893,1,0,2.285319505920869,1.0,0.13126263427864082
3_897,39,0,1.7303677287320898,1.0,0.5563759799140209
3_898,4,0,0.7060960727884096,1.0,0.5833604264059107
3_899,107,5,3.6358712253714867,0.0045776791920284195,0.4490427080195364
3_9,22,2,1.469768394340855,0.020229279452277163,0.5029077269641622
3_90,26,1,0.9998567609048629,0.2299568541948449,0.6685664807878817
3_902,2,0,-1.282236261639947,1.0,0.9599425594193427
3_903,3,0,-0.2235808066126635,1.0,0.8229316797548527
3_908,3,0,1.0512418674213282,1.0,0.46564851768850557
3_913,4,1,3.3292915218272143,0.039403990000000035,0.03095718184456764
3_914,1,0,-0.259479366662728,1.0,0.8197444800029354
3_916,2,0,0.6435284073947456,1.0,0.5851691708851801
3_917,1,0,0.20737603127516432,1.0,0.7057778380238738
3_92,2,0,0.00469379793243214,1.0,0.7655602151223533
3_923,17,2,2.110509831252826,0.012308985529944274,0.27928549824497506
3_924,29,1,0.10672540964829974,0.2528279056684038,0.8745239029295563
3_926,1,0,0.014829681211814988,1.0,0.7564889013150222
3_929,10,1,1.0309852849434233,0.09561792499119559,0.5352369567579701
3_933,1,0,-0.30427908230221196,1.0,0.8289981917236069
3_937,7,1,1.070745128951973,0.06793465209301006,0.4962612133246429
3_938,52,5,0.4257553437976855,0.00017577600591676932,0.8970857307050415
3_940,2,1,0.8793363864826368,0.01990000000000002,0.5108460840308114
3_941,5,0,0.8488820462355623,1.0,0.5477820799758388
3_942,1,0,2.12027154375104,1.0,0.1614614446520346
3_945,15,2,1.651646476553727,0.009629773443364747,0.38978255490558467
3_948,2,0,-0.0010133357340466153,1.0,0.766953901588542
3_950,1,0,1.9022682977888414,1.0,0.2077787289460573
3_952,7,0,-2.3262897043569826,1.0,0.9960406331174431
3_954,10,1,1.224035664690493,0.09561792499119559,0.475440915395997
3_958,2,0,1.161689215358671,1.0,0.42158040111059136
3_959,9,0,1.809068836999829,1.0,0.29454648355796376
3_960,10,0,1.3006492070474436,1.0,0.45178841635838796
3_964,5,0,1.673300270615459,1.0,0.29779305822603797
3_968,6,0,2.1317819321058464,1.0,0.19294683800477164
3_969,1,1,2.4100435136151437,0.010000000000000009,0.1111997649946086
3_97,3,0,-0.6739560306739768,1.0,0.9004998668457733
3_970,3,0,1.3303180112696498,1.0,0.379067522477083
3_971,1,0,1.6577190148594347,1.0,0.2680866957923387
3_972,49,2,3.174385038029921,0.08641059140541359,0.2435485481599583
3_973,34,4,3.981904632393176,0.0003648914330466054,0.05668900253828102
3_975,4,0,1.4697286477414295,1.0,0.346697757140787
3_976,2,0,0.10779247433170368,1.0,0.7396059197848529
3_978,16,1,1.0050070754382845,0.1485422289051245,0.5932129631546701
3_984,15,0,2.150275627921553,1.0,0.2541148687772192
3_988,1,0,0.3056761949080556,1.0,0.6781351813117502
3_989,3,1,2.9756621344825933,0.029701000000000026,0.053143717274095614
3_992,2,0,0.14075371972294087,1.0,0.7310065333509986
3_995,1,0,1.1999497930755336,1.0,0.4002982205328198
3_996,166,12,3.548527976670777,1.4680087670055664e-07,0.6735976954168819
4_0,135,10,2.83394504314828,1.2647530196173363e-06,0.7366347938710095
4_1,9,0,2.4157544260549724,1.0,0.1554993334428435
4_1002,8,0,0.9803047485413621,1.0,0.5334231121968982
4_1004,1,0,0.37799482275866747,1.0,0.6571377910687279
4_1005,1,0,2.2648222413504513,1.0,0.13478513417445548
4_1007,1,0,1.7817922288865629,1.0,0.23643430775338792
4_1008,1,0,1.1027656241344523,1.0,0.4305923401796933
4_1009,1,0,-1.0568917370029403,1.0,0.9396696953113653
4_1012,11,1,0.6271877917712394,0.10466174574128365,0.6638862608455502
4_1015,4,0,1.1672806505369124,1.0,0.438516518812996
4_1019,1,0,-0.5925063049365541,1.0,0.8811354193705956
4_102,1,0,-1.1304399698075696,1.0,0.9463901151635512
4_1025,2,0,0.2725511870522609,1.0,0.6952593427743736
4_1027,7,0,-0.5290917101672317,1.0,0.8935552525069359
4_104,6,1,3.368292941475158,0.058519850599000056,0.03287326075336072
4_1085,2,1,2.4755888447749763,0.01990000000000002,0.10655408659183008
4_109,1,1,2.39940496378098,0.010000000000000009,0.11282017662013155
4_1091,2,0,-0.22547092472056482,1.0,0.8179949775023094
4_1093,1,0,0.041301170429857294,1.0,0.749808130882063
4_1097,1,0,1.4014015133250757,1.0,0.3395626260524236
4_1098,9,0,-1.2803505808447249,1.0,0.9691461217424243
4_1099,3,1,2.8241569203698815,0.029701000000000026,0.06749101718146722
4_1103,1,0,-1.1220010346187297,1.0,0.9456505198984392
4_1104,4,0,-1.1939964001460024,1.0,0.9568504780091159
4_1105,2,0,-1.4301965412333049,1.0,0.9691153453155583
4_1112,3,0,0.4177590826294222,1.0,0.6616864137318668
4_1114,1,0,0.5774502456918091,1.0,0.596840906741523
4_1117,6,0,0.374587398425247,1.0,0.696974338924033
4_1120,5,0,1.7994245443118901,1.0,0.26424115430393713
4_1121,1,0,1.0903425918624468,1.0,0.4344984402394807
4_1122,6,2,3.643660797679956,0.0014604476050000025,0.01985052767940343
4_1124,4,0,1.0008042713384715,1.0,0.4908679752836156
4_1125,2,0,-1.3993731291000995,1.0,0.9673632998746636
4_1129,1,0,0.8098973413540116,1.0,0.5236484618737623
4_113,84,6,1.7694487377261794,0.0002087121936034782,0.7814514891557796
4_1131,2,1,2.5919012668268153,0.01990000000000002,0.09048601222838193
4_1132,1,0,-1.768384775497983,1.0,0.9830357414091264
4_1135,3,0,2.3844224238623744,1.0,0.12602482284256356
4_1137,2,0,0.24953370798080862,1.0,0.7016526004125496
4_1138,2,0,1.2602598634184847,1.0,0.3911145010547573
4_114,147,11,2.585853699961821,3.3996511199330563e-07,0.8079016443423256
4_1140,5,0,1.5797543877366373,1.0,0.32386755815698176
4_1141,10,0,1.9784794490857118,1.0,0.25850537100166926
4_1144,4,0,0.5216658747734725,1.0,0.6392875080287974
4_1145,4,0,1.8370501270563842,1.0,0.24662561861494026
4_1148,45,1,2.1954530391755536,0.36381451393612907,0.4675144411241121
4_1149,13,0,0.9182033040694528,1.0,0.5948349157308563
4_115,331,14,3.7667946571499074,8.606324584220897e-06,0.7343963636515864
4_1154,41,2,1.8257890726986585,0.0634395380024474,0.5435280208284777
4_1157,54,3,4.489332607909269,0.01698022515559389,0.06558133882330308
4_116,1,0,-0.6462224537549628,1.0,0.8894547398816564
4_1170,25,1,0.11500989189684739,0.2221786406008534,0.858846381525979
4_1171,1,0,0.596147042467015,1.0,0.5910428887962487
4_1172,2,1,2.8272059177298434,0.01990000000000002,0.06359063977042545
4_1174,5,1,2.3731711380992695,0.049009950100000046,0.13934746937369558
4_1175,5,1,0.2601173085709605,0.049009950100000046,0.7206745932705239
4_1176,1,0,1.127072758374441,1.0,0.42296954457850666
4_1177,4,0,1.4758954732056824,1.0,0.34489685263091374
4_1183,1,0,1.7906474966554262,1.0,0.23425663731961233
4_1186,80,3,3.8235664282917656,0.04655318573593156,0.2717218058051474
4_1188,10,0,-0.7847960848706536,1.0,0.9331517581276614
4_1189,23,3,3.15701932331716,0.0015245656963660697,0.10856954780393258
4_119,8,0,-0.17118832888864707,1.0,0.837535898980203
4_1190,7,0,2.8101556460997057,1.0,0.08473712855271809
4_1191,1,0,0.7025599000094156,1.0,0.5576999214978465
4_1192,6,0,1.3542348047566835,1.0,0.39928221393037555
4_1193,1,0,1.8660097314452178,1.0,0.21617982335731756
4_1199,26,3,3.1623323126579423,0.0021887611748319237,0.12149146148359757
4_120,2,0,0.6861175482131356,1.0,0.5718911214190796
4_1201,2,1,1.7068318646499567,0.01990000000000002,0.26358076535025843
4_1203,1,0,1.8749813013253638,1.0,0.21408300089746501
4_1204,2,0,1.6361887783840836,1.0,0.282293894179681
4_1207,6,0,2.69276518657839,1.0,0.09534370795049174
4_121,136,10,3.554826229226306,1.3528485093735454e-06,0.5859797631195143
4_1214,3,0,0.31490044653677307,1.0,0.6910356843934202
4_1215,43,5,3.176993285278136,7.01407919082506e-05,0.2081517109286648
4_1217,409,24,4.623845907993954,9.598380403004855e-12,0.4500918355050755
4_1218,30,0,-2.3357979084356275,1.0,0.9984392686481492
4_1219,2,0,-1.819236897166996,1.0,0.9852978497547648
4_122,14,1,2.5267368751145782,0.13125418723102178,0.16498621846394834
4_1225,9,0,-0.6087773901173933,1.0,0.9106591181383288
4_1227,2,0,0.6800615721271046,1.0,0.5737845377183555
4_1229,5,0,1.0672411488314086,1.0,0.47913729001221395
4_123,27,0,1.3491811208841107,1.0,0.5777976966470895
4_1232,26,0,1.2203374808093759,1.0,0.6073685507245787
4_1236,7,1,0.7680757096823707,0.06793465209301006,0.5902019727533243
4_1238,28,3,0.50126080298586,0.002717121867743372,0.7997331622414716
4_1239,2,1,1.3069361891714537,0.01990000000000002,0.3769057157383743
4_1240,40,1,3.7855744110110265,0.3310282414303197,0.09546213785269986
4_1241,2,0,2.491347705911705,1.0,0.10426381888381742
4_1243,1,0,0.8932357816875254,1.0,0.4970777017522935
4_1244,1,0,2.1514325794395948,1.0,0.15543796716208758
4_1250,1,0,0.07210870333352201,1.0,0.7419123202243757
4_1254,2,0,-0.5709051010000242,1.0,0.8816093990841007
4_1255,1,0,-0.7948389338647065,1.0,0.910277848107151
4_1257,4,0,1.871505118212035,1.0,0.23809831932417236
4_1258,18,1,2.139080271192816,0.16548623854991254,0.2796518024582011
4_127,1,1,3.329451800202604,0.010000000000000009,0.02527171494257796
4_1270,1,0,-0.9892991496275159,1.0,0.9329280962750116
4_1275,19,2,2.3176919750050433,0.015273761488896639,0.24309347172273776
4_1276,3,0,1.0094964099511778,1.0,0.4788470069048181
4_1277,1,0,1.6409402827085482,1.0,0.2725252104502984
4_1281,1,0,1.4710502050973244,1.0,0.31941026026908337
4_1283,4,0,-2.6818658847325625,1.0,0.9980954397397618
4_1284,1,0,0.3922712553886436,1.0,0.6529320663202492
4_1286,3,0,0.6777050071758038,1.0,0.5833810907031614
4_1287,3,1,1.6740189328252468,0.029701000000000026,0.2806233175610562
4_1289,10,0,1.6796573900632787,1.0,0.33881006747581754
4_1295,37,1,3.5285797051919348,0.31055091413092223,0.11732662298982233
4_1297,3,0,0.6121240835066891,1.0,0.6035909263082178
4_1300,19,2,3.3052673501704395,0.015273761488896639,0.07443747995688976
4_1302,1,0,1.8998092850544985,1.0,0.2083423132520904
4_1303,12,1,2.1785983386851338,0.11361512828387083,0.2252102596109702
4_1310,37,3,3.101301410258355,0.006028406965608407,0.18916814259522285
4_1313,3,0,-1.614397668889956,1.0,0.9789007789652006
4_1314,1,0,-1.7326499803971365,1.0,0.9817962341219896
4_1316,20,1,1.980116217993214,0.1820930624027693,0.3376270211831085
4_132,17,2,5.277187096078025,0.012308985529944274,0.0013732884674600987
4_1323,2,0,-0.3186910993610316,1.0,0.8369622484064563
4_1324,2,0,0.849458557923239,1.0,0.5203387756173926
4_1328,1,0,0.24038087906332992,1.0,0.6966189899125811
4_1329,1,0,0.6274098693873953,1.0,0.5813040094372871
4_1330,36,1,0.8580358215714666,0.30358678195042654,0.7632312555681591
4_1331,21,2,1.164036867377541,0.01851167488332298,0.5857827397248301
4_1332,1,0,1.1387507710509164,1.0,0.41931733001739513
4_1333,2,0,-0.6762507954626583,1.0,0.8974283916198498
4_1337,34,3,3.70401842867247,0.004746994797058528,0.08354625756703904
4_1338,46,2,3.13404032843389,0.07753104520738682,0.23459044226519432
4_1339,65,1,3.615906460258985,0.4796594773496936,0.23852293980092654
4_1340,9,0,2.258236773457303,1.0,0.18664529966138055
4_1342,4,0,1.5945649163358788,1.0,0.3109660906286965
4_1343,23,2,3.628617916081004,0.02201068076236393,0.05627291569772985
4_1344,3,0,2.148690322444676,1.0,0.16900539892765254
4_1345,7,0,1.004116898766071,1.0,0.5171078857287967
4_135,1,0,1.7089750023999624,1.0,0.25475706498397654
4_1351,88,2,1.630070099661281,0.21998395452487748,0.8194070080093422
4_1353,1,0,1.0928239590104794,1.0,0.4337177148694491
4_1354,2,0,0.7082708265177076,1.0,0.5649510513880875
4_1369,104,9,1.808934912772919,1.168465084638504e-06,0.8340383849695336
4_137,4,1,1.344706120810955,0.039403990000000035,0.38390477860296846
4_1370,6,1,2.9688010697821214,0.058519850599000056,0.06353334258506138
4_1377,3,0,0.268395233826679,1.0,0.7039291992824435
4_1378,56,2,2.983073445869249,0.10820013753576062,0.33144164738034654
4_1379,9,0,0.3953046067995334,1.0,0.7129532708591582
4_1386,8,0,2.057983745277216,1.0,0.2239558950095808
4_1388,3,0,2.2820206661718743,1.0,0.1436575502472882
4_1389,4,0,1.269758964559324,1.0,0.4067598493816118
4_1390,2,0,2.121024546349971,1.0,0.16790748464531413
4_1391,2,0,2.0413896996273726,1.0,0.18432735106310816
4_1392,12,1,0.5541423738420623,0.11361512828387083,0.6915091593702904
4_1393,6,0,0.3724404994319028,1.0,0.6975641598756183
4_1396,1,0,-0.31053861412220335,1.0,0.8302665142829229
4_1398,2,0,0.6743429344475514,1.0,0.575570925114578
4_1399,2,0,1.2974050909353592,1.0,0.3797942729397973
4_14,8,1,-0.21499796659745932,0.07725530557207996,0.8458134100300811
4_140,1,0,1.4330566800582702,1.0,0.3303420974487362
4_1401,5,0,-0.0999883896308679,1.0,0.8076103311132719
4_1403,1,0,1.6494511359045525,1.0,0.2702692619512427
4_1404,1,1,2.513039795222854,0.010000000000000009,0.09636784893533512
4_1406,65,4,2.811375887024356,0.004169211446364324,0.4323501715306284
4_141,2,0,0.9563810424224786,1.0,0.48635239917585604
4_1413,12,2,2.1869258641055587,0.006174537772824754,0.22328465838340095
4_1414,2,0,2.2198263742117414,1.0,0.14888792880981883
4_1418,4,0,0.8223204588280487,1.0,0.5471465839401457
4_1419,5,1,2.940213004413935,0.049009950100000046,0.0628977911506341
4_1422,6,0,-0.01254441715349887,1.0,0.7939966857147315
4_1424,1,0,1.1498830572991898,1.0,0.4158422425134003
4_1425,2,0,-0.5714392030125447,1.0,0.8816937259490126
4_1428,16,3,2.4883479007286033,0.0005079424092904579,0.1850375764149914
4_143,6,3,1.7056883810096752,1.955359000000005e-05,0.2974397954155783
4_1432,10,1,2.9665923200316078,0.09561792499119559,0.07839791316177358
4_1436,50,3,1.0753270159920203,0.013817270830600421,0.7838371878857895
4_1446,1,0,1.1220687256159212,1.0,0.4245365676490658
4_1448,4,1,2.6875517985498627,0.039403990000000035,0.08712227990777333
4_1449,1,0,0.9350600759419734,1.0,0.48374038524236884
4_1450,1,0,1.1498830572991898,1.0,0.4158422425134003
4_1453,1,1,2.39940496378098,0.010000000000000009,0.11282017662013155
4_1456,1,0,2.2490353675021977,1.0,0.13754197836834858
4_1457,20,0,1.4469987357388776,1.0,0.4932975588040709
4_1458,3,0,1.8344508590571096,1.0,0.23933317577320357
4_1460,1,0,1.7708282660233565,1.0,0.2391459132957
4_1465,6,0,-0.7301445751756995,1.0,0.9169853292561285
4_1466,2,0,1.1423676725811744,1.0,0.42761389115751003
4_1469,4,0,2.3097065046599408,1.0,0.14469491691405645
4_147,3,0,0.5861964814201579,1.0,0.6115080013585849
4_1472,4,1,2.4467475704456523,0.039403990000000035,0.12140559330482825
4_1474,3,0,-1.895500072431051,1.0,0.9879297339988987
4_1478,7,1,1.8157722249635861,0.06793465209301006,0.2763140332819002
4_1479,7,0,1.334069520215174,1.0,0.41451602863446724
4_148,8,0,0.4735569948475677,1.0,0.6844467765986999
4_1481,1,0,-0.6063527760816866,1.0,0.8833210415264083
4_1485,1,0,0.27067051001425957,1.0,0.6881032818506762
4_149,2,0,-0.18219962411476565,1.0,0.8087399032351406
4_1493,7,0,0.9580488375881434,1.0,0.5314977992920259
4_1497,1,0,2.086073784048706,1.0,0.16824477561003914
4_1498,2,0,1.9578758754531382,1.0,0.20258215420581238
4_150,1,0,0.4283204943098989,1.0,0.6422290895115697
4_1500,44,1,0.6054090396255829,0.3573883979152819,0.847166484651542
4_1501,20,0,1.3614896125881926,1.0,0.5190226619975649
4_1504,1,0,0.9956041450361356,1.0,0.4644696494968864
4_1506,3,1,2.3903603311218227,0.029701000000000026,0.12505079895387528
4_1507,1,0,0.6164108411677482,1.0,0.5847363968965712
4_1508,16,0,2.5535795430521397,1.0,0.17204363254475452
4_1509,22,2,2.1771255858297174,0.020229279452277163,0.3004103693583875
4_1511,1,0,-0.38070251831432395,1.0,0.8440689239869903
4_1512,1,0,1.6782233757454388,1.0,0.26271248840027717
4_1515,1,1,2.8106802565324256,0.010000000000000009,0.0617163898670986
4_1516,5,0,0.1243271050605966,1.0,0.7555448919726636
4_1519,1,0,0.7980694305612588,1.0,0.5274137781873134
4_152,49,4,1.92895179535921,0.0014801343849199936,0.5691861878847388
4_1522,10,0,1.0286888891362638,1.0,0.5359461454150554
4_1524,1,0,1.446140893120291,1.0,0.32656041059426466
4_1527,5,0,1.3267729173844713,1.0,0.3985120446030537
4_1529,2,0,0.15096821837745805,1.0,0.728312992321019
4_153,277,21,5.290166665524176,1.5226685781899406e-12,0.46292409374003773
4_1532,1,0,1.8088446590164862,1.0,0.22981667755710022
4_1534,2,1,1.0693228168828806,0.01990000000000002,0.45056513603102566
4_1537,11,0,1.9912024958471992,1.0,0.26310996504077167
4_1539,2,0,0.9488309909357604,1.0,0.48875189663177043
4_1543,11,0,2.153196610457946,1.0,0.22383512667790073
4_1544,7,0,1.8411960512801,1.0,0.26968333582361015
4_1546,2,0,-2.007386801024192,1.0,0.9900435146865503
4_1548,36,2,1.1603405102851092,0.05034561175058135,0.6909710574922947
4_1549,7,0,0.5062590311763103,1.0,0.6676571711143978
4_1553,5,0,0.9769031360123768,1.0,0.5075780019932492
4_1554,71,1,3.3493135474289377,0.5101097269957952,0.331763761388594
4_1556,3,3,4.357447714230011,1.0000000000000027e-06,0.0033349145373865463
4_1562,66,4,0.041826150396965224,0.004403453407134823,0.9556521335901739
4_1564,1,0,1.5407855558343904,1.0,0.2997536096292307
4_1565,2,0,0.5632599879955922,1.0,0.6099203845208525
4_1567,1,0,0.39820554352722437,1.0,0.6511782776329882
4_157,31,1,-1.854995829577744,0.2676966303456026,0.9955402913253072
4_1572,1,0,1.6612374345690166,1.0,0.2671605969820734
4_1582,5,0,1.8511299053087533,1.0,0.25106500299588397
4_1584,1,0,1.438348278380231,1.0,0.3288105689901344
4_1585,4,1,0.10056282545331388,0.039403990000000035,0.754916174721483
4_1586,7,1,1.882268929168754,0.06793465209301006,0.25914239362588143
4_1588,3,0,-0.3969414701836152,1.0,0.8564093126580627
4_159,57,7,1.549715059014866,1.7063668340959316e-06,0.713145902311767
4_1592,13,0,1.4300547779613517,1.0,0.43872823703096664
4_1593,1,0,-1.3588232625811438,1.0,0.9635481215361291
4_1594,2,1,-1.130455663071918,0.01990000000000002,0.9483484461870317
4_1598,1,0,0.22419257593966282,1.0,0.7011271872396874
4_1603,5,1,-1.4011583323838266,0.049009950100000046,0.9710400071605868
4_1604,61,0,1.4197586311204857,1.0,0.7609080763520958
4_1605,15,0,0.848867278296596,1.0,0.6310585152871152
4_1607,7,0,0.6357515928975928,1.0,0.6300060805414629
4_1608,4,0,1.6242994314160366,1.0,0.30269617844009666
4_1609,3,0,-0.371368203155725,1.0,0.8517591727644402
4_1611,4,0,0.09232271073388366,1.0,0.7569633600479737
4_1612,2,1,3.338240075283308,0.01990000000000002,0.026641541803987256
4_1613,36,4,2.2633510319423817,0.0004561624296751667,0.38312565906860807
4_1614,15,2,3.5368453648072915,0.009629773443364747,0.04244025685644737
4_1619,1,0,0.3606295447801928,1.0,0.6622272937499905
4_162,8,0,1.8625641603412626,1.0,0.272231884431269
4_1621,4,0,2.6493930323130375,1.0,0.09201118970139555
4_1631,1,0,1.4017313006913041,1.0,0.3394660566801576
4_1634,3,2,3.8660089177358925,0.0002980000000000005,0.010104054745848856
4_1635,2,0,-0.8904182933798698,1.0,0.9247447767312754
4_1637,11,2,3.5537693880870034,0.005179717490315069,0.032554362822650784
4_1642,1,0,1.4988064917756747,1.0,0.3115213597241374
4_1645,3,0,0.1683181300722628,1.0,0.730803012727279
4_165,199,11,2.8449120924513958,6.562608426208363e-06,0.8434993926472372
4_1650,23,1,3.4200167737060267,0.20638571635634465,0.0762362677582531
4_1651,1,0,-1.2287658736494262,1.0,0.9544322556579001
4_1654,7,0,0.24606330317658606,1.0,0.7381231777489528
4_1655,5,0,0.06814830637722218,1.0,0.7692539907738714
4_1656,3,0,0.9953529346832262,1.0,0.4833246862781513
4_1657,3,0,1.0431702212729521,1.0,0.4681980048116414
4_1660,12,2,3.809770636382867,0.006174537772824754,0.021965471931225222
4_1661,2,0,-0.8716207782326227,1.0,0.9225954922730883
4_1662,33,1,-0.01269692184694861,0.2822694674017251,0.9030499461000174
4_1665,26,1,0.7556021301694518,0.2299568541948449,0.7314084365728636
4_1669,10,0,0.9362049681326383,1.0,0.5643885147430373
4_167,108,4,3.4503240633669012,0.023604035245416648,0.4991606348398617
4_1673,58,4,2.7181327442542598,0.0027606260549885154,0.41271462488732913
4_1674,3,0,0.13808790974752205,1.0,0.7386732369730613
4_1678,7,0,-2.3430327220123544,1.0,0.9961921593627224
4_168,1,0,-0.24493562101872435,1.0,0.8166740179414045
4_1680,5,0,1.5609423519123402,1.0,0.32922284822423575
4_1681,9,0,1.0531873004975627,1.0,0.5195967417605419
4_1684,2,0,0.3843002571348301,1.0,0.6633951820374729
4_1686,2,0,-0.19700469485737065,1.0,0.8119384569513413
4_1687,1,1,2.4668607507356946,0.010000000000000009,0.10282749214908615
4_169,371,13,3.458231269342336,0.00011997463601306336,0.7416808220082811
4_1692,23,0,0.9000969035665825,1.0,0.6749613787129456
4_1699,1,0,0.9310098673746384,1.0,0.48503139646732985
4_170,155,6,2.351032949511857,0.004933438177338316,0.8552543134510324
4_1703,2,0,-0.5974552877018974,1.0,0.8857499821530181
4_171,43,10,1.6531533229599717,1.4189815251792471e-11,0.6052031747286343
4_1710,3,0,-0.3533053126423458,1.0,0.8484146280805327
4_1714,274,8,3.0515554092784636,0.006882880250536749,0.8527262642353182
4_1715,103,4,3.996338007216627,0.02024123211394662,0.3446257396952487
4_1719,3,0,-1.5673744309092348,1.0,0.976934857857677
4_172,5,2,1.007660149056498,0.0009801496000000018,0.49789197909715854
4_1720,7,0,-0.8246186772350934,1.0,0.9302281915279172
4_1723,2,0,1.4116395013313325,1.0,0.34565831460522545
4_1724,1,0,-1.137868012329382,1.0,0.9470344970195731
4_173,46,4,1.1082526465699332,0.001167366492986023,0.7582436081872646
4_1732,1,0,-1.0588295792544513,1.0,0.9398548496089203
4_1734,3,0,-0.768628653732179,1.0,0.9130248367853615
4_1737,1,0,-2.0952445373200916,1.0,0.9913970708007994
4_174,1,0,-0.26481186001782187,1.0,0.8208621376972152
4_1741,21,0,2.59854606976987,1.0,0.19427329014009886
4_1746,1,0,0.4281574672071866,1.0,0.6422777523008464
4_1749,4,0,1.6232888041632958,1.0,0.30297563640786407
4_175,1,0,0.9612802013974107,1.0,0.47538739284994236
4_1753,25,3,1.6222821906016998,0.001950676889738825,0.48178521290170284
4_1755,2,1,2.6654276027923256,0.01990000000000002,0.08130146859955589
4_1758,18,1,2.254954305880281,0.16548623854991254,0.2508569595669454
4_176,16,0,-1.1331824087355744,1.0,0.9691034331853032
4_1764,4,0,1.6699389061335523,1.0,0.29019837844482443
4_1765,1,0,1.446140893120291,1.0,0.32656041059426466
4_1770,6,3,3.5531683910267686,1.955359000000005e-05,0.02353700126586178
4_1773,14,1,1.410701710907386,0.13125418723102178,0.4533277538219346
4_1777,19,2,0.9495845843798815,0.015273761488896639,0.6325550275090985
4_1778,6,0,1.791069417179501,1.0,0.27459711813138254
4_1780,1,0,0.9350600759419734,1.0,0.48374038524236884
4_1781,4,0,1.3321636978925298,1.0,0.3877039068598447
4_1784,1,0,-1.840423131685252,1.0,0.9853164187504029
4_1785,2,0,0.9013730379528487,1.0,0.5038404257228217
4_1789,2,0,-1.1091982112168501,1.0,0.9465303535309083
4_1792,1,0,1.8088446590164862,1.0,0.22981667755710022
4_1793,4,0,-0.017317694326906895,1.0,0.7833027507821915
4_1795,3,0,2.0799371182302555,1.0,0.1831354173357823
4_1796,31,2,2.4956500012032823,0.03838951459523551,0.28547961519122933
4_1797,3,0,0.7209529370807367,1.0,0.5699282897107889
4_18,4,0,-2.067583848010258,1.0,0.991959642309879
4_1801,14,0,0.5484523447701726,1.0,0.7070517036410976
4_1803,52,1,1.2672937083848679,0.40703355359850063,0.7524048716543608
4_1804,5,1,3.09957771521,0.049009950100000046,0.04878998101473364
4_1808,5,0,1.3335151379577144,1.0,0.39645917599040337
4_181,1,0,0.433014136342245,1.0,0.6408270718772285
4_1810,6,0,2.1719128515006094,1.0,0.1844145409669229
4_1811,2,0,-0.36221221678525245,1.0,0.8453606909800246
4_1812,7,1,0.28879245551782223,0.06793465209301006,0.7270948153109215
4_1816,2,0,0.00858769286108581,1.0,0.7646066825935538
4_1819,41,1,2.3703042437037998,0.33771795901601653,0.390327321839527
4_182,1,0,1.3286281200494905,1.0,0.361119836846002
4_1822,5,1,0.6567053989752507,0.049009950100000046,0.6071002604866096
4_1830,5,3,3.3748402879387367,9.850600000000027e-06,0.03046516531058452
4_1833,1,0,0.9350600759419734,1.0,0.48374038524236884
4_1834,1,0,0.9350600759419734,1.0,0.48374038524236884
4_1835,1,0,0.8022553927333015,1.0,0.5260814747995313
4_1839,1,0,-0.26923298332879336,1.0,0.8217854649698361
4_1840,111,3,5.132621041618469,0.10069344339457832,0.15877777872905052
4_1848,28,2,2.2085671247380025,0.03182475277917828,0.3378677918399422
4_1849,2,0,2.2256118412000396,1.0,0.14782068959994477
4_1851,2,0,1.3410320099197206,1.0,0.36662973625758877
4_1852,5,0,-0.1554027738994316,1.0,0.8193444305859354
4_1853,18,0,-1.1254930701549273,1.0,0.9708286540964016
4_1856,11,0,0.9259092459499288,1.0,0.5759857442532043
4_1857,27,3,2.17069974728161,0.002444106570594271,0.3404598111435566
4_1858,3,0,-0.2472580820663632,1.0,0.827774254976589
4_1859,3,0,-0.23091152205929558,1.0,0.8244400992712277
4_1860,3,1,0.28917630206984646,0.029701000000000026,0.6981981533775471
4_1862,4,0,1.1618878705170694,1.0,0.44020057608590013
4_1863,23,0,-0.7149107086931596,1.0,0.9516863231421886
4_1864,6,2,1.5483893492663063,0.0014604476050000025,0.34163926780848164
4_1866,1,0,0.8286256660641779,1.0,0.5176822690118863
4_1870,1,1,2.8114173566450065,0.010000000000000009,0.061644647071186554
4_1871,1,0,0.2118457950089935,1.0,0.70454498064989
4_1876,4,0,1.8400222558433426,1.0,0.24588365374920795
4_1886,1,0,-0.9735285456286363,1.0,0.9312743158879639
4_1889,1,0,0.028755113875812928,1.0,0.7529865194606651
4_1890,3,0,0.9998505433539079,1.0,0.4819005343918167
4_1893,34,1,3.391799495110353,0.2894467727277079,0.12402127101642091
4_1894,13,0,0.19530569525319882,1.0,0.787195642163173
4_1896,1,0,-0.31724793514462163,1.0,0.8316192571861338
4_1898,1,0,1.4312378891022302,1.0,0.33086916225895036
4_1899,1,0,-0.24204486414794324,1.0,0.816059861057248
4_1900,1,0,-1.6726724278007254,1.0,0.9795423906343388
4_1902,11,1,3.3624102661151265,0.10466174574128365,0.04492021629537046
4_1903,10,0,1.5778736459238811,1.0,0.3682071228036832
4_1904,4,0,-0.27555271370265877,1.0,0.8383997081998391
4_1905,4,0,1.273812032702482,1.0,0.4055149424432022
4_1906,5,0,2.1226372349431033,1.0,0.18794960044344888
4_1911,4,0,0.4171428148189082,1.0,0.669789031370298
4_1914,2,0,1.9633759507139934,1.0,0.20134766757079525
4_1916,1,0,1.8570986517829942,1.0,0.21827423236444665
4_1917,23,0,-0.22727991297270672,1.0,0.90264259493032
4_1918,7,0,0.7475615888212863,1.0,0.5964455253342427
4_1922,37,4,1.3800395325201693,0.0005074083897026835,0.639732206660218
4_1928,1,0,-1.7263953042532316,1.0,0.981571530008169
4_1929,3,0,0.14558227657196546,1.0,0.7367332058608316
4_193,5,0,0.5571613401483446,1.0,0.6369627317609341
4_1932,1,0,1.5407855558343904,1.0,0.2997536096292307
4_1934,1,0,1.5961507513743878,1.0,0.28454928508923716
4_1935,6,0,-1.3555769870832846,1.0,0.9697583063356037
4_194,3,0,0.960312983674377,1.0,0.49442584120867983
4_1941,6,0,0.4403914724295023,1.0,0.6786525697395486
4_1944,1,0,-0.12997475478708614,1.0,0.7912709877520683
4_1947,3,0,2.065323041154552,1.0,0.18623124430559002
4_1949,25,1,2.3333680934226977,0.2221786406008534,0.28283338523824864
4_1950,1,0,1.2874966973500315,1.0,0.3735073439969814
4_1952,1,0,2.0729990497591366,1.0,0.17088598183952186
4_1953,5,0,1.4191863564157925,1.0,0.37064177328770265
4_1956,1,0,0.9850001444702771,1.0,0.46784009573691954
4_1957,12,1,3.582245732348076,0.11361512828387083,0.032958145700441865
4_1960,1,0,1.1450878693310462,1.0,0.4173383326921908
4_1962,7,0,0.5025541956232012,1.0,0.6687120090329945
4_1969,1,0,1.0929476620107088,1.0,0.43367880029560535
4_197,6,0,0.47687401296078147,1.0,0.6683003238645806
4_1970,1,0,1.1468685803032312,1.0,0.4167826130883078
4_1972,49,6,4.897625594213402,9.671446244328493e-06,0.02887113884563286
4_1973,2,0,0.7388725498274414,1.0,0.5553317296004572
4_1978,3,0,1.2516837720996956,1.0,0.4030508445630545
4_1980,4,0,2.8114590736850342,1.0,0.07258335639973756
4_1982,4,0,-0.08973009860679357,1.0,0.7997538312935455
4_1984,1,0,-0.6948851176697274,1.0,0.8966235206232851
4_1986,1,0,-1.954781378552195,1.0,0.9883951130009295
4_1988,1,0,1.446140893120291,1.0,0.32656041059426466
4_1989,12,1,3.538417895100705,0.11361512828387083,0.03552664613628709
4_199,1,0,-0.48739392195817227,1.0,0.8635991560732132
4_1992,6,0,-0.6709298619813492,1.0,0.9096295393348276
4_1998,1,0,1.4568814767286475,1.0,0.32346933858842486
4_2,1,0,1.9397738006227385,1.0,0.1992949386560019
4_20,20,1,2.545266392403795,0.1820930624027693,0.19898335362373842
4_200,27,0,1.9672225345535976,1.0,0.39714361207829696
4_2003,16,1,1.4409760097606372,0.1485422289051245,0.4613899128796044
4_2006,1,0,1.1337795766111491,1.0,0.4208712049673047
4_2007,1,0,1.068532717961588,1.0,0.44137125226170415
4_2009,6,1,0.5195749619179114,0.058519850599000056,0.6560187349855662
4_2012,24,1,-0.5185754271556654,0.2143218591927812,0.9370563676280473
4_2013,1,0,-0.8833859117243418,1.0,0.9212119128087316
4_2014,5,0,2.827694909200186,1.0,0.07464142867817003
4_2017,34,2,0.80519421500432,0.04541839164429414,0.7646242706892914
4_2019,1,0,0.7504510078607002,1.0,0.5425445238465638
4_2020,2,0,0.5617385151783563,1.0,0.6103856026551908
4_2022,3,0,2.087537187932791,1.0,0.18153819221869383
4_2024,21,3,2.405897293653779,0.001162133782775636,0.23657741910929486
4_203,4,1,-0.1879572955604261,0.039403990000000035,0.8208298054723138
4_2031,1,0,1.491173687444257,1.0,0.3136823500216078
4_2032,1,0,1.8244631265614288,1.0,0.2260437743205148
4_2035,1,0,0.8224575096601493,1.0,0.5196477320901459
4_2037,1,0,-1.0490367601338484,1.0,0.9389146062777233
4_2038,3,0,0.6360522042358242,1.0,0.596246219429706
4_2039,6,0,2.221298795280976,1.0,0.17424233165629877
4_204,2,0,1.0440540929190316,1.0,0.45854744296664984
4_2041,3,1,2.3466923180607058,0.029701000000000026,0.1323374446156962
4_2042,13,1,-0.4804459753587928,0.12247897700103212,0.9061055258618687
4_2046,2,0,1.5886704739815658,1.0,0.29523080866161566
4_2047,10,0,1.974372083871776,1.0,0.25953882245530147
4_2048,5,1,3.1949893479027627,0.049009950100000046,0.04163487233610119
4_2057,1,0,1.6494811979355672,1.0,0.2702613100704323
4_2058,1,0,1.261742296099352,1.0,0.3813317974307562
4_2064,5,1,2.822088974107859,0.049009950100000046,0.07526758664183997
4_2066,1,0,1.0856762314697526,1.0,0.43596733106115493
4_207,5,0,-1.394621780787349,1.0,0.9706973643620925
4_2072,2,0,-0.005828781702418019,1.0,0.7681262496509595
4_2074,2,0,-1.2333768327775654,1.0,0.9564666113474549
4_208,2,0,2.2923124979476888,1.0,0.13588661886405817
4_2080,2,1,3.15101290823729,0.01990000000000002,0.03726104314686007
4_2081,1,0,-0.09275616006034093,1.0,0.7826219877726746
4_2082,7,2,3.6937432105959034,0.0020310416349400033,0.01936486305077878
4_2083,4,0,-0.5945713746229875,1.0,0.8926130425836041
4_2084,2,0,-0.36950937249729104,1.0,0.8467403553330506
4_2085,25,1,-0.260570786291629,0.2221786406008534,0.9122014523984006
4_2087,1,0,0.5282658363863347,1.0,0.6119889314910438
4_209,2,0,-0.33511144237466556,1.0,0.8401651464303241
4_2090,1,0,-0.5068221688648268,1.0,0.8669671045800402
4_2093,1,0,1.604172475537488,1.0,0.2823772845464967
4_2100,24,0,1.6164232446560751,1.0,0.4754466747462234
4_2102,1,0,-1.5555576324334284,1.0,0.9744561601497767
4_2103,4,0,0.40520483194605605,1.0,0.6732065575189646
4_2106,90,7,3.6430171532334614,3.6183538435413886e-05,0.36408954027893414
4_211,13,1,0.06206987162879267,0.12247897700103212,0.8157636815946079
4_2110,52,1,2.009739298418976,0.40703355359850063,0.5665860307485361
4_2112,32,0,0.9317499636075351,1.0,0.7239809338209501
4_2113,1,0,1.746442168046876,1.0,0.24523755100402878
4_2116,141,13,4.528522849050938,2.4041012759418808e-09,0.3790303270046026
4_212,14,3,2.3577148169642843,0.0003351416785493981,0.1992253879091186
4_2121,2,1,2.849724267654182,0.01990000000000002,0.06138387959825897
4_2124,1,0,-0.7460375701430818,1.0,0.9037887580345461
4_2125,3,0,1.8174018759365034,1.0,0.24355764270114655
4_2127,5,1,1.8342701731599724,0.049009950100000046,0.25532286080104327
4_2128,1,0,-0.2939464803375586,1.0,0.8268913465202803
4_213,15,4,1.7749645416649462,1.2497585244726261e-05,0.35409490722200265
4_2130,1,0,-2.601518718453361,1.0,0.9973408833985796
4_2131,1,0,1.6098770230247408,1.0,0.28083756204172927
4_2135,1,0,0.25560067129329966,1.0,0.6923530131317763
4_2146,3,0,-0.43317861123131385,1.0,0.8628282553860183
4_2147,14,1,1.192795541607083,0.13125418723102178,0.5199603354002315
4_215,9,0,2.353845975767203,1.0,0.16730638343525484
4_2153,21,1,0.029321493546075404,0.1902721317787416,0.857732163050718
4_2155,3,0,-0.4761747514185425,1.0,0.8701866194459135
4_2156,1,0,0.7904652992420909,1.0,0.5298332178520553
4_2157,3,0,-0.07414300367961427,1.0,0.7904177325012911
4_2158,50,4,2.30642119193241,0.0015961730907328743,0.4713421249226506
4_216,7,2,1.1323192408135654,0.0020310416349400033,0.47700367171007296
4_2160,95,5,3.790992966552685,0.0027515899635285742,0.35410323868815163
4_2164,35,1,2.492493572684372,0.29655230500043084,0.3146934983441312
4_2166,16,1,1.8102898971264243,0.1485422289051245,0.35241478667548676
4_2167,4,0,0.1741331381747763,1.0,0.7362343913494678
4_2168,2,0,0.8665637255658108,1.0,0.5149052400990607
4_2169,1,0,-1.2287658736494262,1.0,0.9544322556579001
4_2170,3,0,1.9961337030976456,1.0,0.20132400271280815
4_2171,4,0,1.2903098052277018,1.0,0.4004576056991572
4_2172,31,2,1.8412406638827727,0.03838951459523551,0.4649189340749912
4_2176,7,0,2.9556371998983453,1.0,0.06837259212316849
4_2179,5,0,2.656828200243171,1.0,0.09557539613628463
4_2181,105,5,3.467778861923716,0.0042262419998435495,0.4810361467728762
4_2182,2,0,0.985902378435848,1.0,0.47697571202906774
4_2188,4,0,-0.32369819989640874,1.0,0.8475613569958231
4_2189,17,0,3.261546011570388,1.0,0.0720230644393578
4_2190,1,0,1.7028064575247375,1.0,0.256342688666396
4_2191,58,1,3.9918716588326664,0.44173386145213633,0.13774902257658495
4_2192,31,1,2.5789750481272185,0.2676966303456026,0.2651403319879688
4_2193,1,0,1.8586676612467232,1.0,0.21790461564830355
4_2194,4,0,0.6163130879287386,1.0,0.6108750037157137
4_2196,1,0,0.09276733747596838,1.0,0.7365461476383977
4_2197,2,0,0.13752775609680404,1.0,0.7318544190852636
4_22,44,4,2.124289786123912,0.0009866158160786334,0.4804263498574246
4_2202,2,0,0.8003794442751995,1.0,0.5359045411236264
4_2203,3,0,-0.6622247226575869,1.0,0.8988603994775077
4_2205,22,2,3.1457569018693317,0.020229279452277163,0.10570781500491089
4_2209,4,0,-0.911242427036428,1.0,0.9320623688458115
4_2210,5,0,1.4642966673824889,1.0,0.35727007566186264
4_222,1,0,1.5903345087589404,1.0,0.28612909222140326
4_2220,1,0,-0.9251755488571888,1.0,0.9260075296584024
4_2221,1,0,1.4460133693619048,1.0,0.32659718329338316
4_2223,3,0,1.8745909417309037,1.0,0.22954707313044942
4_2225,9,1,1.4307544958965543,0.08648275251635919,0.4031455804048376
4_2226,3,0,0.19601460096232723,1.0,0.7234895279436835
4_2230,1,0,-0.15922541629162995,1.0,0.7979237900787102
4_2232,3,0,0.0034416600857318912,1.0,0.7722366156033706
4_2233,42,0,1.0923822264393488,1.0,0.74150047062321
4_2234,2,0,1.1020207845264522,1.0,0.4402660225578202
4_2235,3,0,1.34444228775961,1.0,0.3748056110575483
4_2236,21,1,3.5867641496648064,0.1902721317787416,0.05418704061498525
4_2238,1,0,2.236774958472917,1.0,0.13970937981375287
4_224,1,0,-0.7593052127224017,1.0,0.9055861588563698
4_2240,11,0,1.5796219498899775,1.0,0.37642568935091913
4_2241,12,1,2.44926658587901,0.11361512828387083,0.1675736572536557
4_2242,7,0,-1.0757484249843117,1.0,0.9529835743060261
4_2243,4,0,0.6661311260514604,1.0,0.5956670864311955
4_2244,21,0,2.6643106337487192,1.0,0.18095781542712996
4_2246,1,0,-0.44574939481212195,1.0,0.8561847911512354
4_2247,4,0,0.3592501768258786,1.0,0.6862249686452562
4_225,1,0,1.6367431252311158,1.0,0.2736411714489593
4_2251,10,1,2.8576099809693796,0.09561792499119559,0.09155691630288021
4_2252,1,0,1.8088446590164862,1.0,0.22981667755710022
4_2253,1,0,1.0131564885699091,1.0,0.45889640934031994
4_2254,1,1,2.7214341379511278,0.010000000000000009,0.07089443713475085
4_2258,3,0,-0.219426803127952,1.0,0.8220732993116792
4_226,13,0,1.157521787733876,1.0,0.5222066870756457
4_2264,1,0,1.6226665578363633,1.0,0.27740034585253026
4_227,4,1,2.9557993151544615,0.039403990000000035,0.05807667970212449
4_2272,3,0,2.027807849765853,1.0,0.19432572629468114
4_2273,12,2,2.898568014583969,0.006174537772824754,0.09495074685096605
4_2274,6,0,0.4879075544905668,1.0,0.6651435043999172
4_2275,2,0,2.5978552748956854,1.0,0.08971475248202043
4_228,1,1,2.844456241463491,0.010000000000000009,0.05849530958276383
4_2289,2,0,-0.1436245530231937,1.0,0.8002506415443178
4_2299,4,1,2.4606852876805996,0.039403990000000035,0.11919374493268253
4_2300,3,0,0.9176140120111503,1.0,0.5079584731509573
4_2302,1,0,0.48882372479813874,1.0,0.6240157350677404
4_2303,1,0,1.446140893120291,1.0,0.32656041059426466
4_2306,1,0,-0.8494889793156182,1.0,0.9171519569955808
4_2307,1,0,0.22545573146094638,1.0,0.7007765142906072
4_2308,2,0,1.245157885823197,1.0,0.39574403501228095
4_231,49,4,3.875212078160191,0.0014801343849199936,0.11819315953750986
4_2310,109,6,3.7002878815377827,0.0008416049843222633,0.442546638965151
4_2312,1,0,1.7372321174499379,1.0,0.2475597363454709
4_2315,111,6,2.6928067682797248,0.0009252865260725698,0.6900118055864697
4_2320,90,5,4.662638031761672,0.0021742761666277764,0.15926980576032668
4_2324,16,1,2.7255604366086894,0.1485422289051245,0.14065447559970434
4_2325,8,0,1.172333710249412,1.0,0.4735714565301403
4_2332,1,0,0.8357583533347421,1.0,0.5154089284708179
4_2334,30,0,-0.23151359502822086,1.0,0.9210793252087959
4_2335,1,0,-0.40490693574185593,1.0,0.8486536948526828
4_2336,2,0,2.068005311807399,1.0,0.17873164533632435
4_2337,61,3,3.4612685031087995,0.02340829585406519,0.24973052926873462
4_2339,1,0,-1.2823166201808989,1.0,0.9583861493052729
4_234,217,16,4.4131463965996245,9.864735426532677e-10,0.5926307062612669
4_2340,1,0,0.18981135200581192,1.0,0.710599380425199
4_2341,4,1,2.6816100926737123,0.039403990000000035,0.08787051269995094
4_2344,2,0,-1.1512205612243507,1.0,0.9500766196438937
4_2348,1,0,0.74043019957738,1.0,0.5457215358954585
4_2350,1,0,-0.025468090900813978,1.0,0.766471284737803
4_2355,1,0,0.7644562145940745,1.0,0.5380997779238024
4_2358,4,0,1.0794030309549105,1.0,0.4660758874481701
4_2362,3,0,0.23885720592043552,1.0,0.7119881469448927
4_2363,6,0,0.9624573721398113,1.0,0.5211738082521286
4_2370,3,1,2.856680369877755,0.029701000000000026,0.06418263871082319
4_2374,14,0,1.4441666166661207,1.0,0.44316362520440045
4_2376,2,1,2.623571451665187,0.01990000000000002,0.08643966100330314
4_2377,2,0,1.515598144921369,1.0,0.31563976944745253
4_2378,1,0,0.6246056660625434,1.0,0.5821796960023029
4_2380,6,0,2.7674116349719835,1.0,0.08576713040129003
4_2382,13,0,3.6101981602336557,1.0,0.03338656032262344
4_2388,1,0,-0.5001638647295785,1.0,0.8658193733468036
4_2392,33,1,3.467581660130575,0.2822694674017251,0.1089117003723794
4_2394,1,0,1.8064306346680628,1.0,0.23040295557972434
4_2395,38,4,2.2176259838833126,0.0005626183754617408,0.4106228971973622
4_2396,140,16,1.5789662944676301,1.3257336790963668e-12,0.920304534299557
4_2397,18,1,-1.0771491404392568,0.16548623854991254,0.9683040858313066
4_2399,8,0,0.8216834592324044,1.0,0.582355984785685
4_2403,149,9,2.9253420814655238,2.218149577577932e-05,0.7544020126251705
4_2404,131,10,3.153289426646223,9.60376395926454e-07,0.6590660528030097
4_2405,130,9,5.159955584516345,7.420556808340189e-06,0.2146260029560907
4_2407,1,0,-0.5732169634940771,1.0,0.878042697855851
4_2408,3,0,0.865135430411464,1.0,0.5245764018847319
4_2409,1,1,3.3215131481201006,0.010000000000000009,0.0256484187856435
4_2410,3,0,0.5818599984183402,1.0,0.6128277477401748
4_2411,6,0,-0.45795115746845,1.0,0.8791756486383533
4_2412,13,1,3.0535769827045507,0.12247897700103212,0.08008130352672027
4_2414,20,0,1.5170819714652033,1.0,0.4722292563550313
4_2415,1,0,0.0033773370926421437,1.0,0.7593490531512364
4_2416,2,0,-0.7327481174139494,1.0,0.9052506611421787
4_2417,1,0,1.3691171444243069,1.0,0.3490663515624113
4_2418,19,1,3.9571517556624154,0.1738313761644134,0.026391815115959227
4_2422,47,1,0.09512458694250533,0.3764746051088001,0.9231967614006118
4_2425,1,0,1.7512112170822869,1.0,0.2440397201630522
4_2428,5,0,1.5405338802941753,1.0,0.33507245969671506
4_2430,1,0,0.5620311440831212,1.0,0.6016065792565911
4_2431,115,6,7.268478820620981,0.001111718694226093,0.012262413993762156
4_2437,2,0,-0.9871942210946804,1.0,0.9350965423440081
4_2439,109,10,4.344089224070738,1.7323924973080363e-07,0.2944241025497425
4_2444,7,1,3.106830621771846,0.06793465209301006,0.05406788479866054
4_2446,1,0,-1.183198871838202,1.0,0.9508348304205798
4_2449,5,0,-0.08100154602158759,1.0,0.8034849638254101
4_2450,14,1,2.5642923584550754,0.13125418723102178,0.15792918761147912
4_2451,2,0,-0.5072816586647565,1.0,0.8712586492965129
4_2452,1,0,-0.26955466718814763,1.0,0.8218525296083623
4_2454,5,1,3.03135753538901,0.049009950100000046,0.054484326640336644
4_2455,2,0,0.8239657678062268,1.0,0.5284293640995806
4_2456,1,0,1.652286107560422,1.0,0.26951988234399293
4_2458,3,0,1.0460413254760748,1.0,0.46729099109693106
4_246,1,0,-0.036939179911801005,1.0,0.7692707878507654
4_2465,22,0,2.3863055430782074,1.0,0.2482196130759351
4_2466,2,0,1.7632195032433517,1.0,0.24911184075066717
4_2467,16,0,1.8568902879657332,1.0,0.3392991525161293
4_2468,1,0,2.0203371097910603,1.0,0.1817909078061276
4_2469,3,0,2.147738510457592,1.0,0.16919610445580857
4_2473,7,0,3.1948804212978033,1.0,0.04689830305022358
4_2475,1,0,-1.8472314715542437,1.0,0.9855176427570314
4_2476,1,0,0.5003570642720722,1.0,0.6205108160031332
4_2482,1,0,0.17864932717364443,1.0,0.7136439625207984
4_2485,3,0,0.7412867949527626,1.0,0.5635740190821596
4_2487,1,0,-0.09628427473532175,1.0,0.7834506378919889
4_2488,1,0,1.4990618015597525,1.0,0.3114491882713951
4_2490,5,0,1.7207114221855462,1.0,0.2849542725464578
4_2491,1,0,1.513784914227102,1.0,0.30729955885254434
4_2497,30,2,2.2849068645929584,0.036147998312240706,0.33250282923345453
4_2498,9,1,2.8016301147179536,0.08648275251635919,0.09442964728845804
4_2502,7,0,1.7770919539323788,1.0,0.28655303088405026
4_2503,19,0,2.0872046800226296,1.0,0.30082968899536766
4_2507,2,1,0.8916618543136557,0.01990000000000002,0.5069279760235126
4_2509,15,0,0.9145338471594229,1.0,0.6119438746626211
4_251,13,1,1.2621389835306602,0.12247897700103212,0.4900766847469189
4_2510,3,0,2.301089749702006,1.0,0.14025378329904337
4_2511,3,0,-0.08500954737083967,1.0,0.7928942278274631
4_2515,41,6,2.8572907859003185,3.3298401557115195e-06,0.265891239373484
4_2516,3,0,0.015271694046957312,1.0,0.7693884207172623
4_2518,2,0,0.7418581573789502,1.0,0.5543913947310555
4_2519,137,16,9.41298259548636,9.449062142791584e-13,0.0006532738044906505
4_252,3,0,2.3417190913858335,1.0,0.1331854932554979
4_2525,25,1,-0.3183469267692135,0.2221786406008534,0.9188532919864455
4_2526,1,0,-0.3957259630844139,1.0,0.846925310611349
4_2527,5,0,0.9748039634043492,1.0,0.508238976889398
4_2528,4,0,1.3497812775895994,1.0,0.38237064441102786
4_2530,1,0,-1.076766936292652,1.0,0.9415476540776783
4_2531,3,0,1.0283031073532354,1.0,0.47289722787406063
4_2532,20,2,5.049802851193075,0.016859337635651808,0.003123692466313055
4_2533,13,2,2.373746334638931,0.00724894367793522,0.18916869881294418
4_2534,1,0,1.0030775202219604,1.0,0.4620957783300671
4_2535,95,1,3.6073574130693693,0.6151039211065155,0.3980683621079716
4_2537,2,0,0.5656269715400369,1.0,0.6091963231714038
4_2538,7,0,-2.7687520159537944,1.0,0.9986616490459076
4_2539,7,0,1.6040288484641307,1.0,0.33442772486271966
4_254,13,0,0.6104607513677915,1.0,0.6833201065761803
4_2541,2,0,1.33594792451206,1.0,0.3681561582826317
4_2544,1,0,-0.22124612044497735,1.0,0.8116033712378177
4_2546,121,4,3.246671963004397,0.03385142853032739,0.6026220537927633
4_2548,1,0,1.5733264493501058,1.0,0.2907725708599854
4_2549,34,0,3.252733808031246,1.0,0.1458874451061153
4_255,10,0,2.6389792541724253,1.0,0.12275860059107091
4_2550,6,1,1.0600157620889892,0.058519850599000056,0.4905568131720548
4_2552,54,4,2.6223533834707053,0.0021237203712071847,0.4120519554007792
4_2553,1,0,-0.6030737925211278,1.0,0.8828060572670744
4_2554,3,0,2.611381679244302,1.0,0.09246995902849298
4_2566,8,0,2.709546405612477,1.0,0.10231984616445722
4_2570,1,0,0.9391483560119406,1.0,0.48243741155264364
4_2571,2,0,1.7298942121031038,1.0,0.2576116275644924
4_2573,3,0,0.09787071708688219,1.0,0.7489571893208548
4_2576,25,4,3.2669302655940236,0.00010692653379901661,0.10228259484621627
4_2577,7,1,0.1699846968030069,0.06793465209301006,0.7571773565136377
4_2580,20,0,2.130636613236098,1.0,0.29719324220613386
4_2581,3,0,1.8486673962531075,1.0,0.2358413739215297
4_2582,1,0,0.29051789840459913,1.0,0.6824679098293406
4_2583,42,4,4.177980219777669,0.0008264843165214276,0.061309940633169635
4_2584,34,3,4.834587109466637,0.004746994797058528,0.013841727325641928
4_2586,1,0,0.20707441872306814,1.0,0.7058609436181842
4_2588,1,0,-0.10074702588024818,1.0,0.7844961841328704
4_2590,1,0,0.19187969875665004,1.0,0.7100335471888392
4_2592,1,0,-0.7526725983506641,1.0,0.9046907414017099
4_2597,2,0,0.8929929130060319,1.0,0.5065048028315329
4_26,2,0,0.8280060739921039,1.0,0.5271477970952727
4_2603,53,2,1.5447584129785417,0.09869100146972073,0.693344174683253
4_2605,1,0,0.5970242953652479,1.0,0.590770345473129
4_2607,25,1,1.5454487300708908,0.2221786406008534,0.5045720317772444
4_2609,2,0,2.1292398754365873,1.0,0.1662688438249823
4_261,1,0,-1.8523401062037106,1.0,0.9856670680937766
4_2610,11,2,2.8878307087398998,0.005179717490315069,0.09200294896275674
4_2611,2,0,1.1691960744585679,1.0,0.4192411285092985
4_2614,3,0,1.1749123347931305,1.0,0.4268241195887075
4_2615,2,0,1.0695762606117578,1.0,0.45048516970175967
4_2619,1,0,1.6504876363268088,1.0,0.2699951587959325
4_2621,1,0,-0.3662209642393072,1.0,0.8412825196023302
4_2625,83,5,3.1779715930334165,0.0015211936287157202,0.4421915716641063
4_2627,3,1,1.37935316601065,0.029701000000000026,0.36433784755947707
4_2628,9,0,2.890157511233617,1.0,0.08333582101527415
4_2632,1,0,-0.09161642634968267,1.0,0.7823539071703551
4_2636,95,8,3.3271392887389357,5.611823577259838e-06,0.4675346137676203
4_2639,1,1,2.4204877386456385,0.010000000000000009,0.10962522873717251
4_2642,47,3,1.5791375820832265,0.01168584739977607,0.6502521571134668
4_2643,24,2,1.0242542046367848,0.02385443111830375,0.6480297042421121
4_2644,1,0,1.5305244751177298,1.0,0.3026114214027995
4_2647,68,2,3.189101897766633,0.1483238037632258,0.3535011792376511
4_2648,2,0,-1.1869450076209962,1.0,0.9529416073320627
4_265,3,0,0.21323896369309187,1.0,0.7188926823022704
4_2653,48,6,2.5652366660000205,8.559985217362771e-06,0.3868104008662774
4_2654,2,0,-0.17848271467775226,1.0,0.8079316785358783
4_2655,2,0,1.465887258770636,1.0,0.329857819778944
4_2656,1,0,0.3283382320492836,1.0,0.6716123728849132
4_2657,2,0,1.428612777362462,1.0,0.34068400506065044
4_2659,2,0,0.3969204639538735,1.0,0.6597161035498327
4_2663,10,0,1.4559978759518462,1.0,0.40443556338617914
4_2667,1,0,-1.1506853151613685,1.0,0.9481319364745528
4_2669,1,0,1.1369203120483657,1.0,0.41988934216070983
4_2671,24,2,0.5612934961788553,0.02385443111830375,0.7658491011911182
4_2672,5,0,0.47833648451709604,1.0,0.6600422735308948
4_2673,13,0,-0.08595232795102624,1.0,0.844549921051007
4_2674,16,1,1.327562602578073,0.1485422289051245,0.4958627785335228
4_2675,2,0,-0.23788430239999703,1.0,0.8205974427468739
4_2677,5,1,2.7770499872451486,0.049009950100000046,0.08044438052500369
4_2678,1,0,-0.5772653752095739,1.0,0.8786964340378152
4_2680,72,2,3.2144550360601962,0.1622876331628094,0.37063541229919295
4_2681,12,1,1.3209346725829372,0.11361512828387083,0.463272368013695
4_2683,44,1,2.3446103391210564,0.3573883979152819,0.41886775201848736
4_2684,40,0,1.7598871955414421,1.0,0.5550929770285156
4_2685,1,0,-0.15305378576750547,1.0,0.7965307701856976
4_2688,3,0,1.9341433958663228,1.0,0.21545016411430162
4_269,1,0,0.02346419357991894,1.0,0.7543204036641248
4_2694,1,0,1.5471446470383847,1.0,0.2979886977981454
4_2696,26,1,1.8991154001966117,0.2299568541948449,0.4087113236647357
4_2698,11,0,2.4725261829367393,1.0,0.15703203499479157
4_270,8,1,2.8208964600895543,0.07725530557207996,0.0876255730107085
4_2700,101,5,4.622739913346362,0.00358173873632348,0.20721504707821592
4_2703,34,2,2.4098217198280865,0.04541839164429414,0.32896564260786076
4_2704,1,0,1.3256520407638388,1.0,0.3620114477374956
4_2706,4,0,2.8140318483596736,1.0,0.07230248825182661
4_2709,3,0,1.6394902143730488,1.0,0.2899404164540311
4_271,4,0,0.5363659074810889,1.0,0.6349202911364145
4_2710,1,0,1.4339185765549454,1.0,0.33009244711882324
4_2715,2,0,-0.6101177599095434,1.0,0.8876879919307028
4_2716,1,1,2.3494567531957244,0.010000000000000009,0.12065335777550179
4_2717,72,2,3.2143104286966224,0.1622876331628094,0.3706715594837068
4_2719,69,2,2.5771728313474003,0.15179170683772275,0.5189489401427324
4_2720,2,0,0.7902769927547202,1.0,0.5391025775213831
4_2722,1,0,-0.7308433198155713,1.0,0.9016996042227776
4_2723,17,0,1.5130050456951876,1.0,0.44817545814077786
4_2724,3,0,1.7970023423222075,1.0,0.24866478525102087
4_2725,128,5,3.454611086321205,0.009606265320459065,0.5805559158850855
4_2727,2,0,0.5162017960299274,1.0,0.624233312967605
4_2728,1,0,0.634560464649223,1.0,0.5790692327260996
4_2730,34,1,2.467839708701728,0.2894467727277079,0.31388835677602633
4_2732,2,0,1.6933024091314268,1.0,0.26711509791681143
4_2734,50,0,4.583345286670178,1.0,0.04874548252826916
4_2736,1,0,1.482928381104957,1.0,0.3160239536739884
4_2738,1,0,0.9684287236517153,1.0,0.47311179586541663
4_2739,1,0,0.7228751693967449,1.0,0.551280042965333
4_274,2,0,0.8292645663929827,1.0,0.5267485509166576
4_2740,34,3,1.904839064742583,0.004746994797058528,0.46953178780675175
4_2742,3,0,-0.7831558665329199,1.0,0.9148376222125942
4_2744,1,0,1.2865852141820602,1.0,0.37378339521418424
4_2746,1,0,1.7851317197172265,1.0,0.23561176044333332
4_2747,19,1,0.9405293228446884,0.1738313761644134,0.6351327143993402
4_2748,2,0,0.8875139862122371,1.0,0.5082466234807413
4_2752,11,2,4.055183036017386,0.005179717490315069,0.01277377047365813
4_2753,1,0,1.8208858273843114,1.0,0.22690482679079915
4_2754,14,3,2.360033900739682,0.0003351416785493981,0.19872841520431306
4_2756,46,6,3.401292871344815,6.6464182114075335e-06,0.18095363076968196
4_2757,3,0,1.2371218089334306,1.0,0.4075355257401483
4_2758,7,0,-0.2950165717850041,1.0,0.8558897252887414
4_2759,7,2,4.543454238847202,0.0020310416349400033,0.00313208013296995
4_2764,8,0,-0.1334154777192383,1.0,0.8301710671241209
4_2765,2,1,2.8508511669463554,0.01990000000000002,0.061275037295349666
4_2767,7,1,0.43253863836161843,0.06793465209301006,0.6883874967558214
4_277,8,1,2.0834506323170534,0.07725530557207996,0.2180437953398353
4_2771,3,0,0.11732560980647387,1.0,0.744009259413213
4_2774,3,0,-0.5398894406428026,1.0,0.8805803980328161
4_2775,10,1,2.611820606495616,0.09561792499119559,0.12710175734129392
4_2777,1,0,0.08483893431328465,1.0,0.7386123004754733
4_2778,1,1,2.9282695719995773,0.010000000000000009,0.05107185544653481
4_2781,22,7,8.37856418079775,1.4950000972233536e-09,1.1443010472511617e-07
4_2783,4,0,-0.8343840951296846,1.0,0.9237077028938068
4_2785,1,0,1.1498830572991898,1.0,0.4158422425134003
4_2786,4,0,1.4165767667048197,1.0,0.3623597580964206
4_2788,1,0,2.0287163853515757,1.0,0.18002724234248946
4_2792,1,0,2.31651152330658,1.0,0.12602511636953106
4_2794,3,0,0.1004073340211317,1.0,0.7483149370406346
4_2795,1,0,1.444370266148193,1.0,0.32707113847128055
4_2796,4,0,0.4766411010363228,1.0,0.6525491297800984
4_2797,13,2,4.70050378290506,0.00724894367793522,0.0037601564774332186
4_2799,131,3,3.444763993265561,0.1443891910269959,0.5937218096053971
4_2801,1,0,0.2578516512466354,1.0,0.6917198499993922
4_2802,316,37,8.375572121801635,1.6313347476597116e-27,0.049115517291663524
4_2804,7,2,4.443469411380917,0.0020310416349400033,0.0039632100504857215
4_2806,23,2,5.2837547574532975,0.02201068076236393,0.002366704273275566
4_2807,2,1,2.7787427228967827,0.01990000000000002,0.06854892807130852
4_2808,80,7,4.155481425758573,1.6780911929040933e-05,0.20510682571045824
4_2809,1,0,2.2612704000658614,1.0,0.13540205842862718
4_2811,83,5,6.098399690964869,0.0015211936287157202,0.021009062790627087
4_2813,1,0,2.0203371097910603,1.0,0.1817909078061276
4_2814,54,6,2.484946961411738,1.711619570454165e-05,0.4492606975633219
4_2816,28,3,1.9251034373982603,0.002717121867743372,0.4171207446559384
4_2817,10,0,-0.9166501459215939,1.0,0.9454400382671351
4_2818,96,4,2.5384320354651733,0.016056627784093766,0.665686722872578
4_2819,1,0,-0.8511464595459685,1.0,0.9173540707251788
4_2823,81,7,3.6211598385217743,1.8209309705948178e-05,0.3223478700850013
4_2826,22,2,4.1713183165705265,0.020229279452277163,0.021751882222274754
4_2828,9,0,1.1390682071523224,1.0,0.49289439511189337
4_283,3,0,0.984644609069132,1.0,0.4867162624960595
4_2831,4,0,1.7274878612898876,1.0,0.2747930575411255
4_2832,2,0,0.4679136410309106,1.0,0.6387445516289476
4_2835,1,0,0.36946934292755196,1.0,0.6596401159114087
4_2836,1,0,0.7662258664135967,1.0,0.5375378040396328
4_2837,9,0,2.0660191069712885,1.0,0.22950689054367213
4_284,77,4,1.9014764634874362,0.007585060300484339,0.7272512014174679
4_2840,5,1,2.2931886543032345,0.049009950100000046,0.15383687831839987
4_2841,109,6,3.86677589742371,0.0008416049843222633,0.4024853194732929
4_2845,1,0,1.059652719375439,1.0,0.4441747383924034
4_2846,5,0,0.6307761526642579,1.0,0.6149478492417234
4_2848,1,0,-0.2868830622298631,1.0,0.8254416234522288
4_2849,3,1,3.3981242146304416,0.029701000000000026,0.025543937332398015
4_2850,3,0,0.8873241724366994,1.0,0.5175536284307628
4_2851,4,0,0.06873387163962537,1.0,0.7627723200231324
4_2855,1,0,0.23160675555588134,1.0,0.6990662262247423
4_2859,15,0,1.8048881736251616,1.0,0.3456116561210897
4_2860,13,0,0.4277359044727427,1.0,0.7316220123723269
4_2861,3,0,0.9604556137410131,1.0,0.49438063938446597
4_2862,1,0,-0.7284293535862931,1.0,0.9013646570575784
4_2865,11,1,1.4113597326966365,0.10466174574128365,0.42680779587484097
4_2868,2,0,1.173234891712532,1.0,0.4179837347942621
4_2874,42,0,3.3308599391014084,1.0,0.17306568104457365
4_2876,5,0,-0.6200647430013463,1.0,0.8996722795390797
4_2880,3,0,0.825430924956828,1.0,0.5371224841689721
4_2893,1,0,2.208175924422857,1.0,0.1448549944543167
4_2894,129,7,2.7770575469756222,0.0003454191511476148,0.7309405093042898
4_2899,1,0,2.2675078484774818,1.0,0.1343199496730294
4_2901,29,4,2.992631196921987,0.0001944605220856772,0.1649959599160099
4_2906,18,0,-0.8808772614065037,1.0,0.9561365583942637
4_2908,1,0,1.0174990162862592,1.0,0.4575187678439917
4_2918,6,1,0.506401993452095,0.058519850599000056,0.6598258664952295
4_2919,1,0,-1.241604501758885,1.0,0.9554066932903956
4_2921,2,0,1.9522629542692875,1.0,0.20384662182821112
4_2922,6,1,2.1757409014302973,0.058519850599000056,0.1836131001828103
4_2924,13,0,2.765363169013875,1.0,0.11849149415511862
4_2926,88,2,4.164592781811973,0.21998395452487748,0.23920945347801004
4_2928,1,0,-1.728999413765704,1.0,0.9816653700897698
4_2935,1,0,1.4692360331857681,1.0,0.31992879377096806
4_2937,1,0,-1.768384775497983,1.0,0.9830357414091264
4_294,65,1,-0.57570041082356,0.4796594773496936,0.9823900018112275
4_2941,4,0,1.069402577955406,1.0,0.46922500188975824
4_2942,3,0,1.1073629695701488,1.0,0.44796691410893685
4_2945,4,0,3.189328349094479,1.0,0.03953853038267363
4_2948,2,0,2.0365304354363563,1.0,0.18536061458154207
4_295,1,0,1.1951486936618019,1.0,0.4017823885845736
4_2950,2,0,2.850939611130197,1.0,0.06126650124207378
4_2951,1,0,-0.354120312486084,1.0,0.8389293446037246
4_2954,2,0,1.3257717888127534,1.0,0.37121763226029425
4_2955,2,0,-2.5955744810322416,1.0,0.9974193026868445
4_2957,1,0,-1.9786811195851424,1.0,0.9889624805573167
4_2958,1,0,0.12457795724399225,1.0,0.7281732655714247
4_2959,7,0,0.49261154087840187,1.0,0.6715362457811392
4_2960,1,0,0.9803649593691176,1.0,0.4693141126949769
4_2961,1,0,-0.09625027808795308,1.0,0.7834426618120507
4_2962,1,0,0.11923105979622264,1.0,0.7295898299922569
4_2963,1,0,1.493612769089532,1.0,0.31299110014042764
4_2964,1,0,1.4861014834030741,1.0,0.315121936289529
4_2967,1,0,0.39820554352722437,1.0,0.6511782776329882
4_2968,9,1,0.1967336987797375,0.08648275251635919,0.763263857517645
4_2975,1,0,-1.4450166817925838,1.0,0.968723355949195
4_2978,2,1,2.538083090626592,0.01990000000000002,0.09768190515326358
4_298,204,22,4.521135467845598,3.109619347140641e-16,0.5489336247295902
4_2982,11,0,1.647261521394292,1.0,0.3567009793485625
4_2983,1,0,0.1230098222622348,1.0,0.7285890971546309
4_2985,1,0,-0.9142221643959406,1.0,0.9247726766594899
4_2987,2,1,0.6341629541845809,0.01990000000000002,0.5880765945835471
4_2989,89,5,4.197453618413606,0.0020703629755668787,0.2371963448082055
4_299,1,1,2.806216424510962,0.010000000000000009,0.06215225332988272
4_2992,2,0,1.3488240901273825,1.0,0.3642943743748278
4_2994,256,17,4.907655980306166,1.4857726891829308e-09,0.5314359142260101
4_2996,10,2,3.4448153530822685,0.004266200242831427,0.03691947849018962
4_2998,1,1,2.8021267093327564,0.010000000000000009,0.0625536912385306
4_300,1,0,0.39820554352722437,1.0,0.6511782776329882
4_3002,5,0,-1.2595388489794632,1.0,0.9628291577081683
4_3005,1,0,-0.11990096504092948,1.0,0.7889502440832746
4_3006,1,0,-1.548949251487531,1.0,0.9741400870161756
4_3009,5,0,0.9664661613508186,1.0,0.5108640929351754
4_301,63,2,1.268791715579988,0.13124547516435983,0.7993190748090959
4_3010,5,0,1.7138776620917622,1.0,0.28678845593485824
4_3011,1,1,3.066061770980329,0.010000000000000009,0.04051611842976033
4_3013,131,15,5.240872722189497,6.4180149412824534e-12,0.20394744951024224
4_3014,7,0,2.21105792452416,1.0,0.1830193901412116
4_3015,7,0,1.8574308390726786,1.0,0.2654913007377926
4_3020,5,1,2.40669598119164,0.049009950100000046,0.13355960624373098
4_3024,1,0,1.6709638824007396,1.0,0.2646088864680821
4_3025,1,0,0.20462858544797177,1.0,0.7065344616149285
4_3029,2,0,1.5283277196431928,1.0,0.3120413099726814
4_3030,12,0,0.13356131549151873,1.0,0.7953198098888337
4_3031,2,0,1.1205624137527868,1.0,0.43444328306643587
4_3032,23,1,3.1234541954387143,0.20638571635634465,0.11331802030980453
4_3034,2,0,1.5879704930048844,1.0,0.2954234027215391
4_3039,136,10,5.9489432189656215,1.3528485093735454e-06,0.11682154372515563
4_3045,3,0,1.4718716799387745,1.0,0.337099963969809
4_3046,16,1,1.4311018749705116,0.1485422289051245,0.46438346280861886
4_3047,2,0,-0.6140054666813181,1.0,0.8882782703733436
4_3048,44,5,3.0880684959411693,7.84799641027036e-05,0.2326291789925049
4_3049,8,0,3.8491698911359857,1.0,0.015399331199991262
4_3051,11,1,3.83994488749972,0.10466174574128365,0.019402521684245833
4_3052,39,7,3.513041929537207,1.1617580688823e-07,0.12831304141561473
4_3054,1,0,1.6035023441898404,1.0,0.28255842684300747
4_3057,15,0,-0.13405888734690038,1.0,0.8615055324061829
4_3059,98,5,2.559185467657166,0.0031469925944083393,0.6693027381836102
4_306,1,0,-1.6373268193073232,1.0,0.9781065783260033
4_3060,9,1,3.681921062270484,0.08648275251635919,0.022736946052364315
4_309,4,0,0.4645556685651713,1.0,0.6560780170687973
4_31,5,0,0.08276226494103911,1.0,0.7657296872548671
4_312,11,0,2.0391775100988525,1.0,0.25112321339172816
4_313,9,0,0.5617844168189443,1.0,0.6672179121282034
4_317,1,0,-1.3855190879403696,1.0,0.9652210494369319
4_320,49,0,0.01683724803606671,1.0,0.9343303175177403
4_322,3,0,1.5104432429218508,1.0,0.32598222125629295
4_325,22,0,2.012421207587964,1.0,0.3446908316421905
4_328,16,0,0.8964478099099543,1.0,0.6250134900896922
4_329,2,0,2.775485370365836,1.0,0.06889259593912056
4_330,51,1,0.09953345653461579,0.401043993533839,0.9302859045467099
4_333,2,1,2.1214347181476128,0.01990000000000002,0.1678254254739615
4_337,1,0,1.8699955342870385,1.0,0.2152468027053649
4_338,2,0,-0.166419764306545,1.0,0.805294281038093
4_339,2,1,0.6014032710674247,0.01990000000000002,0.5982075787678669
4_34,4,0,1.796851420232749,1.0,0.2567775695927227
4_340,19,1,1.7232905702952424,0.1738313761644134,0.4025687437005576
4_342,336,24,6.630759136359209,1.4804967916367687e-13,0.208110044483504
4_344,39,2,2.847603839853874,0.05807465888566573,0.2552610852865729
4_345,28,0,2.503906328961627,1.0,0.2623651500619135
4_346,444,26,9.032830171997581,1.4157547600159518e-12,0.004873281017919506
4_347,67,1,3.465933233208549,0.4900142537504347,0.2819487669234174
4_348,42,2,0.23140133320792022,0.06618232221258309,0.8960884841581174
4_349,18,0,1.4293060515266758,1.0,0.4819197344147278
4_350,17,1,1.8015483204366072,0.15705680661607327,0.3632256778530837
4_351,56,1,2.760033588647107,0.4303987975228408,0.388632379659983
4_352,3,0,0.9798278364906507,1.0,0.48824217464253405
4_353,81,4,2.987442963368693,0.00903812886129144,0.4801488106911094
4_358,3,0,1.8691314908010828,1.0,0.23086476480071638
4_359,42,4,4.6119120437614685,0.0008264843165214276,0.03200484695231909
4_360,1,0,0.7939331324817649,1.0,0.5287299733990789
4_361,1,0,1.9244389993406077,1.0,0.20273818789288445
4_362,343,18,7.607936291778824,1.97109128615922e-08,0.09406952013651126
4_363,27,0,1.605157331608759,1.0,0.5027850987639197
4_364,25,1,0.5410105458236967,0.2221786406008534,0.7758858323123661
4_367,2,0,2.364056260629508,1.0,0.12380585868040905
4_37,37,4,0.6693291382136614,0.0005074083897026835,0.8076330406735764
4_371,5,0,2.2920761499274103,1.0,0.1540452061764762
4_373,172,12,6.5177361160684475,2.1584912474092165e-07,0.12018545188472962
4_374,5,1,2.0842530360543354,0.049009950100000046,0.19622689623501954
4_376,11,1,2.1551944249057677,0.10466174574128365,0.22337250979260248
4_378,14,1,2.3368298737635995,0.13125418723102178,0.20373460354838113
4_379,1,0,0.21424834164981613,1.0,0.7038813260615675
4_380,136,8,2.3904096633744594,7.57040978871436e-05,0.8165077393290991
4_381,1,0,-0.2268738970086782,1.0,0.8128157425451354
4_382,112,7,3.451476058047837,0.00014500074810911947,0.5167192664222668
4_386,1,0,2.0467003792977527,1.0,0.17627840101093295
4_390,3,0,0.9184435172460821,1.0,0.5076956139734735
4_395,2,0,-0.9488095561965768,1.0,0.9311313688991495
4_396,3,0,-1.2564659385041246,1.0,0.9596979588795377
4_397,2,0,-0.6276250163684614,1.0,0.890328641408944
4_398,1,0,0.9755061349879108,1.0,0.4708596995799922
4_399,46,2,0.748184725367008,0.07753104520738682,0.8299210842823745
4_40,38,3,3.370032178772763,0.0064969031304781205,0.14614884120573512
4_402,12,1,1.1269775702617888,0.11361512828387083,0.5229797101127808
4_404,85,7,3.3689967209972003,2.4964792687764627e-05,0.40483350233329485
4_405,73,2,-0.5259227453267097,0.16581484312843975,0.9844055565201649
4_406,27,2,1.6191790012862934,0.029745636285504362,0.4986487665268907
4_407,58,4,0.39592388458614514,0.0027606260549885154,0.9139399886285942
4_408,1,0,1.73629698538668,1.0,0.24779617198158488
4_410,63,7,3.7875907450506796,3.3888085411008414e-06,0.19455459489177418
4_412,1,0,1.3103531348170687,1.0,0.3666066171104445
4_413,15,0,1.381988816854741,1.0,0.470721096518416
4_414,1,0,1.2322405499380669,1.0,0.3903545304340569
4_419,1,0,0.7659795337463795,1.0,0.537616034409226
4_42,3,0,-2.389751928266824,1.0,0.9959461743740029
4_424,4,0,1.0203469463637225,1.0,0.48469667311461795
4_425,1,0,1.3110439663092581,1.0,0.3663987009179057
4_426,2,0,2.7089908407840557,1.0,0.07620198431712333
4_428,314,21,8.765924584357265,1.6352093436015848e-11,0.03232660562105516
4_43,26,2,3.4397391050311827,0.027723300751066573,0.08483476707209814
4_432,1,0,1.1301661980506454,1.0,0.42200143521230016
4_435,7,0,2.3025335182402262,1.0,0.16461191340283998
4_437,10,0,-0.06464247688597108,1.0,0.8263843337062011
4_440,4,0,0.4881549101306702,1.0,0.6491748048361847
4_450,12,0,0.2352470333517605,1.0,0.7723083391865164
4_451,104,4,4.964630908404863,0.02088856396981174,0.1614870067952895
4_455,1,0,-1.6732728230176719,1.0,0.9795660736975961
4_458,66,1,3.924502559164737,0.4848628825761967,0.18377493426344405
4_459,376,21,8.619311951776055,4.4724162939471914e-10,0.026690814171732802
4_46,214,13,3.1274425334500084,3.3845233377057336e-07,0.818654559244382
4_460,36,1,3.5505701625439308,0.30358678195042654,0.11008320492228174
4_461,3,0,1.4970880887886795,1.0,0.3298148183763765
4_462,1,0,1.160316817125942,1.0,0.4125911671628797
4_463,2,0,1.7478614656203642,1.0,0.25301035843714537
4_464,68,6,4.357519877518042,6.438109243778272e-05,0.12387593585359347
4_466,1,0,0.7750327631459576,1.0,0.5347399772485435
4_467,2,0,-0.8019825971429655,1.0,0.9142257801441231
4_469,7,0,-0.06508220272443947,1.0,0.8110184857868659
4_47,2,0,0.6184405824640342,1.0,0.5929465369970992
4_473,1,0,-0.788610999641007,1.0,0.9094683176501963
4_48,1,0,1.9055868004544492,1.0,0.20701958634126094
4_482,1,0,-1.6928291100530644,1.0,0.9803248806026036
4_49,1,0,1.3936473582300999,1.0,0.3418362458327171
4_490,14,0,0.5811450025726154,1.0,0.6983601677586313
4_493,24,3,3.267989130702864,0.0017294268470260496,0.09797296065242178
4_494,68,7,4.817766523491357,5.684741907910883e-06,0.07172673060941581
4_495,74,7,6.278511644995979,1.001550470442962e-05,0.010216582250783257
4_499,1,0,-0.26199159778888864,1.0,0.8202715722845724
4_50,1,0,2.259852866968175,1.0,0.1356488111871652
4_502,10,0,1.2574471249597443,1.0,0.4651103655809887
4_503,2,0,2.4796781051794343,1.0,0.10595632597349391
4_504,3,1,2.63360551780607,0.029701000000000026,0.08957874084819417
4_506,13,1,3.1666993673288393,0.12247897700103212,0.06789620412287889
4_509,44,1,2.5026464430563578,0.3573883979152819,0.3758191486681439
4_510,1,0,-0.8530842228235794,1.0,0.9175898914747369
4_513,1,0,-0.3381049505652112,1.0,0.8357800617297882
4_52,6,0,2.050499574012025,1.0,0.2109515638460311
4_522,1,1,2.733354193932939,0.010000000000000009,0.06961115662543504
4_527,46,4,4.692251938866484,0.001167366492986023,0.03441739339168637
4_528,26,2,2.679777276235908,0.027723300751066573,0.20904522259091296
4_529,5,0,1.4819599105937733,1.0,0.3520806333416364
4_53,52,4,1.7792261556310847,0.0018469347399827855,0.6283155225015556
4_532,10,1,-0.7642331236021985,0.09561792499119559,0.9310559330742016
4_533,9,1,-0.37831882872002925,0.08648275251635919,0.878022334784933
4_534,103,10,2.701853919887381,1.0121643995003672e-07,0.6572753884565632
4_535,1,0,-0.13789373734558333,1.0,0.7930847152141625
4_541,206,17,4.531550508631177,5.1686718091642154e-11,0.5502601957041855
4_544,243,17,3.8849398094154206,6.720909593086039e-10,0.7210220838360151
4_545,1,1,2.9603301121648777,0.010000000000000009,0.048438684143232824
4_546,6,0,0.18342296070390912,1.0,0.7473433404704345
4_547,99,9,2.9274395327386196,7.69913409026353e-07,0.5865409056005271
4_548,24,4,4.546563268186087,9.053764174621837e-05,0.012331366185173831
4_55,4,1,3.0088220964979424,0.039403990000000035,0.05335956441946421
4_550,1,0,0.48120399753468296,1.0,0.6263257495313456
4_552,1,0,1.3122215284925205,1.0,0.3660443861624283
4_553,5,0,1.2952780602090648,1.0,0.4081379513103922
4_554,1,0,-0.16539739999041425,1.0,0.7993111662047482
4_555,23,1,2.557364709555771,0.20638571635634465,0.21601486801101366
4_562,18,2,2.53663982662414,0.013756463740805566,0.18793705526984006
4_567,6,1,2.5048085033092433,0.058519850599000056,0.12289463973732107
4_568,1,0,-0.23095906974214686,1.0,0.8136927668973477
4_573,331,21,6.977935550428734,4.362041047494919e-11,0.16460854111509426
4_575,70,3,3.1098009884469042,0.0333454773282759,0.38527302265180663
4_577,73,3,5.329226535041411,0.03707167938293438,0.043531884427921885
4_58,59,6,4.416948725490624,2.8614117330284317e-05,0.08667348473601089
4_580,11,0,0.8555630683081608,1.0,0.5972133982364523
4_583,23,1,2.153334636375586,0.20638571635634465,0.3143449765416687
4_584,2,0,2.2504520389066216,1.0,0.14329676131228752
4_585,3,0,1.438728949546714,1.0,0.34676838057067294
4_586,17,1,1.5619900291552817,0.15705680661607327,0.4334689290480772
4_587,34,0,-0.5924011197232959,1.0,0.9586384349965833
4_588,1,0,-1.6121403591935908,1.0,0.9770322974157081
4_590,1,0,0.5211237028178239,1.0,0.6141750902166838
4_592,3,0,0.007827317101569833,1.0,0.771183042293561
4_593,16,1,0.6067999236484248,0.1485422289051245,0.7053141810069083
4_594,16,1,3.3201583795163403,0.1485422289051245,0.06285916811389425
4_596,9,0,1.5261004624899352,1.0,0.3746562298353586
4_598,10,0,0.73479077623917,1.0,0.6250026021993644
4_599,82,4,5.28722695567481,0.009427708298066547,0.06353971496449284
4_60,1,0,0.7166340318718202,1.0,0.553253829487399
4_600,27,1,3.706356848507885,0.23765728565289646,0.060961921047572476
4_601,1,0,0.3514275192031554,1.0,0.6649123656678089
4_602,5,1,-0.38205304314435334,0.049009950100000046,0.8625380594205686
4_605,1,0,-0.6741150059206059,1.0,0.8936061487301405
4_607,3,0,0.47696046669978276,1.0,0.6443222852234931
4_609,8,0,-1.2140960028040897,1.0,0.9640671009619561
4_611,1,0,1.0391855274386468,1.0,0.45064681269556295
4_612,15,0,0.8237752923041807,1.0,0.6382805657925564
4_614,4,0,2.918620634905858,1.0,0.06157533178395358
4_615,11,1,0.9419343483723437,0.10466174574128365,0.5711166455878806
4_616,4,0,1.4023873774573803,1.0,0.366581438843135
4_618,12,0,0.13545301719403854,1.0,0.7949047562489935
4_62,1,1,2.7217071650614812,0.010000000000000009,0.07086484180652142
4_623,37,2,2.444486963689407,0.05287802345257978,0.3415310224149939
4_629,3,0,1.847653101723967,1.0,0.2360895663722513
4_63,1,0,1.5554676219466004,1.0,0.2956859111757577
4_632,56,3,2.6980729019172993,0.018700509761571584,0.4050225982579425
4_633,3,0,0.7853069708885168,1.0,0.5497636549163858
4_634,7,0,2.8521338142273005,1.0,0.07973951277429014
4_635,5,0,1.277127041849932,1.0,0.4137112162049911
4_636,4,0,0.9930791899978778,1.0,0.4933081326424915
4_637,1,0,1.4694195495962832,1.0,0.31987632439383007
4_640,8,0,2.6542304056586574,1.0,0.11025286609628848
4_643,1,0,0.6143355732324435,1.0,0.5853832946510679
4_647,29,1,1.3810630911402666,0.2528279056684038,0.5835357077427094
4_649,2,0,-0.2654643757835002,1.0,0.8262953694760884
4_652,6,0,1.310589294899121,1.0,0.41260109020569535
4_654,7,0,2.5466886378741314,1.0,0.12156239689842818
4_655,85,3,-1.2582451198868616,0.053983631451358566,0.9969117771981527
4_656,1,0,-0.22091887548090722,1.0,0.8115327253636015
4_66,81,5,2.3897967016669406,0.0013645945005696031,0.6323819811221321
4_660,64,0,3.779299317207096,1.0,0.20096634580117656
4_665,1,0,-0.00023800435692331091,1.0,0.7602481499258031
4_666,1,0,-0.12786930836186966,1.0,0.790787193835367
4_668,1,0,0.9350600759419734,1.0,0.48374038524236884
4_670,112,4,2.598071847965622,0.02652364088354213,0.7136433647626996
4_672,2,0,1.0901269165449101,1.0,0.4440080201488026
4_676,1,0,1.4159847140361033,1.0,0.3353024739636383
4_677,29,1,-0.4405401765746535,0.2528279056684038,0.9394862257080343
4_682,1,0,0.39820554352722437,1.0,0.6511782776329882
4_683,142,10,4.494251210621506,2.0024659425846656e-06,0.39019047195013834
4_685,1,0,-0.23732302616100892,1.0,0.8150539292710014
4_686,8,1,2.097314714792377,0.07725530557207996,0.21486346268777423
4_687,11,1,-0.4371570616989367,0.10466174574128365,0.8939440772183131
4_688,8,0,2.1797007191194813,1.0,0.1965282684746652
4_689,371,31,4.494865636929228,5.504826135760758e-19,0.5535073587343965
4_690,21,0,0.9916903986626213,1.0,0.6354564558891529
4_691,1,0,-0.25789985081497946,1.0,0.8194125849117739
4_692,2,0,1.9773787345992295,1.0,0.1982251759096878
4_693,157,10,2.7715091321833905,4.9273791116267965e-06,0.7972639636897829
4_697,112,7,3.2376473769602168,0.00014500074810911947,0.5685753162705203
4_699,1,0,0.9308677086315704,1.0,0.4850767127505118
4_70,1,0,-1.1256203279062964,1.0,0.9459687003946311
4_700,91,2,2.552647818917933,0.23100925191118446,0.6404532688789816
4_701,112,6,4.600167085245026,0.0009694536455799354,0.25434366812187703
4_702,3,1,-1.171016188522821,0.029701000000000026,0.9534536408207162
4_706,3,0,0.5184067194153622,1.0,0.6319824490257931
4_708,2,0,-0.0862957834207831,1.0,0.7872234673167235
4_709,5,0,0.2899554053816639,1.0,0.7127006409736368
4_712,88,7,3.8205717220675033,3.1283184602470644e-05,0.31252944295421703
4_715,9,1,0.7171962058992525,0.08648275251635919,0.6221313769481719
4_718,1,0,1.865769623268603,1.0,0.21623610401026072
4_72,1,0,2.2499220178023682,1.0,0.13738613074588557
4_720,70,4,2.5329561793828996,0.005428857578574659,0.5365291834278657
4_721,50,2,3.5413237543445124,0.0894353130960309,0.1757554126032015
4_723,5,2,2.705847301908826,0.0009801496000000018,0.08917071378351404
4_725,39,2,0.7593032898532376,0.05807465888566573,0.7986917234925924
4_726,203,12,6.323093166725931,1.2612623907977965e-06,0.19619338087499893
4_727,1,0,1.4453894681129822,1.0,0.32677711548413413
4_729,46,2,0.25201641738888614,0.07753104520738682,0.9036690674954126
4_73,7,0,2.5160479071560458,1.0,0.12648295762572115
4_732,60,9,4.783845626266895,9.332430681581332e-09,0.05571117497188849
4_734,1,0,-0.7105267641306602,1.0,0.898854500748814
4_74,197,7,5.849869160329405,0.00395781499447643,0.2633987095599146
4_740,125,7,3.328557648665494,0.00028525408309379175,0.5986972028383055
4_742,27,1,1.7483893488549451,0.23765728565289646,0.46059632230565906
4_744,12,1,1.8938259333552876,0.11361512828387083,0.2964164105827838
4_747,138,1,3.9895934536731468,0.7501629435415473,0.4919364471256673
4_749,11,0,-1.490142812045652,1.0,0.9804752344969822
4_756,1,0,-0.8767375613708369,1.0,0.9204277352572368
4_759,1,0,0.5561236625754621,1.0,0.6034284736171682
4_761,63,6,6.034863685077082,4.170364050099274e-05,0.008695063363892253
4_762,3,0,-0.13958641299749297,1.0,0.8050680954637617
4_763,3,0,1.4789953220874326,1.0,0.3350355596761454
4_769,139,4,3.4676576378541544,0.05170102248227383,0.6157806611718045
4_774,70,1,1.4672701473647565,0.5051613403997931,0.7881205763277876
4_776,223,6,4.3310013203047495,0.025679466797106573,0.6174913763920538
4_778,2,0,0.49275033629745346,1.0,0.6313042069073699
4_78,139,7,4.2520395076900845,0.0005409529947763116,0.43452560849144317
4_784,5,0,-0.5717705238482124,1.0,0.8928008305322715
4_787,2,1,2.662271476048615,0.01990000000000002,0.08168069167709013
4_791,12,1,0.791449605840466,0.11361512828387083,0.6243096964092182
4_792,3,0,1.7448511050851816,1.0,0.2619761646335297
4_794,5,0,-0.026916167715602488,1.0,0.791443121329722
4_796,13,1,-0.5295514882098863,0.12247897700103212,0.9122858155128293
4_801,21,3,2.1940846126791334,0.001162133782775636,0.2884083623959559
4_802,131,7,5.692231998416973,0.0003790924480825487,0.13672116857943983
4_803,3,0,0.41106429622626134,1.0,0.6636293944056444
4_804,37,1,2.171536662311521,0.31055091413092223,0.4161084645789568
4_805,187,9,5.6762447135991225,0.00012858763281824528,0.27467350437891713
4_806,1,0,1.030840590661834,1.0,0.45328949432944177
4_807,4,0,-0.8823089348833645,1.0,0.9290042375404112
4_811,4,0,1.5523460338661772,1.0,0.3228732899570014
4_812,404,28,4.824876075521825,3.1484357613166025e-15,0.42262714651871514
4_815,80,5,3.2170152430677375,0.0012909117289302988,0.4156382008583758
4_822,26,4,1.351991895457927,0.00012536403735841477,0.5693983169043414
4_824,30,2,5.2198389649599175,0.036147998312240706,0.004864663299949723
4_825,3,0,0.8967688558785568,1.0,0.5145625900270197
4_826,13,1,0.18371793388559954,0.12247897700103212,0.7897784226221265
4_827,149,8,6.996768347309381,0.00014282806187879092,0.04836933199605509
4_828,3,0,0.23705946936909617,1.0,0.7124752676676712
4_83,1,0,0.23063787598455598,1.0,0.699335914868866
4_832,7,0,-1.5272614766208907,1.0,0.9787554724846064
4_837,3,0,1.880031845438511,1.0,0.22823806097800836
4_846,2,0,-0.7272324710812984,1.0,0.9045069414344431
4_847,1,0,0.5761172685747963,1.0,0.5972534772928185
4_850,1,0,-0.3803385810279818,1.0,0.8439992960143892
4_852,8,0,2.0374172668294785,1.0,0.22879613260928422
4_854,5,0,0.7281919899059963,1.0,0.5852472190724478
4_855,4,0,2.2552742238796677,1.0,0.15473038526147354
4_858,18,3,3.141435996458277,0.000729159843053951,0.08940756980618714
4_859,20,3,0.831988391329673,0.0010035761681001195,0.6726057104790057
4_860,2,0,-0.2688233758602732,1.0,0.8269813741639159
4_864,1,0,1.9959580975660918,1.0,0.18698338097456402
4_865,6,1,4.007356852243465,0.058519850599000056,0.00956333919789698
4_866,9,0,2.274932578121854,1.0,0.18317202006333444
4_868,8,0,1.2527132381424753,1.0,0.44861775496276546
4_875,1,0,0.29217152759033566,1.0,0.6819964483108253
4_878,41,1,0.039098476677534716,0.33771795901601653,0.9164786080235006
4_879,12,2,0.23258638884651295,0.006174537772824754,0.7729284194537451
4_88,1,0,0.8822162795718115,1.0,0.5005928556443138
4_880,28,3,1.1500705080132492,0.002717121867743372,0.6414136398284529
4_882,1,0,1.0120219050124697,1.0,0.4592564313651928
4_885,6,0,1.47547856025227,1.0,0.36293785876244744
4_892,6,0,1.6155125451441568,1.0,0.32246556437071705
4_893,2,0,2.017661098924618,1.0,0.18940694167292804
4_896,1,0,0.8412754154295444,1.0,0.513650174920691
4_897,1,0,-0.56889874074138,1.0,0.877342669537843
4_899,90,2,2.7433501952238397,0.22732987034138183,0.5893628425591412
4_90,296,15,2.210479090326737,4.5014168094773446e-07,0.9285689818194645
4_900,21,0,2.2528252448450994,1.0,0.27351309822748193
4_916,1,0,-0.4886183207299535,1.0,0.8638131162828431
4_92,7,1,1.4799036362114626,0.06793465209301006,0.37056915585650607
4_921,7,0,0.9083351591572916,1.0,0.5469798763684783
4_924,24,2,1.0825085253436846,0.02385443111830375,0.6317776411846774
4_926,2,0,-1.2305274213597361,1.0,0.9562566107259388
4_927,62,0,2.188995013525039,1.0,0.580360491965576
4_928,30,0,1.0320607942335374,1.0,0.6864258289425859
4_93,1,0,-0.4100563659891913,1.0,0.8496174089442865
4_936,17,1,1.9041089882093478,0.15705680661607327,0.33436299870103614
4_939,6,0,1.251749517663092,1.0,0.4307143833979544
4_940,1,0,2.256372346385572,1.0,0.13625597832887726
4_942,2,0,0.976082818015828,1.0,0.48009348282069964
4_944,82,4,1.7765017805653684,0.009427708298066547,0.7729144946366795
4_946,6,1,0.8776479193907496,0.058519850599000056,0.5476949505125264
4_948,6,1,2.355825646629164,0.058519850599000056,0.14838220076777164
4_949,1,0,0.7656504119911012,1.0,0.5377205546799501
4_950,4,0,1.9673842203905465,1.0,0.21524211098574253
4_952,209,12,6.630643120087771,1.7098041751785083e-06,0.16153852642201794
4_954,1,0,1.6733353556822097,1.0,0.26398862128669975
4_955,10,0,4.586677062934267,1.0,0.0037356216417494537
4_958,128,4,3.5485978338000397,0.04028568476771626,0.5585658404320777
4_960,2,0,-0.5872539305422155,1.0,0.8841714178490119
4_961,6,1,0.6285238872048226,0.058519850599000056,0.6239552364443485
4_962,9,0,-0.5020590988113561,1.0,0.8964583703101525
4_963,19,1,1.2850579783721787,0.1738313761644134,0.5338026635772931
4_964,6,1,-0.5866524020190831,0.058519850599000056,0.89834113941889
4_971,12,0,1.1575969338882337,1.0,0.5135538010780234
4_974,2,1,0.16894083679376196,0.01990000000000002,0.7235412891050841
4_975,1,0,-1.9383173248884265,1.0,0.9879896860482358
4_976,10,1,3.645986751444649,0.09561792499119559,0.02595000261163405
4_978,2,0,1.7662247787331662,1.0,0.24835273061511387
4_98,1,0,-0.5938330222933186,1.0,0.8813460816072356
4_983,1,0,-1.5482975253098852,1.0,0.9741087389900632
4_984,44,1,0.9726001615186841,0.3573883979152819,0.7778198579356741
4_989,2,0,1.69825791193066,1.0,0.2658177880196728
4_992,11,1,1.4408227961923907,0.10466174574128365,0.4178737089843658
4_993,1,0,-0.738809964884004,1.0,0.9027990950078877
4_995,78,3,2.3145796234867717,0.043733120886481534,0.6358949228545161
4_996,64,3,2.7014016656984268,0.02651229078139653,0.4553519915635281
5_0,151,14,4.460064496679687,5.484399967347556e-10,0.42846581246669946
5_1004,9,0,1.105205548500627,1.0,0.503425913935249
5_1005,110,10,3.14908676923626,1.888447513068558e-07,0.5813789229970041
5_1007,42,2,0.858484076322729,0.06618232221258309,0.7922139689682636
5_1009,1,0,-0.32953741319758967,1.0,0.8340790447471538
5_101,20,1,2.0925513094371584,0.1820930624027693,0.3072145440880173
5_1012,11,0,2.8573609547163685,1.0,0.0959613088927368
5_1014,6,0,2.038492917435099,1.0,0.21369221846049435
5_1015,17,1,2.0783299597298086,0.15705680661607327,0.2875770836222612
5_1019,4,1,-1.3441935776209055,0.039403990000000035,0.9666877477327095
5_102,1,0,1.6483606393205597,1.0,0.2705577945427424
5_1021,4,0,0.19670582827930624,1.0,0.7303602754550351
5_1022,21,1,0.3972498225346482,0.1902721317787416,0.7862417400006876
5_1024,93,2,1.1251087897811085,0.2383786116697114,0.9011880358324718
5_1028,3,0,-0.20738078025641254,1.0,0.8195693101975134
5_1029,6,1,1.289091594221717,0.058519850599000056,0.4191995454802643
5_1030,34,1,2.6105188995321185,0.2894467727277079,0.2781450796131275
5_1031,46,1,3.7693520560450944,0.37017636879676774,0.120890734712358
5_1033,1,0,-1.0770117867364573,1.0,0.9415704998151672
5_1035,1,0,-0.4240765318945406,1.0,0.8522205169104129
5_1036,190,4,2.710531947090163,0.12434906193496986,0.8519819946014606
5_1037,152,9,4.661883064941737,2.5968605210443487e-05,0.38669943889391756
5_1038,1,0,1.4773930801437345,1.0,0.317600095224857
5_1039,99,5,5.798687789218218,0.003287432231566452,0.05705094393051047
5_104,2,1,2.0350828857052305,0.01990000000000002,0.18566911227682936
5_1041,1,0,1.5635643436195732,1.0,0.2934536040839485
5_1042,54,4,-0.30253268028821895,0.0021237203712071847,0.9636260665888168
5_1043,40,4,0.08729173159651296,0.0006856064270094555,0.9087033765847843
5_1046,59,3,4.532939653816359,0.021455323007971386,0.07485448818523177
5_1047,20,2,-0.21214666281566202,0.016859337635651808,0.891536871626029
5_105,4,0,1.615311390398211,1.0,0.3051855856187199
5_1050,1,1,2.7613103459493864,0.010000000000000009,0.06667168383400457
5_1051,11,0,3.2883379938569295,1.0,0.050622605998499215
5_1052,143,5,3.0590295155530134,0.014935333564420996,0.7141885046282835
5_1057,245,21,6.766326068877711,1.413193975410465e-13,0.18126038967585423
5_1058,22,1,1.994903644215767,0.1983694104609542,0.34954232846237443
5_106,2,0,0.5137277328230956,1.0,0.6249812914235103
5_1060,3,0,1.884783722671786,1.0,0.22709826086845453
5_1062,1,0,2.0696554013538666,1.0,0.17156566400990447
5_1063,14,1,0.012685224327693107,0.13125418723102178,0.8305051376680627
5_1065,28,2,-0.3782633536975013,0.03182475277917828,0.9317858737151773
5_1066,15,1,-1.1680093138968126,0.1399416453587116,0.9698517073640325
5_1067,26,2,2.327456182700665,0.027723300751066573,0.29167946817943946
5_1071,5,0,-0.6203929715677531,1.0,0.8997178545556066
5_1073,2,0,0.590210470782853,1.0,0.6016542651440348
5_1074,4,0,2.2481645433416855,1.0,0.15607433813701466
5_1075,18,1,-0.6427333713116474,0.16548623854991254,0.9365972250703991
5_1076,3,0,0.40961176043398445,1.0,0.6640503795533688
5_1078,109,8,4.278325726803642,1.5500622975912417e-05,0.3085178298850332
5_1079,10,0,-0.056881897026143144,1.0,0.8248329796328187
5_1085,14,0,-0.867210642022975,1.0,0.9486352598572022
5_1086,27,5,6.096701024934038,6.718701953687921e-06,0.00045938654327315476
5_1088,2,0,-0.599693733575176,1.0,0.8860943012805911
5_1089,15,1,2.728476199780942,0.1399416453587116,0.1347486202459467
5_1090,2,0,1.0984095506220641,1.0,0.441401625310601
5_1092,3,0,1.9420210296893683,1.0,0.2136237746646099
5_1093,46,0,0.8694994259511859,1.0,0.8074529041758635
5_1094,2,0,1.1962349400354289,1.0,0.4108395350654176
5_1096,8,0,2.998035403100969,1.0,0.067581188153081
5_1098,1,0,1.230092094767564,1.0,0.39101398642684015
5_110,43,4,2.291362442396806,0.0009040580113535501,0.4264759704377894
5_1101,1,0,-0.9223332030793269,1.0,0.925688589720627
5_1103,1,0,-0.3381492474005959,1.0,0.8357888270269759
5_1105,3,0,2.7968206417276096,1.0,0.07037238974673699
5_1108,44,1,-1.4321657122593747,0.3573883979152819,0.9931373429197792
5_1118,7,0,-1.2398491777307343,1.0,0.964323983085718
5_1120,25,1,-0.5046426972811044,0.2221786406008534,0.9377223811593307
5_1124,20,2,2.080004231811225,0.016859337635651808,0.3105483242984396
5_1125,30,0,2.4824112247885086,1.0,0.28168283820760776
5_1127,87,3,1.2496503467677766,0.05710508163243512,0.8740363717440456
5_1128,101,5,2.2518712737321094,0.00358173873632348,0.7465103268829322
5_1131,2,0,-0.4302175975125404,1.0,0.8579015545780213
5_1133,2,0,1.0406733223087177,1.0,0.45961675806062563
5_1136,2,0,1.7410544657008138,1.0,0.25474847328961303
5_1137,3,0,-0.18291819559683536,1.0,0.8144166733351923
5_1138,1,0,1.5231950266074814,1.0,0.30466018951635276
5_1139,2,0,-0.18692381120880147,1.0,0.8097641418580592
5_114,2,0,2.185665004010431,1.0,0.1552944001048493
5_1140,2,0,-0.18692381120880147,1.0,0.8097641418580592
5_1142,1,0,0.3300343597398042,1.0,0.6711220343342359
5_1144,1,0,-0.7392631845817865,1.0,0.9028613722637902
5_1146,4,0,-0.9882080337339882,1.0,0.9397024349181295
5_115,5,0,0.433650625490603,1.0,0.6728709833469327
5_1150,1,0,-0.5110106491207476,1.0,0.8676856253105963
5_1151,3,0,-0.91627184928964,1.0,0.9301511530765669
5_1152,2,0,1.0972467174894716,1.0,0.4417673973919146
5_1153,2,0,-1.207130968528327,1.0,0.9545012326641434
5_1156,1,0,-2.356623785805143,1.0,0.995219005085772
5_1157,1,0,-0.1814283092663523,1.0,0.8028878801098727
5_1160,2,0,0.9174802986287489,1.0,0.4987189044010075
5_1161,21,2,0.5579688628954963,0.01851167488332298,0.749387570114315
5_1163,1,0,-0.4985524931019703,1.0,0.8655405925101021
5_1164,3,0,-0.885132807946845,1.0,0.9267740360952883
5_1166,4,1,3.5105368561374872,0.039403990000000035,0.02219213711999235
5_1167,3,0,-1.0578210093571396,1.0,0.9440120428926884
5_1169,1,0,0.1385251429102855,1.0,0.7244609186028285
5_1170,18,2,0.1533057620792866,0.013756463740805566,0.8219514101043499
5_1172,1,0,0.11806701351881603,1.0,0.7298977333864723
5_118,2,0,0.1677606452509102,1.0,0.7238558846760075
5_1185,8,1,-0.348340056233452,0.07725530557207996,0.8692640937206484
5_1186,1,0,-1.2724440257023395,1.0,0.9576788749611249
5_1188,1,0,-0.8206572637833148,1.0,0.9135764639231772
5_1189,4,0,0.8119418964053654,1.0,0.5504010132594241
5_1190,1,0,-1.183554855015612,1.0,0.9508637889165485
5_1191,8,0,1.7561285197215262,1.0,0.30054252447146723
5_1196,3,0,0.99565503326416,1.0,0.48322902096193343
5_1200,59,5,1.6370580914024486,0.0003195684572613961,0.7028443756628253
5_1201,2,0,0.5174784252651388,1.0,0.6238471693911277
5_1202,363,19,6.7508188632653185,8.422500543239409e-09,0.17037071885808508
5_1203,13,2,-0.10216787026802077,0.00724894367793522,0.8475125322984949
5_1204,221,12,4.991339839557244,3.0472370498615094e-06,0.4766760346056277
5_1205,2,0,0.11382389445832529,1.0,0.7380430093019836
5_1206,10,2,3.4327788789642972,0.004266200242831427,0.03768098321809088
5_1207,12,0,1.384889396192802,1.0,0.44369948871979803
5_1209,3,0,0.6565781717476105,1.0,0.5899185353517635
5_121,3,0,1.0338548898420867,1.0,0.47114193425615536
5_1211,298,21,3.883276349011452,6.1162470583384925e-12,0.7320170809944645
5_1213,1,0,0.005349019847961141,1.0,0.7588579443988692
5_1215,114,9,3.110523701141649,2.5205650529929216e-06,0.6070199262068647
5_1216,4,0,1.5336606579781016,1.0,0.32820271641070553
5_1217,13,1,3.7699084071275317,0.12247897700103212,0.025221008484273222
5_122,3,0,1.4590400748374999,1.0,0.340830883711164
5_1221,37,0,1.2616018735820607,1.0,0.6711087940141833
5_1233,93,5,2.6499693449932566,0.0025088022507903634,0.6263071688212718
5_1234,15,1,0.5930175730251601,0.1399416453587116,0.7021230165218808
5_1235,211,7,2.7597493359835887,0.0057225812038842645,0.8637807154281714
5_1237,5,0,1.5687756002519782,1.0,0.32698858887766624
5_1241,24,1,1.9524395481076462,0.2143218591927812,0.3774600074956025
5_1242,7,0,1.0323548735673025,1.0,0.5082751811681214
5_1244,2,0,-0.8236328831871552,1.0,0.9168974658485423
5_1249,7,0,0.6713419579265956,1.0,0.619416900154832
5_1250,8,0,1.9286381425051926,1.0,0.25534981385644395
5_1251,1,0,1.6001984495883481,1.0,0.2834523138273948
5_1252,2,0,1.7622005840186663,1.0,0.24936949202590397
5_1253,18,1,1.0496812603645533,0.16548623854991254,0.5958825434426442
5_1255,1,0,0.23469387760121288,1.0,0.6982061960099388
5_1256,9,0,0.7436139767746015,1.0,0.6142784666883643
5_1257,1,0,1.153391570054087,1.0,0.4147483636143734
5_1258,6,0,1.0260052711812193,1.0,0.5012333036392154
5_1259,42,3,0.07010411325049974,0.008583853799733485,0.9153026373392168
5_126,74,1,4.774634241944683,0.524659957994293,0.09216598955275812
5_1260,167,9,3.808674140626636,5.41867590668736e-05,0.6216521949119576
5_1263,2,0,-0.18904825958033927,1.0,0.8102236374574648
5_1264,7,0,-0.5840230299642188,1.0,0.9012577605394583
5_1268,37,2,-1.361584052288543,0.05287802345257978,0.9901169130536571
5_1273,3,0,-0.5890698459759952,1.0,0.8881913319670789
5_1275,7,1,0.6554918789781972,0.06793465209301006,0.6241443561809606
5_1277,18,0,0.7252380476364855,1.0,0.6875347458073254
5_1278,7,1,2.330487446832226,0.06793465209301006,0.1592348347377044
5_1280,15,1,-0.7068992366761072,0.1399416453587116,0.9364489060610512
5_1281,24,2,0.7520294949314337,0.02385443111830375,0.7200565562971212
5_1288,2,0,1.0039815178644294,1.0,0.4712392980433453
5_1290,1,0,-1.5066569953575604,1.0,0.9720388937843562
5_1296,6,0,1.7682741964576563,1.0,0.2806102806827322
5_130,21,0,1.6884784777814044,1.0,0.42946008609619435
5_1301,1,0,-0.23542304671047753,1.0,0.8146481984452139
5_1303,1,0,2.0916602804112725,1.0,0.16712430690108615
5_1304,2,0,0.20131758429241975,1.0,0.7148429659660052
5_1306,9,0,2.951612548344078,1.0,0.07623103920297225
5_1307,1,0,0.03242691337554417,1.0,0.7520585561962441
5_1309,39,3,2.1709130191760586,0.006986481622766975,0.4310929370172447
5_131,1,0,-0.8605183005570473,1.0,0.9184899004562204
5_1310,2,0,-0.4365085388489565,1.0,0.8590258551938257
5_1311,99,3,4.578442117876965,0.07754322727795447,0.2073628690592586
5_1312,1,0,0.5445464693159563,1.0,0.6069923570518498
5_1313,19,1,2.9225879440843636,0.1738313761644134,0.12424838883427358
5_1314,19,1,2.22017272318392,0.1738313761644134,0.26677040238609817
5_1315,10,0,3.1110797148984957,1.0,0.0632280272390563
5_1319,36,1,0.6300723251748617,0.30358678195042654,0.8109017619184967
5_132,81,4,1.344336133909038,0.00903812886129144,0.8453772095862653
5_1321,9,1,2.545739289752701,0.08648275251635919,0.13253962167263977
5_1322,16,0,1.1978794690631893,1.0,0.5353037352175514
5_133,3,0,0.0019290685552361365,1.0,0.7725993536411315
5_1332,44,2,3.173013123098142,0.07178324143318462,0.21469127918471842
5_1335,3,0,-0.2538811658880484,1.0,0.8291135658718978
5_1336,7,1,0.7201673021071083,0.06793465209301006,0.6047446422840235
5_1337,11,0,2.439699433454873,1.0,0.1632234406644183
5_1339,2,0,1.3496461284462653,1.0,0.3640482933196688
5_134,1,0,-2.498015309620984,1.0,0.9965779530970664
5_1341,4,0,0.2626132770200737,1.0,0.712842644830364
5_1347,43,0,2.7487465104490907,1.0,0.3052273326322119
5_1349,1,0,1.547545008874166,1.0,0.2978777394198955
5_135,6,0,0.5342318808201957,1.0,0.6517640728712737
5_1355,1,0,-1.5768992897844127,1.0,0.9754549012242789
5_1357,11,1,0.8833641186034468,0.10466174574128365,0.5888546722244263
5_136,2,0,0.6171060405562137,1.0,0.5933592565021079
5_1360,7,0,1.4181044999579662,1.0,0.38902295629310824
5_1362,6,0,-0.9619141166305366,1.0,0.9414968987954607
5_1363,59,3,0.9295019464195773,0.021455323007971386,0.8448766617388574
5_1367,2,0,1.505394573270156,1.0,0.3185368615762709
5_1369,1,0,0.0839173310235616,1.0,0.7388519305294655
5_137,2,0,1.607876428869272,1.0,0.2899691483551915
5_1370,6,0,1.6448055034169051,1.0,0.31424009974434475
5_1371,3,0,1.4719289077687328,1.0,0.33708335989658345
5_1373,2,0,0.3281791389031509,1.0,0.6795629703733705
5_1374,1,0,-0.9207438052120908,1.0,0.9255097861409292
5_1376,158,15,2.735510814149409,9.597033339999984e-11,0.8048068913313748
5_1377,20,0,0.4904843556099701,1.0,0.7595098368462421
5_1378,2,0,1.0329092776480395,1.0,0.46207356687383727
5_1379,6,0,0.3948886536937725,1.0,0.6913716995456033
5_1380,7,0,-0.036244346745883005,1.0,0.8048388807845416
5_1382,5,0,2.0459073335608764,1.0,0.20471284162456616
5_1383,3,0,-1.4892932632511982,1.0,0.9733304958020281
5_1384,3,1,2.036892750268426,0.029701000000000026,0.19234611865181295
5_139,1,0,-0.7469737603472681,1.0,0.9039164050763175
5_1390,9,0,0.31783388855647693,1.0,0.7331704273859697
5_1391,1,0,0.9043657746990829,1.0,0.4935275331618585
5_1393,2,0,0.4917295027854299,1.0,0.6316110128293562
5_1396,2,0,0.18676288809295516,1.0,0.7187693374807116
5_1401,2,0,-0.10632413016946864,1.0,0.791830030242038
5_1409,1,0,-0.15613907330722676,1.0,0.7972278757462193
5_1416,3,0,1.05550375749741,1.0,0.4643029310810646
5_1417,1,0,0.7089185870122394,1.0,0.5556920445106595
5_1418,1,0,-0.9698056019544723,1.0,0.9308793602996351
5_142,1,0,1.7698008634978744,1.0,0.2394008783774395
5_1422,1,0,-0.9011232356083999,1.0,0.923275384132811
5_1429,1,0,-0.5073190132086396,1.0,0.8670524768083478
5_1430,3,0,-0.4522174412191305,1.0,0.8661209908178886
5_1432,1,0,0.023430670746025395,1.0,0.7543288426952592
5_1434,6,1,-0.4437372928225969,0.058519850599000056,0.8769125491110663
5_1436,30,0,0.015154983135162912,1.0,0.8909279369451273
5_1437,1,0,-0.818781758917766,1.0,0.9133399418666941
5_1438,1,0,1.750641743940012,1.0,0.24418258727751385
5_1440,1,0,0.18572895571823367,1.0,0.7117146680157953
5_1441,1,0,0.3006164317618176,1.0,0.6795841571399928
5_1442,7,0,1.667325324856106,1.0,0.31654797082168973
5_1443,2,0,1.9713418982479964,1.0,0.19956773451431564
5_1444,53,2,2.0076586710625866,0.09869100146972073,0.573549055095893
5_1447,24,0,1.8248392158651194,1.0,0.4141023678429703
5_1448,1,0,0.25023233600851535,1.0,0.6938607229665404
5_1449,4,0,0.0758306507264211,1.0,0.7610327388074102
5_145,4,1,2.5036754293203427,0.039403990000000035,0.11255108328561736
5_1451,36,4,1.2051086151575148,0.0004561624296751667,0.6795002928772803
5_1452,3,0,1.1523626083795433,1.0,0.43386187978654256
5_1453,4,0,0.1318961498818539,1.0,0.7470477172979
5_1455,2,1,2.387526602497993,0.01990000000000002,0.12002211373390981
5_146,2,0,0.5260549789211905,1.0,0.6212498114239517
5_1461,2,0,2.79166343505268,1.0,0.0671987384804168
5_1463,13,0,1.0425822953721071,1.0,0.5573332928020993
5_1464,1,0,2.0045130538259035,1.0,0.18515090640547394
5_1465,10,0,-0.2561683211025453,1.0,0.8618853079602433
5_1466,1,0,0.7830169134494924,1.0,0.5322020365935843
5_1468,1,0,1.6575726194519889,1.0,0.26812526416285953
5_147,2,0,2.0403447297776887,1.0,0.1845492482014679
5_1472,2,1,1.6085236516751222,0.01990000000000002,0.2897926036738506
5_1473,15,1,2.2470999945567405,0.1399416453587116,0.2309512518569118
5_1477,1,0,0.7376165754643017,1.0,0.5466130546712292
5_1478,1,1,2.333593676963851,0.010000000000000009,0.12321938752671047
5_1482,1,0,1.246750624619819,1.0,0.38590909212152313
5_1483,1,0,-0.7885880800814128,1.0,0.909465328497685
5_1488,47,3,1.5896692143131268,0.01168584739977607,0.6475128493737131
5_1489,4,0,1.239468227605253,1.0,0.4160927272128865
5_149,2,0,0.8018002331757332,1.0,0.5354545846486067
5_1491,1,0,-0.6456934242791219,1.0,0.8893748948492741
5_1492,2,0,-0.2737834352818244,1.0,0.8279912006306123
5_1493,1,0,0.6757930309585358,1.0,0.566135237122777
5_1494,7,1,1.6813838288956162,0.06793465209301006,0.31263243027989307
5_1497,5,0,-0.506786739772572,1.0,0.883028220627847
5_1500,1,0,0.7126684564170741,1.0,0.5545072778275489
5_1501,1,0,1.6381638426149234,1.0,0.27326317106902165
5_1502,6,1,2.6279093059523437,0.058519850599000056,0.10428440340511202
5_1505,1,0,-1.6102128365911503,1.0,0.9769482843478835
5_1506,1,0,-0.0762029949429637,1.0,0.7787097729845982
5_1510,1,0,0.35040747145728834,1.0,0.6652094917322727
5_1511,26,3,4.988692909493693,0.0021887611748319237,0.005836996614505541
5_1513,1,0,-0.7763146925784097,1.0,0.907854097095742
5_1516,15,0,1.10003986955202,1.0,0.5566102191372106
5_1517,8,0,-0.15560817669622562,1.0,0.8345236900305477
5_1519,40,2,1.399629734821223,0.060736621806206224,0.6538633748607771
5_152,4,0,-0.5124923410768527,1.0,0.8801113193822918
5_1520,49,2,2.1011614476960574,0.08641059140541359,0.5215765858103909
5_1521,2,0,-0.9091272296791707,1.0,0.926838455426721
5_1524,6,0,1.481800368451257,1.0,0.36107312006033154
5_1526,10,0,1.4388754679140012,1.0,0.4095996620465695
5_1527,4,0,1.3065345652464269,1.0,0.39550017910472046
5_1528,2,0,0.7882203278395532,1.0,0.5397533333391134
5_1546,3,0,1.1857233939695258,1.0,0.42345809303967474
5_1548,1,0,2.083908907039597,1.0,0.16868027539781205
5_1553,4,0,1.2493644043937753,1.0,0.41303813602751827
5_1554,1,0,1.4311975693278134,1.0,0.3308808502724552
5_1556,3,0,-1.2800079983329329,1.0,0.9612932847494706
5_1557,2,0,1.3323384607597988,1.0,0.369241113235518
5_1563,1,0,1.5763529373589653,1.0,0.28994371779580197
5_1566,1,0,1.5493921819991128,1.0,0.2973660483237309
5_1568,1,0,1.3167701539750285,1.0,0.36467683267191586
5_1579,3,0,0.5424035728971768,1.0,0.624774116393519
5_1580,78,6,2.100493967660421,0.00013877139679055036,0.6869951767090777
5_1581,28,0,1.413385142434417,1.0,0.5667371803564684
5_1582,45,1,0.7138928854304382,0.36381451393612907,0.8322005434018744
5_1583,1,0,0.30918177056242396,1.0,0.6771296891173793
5_1584,33,1,-0.8033334810604551,0.2822694674017251,0.9695496835912489
5_1585,177,10,3.068003593768157,1.4115900215367373e-05,0.7835623995642187
5_1586,2,0,0.27161669171121344,1.0,0.6955200881229112
5_1587,1,0,-0.32678950211778507,1.0,0.8335310653491388
5_1594,40,6,1.995655981478397,2.8669659448202396e-06,0.4881112623573092
5_1596,12,0,-0.05192607653859549,1.0,0.8335536081475411
5_160,1,0,0.1812521023919178,1.0,0.7129353837974242
5_1602,134,7,2.603839462842233,0.0004344725897325755,0.7765077144639776
5_1603,2,1,2.9399659863579135,0.01990000000000002,0.05313534443703882
5_1604,2,0,-0.5471947134008117,1.0,0.8778229888348944
5_1606,2,0,2.4312065310384186,1.0,0.11319887888334357
5_1607,5,0,-1.2474899567600457,1.0,0.9620504801276507
5_161,2,0,0.5622821231912744,1.0,0.6102194026870876
5_1613,2,0,-1.7027381232253969,1.0,0.9814730993200415
5_1616,7,0,1.7304963642422933,1.0,0.2991211326656177
5_1619,1,0,0.4053318470765055,1.0,0.6490679335026808
5_162,1,0,1.3438541654004497,1.0,0.3565701179807168
5_1621,2,0,-0.3089381873289451,1.0,0.835040264361538
5_1622,2,0,1.8902442328354223,1.0,0.21812851675833977
5_1623,3,0,1.9122340870063794,1.0,0.22057709679948745
5_1624,3,0,-1.3291985479076704,1.0,0.9644607524335127
5_1627,4,1,1.8069386049892828,0.039403990000000035,0.25420982749915544
5_163,4,0,0.8481051222850399,1.0,0.5390479727709281
5_1630,3,0,-0.4596913461682302,1.0,0.8673986203871746
5_1631,4,0,0.41387655366904386,1.0,0.6707254987234341
5_1634,9,0,-0.02371730658977319,1.0,0.8129196019826563
5_1635,2,0,-0.026917040097666715,1.0,0.77322142639145
5_1636,5,0,-0.12521675430790155,1.0,0.8130091845663485
5_1638,257,18,2.9982080322402775,2.1046268777148134e-10,0.8568526012207626
5_1639,2,0,1.0748303062120015,1.0,0.44882787563119686
5_1641,48,2,1.9078021666537852,0.08341766950993583,0.5684166752494557
5_1643,174,13,6.942589411853488,3.045849417973498e-08,0.08148841714299793
5_1644,122,3,3.7314516191184346,0.12401297502011806,0.49138327267643644
5_1645,4,0,0.8270986925237468,1.0,0.5456471835572019
5_1646,15,3,2.9731165761931906,0.0004158027018755662,0.0982654666662447
5_1648,132,10,3.390054234267206,1.0297439069122103e-06,0.6097430791072205
5_1649,9,0,0.6498615221668793,1.0,0.6419134679277895
5_165,2,0,0.617187358535975,1.0,0.5933341111217861
5_1650,1,0,-0.5253383532174651,1.0,0.8701232513906751
5_1651,362,25,4.026524440608164,9.962522830802494e-14,0.656386755533196
5_1655,5,0,1.9458496983561766,1.0,0.2278589297274889
5_1656,152,16,5.0618011534751695,4.7479000109946456e-12,0.30232803244528217
5_1657,13,1,4.134705851716926,0.12247897700103212,0.012638610250764515
5_1658,31,3,1.118012575660135,0.003646012208816228,0.6703468271474957
5_1661,2,0,0.7842148350484013,1.0,0.541020416766071
5_1669,3,0,-0.2876979868569611,1.0,0.8358477187786182
5_1672,47,5,3.1868357320606897,0.00010812836888304305,0.2291468194402888
5_1674,3,1,1.7445442940042988,0.029701000000000026,0.26205554397201314
5_1676,1,0,0.32766019904214544,1.0,0.6718083048320567
5_1679,1,0,0.1385251429102855,1.0,0.7244609186028285
5_168,1,0,0.23234600900998828,1.0,0.698860380915702
5_1680,13,0,2.2270565439025476,1.0,0.2212456846069042
5_1683,1,0,2.167353040816988,1.0,0.15241848981274675
5_1684,155,3,4.264018307265635,0.20322406046108582,0.4858964008673201
5_169,1,1,3.091443865130266,0.010000000000000009,0.038779900126661215
5_1692,55,4,5.955953429072912,0.002272285419051054,0.006240490184501124
5_1693,46,0,2.9138997959176662,1.0,0.2846726814259115
5_1694,5,0,0.2086378671279878,1.0,0.7341739187939205
5_1696,30,0,1.3926418611378923,1.0,0.5875773616543246
5_17,2,0,-1.7705317003282013,1.0,0.9837904255074391
5_170,3,0,0.2018361275187686,1.0,0.7219400064446473
5_1700,4,0,-0.16199393435332973,1.0,0.8153994129284128
5_1702,1,0,2.075124690128182,1.0,0.17045478804275116
5_1704,1,0,1.02106255994151,1.0,0.45638863491117376
5_1705,3,0,0.6404044029000094,1.0,0.5949065792431982
5_1707,1,0,1.5097014544280252,1.0,0.3084480203938087
5_1708,2,0,1.7610121701609764,1.0,0.24967018180364975
5_171,1,0,1.5343981600182282,1.0,0.3015311273667345
5_1712,8,0,-0.7269037654448606,1.0,0.9220458001588189
5_1713,27,2,1.3327770623567265,0.029745636285504362,0.5825387827854462
5_1717,9,2,1.8161778174613392,0.0034357300178462975,0.2926384462774906
5_1719,3,0,1.5242466333746745,1.0,0.32204022423558054
5_1720,7,2,4.695997418117683,0.0020310416349400033,0.002163456717110823
5_1724,13,3,3.361345891636017,0.00026530529471721815,0.05034181988616193
5_1726,1,0,1.2795891719925674,1.0,0.37590435855568205
5_1734,8,0,0.7929725246901558,1.0,0.5911006627697949
5_1735,2,0,0.965611753363542,1.0,0.4834194478032845
5_1737,2,0,0.6366692577386125,1.0,0.5872990010459889
5_1739,2,0,0.20253548388537151,1.0,0.7145132363101191
5_1740,11,1,2.0701435684238936,0.10466174574128365,0.2435424455338593
5_1743,20,0,3.3452633366296256,1.0,0.07370785183667561
5_1745,2,0,-0.3183621369668619,1.0,0.8368976587009058
5_1747,3,0,1.4246399385776511,1.0,0.3509093103453981
5_1748,50,4,3.533542393449626,0.0015961730907328743,0.1771592759561187
5_1750,1,0,-1.5111375869811023,1.0,0.9722680315996653
5_1753,3,0,1.192292177897946,1.0,0.42141560853864646
5_1756,7,0,1.8410396262803816,1.0,0.26972388750149423
5_1759,1,0,-0.7135014438388811,1.0,0.8992747805372584
5_176,1,0,-0.6396133517414326,1.0,0.8884542769299489
5_1760,17,0,1.8615349538344863,1.0,0.3462373673874476
5_1761,151,8,3.6726396385925444,0.0001565449098168731,0.6074933726673825
5_1762,8,0,-1.0593761338787728,1.0,0.953421207195907
5_1780,43,0,1.2669393766385852,1.0,0.7055681032228079
5_1781,32,2,4.080896237611022,0.040682585752739156,0.044367869737953924
5_1782,1,1,3.0568635056729616,0.010000000000000009,0.04116068016776819
5_1785,2,0,2.1258269895297115,1.0,0.16694832453105102
5_1786,3,0,-0.9134190342697412,1.0,0.9298468350272643
5_1788,5,1,1.151023824251364,0.049009950100000046,0.4528518911183971
5_1789,9,1,2.0591931052187418,0.08648275251635919,0.23112402445717128
5_1791,2,1,2.7193315594351075,0.01990000000000002,0.07502804115028627
5_1798,1,0,1.439972286240569,1.0,0.32834111259095156
5_180,69,5,2.785983368296725,0.0006606076155544952,0.4635237148772191
5_1802,1,0,0.6916320326498588,1.0,0.5611471160665958
5_1803,1,0,0.6295260803575221,1.0,0.5806428995685403
5_1804,4,0,2.241086206563786,1.0,0.15741998536105362
5_1805,6,0,1.3262304738753574,1.0,0.40781558539082663
5_1808,71,5,1.6348074371121153,0.000752823770499696,0.7586177128130052
5_181,23,3,0.2666587598907974,0.0015245656963660697,0.8231322171184553
5_1815,1,0,-1.551896460387935,1.0,0.9742814514753165
5_1816,15,0,-0.11760536745073717,1.0,0.8587035503832214
5_1817,53,2,2.4899119818699362,0.09869100146972073,0.44121334403015255
5_1818,1,0,1.3328333461342263,1.0,0.35986126912602145
5_1819,16,0,1.7318725421383196,1.0,0.3748793204601104
5_182,9,0,-0.38332297216891814,1.0,0.878809982276965
5_1820,8,0,1.8783787024704444,1.0,0.26814126985617903
5_1821,251,3,3.4068904410968894,0.45940519902949256,0.8017487247626652
5_1822,1,0,-0.9845203310988859,1.0,0.932430249387032
5_1823,4,0,-1.2249639607796086,1.0,0.9590508486795595
5_1824,1,0,-0.1430155250709773,1.0,0.7942528025386165
5_1825,1,0,1.9989818656717286,1.0,0.18633441060126177
5_1830,1,0,0.7820145206132278,1.0,0.5325207435695088
5_1832,2,0,0.8089226612658204,1.0,0.5331982767392283
5_1833,4,0,-0.10556736811236715,1.0,0.8032491926905535
5_1834,1,0,0.1292901818225827,1.0,0.7269217927584881
5_1836,4,0,-0.40796545710111437,1.0,0.862751442075794
5_1837,8,3,3.8418834302023357,5.3933321197900146e-05,0.015621414595158423
5_1840,9,0,-2.0120059311142584,1.0,0.9926318427928983
5_1842,2,0,-0.3863834300895515,1.0,0.8498993859667487
5_1843,1,0,2.0740600523995663,1.0,0.17067066646703932
5_1847,22,3,2.185559138305883,0.0013356291937811095,0.29821348443020557
5_1848,7,0,0.3927331598971081,1.0,0.6993427798569598
5_1849,29,2,-0.6326706375714485,0.03395931237935017,0.9546540713869488
5_1851,17,1,1.847609153177634,0.15705680661607327,0.3501551772971526
5_1860,1,0,-0.640578764634488,1.0,0.8886008205047997
5_1861,9,0,-0.004587227140422994,1.0,0.8088843901854172
5_1863,1,0,-0.1456382129733733,1.0,0.7948494210809193
5_1865,1,0,1.8017200876707637,1.0,0.23154937888692462
5_1866,1,0,-1.0293049456830798,1.0,0.9369852252488843
5_1867,1,0,-1.3881851927281021,1.0,0.9653846049242218
5_187,108,7,3.286326993735598,0.00011553119349254116,0.5394101676343892
5_1882,2,0,0.4005314875196177,1.0,0.6586605850781935
5_1884,1,0,-0.47338293848100776,1.0,0.8611344031110706
5_1887,3,0,1.3956530698733849,1.0,0.35948433800004675
5_1888,12,0,2.6540895414437844,1.0,0.13092743716861777
5_189,19,1,1.3381539469259602,0.1738313761644134,0.5178122987033618
5_1891,7,2,1.162181800014602,0.0020310416349400033,0.4676805677424981
5_1893,2,0,1.4902587837139618,1.0,0.32285482332859927
5_1895,81,2,1.7089259479509455,0.19445821522514067,0.7823460288118431
5_19,2,0,-0.4920962432269973,1.0,0.8686980430081579
5_1902,9,0,0.4037118733458692,1.0,0.7107163721277139
5_1903,31,1,0.2625797951840872,0.2676966303456026,0.856895846845152
5_1905,1,0,1.8030050600741607,1.0,0.2312363353676148
5_1907,1,1,2.773419984099078,0.010000000000000009,0.0654286182734578
5_1909,1,0,0.9112196737581579,1.0,0.49134156070551316
5_1914,40,4,3.2934709133877926,0.0006856064270094555,0.1694158893868707
5_1919,2,0,-0.6965991994886065,1.0,0.9002980932753979
5_192,11,0,0.5894572570736729,1.0,0.6744835247693267
5_1920,4,0,-1.4988135268258724,1.0,0.9748055665796739
5_1922,5,1,0.9258668506398613,0.049009950100000046,0.523637769867831
5_1925,15,0,-0.5274113349761407,1.0,0.9174661423495789
5_1931,60,6,2.500318183272144,3.152366072959556e-05,0.48423200236477704
5_1936,1,0,0.9216532368875952,1.0,0.48801441657501454
5_1941,9,1,1.1700099651135036,0.08648275251635919,0.48327544072877215
5_1944,1,0,1.4392755759172875,1.0,0.32854247940951886
5_1946,24,0,2.8351936321209283,1.0,0.16591243676572742
5_1947,34,1,0.14592254946645014,0.2894467727277079,0.8848342619529959
5_1952,5,0,-1.183010562577361,1.0,0.957654312061655
5_1954,1,0,0.5080998506448507,1.0,0.6181522370832077
5_1955,3,0,1.0570205614121173,1.0,0.4638241353685355
5_1956,79,5,3.4327751066369956,0.0012202060389733915,0.35640055040917606
5_1957,17,0,3.265122769639443,1.0,0.07165026230659843
5_1958,10,2,1.5225693758892196,0.004266200242831427,0.3845231544071581
5_1959,42,2,0.8980924829674491,0.06618232221258309,0.7840637644748263
5_1963,7,0,-2.485331812806562,1.0,0.9972843959533868
5_1965,15,2,3.046982285510318,0.009629773443364747,0.08882210758556153
5_1966,1,0,-0.46140369644011336,1.0,0.8590031547866217
5_1972,6,0,0.6097980858169482,1.0,0.6295347733182903
5_1977,112,8,3.3114369085840574,1.889395571098557e-05,0.5507678254105918
5_1980,1,1,2.7618941498498835,0.010000000000000009,0.06661133946233933
5_1981,2,0,0.9657505153781919,1.0,0.48337536422810523
5_1983,41,3,2.5120248183593157,0.008029755979504066,0.3521967747495973
5_1986,1,0,0.16581487451593135,1.0,0.7171258134219254
5_1989,23,0,3.520506728545296,1.0,0.06603317963599542
5_199,3,0,0.17545088626902564,1.0,0.7289288624281529
5_1990,1,0,1.7155194091362462,1.0,0.2530804570712333
5_1991,80,2,3.1089608797522663,0.1908418660230089,0.4432328787861566
5_1993,154,14,5.6547313337870895,7.112498165566864e-10,0.20041974472159219
5_1997,32,3,3.9445099632084446,0.003993447232680418,0.054507951657771336
5_1998,1,0,1.4844398100994842,1.0,0.31559416290900244
5_2001,9,3,6.656013236444342,8.029476538112821e-05,7.841336196356963e-06
5_2002,6,2,5.318659848907953,0.0014604476050000025,0.0003691196777256822
5_2004,1,0,1.9565601675744495,1.0,0.1955664115297533
5_2005,26,2,-1.2918813999760643,0.027723300751066573,0.9836330014714335
5_2006,1,0,2.1143900592531564,1.0,0.16261519658233536
5_2008,1,0,0.9462010317963128,1.0,0.4801901055488321
5_2009,5,0,1.1928790261327473,1.0,0.43979030510103634
5_2010,2,1,-0.56284005970431,0.01990000000000002,0.8803308802697491
5_2011,3,0,2.2302606804335947,1.0,0.15317561202821728
5_2012,1,0,-0.0670483651191966,1.0,0.7765289655617559
5_2015,3,0,-0.8491836420464773,1.0,0.9227214802219763
5_2020,108,9,2.2762281088547947,1.604936642029135e-06,0.7646533258686214
5_2023,1,0,-0.8308793328746299,1.0,0.9148571023253367
5_2024,29,1,1.5621119770299794,0.2528279056684038,0.5310110274127078
5_2025,19,3,0.11461515326432695,0.0008594328820314674,0.8340533848217704
5_2026,11,2,2.908071220866771,0.005179717490315069,0.08944114593283026
5_2027,1,1,2.7929542885974312,0.010000000000000009,0.06346138562933745
5_2031,9,0,-0.9691272012656067,1.0,0.947999331857651
5_2032,19,1,1.365718859039045,0.1738313761644134,0.509497907228638
5_2037,10,0,1.5630059315598925,1.0,0.3725715167936594
5_204,1,0,-1.5341278624219696,1.0,0.9734192787412325
5_2040,20,1,0.1945304926976708,0.1820930624027693,0.8232894075132637
5_2041,3,0,2.2191812536360844,1.0,0.15526609100337763
5_2042,1,0,-0.05936709650857395,1.0,0.7746897456737951
5_2046,28,0,1.3155491644314095,1.0,0.5949189643597431
5_2047,31,0,1.610063647580684,1.0,0.5322863148513789
5_2048,13,2,2.454769336396602,0.00724894367793522,0.17274777386928242
5_2061,1,0,0.9156326129597384,1.0,0.4899342378636331
5_2063,34,2,3.694747028596338,0.04541839164429414,0.08458417305790489
5_2070,18,1,2.6810741804273808,0.16548623854991254,0.15984058023562642
5_2071,27,3,3.727202626091758,0.002444106570594271,0.059124780381246134
5_2072,1,0,-0.42675511797732313,1.0,0.8527143932321801
5_2073,18,2,1.3473395119974683,0.013756463740805566,0.5067242382978898
5_2077,1,0,1.5323444080839532,1.0,0.3021036620741978
5_208,36,1,2.1114204677823,0.30358678195042654,0.425573519160515
5_2081,12,2,1.8852560393191997,0.006174537772824754,0.2987096136232723
5_2088,1,0,-0.5458398907046947,1.0,0.8735568925086052
5_2090,23,1,-0.05362884432703042,0.20638571635634465,0.8783732227443268
5_2091,9,0,0.28106409754877676,1.0,0.7425077727850307
5_2092,1,0,2.145382263783837,1.0,0.15659575097761402
5_2094,4,0,2.176015340977138,1.0,0.1701466011848174
5_2096,34,2,3.1082669530515528,0.04541839164429414,0.17119922246824726
5_2097,9,0,2.160116283857642,1.0,0.20787093593461736
5_2098,20,0,3.359789324535514,1.0,0.07218933458169441
5_2099,35,1,2.528259686593744,0.29655230500043084,0.3055633091587666
5_2100,69,5,3.3892310247868696,0.0006606076155544952,0.3108836900851979
5_2102,48,1,2.6373216417779815,0.3827098590577121,0.3676523509390456
5_2103,1,0,1.6904327602299816,1.0,0.2595387846830175
5_2107,30,1,1.4655992402844609,0.2602996266117198,0.5666356548142806
5_2110,39,4,3.407476967909669,0.000621961223011905,0.14483874544283193
5_2111,4,1,2.649020183921171,0.039403990000000035,0.09205994130590378
5_2114,25,1,2.3000004864048926,0.2221786406008534,0.29128576990881194
5_2117,1,0,1.68924073279687,1.0,0.2598477655410586
5_2118,112,7,3.255961084251795,0.00014500074810911947,0.5641672440472028
5_2120,81,4,2.756061570497052,0.00903812886129144,0.5399929672367797
5_2126,165,15,8.036692408068886,1.774610907480913e-10,0.018277745957026026
5_2127,1,0,0.8898779964932058,1.0,0.49814880326637156
5_2128,1,0,0.14874080706097323,1.0,0.721726068923799
5_2129,1,0,1.8394938339754603,1.0,0.22244614963231468
5_2131,330,21,5.085922145700315,4.1243897504578744e-11,0.48813819224414057
5_2134,173,9,6.52056360218341,7.112957828889937e-05,0.12149409764262642
5_2135,186,15,3.829859340068804,9.489235804180847e-10,0.6594665580171918
5_214,1,0,-0.11832266433248324,1.0,0.7885852783816005
5_2141,1,0,0.6900575452030125,1.0,0.5616434122388254
5_2145,1,0,-0.16141621044409343,1.0,0.7984169059273574
5_2146,1,0,2.3153255227441547,1.0,0.1262215564172764
5_2149,96,8,3.7692493852412317,6.068136461340019e-06,0.36414388367072625
5_2150,18,0,0.2394117394903543,1.0,0.8044141938537694
5_2151,8,1,3.2205493631046282,0.07725530557207996,0.047651559135098887
5_2154,1,0,-1.3005480469770814,1.0,0.9596670682873925
5_2155,1,0,0.26699449453521157,1.0,0.6891422681155611
5_2156,1,0,-0.9281287266620546,1.0,0.9263377971243438
5_2162,1,0,1.5146294888075698,1.0,0.30706225978777935
5_2163,7,0,2.2036962956503525,1.0,0.18455460917363076
5_2164,2,0,0.6628931892515572,1.0,0.579142897860031
5_2169,21,2,3.3395379312306184,0.01851167488332298,0.0778630895396808
5_217,1,0,-0.39046368983990776,1.0,0.8459287740094615
5_2170,2,1,1.6865187878501822,0.01990000000000002,0.2688961619785766
5_2171,3,0,0.7577672926551834,1.0,0.5584117685401806
5_2172,136,9,1.2602731028322394,1.069235775407871e-05,0.9414301671293417
5_2175,40,6,0.6245674232021047,2.8669659448202396e-06,0.8287367507750953
5_2181,7,0,1.4510759625005465,1.0,0.37914323832541696
5_2182,1,0,0.9861035128891544,1.0,0.4674892820942693
5_2183,24,0,2.5023951472663977,1.0,0.23506403524972264
5_2187,3,0,1.2643829017628332,1.0,0.3991502257640285
5_2188,28,0,1.722897515418485,1.0,0.4760143524007737
5_2190,35,3,0.7059678708544523,0.0051537087655308894,0.7910091068257685
5_2192,167,9,4.414399033401562,5.41867590668736e-05,0.48751842199633644
5_2194,10,0,1.2034553406565245,1.0,0.48181285609039404
5_2198,1,0,1.5474483914602282,1.0,0.2979045147519138
5_2204,51,5,3.032412404585957,0.00016019410629843802,0.28807541120590696
5_2207,1,1,3.788767529215489,0.010000000000000009,0.010100132872221668
5_2208,1,0,-1.7697163788791064,1.0,0.9830804999747497
5_2209,1,0,-0.17310779236708182,1.0,0.8010362983854935
5_2210,1,0,2.1143900592531564,1.0,0.16261519658233536
5_2212,2,0,0.21373962603819366,1.0,0.7114713844639764
5_2214,7,0,2.9398504521225988,1.0,0.07002063657330682
5_2216,2,0,1.0299910286080298,1.0,0.4629973799155702
5_222,8,2,3.6310439002843036,0.0026900777395207046,0.023346019237279636
5_2222,1,1,2.366085339018627,0.010000000000000009,0.11800413474184701
5_2223,1,0,-1.209719876972542,1.0,0.9529552252935672
5_2227,82,2,3.124562310377573,0.19808315325662731,0.4503504906505861
5_2228,5,0,-2.2020580534954095,1.0,0.9942733452807222
5_2229,3,0,1.9319797836215866,1.0,0.21595336764540773
5_2232,257,10,4.903234546280886,0.0003113365834837164,0.5329948231013182
5_2233,1,0,-0.6890098325367568,1.0,0.8957763617017948
5_2234,117,11,0.46943036885499956,3.28027739020488e-08,0.9715701403811074
5_2236,39,1,0.853428074948051,0.3242709509397169,0.7792239351314325
5_2237,1,0,1.6395870379617596,1.0,0.2728847709086091
5_2239,105,8,3.3693698740762374,1.1784682880872047e-05,0.5053511795678084
5_2241,76,5,4.079906384359078,0.0010252028237396728,0.20116914673065567
5_2244,1,0,1.7087126269497943,1.0,0.2548244038417826
5_2245,112,12,5.677721077105618,1.7519534617272466e-09,0.09339021962746041
5_225,1,0,1.42875355169931,1.0,0.33158963670305497
5_2256,3,0,2.4597356126470364,1.0,0.11405934047460009
5_2257,31,2,2.908530945651394,0.03838951459523551,0.19253504883014638
5_2259,65,6,5.083198057208269,4.984154957795272e-05,0.044836556530682525
5_2260,4,0,0.3998275653153147,1.0,0.6747412135344344
5_2263,14,0,-0.6110414961547049,1.0,0.9243666503096046
5_2265,1,0,0.6182669865682282,1.0,0.5841576087896646
5_2268,26,2,2.0535829971547335,0.027723300751066573,0.36489601463147003
5_227,4,0,1.649297164862165,1.0,0.29582092113968184
5_2270,2,0,1.9946753929850198,1.0,0.19440879478644413
5_2271,5,2,2.9543904954580467,0.0009801496000000018,0.06152633136079344
5_2273,14,2,1.4273076923325216,0.008401244011166185,0.4482798559914478
5_2274,15,0,2.3825547996120777,1.0,0.20061931278561929
5_2275,11,0,2.642719652134162,1.0,0.12743459321995743
5_2276,1,0,-0.28219759803432376,1.0,0.824475719801071
5_2277,65,3,2.118166927882843,0.02759340752341423,0.6161797661979236
5_2278,3,0,2.2915069416552374,1.0,0.14195737502000327
5_2279,7,1,0.8483917439882303,0.06793465209301006,0.5655511002435262
5_2281,73,6,2.2627678208118236,9.596245776107457e-05,0.6230403745677885
5_2282,8,0,2.460850913192001,1.0,0.14142127715017527
5_2283,24,0,0.07500178556414935,1.0,0.8616763272378736
5_2285,16,2,1.6303906682195555,0.010932892162518214,0.4045829394841681
5_2286,1,0,0.14596127377152646,1.0,0.7224714905355815
5_2287,2,0,-0.707221251312993,1.0,0.9017725929856191
5_2289,42,4,0.4512123632922787,0.0008264843165214276,0.8650801610139365
5_229,2,0,0.23978204909878448,1.0,0.7043426514316308
5_2291,46,1,2.16018583381401,0.37017636879676774,0.48443497732296226
5_2292,12,0,2.017224920127062,1.0,0.26432841988584754
5_2293,2,0,-0.19743389480523976,1.0,0.8120306880472495
5_2294,91,7,4.083788922100963,3.886009032637624e-05,0.2694852728186472
5_2297,2,0,1.23404260017015,1.0,0.3991609045930833
5_2299,1,0,0.9174934569729225,1.0,0.4893408358508611
5_230,30,4,0.47983580631204326,0.00022259789863339767,0.8134578569344406
5_2301,5,0,1.1439291609017141,1.0,0.45507135799432574
5_2302,1,0,1.1893174783124771,1.0,0.40358690216697024
5_2306,1,0,0.2109985536119983,1.0,0.7047788505633519
5_2309,22,1,1.9352471844677959,0.1983694104609542,0.3662451500601521
5_2313,5,0,1.5306815071201885,1.0,0.3379109059122698
5_2315,3,0,-0.7106762398636864,1.0,0.9055058987522646
5_2316,1,0,0.5911495235875107,1.0,0.592594665506056
5_2318,4,0,1.1448318893537062,1.0,0.4455338007656666
5_2325,21,2,2.6951572014872527,0.01851167488332298,0.1749141987455175
5_2329,9,1,-0.3459642481963343,0.08648275251635919,0.8728429655203919
5_233,3,0,0.08114659720362302,1.0,0.7531698131931287
5_2330,1,1,2.7613103459493864,0.010000000000000009,0.06667168383400457
5_2331,54,2,0.14709720844665686,0.10183372363564862,0.9311477967517122
5_2336,3,0,2.3407825290028996,1.0,0.13334561604425377
5_2337,2,0,1.9814089878278882,1.0,0.19733191261233274
5_2342,6,1,1.7787240187514368,0.058519850599000056,0.277845818975066
5_2344,1,0,-0.09991677307578016,1.0,0.7843018920930181
5_2346,19,4,4.656110158581209,3.437030184053091e-05,0.006841683250484176
5_2347,1,0,1.674078604800836,1.0,0.2637943751124261
5_2348,52,4,0.8869530015454804,0.0018469347399827855,0.8278206581382498
5_2349,2,0,-0.7449536398670199,1.0,0.9068812408112085
5_2350,10,2,4.052822281982229,0.004266200242831427,0.011905705360572338
5_2351,55,3,-0.3790360885624608,0.017828760140394417,0.9685014492757756
5_2353,227,14,3.3450522515933216,1.0070499521072096e-07,0.7974253783598495
5_2355,1,0,-0.8949633127148061,1.0,0.9225634783979495
5_2358,38,1,-0.020687377155787397,0.31744540498961304,0.9163035908319972
5_2363,10,0,0.1988098780532398,1.0,0.7688958825552121
5_2366,1,1,2.9588514627537905,0.010000000000000009,0.04855769132904375
5_2367,41,2,0.24564943578423512,0.0634395380024474,0.8915228408008082
5_2368,1,0,1.746703862771414,1.0,0.24517173988828045
5_2369,91,2,3.021270549616182,0.23100925191118446,0.5245412082433444
5_2370,13,1,0.5080330012380444,0.12247897700103212,0.7108557507947046
5_2371,1,0,-1.136252270751728,1.0,0.9468948569555213
5_2372,82,7,3.8353758130759923,1.9736552609017345e-05,0.2791961223949616
5_2376,55,4,2.7551853526675085,0.002272285419051054,0.38337451966759384
5_2378,1,0,-0.6812757888886336,1.0,0.8946535313213393
5_2384,46,5,2.3485268054195902,9.742899389210385e-05,0.4319303907312865
5_2388,5,0,0.959609004321035,1.0,0.5130226875740328
5_2393,1,0,0.953313763488655,1.0,0.47792430072383585
5_2399,60,3,2.0068710317804195,0.022420164788835444,0.616347156283517
5_240,10,0,1.738000448346339,1.0,0.3223786338023146
5_2402,60,8,4.147853272196769,1.6105006169642733e-07,0.12312678640273433
5_2404,154,21,3.88759251194494,1.1374849129304395e-17,0.5684454423906866
5_241,15,1,2.1299840120326916,0.1399416453587116,0.25911926886001657
5_2413,8,0,-0.24417726287230596,1.0,0.851169096531146
5_2414,103,5,1.9805995775521354,0.0038944680769486322,0.8033128564916913
5_2419,44,1,2.382817087488487,0.3573883979152819,0.4083494834587825
5_242,30,4,4.278184624677701,0.00022259789863339767,0.029062452482593426
5_2422,79,8,3.938480093296358,1.3875924813050924e-06,0.24267114982412652
5_2425,8,2,2.2354725314403625,0.0026900777395207046,0.18467202280944017
5_2437,1,0,1.3630984411881002,1.0,0.35084884770301306
5_244,6,0,0.834299661502932,1.0,0.5611762919724907
5_2440,1,0,-0.22007690630735235,1.0,0.8113508853837859
5_2444,5,1,2.1617985860892834,0.049009950100000046,0.17973054830787105
5_2446,3,0,0.36543381512044826,1.0,0.6767539723653064
5_2447,76,10,2.408060665319548,5.232283230456524e-09,0.6022821686962015
5_2448,3,0,1.2796876348954116,1.0,0.39446265904620903
5_2449,18,4,0.6873212950976608,2.7352225666657963e-05,0.6976466060157884
5_245,1,0,1.6483606393205597,1.0,0.2705577945427424
5_2450,2,0,0.7782296150306289,1.0,0.5429129798397583
5_2452,1,0,1.84215490859515,1.0,0.2218126368402038
5_2454,1,0,1.2078256318293934,1.0,0.39786668022598226
5_2455,45,1,2.285330341242251,0.36381451393612907,0.4424036423107247
5_2456,20,1,2.9298760009806024,0.1820930624027693,0.12810786741640667
5_2458,2,0,1.922575731992909,1.0,0.21061234382124705
5_2460,2,0,-0.17821569496199766,1.0,0.8078735359882669
5_2461,5,1,2.697816997906081,0.049009950100000046,0.09019746845108234
5_2462,1,0,0.9899990159633921,1.0,0.4662509189430698
5_2463,51,4,3.7464686156286895,0.0017183840681315506,0.14572604820119006
5_2464,1,0,-0.4466981746041566,1.0,0.8563566816559925
5_2465,36,4,4.799130126842026,0.0004561624296751667,0.016710259088292156
5_2466,1,0,-0.4939157795870144,1.0,0.8647361847688811
5_2468,1,0,1.8956756430314956,1.0,0.20929173736218465
5_2471,1,0,-0.7301797806897553,1.0,0.9016076187310995
5_2473,3,0,0.3885534080256665,1.0,0.6701303331502435
5_2474,1,0,1.4269411443311566,1.0,0.33211564049584574
5_2476,29,0,1.8910238286169636,1.0,0.43484355844014966
5_2477,124,7,1.8668902571511379,0.00027161388520173437,0.867918588066181
5_2478,10,0,0.6037283647311044,1.0,0.6629432252663934
5_2479,162,12,4.696721720858537,1.124862181885343e-07,0.41001909201405407
5_2481,36,5,1.7937632685183187,2.9112762779191584e-05,0.5165725407472956
5_2486,2,0,0.2599134293736557,1.0,0.6987771171260457
5_2488,1,0,1.5127134878658086,1.0,0.30760071230029684
5_2489,1,0,-0.6099634796312341,1.0,0.8838862658225388
5_2490,1,0,1.5194253702396203,1.0,0.30571630118541304
5_2491,1,0,0.6413477994165504,1.0,0.5769456250990085
5_2492,3,0,1.0424218675793513,1.0,0.4684344453746251
5_2496,1,1,3.452188360914316,0.010000000000000009,0.020013181814914294
5_25,3,0,1.4058426375370658,1.0,0.35646167756460234
5_250,1,0,0.6337458152803074,1.0,0.5793239652895011
5_2504,3,1,0.11589557864379234,0.029701000000000026,0.7443746813704601
5_2505,3,0,1.209298396616051,1.0,0.4161376735499879
5_2509,2,0,-0.013286340492363153,1.0,0.7699353353374301
5_2510,1,0,0.06879519859607328,1.0,0.7427677128314716
5_2512,1,0,-1.8066101872118396,1.0,0.9842810484638427
5_2513,1,0,-0.7143087868518078,1.0,0.8993886265295485
5_2516,2,0,1.0042142232434716,1.0,0.47116549819208375
5_2517,1,0,0.4557429957041478,1.0,0.6340112807119858
5_2518,1,0,2.0636327920472612,1.0,0.17279426474796855
5_2519,40,4,2.5264851880100636,0.0006856064270094555,0.3413322682118447
5_2521,1,0,-0.21837518304661038,1.0,0.8109830343525842
5_2522,6,1,2.5010454219660816,0.058519850599000056,0.1234980690927443
5_2523,1,0,0.8373062625214309,1.0,0.5149155078849136
5_2524,5,0,0.8879438167476041,1.0,0.5355477726204442
5_2525,2,0,0.39563445065810154,1.0,0.6600917095774222
5_2527,10,0,0.1659202177029479,1.0,0.7766050691931807
5_2528,4,0,0.27105746799525726,1.0,0.7105598961425952
5_2529,5,1,2.4821230924794877,0.049009950100000046,0.12114836821047126
5_2530,2,0,-0.40572701829011665,1.0,0.85346697256959
5_2531,61,5,2.425325831492773,0.00037353009609219194,0.5108677355207076
5_2532,9,0,0.9756157954123069,1.0,0.5436434362028078
5_2533,1,0,-0.5516991973249872,1.0,0.8745264945514173
5_2536,1,0,2.1272469742934965,1.0,0.16010003324820188
5_2539,6,0,2.1935998763119744,1.0,0.17990289443572938
5_2541,1,1,3.34162511355179,0.010000000000000009,0.024703079719556764
5_2550,23,2,-0.37923701068350585,0.02201068076236393,0.9207887872253604
5_2551,16,0,2.34670039964538,1.0,0.21528370836404342
5_2553,31,1,0.8743008090260055,0.2676966303456026,0.7320765002102206
5_2554,4,0,2.2461526006324117,1.0,0.156456050803903
5_2555,39,1,2.3072601953726295,0.3242709509397169,0.39311816276516387
5_2557,1,0,-0.9000424509157967,1.0,0.9231508385395257
5_2559,3,0,-0.5414949050772391,1.0,0.8808344864662254
5_2560,2,0,1.1905970422619934,1.0,0.4125881225669771
5_2561,2,0,0.9917495758756562,1.0,0.47511984788735284
5_2565,1,0,0.024585330912800737,1.0,0.7540380791487113
5_2568,6,0,1.454286372795625,1.0,0.36921241657868964
5_2571,14,2,-0.11349168579137028,0.008401244011166185,0.8538396234115018
5_2578,64,5,0.3025503973519716,0.0004670217881567616,0.9336589488906883
5_2579,1,0,0.2072229305210343,1.0,0.7058200243915831
5_2580,1,0,0.1385251429102855,1.0,0.7244609186028285
5_2585,1,0,-0.46436285236888264,1.0,0.8595316754270809
5_2586,4,0,0.8120760005589649,1.0,0.5503589830476358
5_2592,38,2,2.8391464850668764,0.0554547523593632,0.2507772814654815
5_2596,2,0,1.867434045345648,1.0,0.22352299954857147
5_2597,4,0,0.5239114792421008,1.0,0.6386215216323274
5_2598,1,0,-0.6007357556377116,1.0,0.8824378723570974
5_2599,1,0,-1.0082926301399229,1.0,0.9348787941817303
5_2603,4,0,2.253041355178721,1.0,0.15515164146678817
5_2604,1,0,0.25185818680703936,1.0,0.6934044438241003
5_2609,1,0,1.3927798285196258,1.0,0.3420909759572157
5_2610,52,3,-0.0859434111531243,0.015352625733659125,0.9473451003937893
5_2613,17,0,2.26631729298204,1.0,0.24086190901309712
5_2614,7,3,1.6156930501302331,3.396253015000008e-05,0.33110294782590033
5_2619,5,1,3.2886725597971007,0.049009950100000046,0.03546092488078978
5_2621,17,0,2.0173121611257407,1.0,0.3036108852379853
5_2622,1,0,1.5157598017178557,1.0,0.306744803602071
5_2623,5,0,-0.4060543246811294,1.0,0.8666600232599716
5_2624,1,0,-0.41735577206758606,1.0,0.8509764698755903
5_2626,1,0,1.2795611515644845,1.0,0.37591286099266097
5_2630,1,0,1.434459074369908,1.0,0.3299359292469297
5_2632,1,0,0.10729619886752269,1.0,0.7327383897860856
5_2633,7,1,0.4213945368129141,0.06793465209301006,0.6914720005007756
5_2634,10,0,0.7974689268207714,1.0,0.6063937880306719
5_2635,17,1,0.7627082411473409,0.15705680661607327,0.6702824469653367
5_2637,68,3,3.10102874713158,0.030975568414083013,0.37558595763805536
5_2639,8,1,1.9766856242064128,0.07725530557207996,0.2434263512501691
5_2640,1,0,-0.6130519350822016,1.0,0.884368192361211
5_2642,86,4,3.106568685127454,0.011094603304131206,0.47671398603215953
5_2643,9,1,1.0332973804158518,0.08648275251635919,0.5257728227148013
5_2644,3,0,0.7718232833215171,1.0,0.5540010669246082
5_2650,1,0,-0.49267486546234246,1.0,0.8645203443209957
5_2651,3,0,1.1132427406957917,1.0,0.4461197787751062
5_2652,1,0,0.6541855655236107,1.0,0.5729228998288546
5_2653,1,0,0.9022216806502168,1.0,0.4942114103580636
5_2656,1,0,2.182835070316949,1.0,0.14951974699616888
5_2671,1,0,-0.2736946623752937,1.0,0.8227142153805309
5_2672,53,5,0.9529421463667299,0.0001924875932574295,0.8197433644271177
5_2673,2,1,2.5011414875623803,0.01990000000000002,0.1028585664208721
5_2681,1,0,0.747489331901149,1.0,0.5434837903559943
5_2682,19,2,3.3312501425315495,0.015273761488896639,0.0717099543983869
5_2684,19,1,3.2167594854360657,0.1738313761644134,0.0843244900594966
5_2685,1,0,0.8843643890253704,1.0,0.4999076169265191
5_2686,61,5,3.6370887281650113,0.00037353009609219194,0.21342882781713124
5_2687,52,1,2.413230802184857,0.40703355359850063,0.45546653775420143
5_2689,5,0,1.1501847253456352,1.0,0.4531143161345611
5_2690,16,1,-0.16520905142375666,0.1485422289051245,0.8705463866021811
5_2694,2,0,-0.8427103744333169,1.0,0.9191993665967007
5_2695,2,0,-0.6012363097544741,1.0,0.8863311505482371
5_27,1,0,0.9018020699798692,1.0,0.4943452508358279
5_2701,17,3,4.436208539303613,0.0006121919068227356,0.009266579961067833
5_2702,1,0,1.5142379489773745,1.0,0.30717226020495847
5_2704,1,0,0.9102240561022169,1.0,0.49165908694555593
5_2706,15,0,1.2262564797431406,1.0,0.5182488182834007
5_2708,36,1,1.6291776559600213,0.30358678195042654,0.5636820700107485
5_2711,9,0,0.5492131105240501,1.0,0.6707715274972073
5_2714,4,0,1.4270442335607385,1.0,0.3592560982363936
5_2715,1,0,1.6539757893075298,1.0,0.2690737376862906
5_2718,3,0,0.9185027523374392,1.0,0.5076768430315892
5_2719,38,3,1.8730156124115545,0.0064969031304781205,0.5085386029535438
5_2720,1,0,1.2430795521124214,1.0,0.38703240584405907
5_2723,34,3,0.7313568702257192,0.004746994797058528,0.7807769751041298
5_2725,6,0,2.0025026943105892,1.0,0.22203061435181604
5_2729,17,0,0.8916672375065042,1.0,0.6340341916614186
5_273,1,0,2.020917577483956,1.0,0.18166838395021467
5_2731,5,0,-0.6181200018707892,1.0,0.8994019392502299
5_2732,4,0,-1.2918334774516942,1.0,0.963492168948964
5_2737,9,1,2.4498979100453147,0.08648275251635919,0.1492286512557479
5_274,150,15,4.694887131252212,4.5683650743317195e-11,0.37297668605169043
5_2741,2,0,0.6792254863703474,1.0,0.5740458095193979
5_2744,1,0,0.9087544789837851,1.0,0.4921277797738718
5_2749,1,0,-1.8989792825214056,1.0,0.9869709314915941
5_276,3,0,1.530120771752889,1.0,0.3203686984043346
5_277,1,0,1.8687869440938034,1.0,0.21552946958398977
5_2779,3,0,0.07348942265184694,1.0,0.7550858673434677
5_278,2,1,3.39318292767906,0.01990000000000002,0.024054156343157773
5_2780,1,0,0.8674223871297053,1.0,0.5053118956362103
5_2785,2,0,-1.042784018236892,1.0,0.9405219545526952
5_2786,16,0,3.1207498877168707,1.0,0.08394593358693059
5_2787,3,0,-0.8007785076123008,1.0,0.9169984880006641
5_2788,74,1,1.8001178287779278,0.524659957994293,0.7363372794223928
5_2792,2,0,-1.8820428018979058,1.0,0.9870624515204341
5_2793,2,0,-1.4730168347053538,1.0,0.9714194526984578
5_2795,25,1,2.223200635836691,0.2221786406008534,0.3111747731370613
5_2797,1,0,-0.4466981746041566,1.0,0.8563566816559925
5_2800,58,1,2.6434525564656766,0.44173386145213633,0.43267676099802355
5_2802,35,1,1.9431321787441287,0.29655230500043084,0.4660761206178732
5_2803,2,0,0.6251465041631894,1.0,0.5908711145937666
5_2806,1,0,-1.1160965705001256,1.0,0.9451282651023691
5_2808,7,1,1.6871583247990685,0.06793465209301006,0.31103020518789726
5_2811,2,0,1.47997807400111,1.0,0.3258014455729956
5_2813,35,1,4.6664438333530756,0.29655230500043084,0.019920115916699177
5_2815,1,0,-0.9346703725193005,1.0,0.9270653651003992
5_2816,5,0,1.3226425088853933,1.0,0.3997710623001719
5_2821,13,1,0.744272155299992,0.12247897700103212,0.6457794267355247
5_2825,30,1,1.6966147684778747,0.2602996266117198,0.4993629622176259
5_2832,1,0,0.09564684348091188,1.0,0.7357936860012475
5_2835,7,1,1.90347627763622,0.06793465209301006,0.253784340599866
5_2838,1,0,1.2117694909376553,1.0,0.3966505589520922
5_2839,4,0,1.1430991012854101,1.0,0.446076193828708
5_2842,1,0,1.2564677264011515,1.0,0.3829403870371153
5_2843,1,1,2.4742293448260075,0.010000000000000009,0.10177617607737754
5_2844,1,0,1.6901945536708827,1.0,0.25960051411978746
5_2849,1,0,-0.09009054835205961,1.0,0.7819947017707165
5_285,2,1,0.5327472704194638,0.01990000000000002,0.6192192736070401
5_2850,1,0,1.4989061527194587,1.0,0.3114931865181084
5_2854,2,0,1.4936571105586276,1.0,0.32188323514384987
5_2857,1,0,0.10788842378567597,1.0,0.7325825910405779
5_2858,27,0,0.3567347176129467,1.0,0.8238471259932587
5_2860,1,0,0.05046949233636339,1.0,0.7474718053429547
5_2862,8,1,0.1852453294338312,0.07725530557207996,0.7597936066691898
5_2864,13,0,-0.07293400938409572,1.0,0.8421441457619872
5_2865,2,0,0.7657826328003793,1.0,0.5468456275178823
5_2867,2,0,0.304596344824381,1.0,0.6862587058497175
5_2868,7,0,0.5007245349128796,1.0,0.6692324559118925
5_2871,1,0,0.9087544789837851,1.0,0.4921277797738718
5_2872,11,3,4.06462243862996,0.00015537262915503648,0.012534584309733865
5_2877,6,0,0.49136984437578,1.0,0.6641504809480888
5_2878,8,0,-1.4785108673208105,1.0,0.9776117480848906
5_2879,3,0,0.1866785441885435,1.0,0.7259656423523514
5_2880,18,0,2.1741022280311735,1.0,0.270782188169819
5_2881,10,1,-0.2718266425002913,0.09561792499119559,0.8645513674220511
5_289,3,0,-0.5785374004522218,1.0,0.8865912997500627
5_2893,3,1,2.890658196088771,0.029701000000000026,0.06086240754897432
5_2894,1,0,1.6901636003448632,1.0,0.2596085359976835
5_2895,1,0,-0.7734522122459979,1.0,0.9074752806529538
5_2896,11,0,-0.820288893482213,1.0,0.9387835028572242
5_2899,34,3,2.009849873180685,0.004746994797058528,0.4393474918570157
5_290,2,0,2.6005072065638304,1.0,0.08937280871358533
5_2900,2,0,-0.04675365576764206,1.0,0.7779559861755463
5_2901,3,0,0.61607335684269,1.0,0.6023811562674504
5_2902,1,0,0.9000175709992544,1.0,0.4949144477600068
5_2907,77,6,3.056807836976611,0.00012918902702007724,0.4396904677242376
5_291,195,7,3.489719695098048,0.00374410541498048,0.7393909723635236
5_2915,1,0,1.1893174783124771,1.0,0.40358690216697024
5_2918,40,4,1.2074556122696358,0.0006856064270094555,0.7029793720505655
5_2919,1,0,0.9796303053692529,1.0,0.469547776261263
5_2921,1,0,1.6441524310801336,1.0,0.27167267768275916
5_2922,156,11,4.354961607094266,6.15897400249838e-07,0.46831820479386466
5_2923,84,3,1.013040038924199,0.05245461084004917,0.8970803423945026
5_2925,13,1,2.7283655087203167,0.12247897700103212,0.12423608436913425
5_2927,1,0,1.5238294050638568,1.0,0.30448262085692723
5_2931,1,0,-0.0762029949429637,1.0,0.7787097729845982
5_2934,5,0,0.09786869280947234,1.0,0.7620555147855246
5_2936,2,0,0.5692273123914073,1.0,0.6080942517910639
5_2937,6,0,1.389070530699232,1.0,0.3887344335144246
5_2938,5,0,1.6495129823942654,1.0,0.30433243300079194
5_2939,3,0,2.2138538587697876,1.0,0.15627794294738273
5_2943,51,5,3.2268802723306833,0.00016019410629843802,0.24381678280038654
5_2946,11,1,2.021705381262886,0.10466174574128365,0.2554549925572469
5_2948,7,0,0.6295257611142487,1.0,0.6318486192441626
5_2954,1,0,0.09853132401659805,1.0,0.7350388285797775
5_2955,69,5,3.060380657757632,0.0006606076155544952,0.39191947048235565
5_2956,1,0,0.9032968648988033,1.0,0.4938684688630631
5_2957,6,0,-1.1610194172013493,1.0,0.9576594530623693
5_2958,8,0,0.7477283387292687,1.0,0.6047878072069786
5_2959,33,0,3.098199002117214,1.0,0.1676089152891821
5_296,16,1,-0.1622596564220053,0.1485422289051245,0.8700709595049507
5_2965,6,2,2.837393906200648,0.0014604476050000025,0.07746054243274136
5_2967,1,0,1.9558802195668041,1.0,0.19571661110533733
5_2968,2,0,1.2679711241846923,1.0,0.38875649412908075
5_2969,9,0,1.7083885865263704,1.0,0.32216271425175824
5_2974,1,0,0.8842237500655393,1.0,0.4999524802316081
5_2975,10,0,2.625431677931362,1.0,0.12491191541304647
5_2978,25,2,1.6183379852540998,0.025759105399048503,0.4829541493437072
5_298,77,3,4.926947909834953,0.042356184373201836,0.08442023907951168
5_2980,1,0,1.5169551816934146,1.0,0.3064092305256628
5_2982,4,2,1.2469196258123698,0.000592030000000001,0.41379226866696284
5_2983,3,0,0.5911987711041846,1.0,0.6099840267307015
5_2985,3,0,2.808268416419817,1.0,0.069154434484477
5_2986,1,0,1.8909539476885164,1.0,0.21037933652135
5_2990,1,1,2.69247993046973,0.010000000000000009,0.0740871992450125
5_2992,6,1,2.340776096365961,0.058519850599000056,0.15114053977184416
5_2993,3,0,0.8927817419611787,1.0,0.5158253794946491
5_2994,26,2,2.8123939313197486,0.027723300751066573,0.18191886544516656
5_2996,1,0,1.6521359980359691,1.0,0.2695595352825719
5_2998,18,2,2.426656998400528,0.013756463740805566,0.21125489401958997
5_3,92,4,5.343377427418124,0.01393187159542679,0.08074338240495016
5_30,2,0,0.860526305278631,1.0,0.5168234226702941
5_3000,26,0,0.3448548824361885,1.0,0.8216459944025805
5_3002,8,0,0.3657294509338145,1.0,0.7137912120421814
5_3003,5,0,1.2492060062605659,1.0,0.42231801945556735
5_3004,1,0,-0.3316209740494762,1.0,0.8344937636039317
5_3005,1,0,1.93976758272032,1.0,0.1992963276375257
5_3006,143,1,2.8260872392338237,0.762407445211707,0.7584257571015494
5_3008,1,0,0.796280288441638,1.0,0.5279831316780657
5_301,1,0,2.1050591446684286,1.0,0.16445658890818105
5_3010,54,3,3.5393349401557903,0.01698022515559389,0.1964087055304249
5_3013,111,4,1.4923251824421933,0.02577445095918823,0.8909631662192041
5_3015,73,6,0.41974088707844065,9.596245776107457e-05,0.9370285590394688
5_3017,3,0,1.443360347185278,1.0,0.34541111584702366
5_3018,21,1,2.277551849710328,0.1902721317787416,0.26735890666731166
5_3019,57,1,1.5966624731173973,0.4360948095476124,0.7021033085465774
5_3020,2,0,1.1319415055183906,1.0,0.4308767845618773
5_3023,2,0,0.12189540672154556,1.0,0.7359439542192494
5_3024,9,0,2.0732224665747645,1.0,0.22780725484118047
5_3026,136,6,-0.1670021759255872,0.002602579017778239,0.9919453527872938
5_3028,114,7,2.3072696287979912,0.00016186504770439322,0.7767628805978768
5_3029,46,3,2.197820704598691,0.011020744391618396,0.4738921721413982
5_3030,1,0,1.5691863236449894,1.0,0.29190820273878226
5_3031,1,0,1.5562048014524739,1.0,0.29548234445311017
5_3032,34,0,0.8925992771455499,1.0,0.7446832475364309
5_3036,155,8,1.5232301883100368,0.00018723856400558564,0.937349934356421
5_3038,5,0,-0.08682565375527214,1.0,0.8047560602480623
5_3039,44,2,1.2753705169190754,0.07178324143318462,0.7091399203462001
5_3041,2,1,3.113007638702633,0.01990000000000002,0.03979212591987413
5_3044,13,1,2.7156974240496425,0.12247897700103212,0.12624709899549513
5_3047,1,0,1.0026289548474328,1.0,0.46223822510223356
5_3049,4,0,0.7983014218412282,1.0,0.5546731029009897
5_3056,1,0,-0.5635141903837758,1.0,0.8764658363127358
5_3057,9,3,4.394881746327146,8.029476538112821e-05,0.005293011876305487
5_3058,2,0,-1.163512709142792,1.0,0.9510777134085542
5_3059,2,0,1.2146814210525456,1.0,0.4051309269811717
5_3060,13,0,1.9701297300759775,1.0,0.2842965458998329
5_3062,2,0,2.138298356034977,1.0,0.16447404125557363
5_3063,2,0,0.8034673193637349,1.0,0.5349265693250385
5_3064,71,0,2.0152553654629837,1.0,0.6734944678047914
5_3066,28,2,0.7078610048664735,0.03182475277917828,0.7543752040645709
5_307,1,0,2.15175827125426,1.0,0.15537580363549497
5_3070,4,1,-0.4632676857693471,0.039403990000000035,0.8721389942316151
5_3071,22,1,-1.6567411914947396,0.1983694104609542,0.990666943245139
5_3072,1,0,1.6483606393205597,1.0,0.2705577945427424
5_3075,2,0,1.4343401217695413,1.0,0.3390116883678522
5_3084,1,0,0.9087544789837851,1.0,0.4921277797738718
5_3085,5,1,0.5375110777788903,0.049009950100000046,0.642766893108504
5_3090,2,0,1.846279300629166,1.0,0.22859310544055722
5_3095,194,12,2.059954790175451,7.82505090678271e-07,0.921734046509098
5_3098,33,1,1.200184252149601,0.2822694674017251,0.661627677432053
5_3100,7,1,2.231371354316869,0.06793465209301006,0.1788246441956225
5_3103,12,2,-0.030726003761055488,0.006174537772824754,0.8294330237686471
5_3104,43,5,5.333033316646378,7.01407919082506e-05,0.009629625136582054
5_3107,74,8,6.318088345672831,8.379079855382095e-07,0.009529607820079167
5_3109,108,1,1.521518501824788,0.662245599101098,0.8822656319640492
5_3110,14,0,-1.579837893158424,1.0,0.9853315791517069
5_314,58,4,2.4296630311153367,0.0027606260549885154,0.49060485944231025
5_315,1,0,1.0881370719278565,1.0,0.43519258896762536
5_316,19,2,1.7297345780258961,0.015273761488896639,0.40068330131747487
5_317,2,0,1.8822568041444319,1.0,0.22000890964212028
5_318,3,0,2.0711311572119095,1.0,0.18499699742086562
5_319,114,6,0.8464454847879734,0.001062631077553578,0.950730071852125
5_320,10,1,-1.8271199211641798,0.09561792499119559,0.989550023579434
5_321,1,1,2.3465975322843065,0.010000000000000009,0.12111306762055674
5_323,69,5,1.6976758119542612,0.0006606076155544952,0.7367296982519502
5_325,7,0,1.6733299736816298,1.0,0.3148730204780773
5_327,8,0,-0.25244793148944517,1.0,0.8526642410469762
5_331,71,6,2.3955934102919603,8.211993136167054e-05,0.5782333641738204
5_333,3,0,0.2041067852457952,1.0,0.7213344769181694
5_334,1,0,0.9792166166094448,1.0,0.4696793584560153
5_335,179,11,6.977426861543904,2.377404249204584e-06,0.08468287700519439
5_339,2,0,-1.3633870219709239,1.0,0.9652149223411799
5_343,3,1,2.8275033611529605,0.029701000000000026,0.06714464245807172
5_344,6,1,1.3176586388668419,0.058519850599000056,0.410436530817305
5_346,1,1,2.8276583156649098,0.010000000000000009,0.06008036343556955
5_348,4,1,1.7370051393428003,0.039403990000000035,0.272284760370318
5_351,1,0,-0.6099634796312341,1.0,0.8838862658225388
5_359,1,0,0.8093412243775531,1.0,0.5238255470122193
5_360,9,0,-0.1361854106243082,1.0,0.8355638320337448
5_37,17,0,1.4809610189530293,1.0,0.45783587237938084
5_375,101,8,1.3984890014425846,8.84883930489337e-06,0.8841807132361141
5_379,78,9,2.554391252270361,9.792593405138912e-08,0.5756820953529351
5_38,1,0,1.2367766313649646,1.0,0.3889632440920714
5_380,2,0,1.2437185182096644,1.0,0.39618605535356244
5_382,9,1,1.7588508542111052,0.08648275251635919,0.3081853894500235
5_383,1,0,-1.2156969144729977,1.0,0.9534228260697988
5_385,2,1,1.3516604368640486,0.01990000000000002,0.3634455376947612
5_386,11,1,2.8292173827591682,0.10466174574128365,0.09972745543227046
5_387,8,0,2.8779020106003887,1.0,0.08074129632392313
5_39,18,1,2.647172159489947,0.16548623854991254,0.16617527131670262
5_390,4,2,-0.4972096621559708,0.000592030000000001,0.8776745942164795
5_394,2,0,1.7677701254489917,1.0,0.2479628681749897
5_395,11,0,1.0545628375163596,1.0,0.5366310457602849
5_396,65,7,3.916162637762232,4.1905133698340255e-06,0.18066261496988845
5_397,55,5,0.5232425976673533,0.00022951601119788233,0.892251102002991
5_398,6,0,2.0047555705794102,1.0,0.22150326708930812
5_4,1,0,1.029330277903649,1.0,0.45376800608164114
5_400,12,1,0.8533971791884706,0.11361512828387083,0.6060223380723051
5_403,168,16,4.223475043368213,2.1953961732382756e-11,0.5331124591443455
5_406,7,2,1.7858178525687791,0.0020310416349400033,0.28422755797713184
5_407,1,1,2.7639089025980867,0.010000000000000009,0.06640341097839542
5_408,44,0,1.140868824500046,1.0,0.7408377633238988
5_41,15,1,0.8663185196467151,0.1399416453587116,0.6260080446207223
5_413,25,3,1.8500225791072304,0.001950676889738825,0.4148743641653564
5_414,64,3,3.9678552992183804,0.02651229078139653,0.16722797030949943
5_417,1,1,2.8450324420094426,0.010000000000000009,0.058441527409209604
5_42,22,1,2.8450495271039777,0.1983694104609542,0.15288093478520182
5_420,100,6,1.8607544229790531,0.0005345344639930353,0.8152229795146634
5_422,1,0,-0.23330934830144018,1.0,0.8141961802397077
5_423,10,0,0.6650536484127811,1.0,0.6453686791255232
5_426,5,1,-0.205468579914557,0.049009950100000046,0.8295511187974205
5_428,1,0,-0.8844328433537298,1.0,0.9213348636467529
5_438,3,0,2.2416192203203833,1.0,0.15105192151361613
5_440,209,12,2.2287666203519887,1.7098041751785083e-06,0.9156155035126029
5_441,6,0,0.5473110226696687,1.0,0.6479511996635676
5_442,1,0,0.5031779870986856,1.0,0.6196520309383138
5_443,45,1,4.293861766110973,0.36381451393612907,0.05928781350700041
5_445,19,0,0.017196510737892745,1.0,0.8517590747768606
5_446,2,0,1.237182332550117,1.0,0.3981949465779251
5_447,94,5,3.618001895697447,0.0026281669079871255,0.39045265228734305
5_448,16,0,2.5572512475719544,1.0,0.17132997998559485
5_449,2,0,1.4843913356012104,1.0,0.32453518429264383
5_451,12,0,1.0387634221948632,1.0,0.5500455552007251
5_452,88,4,1.4261260298195972,0.011994656503854595,0.8516695096096683
5_455,14,0,0.9561135079969669,1.0,0.5916465752732332
5_458,47,2,3.6686337368988213,0.08045749844328065,0.14016037772709766
5_459,35,5,2.695914500216861,2.5278422335681144e-05,0.2644254770884016
5_460,1,0,0.15160085374510612,1.0,0.7209580375579442
5_461,1,0,0.908921318106017,1.0,0.49207456914574144
5_463,2,0,0.9385441609155663,1.0,0.49202181379158527
5_467,157,4,2.101302122710149,0.07376676105646388,0.8876890197542959
5_469,2,0,-0.3903370515246038,1.0,0.8506332304419779
5_470,1,0,0.1385251429102855,1.0,0.7244609186028285
5_475,27,0,1.1516480552544763,1.0,0.6339480700513656
5_476,2,0,0.42294878674375175,1.0,0.6520803896351057
5_477,1,0,0.6572680755158368,1.0,0.5719558459737218
5_478,7,0,0.7547725921352302,1.0,0.5942535408992677
5_479,1,0,-0.6465623991250411,1.0,0.889506025139392
5_48,1,0,-0.6170430965771035,1.0,0.8849888713843135
5_480,2,1,2.825639053895214,0.01990000000000002,0.06374645776249321
5_481,1,1,3.160046058935107,0.010000000000000009,0.03438877315989142
5_482,22,1,0.9014205804005553,0.1983694104609542,0.6676896821722655
5_483,40,1,3.1958363929304987,0.3310282414303197,0.18760334734745188
5_485,2,0,1.4213011713478723,1.0,0.3428234626388007
5_486,17,0,2.7837097511435815,1.0,0.13626358698105867
5_488,68,5,2.1393351171157424,0.0006178038260051442,0.6273546008291363
5_49,1,0,-0.3267707290000428,1.0,0.8335273176618798
5_492,2,0,1.050192012638913,1.0,0.4566068318835831
5_495,127,7,5.225664579398184,0.000314183696292154,0.19412732565996493
5_497,43,1,1.0596236125533531,0.35089737163159784,0.7540761885234375
5_499,13,0,-0.15220493895952347,1.0,0.8564168277179429
5_5,55,4,2.4289688137067036,0.002272285419051054,0.471203359032903
5_500,1,0,0.5819081656649546,1.0,0.5954603524267166
5_503,8,2,3.5312958487160886,0.0026900777395207046,0.027997346298870185
5_505,1,0,2.150557587414318,1.0,0.15560505473110053
5_507,12,3,0.8980719667728918,0.00020561607776663676,0.5926847605669886
5_508,13,1,2.758852703822717,0.12247897700103212,0.1194885169951565
5_510,27,3,5.009229820514765,0.002444106570594271,0.006033875553338119
5_511,1,0,1.6521359980359691,1.0,0.2695595352825719
5_512,115,5,0.6122804563285951,0.006192287019831411,0.9642655665414742
5_519,49,2,2.953362497728736,0.08641059140541359,0.2943664459420767
5_520,10,0,1.784281283932947,1.0,0.3095848252572151
5_523,161,9,2.446852526177499,4.078012814063199e-05,0.8512460232332295
5_524,2,0,2.145488332103111,1.0,0.1630584283252714
5_526,1,0,0.7537671708348995,1.0,0.5414925534306281
5_528,78,4,2.0834086452511613,0.00793277154121152,0.6909381488811851
5_529,9,1,0.07882259323605861,0.08648275251635919,0.7906749768406516
5_53,1,0,1.5142379489773745,1.0,0.30717226020495847
5_531,12,0,1.467392373609446,1.0,0.4186581569534793
5_532,1,0,0.7763747989644189,1.0,0.5343134771144247
5_534,6,1,2.692146091143538,0.058519850599000056,0.09542629780304934
5_535,48,6,4.607366462950849,8.559985217362771e-06,0.043039220905811026
5_537,2,0,0.6356010034732866,1.0,0.5876304744944749
5_539,46,5,4.365597924777421,9.742899389210385e-05,0.055938957855256155
5_540,51,1,2.571450585413262,0.401043993533839,0.4056034672071175
5_541,4,0,2.054219947136495,1.0,0.19568603309401889
5_542,373,20,5.758358898111684,2.3017973656599832e-09,0.3083957501287983
5_544,3,0,2.307129122659819,1.0,0.13918729057496804
5_546,114,8,1.7225914526421355,2.1485926169455475e-05,0.8681707480178507
5_549,68,5,1.3361819669305808,0.0006178038260051442,0.8053742649046749
5_55,1,0,1.2938645828206765,1.0,0.3715805878609114
5_552,91,8,3.4025176402568134,4.0649157438643775e-06,0.4281927300720346
5_554,18,0,0.13832355900581855,1.0,0.8248983649701004
5_556,31,1,3.07357152193045,0.2676966303456026,0.16126017482218757
5_557,7,2,4.476367618524865,0.0020310416349400033,0.003670170941549533
5_558,3,0,0.9168747178161712,1.0,0.5081927427404624
5_56,42,2,2.651956563842472,0.06618232221258309,0.32280759327766506
5_562,4,0,0.7832798270676905,1.0,0.5593703945245675
5_564,1,0,-0.2536447776814251,1.0,0.818516584183683
5_565,1,0,2.038348487454207,1.0,0.17801320435441959
5_567,5,1,2.5845798049000885,0.049009950100000046,0.10562283858147381
5_571,16,1,2.7590027279388414,0.1485422289051245,0.1350335246981178
5_572,11,0,2.309857850484317,1.0,0.18924264034234928
5_573,2,0,1.646223035910868,1.0,0.27959734245336043
5_574,3,1,0.8263265115670062,0.029701000000000026,0.5368398504943551
5_576,1,0,-0.5296436849007495,1.0,0.8708496197853701
5_579,12,0,1.89190287145689,1.0,0.29693029674307514
5_58,1,0,1.247943174779273,1.0,0.38554438822296666
5_582,5,0,-0.32905994359448293,1.0,0.8531315849583725
5_588,1,0,-0.3827029862787347,1.0,0.844451284891446
5_592,8,0,0.45693738840316434,1.0,0.6890527560141408
5_595,1,0,0.1385251429102855,1.0,0.7244609186028285
5_597,7,0,1.3259297648707637,1.0,0.41700643869727005
5_599,10,0,1.5658900179199582,1.0,0.37172359763284346
5_601,6,0,-1.9356966252978696,1.0,0.9901961816250607
5_602,555,57,13.02790590713981,2.4493003985256443e-38,2.2439150537678643e-10
5_604,45,5,3.487943232202972,8.756132262246303e-05,0.16043961772105342
5_605,4,0,1.3425053135299847,1.0,0.3845706130238169
5_606,115,7,5.386620624742399,0.00017087270800288516,0.13492374191767453
5_608,1,0,1.0041894630602022,1.0,0.46174268989144474
5_609,2,1,1.490331340577675,0.01990000000000002,0.3228340665141537
5_61,26,3,4.060324941607537,0.0021887611748319237,0.03336828238995082
5_610,1,0,1.1913558939644753,1.0,0.40295586358109625
5_611,68,4,5.158924028207714,0.004898182780940207,0.045439391197991674
5_612,1,0,1.6512428337136502,1.0,0.2697955340378201
5_614,31,2,3.0447203455795893,0.03838951459523551,0.16647421925129835
5_615,1,0,1.1484378402428241,1.0,0.4162930203384678
5_62,1,0,0.08063873553049528,1.0,0.7397034960903239
5_620,12,2,3.116915806796675,0.006174537772824754,0.06949827340044235
5_622,13,1,3.2829657123354834,0.12247897700103212,0.056917864630226966
5_623,120,7,4.403148049343883,0.00022219041521507493,0.3271721901532706
5_624,9,2,4.174936504076065,0.0034357300178462975,0.00854876185206177
5_627,3,0,1.8437380673251358,1.0,0.23704890267079004
5_628,8,0,2.9860051813571062,1.0,0.06881925414681955
5_63,1,0,1.3999439886504843,1.0,0.3399895490917574
5_630,3,0,-0.4630243701225635,1.0,0.8679656685967239
5_632,1,0,2.086074711519248,1.0,0.1682445891895783
5_636,2,0,1.8150404727987661,1.0,0.23619679905792768
5_641,1,0,0.8654662725372795,1.0,0.505935826859783
5_642,2,0,2.0907195071943083,1.0,0.17404171263790058
5_645,1,0,1.886557616332122,1.0,0.2113949677868392
5_647,2,0,-0.7512571380223454,1.0,0.9077151829421048
5_648,7,1,1.5976986522744168,0.06793465209301006,0.33623756339536737
5_649,12,0,2.0616310707694057,1.0,0.2532298998603889
5_65,5,1,1.2126958383470932,0.049009950100000046,0.4336280500260459
5_650,9,3,1.055714521476044,8.029476538112821e-05,0.5188116385359443
5_653,1,0,0.1604052173321978,1.0,0.7185872803872271
5_654,9,0,-1.401732065106737,1.0,0.9751780729922286
5_655,25,1,1.5199223841434126,0.2221786406008534,0.5121428481599253
5_659,2,0,1.565754279213069,1.0,0.3015657992532478
5_66,135,14,3.309623792599995,1.2296372105645252e-10,0.6378717159646174
5_661,26,1,2.434777789088358,0.2299568541948449,0.26498027417999737
5_666,29,3,3.89481792380691,0.0030081981768577204,0.0507568506975099
5_669,2,0,-1.3576474495540518,1.0,0.9648617638252617
5_67,3,1,3.687475355519151,0.029701000000000026,0.014605703158430905
5_671,1,0,0.5057869225098182,1.0,0.6188572566619754
5_673,3,0,1.824593278079099,1.0,0.24177083287086787
5_674,1,0,0.8592066049559921,1.0,0.5079323338515811
5_678,28,2,3.3090456101273316,0.03182475277917828,0.1093905316841739
5_679,1,0,0.6165827126296075,1.0,0.5846828111924507
5_68,3,0,2.86581453460109,1.0,0.06327653309765213
5_680,2,0,0.25967021585740013,1.0,0.6988446369471193
5_681,2,0,0.6526432379962191,1.0,0.5823350626611623
5_682,27,2,3.9115505646604363,0.029745636285504362,0.044708691349250373
5_685,66,4,2.1040482029855774,0.004403453407134823,0.6253523025685712
5_686,9,2,4.057797850475456,0.0034357300178462975,0.010915904768846851
5_688,373,34,7.139043718864296,7.230280643552465e-22,0.11801801597439143
5_689,9,1,-0.48217087769771394,0.08648275251635919,0.8936400730448871
5_69,1,1,2.5207767187636447,0.010000000000000009,0.09531541549017564
5_690,4,1,0.629573289387647,0.039403990000000035,0.6068425833661811
5_691,6,1,1.7635575212476888,0.058519850599000056,0.2818624038446844
5_692,1,0,-0.3327236177132611,1.0,0.8347129659062905
5_694,1,0,0.316544518572196,1.0,0.6750136439767456
5_695,93,8,2.110626437660635,4.785708019215996e-06,0.7466085171906538
5_696,2,0,1.8421051870342615,1.0,0.22960108035401716
5_698,5,0,2.782418282481539,1.0,0.07981358560873919
5_70,21,2,1.6190634047818013,0.01851167488332298,0.4500486748779452
5_700,7,1,1.5775818677018743,0.06793465209301006,0.3420141361392497
5_701,1,1,3.593008070184747,0.010000000000000009,0.0151526556832281
5_703,2,1,4.013337932088857,0.01990000000000002,0.006742632433756723
5_705,2,0,1.1938431003305232,1.0,0.41158114716235716
5_710,72,5,2.001049055121062,0.0008023757705554156,0.6817859815208116
5_711,46,7,4.482877982068459,3.8028083277360135e-07,0.047234878258325064
5_712,114,12,2.2035662640806195,2.150686527392957e-09,0.7951819860777869
5_717,34,4,3.1016679433980423,0.0003648914330466054,0.1724188312884256
5_72,1,0,2.053602706384074,1.0,0.17485279516751595
5_721,9,1,3.376349553947972,0.08648275251635919,0.03903314215305698
5_722,3,0,1.4573582770431215,1.0,0.3413210493094776
5_724,330,23,5.997240764991929,7.802244195712617e-13,0.31402924874583515
5_730,65,3,2.3441219652516296,0.02759340752341423,0.5570974776253518
5_733,165,10,3.0231874254585622,7.64570674986249e-06,0.7703354463129115
5_736,14,1,2.122108443441059,0.13125418723102178,0.2535088304750719
5_742,15,1,3.2924699137392053,0.1399416453587116,0.06227288465490011
5_743,109,14,4.081541904668028,6.590647898217969e-12,0.35233727821774863
5_746,41,2,1.4423829921001377,0.0634395380024474,0.6489100582383283
5_747,100,5,5.183117731761464,0.0034323215877545333,0.1189868783533341
5_751,38,5,4.276562495643165,3.8123510750696654e-05,0.044212398353089655
5_754,11,1,-1.3948778081373245,0.10466174574128365,0.9766962894295037
5_755,1,0,1.817251974095321,1.0,0.22778138273454118
5_756,169,12,2.292093850425417,1.783679710490955e-07,0.879959518345903
5_757,2,1,2.0451556073558526,0.01990000000000002,0.1835290465086733
5_759,166,11,4.987617869551182,1.1386880280510593e-06,0.35882640138853394
5_76,11,0,1.2881644432983013,1.0,0.4645203893191375
5_761,1,0,-1.1908119921949183,1.0,0.9514511776946233
5_764,1,0,-0.7429192011015466,1.0,0.9033626776273895
5_766,3,0,1.4881382620165973,1.0,0.3323932635500231
5_767,241,18,7.988580007705106,7.385217184701621e-11,0.05921009087099793
5_77,16,1,1.397069898600705,0.1485422289051245,0.47471536976152073
5_771,62,9,4.980918991530324,1.2578329206255543e-08,0.045866836342374984
5_774,18,2,3.4085927247744254,0.013756463740805566,0.060917522756626985
5_775,740,55,11.855704110120842,7.542983439528534e-30,0.0
5_776,5,0,-0.5316009347622296,1.0,0.8868319021900319
5_777,123,5,2.4420017601593536,0.008169728471086333,0.7772530434598603
5_778,51,2,2.437041985307931,0.09249089929369518,0.4421501669261483
5_78,70,3,1.6788826409090347,0.0333454773282759,0.7451438116569802
5_780,21,1,3.302029210693147,0.1902721317787416,0.08205497555490848
5_783,64,0,2.9294351621481414,1.0,0.39521824978300246
5_784,2,0,-0.009445903568589402,1.0,0.7690046940580451
5_785,30,3,0.04931059409846201,0.0033177093188826454,0.8861742292385888
5_786,5,0,0.3920393719435764,1.0,0.684636485440511
5_789,2,1,2.374479876892167,0.01990000000000002,0.12211524288065856
5_790,2,0,0.0676372092819226,1.0,0.7498874902615477
5_792,70,2,-0.724738310115982,0.1552754194703535,0.9879853845725335
5_793,1,0,1.5546543423352128,1.0,0.2959105671314186
5_794,181,9,4.245906716574579,0.00010046223936951623,0.5609354104083896
5_795,3,0,1.10726863621642,1.0,0.44799655832351226
5_798,5,0,1.7480845164178456,1.0,0.2776639598242374
5_80,45,8,2.312691336775675,1.55016147819575e-08,0.43480028824752814
5_800,4,1,2.5880461030978736,0.039403990000000035,0.10029215558617333
5_801,1,0,-1.5711651186908688,1.0,0.9751898294198459
5_803,5,0,1.5595677333988536,1.0,0.3296155602383193
5_805,89,6,4.709004503631155,0.00028599504825857643,0.14869115053461068
5_806,37,1,2.8366180157138063,0.31055091413092223,0.24494429290459085
5_807,50,2,1.7023215641228335,0.0894353130960309,0.6363393040876939
5_81,1,0,-0.6596915349959894,1.0,0.8914736952573448
5_811,75,4,5.062958201360531,0.006920030433737006,0.06682964167931371
5_814,72,5,2.5361500294504427,0.0008023757705554156,0.5472199560753923
5_818,77,4,4.100048100478935,0.007585060300484339,0.20195618448291563
5_819,4,1,2.929204334036003,0.039403990000000035,0.060563011825382373
5_820,52,3,4.960647419231423,0.015352625733659125,0.03027369161796667
5_821,12,1,2.4404608675291986,0.11361512828387083,0.16928473295600133
5_823,122,8,5.302053305083271,3.5034244663492615e-05,0.16694648775253595
5_824,21,1,1.0115292189258565,0.1902721317787416,0.629835764671893
5_825,24,1,1.5330553589818448,0.2143218591927812,0.5002329888199866
5_827,13,1,0.06618792264798622,0.12247897700103212,0.8149180980330267
5_829,47,2,3.1992054465043775,0.08045749844328065,0.22652623613071643
5_83,33,1,0.33322060590142927,0.2822694674017251,0.8525692358098531
5_830,74,3,0.18859060988308368,0.03835911102038942,0.9548462003069427
5_831,46,0,2.6030989929375545,1.0,0.36299315666530907
5_834,47,5,1.403935911732876,0.00010812836888304305,0.6945853734995393
5_837,119,4,3.2673178276723163,0.03213152498238377,0.5900524856072199
5_838,1,0,1.4632592998634575,1.0,0.32163957229727924
5_839,1,0,-0.3556239569228,1.0,0.8392229860397018
5_848,6,1,-0.2019769667503102,0.058519850599000056,0.8338370303645797
5_849,1,0,1.035290425214226,1.0,0.4518800519484891
5_85,1,0,1.975404434234023,1.0,0.1914316379782368
5_850,94,4,7.522982107360072,0.014970472462132374,0.002999584878783379
5_852,104,4,5.759484391387699,0.02088856396981174,0.06921032999251697
5_855,479,29,5.523708696158291,3.268031853650872e-14,0.12425056112407451
5_861,253,8,3.5315606884896913,0.004320985016056832,0.7840710593082134
5_862,1,0,0.43460621920751313,1.0,0.6403510754538919
5_863,163,7,5.014968921273532,0.001373346446612218,0.34456032752647725
5_865,52,4,2.896024943484169,0.0018469347399827855,0.3276702097518718
5_870,31,3,0.22051867708694653,0.003646012208816228,0.8637311252525306
5_872,1,0,0.40890265573580575,1.0,0.648008757226769
5_873,2,0,-0.22649371025008191,1.0,0.8182102926817845
5_874,3,0,-1.242716524046849,1.0,0.9587417929582565
5_875,8,1,1.9166914910534139,0.07725530557207996,0.25836118253457907
5_877,1,0,-1.2196974200142823,1.0,0.9537337081420737
5_88,1,0,1.6483606393205597,1.0,0.2705577945427424
5_884,13,0,1.1761950827024525,1.0,0.5164763119527485
5_885,15,1,2.8062682254199594,0.1399416453587116,0.12225811166576284
5_887,62,4,2.1190717751308727,0.003517217510990881,0.5987561760232842
5_89,1,0,1.6483606393205597,1.0,0.2705577945427424
5_890,104,10,3.5093081671567607,1.1097378969937802e-07,0.466088882025228
5_891,611,28,7.989229740359797,6.384905484695258e-11,1.0720986668433241e-06
5_893,159,4,3.496589800484979,0.07647096516801687,0.6672056154043862
5_894,1,0,1.5603870467717078,1.0,0.29432867008344865
5_895,4,1,2.5532618725071314,0.039403990000000035,0.10522269224858571
5_897,7,0,0.7817927548630778,1.0,0.5860142345866252
5_898,106,3,1.9758522902505524,0.09073859184095386,0.8123877846947317
5_90,8,0,1.6602498466335367,1.0,0.32712687218740744
5_900,197,9,1.5499465094746319,0.0001899677527480667,0.9559140453348021
5_902,46,1,0.2976943488766278,0.37017636879676774,0.8980690416906536
5_904,1,0,-0.1499853164325482,1.0,0.7958360486147998
5_905,366,22,2.2925177059070823,4.317462273369257e-11,0.8938385841307956
5_906,30,2,1.9240877137777166,0.036147998312240706,0.43313001733290035
5_907,59,3,3.51159972321144,0.021455323007971386,0.22824090614407788
5_908,19,0,-0.9342205276368402,1.0,0.961115758811622
5_909,16,2,1.6581751734040147,0.010932892162518214,0.39638759865138884
5_910,92,6,2.882350359468066,0.0003421370215607794,0.564519664950905
5_911,297,19,2.0680928592564882,3.1159269023269774e-10,0.9377342548858627
5_912,29,1,-0.623366472162341,0.2528279056684038,0.9539977573359564
5_913,136,5,2.81270607880513,0.012250467915905635,0.7433595215212492
5_914,185,6,3.637677611831102,0.011292376946179697,0.6955199395694693
5_916,353,14,2.0508183649938427,1.760365970287425e-05,0.9215934353530655
5_917,221,7,1.039902245417244,0.007303049149651495,0.9793288948020703
5_918,857,38,4.127083461956966,7.964339151239324e-14,0.0
5_92,2,0,1.1615292482790294,1.0,0.4216302801731293
5_921,143,2,2.1251121475419916,0.4192181994063944,0.8663393403095316
5_922,10,1,-2.655997167744474,0.09561792499119559,0.998431569841511
5_923,595,25,5.552972832990447,3.7128762074086073e-09,0.0015024203738309705
5_924,5,0,-0.0888547220932886,1.0,0.805197723063512
5_925,7,1,-0.49240004151223116,0.06793465209301006,0.8881742323264876
5_926,25,0,1.3374778694702485,1.0,0.5659648331540829
5_927,76,5,3.2847893575198452,0.0010252028237396728,0.3760524762528491
5_928,5,1,2.057746859926332,0.049009950100000046,0.20206973059411348
5_930,3,0,0.7092802495552201,1.0,0.5735679134883536
5_931,10,0,1.3596622644845222,1.0,0.43368121656111946
5_932,1,0,1.6634571071057365,1.0,0.266577179057916
5_933,75,6,2.5487799464555785,0.00011159776919565037,0.5607902170056434
5_935,7,0,0.22316219834348808,1.0,0.7439384198723695
5_939,318,29,8.024646761821499,6.837161961850588e-19,0.0694926470102295
5_94,1,0,1.872657599116267,1.0,0.2146249544205967
5_940,1,0,1.0503440922592406,1.0,0.44711654532575706
5_941,78,4,2.318358372425925,0.00793277154121152,0.6349675042981852
5_942,11,3,2.637105453895661,0.00015537262915503648,0.12834443545751673
5_943,16,0,1.3956299578681512,1.0,0.4751529517764479
5_945,1,0,0.4396911130495894,1.0,0.638829352717802
5_946,370,22,4.297594509128246,5.3160781329508146e-11,0.593483684269688
5_947,27,2,1.236777079673829,0.029745636285504362,0.6100232746264354
5_951,13,3,2.904733998025055,0.00026530529471721815,0.09854342615006861
5_953,424,11,3.5962175085562,0.004146523952165754,0.6134891719111304
5_955,186,12,0.0942163838593392,5.003392878370538e-07,0.9931865251844936
5_957,185,4,3.511313063512814,0.11591184478068298,0.7194416754656365
5_958,73,7,4.845951503278752,9.147353663453431e-06,0.08195801570297423
5_964,1,0,0.358918044866517,1.0,0.6627273252292282
5_966,1,0,2.1444834264305537,1.0,0.15676823493039937
5_967,383,22,7.235466127544847,1.0262126925100783e-10,0.1006095888609655
5_968,4,0,-0.17412483559865918,1.0,0.8179492848935395
5_970,397,44,10.844321790101073,2.199367104084839e-31,0.0008394231648632955
5_971,8,0,1.2219837613529543,1.0,0.458139124087658
5_972,14,0,0.7572192806776489,1.0,0.6496949729314161
5_973,270,26,8.028740835948113,1.1122017159461506e-17,0.06666611174561776
5_974,19,3,1.7535127752489652,0.0008594328820314674,0.3937463962213976
5_975,148,11,3.353743831892678,3.639272038512018e-07,0.6676968641762864
5_978,4,0,1.763891153866897,1.0,0.26526093736842893
5_979,1,0,-0.24084558190782077,1.0,0.8158046914876409
5_98,2,0,1.2194666855705107,1.0,0.40365327654279515
5_982,156,6,3.0859267527424565,0.005088128209106463,0.7407439684407547
5_983,2,0,0.5201639938857189,1.0,0.6230344577994333
5_984,1,0,-0.7917621087055816,1.0,0.9098785858728089
5_986,3,0,-1.3427445105451385,1.0,0.9652946752843922
5_987,8,0,2.567180775150263,1.0,0.12361393010150801
5_989,7,1,2.150043840891412,0.06793465209301006,0.19598389950727424
5_99,1,0,1.5142379489773745,1.0,0.30717226020495847
5_990,2,0,-0.9846351820481045,1.0,0.934837829432652
5_991,10,2,2.613794801615152,0.004266200242831427,0.12678248952639481
5_993,9,0,-0.9239377493251189,1.0,0.9441419656068536
5_994,3,0,1.2140925136599723,1.0,0.4146524889420875
5_995,1,0,1.2325024285680466,1.0,0.3902741698141534
5_997,4,0,0.6229299818001238,1.0,0.6088642725161723
