gene,SNPs,hits,Z,top_candidate_p,Z_pVal
1_0,47,3,1.6569889317680442,0.01168584739977607,0.6021232505234702
1_100,45,2,3.561155478400992,0.07463929299800556,0.13019586664633054
1_1006,2,0,1.9839499800250382,1.0,0.16604277425619773
1_1009,2,0,0.34649713743235777,1.0,0.6458976045735378
1_1010,8,0,2.8281121808726066,1.0,0.06874208981537211
1_1013,2,0,-1.0505471860836146,1.0,0.9358833782964222
1_1014,2,0,1.33419641848109,1.0,0.33122356483355164
1_1020,1,0,1.3722706463345338,1.0,0.31068210568950094
1_1024,1,0,-0.5069563016529567,1.0,0.8542242404742273
1_1026,13,1,1.710977463240983,0.12247897700103212,0.32079233442228283
1_1032,3,0,0.8603568853433965,1.0,0.4906910250295069
1_1037,23,5,5.229141338892817,2.8952782407299077e-06,0.0017813197723449692
1_1040,1,0,-0.7131279265671309,1.0,0.8896420997143568
1_1041,7,0,-0.23500123128926267,1.0,0.8297515706228964
1_1042,9,0,0.7836745325503383,1.0,0.5705625023310401
1_1044,3,0,-0.282430943640454,1.0,0.8189002708757978
1_1046,2,0,0.24713044179306606,1.0,0.6757469808228701
1_1048,1,0,-1.0047463571072848,1.0,0.9285320684847572
1_1050,8,0,-1.7081458151369995,1.0,0.9844178142627336
1_1054,3,0,1.713597206679817,1.0,0.23543131917676363
1_1055,1,0,-0.021893386901872657,1.0,0.7437633056371478
1_1058,19,1,-1.143186510335496,0.1738313761644134,0.9696389939223418
1_1059,6,0,-0.40452901655128004,1.0,0.8577778159504833
1_106,19,1,1.0134412109911008,0.1738313761644134,0.5839529705966836
1_1062,1,0,2.0931641027537693,1.0,0.1382986550953953
1_1064,56,2,3.8586734021171596,0.10820013753576062,0.13363381103527927
1_1066,12,2,1.14762437152522,0.006174537772824754,0.48240023432005963
1_1067,33,2,2.1829629093015765,0.04302595653563324,0.35184288449145185
1_1068,1,0,0.21523385107595341,1.0,0.6770905484565328
1_1070,2,0,0.38213750082806835,1.0,0.6349569185441715
1_1071,6,1,0.9570936820668876,0.058519850599000056,0.4878461732464394
1_1072,1,0,0.12522452742816828,1.0,0.7032440052412583
1_1073,42,4,3.196288928971945,0.0008264843165214276,0.1765208941617098
1_1074,3,0,1.5643549434587902,1.0,0.2745754842199958
1_1077,25,1,2.407750782546772,0.2221786406008534,0.23524418349593268
1_1078,139,17,6.045717785172613,8.620418463001281e-14,0.10876254500472216
1_1079,149,13,3.634335108630266,4.720924421421236e-09,0.5866970545679966
1_1080,12,2,-0.17816206033500176,0.006174537772824754,0.8423723290909065
1_1081,2,0,0.45998585825524685,1.0,0.610685056372257
1_1082,19,2,0.2044816591060401,0.015273761488896639,0.7984228682087232
1_1086,5,1,3.0903020704354986,0.049009950100000046,0.03709865097298415
1_1087,3,0,0.7933708870593204,1.0,0.5125413775412713
1_1089,8,1,1.455355307996666,0.07725530557207996,0.3506246864920768
1_109,5,0,0.14945609027777265,1.0,0.7261600776115766
1_1092,1,0,1.4204531112377183,1.0,0.29680076116332843
1_1095,1,0,0.7967644244628888,1.0,0.492160479476206
1_1096,1,0,1.0761122001729,1.0,0.4013484961073688
1_11,63,4,5.153582205492093,0.0037262424020537014,0.03220178496269066
1_110,3,0,0.3940863973985206,1.0,0.639812585679894
1_1109,1,0,1.0042026605229528,1.0,0.4244200122556503
1_1119,2,0,1.1667253218319416,1.0,0.38244731313294245
1_112,1,0,0.18811508000034408,1.0,0.6850709232780696
1_1122,34,3,5.111333774259986,0.004746994797058528,0.006060921867891422
1_1123,19,0,-0.48738628069730455,1.0,0.9146047125903609
1_1126,17,0,1.1059781512394806,1.0,0.5391992730088938
1_1127,8,0,1.612229493728616,1.0,0.3051936500464282
1_1128,2,0,1.503572425371528,1.0,0.2824501248272029
1_1130,1,0,1.5942734570797783,1.0,0.2492451960644284
1_1132,5,0,0.8433674519541929,1.0,0.5151954847815814
1_1136,11,1,2.8486323097287327,0.10466174574128365,0.07825672091302449
1_1141,1,0,0.3805596861213529,1.0,0.6267795571662627
1_1142,1,0,0.27783779074963627,1.0,0.6583585399906955
1_1143,2,0,1.0093740383855136,1.0,0.4325485599348745
1_1145,1,0,-1.0378615426139812,1.0,0.9321812168048199
1_1147,3,0,1.0478720906023276,1.0,0.4298808962110804
1_1148,8,0,0.11557201083492846,1.0,0.755373066635203
1_1149,6,0,2.017530572626999,1.0,0.18731807934202838
1_115,1,0,0.7931502310643596,1.0,0.4933484931686646
1_1151,29,4,1.5853643337658718,0.0001944605220856772,0.4925481877327459
1_1154,227,17,4.982245901304521,2.355316576643539e-10,0.47148918862302547
1_1155,1,0,1.5294848983974507,1.0,0.26648599240609994
1_1156,4,0,2.1188862365789602,1.0,0.1527708103044375
1_1157,66,5,4.880483070469222,0.0005384610544215895,0.05416326131933913
1_1158,1,0,-1.3901858142142518,1.0,0.9626726458447532
1_1159,1,0,-1.1113067382138104,1.0,0.9397597577840288
1_1160,2,0,-1.3554712670449203,1.0,0.961754478950311
1_1161,1,0,-0.7553203354659076,1.0,0.8960565292369285
1_1162,1,0,1.3801830872964254,1.0,0.3083832273601732
1_1163,62,3,2.1432374388474433,0.024419706617272306,0.5649628243123066
1_1164,1,0,-1.0160465920181074,1.0,0.9297938730933333
1_1168,1,0,1.2285483789124316,1.0,0.3536523067490316
1_117,2,0,0.5080778245594774,1.0,0.5954650659117344
1_1171,3,0,-0.3990747048078045,1.0,0.8429287553890332
1_1172,1,0,2.071607134901159,1.0,0.14225784163486677
1_1175,1,0,0.8925868944832398,1.0,0.46072084904480937
1_1177,5,0,0.46298764694388406,1.0,0.6356272591460935
1_1178,2,0,0.3793805887989501,1.0,0.6358072872809716
1_1179,1,0,0.4506545559157692,1.0,0.6047154877610778
1_1180,7,1,2.0429334901202574,0.06793465209301006,0.18899421772552094
1_1182,10,0,1.0572294143642573,1.0,0.49285879626112183
1_1185,12,0,0.3331890433282986,1.0,0.7257125488331712
1_119,4,1,2.480713278907794,0.039403990000000035,0.09352125778767317
1_1192,1,0,-0.713962901297546,1.0,0.8897717322540761
1_1194,15,1,0.1662053277642367,0.1399416453587116,0.7853664242701083
1_1196,1,0,-1.0120754072453964,1.0,0.9293524106610948
1_1197,1,0,-0.8515910298084257,1.0,0.9096710782202194
1_1199,7,0,1.2086536169189899,1.0,0.4169794242481778
1_1202,37,3,2.905630351298499,0.006028406965608407,0.20468617607312667
1_1203,3,0,0.873205354466399,1.0,0.48650112004566604
1_1207,1,0,0.6841078583244514,1.0,0.5291711495090399
1_1209,135,9,1.481496673398237,1.0074301995237913e-05,0.9093069588308098
1_121,2,0,1.1869401522558145,1.0,0.3761325950886626
1_1212,9,1,0.21893682342292894,0.08648275251635919,0.7354279492614769
1_1213,3,0,-0.09440726670082539,1.0,0.7756023899969187
1_1214,2,0,2.266310024906184,1.0,0.11473759654853277
1_1215,4,0,0.9134715221989665,1.0,0.4829905541265972
1_1216,3,0,0.22928041182521286,1.0,0.688897780237097
1_1217,1,1,2.8389315198760987,0.010000000000000009,0.04432424313659922
1_1218,11,1,-0.4170146922364314,0.10466174574128365,0.8799784343864608
1_1219,5,0,2.56395411622671,1.0,0.08719399276761963
1_1220,1,0,2.039334586815384,1.0,0.14832716131400203
1_1222,1,0,-1.2472299339903197,1.0,0.9520208938600754
1_1228,13,2,2.6815889662718724,0.00724894367793522,0.10930374106378582
1_1232,1,0,-1.1163166899062857,1.0,0.9402515334302041
1_1234,1,0,0.9092747035682373,1.0,0.45526501481756554
1_1235,2,1,0.8335752192843869,0.01990000000000002,0.48979791192232736
1_1236,2,0,2.8039818440312163,1.0,0.05018234169266189
1_1239,1,0,-0.8768220877390123,1.0,0.9130098262964619
1_1246,1,0,1.0680996582950433,1.0,0.4039038496606321
1_125,10,0,0.6579780347994211,1.0,0.6179594424372546
1_1260,3,0,1.5417065023202634,1.0,0.28078468756634023
1_1261,2,0,0.3046814390387266,1.0,0.6585814859450708
1_1263,1,0,0.6670792398298748,1.0,0.534751492880049
1_1265,11,0,-0.1504507487106131,1.0,0.8323067755351803
1_1266,2,0,-1.444336055319842,1.0,0.9674352668872436
1_1267,9,0,0.86473393136378,1.0,0.5449845664779346
1_1268,5,0,0.034881768919695064,1.0,0.756228789268564
1_1276,3,0,2.49433399268374,1.0,0.08698996352121713
1_1279,20,0,4.519417923821289,1.0,0.006900579907139548
1_128,1,0,0.977392893224897,1.0,0.43309294068275217
1_1282,8,0,1.498356122424282,1.0,0.3379219485920607
1_1283,1,0,0.3776862546532531,1.0,0.62767577617035
1_1284,2,1,2.0717855038133357,0.01990000000000002,0.14869979212631945
1_1285,3,0,0.06303096022083929,1.0,0.7352205505915197
1_1286,10,0,2.0950611621466417,1.0,0.19916840598268037
1_1289,2,0,1.901840462430881,1.0,0.18339096054895743
1_129,2,0,1.0220845511092282,1.0,0.42844930613715526
1_1294,1,0,0.5062647575353127,1.0,0.5869648363677068
1_1296,1,0,-0.5263787747513902,1.0,0.8578545474297299
1_1299,54,4,2.375628590543405,0.0021237203712071847,0.45050549754578006
1_13,1,0,1.872316828017944,1.0,0.18246840858350533
1_1300,3,0,0.678924890569966,1.0,0.5497502273294851
1_1304,59,2,0.873371158179707,0.11793950109437501,0.8369387602233472
1_1309,2,0,1.3848832357310286,1.0,0.3162731470719615
1_131,1,1,2.8458702311343,0.010000000000000009,0.0437914099320007
1_1316,10,0,0.08883441144164482,1.0,0.7744199248940249
1_1317,2,0,-0.8974497788452085,1.0,0.9185565743131912
1_1329,13,4,1.0257143338961279,6.652021264699332e-06,0.5296705535180114
1_1330,1,0,-0.3100795277612306,1.0,0.8139324145750664
1_1333,1,0,-0.008896241356438472,1.0,0.7403032212848784
1_1336,14,2,3.2432348615394377,0.008401244011166185,0.05002978500485644
1_1337,8,1,3.6317940847828707,0.07725530557207996,0.01657950874797931
1_1342,15,0,3.0177636554481695,1.0,0.07489449459189068
1_1348,5,1,1.9424816019647988,0.049009950100000046,0.19658453922434727
1_1349,3,0,0.5190007505611202,1.0,0.6009507553737036
1_1352,45,1,1.729575936716345,0.36381451393612907,0.5688801835780364
1_1356,2,0,-0.6300244750877488,1.0,0.880182111922873
1_1357,39,1,-0.6263067899464209,0.3242709509397169,0.9615104638641346
1_1360,2,0,-0.334342688729912,1.0,0.8246343143927356
1_1361,6,2,2.2834335511874553,0.0014604476050000025,0.13505645090967033
1_1362,2,0,1.0620461211475196,1.0,0.41561353764993403
1_1363,10,1,0.8399976197507216,0.09561792499119559,0.5616431873167103
1_1365,3,0,-0.4632355242519682,1.0,0.8552082081546943
1_1367,3,0,-1.7754478513138685,1.0,0.9835007395519806
1_1369,1,0,0.8602668172013509,1.0,0.47130757068895546
1_137,6,1,2.0952586169447445,0.058519850599000056,0.1708872285112235
1_1370,1,0,0.2595383453474014,1.0,0.6638770654418685
1_1371,3,0,2.304914040059473,1.0,0.11417359162530327
1_1372,4,0,0.8441029754827372,1.0,0.5055294580977201
1_1376,14,1,-1.5507759988363792,0.13125418723102178,0.9829603118334447
1_1377,4,0,0.2790797523812498,1.0,0.6823029040350255
1_138,1,0,1.9090346958547961,1.0,0.17457049086138698
1_1380,1,0,-1.0815700919297162,1.0,0.9367753163354837
1_1381,1,0,0.3738078214498821,1.0,0.6288843571957655
1_1383,16,1,2.0618152824162563,0.1485422289051245,0.2520287334239466
1_1387,13,1,0.568033240617856,0.12247897700103212,0.6682382073266364
1_1388,5,0,-0.5783106928617099,1.0,0.8833414433104141
1_1394,47,4,-0.8782660125777133,0.001265900271972346,0.97963227641053
1_1396,3,0,1.797335805376091,1.0,0.2148942307524988
1_14,14,1,-1.1289249649568927,0.13125418723102178,0.9631074138937044
1_1400,1,0,0.017014811016625688,1.0,0.7333339508459636
1_1401,2,0,0.11939191873929852,1.0,0.7124988086752815
1_1405,10,4,-0.027327028024930176,2.001276156940847e-06,0.8012268938574303
1_1408,1,0,1.0402061820215989,1.0,0.41283097618407694
1_141,2,1,2.4813456780340113,0.01990000000000002,0.08406533566471563
1_1415,18,1,1.8368817884648492,0.16548623854991254,0.3277600866618843
1_1416,14,0,-1.3339826973694202,1.0,0.9743481391075596
1_1418,2,0,1.5738121638176672,1.0,0.2632890155461487
1_1424,3,0,-1.1105951779673413,1.0,0.9439038422339837
1_1425,15,1,1.8714206235549982,0.1399416453587116,0.29338819540370586
1_1427,11,0,0.7743764854625752,1.0,0.5906951853863087
1_1428,5,1,0.9851485084010287,0.049009950100000046,0.4693263427384846
1_1429,5,0,0.49904672384385634,1.0,0.6245797005960262
1_143,11,0,1.9032771569958409,1.0,0.252508630228501
1_1430,3,2,3.632767844919391,0.0002980000000000005,0.010996638476543863
1_144,86,3,4.024496420887382,0.05553383728800532,0.24051581674377487
1_1444,30,2,0.2442084757461145,0.036147998312240706,0.8408676269495529
1_1447,2,0,-0.31348248644020765,1.0,0.8201789846879857
1_1448,1,0,0.602425259857805,1.0,0.5558674762689209
1_145,4,0,-1.0925099642550822,1.0,0.9442506428929165
1_1452,51,2,-0.1905034781739725,0.09249089929369518,0.9465002603227152
1_1455,102,5,4.874497823805252,0.0037357616299874973,0.1578398979138136
1_1456,1,0,0.8185161571826872,1.0,0.48501235508905716
1_146,41,1,1.6657466754820216,0.33771795901601653,0.5591981789764457
1_1465,2,0,0.41697324716765044,1.0,0.6241559114535983
1_1468,1,0,-0.04631272137341618,1.0,0.7501985987046711
1_1469,1,0,2.1580838649083525,1.0,0.126832123575354
1_147,1,0,-0.09683453227326722,1.0,0.7632355352381718
1_1472,1,0,0.15189382337588697,1.0,0.695596066478803
1_1474,1,0,-0.39651004365320247,1.0,0.8324035925902216
1_1478,1,0,0.10443153270996594,1.0,0.709145057567637
1_1479,3,0,2.145281338394717,1.0,0.14139179217359854
1_1487,8,0,1.3067067104957606,1.0,0.39575548537032024
1_1489,89,5,3.1554719057731737,0.0020703629755668787,0.45530955681887497
1_1494,5,1,3.6029413313201895,0.049009950100000046,0.013852949161100137
1_1495,24,1,0.11523743436847436,0.2143218591927812,0.8397793033066238
1_1496,1,0,2.162735695132061,1.0,0.12603667909876037
1_1498,71,1,1.810689226068276,0.5101097269957952,0.69661488878629
1_1499,45,4,3.5875409910860276,0.0010743284495865538,0.12627474400109684
1_15,1,0,-0.4416667137916697,1.0,0.8415672502903412
1_1500,5,0,-0.19859885257240883,1.0,0.8115718435023077
1_1503,6,1,0.8689509423747197,0.058519850599000056,0.5162694201321099
1_1504,2,0,0.47514408193472185,1.0,0.6059049256308229
1_1505,1,0,-0.6893058775596909,1.0,0.8858974976553435
1_1508,99,8,4.175968673836686,7.629669236865599e-06,0.2691834009398828
1_151,107,5,2.460653511641268,0.0045776791920284195,0.700951895747953
1_1515,133,8,1.7686205497258913,6.47110370848329e-05,0.8765803960214429
1_1518,2,0,-1.4639861256558222,1.0,0.9685925357617121
1_1520,2,0,1.1422710395481672,1.0,0.39012819290564615
1_1521,1,0,1.1620259112020312,1.0,0.37423464286486274
1_1524,7,1,2.910596910346058,0.06793465209301006,0.05699852318645693
1_1525,12,0,0.03932631518054892,1.0,0.7973727008568696
1_1527,1,0,1.6325842402818869,1.0,0.2393365734463866
1_1528,3,1,1.5759236769117497,0.029701000000000026,0.2714301962334157
1_1530,4,0,-0.6061424417712207,1.0,0.8840113600366124
1_1532,93,9,4.614093398563621,4.5143686347051386e-07,0.16554539610438657
1_1533,1,0,0.8486819008364374,1.0,0.4751076461654551
1_1540,1,0,-0.1018326366465317,1.0,0.7645046186087417
1_1541,1,1,3.2637709143134264,0.010000000000000009,0.02005210114773215
1_1543,1,0,2.1319921487312703,1.0,0.1313584568148709
1_1545,1,0,-0.6687001058383377,1.0,0.882586188972196
1_1546,7,0,1.240736948658553,1.0,0.40692241157573417
1_1547,1,0,1.3556730432271806,1.0,0.3155283729345656
1_155,2,0,0.7111481524984109,1.0,0.5298628503339893
1_1553,9,3,1.182142358509171,8.029476538112821e-05,0.4440266943409341
1_1554,7,0,0.6020033432504843,1.0,0.6098804879815314
1_1555,3,0,0.6868372234223379,1.0,0.5471880162651899
1_1556,1,0,2.206608394378887,1.0,0.11870551065452362
1_1557,1,1,3.7710544234624943,0.010000000000000009,0.00674209488949995
1_1558,1,0,0.34810032534882906,1.0,0.6368625972122399
1_1559,1,0,-0.4982041751075633,1.0,0.8525681628991227
1_156,1,0,1.99427322180577,1.0,0.1570874210376395
1_1560,115,4,3.65088672425263,0.028848875498882154,0.4588139437319446
1_1562,1,0,2.1765302806076443,1.0,0.12369833474977465
1_1565,60,4,3.9150360882416626,0.003123329171554695,0.14210666113554538
1_1566,1,0,-0.7411867766107407,1.0,0.8939386580993697
1_1567,1,0,-0.16876384227864663,1.0,0.7811328655976468
1_1568,2,0,-0.21019094228403698,1.0,0.7970852262257953
1_1569,18,1,1.1312376812845408,0.16548623854991254,0.539863146562622
1_157,1,0,0.39143868817580435,1.0,0.6233802312294554
1_1570,1,0,-0.2622148567399785,1.0,0.8031804587230977
1_1572,1,0,1.6596077610954856,1.0,0.23247878978011194
1_1574,143,9,1.6053581984471663,1.5995216467440932e-05,0.9060847956190341
1_1575,4,0,0.389854953502451,1.0,0.649476285684986
1_1576,109,8,2.1638235352693047,1.5500622975912417e-05,0.7661983891838274
1_1578,1,0,2.0094314660986647,1.0,0.15410332623984258
1_1579,1,0,0.8356642366867827,1.0,0.47938037695398805
1_158,1,0,1.4421394426367558,1.0,0.29064698137709555
1_1580,1,0,-0.2548600409545508,1.0,0.8014956043008611
1_1581,2,0,-0.7446169538906589,1.0,0.8979517997148397
1_1582,66,1,1.234836421147632,0.4848628825761967,0.7969232717039763
1_1587,10,1,1.6922638620917068,0.09561792499119559,0.3002284449372937
1_159,1,0,-0.5128090193814842,1.0,0.8553246888002011
1_1591,1,0,-0.098705376355927,1.0,0.7637110066948372
1_1592,1,0,-0.027767734717473756,1.0,0.7453192439105616
1_16,4,0,0.8631702739917285,1.0,0.4993329118529335
1_1600,1,0,0.6655476139808376,1.0,0.5352530941495266
1_1603,1,0,0.5859552313470359,1.0,0.5612237444905033
1_1604,8,0,0.3859296779501798,1.0,0.682443703483272
1_1606,2,0,0.328079369663018,1.0,0.6515052029562629
1_1607,5,0,-0.9424809959700419,1.0,0.9315452578079131
1_1608,14,3,-2.800179349256391,0.0003351416785493981,0.9990324507185201
1_1609,3,0,-0.13785726554136815,1.0,0.7860984097949137
1_1610,3,0,-0.401298040006725,1.0,0.8433654025620927
1_1611,2,0,-0.17442014222581614,1.0,0.7886919128513183
1_1612,1,0,1.502789245783864,1.0,0.273761430998848
1_162,39,2,0.9360218676389142,0.05807465888566573,0.7389175116182749
1_1621,4,1,2.4525657936145735,0.039403990000000035,0.0974104453050928
1_1622,1,1,2.7104959945059246,0.010000000000000009,0.05516309740904024
1_1625,1,0,1.356299545663953,1.0,0.31534485860106365
1_1626,3,1,4.036449465629382,0.029701000000000026,0.004388812292955957
1_163,4,2,1.4784077218317504,0.000592030000000001,0.3075292772712249
1_1633,1,0,1.3217852240232006,1.0,0.3255215497209156
1_1635,7,3,4.4134080900868,3.396253015000008e-05,0.002627769558551707
1_1638,2,0,0.42129843216964796,1.0,0.6228078512216941
1_1639,1,0,1.4718871284393618,1.0,0.28230413099844454
1_1643,1,0,1.3753488454229679,1.0,0.3097868812377763
1_1648,1,0,1.6237429049126821,1.0,0.2416040056402231
1_1654,5,0,0.45369829639156745,1.0,0.6384555360306801
1_1655,4,0,-0.9238232239438575,1.0,0.9270372060149658
1_1656,3,2,3.4811187723247996,0.0002980000000000005,0.015137550876653694
1_1658,1,0,1.0761122001729,1.0,0.4013484961073688
1_1666,2,0,-0.6866664179746949,1.0,0.889220891699214
1_167,3,0,0.6462371120273596,1.0,0.5603122210619329
1_1673,32,1,1.9180805800499627,0.27501966404214656,0.41862506371403385
1_1674,2,0,0.577037249540642,1.0,0.5733922048337066
1_1676,52,5,2.2872417956570588,0.00017577600591676932,0.46121852480071546
1_1679,24,2,2.1452807747019897,0.02385443111830375,0.2926387291745237
1_168,18,0,2.3448930096279446,1.0,0.2006429448941015
1_1681,342,25,5.535677371521789,2.7714521267029268e-14,0.3857715960965925
1_1683,2,0,2.070188986787154,1.0,0.1490038032159111
1_1685,27,1,1.3713904188478625,0.23765728565289646,0.5404605944450847
1_1689,2,1,2.2586383149042324,0.01990000000000002,0.1159626380489085
1_169,1,0,0.14081575043947359,1.0,0.6987835788273475
1_1691,8,0,1.297597622136867,1.0,0.3985742127463562
1_1695,1,0,2.0751092137592275,1.0,0.1416094793251309
1_1696,2,0,1.8593739589912845,1.0,0.19279111358948675
1_1697,81,3,3.481989023172932,0.04799607253880233,0.33277544383538493
1_1698,6,0,2.399225853750047,1.0,0.11576644148185844
1_1699,2,0,1.268229276260771,1.0,0.3510881219060864
1_17,6,1,0.7207232773269615,0.058519850599000056,0.5638088910280106
1_170,64,4,4.4464109853457625,0.003943523776313496,0.08792236406001053
1_1701,2,0,0.5630683880005735,1.0,0.5778844092777116
1_1702,7,0,1.9997427120450957,1.0,0.1985476903414196
1_1703,2,0,0.4515554276703162,1.0,0.6133364048894674
1_1704,2,0,1.2398783318748778,1.0,0.3597560084649061
1_1705,15,0,2.153626254008559,1.0,0.2223508475565399
1_1706,4,1,-0.2032299688199744,0.039403990000000035,0.80704391923541
1_1707,1,0,0.3094981752701607,1.0,0.6487309587193999
1_1709,91,3,4.245478122383501,0.06359739048515023,0.22052352800288233
1_1710,7,0,-0.4751416672236797,1.0,0.8742282241168233
1_1712,3,1,-0.038081150218645374,0.029701000000000026,0.7615707261035043
1_1714,1,0,2.1753360355160427,1.0,0.12389956411924063
1_1715,5,0,1.1022406601870653,1.0,0.4317230198383786
1_1717,13,2,2.105702224778459,0.00724894367793522,0.21872923564217284
1_1719,3,0,0.30522213803048687,1.0,0.6666301655441822
1_172,1,1,3.117726476022896,0.010000000000000009,0.026659945206444546
1_1722,5,0,-0.04639309117002733,1.0,0.7764268901349627
1_1723,147,10,4.453780607522018,2.7361742977829363e-06,0.3990298365637135
1_1724,2,0,-0.22383886337038295,1.0,0.800234374356396
1_1725,11,2,-0.1346826230247097,0.005179717490315069,0.8291487380760523
1_1729,4,1,1.685769630126799,0.039403990000000035,0.2508586642802586
1_1732,1,0,0.8643292251999767,1.0,0.46997562326933917
1_1734,20,1,1.1568932251668511,0.1820930624027693,0.548660259517507
1_1735,82,6,0.9572381569452799,0.00018287020901843748,0.8853486114269924
1_1736,19,2,-0.5920834341262755,0.015273761488896639,0.926530018369305
1_1737,7,1,2.4758864250336767,0.06793465209301006,0.10928557873441025
1_1738,9,1,0.6756365950518651,0.08648275251635919,0.6041803701007291
1_1739,13,1,-0.7804984919390685,0.12247897700103212,0.9328782649789853
1_1740,5,0,1.8213329870430524,1.0,0.2249545673043286
1_1741,11,0,0.8115704361255136,1.0,0.5791872497882822
1_1744,11,1,1.0490242450821416,0.10466174574128365,0.5045318604200755
1_1750,1,1,2.852878668691942,0.010000000000000009,0.04325848000519439
1_1751,16,1,-0.37488296609136773,0.1485422289051245,0.8908959680510782
1_1752,74,5,1.896272214830698,0.0009087216877532608,0.690891000785248
1_1753,57,3,3.5686377854725104,0.019595506039313457,0.18639984054868974
1_1754,9,0,1.032047126302764,1.0,0.49171577889997586
1_1755,23,1,-0.02711400801797049,0.20638571635634465,0.8609266289841246
1_1756,3,0,-0.049150867641691645,1.0,0.7643657165661266
1_176,1,1,2.566413826629822,0.010000000000000009,0.06970485142590599
1_1760,2,2,2.9825711249768574,0.00010000000000000018,0.03675166513026529
1_1761,29,2,3.4008285885235554,0.03395931237935017,0.08495472032441742
1_1766,1,0,0.5415288470158764,1.0,0.5756132850573605
1_1767,7,0,-0.07770649296529844,1.0,0.7957365809981559
1_1772,3,0,1.4482794892620174,1.0,0.3070914073596147
1_1773,12,2,4.274292023881913,0.006174537772824754,0.005924809751803872
1_1775,1,0,-0.1327015714766861,1.0,0.7722588765406833
1_1776,1,0,1.5597796079513748,1.0,0.2583498557219879
1_178,1,0,0.8857931532261655,1.0,0.462944141645138
1_1785,1,0,1.5322811526085185,1.0,0.26572961893286184
1_1786,9,0,1.7324909826778465,1.0,0.2806976012538618
1_1787,1,0,1.8263004732311008,1.0,0.19267614287760726
1_179,1,0,1.3359408118445473,1.0,0.3213314048154037
1_1793,3,0,1.20487265755622,1.0,0.3801582836677675
1_1794,1,0,0.8356642366867827,1.0,0.47938037695398805
1_1799,1,0,-1.0554039874571253,1.0,0.93405511095076
1_180,27,1,3.6203004251087116,0.23765728565289646,0.05630680858383352
1_1800,5,3,4.886160721288728,9.850600000000027e-06,0.0005917672526171147
1_1801,18,2,1.858684359960406,0.013756463740805566,0.32168837374537196
1_1808,21,1,1.310576648506914,0.1902721317787416,0.5100688651584777
1_1811,1,0,0.8615874128425419,1.0,0.470874549204809
1_1815,11,0,-0.036215062821578374,1.0,0.8085752632929201
1_1817,2,0,0.7929857933020548,1.0,0.5030895171855594
1_1820,1,0,-0.053463514831898595,1.0,0.7520666921293195
1_1821,20,3,0.026435982393030848,0.0010035761681001195,0.8392125643951893
1_1822,3,0,-0.12192666388377509,1.0,0.7822837186559775
1_1823,2,0,1.0492343727306284,1.0,0.4197195995389025
1_1824,6,0,0.5893116620323877,1.0,0.6052185713419211
1_1825,1,0,0.7967644244628888,1.0,0.492160479476206
1_1826,3,0,-0.4124781690517394,1.0,0.8455489777730376
1_1828,1,0,0.402422763503742,1.0,0.6199383406430914
1_1829,5,0,-0.5078632445964462,1.0,0.871746568792428
1_183,84,1,1.858434748358766,0.5701109864761065,0.7415106683077615
1_1830,1,0,1.0582625971121125,1.0,0.407046683846895
1_1845,6,0,0.4899481624519476,1.0,0.6357842434512346
1_185,1,0,0.9411372276234102,1.0,0.44487228358948494
1_1853,1,0,-1.0341280598943074,1.0,0.9317771466690743
1_1854,1,0,-0.3570804228083448,1.0,0.8241284877280882
1_1857,172,11,4.1419721025250125,1.6126517660005777e-06,0.5404908906492323
1_1858,45,2,3.817779956471611,0.07463929299800556,0.09552682503982468
1_1864,2,0,-0.24023306220500393,1.0,0.8039780825343704
1_187,2,0,1.1169390432045068,1.0,0.3981302050529417
1_1874,5,0,0.7674236043803637,1.0,0.5397209212566898
1_1875,1,0,0.5417696523954691,1.0,0.5755355421602749
1_1878,20,3,1.424391520498361,0.0010035761681001195,0.46679022580647644
1_1879,3,0,0.41275939297970476,1.0,0.6340833996961952
1_188,2,0,-0.15038197658109875,1.0,0.782939055651945
1_1881,1,0,1.1033649760968811,1.0,0.39268921409376123
1_1884,3,0,1.6198543022598608,1.0,0.25965232461530874
1_1887,20,1,0.4833060938981197,0.1820930624027693,0.7389280057063579
1_1889,13,4,3.165624363589099,6.652021264699332e-06,0.05352276678622525
1_189,3,0,-0.12057805211165912,1.0,0.7819589923067041
1_1890,15,0,1.8903134520383884,1.0,0.2883221993857078
1_1892,1,0,0.08137269917025453,1.0,0.7156242732331242
1_1893,3,1,0.5544697079930796,0.029701000000000026,0.5897118983393459
1_1894,1,0,1.0335097716423247,1.0,0.4149810336948915
1_1898,3,0,1.1246614925354055,1.0,0.4053697351234413
1_1899,3,0,1.1872780277065604,1.0,0.38564916596843335
1_190,97,5,3.7400505283198804,0.0030109245064588084,0.35478826233460925
1_1900,1,0,2.1438107954004635,1.0,0.1292945489235473
1_1901,4,1,2.374115224915582,0.039403990000000035,0.10887366136146115
1_1903,3,1,1.7654690774187385,0.029701000000000026,0.22258424798370102
1_1904,2,0,1.5421372411769798,1.0,0.27184706129307035
1_191,12,0,2.4340059000395344,1.0,0.1442639538614875
1_1911,5,0,2.9893775051616305,1.0,0.04423822715500003
1_1914,1,0,0.26146738229399424,1.0,0.6632969667462814
1_1915,1,0,0.5465769622240475,1.0,0.5739829134941017
1_1919,1,0,-0.022755881957436608,1.0,0.7439920646617886
1_192,170,8,1.6188061747894578,0.00034949396711366073,0.9266251115905935
1_1922,172,6,2.4192152672186147,0.008073699099371948,0.8482472179375848
1_1924,19,2,2.4252741270890525,0.015273761488896639,0.19024618731167786
1_1925,2,0,0.6267599511274864,1.0,0.5573285835642174
1_1926,5,0,1.7166850020071522,1.0,0.2512250283731021
1_1929,138,7,4.174025847382033,0.000518152621337812,0.42938943522980055
1_1932,213,17,7.524462010120949,8.737145375859663e-11,0.07814398434828429
1_1934,149,9,4.25875356478504,2.218149577577932e-05,0.4483633864569193
1_1935,3,0,-1.0458531530557795,1.0,0.9376661512811907
1_1942,55,3,4.358620256065419,0.017828760140394417,0.07031873572315106
1_1945,47,4,2.455808637506539,0.001265900271972346,0.3804402635096312
1_1947,1,0,0.7451772731659596,1.0,0.5091190849701842
1_1951,4,1,2.225911522395701,0.039403990000000035,0.1331102647850151
1_1952,4,0,0.5432872694820713,1.0,0.6021498370452123
1_1953,1,0,0.046213729008618185,1.0,0.7253686184573578
1_1954,1,1,2.71188155541209,0.010000000000000009,0.055035897906741904
1_1956,15,2,1.4786498866141708,0.009629773443364747,0.406617098961477
1_1958,1,1,3.7507487770223915,0.010000000000000009,0.0070641441774917935
1_1959,81,3,1.6038795614166914,0.04799607253880233,0.7809921793560849
1_1964,1,0,0.6876276048264153,1.0,0.5280169639697174
1_1966,150,10,5.583034025934228,3.2802004196407917e-06,0.19485236462102362
1_1967,97,4,3.3897119241055993,0.016617733301411405,0.43822401880762385
1_197,10,0,2.092454594547067,1.0,0.19974873910449065
1_1973,119,8,5.307384031605193,2.929824313865095e-05,0.14928728694400406
1_1978,1,0,1.430230201576693,1.0,0.2940190004496035
1_1980,16,2,-0.29908844482161456,0.010932892162518214,0.8794465431212264
1_1982,7,1,-0.9881851139459257,0.06793465209301006,0.9406018522616006
1_1983,2,0,-0.50785622161813,1.0,0.8589490040050007
1_1989,100,5,0.8569665516839687,0.0034323215877545333,0.9250107532823368
1_199,1,0,-0.8548470990708587,1.0,0.9101072152750869
1_1990,69,4,1.6678627259073737,0.005158956637271634,0.7198021299756499
1_1992,213,6,4.004761121493153,0.021102221531979302,0.6457626370883108
1_1993,16,2,2.073752469110549,0.010932892162518214,0.24906836149238676
1_1994,4,0,0.8018907038903589,1.0,0.5192408294579485
1_1995,43,0,0.12592063502429998,1.0,0.9002352635367641
1_1998,137,4,1.5025718021903993,0.04950727797664421,0.9094739008752923
1_1999,123,6,2.3553058005076837,0.0015696327168652248,0.7702267780558727
1_20,2,0,1.1284013699956246,1.0,0.39450389150036524
1_2000,42,4,3.2553268128802832,0.0008264843165214276,0.1657847428499989
1_2001,12,0,1.6877066798645723,1.0,0.3187458009531171
1_2004,8,3,3.068865603704119,5.3933321197900146e-05,0.04663240890793785
1_2005,25,4,1.2203815349771265,0.00010692653379901661,0.5696915210985972
1_2015,49,5,1.942175817579936,0.00013221002446730075,0.5367047304844121
1_2016,1,0,1.5292173533809847,1.0,0.26655841910219236
1_2020,1,0,0.6541163632704077,1.0,0.5389949594192196
1_2025,97,8,5.432527395083033,6.55541709620499e-06,0.07772941296823688
1_2028,2,0,1.6879798945241316,1.0,0.23362555574225752
1_2031,9,0,0.8209516822569924,1.0,0.5588299679988611
1_2032,1,0,0.8867027080397046,1.0,0.46264641571188825
1_2033,2,0,-0.6154928810307279,1.0,0.8777816368809801
1_2038,74,2,2.1529348788356395,0.1693552801314411,0.6294486208929059
1_204,3,0,0.8869414919355177,1.0,0.4820234043640311
1_2040,1,0,1.0761122001729,1.0,0.4013484961073688
1_2048,42,4,2.9738162497644747,0.0008264843165214276,0.220802154773732
1_2049,24,2,1.825761308797594,0.02385443111830375,0.38078396187395547
1_205,24,2,1.2926983117193058,0.02385443111830375,0.5401306531945937
1_2050,114,6,3.096265813090137,0.001062631077553578,0.5857808258881975
1_2053,126,7,3.2581426551529673,0.00029943874266641346,0.594351125020732
1_2054,2,1,1.574862687192963,0.01990000000000002,0.26300755668413067
1_2057,2,0,0.3872466094502082,1.0,0.6333792622246083
1_2058,4,0,1.2480149800424432,1.0,0.37631250008278105
1_2059,24,0,1.3014754101996477,1.0,0.537488239834671
1_2061,315,21,4.242189481475134,1.7353961720577416e-11,0.6394073602131737
1_2062,225,12,2.432828699496544,3.6633743349695806e-06,0.8851964145247893
1_2064,4,0,1.3921372802205818,1.0,0.3326574139445049
1_2065,11,1,-0.4530720917731412,0.10466174574128365,0.8856077576849537
1_2067,323,21,1.2900218709143791,2.7702826533378604e-11,0.9564828364633594
1_2068,3,0,-1.7398750767131188,1.0,0.9822676195940861
1_2069,5,0,-0.9049101210940709,1.0,0.9274291628381713
1_2070,13,0,-0.1704976606914126,1.0,0.8454113469784503
1_2074,51,3,1.8121965335466397,0.01457345125325471,0.585649365470031
1_2075,2,0,1.674969058163101,1.0,0.2369097608469588
1_2076,4,0,-0.17516501741829035,1.0,0.8007188804860459
1_2077,10,0,0.9978081254176062,1.0,0.5117396763496316
1_2079,2,0,1.571313111892074,1.0,0.26395918547072694
1_208,3,0,2.066582316691646,1.0,0.15631212502817304
1_2080,53,3,3.8630038550261276,0.01615486377868351,0.12061364671037
1_2085,2,0,1.208017867380868,1.0,0.36958348446839195
1_2086,28,4,1.124730931909541,0.00016897909435176111,0.6201537909184834
1_2088,192,11,3.8355902330057163,4.667532664435195e-06,0.645959692805376
1_2089,2,0,-0.32962917632789496,1.0,0.8236337710217094
1_2090,21,0,-0.9488063740295931,1.0,0.960454473047176
1_2092,67,4,3.471956988235398,0.004646395783591081,0.25867937360237026
1_2093,8,0,3.027946941338449,1.0,0.04992453276891151
1_2094,138,3,1.6945153229229841,0.16093903169202775,0.8915124935461339
1_2095,12,0,1.9349060449939521,1.0,0.2524864970306063
1_2100,308,14,3.278804436519971,3.8019122589371384e-06,0.792642321565495
1_2101,2,0,0.3258432630722886,1.0,0.6521838039854133
1_2103,2,0,-0.4621265009528601,1.0,0.8503812001399521
1_2105,3,0,-0.23227478524157855,1.0,0.8078953440875849
1_2107,1,1,2.5611857035643726,0.010000000000000009,0.07028329331571204
1_2109,1,0,-0.7702425972210784,1.0,0.8982591201973029
1_211,22,4,5.387431002174618,6.332951307430326e-05,0.0010841115229834886
1_2111,1,0,0.2846028859330063,1.0,0.6563097259182034
1_2112,150,5,4.648367517183796,0.017987494546488934,0.3673563314331525
1_2114,15,0,1.1205654929350344,1.0,0.5174949069982588
1_2116,123,3,0.07733830539778253,0.12622270168839414,0.9809972143943751
1_2118,183,7,2.7831595158547673,0.0026398584759892677,0.8123514641736576
1_2122,303,6,2.0887652637365783,0.08595347739905933,0.9161478743748613
1_2123,257,16,2.9370403371650142,1.1112952068440937e-08,0.8402600288656409
1_2127,17,1,0.42240329450166797,0.15705680661607327,0.7354532836870389
1_2128,410,14,4.0841940637561605,8.78921757231838e-05,0.539388491926503
1_2131,307,12,5.111212521574393,7.82697830859196e-05,0.48424707209603535
1_2132,137,3,-0.1283293296203206,0.15854030509541467,0.9883452540741344
1_2133,312,6,1.4518245747631648,0.09546710892649557,0.9516546038006103
1_2134,571,15,3.960169493336771,0.0008067527987223135,0.08037953205645532
1_2136,5,0,-0.23368858398399672,1.0,0.8191631281262698
1_2137,65,0,1.1980690555058606,1.0,0.8001518274526231
1_2138,108,2,3.6737564983931104,0.29378625266593184,0.42230804475664674
1_2139,124,6,1.210734352780987,0.0016356336744074327,0.9218539650805835
1_214,3,2,4.754664832167733,0.0002980000000000005,0.0006684963747028982
1_2140,180,8,3.581541323516119,0.000510697526820849,0.6729658596747145
1_2141,136,6,1.8056907754653397,0.002602579017778239,0.8765056970300942
1_2142,12,1,2.225754176136283,0.11361512828387083,0.1849453165638414
1_2144,263,8,-0.7618500722130906,0.005428267431478808,0.9973332771658536
1_2145,47,3,3.179286463603481,0.01168584739977607,0.207713709588064
1_2146,25,0,-1.065620314863911,1.0,0.9714848963791831
1_2147,12,0,1.4619681982680852,1.0,0.3848747246474963
1_2148,7,1,2.6964103953653527,0.06793465209301006,0.07957140430801757
1_2149,8,1,0.02481886483580253,0.07725530557207996,0.7776624170013091
1_2150,115,4,3.173356728310057,0.028848875498882154,0.5718261845101956
1_2151,3,0,-0.28670914088942295,1.0,0.819820324350373
1_2155,6,0,-0.0769637366806509,1.0,0.7897503815159793
1_2157,5,2,3.2555668322507816,0.0009801496000000018,0.027459598183196543
1_216,10,1,1.0163356587997185,0.09561792499119559,0.5058534631534977
1_2161,1,0,0.07108731976536434,1.0,0.718491910821411
1_2164,1,0,0.6723701515302016,1.0,0.533018320820172
1_2166,29,3,2.6822005112454024,0.0030081981768577204,0.20140739254207962
1_2167,2,0,0.3784181280472624,1.0,0.6361040008976161
1_2168,29,3,1.7907018629075022,0.0030081981768577204,0.4317962729950311
1_2169,2,0,0.1889519638507775,1.0,0.6927278723716055
1_217,55,3,4.348983630875963,0.017828760140394417,0.07121752928736924
1_2170,48,1,0.24492558344975937,0.3827098590577121,0.8976165361640374
1_2171,8,0,0.03232694897711831,1.0,0.7758635104675402
1_2174,4,2,4.5154082764646635,0.000592030000000001,0.0014558384398847268
1_2177,65,1,2.585851969110973,0.4796594773496936,0.4650182732314604
1_2178,123,5,1.105748836711205,0.008169728471086333,0.9294902783395451
1_2180,42,1,0.22124956245376348,0.3443407794258564,0.8850197126824817
1_2181,461,46,7.390402990174702,1.0231762470724818e-30,0.04130433723276239
1_2182,15,1,-0.19933768002265473,0.1399416453587116,0.8591267264889655
1_2183,106,12,4.8861318048637745,9.225933465087463e-10,0.16965032629142618
1_2184,2,0,-0.38159684986729026,1.0,0.834465444420482
1_219,76,5,2.2035121163399,0.0010252028237396728,0.6271871588384806
1_2190,335,32,6.9892541372943295,2.7332365010835194e-21,0.17251934188564366
1_2191,60,4,3.4843754066093893,0.003123329171554695,0.2181779877073342
1_2192,154,10,4.566374124875734,4.150030134623477e-06,0.3974716048819191
1_2193,101,2,2.1186836047095223,0.26793531745354116,0.7498240431540806
1_2194,24,2,2.8249819688629283,0.02385443111830375,0.144330541291655
1_2195,127,7,2.3059034274643593,0.000314183696292154,0.7886685765949866
1_2196,1,0,1.773362286770512,1.0,0.20484159784185307
1_2197,92,4,2.615366955193738,0.01393187159542679,0.6045649713334351
1_2199,91,4,2.2173551733293695,0.013430199687449788,0.692501239696793
1_220,1,0,1.3674854333964421,1.0,0.3120760033521285
1_2200,1,0,1.0761122001729,1.0,0.4013484961073688
1_2203,5,0,0.47312501755191216,1.0,0.632532346664507
1_2206,3,0,1.090485520107097,1.0,0.4162389432274123
1_2207,1,0,-0.18004568849537228,1.0,0.7838676354368217
1_2208,1,0,1.0117787761588777,1.0,0.42197557576344646
1_221,1,0,1.4509663159360402,1.0,0.2881594456809494
1_2212,23,0,2.1576582746233233,1.0,0.2817351606155618
1_2216,4,0,0.8082718540132664,1.0,0.5171691673021205
1_2217,1,0,0.7335630626119798,1.0,0.5129359247432189
1_2218,33,1,-0.3398305569745622,0.2822694674017251,0.9301185559150149
1_2219,2,0,0.9230486374805711,1.0,0.46055936032123534
1_2222,1,0,1.833590415653827,1.0,0.19103616302292703
1_2227,2,0,1.0235657030724987,1.0,0.42797211442200866
1_2228,2,0,0.004065593414262269,1.0,0.7438856234138664
1_223,12,0,-0.23374047796049752,1.0,0.8527279797675305
1_2230,1,0,-1.6371615436927207,1.0,0.9764893792521571
1_2232,59,2,2.2966862840932603,0.11793950109437501,0.5049632531933533
1_2234,1,0,-1.2715234792594257,1.0,0.9539856586333645
1_2238,1,0,-0.9378992279423362,1.0,0.9207091231724273
1_2240,219,10,2.802752960511155,8.559258827474472e-05,0.8417449398512797
1_2242,1,0,0.19900366203331413,1.0,0.6818767859918513
1_2244,21,1,0.06795616348690614,0.1902721317787416,0.8357449813316384
1_225,61,2,3.1743603135896756,0.12454937217478186,0.2910509761617096
1_2251,3,0,0.9667667829101598,1.0,0.4560646006088348
1_2252,27,2,2.9554871771800397,0.029745636285504362,0.1384055140447058
1_2253,8,2,1.638474710697207,0.0026900777395207046,0.2978543802791861
1_2256,8,1,1.539180672473238,0.07725530557207996,0.3260302731713596
1_2258,21,2,0.10789848763855955,0.01851167488332298,0.8280589527812146
1_2259,2,0,-0.7273313279846663,1.0,0.8954016082667228
1_2265,9,4,5.302542365771002,1.2104328314440042e-06,0.0002962558236442314
1_2266,1,1,2.4150403647052308,0.010000000000000009,0.08798816394782083
1_2268,4,0,-0.3234712620595412,1.0,0.8327293983984689
1_2269,96,9,2.3765533973637303,5.923818523777469e-07,0.6775036898908757
1_2271,9,1,0.8597957419310136,0.08648275251635919,0.5465492425833469
1_2272,86,1,3.6348561670378237,0.578665777845232,0.3238021349735828
1_2278,2,1,3.448172770960984,0.01990000000000002,0.014931360500076707
1_2279,328,22,2.804636778060269,5.1555741551451595e-12,0.8410617929156358
1_228,1,0,1.3478177732081187,1.0,0.3178331791007094
1_2280,2,0,1.148120461615751,1.0,0.3882869072612348
1_2284,16,0,-0.26841350172447476,1.0,0.8745803503621196
1_2285,7,2,3.0084449219559315,0.0020310416349400033,0.04852841246330053
1_2286,25,1,1.2353332203929033,0.2221786406008534,0.5652486271829185
1_2287,1,0,-1.3896802326561284,1.0,0.9626386966732116
1_229,1,1,2.6914911106390647,0.010000000000000009,0.0569313515213018
1_2297,57,5,2.0347461048917546,0.0002717227698862948,0.5633368517876194
1_2298,28,3,3.3484840423724047,0.002717121867743372,0.08725357296648573
1_2299,1,0,0.7467201566386873,1.0,0.5086119685232016
1_230,5,1,1.0749063013172073,0.049009950100000046,0.4404588169195661
1_2300,6,0,-0.7357047124827462,1.0,0.9095747661574263
1_2301,54,2,4.186793619138568,0.10183372363564862,0.08448035329496939
1_2302,5,0,-0.4160237275935657,1.0,0.8554627281553433
1_2303,18,0,2.4142133000559,1.0,0.18593301184432942
1_2305,1,0,1.7795359526082324,1.0,0.20339977037046353
1_2306,1,0,1.3556730432271806,1.0,0.3155283729345656
1_231,60,2,1.4123622294530072,0.1212332713118075,0.7353661412796028
1_2311,8,2,2.3308146008097976,0.0026900777395207046,0.1387039283702618
1_2312,2,0,-0.8711961759921013,1.0,0.9152599420972831
1_2316,1,0,0.5829857398136061,1.0,0.56218829932562
1_2317,6,0,-0.12410911196856868,1.0,0.8005736399291071
1_232,4,1,1.8382944372986985,0.039403990000000035,0.21300378201750503
1_2322,10,0,-0.1550225029560812,1.0,0.8283661984251987
1_2324,23,2,-0.7390199714405851,0.02201068076236393,0.9480372787637869
1_2329,3,0,1.0889762725408572,1.0,0.41672048458033006
1_233,99,1,-0.7441596308898476,0.6302703623502736,0.9921944356341116
1_2330,9,3,-0.6657154230874517,8.029476538112821e-05,0.9093218749874128
1_2331,2,0,0.4401906924708852,1.0,0.616902207357696
1_2334,2,0,-1.0166414311332401,1.0,0.9323170839708566
1_2335,16,2,2.56519732509785,0.010932892162518214,0.14445639140351896
1_2336,2,0,1.0616527596739793,1.0,0.4157394722392366
1_2346,10,2,2.4815042497882294,0.004266200242831427,0.12457426472174582
1_2347,34,0,0.5814974500347373,1.0,0.7925160429788745
1_2349,35,4,1.515690123956522,0.000408712466686725,0.5589934216943124
1_235,14,1,1.9259612857148736,0.13125418723102178,0.2707997962798925
1_2350,25,2,2.8563040013935805,0.025759105399048503,0.14442489245198298
1_2352,1,0,0.4419220692825561,1.0,0.6074842525485773
1_2353,6,0,-0.17889094345747514,1.0,0.8127195569136916
1_2354,1,0,0.602425259857805,1.0,0.5558674762689209
1_2355,1,0,0.372124548046337,1.0,0.6294084972650373
1_2359,5,1,-0.22257229397558118,0.049009950100000046,0.8167792525948674
1_236,14,0,3.4747813317336327,1.0,0.03389892323441379
1_2362,1,0,-0.2548600409545508,1.0,0.8014956043008611
1_2365,4,0,0.205874376781694,1.0,0.7032544694685043
1_2368,8,1,-0.2986108346351482,0.07725530557207996,0.8470501688968621
1_2369,1,0,0.3365988542913708,1.0,0.6404131415008235
1_237,4,1,1.3313025821452575,0.039403990000000035,0.3508491474050408
1_2371,1,0,-1.4758200752050736,1.0,0.9680695554094754
1_2372,1,0,-0.40602776483122094,1.0,0.8343628821352366
1_2373,25,2,-0.32599232325539956,0.025759105399048503,0.9105509777367378
1_2374,2,1,2.601058780243987,0.01990000000000002,0.06990377473474019
1_2375,7,0,-0.2445789955737315,1.0,0.8316984032743777
1_2376,1,0,1.1428195019816747,1.0,0.38024755634794827
1_2379,1,0,2.22309026436665,1.0,0.11603078706132053
1_2381,15,0,1.6341321860464662,1.0,0.36021400454560004
1_2382,5,0,-0.6131468331171387,1.0,0.8887919550574321
1_2383,2,0,1.8704074512402336,1.0,0.1903209315855816
1_2384,6,0,0.847950787799254,1.0,0.5230345278081212
1_2385,4,0,0.9642602049654331,1.0,0.46651887125935765
1_2387,19,2,2.9008769603353124,0.015273761488896639,0.1067788790317783
1_2388,17,2,3.0605040692233234,0.012308985529944274,0.07783563458392528
1_2390,42,3,3.523881700117099,0.008583853799733485,0.12238313986850868
1_2392,2,0,2.282458303335332,1.0,0.11218914690165582
1_2393,30,5,4.675622919288856,1.1567574525494248e-05,0.01084547575964645
1_2398,1,0,1.570695323408794,1.0,0.255450129250715
1_240,53,5,5.4194186797142985,0.0001924875932574295,0.012218594722889331
1_2401,137,14,3.697937364022742,1.4985498071292684e-10,0.5336965148674131
1_2404,2,0,-1.2408290512439908,1.0,0.9532589558158335
1_2407,229,21,4.16464269715714,3.740913770453252e-14,0.6343929587694259
1_2408,8,2,3.1055813173632862,0.0026900777395207046,0.043828865408085615
1_2410,1,0,0.5672907801769265,1.0,0.5672800914757066
1_2413,6,0,1.5572397247574434,1.0,0.30303825753710134
1_2415,3,0,-0.3581981430797301,1.0,0.8347583648359804
1_2418,2,0,-0.6946535146397822,1.0,0.8904550651947791
1_2422,48,1,1.9411723549047075,0.3827098590577121,0.5301924477546442
1_2423,15,0,0.9684329328919697,1.0,0.5646927137120223
1_2425,94,5,1.8088672401333734,0.0026281669079871255,0.7858016906604749
1_2427,7,0,0.14771728654465788,1.0,0.7405099287414998
1_2429,76,12,3.5075221177019635,1.71543939831075e-11,0.299887297171869
1_2430,2,0,0.10078632162753096,1.0,0.7176832594056056
1_2431,3,0,-1.5842164368455,1.0,0.9759068188189951
1_2433,310,21,8.03372761594691,1.2861117193285164e-11,0.07992974229463012
1_2435,159,16,6.059956031920429,9.482690450058292e-12,0.14897433409352334
1_2436,1,1,2.486092914246579,0.010000000000000009,0.07900419591810492
1_2438,143,13,4.438835706707655,2.8575568832665163e-09,0.3887033942645739
1_2439,305,25,4.65239955947359,2.0200751865284554e-15,0.5701352924652361
1_2443,19,2,2.0997934210400264,0.015273761488896639,0.26567961164492726
1_2446,3,0,-0.24677909951759605,1.0,0.8111190716529648
1_2449,1,1,2.4050424338904492,0.010000000000000009,0.08931114253357697
1_245,18,3,3.502646924737354,0.000729159843053951,0.041328537195304604
1_2451,11,0,2.1301602236092787,1.0,0.1985863052713246
1_2452,2,1,1.3699901205960034,0.01990000000000002,0.32063631173540685
1_2455,2,0,0.25359105424600575,1.0,0.6738376647605092
1_2457,1,0,0.38761268526660647,1.0,0.6245768361550628
1_2459,14,0,-0.98132005478526,1.0,0.9527438631077257
1_2461,6,0,2.5179249798283503,1.0,0.09811164585473797
1_2468,2,0,-0.007772413734265087,1.0,0.7470032506010963
1_247,1,0,0.4638349515550973,1.0,0.600526459968596
1_2470,8,0,0.5633742668946701,1.0,0.6301119869553681
1_2471,10,0,0.48966732788534234,1.0,0.6679266838296645
1_2474,5,0,0.22469817158787253,1.0,0.7054628425054881
1_2477,8,1,-1.2574457042470188,0.07725530557207996,0.9635372019272754
1_2479,9,0,1.0058143456768076,1.0,0.5000822219259082
1_2480,53,3,3.190907486205425,0.01615486377868351,0.23999876420491262
1_2483,1,0,-0.5961473418741963,1.0,0.8703875619720751
1_2484,1,0,-0.33187969934875594,1.0,0.8187063756292374
1_2486,158,6,3.2343573418144427,0.0054081266272261366,0.6932122539416037
1_2490,130,7,4.810810989573828,0.0003619426526115324,0.2667782298681278
1_2491,3,0,-0.5568183827351324,1.0,0.8719302991154111
1_2492,39,1,-1.3439068652949848,0.3242709509397169,0.9888967146413837
1_2493,92,7,3.7569495924105336,4.169692044233875e-05,0.3263888101564364
1_2496,1,0,-0.10932666215161554,1.0,0.7664003954520276
1_2497,3,0,0.07181844241997484,1.0,0.7328625194304659
1_2498,335,17,4.2395957105149655,7.792685699079887e-08,0.6259847994426387
1_2499,12,0,0.8719828588048206,1.0,0.5690033779017403
1_2501,56,2,2.1153449315200743,0.10820013753576062,0.5351092714152607
1_2504,170,10,0.8592491220796701,9.933961503484407e-06,0.9686415559679472
1_2505,183,13,4.4854631848056306,5.5250126993512494e-08,0.4940569276897404
1_2508,22,1,1.2377082735304947,0.1983694104609542,0.540519816910249
1_251,1,0,-0.07278837729180368,1.0,0.7570776455482007
1_2511,11,0,1.5662820078929118,1.0,0.3448873914153445
1_2512,35,0,-0.5827487439270692,1.0,0.9538371981411762
1_2517,5,0,2.602444065476328,1.0,0.08234417722875764
1_2518,14,0,-0.6498313019227839,1.0,0.9209977704654545
1_2520,1,0,-0.7201780122362178,1.0,0.8907332173744187
1_2521,4,0,1.326984736891669,1.0,0.35215403710574156
1_2522,5,0,-1.2577617163745158,1.0,0.9593562524526867
1_2523,2,0,0.9632805785179216,1.0,0.447471920805376
1_2524,10,0,0.40287630216554915,1.0,0.6926336674193803
1_2525,49,3,2.0259175339926063,0.013084004966208368,0.5133397058263857
1_2527,5,0,0.02602930478236006,1.0,0.7584755074374471
1_2528,3,0,1.0703645346923307,1.0,0.4226688124802611
1_2529,1,0,2.137523751463292,1.0,0.1303896498363395
1_253,56,5,1.4792502119281183,0.0002499437052764136,0.7002274739524788
1_2535,6,3,4.8051843732635335,1.955359000000005e-05,0.0008400987694453521
1_2536,2,0,0.5971182179802241,1.0,0.5669178566363635
1_2539,5,1,2.0685483197717502,0.049009950100000046,0.16948726016745386
1_2541,1,1,3.4722945596235872,0.010000000000000009,0.01305690213637134
1_2547,2,0,1.1255338685733915,1.0,0.39541023354632787
1_255,5,0,1.6609928224472812,1.0,0.2658402021558506
1_2552,2,0,1.59327761625558,1.0,0.2580988821946175
1_2555,2,0,1.6693509084941804,1.0,0.23833570585497899
1_2559,2,0,1.9697423170554214,1.0,0.168966203351834
1_256,3,1,2.819888105409154,0.029701000000000026,0.05200152817675385
1_2560,2,0,-0.44545929404587675,1.0,0.8471738713471569
1_2561,128,5,3.318446282633987,0.009606265320459065,0.587910130463686
1_2563,23,0,1.3345669079273628,1.0,0.5193481889840442
1_2566,10,0,3.7897702873301955,1.0,0.014098634180519598
1_2567,13,2,1.4991371773573174,0.00724894367793522,0.3826328913074094
1_2569,34,2,1.5147674388401977,0.04541839164429414,0.5518738793963289
1_2571,2,0,0.9738157698095986,1.0,0.44405366612129327
1_2573,7,0,1.2705734228739949,1.0,0.39762432733753816
1_2574,20,0,-0.7271023279865455,1.0,0.9418447351653999
1_2577,3,0,0.6589217033202815,1.0,0.5562182794569899
1_2578,1,0,1.309428183108019,1.0,0.32919745037426396
1_2579,5,0,1.0165805103843644,1.0,0.459191049313193
1_258,1,0,1.0761122001729,1.0,0.4013484961073688
1_2580,1,0,0.18290265455599258,1.0,0.6865951086903548
1_2582,108,3,1.7274194083924395,0.09466933312773579,0.8365825758735216
1_2583,10,1,-0.7318105184879088,0.09561792499119559,0.9203121377462216
1_2584,5,0,2.5768112995245547,1.0,0.085550786231121
1_2585,18,1,1.3248779499388286,0.16548623854991254,0.4801424545387648
1_2586,22,1,1.7449456191992974,0.1983694104609542,0.3876370411050434
1_2588,1,0,0.04083002854002681,1.0,0.7268460484398375
1_259,9,0,-0.061645267383818536,1.0,0.8033471763666931
1_2590,1,0,0.8265396423786984,1.0,0.48237674495489424
1_2592,1,0,0.6809279524549678,1.0,0.5302136850672418
1_2595,17,1,2.2867937640217386,0.15705680661607327,0.20645194438979164
1_2596,3,0,-0.5983025484541746,1.0,0.878896270850744
1_2597,1,0,0.8842631049764788,1.0,0.46344502136680654
1_2598,1,1,3.001980837092595,0.010000000000000009,0.033109608090697074
1_260,1,0,0.841039511119017,1.0,0.47761575885433927
1_2600,1,0,0.4629079343743781,1.0,0.6008214718027922
1_2601,3,0,2.18198548411503,1.0,0.1347744107900516
1_2602,54,1,3.545180729326189,0.41883358588189046,0.17558562538940348
1_2603,1,0,1.8572318180923741,1.0,0.1857768439309213
1_2605,187,10,3.1499533152966155,2.266901707258101e-05,0.7614689080321861
1_2606,1,0,0.8986547244707644,1.0,0.458736150695227
1_2608,3,0,0.8101885635930748,1.0,0.5070565394717228
1_2609,26,0,0.6655832787203954,1.0,0.7301351533582038
1_2619,1,0,0.8847921575631552,1.0,0.46327182303586256
1_2621,10,0,2.839381385697876,1.0,0.07528937994459062
1_2623,3,1,1.972630811513711,0.029701000000000026,0.17543535452880432
1_2625,7,0,-0.6298667508085726,1.0,0.8981772309533642
1_2631,116,6,2.5503867458464247,0.0011625243774821441,0.7127986026133033
1_2637,2,0,-0.2710564795717718,1.0,0.810900560603543
1_2638,1,0,0.7303498244924078,1.0,0.5139917139439547
1_264,61,4,-1.204695421847481,0.003316297527727509,0.9921569051190237
1_2647,1,0,0.09143791010084339,1.0,0.7128045765943043
1_2648,1,0,0.5590322948624795,1.0,0.5699549031937521
1_2656,1,0,-0.04329647641981545,1.0,0.7494083913335314
1_2657,1,0,0.18290265455599258,1.0,0.6865951086903548
1_2658,4,0,-0.27328169171828876,1.0,0.8222883500272598
1_2659,1,1,2.6790070461320283,0.010000000000000009,0.05811697890090961
1_2664,4,0,-0.4247249745020235,1.0,0.8525636377586872
1_2669,1,0,-0.5933804940392255,1.0,0.8699055913892988
1_2670,32,3,3.526968970325166,0.003993447232680418,0.08173016552270229
1_2673,43,3,3.137575757453453,0.009159838483861968,0.1932620469940134
1_2674,1,0,-0.3733404425523401,1.0,0.8275718447636968
1_2675,2,0,-0.7983573623166089,1.0,0.9055907982166314
1_268,1,0,0.0836203835070491,1.0,0.7149957491236432
1_2683,4,1,1.2008115805004678,0.039403990000000035,0.39099507630542163
1_2685,241,25,5.548386560275917,7.851837079754308e-18,0.3781671033077032
1_2688,18,2,1.1207480879539533,0.013756463740805566,0.5430847692419796
1_269,5,0,-1.491344298572465,1.0,0.9733712665197048
1_2690,366,26,4.898966311440822,1.6775136517503338e-14,0.472160209755631
1_2693,1,0,0.3544319419510928,1.0,0.6349029507515602
1_2694,2,0,0.1034072920906317,1.0,0.7169556549984746
1_2695,4,0,1.5064667144526547,1.0,0.2995400860089724
1_2697,7,2,3.9964022516563755,0.0020310416349400033,0.007043131599743568
1_2698,1,1,2.76567448774271,0.010000000000000009,0.050274235008044066
1_2699,130,3,3.9427513198963653,0.14207282079333797,0.4519882634783845
1_270,14,1,0.2686191496648803,0.13125418723102178,0.7551402888974061
1_2704,1,0,1.5950724652041623,1.0,0.24903633836666628
1_2706,9,0,1.1546988286260367,1.0,0.4527063099894827
1_2707,1,0,-0.28129458924284684,1.0,0.8075107315436676
1_2709,1,0,1.2726858521174391,1.0,0.34022412183274153
1_2713,2,1,2.968139346901895,0.01990000000000002,0.037714609389382536
1_2715,120,3,3.564744953667133,0.11963654137203271,0.5001631162574635
1_2717,1,0,-1.474247369606106,1.0,0.9679765878309755
1_2719,17,0,-0.40933037904161224,1.0,0.8989246861697204
1_2720,34,2,1.4416902233161935,0.04541839164429414,0.5730001005988818
1_2721,8,0,1.102170253619136,1.0,0.46008662230879704
1_2722,5,0,2.0915054814156195,1.0,0.16482372391887967
1_2723,1,0,1.8263004732311008,1.0,0.19267614287760726
1_2727,2,0,0.15255852088625974,1.0,0.7031468935870718
1_2728,1,0,1.9035217990675477,1.0,0.17574224891543921
1_2731,6,0,0.7919278322349836,1.0,0.5410443588846693
1_2732,52,2,5.0136684666048295,0.0955764302360967,0.02320597932869317
1_2733,14,1,3.325433709378943,0.13125418723102178,0.0437164161935889
1_2734,4,1,2.8395693288323782,0.039403990000000035,0.05351194755417865
1_2735,6,0,2.091347873480597,1.0,0.17169121071157123
1_2736,2,0,2.3203918494389852,1.0,0.10636241700068405
1_2737,6,1,2.7533725620788103,0.058519850599000056,0.0690712641494754
1_274,3,0,1.4646808434693959,1.0,0.30239518912018093
1_2741,5,0,0.9897112216027794,1.0,0.467853698332641
1_2744,23,2,3.091498784968085,0.02201068076236393,0.09884417853401384
1_2746,3,0,0.1609978209169809,1.0,0.708348611938187
1_2748,1,0,0.2272488556046079,1.0,0.6735283097147001
1_2749,17,2,1.5289640479526283,0.012308985529944274,0.4089907033651011
1_2751,7,1,1.7588111582653998,0.06793465209301006,0.2569559499934595
1_2752,18,1,3.2203038948215643,0.16548623854991254,0.06464236043711402
1_2753,3,0,-0.0703060472124798,1.0,0.7696565548046717
1_2754,1,0,0.3487493920037247,1.0,0.6366618736696225
1_2758,1,0,-0.9023002364660223,1.0,0.9162868489696618
1_276,1,1,2.3351642870975864,0.010000000000000009,0.09897333618057624
1_2761,1,0,1.0761122001729,1.0,0.4013484961073688
1_2762,13,1,1.1084202602811366,0.12247897700103212,0.5037008835413526
1_2765,48,3,1.3087362482783589,0.012373563910211128,0.6985756804258736
1_2768,31,1,2.6521037804902736,0.2676966303456026,0.22080678991188118
1_2769,96,6,2.798787260839811,0.0004300022887938518,0.5787366127062035
1_277,2,0,1.1147448534565243,1.0,0.3988253915760336
1_2771,1,0,0.8737458787116927,1.0,0.46688948849044
1_2776,18,0,2.167200863847878,1.0,0.24140620447230077
1_2777,11,0,1.653786342908884,1.0,0.31967479552825917
1_2780,2,0,-1.290450525506957,1.0,0.9571056446489556
1_2782,3,0,1.1047183554234934,1.0,0.411704085574257
1_2783,3,0,1.5691040269264174,1.0,0.27328213823848724
1_2784,21,1,2.312334102726275,0.1902721317787416,0.22900451514629339
1_2785,4,0,0.9131287743282877,1.0,0.4831018439167013
1_2786,101,6,5.299642433168286,0.0005635123352306492,0.10056273587827147
1_2787,3,0,3.2786803078553786,1.0,0.022700086706560874
1_2788,63,5,3.1954415478692453,0.0004341003678143677,0.2980170278026826
1_2789,22,3,2.916010654691547,0.0013356291937811095,0.11910405397116863
1_2790,2,0,0.34951844170373353,1.0,0.6449746502407523
1_2791,52,4,3.640164796622314,0.0018469347399827855,0.14978723459599674
1_2792,4,0,2.7118908663303363,1.0,0.06581514425830437
1_2796,1,0,1.9603488327643666,1.0,0.16390267159785465
1_2799,1,0,0.49000118542353877,1.0,0.5921763025304396
1_2800,2,0,2.0754160589583766,1.0,0.1480100009853541
1_2801,6,0,1.3029909042874297,1.0,0.37823319958903556
1_2803,1,0,-0.2593068689115512,1.0,0.8025153292355449
1_2807,12,1,1.3089951501655868,0.11361512828387083,0.43182221315475855
1_2808,1,0,0.6331798540637824,1.0,0.5458390623204411
1_2811,1,0,-0.35259244807271184,1.0,0.8231704598023961
1_2814,9,0,2.7578880306514115,1.0,0.08067085795597151
1_2816,1,0,2.137523751463292,1.0,0.1303896498363395
1_2818,16,0,0.8898278222024008,1.0,0.5969477608966816
1_2819,36,2,2.5725873808828634,0.05034561175058135,0.273031205072335
1_2820,1,0,1.1095706140406736,1.0,0.39072467281925527
1_2821,1,0,-0.3167434719354407,1.0,0.81539993632796
1_2823,2,1,2.142361804713981,0.01990000000000002,0.1356742567134407
1_2824,1,0,-1.3371203976912451,1.0,0.9589693844179797
1_2827,3,0,1.250055349211163,1.0,0.3661704069725047
1_2828,11,1,0.8862622431811658,0.10466174574128365,0.5558816229112392
1_2829,4,1,0.6887171318793031,0.039403990000000035,0.5558451798117064
1_2837,167,7,2.376104020888117,0.0015775140138560646,0.8477656182171192
1_2838,28,3,1.6196479079476793,0.002717121867743372,0.47432672270892795
1_2841,15,2,3.5692135880764,0.009629773443364747,0.030626364070908796
1_2845,51,5,2.1534314294859676,0.00016019410629843802,0.49146277060789845
1_2847,16,2,2.87913771544686,0.010932892162518214,0.09590747491166973
1_2848,1,0,0.9618751950645436,1.0,0.43812794250042286
1_2853,212,10,5.2039275191912155,6.540046606907158e-05,0.404852234557304
1_2854,5,0,0.6548057861851325,1.0,0.5757863000343371
1_2855,278,12,5.35898589491551,3.0276881103914435e-05,0.4384759235866721
1_2858,121,7,3.2325594177434764,0.0002338057463070259,0.5816379597509207
1_2859,9,0,1.0201706571565934,1.0,0.49550332064788083
1_2866,122,7,3.753697904257018,0.0002459048811896751,0.464036084840444
1_2867,4,1,3.1065853682349847,0.039403990000000035,0.03368213984204005
1_2869,6,0,-1.1285062121073541,1.0,0.9511104471465169
1_2870,176,11,4.948806167592535,2.0176479431323365e-06,0.3800918219093814
1_2873,242,13,4.537836541434221,1.350875228162745e-06,0.5755542298495862
1_2874,1,0,1.3556730432271806,1.0,0.3155283729345656
1_2877,202,5,2.3361615444289234,0.05355977123307395,0.8834338619307707
1_2879,1,0,1.2340317861574805,1.0,0.3519737030351475
1_288,9,0,1.2227129818867895,1.0,0.43124557020871346
1_2880,13,0,2.513046802532485,1.0,0.13622384532028242
1_2886,55,2,1.7924631246519087,0.10500372225811094,0.615723499872494
1_2887,4,0,0.52843848307666,1.0,0.606809091806158
1_2888,3,0,0.7150381100628592,1.0,0.5380406084032234
1_289,2,0,-2.340333533997632,1.0,0.9950584874605809
1_2890,2,0,0.5031105043843976,1.0,0.5970442441262921
1_2891,248,14,7.073001310927585,2.962961182242779e-07,0.14935931338871633
1_2892,38,2,4.125640130198791,0.0554547523593632,0.04573645473164634
1_2894,1,0,0.5360848935632366,1.0,0.5773700494523966
1_2895,189,10,4.432639778905666,2.482952014414839e-05,0.51852419077193
1_2896,1,0,0.8133938923001323,1.0,0.4866953020021938
1_2899,18,0,2.700775963205549,1.0,0.13246935757122302
1_290,1,0,0.9333999620211476,1.0,0.4473927756084174
1_2906,10,0,1.7956597011590263,1.0,0.27222269382285014
1_2907,94,4,5.390402679562604,0.014970472462132374,0.07476495429359109
1_2908,9,1,2.0495719908620567,0.08648275251635919,0.20206272695186478
1_2909,4,0,0.06259523193071084,1.0,0.7423166567447732
1_291,2,0,0.046164776987152885,1.0,0.7326383079659285
1_2910,6,0,0.875290701599264,1.0,0.5142260843691642
1_2911,13,1,0.5842036623666452,0.12247897700103212,0.6636015930866572
1_2912,1,0,1.1953371772461368,1.0,0.3638789046272135
1_2914,1,0,1.0614836927307818,1.0,0.4060169089655845
1_2919,15,1,2.023981477847585,0.1399416453587116,0.2537104254962306
1_2922,2,0,0.04675805058418262,1.0,0.7324780452960661
1_2923,3,0,-0.9034570611179104,1.0,0.9220545877857178
1_2927,2,0,0.9196070196075689,1.0,0.46168110851357924
1_2930,1,0,1.1847889060872832,1.0,0.3671477993842476
1_2936,12,0,2.1789404659796943,1.0,0.1949883618056576
1_2938,3,1,2.0901753700378167,0.029701000000000026,0.15173416112297788
1_2939,1,0,-0.1933254194323317,1.0,0.787061203631352
1_2941,37,1,1.8105623821817372,0.31055091413092223,0.4884006646260983
1_2945,7,0,1.0113277607021771,1.0,0.4797869825939731
1_2949,119,1,2.4430000370002887,0.6975955643309785,0.7430810286045775
1_2950,45,1,1.0326963840805672,0.36381451393612907,0.7478577508722553
1_2951,7,0,0.793844506209762,1.0,0.549534976060098
1_2957,39,0,1.0229395565590362,1.0,0.7181081672305393
1_2961,3,0,1.8808865953822442,1.0,0.1954800240921235
1_2963,8,0,0.3925160203510341,1.0,0.680557345708376
1_2964,4,0,-0.21616971807265864,1.0,0.8099184034442701
1_2966,7,1,1.9883230721183336,0.06793465209301006,0.20112150534670692
1_2967,1,0,1.6968609409852382,1.0,0.22320679883546746
1_2968,3,0,0.2848419454289365,1.0,0.672668196198531
1_2972,58,1,1.4194732504593222,0.44173386145213633,0.7242446326254828
1_2973,28,0,3.0003191223959234,1.0,0.13623850410181415
1_2974,59,2,0.26218050363013234,0.11793950109437501,0.9189848777661282
1_2975,1,0,-1.499286974597386,1.0,0.9694304756478797
1_2983,4,1,-0.06217588145841476,0.039403990000000035,0.774018646672417
1_2986,1,0,0.22733731427406864,1.0,0.6735020239772926
1_2987,3,0,1.18147626297105,1.0,0.3874648605882468
1_2995,57,1,1.8545790982314132,0.4360948095476124,0.6113520125109818
1_2998,1,0,-0.5028024086840451,1.0,0.8534398060758733
1_2999,1,0,-0.5028024086840451,1.0,0.8534398060758733
1_3000,1,0,1.4563688567917088,1.0,0.28664190656343
1_3001,4,0,-0.5120206474863812,1.0,0.8683458842094053
1_3002,112,10,4.199122815989125,2.2379856177886183e-07,0.32092354987089855
1_3003,3,0,-0.0481125390086481,1.0,0.7641043196424009
1_3004,60,0,-1.6412222958310463,1.0,0.9965680448192202
1_3005,7,0,0.43938828218859266,1.0,0.6590926302386144
1_3006,3,0,-1.19871859261412,1.0,0.9515909491689695
1_3007,3,0,1.634524188671538,1.0,0.2557788974265722
1_3009,2,0,0.30417652688951025,1.0,0.6587335856019823
1_301,3,0,-1.08279008751425,1.0,0.9412880184939277
1_3013,127,7,4.618572280551764,0.000314183696292154,0.29350222618229316
1_3020,7,0,0.02644485038062288,1.0,0.7711376846665321
1_3021,4,0,-0.9619183514447228,1.0,0.9312424370276747
1_3023,35,1,0.7568456511927317,0.29655230500043084,0.7591126091033187
1_3025,1,0,-0.000796481218476275,1.0,0.7381347797797398
1_3026,43,2,0.35292583480879003,0.06896390678471585,0.8688398693855939
1_3027,1,0,-0.19955229541587363,1.0,0.7885491365483058
1_3028,54,2,2.3274254141074935,0.10183372363564862,0.46371245074013523
1_3034,1,0,0.35550078091005216,1.0,0.6345717937388985
1_3035,6,0,-0.7144710848108352,1.0,0.9067449583876859
1_3038,45,4,1.9323863929020495,0.0010743284495865538,0.5118416745816425
1_304,3,0,-0.3662570315830047,1.0,0.8363905644954208
1_3040,1,0,1.2966821312787533,1.0,0.33300644708958005
1_3041,1,1,3.2156991310302603,0.010000000000000009,0.022054221105193283
1_3042,1,0,2.017662373915131,1.0,0.1524987791602459
1_3043,14,0,0.25892596194015804,1.0,0.7575255551719495
1_3051,2,0,0.47399042392157137,1.0,0.6062693019732047
1_3053,10,1,1.8558247820443234,0.09561792499119559,0.25654640352106783
1_3055,1,0,0.07747854320290072,1.0,0.7167116327460535
1_3059,1,0,1.3556730432271806,1.0,0.3155283729345656
1_3066,5,1,-0.12388225759720171,0.049009950100000046,0.7947651716497255
1_3067,57,1,3.7306763878262474,0.4360948095476124,0.15811537777811135
1_307,1,0,-0.19530334316628664,1.0,0.7875344960524764
1_3079,2,0,1.2656980542781735,1.0,0.35185894290914754
1_3080,12,0,2.4113505789122933,1.0,0.14837193629210166
1_3083,2,0,-0.4904544025306376,1.0,0.8557286979968803
1_3084,1,0,1.0051812125913846,1.0,0.4241041164382182
1_3085,1,0,1.5538277724892429,1.0,0.25993809772516807
1_3086,24,1,0.43193671544920403,0.2143218591927812,0.7744011414285126
1_3089,3,0,-0.42452110392133746,1.0,0.8478784466911733
1_3097,18,2,3.9228788894530964,0.013756463740805566,0.019663515011798305
1_3098,2,1,2.7332170073503805,0.01990000000000002,0.056483490882409226
1_3101,33,1,2.4452573085223928,0.2822694674017251,0.28317871730382294
1_3102,21,1,-0.5408335318558232,0.1902721317787416,0.9255555588727785
1_3113,1,0,1.8263004732311008,1.0,0.19267614287760726
1_3118,1,0,0.49528919060110155,1.0,0.5904835657890293
1_3120,26,0,0.4656227429495605,1.0,0.7775136821430576
1_3121,7,1,1.682851529107795,0.06793465209301006,0.2770672956185054
1_3122,17,0,0.6785350910467919,1.0,0.6665612808907355
1_3126,5,0,-0.27474602104509255,1.0,0.8277982865009322
1_3129,12,2,2.908437324277192,0.006174537772824754,0.07542714014942264
1_3132,1,0,1.378620573161346,1.0,0.30883660863879303
1_3133,10,0,1.4130527432559286,1.0,0.3815793316005234
1_3138,1,0,1.6768610307355072,1.0,0.22815820728219416
1_3142,11,0,0.6025640419748868,1.0,0.6427026307913295
1_3143,2,0,-1.6276171231046213,1.0,0.9769689817438295
1_3145,3,0,-0.6018697600390088,1.0,0.8794825813491505
1_3149,5,1,2.902745039803958,0.049009950100000046,0.05121521310391741
1_315,1,0,0.1839036007490017,1.0,0.6863026641930208
1_3152,7,0,0.9733423199209287,1.0,0.4919848547992093
1_316,1,0,-0.9534828134671096,1.0,0.9225883902278107
1_3161,5,1,1.6562625750872122,0.049009950100000046,0.26710111387861213
1_3165,2,0,-0.4375737843351654,1.0,0.8456406616474809
1_3166,2,0,-4.390603670596474,1.0,0.9999899135361648
1_3167,27,0,0.34822805139174035,1.0,0.8077494760555499
1_3168,29,1,1.7837804174650818,0.2528279056684038,0.43382610319834436
1_3169,1,0,0.03314035722580083,1.0,0.7289494445100131
1_3180,1,0,1.4133163116156608,1.0,0.2988388860780524
1_3181,18,0,-0.2760406550796843,1.0,0.8828542189812638
1_3182,11,0,-0.829020803763993,1.0,0.9334342531295241
1_3186,2,0,-1.2227787143537099,1.0,0.9517928518189294
1_3187,11,0,0.6174422473414765,1.0,0.6382871577709399
1_3188,11,1,2.044068202874764,0.10466174574128365,0.2181799267085398
1_3189,10,0,1.0900415351590598,1.0,0.4824370234353128
1_3190,7,0,0.08573541146622521,1.0,0.7564229653677342
1_3191,4,0,1.0142960777907657,1.0,0.45034709377528537
1_3194,1,0,0.027930277381568683,1.0,0.7303699790951004
1_3196,22,1,2.154548443401982,0.1983694104609542,0.2748615766294962
1_3197,8,0,0.11670659400572644,1.0,0.7550869934822206
1_320,4,1,1.9566336201058787,0.039403990000000035,0.18607714834693723
1_3200,59,2,1.9086941554141417,0.11793950109437501,0.6090055463393866
1_3201,30,2,3.5912982887106875,0.036147998312240706,0.06814059997283772
1_3204,17,4,1.5990407925545336,2.1444754139828896e-05,0.387984934381418
1_3207,27,1,2.665313586116145,0.23765728565289646,0.19223446058283822
1_3208,265,12,2.709419199900764,1.8958086670856148e-05,0.8664161266009225
1_3209,15,0,0.5870286172498359,1.0,0.6776881262144963
1_3210,17,0,1.2174115956216525,1.0,0.5047311718948708
1_3212,9,0,0.7944635603822898,1.0,0.567172716082575
1_3217,3,0,0.5261379593582166,1.0,0.5986956193320336
1_3219,1,0,0.6721198508832318,1.0,0.5331003275035324
1_3220,1,0,0.25628606051885894,1.0,0.6648542066580958
1_3222,37,2,2.289165939829661,0.05287802345257978,0.35310952526004624
1_3223,18,1,1.8201908617514941,0.16548623854991254,0.3324393589962332
1_3226,3,0,0.5741495196014694,1.0,0.5834434908759099
1_3227,17,2,2.0552044661105966,0.012308985529944274,0.2614424559746683
1_3228,5,0,1.9319205226174763,1.0,0.19896790616313775
1_3229,1,0,0.43202899461522465,1.0,0.6106144320695959
1_3232,3,1,2.024566796957956,0.029701000000000026,0.16468774884535442
1_3236,117,3,4.193583266103218,0.1131825591492575,0.3431659289284804
1_3239,1,0,1.4841500415787823,1.0,0.2788988110358819
1_3240,1,1,2.7279203265950347,0.010000000000000009,0.0535802907603955
1_3241,1,1,2.8159416163510493,0.010000000000000009,0.04612710013662269
1_3245,1,0,-1.3459997413407703,1.0,0.9596090204970646
1_3247,1,0,-0.7060179094609661,1.0,0.888533816117837
1_3248,3,0,0.9680856123823164,1.0,0.4556369878985671
1_325,1,0,-0.35761106039890195,1.0,0.8242415428515593
1_3250,2,0,0.020705274868168852,1.0,0.7394698021738585
1_3251,9,0,1.5595940564784598,1.0,0.3290493678502727
1_3253,2,0,1.2249901180375267,1.0,0.364337254131601
1_3254,11,0,0.41588429939402954,1.0,0.6963216596163848
1_3256,6,0,0.7487534917993505,1.0,0.554868393573344
1_3257,1,0,0.484067902243971,1.0,0.5940735505626273
1_3260,215,13,5.094617463786944,3.5692504263465206e-07,0.4315117449365313
1_3263,3,1,2.844349956837474,0.029701000000000026,0.04990733383255219
1_3264,9,0,1.663415518935681,1.0,0.29960228952844614
1_3265,1,0,2.1385498841128947,1.0,0.13021047743013958
1_3267,4,0,0.7082250282325854,1.0,0.549560737259223
1_3269,5,1,2.623985553650023,0.049009950100000046,0.07972007805461878
1_3271,15,1,3.382185455911393,0.1399416453587116,0.04223149531460946
1_3274,8,0,-0.6425607965238863,1.0,0.9031775506835311
1_3276,1,0,0.9056369586712335,1.0,0.45645363929858196
1_3278,2,0,1.143914026984072,1.0,0.3896107610682208
1_3280,1,0,-0.6364978221715204,1.0,0.8772760722878169
1_3286,2,0,1.0818815935801565,1.0,0.40927471963270445
1_3288,8,0,0.1383623560758221,1.0,0.7495923756868266
1_329,1,0,-1.3901858142142518,1.0,0.9626726458447532
1_3290,3,0,0.1994503687987236,1.0,0.697464539023282
1_3295,1,0,0.5360848935632366,1.0,0.5773700494523966
1_3296,2,0,0.7842288794860146,1.0,0.5059571536713912
1_33,1,0,0.2391667038462154,1.0,0.6699791718299343
1_3300,4,0,0.35552033625047136,1.0,0.6597852473814856
1_3301,4,0,-0.24306724001972366,1.0,0.8158087453550806
1_3302,39,1,0.6990844106051636,0.3242709509397169,0.7913610539617899
1_3303,3,0,1.1378831065593142,1.0,0.4011837907136744
1_3304,24,0,2.8202256906372254,1.0,0.14515152241600182
1_3306,12,0,0.1098755874056719,1.0,0.7812688240558123
1_3320,6,1,3.033809943705405,0.058519850599000056,0.04368154248395306
1_3322,7,0,2.5363228993072044,1.0,0.10044575253396437
1_3323,4,0,-1.1335635933308388,1.0,0.9479119562559996
1_3324,9,0,0.07335030328512519,1.0,0.7720784564769436
1_3325,1,0,0.15009127950058115,1.0,0.6961157374345708
1_3327,1,0,-0.42729565109098183,1.0,0.8386872656752771
1_3328,2,0,-0.4247175591386177,1.0,0.8431192422096664
1_3329,1,0,-1.3591419876103175,1.0,0.9605408565354971
1_333,3,0,0.9469540077623104,1.0,0.46249447509059793
1_3330,1,0,-1.2260241158897784,1.0,0.9502514735802818
1_3335,1,0,0.8344063858005971,1.0,0.4797933692654358
1_3336,8,1,2.5350535971664976,0.07725530557207996,0.10563960975023456
1_3337,3,0,1.6196516575322955,1.0,0.2597060420354792
1_334,1,0,1.2927212657990592,1.0,0.33419364274533414
1_3340,1,0,-0.1797311977406473,1.0,0.7837916706141872
1_3347,3,0,0.08598198619551398,1.0,0.7290396939046402
1_3348,4,0,1.117218377272876,1.0,0.41736911533997767
1_3349,2,0,1.9251185842147711,1.0,0.1783616417042242
1_335,4,0,0.056896351769284,1.0,0.7438132998852955
1_3350,13,0,2.6304640593757345,1.0,0.11703154584725173
1_3352,11,0,0.07781008911821105,1.0,0.7829403810623619
1_3353,22,0,3.0352219475892808,1.0,0.1019561928148941
1_3354,17,0,1.4457518203978432,1.0,0.43427283667998984
1_3355,1,0,-1.4187803609805871,1.0,0.9645520956314526
1_3356,1,0,-0.4982041751075633,1.0,0.8525681628991227
1_3357,1,0,-1.5061420186474828,1.0,0.9698188319146662
1_3359,64,2,3.1057309406677853,0.13462396498316523,0.32533160486817525
1_336,1,0,0.487849283608295,1.0,0.5928646547731516
1_3360,23,1,2.16805332327687,0.20638571635634465,0.27907109351705206
1_3361,3,0,1.0124098768672258,1.0,0.44129842136767605
1_3362,1,0,2.075378448263246,1.0,0.14155971721686078
1_3364,12,0,0.9608872402826284,1.0,0.5412307703251624
1_3366,1,0,1.0739348107427178,1.0,0.4020424949950754
1_3368,9,0,2.637983150838798,1.0,0.09599588076847843
1_3374,35,0,0.6537392161448918,1.0,0.7819703564997293
1_3375,1,0,-1.513710818006774,1.0,0.9702428645945026
1_3385,4,0,0.7301460878570378,1.0,0.5424841176991806
1_3388,4,0,0.4245621257846783,1.0,0.6389423860057418
1_3389,8,4,1.1999336239044527,6.778784035000024e-07,0.4290994831940912
1_339,1,0,1.1479102411498323,1.0,0.37865091982034127
1_3391,2,0,1.77228641935896,1.0,0.21296765923922512
1_3392,2,0,1.3415556063431016,1.0,0.32903542025134735
1_3393,59,1,1.030205586210429,0.44731652283761497,0.8092467559192003
1_3394,3,0,0.5936734709075213,1.0,0.5772036843103916
1_3397,1,0,0.6003770788984366,1.0,0.5565341478506383
1_3398,1,0,0.1501613985720883,1.0,0.6960955295995251
1_34,1,0,1.8906470881912543,1.0,0.1784981020439369
1_3401,13,0,1.6767907663690282,1.0,0.33049444983282783
1_3402,3,0,2.0267697668687927,1.0,0.1642415014104065
1_3404,1,0,0.6788118570283358,1.0,0.5309073349137783
1_3407,1,0,-1.474247369606106,1.0,0.9679765878309755
1_3409,1,0,1.4816895459055612,1.0,0.2795804670271649
1_341,5,0,2.703426047483034,1.0,0.07058788484032463
1_3411,2,0,-0.5407922141403463,1.0,0.8649096739822721
1_3415,9,0,1.2134654507853768,1.0,0.4341530255456355
1_3419,4,0,2.0030559278891724,1.0,0.17611758737733307
1_3420,20,0,1.2746869707794308,1.0,0.5126573473218052
1_3421,7,0,1.5767055648459345,1.0,0.30640050361940085
1_3424,48,1,2.066831871828582,0.3827098590577121,0.49498323118517773
1_3426,2,0,-0.08937361700138237,1.0,0.7679388415997164
1_3428,12,0,1.9069383101794675,1.0,0.2596030520575474
1_343,1,0,1.129348710610838,1.0,0.38448226325109114
1_3432,45,0,2.8909184908683216,1.0,0.2578068965681819
1_3435,3,1,2.245431030279087,0.029701000000000026,0.12384365449405077
1_3436,4,1,1.8369797405234911,0.039403990000000035,0.21331515512234145
1_3440,3,0,0.5783453897601216,1.0,0.5821042171572226
1_3443,29,0,2.312371477684228,1.0,0.2874606348097801
1_3445,2,0,0.9091200263492055,1.0,0.46510104304728983
1_3446,64,3,1.0075732183511061,0.02651229078139653,0.8307004615812548
1_3449,7,0,-0.6456942043599198,1.0,0.9004258878821665
1_345,1,0,1.0761122001729,1.0,0.4013484961073688
1_3451,2,0,-1.164477973695799,1.0,0.9468048052223645
1_3452,22,1,1.7335109180476018,0.1983694104609542,0.39098458885537557
1_3454,7,0,-0.6288741989382716,1.0,0.8980349941023194
1_3455,13,1,1.5283270108832723,0.12247897700103212,0.3738884447209141
1_3456,4,0,2.0637445401862404,1.0,0.16361672413400097
1_3462,5,0,1.0202189964198962,1.0,0.45801939886804477
1_3463,22,0,-0.4860662133458905,1.0,0.9218575667955711
1_3468,4,1,2.562300006807044,0.039403990000000035,0.08289755459342796
1_3470,1,0,-0.9346373960703536,1.0,0.9203114347976838
1_3472,1,0,1.551748278250512,1.0,0.2604941936771602
1_3474,1,1,2.5572201695639336,0.010000000000000009,0.0707244982405939
1_3475,110,9,4.165581936770996,1.8714577430217536e-06,0.31956390407238944
1_3476,66,7,5.66313228570357,4.6470237319152135e-06,0.016634692675020157
1_3479,1,0,-0.3556718616461258,1.0,0.8238281630463069
1_3480,3,0,-0.10653332805259297,1.0,0.778560669565538
1_3481,1,0,1.4938948375120356,1.0,0.27620708243446623
1_3483,1,0,0.8986117460086582,1.0,0.4587502047637466
1_3484,10,1,1.5666834129714096,0.09561792499119559,0.3358881576966317
1_3486,6,0,-0.45048550583058655,1.0,0.8659706226282393
1_3488,1,0,-0.2464169583963077,1.0,0.7995507578711845
1_3489,2,0,1.4476403644050022,1.0,0.29817262585607396
1_3493,5,0,1.1312716505131055,1.0,0.4224815153551349
1_35,4,2,1.1389569119547573,0.000592030000000001,0.41046946626812464
1_3502,2,0,1.0422838963402323,1.0,0.42195086373295
1_3503,4,0,0.45826485858776095,1.0,0.6286114029988502
1_3504,5,0,1.068553525173708,1.0,0.4424934214135471
1_3505,1,1,2.331895182168417,0.010000000000000009,0.09944339344222075
1_3506,6,0,1.2925424121514613,1.0,0.3814492116698742
1_3507,5,2,5.212597083219017,0.0009801496000000018,0.00022596752618608829
1_3508,1,0,1.4914056714706367,1.0,0.2768934313386453
1_3516,20,1,0.2414071844100057,0.1820930624027693,0.7955936007765411
1_3519,1,0,0.9083619158509583,1.0,0.45556322881982614
1_3520,15,1,1.7257428703842852,0.1399416453587116,0.333760692048677
1_3521,1,0,-0.037425174976265234,1.0,0.7478664157663426
1_3526,1,0,0.5104365157483518,1.0,0.5856255338810828
1_3532,2,1,2.4823796719557456,0.01990000000000002,0.08393442121375971
1_3536,3,1,3.7488486548452116,0.029701000000000026,0.008530061727690108
1_3541,1,0,0.830239688329843,1.0,0.48116158061412717
1_3544,23,4,-0.11953422319800171,7.60525098813713e-05,0.8759150051179299
1_3545,123,7,4.437447001889966,0.0002585025838718001,0.31532014471111236
1_3546,1,0,0.3272080403555777,1.0,0.6433031732404444
1_3547,75,3,2.363340563289616,0.039669072711499984,0.581830324599766
1_3548,1,0,-0.12557064611484992,1.0,0.7704804633666082
1_3549,26,0,0.6719476047296739,1.0,0.7285483336438346
1_3551,1,0,-1.3869183555994704,1.0,0.9624527945875058
1_3552,41,4,3.698460720668789,0.0007537239966933208,0.09505033742576063
1_3556,2,0,-1.003678762486977,1.0,0.93091383583741
1_3559,6,0,0.20576831933307066,1.0,0.7180199143074383
1_356,1,0,0.592275588355808,1.0,0.5591695524144022
1_3562,1,0,1.0635335916119661,1.0,0.40536190020118246
1_3565,1,0,-0.4966912411154654,1.0,0.8522806125523775
1_3567,4,0,0.2889109532177183,1.0,0.6794421439666465
1_3576,23,2,1.3034055120973718,0.02201068076236393,0.5287887754651767
1_3579,2,0,0.8177285324875716,1.0,0.4949866088921471
1_3587,2,0,1.2898144802115548,1.0,0.3445400405250859
1_3588,12,0,-0.5468381962523396,1.0,0.9024764482282883
1_359,3,1,-0.0373139834291324,0.029701000000000026,0.7613763539891019
1_3591,3,1,2.734090293577807,0.029701000000000026,0.05990309503081215
1_3592,5,0,-0.616852920831025,1.0,0.8893609024328601
1_3593,2,0,-0.7293596095485337,1.0,0.8957032142337207
1_3596,2,0,-2.401541250881584,1.0,0.9957325266538389
1_3598,4,0,-0.47191789943309703,1.0,0.8612465634270451
1_3599,25,2,1.2538229575009574,0.025759105399048503,0.5597430455214922
1_360,21,1,0.6822498996912074,0.1902721317787416,0.6937665656308596
1_3600,2,0,0.44457714095523165,1.0,0.6155270691382678
1_3601,1,0,-0.28110665102170507,1.0,0.8074683637644506
1_3605,19,1,2.2920350678028694,0.1738313761644134,0.2194013708938709
1_3606,3,0,0.4165323877087017,1.0,0.6329220936143045
1_361,1,0,2.1008741858910187,1.0,0.13690102138564453
1_3610,12,1,0.7376267671327612,0.11361512828387083,0.6102925381660849
1_3611,13,2,-0.06679227258128426,0.00724894367793522,0.8251674897820029
1_3612,2,0,1.0364014477707548,1.0,0.42384122867852947
1_362,9,0,-0.9427174424361928,1.0,0.9403896974873197
1_3622,24,1,0.7086996443524649,0.2143218591927812,0.7066310478515225
1_3623,50,5,0.05151300909281383,0.00014568926807182755,0.9236815340109543
1_3624,1,0,-0.35465482243290786,1.0,0.8236111145680818
1_3626,22,3,3.1914526030929786,0.0013356291937811095,0.08230230746070366
1_3628,16,2,3.0678005837041358,0.010932892162518214,0.07321006902527771
1_3629,1,0,0.49650749599103183,1.0,0.5900933351406149
1_363,1,0,-0.04631272137341618,1.0,0.7501985987046711
1_3632,102,11,4.175030624313915,7.725938995133817e-09,0.28263538912350206
1_3633,1,0,-0.02677348693021718,1.0,0.7450562458236156
1_3635,1,0,1.0781643014099132,1.0,0.4006947150024325
1_3636,1,0,1.1151877369053977,1.0,0.38894884017257225
1_3640,1,0,-0.2839014307677194,1.0,0.8080978158425541
1_3642,5,0,1.4042426307324443,1.0,0.3383106704356398
1_3651,2,0,0.6149740205755816,1.0,0.5611457474255839
1_3652,28,4,2.66471603152413,0.00016897909435176111,0.19869616390745082
1_3654,2,2,3.369713870681539,0.00010000000000000018,0.017537161430618786
1_3659,2,0,0.7323200967499882,1.0,0.5229444684415394
1_366,1,0,0.5524300895820276,1.0,0.572090967474518
1_3661,1,0,0.22007605884364367,1.0,0.6756568485834106
1_3662,206,18,4.708428527455919,5.4453808903501704e-12,0.49453898226177984
1_3663,3,0,0.8517756813346811,1.0,0.49348996924836963
1_367,1,0,1.1195362383742158,1.0,0.38757566690895984
1_3670,1,0,0.6202642917273357,1.0,0.5500544867736289
1_3671,144,9,4.97106194572166,1.6910078574074915e-05,0.28308140435074347
1_3675,4,0,1.4126593045967704,1.0,0.32660583899100804
1_3676,2,0,1.132148943245215,1.0,0.39332024289951784
1_3677,16,0,0.2607958783527516,1.0,0.7690707858571753
1_3679,15,2,2.030253482791237,0.009629773443364747,0.2521416472319221
1_3680,5,0,1.0347638192513737,1.0,0.453339477651884
1_3685,1,0,1.0452184892327363,1.0,0.4112233497500136
1_3688,1,0,0.8540540538744155,1.0,0.47334517393600173
1_3689,4,0,1.7717824113905356,1.0,0.2290863542326722
1_3691,6,0,0.3256689738715942,1.0,0.6843972655544495
1_3694,1,0,-1.3869183555994704,1.0,0.9624527945875058
1_3698,1,0,2.1765302806076443,1.0,0.12369833474977465
1_370,1,0,0.6959429471962486,1.0,0.5252893026379135
1_3700,5,0,0.801988799649735,1.0,0.5285714648312566
1_3701,8,0,0.023413972759466214,1.0,0.777998106316986
1_3703,2,0,1.468282270905922,1.0,0.2923238599318886
1_3704,7,1,1.460268205793061,0.06793465209301006,0.34006224800670726
1_3705,9,1,1.9541236083872244,0.08648275251635919,0.22423589481992456
1_3706,2,1,2.851242430531432,0.01990000000000002,0.0462956129863078
1_3708,31,2,0.9622428427303441,0.03838951459523551,0.6852685792619712
1_3709,7,3,4.327391829064556,3.396253015000008e-05,0.003247786254039209
1_3711,2,0,1.3421212632402963,1.0,0.32886747160805974
1_3712,4,1,1.0427286033292469,0.039403990000000035,0.44119246165246995
1_3715,1,0,0.017014811016625688,1.0,0.7333339508459636
1_3721,4,0,0.3563232164556408,1.0,0.6595455050502974
1_3722,4,0,1.5800144814434547,1.0,0.27905930444424587
1_3727,34,2,2.7715753029970247,0.04541839164429414,0.21424345920497834
1_3730,2,0,2.194910753281204,1.0,0.12649854418014228
1_3735,3,0,-0.5045976496179159,1.0,0.8627722691502124
1_3738,16,0,1.4951772758995718,1.0,0.41043727414910025
1_3740,14,0,2.129351976813537,1.0,0.22062786595199446
1_3742,1,0,1.3130801198452482,1.0,0.32810935299101196
1_3743,9,0,1.4452608569257763,1.0,0.3627452235577755
1_3745,6,1,1.7676676922262349,0.058519850599000056,0.24641616097679608
1_3748,1,0,0.22623485873307073,1.0,0.6738295601038946
1_3749,5,0,0.3403977807386653,1.0,0.6723033164696534
1_3754,5,0,1.4221722242796397,1.0,0.3330056363432823
1_3757,1,0,1.4488648823072914,1.0,0.28875074715404814
1_3758,5,0,1.5076852118959194,1.0,0.30817621696470454
1_3759,3,0,1.8957266824968633,1.0,0.19214661205663575
1_376,2,0,-0.2987033998718446,1.0,0.8169798187598369
1_3761,4,0,-0.8695890242427464,1.0,0.9207144593780866
1_3764,1,0,1.153901875958899,1.0,0.37677438242779393
1_3765,1,0,-1.460167372690744,1.0,0.9671342771830131
1_3770,65,3,2.3316640805973274,0.02759340752341423,0.5328890113126712
1_3771,139,10,5.086329776731174,1.650013913856587e-06,0.2458586184859457
1_3774,135,9,0.6400307915673249,1.0074301995237913e-05,0.9655077816828186
1_3775,5,1,3.855252678593746,0.049009950100000046,0.008059976703687632
1_378,19,0,0.42982292511674547,1.0,0.746073970212372
1_3781,1,0,-0.6743140081967318,1.0,0.8834950033693864
1_3782,2,0,0.9612213163631301,1.0,0.4481405345093553
1_3783,24,1,1.8489721324608286,0.2143218591927812,0.374096989782126
1_3790,3,0,0.47932017553778095,1.0,0.6134252580417888
1_3791,2,0,0.38068003017327473,1.0,0.6354065579566781
1_3792,1,0,1.5068508972543777,1.0,0.2726481918759651
1_3793,7,0,3.0334464877777365,1.0,0.04653408217528665
1_3794,38,5,1.3225206887127912,3.8123510750696654e-05,0.6343254213210046
1_3795,21,0,1.359325533046106,1.0,0.49517241298758974
1_380,1,0,1.3556730432271806,1.0,0.3155283729345656
1_3803,78,3,3.21123567521482,0.043733120886481534,0.3813623793336226
1_3804,15,0,2.846498626668375,1.0,0.0957253458401589
1_3805,78,4,1.1230659780743053,0.00793277154121152,0.8533782661856636
1_3809,3,0,-0.02908450501067438,1.0,0.7592858592587778
1_381,3,0,0.14793081875294964,1.0,0.7120052552090376
1_3812,3,0,-0.8291273121021279,1.0,0.9128069766924352
1_3813,1,0,0.5608175814239543,1.0,0.5693769405729254
1_3815,3,0,1.5460250746780182,1.0,0.279595503415645
1_3819,2,0,-2.0461165959012813,1.0,0.9903160162124677
1_3821,2,0,1.9841663169247108,1.0,0.16599851396803111
1_3823,2,1,2.1111794944039874,0.01990000000000002,0.14132962191742815
1_3824,9,1,-0.646137416529448,0.08648275251635919,0.9067390150229747
1_3829,15,1,-0.4148625970886483,0.1399416453587116,0.8934351307193624
1_3830,3,0,-0.15774786039791663,1.0,0.790806289816071
1_3831,1,0,0.8513502840632281,1.0,0.47423215174014244
1_3834,2,0,0.013632341555158183,1.0,0.741351588348111
1_3835,1,0,1.2150020749362955,1.0,0.3578113155002851
1_3836,27,0,2.6953144513327114,1.0,0.18613968681569837
1_3837,21,1,1.4359447404655468,0.1902721317787416,0.4717810694813359
1_3838,1,0,-1.6285826482016936,1.0,0.9760941973531453
1_3839,5,0,-0.026943775834086314,1.0,0.7716819136033528
1_3840,1,0,1.6415796493590395,1.0,0.23704160864094836
1_3846,1,0,0.8172925206571079,1.0,0.48541436412609773
1_3849,1,0,-1.804010888623004,1.0,0.9831484816762265
1_3850,71,2,-0.17364290331535973,0.1587742786796478,0.965886320503726
1_3852,17,0,0.4178537777083318,1.0,0.7366084899755754
1_3854,9,0,0.39356627868843497,1.0,0.6878259065756663
1_3858,106,5,0.9081290983683505,0.004399464158937283,0.927769388410689
1_3859,10,2,3.1942749251928095,0.004266200242831427,0.04269952148012046
1_3860,351,9,2.478195433723476,0.009661814799519325,0.8608876992538087
1_3864,1,0,2.0760572109223867,1.0,0.14143431537914875
1_3866,1,0,-0.1900952910521822,1.0,0.7862869529134793
1_3867,1,0,-0.1252574964808044,1.0,0.7704021876302836
1_3868,15,0,0.8828687706946465,1.0,0.5908815466691681
1_3870,13,1,1.3131869482429739,0.12247897700103212,0.4395694262370673
1_3873,1,0,1.0402061820215989,1.0,0.41283097618407694
1_3878,43,1,0.2130101997196435,0.35089737163159784,0.888910490579667
1_3879,3,0,1.7157855600390859,1.0,0.2348811915931952
1_3881,2,0,0.7853389570642013,1.0,0.5055936492666899
1_3883,13,0,1.9343983749725566,1.0,0.26059244283856886
1_3885,1,0,0.08306185034220764,1.0,0.7151519946182985
1_3886,1,0,-1.535931424538645,1.0,0.9714592772515643
1_3889,1,0,-0.7663713078805112,1.0,0.8976909922939545
1_389,2,0,-0.2513324766232221,1.0,0.8064883669150776
1_3890,1,0,1.5564943379869534,1.0,0.2592259049033384
1_3891,1,0,-0.2528245444544817,1.0,0.801027776323426
1_3897,1,0,-0.2548600409545508,1.0,0.8014956043008611
1_3898,12,1,0.8548416059232115,0.11361512828387083,0.5743233997301164
1_39,16,3,-0.4792902994831152,0.0005079424092904579,0.9053568545355539
1_390,1,0,-0.44241047547770773,1.0,0.8417153777086863
1_3900,1,0,1.973044031244109,1.0,0.161330124545918
1_3904,15,0,1.5411267573342744,1.0,0.38777214749527567
1_3910,28,0,1.1316553530507345,1.0,0.6181799180140543
1_3912,6,1,1.8854837307861947,0.058519850599000056,0.21738240553191301
1_3914,1,0,0.9789460440341733,1.0,0.4325895758710159
1_3915,1,0,1.1044925811438682,1.0,0.3923320391495171
1_3916,7,0,2.3723257292001776,1.0,0.12570691540248924
1_3917,8,0,-0.11314142830175049,1.0,0.8092214262199469
1_3918,4,0,-0.37937913090883507,1.0,0.8438844769267816
1_3919,61,5,0.8761328003685466,0.00037353009609219194,0.8429232069628868
1_3920,12,1,-0.22142549232345327,0.11361512828387083,0.8504736567520247
1_3921,1,1,3.408461831070497,0.010000000000000009,0.014931166276961338
1_3923,20,0,2.200191327324176,1.0,0.24835493172108436
1_3927,4,0,0.34432657382562676,1.0,0.6631209725646532
1_3928,6,0,-0.2322689222252996,1.0,0.8241037720409594
1_3929,1,0,0.18704264123057598,1.0,0.6853847780133305
1_3931,2,1,1.973246411204353,0.01990000000000002,0.16824213240120622
1_3932,1,1,2.356487470632499,0.010000000000000009,0.09594714968697571
1_3933,5,1,2.552563227318119,0.049009950100000046,0.08866938916960909
1_3935,1,0,1.4126642767111737,1.0,0.29902541063297083
1_3936,13,0,0.27353294493238495,1.0,0.7476437641643806
1_3937,2,0,0.7589679332537438,1.0,0.5142271383366575
1_3942,1,0,-0.8832137386638423,1.0,0.9138407935734549
1_3943,1,0,1.2024506380595525,1.0,0.36168001574300357
1_3945,6,2,3.3504101436261076,0.0014604476050000025,0.024681511592956173
1_3947,1,0,-0.4671728731720742,1.0,0.8465951625420691
1_3948,4,0,1.5111351600522962,1.0,0.2982200256335764
1_3951,1,0,-1.186912338339809,1.0,0.9468517335228607
1_3953,1,0,-0.11586946002681232,1.0,0.7680485954003244
1_3954,1,0,1.7261758352193746,1.0,0.21606100077006163
1_3959,49,2,-0.22649368889078703,0.08641059140541359,0.9465270109769769
1_3960,15,2,1.3106505889968543,0.009629773443364747,0.45825419871207307
1_3961,2,0,1.4033672069136114,1.0,0.3108934099876036
1_3962,57,4,2.09336435972083,0.002590576762217553,0.5474743615645316
1_3963,1,0,1.599454458789887,1.0,0.24789255949836608
1_3964,20,2,3.306893280187714,0.016859337635651808,0.06296318108465815
1_3966,3,1,1.0792027814795708,0.029701000000000026,0.41984181451756375
1_3967,18,1,1.0935285774123686,0.16548623854991254,0.5514308625209201
1_3972,35,2,3.486377551279021,0.04785867545512833,0.09800889732605711
1_3973,65,5,2.1020353511339698,0.0005017868080383298,0.5934426793182802
1_3976,3,1,0.36091993826822927,0.029701000000000026,0.6499108767605908
1_3977,2,0,0.5396239748666712,1.0,0.5854008179615404
1_3983,2,0,-2.565437955955236,1.0,0.9971511041620834
1_3987,1,0,-0.22627055273393876,1.0,0.7948640726855885
1_3988,1,0,1.4071535834623798,1.0,0.30060393554170306
1_3992,1,0,1.6562291211006974,1.0,0.233330168445808
1_3994,8,1,2.1717552225031276,0.07725530557207996,0.16890003892264793
1_4,6,1,2.082762963605088,0.058519850599000056,0.1734645804205619
1_4000,27,5,-1.103506127330493,6.718701953687921e-06,0.9749658425444608
1_4002,2,0,1.3039102129869111,1.0,0.340288823014957
1_4004,3,0,1.3972784707017885,1.0,0.3218952568584925
1_4005,2,0,0.7857854647266244,1.0,0.5054474351839305
1_4006,2,0,0.1032242924861663,1.0,0.7170064865101397
1_4010,2,0,2.57677180904036,1.0,0.07261744261996483
1_4015,5,0,0.9048458847012976,1.0,0.49529498304992614
1_4017,4,0,1.0537998168732317,1.0,0.4376359877369025
1_4019,1,1,2.3405081519209956,0.010000000000000009,0.09820845744216611
1_4026,1,0,0.48967894946942875,1.0,0.5922793978219538
1_4029,156,7,0.48905970099608553,0.0010661873831350084,0.9776442199240545
1_4033,2,0,2.0336304138319377,1.0,0.15607895039249065
1_4034,1,0,0.9532520893407435,1.0,0.4409302568900284
1_404,125,10,5.629516219419491,6.235307126039665e-07,0.12402408496883899
1_4040,41,3,2.6674176866242445,0.008029755979504066,0.28429484524369153
1_4042,1,0,1.7189256332157523,1.0,0.2178158689664046
1_4043,1,0,1.9045306255516312,1.0,0.17552745269050551
1_4044,8,3,1.1478327530683357,5.3933321197900146e-05,0.4455714800110342
1_4046,23,1,2.6516888237373437,0.20638571635634465,0.17015429105214275
1_4048,1,0,1.1442807112846052,1.0,0.37978905905998084
1_4049,4,0,1.3592564649702723,1.0,0.34244435388207173
1_405,2,0,0.9553438092352631,1.0,0.45004968322667316
1_4051,118,12,4.662391291329464,3.2020175786963063e-09,0.25138913160036314
1_4053,1,0,-0.5670768063923138,1.0,0.8652616578240512
1_4055,2,0,-2.2350617024946957,1.0,0.9936750686155422
1_4059,12,2,3.338608822916959,0.006174537772824754,0.03781001572754039
1_4060,37,1,0.5984823099559999,0.31055091413092223,0.8028615863055967
1_4063,1,0,-0.010029438530019617,1.0,0.740605856444509
1_4068,3,2,4.42565087438537,0.0002980000000000005,0.0016470744547140148
1_407,39,1,1.6034664145312492,0.3242709509397169,0.5627373687530697
1_4070,6,0,-0.2242159434683306,1.0,0.8224149152071587
1_4075,2,1,3.082029000274981,0.01990000000000002,0.030649127535899878
1_4077,3,1,-1.1392937431483174,0.029701000000000026,0.9465064382590782
1_409,30,4,2.733458430262029,0.00022259789863339767,0.1970595673507065
1_4091,10,0,1.7370567458030213,1.0,0.2879362742830167
1_4093,1,0,1.4294868494336885,1.0,0.29423007380262445
1_4094,57,4,3.8084474964027346,0.002590576762217553,0.1455972438069424
1_4095,1,0,0.11358608312794763,1.0,0.7065537557437127
1_4097,4,0,1.3976473551624258,1.0,0.3310282216904664
1_4099,5,0,2.1503975806124855,1.0,0.15324425651437412
1_41,1,0,-3.26470018239037,1.0,0.9995616007355417
1_410,112,7,3.385760566016656,0.00014500074810911947,0.5089345610153726
1_4100,95,4,3.860189785674902,0.01550756619833473,0.3179149300169235
1_4102,2,0,1.695771564732631,1.0,0.2316709258589813
1_4103,1,0,1.993303201996885,1.0,0.1572796671462895
1_4107,1,0,0.8746497673313303,1.0,0.4665933573545874
1_4111,1,0,-0.3089701939936101,1.0,0.8136874188099519
1_4113,4,1,0.0424746445505619,0.039403990000000035,0.7475803905877106
1_4123,8,0,1.2007912520275548,1.0,0.4288292882562832
1_4126,11,1,2.1466901615360117,0.10466174574128365,0.1949494934824908
1_4129,3,0,1.8441951837252741,1.0,0.20387118675957883
1_4131,6,1,3.9789655879554156,0.058519850599000056,0.006687526736844918
1_4133,3,0,0.6902027340689713,1.0,0.5460975776367147
1_4135,1,0,-0.968033819031632,1.0,0.9243124131764946
1_4136,10,2,5.030931537726445,0.004266200242831427,0.0007283129913535635
1_4137,5,0,0.49813853269754205,1.0,0.6248592484395264
1_4143,18,1,3.516990175936444,0.16548623854991254,0.040355530848994126
1_4150,10,1,-0.14584111852509923,0.09561792499119559,0.8264976739914173
1_4151,7,0,0.17903681941086858,1.0,0.7322695603027437
1_4152,8,1,0.938267043938749,0.07725530557207996,0.5124893433566475
1_4153,3,0,2.2180607069219582,1.0,0.12848060057812472
1_4155,127,11,4.346052196496178,7.675089840622587e-08,0.3502331834508736
1_4156,1,0,1.4051417209263213,1.0,0.30118116474109535
1_416,3,0,-0.7362872227873487,1.0,0.9001355712767817
1_4160,5,0,0.4805251162652556,1.0,0.6302676547023901
1_4161,3,0,-0.07263491305928244,1.0,0.7702349097123945
1_4162,9,1,2.042297774302979,0.08648275251635919,0.2037049311488779
1_4163,1,0,0.3386320436713792,1.0,0.6397863598711087
1_4164,1,0,1.059099604672724,1.0,0.4067790328608588
1_417,61,3,4.1748340968311135,0.02340829585406519,0.10971288871448648
1_4170,226,12,3.8299968551063,3.833563460838451e-06,0.6924604463732689
1_4171,1,0,1.139774500035035,1.0,0.3812035552260866
1_4172,2,0,1.3312222760874028,1.0,0.33210952476536604
1_4175,2,0,1.7505908811335962,1.0,0.21817944406710665
1_4176,1,0,1.2936061415611264,1.0,0.3339282732538198
1_4179,150,11,5.9217964426973255,4.1636778992282767e-07,0.14706829910943786
1_418,14,1,0.9987516954667791,0.13125418723102178,0.5467841425835183
1_4181,4,0,0.8028298972958303,1.0,0.5189359483801104
1_4183,28,2,2.667106861661859,0.03182475277917828,0.19819772795611812
1_4185,30,1,-0.045480227606788166,0.2602996266117198,0.8875017858852428
1_4186,11,0,-1.223476276775511,1.0,0.9652323373091587
1_4188,17,0,1.2431542434425915,1.0,0.4967541212343699
1_419,7,0,0.03909579931395897,1.0,0.7680404859357911
1_4191,40,2,1.0886403021453914,0.060736621806206224,0.7076679254125269
1_4192,5,1,0.5517913901837168,0.049009950100000046,0.6082367672680917
1_4193,39,9,1.8115114399913534,1.6163335474669602e-10,0.5030483404250404
1_4194,1,0,0.5368066177116304,1.0,0.5771372366559493
1_4198,5,0,-1.445230688514704,1.0,0.9709805506781132
1_4199,1,0,-0.6183770840562933,1.0,0.8742149884807131
1_42,38,4,3.624429599530929,0.0005626183754617408,0.09266439050857667
1_4206,2,0,0.1080480638555602,1.0,0.7156651326401596
1_421,57,3,4.697943287250189,0.019595506039313457,0.04797767612757475
1_4212,6,0,1.0236277193778216,1.0,0.4664240800052051
1_4216,4,0,0.44947511276254853,1.0,0.6313150406405906
1_4217,3,0,0.41585853788618504,1.0,0.6331295902977233
1_4220,4,0,-1.1251596977893337,1.0,0.9471784421562421
1_4222,1,0,-0.37426361399828595,1.0,0.827766044605577
1_4223,3,0,1.5379007476252098,1.0,0.2818346828995598
1_4224,1,0,1.5483105733360052,1.0,0.2614148423714372
1_4225,1,0,-0.7116864826163862,1.0,0.8894180536709699
1_4228,104,3,2.5219099999893655,0.08687795791027986,0.6767827269298038
1_4229,1,0,0.6407596382566819,1.0,0.5433627094505096
1_423,2,0,1.7256725423486359,1.0,0.224255143326906
1_4231,10,0,2.038721447166023,1.0,0.2119372624056859
1_4233,18,0,-0.4519306220239935,1.0,0.9075009689625306
1_4234,5,1,0.43605391807534855,0.049009950100000046,0.6438067307459135
1_4237,1,0,0.6401779135630271,1.0,0.5435528226946345
1_424,2,0,0.6211536503024826,1.0,0.5591450081901748
1_4240,25,6,3.606956455521407,1.5041890957304008e-07,0.05177275125723013
1_4244,1,0,1.4408761751531987,1.0,0.29100380778935464
1_4245,12,1,2.342577461726296,0.11361512828387083,0.16131736602700109
1_4246,39,5,2.732600184749578,4.3368459397807124e-05,0.2553763939806978
1_4248,1,0,0.7573862356300372,1.0,0.5051058947014253
1_425,11,1,1.8611080415629717,0.10466174574128365,0.263318221731043
1_4251,4,0,1.5769327652338188,1.0,0.27990362812946534
1_4252,1,1,2.4848294019324837,0.010000000000000009,0.07915764565919947
1_4262,3,0,-0.15879625583078025,1.0,0.7910527290910798
1_4263,6,0,1.05008495655816,1.0,0.45792908532305565
1_4264,6,0,-0.04064745860274704,1.0,0.7811827964643543
1_4266,1,0,0.09406860417639976,1.0,0.7120654309637948
1_4271,1,0,1.0132688124347198,1.0,0.42149516542779963
1_4272,1,0,-0.3830501234056156,1.0,0.8296073989382423
1_4273,1,0,0.5215888044028996,1.0,0.5820403494368691
1_4274,1,0,0.25414331641581495,1.0,0.6654973804211549
1_4275,2,0,-0.11122426891266955,1.0,0.7733765752534085
1_4278,13,1,-1.4199077228786516,0.12247897700103212,0.9773239064135356
1_4280,1,0,-0.1821910455578031,1.0,0.7843854310375351
1_4281,1,0,2.137523751463292,1.0,0.1303896498363395
1_4287,2,0,0.29381915762578764,1.0,0.6618479176988172
1_4289,11,0,-1.849033713965263,1.0,0.9895945651083197
1_4297,21,0,0.25610990890814717,1.0,0.797574539375548
1_4298,5,0,0.6354698328854469,1.0,0.5819237557759454
1_43,16,1,2.6564920268004384,0.1485422289051245,0.12888561912829744
1_430,1,0,1.4540797034327992,1.0,0.28728445225864485
1_4301,4,0,1.1615928620653306,1.0,0.4033143457555217
1_4308,1,0,1.3352037801407417,1.0,0.3215490166426842
1_4311,39,0,0.9101945177903691,1.0,0.7449451703094152
1_4313,2,1,-1.003249817163394,0.01990000000000002,0.9308670208506362
1_4315,53,2,-1.3720615385936683,0.09869100146972073,0.9929528124304886
1_4316,16,0,2.2310377247319724,1.0,0.2118468400256015
1_4321,3,0,0.5462186049194554,1.0,0.5923333307793237
1_4324,6,1,3.068569922204936,0.058519850599000056,0.041142631718687706
1_4325,4,0,1.318559447781663,1.0,0.354705237730921
1_4326,7,0,0.09471817971840003,1.0,0.7541498872816403
1_4327,1,0,0.7870668052809755,1.0,0.4953482907084471
1_4328,3,0,0.2751873208382922,1.0,0.6755129959252864
1_4329,2,0,-0.21458215949619439,1.0,0.7981016851983735
1_4331,4,0,0.3224676985567837,1.0,0.6695978301698671
1_4332,18,0,-0.30901353027341233,1.0,0.8877976402117109
1_4336,1,0,1.1062581503737103,1.0,0.3917729678857629
1_4338,4,1,1.593635872290436,0.039403990000000035,0.27534224353297754
1_4339,2,0,0.3759622820030432,1.0,0.636860734914397
1_4346,1,0,1.9315422636888573,1.0,0.1698381729890075
1_4348,99,5,2.9060489826155362,0.003287432231566452,0.566549869925825
1_4349,2,0,0.7842445431753319,1.0,0.5059520244959472
1_4351,2,1,2.705451307162203,0.01990000000000002,0.05911994512067642
1_4352,2,0,-0.026867950680078568,1.0,0.751989803118436
1_4353,3,0,0.44790926098313777,1.0,0.6232182422040715
1_4354,3,0,-0.6305470004814666,1.0,0.8841234345467281
1_4355,1,0,-1.2406409966729646,1.0,0.9514765878108221
1_4356,26,1,0.6385086181521372,0.2299568541948449,0.7368333661108415
1_4357,2,0,-1.2943204689240022,1.0,0.9573945619097528
1_436,4,1,0.5424560374612039,0.039403990000000035,0.6024110532731336
1_4361,4,0,0.8829507301139953,1.0,0.49290479134552834
1_4362,10,0,0.8915573430512536,1.0,0.5454073625747611
1_4363,86,5,2.7417621149582185,0.0017803194135717322,0.5439219521931733
1_4364,8,0,2.111053689667727,1.0,0.18146132231938628
1_4365,1,0,0.9122659769470692,1.0,0.45428792283893993
1_4367,20,2,2.0942903170444382,0.016859337635651808,0.2748290214512954
1_4368,235,13,7.799994813776085,9.740648050379912e-07,0.07410209217936181
1_4369,11,0,0.2342940829591808,1.0,0.7447209751193491
1_4370,11,0,1.3189166641358172,1.0,0.41963017140813885
1_4371,29,0,-0.050001323571349364,1.0,0.8850920081664628
1_4372,4,0,0.6945943430652787,1.0,0.5539532477907356
1_4377,20,0,1.1670218742055418,1.0,0.5455759522673153
1_4379,3,0,0.9536642162072737,1.0,0.46031561657487174
1_4385,15,0,1.2076992263687076,1.0,0.49030829914363117
1_4390,24,1,0.975842144885654,0.2143218591927812,0.6334532241685905
1_4391,4,0,2.010359082873997,1.0,0.17458204087370777
1_4392,6,0,0.3627408671558628,1.0,0.6736658960580778
1_4394,7,0,-0.769074858641253,1.0,0.9167228477062368
1_4398,3,0,-0.3612548935378627,1.0,0.8353786973680242
1_4400,11,0,2.2323879830667077,1.0,0.17675190523032347
1_4401,3,0,-0.06033985500986918,1.0,0.7671723585068673
1_4402,1,0,1.0761122001729,1.0,0.4013484961073688
1_4407,48,3,1.563698943585646,0.012373563910211128,0.633481673273649
1_4409,3,0,-1.3551451405734316,1.0,0.9631440449887283
1_4411,29,2,2.508060185785762,0.03395931237935017,0.23986214690734176
1_4412,4,0,1.158950916039087,1.0,0.4041478356994743
1_4413,1,0,0.3260980134353264,1.0,0.6436442458337814
1_4415,11,0,0.6062338580903877,1.0,0.6416152697287021
1_4416,3,0,-2.9939183037761574,1.0,0.9991215227439789
1_4417,8,0,-1.0054330495872987,1.0,0.9442024674572184
1_4422,4,0,0.8433977798806084,1.0,0.5057586182404357
1_4425,15,0,2.46568793457481,1.0,0.15663168042819509
1_4428,55,2,3.1909381836614723,0.10500372225811094,0.2517263418314756
1_4430,3,0,0.923601941212708,1.0,0.47008543621976107
1_4431,2,0,0.400419026647728,1.0,0.6293013637509152
1_4434,1,0,1.0761122001729,1.0,0.4013484961073688
1_4438,3,0,0.22271803246512292,1.0,0.6907914235101429
1_4439,3,1,3.9578944960933446,0.029701000000000026,0.0052887222845617865
1_444,1,0,0.013284893959760827,1.0,0.7343429785168176
1_4452,42,3,1.4731204560709228,0.008583853799733485,0.6196363386189687
1_4453,3,0,-0.5539005651800323,1.0,0.8714300730874713
1_4455,3,0,0.9482825685183666,1.0,0.4620629892962699
1_4456,4,0,-0.24113605797587853,1.0,0.8153896560472359
1_4457,37,1,1.505644121950501,0.31055091413092223,0.5763411394942098
1_4458,15,0,2.513818810500302,1.0,0.14776895545064161
1_4462,244,9,3.8895970752020563,0.0008918809356574597,0.6962781212984598
1_4468,31,0,2.1232918864765895,1.0,0.3528287868251695
1_4469,1,0,-2.4688447831915683,1.0,0.9962241906435465
1_447,4,0,0.26365874187126975,1.0,0.6867683341687281
1_4471,13,0,0.9996556264163314,1.0,0.5378321321238977
1_4472,46,5,4.767336730731916,9.742899389210385e-05,0.025154743834686633
1_4473,1,0,-0.8311461701317199,1.0,0.9068966072581057
1_4475,62,0,0.34780366990761485,1.0,0.9156668306777649
1_4477,91,8,2.24553836798151,4.0649157438643775e-06,0.6862531809159622
1_4478,6,0,0.8212219649572917,1.0,0.5316352527665436
1_4480,2,1,2.16187561811598,0.01990000000000002,0.13221506388008475
1_4481,2,0,1.4327691400166414,1.0,0.3024190503249313
1_4484,34,1,2.5869934446314296,0.2894467727277079,0.2558004783412344
1_4486,3,0,1.9380963569775158,1.0,0.18282248503616527
1_4490,35,1,1.0471998741196777,0.29655230500043084,0.6883151839336594
1_4491,1,0,0.8356642366867827,1.0,0.47938037695398805
1_4492,1,0,0.3816880836187224,1.0,0.6264274237011456
1_4493,14,0,0.3695972161332616,1.0,0.729558740598223
1_45,32,4,4.050129005699812,0.00028747364479569346,0.03754899902995612
1_4501,1,0,-0.18464817169109965,1.0,0.7849775894632751
1_4502,4,1,1.7726355771989433,0.039403990000000035,0.22887583762816444
1_4505,13,1,0.38825249932469524,0.12247897700103212,0.7179305072501315
1_4506,4,0,0.8271735753337508,1.0,0.511030152744482
1_4507,6,1,2.8798949777659435,0.058519850599000056,0.05647910071030182
1_4511,47,3,1.7689928730588984,0.01168584739977607,0.5713779686958704
1_4513,15,0,1.1060652985667163,1.0,0.5220146334941673
1_4517,3,0,0.13448119252147972,1.0,0.715746215561738
1_4518,8,1,1.3816446958814281,0.07725530557207996,0.3727857295153303
1_452,53,5,3.596465874302736,0.0001924875932574295,0.1617548461022158
1_4521,11,0,-2.1512977902141572,1.0,0.9946337436802669
1_4527,26,2,3.517668988126765,0.027723300751066573,0.062411326783595844
1_4528,10,0,1.5524479051855635,1.0,0.3400334061361192
1_4529,4,1,1.1725612396191298,0.039403990000000035,0.39985874048414294
1_4531,42,3,3.3645048656457877,0.008583853799733485,0.14706752477057816
1_4534,12,1,2.8988262195375536,0.11361512828387083,0.07651355744817068
1_4538,3,0,-0.8309529772578496,1.0,0.9130435215574235
1_454,2,0,1.0623806620770422,1.0,0.4155064412640461
1_4540,4,0,-0.4164125471180236,1.0,0.8509973334132861
1_4546,6,1,0.6028942296463354,0.058519850599000056,0.6009847902621621
1_4548,1,0,-0.2548600409545508,1.0,0.8014956043008611
1_4549,1,0,1.2478029721343298,1.0,0.34777077294916214
1_455,1,0,-1.4497960548660274,1.0,0.9665022200837902
1_4550,3,0,2.767296722172837,1.0,0.05674011130663503
1_4551,15,1,3.1726861523312064,0.1399416453587116,0.05920641027165352
1_4552,1,1,2.397413742643994,0.010000000000000009,0.09033052302161282
1_4553,1,1,2.4050424338904492,0.010000000000000009,0.08931114253357697
1_4554,3,0,3.2130157293885704,1.0,0.0257535613927099
1_4559,12,0,1.0059822456946874,1.0,0.5270575559572885
1_456,102,5,3.0108957091428565,0.0037357616299874973,0.5548289684721985
1_4563,3,0,1.570749338615247,1.0,0.27283476564165543
1_4566,118,10,6.168442014995907,3.650044083409208e-07,0.059173820382379505
1_4567,6,0,1.9507217853762593,1.0,0.20219448077089952
1_4570,2,0,-0.4971036388081448,1.0,0.8569649799515204
1_4572,1,0,1.0761122001729,1.0,0.4013484961073688
1_4575,4,1,0.1678135247985543,0.039403990000000035,0.7138915522584985
1_4576,1,1,2.479333577219485,0.010000000000000009,0.0798277234981819
1_4577,1,0,-0.25475025311990185,1.0,0.8014703881759062
1_4578,200,18,3.4306988238301246,3.306419615090722e-12,0.7322741142098405
1_4580,2,0,-0.5680788544298068,1.0,0.8697152952413922
1_4582,8,0,0.21758097736194576,1.0,0.7289489567257308
1_4583,26,1,1.3005369666506394,0.2299568541948449,0.5536952483291224
1_4585,1,1,2.546871337191161,0.010000000000000009,0.07188593201278737
1_4587,25,1,0.3870681691941943,0.2221786406008534,0.789679230406295
1_4588,1,0,-0.7806458791146503,1.0,0.8997744589219983
1_4596,1,0,1.3532732865807497,1.0,0.3162317274030878
1_4598,17,2,3.1834817415395897,0.012308985529944274,0.06484749062374962
1_46,13,0,-0.8030705907974645,1.0,0.9351594583238898
1_460,1,0,-1.43905083615089,1.0,0.9658368564124737
1_4600,3,0,1.4403252145469942,1.0,0.3093804752964666
1_4603,16,0,2.2210992900238398,1.0,0.2140980004496753
1_4604,53,4,1.8333052795341107,0.0019819916499195477,0.5925927664793778
1_4605,4,0,-0.4054584720086236,1.0,0.8489163474852648
1_4606,8,2,3.3977356018726113,0.0026900777395207046,0.026048665207676125
1_4607,34,4,2.4486906049590096,0.0003648914330466054,0.28949267663054756
1_4609,77,5,2.848214026897416,0.0010874260040674216,0.4677285329761801
1_4613,25,2,2.636916891679648,0.025759105399048503,0.18543059954987873
1_4614,3,1,1.3112680634647302,0.029701000000000026,0.3475031430887018
1_4618,1,0,0.1520074242463959,1.0,0.6955633022544588
1_4619,13,1,0.8197233228409279,0.12247897700103212,0.5935723935449906
1_462,7,2,2.929106494218433,0.0020310416349400033,0.05531269133854244
1_4620,4,0,-0.03199725041520253,1.0,0.7665592375878436
1_4623,1,0,0.6566409680630573,1.0,0.5381688494617115
1_4629,2,0,-0.22914628206830465,1.0,0.8014510356834788
1_463,65,2,2.6716579556014883,0.13802176045807787,0.4422377901591408
1_4630,1,0,-2.043799081038623,1.0,0.9898623123870592
1_4631,1,0,-0.7132060550202046,1.0,0.8896542340443823
1_4632,8,1,0.33961008303428336,0.07725530557207996,0.6955740948467365
1_4633,1,0,1.1870700773617413,1.0,0.3664400414724689
1_4635,1,0,0.22425837920203695,1.0,0.6744164303633761
1_464,3,0,1.8809675390886085,1.0,0.1954617476081002
1_4640,1,0,-0.6122507031181239,1.0,0.8731681307218824
1_4642,2,0,0.0375921330853073,1.0,0.7349486409584383
1_4643,4,0,0.7525302546320991,1.0,0.535244086523426
1_4644,11,1,1.4358386488329384,0.10466174574128365,0.383754575927846
1_4650,1,0,1.9452504879760675,1.0,0.1669966515539436
1_4651,8,0,1.7495126755751018,1.0,0.26773234167790094
1_4656,1,0,1.8659202785767228,1.0,0.18386677667671703
1_4658,6,1,3.2983125933713886,0.058519850599000056,0.027219791109379998
1_4663,13,0,0.9037553757720945,1.0,0.5677050963285668
1_4664,10,0,1.5619895697799435,1.0,0.3372527873589686
1_4665,71,10,7.221321408542772,2.6486825274176256e-09,0.0011289820880566737
1_4669,4,1,3.147983003758899,0.039403990000000035,0.031233959133907252
1_467,14,1,3.15022701804949,0.13125418723102178,0.05802793571997178
1_4670,10,1,-0.17046151151941372,0.09561792499119559,0.8314791227925856
1_4671,5,0,-0.1018655679999665,1.0,0.7896478139806666
1_4673,22,3,3.9885390293287757,0.0013356291937811095,0.02284485274334125
1_4675,1,0,-1.1821783530049037,1.0,0.9464280302468971
1_4677,5,0,0.8297839853744239,1.0,0.5195890722219163
1_468,10,0,0.24424373237354707,1.0,0.7355511632568201
1_4681,2,0,1.6610056657239567,1.0,0.24046246450161368
1_4684,9,0,-2.0363775121722214,1.0,0.9925011037235413
1_4686,1,0,1.4952512604636026,1.0,0.2758334216383016
1_4688,24,2,0.3743374252842871,0.02385443111830375,0.7873015964725182
1_469,69,7,5.26927907454152,6.2717054132096115e-06,0.035491433437090825
1_4690,125,10,4.319932637618517,6.235307126039665e-07,0.34807749766492857
1_4691,1,0,-0.18913131316754958,1.0,0.7860555733927864
1_4696,1,0,1.9667161843006513,1.0,0.16260908588809664
1_4699,2,0,1.8011158786084451,1.0,0.2061557726260823
1_47,19,1,1.2078597639150375,0.1738313761644134,0.5247398586437176
1_470,11,1,1.061161648400521,0.10466174574128365,0.5006890154082142
1_4700,19,2,3.7062487845235124,0.015273761488896639,0.03108656495451456
1_4701,69,5,1.332721936839115,0.0006606076155544952,0.789434785998115
1_4708,10,1,1.6941643061677427,0.09561792499119559,0.2997021301036975
1_4712,10,0,-0.9386150264665696,1.0,0.942013847791327
1_4713,1,0,-0.30348825083862785,1.0,0.8124738026990135
1_4714,3,0,-1.209001456436642,1.0,0.9524302089528998
1_4716,3,1,1.9239573930749874,0.029701000000000026,0.18590210860615142
1_4717,1,1,2.543078245159626,0.010000000000000009,0.07231526882951311
1_4718,6,1,1.6235580107161678,0.058519850599000056,0.28457638461291546
1_4719,7,0,-1.5886841600637138,1.0,0.9794997940066338
1_4721,1,0,-0.4982041751075633,1.0,0.8525681628991227
1_4723,3,0,0.3015499390323623,1.0,0.6677213781441635
1_4729,6,0,-0.5597785431192634,1.0,0.8841334663041429
1_4740,3,0,2.8355354171547305,1.0,0.05065406258517724
1_4745,13,0,-0.26765449510767186,1.0,0.8629129904646418
1_4746,6,0,0.3210546994703786,1.0,0.6857224040230511
1_4748,2,0,1.733785220570799,1.0,0.22226660040743684
1_4750,4,1,2.532256310638321,0.039403990000000035,0.08669878890681282
1_4752,9,0,-0.44396012305293275,1.0,0.8768326041957624
1_4754,3,0,0.4346391524374829,1.0,0.6273321678621501
1_4755,7,1,3.1519561002326877,0.06793465209301006,0.03795838231117554
1_4756,4,0,1.1943729061114738,1.0,0.393010442887588
1_4763,1,0,1.2596782350778288,1.0,0.34416141179323523
1_4764,4,0,0.7272851157564983,1.0,0.5434085184201611
1_4765,1,0,1.0402061820215989,1.0,0.41283097618407694
1_4767,10,1,2.760898614400197,0.09561792499119559,0.08456974653128424
1_4769,13,2,2.455561764294952,0.00724894367793522,0.14636533386432737
1_4778,16,0,1.795170546683976,1.0,0.3226621113048683
1_4779,2,0,-0.4288910301785894,1.0,0.8439407156831451
1_478,3,1,0.6572140174857314,0.029701000000000026,0.5567697932018478
1_4781,1,0,-2.944776527378447,1.0,0.9989068885928021
1_4782,5,0,2.0673298017715687,1.0,0.1697371347381691
1_4783,2,0,0.9061775724824335,1.0,0.4660610869197982
1_4786,3,0,-0.5705835779164834,1.0,0.874271941504003
1_4788,2,0,-0.2478228209760454,1.0,0.8056967383570537
1_479,2,1,2.0212360290883544,0.01990000000000002,0.1585270735999882
1_4794,1,0,-1.2044176332289542,1.0,0.9483954663996285
1_480,2,1,-0.9343971248135334,0.01990000000000002,0.9230309040456561
1_4803,14,0,1.5603939121273274,1.0,0.3731979908477294
1_4806,4,0,0.7342586652714734,1.0,0.5411549127872783
1_4808,1,0,0.46311508194719686,1.0,0.600755554620728
1_482,15,0,-1.7840646067007337,1.0,0.9897238119278837
1_4821,5,0,2.9820712090181414,1.0,0.044795386066074805
1_4822,1,0,-0.7678297793912722,1.0,0.8979052993721299
1_4824,1,0,1.0883987788921217,1.0,0.39743828815653326
1_4829,1,0,0.612166021406232,1.0,0.5526947800401905
1_483,1,0,1.0394927244761933,1.0,0.41305992714851025
1_4832,3,0,0.9843099864767358,1.0,0.4503808086352157
1_4834,2,1,2.018276669718881,0.01990000000000002,0.15911530694875697
1_4837,3,0,0.1619468888654952,1.0,0.7080821857926691
1_4838,1,0,1.823977062627548,1.0,0.19320063096061246
1_4839,1,0,-0.8518250514327929,1.0,0.9097024767706219
1_484,14,0,0.8893273100650851,1.0,0.5806074655430616
1_4840,1,0,0.07718899027946587,1.0,0.7167924044772354
1_4844,4,0,0.11467094149514312,1.0,0.7284332465160966
1_4848,10,0,2.4270350637753206,1.0,0.1337081712076048
1_4850,1,0,-0.12297335174701447,1.0,0.7698307844250339
1_4851,10,0,0.5947254808156315,1.0,0.6370221161654913
1_486,21,1,0.3801962616394,0.1902721317787416,0.7697232761878716
1_4860,4,0,1.7435837930116753,1.0,0.2361051109076242
1_4863,1,0,-1.235802460986965,1.0,0.9510737453359331
1_4867,1,0,-1.932847393581579,1.0,0.9871189400555981
1_4869,46,6,2.241855457284526,6.6464182114075335e-06,0.4318958598259076
1_487,7,2,0.44483951594739135,0.0020310416349400033,0.6574807237296268
1_4873,1,1,2.9503756080197157,0.010000000000000009,0.03637389255917722
1_4874,1,0,-0.6373814627557746,1.0,0.8774239953170336
1_4876,8,0,0.14298290159059074,1.0,0.748411625175355
1_4877,3,0,-0.033516175868776706,1.0,0.7604128518826228
1_4878,13,0,0.7497512331185817,1.0,0.6148092780358851
1_4879,2,0,1.7302227847335894,1.0,0.22313856699066859
1_4884,1,0,-1.853568343988606,1.0,0.9847849443981318
1_4885,9,0,-1.603267302139909,1.0,0.9815180071597938
1_4887,32,1,0.53776011553396,0.27501966404214656,0.7921525229458155
1_489,1,0,0.6788118570283358,1.0,0.5309073349137783
1_4892,5,0,-0.8855073662488114,1.0,0.9252305567763843
1_4893,4,0,0.5704380006499993,1.0,0.593593139348398
1_4894,1,0,0.43612486156794883,1.0,0.6093193530028089
1_4895,40,2,1.5821965107463,0.060736621806206224,0.5758102545014071
1_4897,2,0,2.094176679105806,1.0,0.14447972381445617
1_4898,5,0,0.7330676802831371,1.0,0.550772028321836
1_4899,21,2,1.773977099215599,0.01851167488332298,0.3708002717853326
1_49,1,0,-0.998383152383487,1.0,0.9278139221628582
1_4901,8,0,-0.11294905437005676,1.0,0.8091794264226917
1_4902,2,0,0.1558187551257026,1.0,0.7022201458074737
1_4903,3,0,1.8553751921746184,1.0,0.2012919048402837
1_4906,1,0,-1.474247369606106,1.0,0.9679765878309755
1_4908,5,0,0.11959564229608187,1.0,0.7341698697730068
1_4911,17,1,3.0746583607417395,0.15705680661607327,0.07624719645503863
1_4917,20,5,2.457625960471608,1.3677986328934169e-06,0.19009177680065403
1_4920,44,4,3.2311799754344164,0.0009866158160786334,0.18088936117685295
1_4922,6,0,2.7139208965220063,1.0,0.07341118119463974
1_4924,1,0,0.02082782676800155,1.0,0.7323004441509313
1_4927,18,1,0.5052996345446551,0.16548623854991254,0.7205879636667945
1_4936,1,0,0.6459529908414987,1.0,0.541665036898654
1_4938,11,1,0.06616878538922476,0.10466174574128365,0.7856450829217305
1_4940,89,5,3.5812083932991423,0.0020703629755668787,0.35166884767520257
1_4944,2,0,1.3456023355930062,1.0,0.32783467138264155
1_4945,1,0,-0.9790984448147341,1.0,0.925603669737767
1_4947,3,0,0.525918773772339,1.0,0.5987649245346611
1_4950,81,4,4.309554643929431,0.00903812886129144,0.16740544317130723
1_4952,61,6,3.5759298711351817,3.4665967600851515e-05,0.20543952944088473
1_4953,8,0,0.5163154138715308,1.0,0.6442763761691402
1_4956,12,1,1.5244837314937945,0.11361512828387083,0.3661236071336298
1_4957,4,0,1.131217417320612,1.0,0.4129228666795858
1_496,7,0,-0.7913333025905279,1.0,0.9194361692322036
1_4960,1,0,0.6909384208637458,1.0,0.5269310753680445
1_4963,1,0,0.371899738282977,1.0,0.6294784806953849
1_4966,1,0,0.9559900924773272,1.0,0.44004014037062444
1_4967,1,0,-0.16455532146815147,1.0,0.7801076250769936
1_4968,12,0,1.6431757502910607,1.0,0.33142006119956435
1_4969,2,0,1.5116836040170736,1.0,0.28020359652094595
1_4972,102,1,1.6228823064762978,0.6412517023181081,0.8383927010477492
1_4974,44,2,3.4918832352583378,0.07178324143318462,0.13622609951915954
1_4977,62,4,3.610763854144165,0.003517217510990881,0.20387774270186898
1_498,3,0,0.45800179662105717,1.0,0.6200799876388936
1_4980,1,0,1.8671654699583584,1.0,0.1835940399005913
1_4982,49,2,1.050241177765644,0.08641059140541359,0.7633926650462541
1_4983,2,0,2.196959043620765,1.0,0.12614985821923042
1_4984,1,1,2.770180009620408,0.010000000000000009,0.049890797070954895
1_4986,1,0,-0.3860516729483553,1.0,0.8302335218762705
1_4987,9,1,0.8959324705837372,0.08648275251635919,0.535084090149316
1_4989,1,0,1.8263004732311008,1.0,0.19267614287760726
1_4992,1,0,2.1891701687125176,1.0,0.12158254516784361
1_4995,9,1,-0.8537047322697803,0.08648275251635919,0.9314777837051603
1_4997,4,2,4.16108919653352,0.000592030000000001,0.0035911511585872136
1_4998,2,0,1.1378057758591467,1.0,0.3915354354610976
1_5000,2,0,0.6900864946361118,1.0,0.5367362645345046
1_5002,5,1,1.6755719556733641,0.049009950100000046,0.26197300674299384
1_5005,1,0,-1.1714294510257641,1.0,0.945456041309359
1_5007,122,12,4.288040276508584,4.695297158953166e-09,0.34307373401282937
1_5010,1,0,-0.3952485034973809,1.0,0.8321427797370229
1_5011,10,4,0.36001511236894085,2.001276156940847e-06,0.7045288124275945
1_5012,9,0,2.092399335444539,1.0,0.19255584658043223
1_5015,46,5,1.7947426229036272,9.742899389210385e-05,0.5574886374323611
1_5019,17,1,2.597912870936066,0.15705680661607327,0.1444678922880238
1_5020,54,2,3.609666759126714,0.10183372363564862,0.16431742762071488
1_5021,1,0,0.43036135797168823,1.0,0.61114137406869
1_5025,1,0,1.29999626295095,1.0,0.33201438175265197
1_5027,59,6,2.5436098710765798,2.8614117330284317e-05,0.4381133080291423
1_5028,15,0,1.6511561586345773,1.0,0.35524265582751957
1_503,5,0,0.7605370718152632,1.0,0.5419388182138121
1_5031,25,1,2.7727918197038637,0.2221786406008534,0.15925133032259664
1_5033,10,0,1.6818255749505748,1.0,0.30312667619894107
1_5034,61,5,3.9882004071946207,0.00037353009609219194,0.1353118585701485
1_5037,1,0,-1.662140234316795,1.0,0.9776088393016398
1_5038,1,0,1.9800490267205508,1.0,0.15992197321235624
1_5039,3,0,1.6968297648882182,1.0,0.23966997617790453
1_5040,4,0,0.5471239517427436,1.0,0.6009435605773144
1_5042,1,0,-0.8548470990708587,1.0,0.9101072152750869
1_5043,2,0,-1.1296340904072326,1.0,0.9436335952067509
1_5044,68,7,5.663378193970438,5.684741907910883e-06,0.01842636920210361
1_5049,1,0,-0.2415366688002534,1.0,0.7984213922941027
1_5052,2,0,2.0178906820713305,1.0,0.1591921351836062
1_5054,5,1,1.26511088091142,0.049009950100000046,0.3805006971706395
1_5055,1,0,0.20505663077673097,1.0,0.6800952758184522
1_5056,6,1,-0.5473055491427279,0.058519850599000056,0.8821537304756638
1_5058,27,1,0.8371121561940491,0.23765728565289646,0.6923952167436439
1_5060,2,0,1.806099980887288,1.0,0.20499135374881894
1_5061,12,0,0.4476907544860491,1.0,0.6947475811293498
1_5062,24,4,3.8301478723578066,9.053764174621837e-05,0.03413562644863388
1_5064,2,0,0.862911139017827,1.0,0.480197633279133
1_5065,1,0,0.6781616582874362,1.0,0.5311204494041007
1_5066,26,1,3.2482083978659197,0.2299568541948449,0.091447140245972
1_5070,1,0,1.3556730432271806,1.0,0.3155283729345656
1_5075,125,12,3.47209078359162,6.19837187502007e-09,0.5416089010671822
1_5076,1,0,-0.9984339042091166,1.0,0.9278196717745764
1_5079,10,0,2.8298390625206826,1.0,0.07637441646799425
1_5080,1,0,-0.3022322777278046,1.0,0.812195063648866
1_5081,4,0,0.6049179327638625,1.0,0.5826623595887268
1_5083,1,0,-0.34210020923337486,1.0,0.8209178870957753
1_5086,11,1,2.246212243381324,0.10466174574128365,0.1739202934708064
1_5088,1,0,-1.0120754072453964,1.0,0.9293524106610948
1_509,7,0,0.8077361303928656,1.0,0.5451025944036814
1_5093,60,3,3.2240678414593438,0.022420164788835444,0.27374064746057647
1_5094,2,0,0.7589679332537438,1.0,0.5142271383366575
1_5098,4,2,2.6470435984568685,0.000592030000000001,0.07285162812561208
1_51,5,0,1.715175247589449,1.0,0.25161554977610234
1_5102,1,0,0.6456858905199792,1.0,0.5417523690347482
1_5107,1,0,1.7261607339314131,1.0,0.21606464741515663
1_5109,1,0,2.137523751463292,1.0,0.1303896498363395
1_5110,50,4,3.7259348685707794,0.0015961730907328743,0.127671030517167
1_5111,3,0,1.2205251616735637,1.0,0.37529367546797987
1_5112,1,0,-1.42615224784895,1.0,0.9650238424540698
1_5114,5,0,3.4824208006509325,1.0,0.017705906734395982
1_5115,96,5,3.932867398104337,0.002879149725876636,0.3067004263695843
1_5116,239,20,7.313499326855666,8.29739786905202e-13,0.11729035256183273
1_5118,19,0,1.8595804972366188,1.0,0.329734588221019
1_5119,1,0,0.7884717440479502,1.0,0.4948864345955246
1_5123,7,1,0.05378159034454415,0.06793465209301006,0.7644160294569979
1_5124,2,0,-0.3521433868498964,1.0,0.8283803508731111
1_5125,1,0,-0.2548600409545508,1.0,0.8014956043008611
1_5128,20,0,-0.2605832166553529,1.0,0.8872151062880824
1_5131,1,0,-3.3842614768692663,1.0,0.999693579734865
1_5133,23,3,2.7160805005678235,0.0015245656963660697,0.1580401620907208
1_5137,19,1,0.9675230510547703,0.1738313761644134,0.5977142973858259
1_5140,124,6,5.3803360360646355,0.0016356336744074327,0.15350922476552853
1_5141,42,1,0.8618932502822148,0.3443407794258564,0.7709462683458235
1_5142,6,0,2.4715646789728734,1.0,0.10475666765088021
1_5143,2,1,2.765777319685271,0.01990000000000002,0.05351078797521658
1_5144,36,2,3.7222227507797507,0.05034561175058135,0.0746678440822438
1_5146,3,0,1.3976685463049299,1.0,0.32178091142033194
1_5148,30,2,3.0512371533099243,0.036147998312240706,0.13821621149289975
1_515,3,1,1.441713317399515,0.029701000000000026,0.3089804727807476
1_5155,1,0,0.5363145159152172,1.0,0.5772959811130292
1_5157,2,1,3.4933506955293128,0.01990000000000002,0.01358755951634516
1_5159,51,0,3.0704921135760355,1.0,0.25449878389640235
1_516,1,0,1.7733055132320281,1.0,0.20485488514651062
1_5160,116,7,5.979759631659087,0.00018028116786511733,0.06983950678406825
1_5166,3,1,3.1030230875801825,0.029701000000000026,0.031635412516402006
1_5167,5,0,0.5330355211249104,1.0,0.6140718558617618
1_5169,40,0,-0.3238957691841378,1.0,0.9410581332142464
1_5170,132,10,2.913226648124823,1.0297439069122103e-06,0.6885010532280302
1_519,1,0,1.3492923931014318,1.0,0.3173999704852146
1_522,45,0,1.6342029665167046,1.0,0.5952860580507071
1_523,42,1,2.884102675765572,0.3443407794258564,0.24031768584002222
1_524,11,0,0.3984871736278192,1.0,0.7011314490739424
1_525,5,1,3.223082811343087,0.049009950100000046,0.029168787241390715
1_529,88,11,4.957748359949417,1.5778379658941418e-09,0.10290921459788693
1_530,2,0,-0.03573674066704629,1.0,0.754287812415149
1_534,8,0,2.472673512032704,1.0,0.11507010670254547
1_538,1,0,-0.22627055273393876,1.0,0.7948640726855885
1_539,42,4,2.617247844346732,0.0008264843165214276,0.3035213822765993
1_541,9,0,0.5632519740353912,1.0,0.6383432325289655
1_542,87,7,2.284765250006686,2.904587479522312e-05,0.6601583237920212
1_544,88,7,1.5401413281578367,3.1283184602470644e-05,0.814830589881967
1_545,1,0,-0.2548600409545508,1.0,0.8014956043008611
1_547,13,1,1.6003868296799857,0.12247897700103212,0.3525857549077477
1_551,39,3,1.5002280777511419,0.006986481622766975,0.5919184366653238
1_552,8,0,-0.28303748224109493,1.0,0.8440795008027651
1_554,38,2,1.1921978506577726,0.0554547523593632,0.6692188795067604
1_555,67,7,0.9739756927342591,5.144163516221633e-06,0.8455610819285552
1_557,9,2,2.8248364143696363,0.0034357300178462975,0.07295951667094025
1_558,1,1,3.316089098082373,0.010000000000000009,0.018050472295298436
1_560,1,0,0.4523210688483309,1.0,0.6041864891099915
1_561,157,8,5.364584753383172,0.00020434292042684088,0.24956896953272367
1_562,27,1,-0.3965113441924791,0.23765728565289646,0.9234508686903872
1_565,10,0,1.9530914471056333,1.0,0.2322344263896361
1_566,11,0,1.5375905511257417,1.0,0.353313563698882
1_567,16,3,2.6136370477206134,0.0005079424092904579,0.13604355409175106
1_570,15,2,4.292023443201412,0.009629773443364747,0.0074026274518510515
1_571,3,0,-0.2176359665293612,1.0,0.8046078112879498
1_575,9,0,1.2970803118987102,1.0,0.40801254018795863
1_576,1,0,-0.23935077058349852,1.0,0.797914311971359
1_578,6,1,1.7729259569684992,0.058519850599000056,0.245077530556427
1_580,1,0,0.8020054943761824,1.0,0.49043782506089906
1_582,4,0,0.8345700385303755,1.0,0.5086270929624496
1_588,23,2,2.8156981971888624,0.02201068076236393,0.14044215723469855
1_59,5,0,1.8021166968141487,1.0,0.22965861488864014
1_590,125,14,5.9476435629084206,4.336868683117599e-11,0.08998642501434662
1_591,1,0,0.7034330435417361,1.0,0.5228313259058966
1_593,1,1,2.3497119936745676,0.010000000000000009,0.09690125850839082
1_595,52,4,3.5770940042038646,0.0018469347399827855,0.16022681479045942
1_597,2,0,0.085189864237209,1.0,0.7219942611880912
1_598,37,3,1.1442517730198412,0.006028406965608407,0.6755208435349462
1_600,1,0,1.3515353001061505,1.0,0.31674153662993065
1_602,4,0,0.5464186129441005,1.0,0.6011653961324477
1_604,32,0,0.7347278496859759,1.0,0.7480793618152146
1_605,2,0,0.5357065787134436,1.0,0.5866537920532244
1_606,23,1,-1.0775919341680407,0.20638571635634465,0.9701972983797068
1_62,123,6,2.782452292240126,0.0015696327168652248,0.6876597112366841
1_623,3,0,1.0491054171450354,1.0,0.42948480668668765
1_624,1,0,-0.9845027092853175,1.0,0.9262282088117426
1_625,2,0,0.467090156649261,1.0,0.6084467596088827
1_63,4,0,0.7984153393619923,1.0,0.5203689034467803
1_631,3,1,1.927301657350847,0.029701000000000026,0.1851708013880191
1_635,1,0,-1.1163166899062857,1.0,0.9402515334302041
1_637,32,2,1.0976284468981736,0.040682585752739156,0.655593673613506
1_638,11,1,1.6145480831958965,0.10466174574128365,0.33088635099409525
1_64,3,0,-0.05772658716279168,1.0,0.7665185145191835
1_640,4,0,0.7103475065791321,1.0,0.5488762046397022
1_646,1,0,1.0809485962466798,1.0,0.399808108469517
1_660,14,2,4.175622546529257,0.008401244011166185,0.00873730400026973
1_662,27,4,2.8875879306066397,0.00014599800873314994,0.14997460091381443
1_663,73,3,2.2631478839799897,0.03707167938293438,0.5965383141316432
1_664,4,0,1.2805628120358283,1.0,0.36629037598892433
1_666,1,0,0.870939660735685,1.0,0.46780897502891616
1_668,1,0,1.0137507104548258,1.0,0.4213398191521103
1_669,1,0,-2.0324749225602345,1.0,0.9896078647776301
1_672,1,1,2.403768177064846,0.010000000000000009,0.0894808165541423
1_673,56,6,3.4170457600871558,2.115353159685818e-05,0.21011514943703458
1_675,4,1,2.202729262524213,0.039403990000000035,0.1372137275908365
1_677,1,0,-1.0120754072453964,1.0,0.9293524106610948
1_688,1,0,-0.7081972076107589,1.0,0.8888743604758313
1_689,1,0,1.0761122001729,1.0,0.4013484961073688
1_692,91,3,5.334604776990808,0.06359739048515023,0.07293901672210523
1_693,1,0,-0.4966453032624419,1.0,0.8522718756687119
1_694,7,0,3.7347854277065964,1.0,0.012405482599080031
1_695,35,7,1.3086641889339563,5.260131766733891e-08,0.6178505390214997
1_699,8,0,0.7029948301976805,1.0,0.5871069477990205
1_7,1,0,1.153042550463336,1.0,0.3770433394714774
1_70,7,1,1.6174051586175504,0.06793465209301006,0.29499128440840394
1_701,2,0,-0.9165111254591877,1.0,0.9208888067328374
1_702,55,7,5.744539029895814,1.3327699247817086e-06,0.007588928440199538
1_704,3,1,2.8477293088947615,0.029701000000000026,0.04962338887027784
1_705,3,0,1.5792251187145372,1.0,0.2705359092566898
1_706,45,1,1.5857511067938364,0.36381451393612907,0.6085443487285735
1_71,1,0,0.9820760976395677,1.0,0.4315754815468684
1_710,6,1,0.6969977577143385,0.058519850599000056,0.5713511590002165
1_713,11,3,2.193328341186338,0.00015537262915503648,0.18490885580946026
1_715,11,1,1.2259274831167837,0.10466174574128365,0.4486633985823124
1_716,1,0,2.2778122862055943,1.0,0.10745797490051467
1_718,137,8,3.7800265470522945,7.969551635112688e-05,0.5150424263120853
1_721,15,1,0.6818718203601095,0.1399416453587116,0.6506402475246605
1_722,96,5,2.2760104966617623,0.002879149725876636,0.6995592776315379
1_723,25,3,1.9480605537831284,0.001950676889738825,0.35408868509846014
1_724,205,12,0.7258214629158714,1.3975652998328589e-06,0.9787831102027414
1_725,34,3,2.4285504892165224,0.004746994797058528,0.29456760869906606
1_730,1,0,2.137523751463292,1.0,0.1303896498363395
1_732,35,0,0.40383325806376597,1.0,0.8318874998231365
1_736,24,1,2.7064069338075947,0.2143218591927812,0.16573528915431868
1_737,1,0,-0.3789155991929022,1.0,0.8287425190390023
1_739,1,0,-1.3406115663021463,1.0,0.9592218489079584
1_740,1,0,0.5215888044028996,1.0,0.5820403494368691
1_741,2,0,0.631987844707467,1.0,0.5556336744747694
1_742,114,12,3.852704405018713,2.150686527392957e-09,0.40717834331635117
1_746,2,0,0.8277197773214325,1.0,0.4917150109164167
1_749,6,1,1.8335892170138663,0.058519850599000056,0.2299207496376947
1_751,6,0,-0.6096339942400015,1.0,0.8918105033406392
1_754,4,0,0.3693601472282253,1.0,0.6556436755141813
1_758,1,0,1.4991510134281474,1.0,0.2747605222208802
1_763,31,1,2.063197461245413,0.2676966303456026,0.3695019331234147
1_765,2,0,2.543309808820462,1.0,0.07648749193309456
1_766,1,1,2.711364379339137,0.010000000000000009,0.055083349406417015
1_769,1,0,-1.0817950648720054,1.0,0.9367983196185848
1_774,15,1,1.1406272439963814,0.1399416453587116,0.511238050404029
1_776,10,0,2.5496244312284357,1.0,0.11377736995682997
1_777,2,0,0.53766216735868,1.0,0.5860284090203987
1_779,1,0,-0.10233345681150414,1.0,0.7646315761051239
1_780,5,0,1.3800754099550272,1.0,0.3455122289383865
1_787,1,1,2.7952459762721076,0.010000000000000009,0.04779998359192095
1_79,2,0,0.9838290065802361,1.0,0.44080861432519935
1_792,9,0,1.9884476146134795,1.0,0.21610742504564595
1_793,4,1,2.5307958652762412,0.039403990000000035,0.08688683584777446
1_794,3,0,0.26745120847630216,1.0,0.6777851351355771
1_795,1,0,-0.6881964486896325,1.0,0.8857209265684274
1_796,9,0,1.8725185336918766,1.0,0.24424196745575144
1_8,9,0,0.22192675906046952,1.0,0.7346450287551719
1_80,17,0,-0.1802721437673187,1.0,0.8637939985646482
1_802,24,3,3.6217992263276124,0.0017294268470260496,0.047932875446838885
1_809,46,4,2.32415176343998,0.001167366492986023,0.4091463617954425
1_81,1,0,1.075925894549099,1.0,0.40140786512079063
1_811,41,1,4.50084025629443,0.33771795901601653,0.029628414739452436
1_813,1,0,-0.8120335161083551,1.0,0.9042464261537646
1_815,31,1,1.7082030108761224,0.2676966303456026,0.4720288751052659
1_824,3,1,3.064700603435287,0.029701000000000026,0.03392925774787947
1_83,8,0,0.6914243345880444,1.0,0.5907187034104753
1_830,1,0,-0.22627055273393876,1.0,0.7948640726855885
1_832,21,2,1.0108162719107476,0.01851167488332298,0.6005864688925922
1_833,48,4,2.9372596640275255,0.0013700997432503851,0.26617575297813956
1_834,5,0,1.7788595497290647,1.0,0.2354248188607022
1_842,6,0,1.5502910579213796,1.0,0.305003280988169
1_844,4,2,3.4577797637484142,0.000592030000000001,0.017200872508244536
1_845,1,0,1.0761122001729,1.0,0.4013484961073688
1_846,8,0,-0.19279539083172667,1.0,0.8261218934913821
1_847,8,1,2.9835924082399217,0.07725530557207996,0.05369971502108595
1_848,8,0,0.25227019783467597,1.0,0.7196494315058444
1_849,5,0,-0.8518303567238378,1.0,0.9212943294853694
1_854,17,1,0.5660987860084782,0.15705680661607327,0.6976918600379843
1_855,9,1,1.850038936897567,0.08648275251635919,0.24991738247858408
1_858,11,0,-0.5395953326024259,1.0,0.8983427300044449
1_859,2,0,1.5844502118413428,1.0,0.26044596872211634
1_863,6,0,1.4367893866510792,1.0,0.33786422229090807
1_865,3,0,-0.1517347486742623,1.0,0.7893895263028508
1_866,1,0,-1.3901858142142518,1.0,0.9626726458447532
1_871,2,0,0.7834805949911794,1.0,0.5062021830616923
1_872,1,0,-1.040873202962086,1.0,0.9325058160736754
1_873,6,0,-0.9837681231238645,1.0,0.9380609626072541
1_875,1,0,-0.22627055273393876,1.0,0.7948640726855885
1_880,1,0,-1.3088056281828595,1.0,0.956874647584901
1_884,46,1,1.323408687024234,0.37017636879676774,0.6836344507834924
1_887,1,0,-3.024481139735033,1.0,0.9991241145432416
1_888,17,0,2.324383664957732,1.0,0.19822108472515443
1_889,2,0,0.24829654322681233,1.0,0.6754027005637009
1_89,1,0,0.4224912309440647,1.0,0.613625413403349
1_892,5,0,1.4580697507807938,1.0,0.32248494639504466
1_893,1,0,0.6951848267339689,1.0,0.5255380380854442
1_894,7,2,2.008299916600035,0.0020310416349400033,0.19663211059968833
1_896,27,2,2.340023465536412,0.029745636285504362,0.26581752391628843
1_898,5,0,1.392677833006558,1.0,0.34174967010642077
1_900,12,0,-0.8915907357531494,1.0,0.9416073262861859
1_903,10,0,-2.2451729115967667,1.0,0.9955079215917058
1_906,1,0,1.0847027714414212,1.0,0.3986134798197293
1_910,2,1,1.106468859771363,0.01990000000000002,0.40145035209567215
1_911,2,0,2.4491204718630155,1.0,0.08822261675449572
1_915,3,0,0.5019910059805277,1.0,0.606311608779992
1_917,1,0,-0.382065097045813,1.0,0.8294016006108218
1_918,1,0,1.5021095070593122,1.0,0.2739479567786516
1_920,1,0,0.279263519771646,1.0,0.6579271422461312
1_923,2,1,2.4316785043606317,0.01990000000000002,0.090535725755994
1_924,2,0,-0.650277505294115,1.0,0.8834719647043467
1_925,57,1,1.4302985688729557,0.4360948095476124,0.7168353262522137
1_926,1,0,1.4953359011451246,1.0,0.2758101134705513
1_927,1,0,-0.6901146675275709,1.0,0.8860260980416805
1_928,1,0,0.4638349515550973,1.0,0.600526459968596
1_93,3,0,0.6348390637484725,1.0,0.5639854513796414
1_931,1,0,2.0525852014728714,1.0,0.14581454667790816
1_933,1,0,2.1595927005920514,1.0,0.1265737366023889
1_936,2,1,0.8325920808226946,0.01990000000000002,0.4901197807789077
1_94,1,0,0.5983593248858609,1.0,0.5571907592069189
1_946,1,0,0.39953749750099693,1.0,0.6208433796393957
1_947,2,0,-0.13010184939640315,1.0,0.7780159548652259
1_948,6,0,1.172874241393541,1.0,0.4188148525935036
1_949,6,0,2.048548996343273,1.0,0.18064737465020264
1_95,1,0,0.5968203047755931,1.0,0.557691476961061
1_950,7,1,1.8464873955851748,0.06793465209301006,0.23472365315611388
1_953,8,0,-0.3928285027352237,1.0,0.8642184797744858
1_954,6,0,-1.7219149031968017,1.0,0.9836391819686258
1_955,3,0,1.0583239410634857,1.0,0.4265265021477438
1_956,20,2,1.1464489426116564,0.016859337635651808,0.5518376058737802
1_96,54,2,0.9321670368530146,0.10183372363564862,0.8086057578285604
1_963,5,0,-0.9861361199609064,1.0,0.9360990164089595
1_965,32,1,1.6890621358636433,0.27501966404214656,0.4855259746453855
1_973,5,0,-1.8651523882614234,1.0,0.9873303449636972
1_977,3,0,-1.1652640657192754,1.0,0.9487782869544726
1_981,1,0,-1.0160465920181074,1.0,0.9297938730933333
1_983,1,0,0.17120374867319246,1.0,0.6900044203256738
1_985,2,0,-0.7600360782459432,1.0,0.9001881795400027
1_987,1,0,1.0452142042059505,1.0,0.4112247234791735
1_988,1,0,0.6597622687758518,1.0,0.5371472592773299
1_99,116,6,1.9019598394704897,0.0011625243774821441,0.8281887500579108
1_992,1,0,1.385511887981621,1.0,0.3068392149865409
1_994,1,0,-0.541019125896828,1.0,0.8605502349168948
1_996,1,0,-1.7736527895860512,1.0,0.9820734334750365
1_997,1,0,-0.5297272091865384,1.0,0.8584741746984172
1_998,2,0,1.3768198047657758,1.0,0.31863232686223264
2_0,106,3,2.142868282359869,0.09073859184095386,0.7610873439549916
2_100,6,1,1.1035575765401082,0.058519850599000056,0.4408224019951529
2_1000,35,2,0.5727909538375776,0.04785867545512833,0.7990048723214631
2_1001,9,2,4.439955710241541,0.0034357300178462975,0.0030220157393981983
2_1002,62,9,4.3910036705634194,1.2578329206255543e-08,0.08771593890957852
2_1006,4,0,1.3224714187679194,1.0,0.3535198633894533
2_1007,4,0,1.3046272270134573,1.0,0.35893823735482455
2_1009,1,0,1.7460491594285137,1.0,0.21129298314600575
2_1010,8,1,3.3238804276098697,0.07725530557207996,0.029845959095481156
2_1011,54,3,5.060687180948664,0.01698022515559389,0.02389431143684484
2_1015,85,7,2.9032471713162855,2.4964792687764627e-05,0.4977759038489149
2_1017,7,0,1.2648556183675415,1.0,0.39940187084126155
2_1018,60,11,6.021723714003289,2.184014989447503e-11,0.006175710355500685
2_1021,3,0,2.911873636259882,1.0,0.04447426532890508
2_1024,71,4,3.371213096324249,0.005708023776071674,0.3034193899046652
2_1028,7,1,2.218100093462429,0.06793465209301006,0.15322509532461015
2_1029,13,2,-2.442828057419553,0.00724894367793522,0.9975023983315335
2_1031,2,0,-0.9010052051826364,1.0,0.9189954844685935
2_1033,1,0,0.17350639708007087,1.0,0.6893346569457343
2_1034,1,0,1.0075389290489503,1.0,0.4233431999144178
2_1035,8,1,-0.16577400150544377,0.07725530557207996,0.8204985355519172
2_1036,12,2,2.0356252733996234,0.006174537772824754,0.22773378485379392
2_1037,3,0,0.08280876537564259,1.0,0.7298985323622706
2_1038,4,0,0.8242100887275421,1.0,0.5119928616139331
2_1041,19,3,2.4300806081608632,0.0008594328820314674,0.18924095312540734
2_1042,25,1,-0.3989454401871621,0.2221786406008534,0.9191362398153692
2_1044,2,0,1.5317497263115123,1.0,0.27468343305136156
2_1048,1,0,0.7897074491113121,1.0,0.4944802175988251
2_1050,9,0,-0.004387651398152684,1.0,0.790414571126875
2_1053,57,3,2.3166727915738874,0.019595506039313457,0.48656709151989497
2_1054,1,0,1.3551026641947268,1.0,0.31569548724409946
2_1055,12,1,-0.06591025286548483,0.11361512828387083,0.8200330174414082
2_1056,2,0,0.9656280984824372,1.0,0.44670989595023414
2_1058,1,0,1.0941524546034673,1.0,0.39561069015819683
2_106,26,0,2.7115217463578296,1.0,0.17678476705662882
2_1064,1,0,0.5527847094138855,1.0,0.5719762875775647
2_1067,6,1,-0.605497524438757,0.058519850599000056,0.8911878275089964
2_107,63,6,4.122764475687794,4.170364050099274e-05,0.12406975773495188
2_1074,1,0,1.043354841993368,1.0,0.41182091561584333
2_1079,3,1,1.1248627773162325,0.029701000000000026,0.40530592612516236
2_108,70,5,1.5026324582153576,0.0007055911057716671,0.7595656413918976
2_1086,3,0,0.939183656836108,1.0,0.46501897294650474
2_1089,63,2,4.1780274967633675,0.13124547516435983,0.11660854054529901
2_1090,9,2,3.774378897844893,0.0034357300178462975,0.013440011680474817
2_1092,12,1,1.1907019521350741,0.11361512828387083,0.4688366070124963
2_1093,2,0,-0.7599605380308477,1.0,0.9001773112093785
2_1095,3,1,1.9251374661129173,0.029701000000000026,0.1856438518114344
2_1096,1,0,0.012479673058185946,1.0,0.7345605547716274
2_110,35,1,0.8604660642212559,0.29655230500043084,0.7348869754964281
2_1103,1,0,1.2897371680638254,1.0,0.3350891681879494
2_1109,4,1,1.7837786925980248,0.039403990000000035,0.226136291146523
2_111,6,0,2.420578357420985,1.0,0.11243443336362513
2_1110,3,0,0.9817240271061266,1.0,0.45121801841015474
2_1111,4,0,0.9710844633599195,1.0,0.4643093829410547
2_1113,14,2,3.2532885890355137,0.008401244011166185,0.04922061921365817
2_1117,5,0,-0.34568500541436625,1.0,0.842086651368445
2_1118,4,0,1.1438543659132063,1.0,0.40891878715657104
2_1119,2,1,0.8016291844729027,0.01990000000000002,0.50025889890452
2_1121,1,0,2.013606723296724,1.0,0.1532880039430411
2_1122,4,0,0.80266031213806,1.0,0.5189909999593283
2_1129,2,1,2.620733149205838,0.01990000000000002,0.06776325885982504
2_113,1,0,2.201947912691854,1.0,0.119469665138497
2_1130,1,0,-0.6176351330459433,1.0,0.8740885278332998
2_1131,22,3,3.97674170597682,0.0013356291937811095,0.023337217224570384
2_1132,3,0,-0.9347604640618346,1.0,0.9257185949609745
2_1135,1,0,-0.026522634785320767,1.0,0.7449898680550071
2_1136,1,0,-0.8347009973076013,1.0,0.9073834861576101
2_1138,2,1,1.288094041348722,0.01990000000000002,0.34506027855295185
2_1142,2,1,0.2766288996375874,0.01990000000000002,0.6669923669574322
2_1145,2,1,2.0589574063696467,0.01990000000000002,0.15115426698964685
2_1146,19,1,0.31595124723813894,0.1738313761644134,0.7733786576990711
2_1147,4,0,1.265222314988142,1.0,0.37100313882007663
2_1150,1,0,1.4866487692580552,1.0,0.27820739185028387
2_1151,3,0,-0.7764897186833322,1.0,0.9057786789452829
2_1159,24,1,0.875778408454339,0.2143218591927812,0.6616186775306645
2_1160,137,11,4.0238776589680265,1.667308352959872e-07,0.4595934510082107
2_1161,2,0,1.306102299806336,1.0,0.33962950153709925
2_1162,74,8,1.2210152063854636,8.379079855382095e-07,0.8264755963967557
2_1163,125,8,4.623335670297269,4.167912073563036e-05,0.28513468102735606
2_1164,179,14,4.594985574137425,5.05230549607367e-09,0.4613415214565818
2_1166,19,2,1.9368481870047598,0.015273761488896639,0.30845094253766947
2_1168,1,0,-0.15951695651372272,1.0,0.7788766083902777
2_1169,1,0,0.6936908905240196,1.0,0.5260281616909126
2_1170,212,12,3.3732614805901138,1.9829098473104443e-06,0.7555805049750826
2_1171,13,0,1.3290196347925576,1.0,0.4346547207019755
2_1172,1,0,1.3155151771533378,1.0,0.32738463476579527
2_1174,108,16,3.4249899931117422,2.1353614858633874e-14,0.4818063078489263
2_1176,5,1,3.1054933930512174,0.049009950100000046,0.036110435784165396
2_1177,140,12,3.900326906939755,2.2336200210340575e-08,0.4982432854973574
2_1180,1,0,0.6551128800018723,1.0,0.5386688956517343
2_1185,3,0,0.5983210343959251,1.0,0.5757154138820646
2_1188,1,0,0.5622965331412852,1.0,0.5688980371300278
2_1198,8,4,6.050020741119496,6.778784035000024e-07,2.3436317030722797e-05
2_1199,7,0,0.48101204715341034,1.0,0.6467131215598879
2_12,23,1,4.126809776517718,0.20638571635634465,0.018954575021137066
2_1200,27,3,3.010752100553651,0.002444106570594271,0.12944981438786862
2_1208,3,1,-0.16565268780453746,0.029701000000000026,0.792660203339024
2_121,40,2,0.2144668506971859,0.060736621806206224,0.8802137841601754
2_1210,3,2,0.8105505562508064,0.0002980000000000005,0.5069384624958344
2_1212,2,0,-0.44475528582849294,1.0,0.8470374003487486
2_1215,33,1,-0.15518472251752474,0.2822694674017251,0.9100003306143616
2_1216,1,0,0.8348729969943012,1.0,0.4796401634674302
2_1218,38,4,2.827653534584333,0.0005626183754617408,0.22746600269468176
2_122,6,1,0.36607290201396664,0.058519850599000056,0.672694103968049
2_1221,2,0,-0.10878299075758886,1.0,0.7727726325973501
2_1222,3,1,1.5256958267144203,0.029701000000000026,0.2852146864172478
2_1225,144,9,3.0224822089182783,1.6910078574074915e-05,0.7000239214852436
2_1228,2,0,2.0841505852321123,1.0,0.146359262264675
2_1230,2,0,0.8153441311915831,1.0,0.49576743080636865
2_1234,51,4,1.2246022282298978,0.0017183840681315506,0.734275940938379
2_1235,10,1,0.9882537648961817,0.09561792499119559,0.5147741866978635
2_1237,29,0,1.111052318141538,1.0,0.6311951918448713
2_1238,1,0,-0.4350234585492066,1.0,0.8402401489514899
2_1239,10,0,0.770725038894434,1.0,0.5832895890639118
2_1240,127,13,3.3403055911113344,6.586601289065319e-10,0.5793484099637982
2_1241,5,0,1.2391783159975995,1.0,0.3885422175227373
2_1243,4,0,1.187836308709892,1.0,0.3950593977371417
2_1245,5,0,2.1935434099073663,1.0,0.14511143251084857
2_1246,1,0,1.221853533411454,1.0,0.3557056228137415
2_1249,1,0,0.7440372167754907,1.0,0.5094937903945973
2_1252,1,0,1.063212797752373,1.0,0.4054643867372083
2_1257,2,0,1.7997595453808197,1.0,0.20647332562698617
2_1262,1,0,2.154218713277811,1.0,0.1274957023952734
2_1264,122,17,4.520702753126515,9.494061153901457e-15,0.2943465368255075
2_1265,1,0,-0.05035579769345559,1.0,0.751255740526199
2_1266,29,1,-0.3735764652752444,0.2528279056684038,0.9253667422238426
2_1268,70,6,5.886187402723813,7.582224273126672e-05,0.014120847471849385
2_1269,4,0,1.8511887330408512,1.0,0.20996397766385344
2_1270,1,0,-0.0812666445713036,1.0,0.7592586506503314
2_1271,22,3,2.2335359679938382,0.0013356291937811095,0.25511669377442336
2_1272,186,16,6.435368261639639,1.016658640542039e-10,0.15244607782015196
2_1273,1,1,2.734684352129146,0.010000000000000009,0.052975635282519806
2_1274,79,8,2.866135036914219,1.3875924813050924e-06,0.4744291453439555
2_1275,3,0,0.5373304323508484,1.0,0.5951525432670866
2_1277,6,0,-0.17557418412067116,1.0,0.8119974530114394
2_1278,10,2,0.6967522531350286,0.004266200242831427,0.6061274864145644
2_1284,120,12,2.3144126429893856,3.884545547434968e-09,0.7696398149713193
2_1285,13,2,2.433857616994688,0.00724894367793522,0.15032296270782886
2_1287,145,10,0.9817403253477165,2.4186628049931376e-06,0.9535222470028353
2_1289,3,1,-1.8111929929331283,0.029701000000000026,0.9846651481579309
2_1290,1,0,-1.5367599676171102,1.0,0.9715038218267015
2_1293,6,1,1.2211907969964195,0.058519850599000056,0.4036193743125407
2_1294,2,0,1.427695739922784,1.0,0.30387392089104803
2_1295,65,3,0.8234019083905036,0.02759340752341423,0.8628537198756872
2_1298,4,0,0.7250284952282087,1.0,0.5441374833544238
2_13,2,0,-1.4164615524841542,1.0,0.9657335056999127
2_1300,5,1,1.444654780440974,0.049009950100000046,0.32640050852757463
2_1301,1,0,1.3866927246823657,1.0,0.3064975312421251
2_1302,10,0,2.833441287656343,1.0,0.07596342577470538
2_1307,16,2,2.750374886641808,0.010932892162518214,0.1141292322693449
2_1308,1,0,-0.5389725433605996,1.0,0.8601755083919478
2_1311,2,0,-1.1126015514230818,1.0,0.942030127034759
2_1313,15,2,1.2240803002173297,0.009629773443364747,0.4851984479441006
2_1316,3,0,1.4437352074011311,1.0,0.3083982402013419
2_1317,2,0,1.7999408489540512,1.0,0.20643086095798358
2_1318,15,0,3.1124940576263995,1.0,0.06496434962347364
2_132,2,0,0.7262874028414438,1.0,0.5249165752927607
2_1320,1,0,1.1148814659635744,1.0,0.3890456071916705
2_1322,5,1,0.6777508916295267,0.049009950100000046,0.5684794587836939
2_1323,10,2,3.563236244260944,0.004266200242831427,0.02200040152052285
2_1325,2,2,3.3916460089391998,0.00010000000000000018,0.016772313240905667
2_1326,1,1,2.8462492636465315,0.010000000000000009,0.04376245299769266
2_1330,2,0,1.0578012939128758,1.0,0.41697297340580197
2_1331,1,0,0.3033445218811553,1.0,0.6506099411323536
2_1339,92,9,4.4216850036637,4.1142241270062577e-07,0.1931635601263364
2_134,104,8,1.0307576937594873,1.0983306165792229e-05,0.9143267229085887
2_1344,1,0,-2.124739925777555,1.0,0.9915278618538256
2_1346,1,0,1.9169216984350588,1.0,0.17290276823400963
2_1347,8,1,2.3330716334617128,0.07725530557207996,0.13830373603960033
2_1348,3,1,3.1740025461037096,0.029701000000000026,0.027725393607896498
2_1349,262,15,5.341242570591441,9.447070981117716e-08,0.4348299119165193
2_135,4,0,-0.14086684320727286,1.0,0.7928217927093382
2_1351,117,10,3.7698961389098886,3.371096146094119e-07,0.4393986941813609
2_1368,53,3,2.375265503087705,0.01615486377868351,0.4438393181948267
2_137,2,0,0.30110122460582806,1.0,0.6596594316254242
2_1371,2,1,2.2773907676797265,0.01990000000000002,0.1129844892357571
2_1373,172,14,5.523469949843683,3.018329789113765e-09,0.2604621901739348
2_1374,1,0,0.8657398160985903,1.0,0.4695132086518814
2_1380,1,0,-0.8082341536845565,1.0,0.9037130540570003
2_1384,14,2,1.9378834701332985,0.008401244011166185,0.2677092896114093
2_1385,1,0,1.976891781550329,1.0,0.16055564778122522
2_1387,2,1,-1.7651331285273832,0.01990000000000002,0.9824720318198004
2_1389,2,0,0.2733849388167146,1.0,0.6679596936336389
2_1392,1,0,0.5052973554120455,1.0,0.5872752675192142
2_1394,78,3,1.447134379482039,0.043733120886481534,0.7998448224012153
2_1396,23,1,0.19660440711894134,0.20638571635634465,0.8197166432531986
2_140,2,0,1.2258063486645863,1.0,0.3640855823869298
2_1402,1,0,-0.14896189603238372,1.0,0.7762849629177445
2_1405,6,0,0.7200298899663349,1.0,0.5640296600294135
2_1407,12,0,-0.3304776086558274,1.0,0.8696422612044217
2_1408,3,0,1.313177183675063,1.0,0.3469265720999224
2_1410,9,0,2.8094673042120526,1.0,0.07467787694886396
2_1414,1,0,0.8657478013498545,1.0,0.46951059107321336
2_1416,1,0,-0.4763260352065511,1.0,0.8483734266364968
2_1418,2,0,-1.5770552931580255,1.0,0.97460903900739
2_1419,1,0,1.351902148992905,1.0,0.31663389862631575
2_1422,20,2,3.252496747874456,0.016859337635651808,0.0683026695081479
2_1423,2,0,1.3889229031081012,1.0,0.31509402861906355
2_1425,4,0,-0.00832948431259577,1.0,0.7606148563829357
2_1426,69,5,2.6394045061742597,0.0006606076155544952,0.4753188980314851
2_1428,14,0,0.9581883463836848,1.0,0.5593755263426722
2_1431,9,0,1.1764391635210272,1.0,0.445828386723806
2_1434,206,24,7.623285596331779,2.362733420339595e-18,0.06548713423354546
2_1435,5,0,1.9448256572938687,1.0,0.19605790061579564
2_1439,27,1,-0.21047299276636347,0.23765728565289646,0.9013049356868585
2_144,8,0,1.4031886784890006,1.0,0.3662610366600405
2_1441,4,1,1.2088778898059098,0.039403990000000035,0.38847437545849783
2_1442,1,0,1.0529863241239104,1.0,0.4087348790065948
2_1443,1,0,1.084653748503397,1.0,0.3986290734793494
2_1444,1,0,1.3105041536241964,1.0,0.3288767132239986
2_1447,46,4,4.045703752958939,0.001167366492986023,0.0739407883173322
2_1448,11,2,4.445080212001026,0.005179717490315069,0.0036382961967983407
2_1449,31,3,2.929139779756975,0.003646012208816228,0.16485037035124972
2_145,62,5,0.7700684775774664,0.0004029577704085438,0.8624148480617684
2_1451,155,10,3.506332780214131,4.396397003523703e-06,0.6309751597392832
2_1454,5,1,1.9965893549468958,0.049009950100000046,0.18464733690253543
2_1457,2,1,2.5075641593604368,0.01990000000000002,0.08079288969781451
2_1458,26,3,2.7386657516568698,0.0021887611748319237,0.17153126635445903
2_1459,128,7,2.9093845294086575,0.00032950504355962873,0.6771035569928041
2_146,3,0,-0.5266137270859255,1.0,0.86668639975246
2_1460,1,0,1.4273519966114743,1.0,0.29483664983397884
2_1461,20,3,-2.8738708297097193,0.0010035761681001195,0.9993604052608481
2_1462,11,2,2.340898543255715,0.005179717490315069,0.1553071982946067
2_1464,1,0,0.2806077123764023,1.0,0.6575202269292888
2_1465,16,1,1.4134640991622274,0.1485422289051245,0.43536779644994406
2_1466,10,0,0.6518028618211245,1.0,0.6198339841363174
2_1467,128,10,3.261183199824063,7.761253504897177e-07,0.6007971663696117
2_1468,8,1,-0.20584074294994742,0.07725530557207996,0.8287961857799153
2_147,14,1,1.7807803289328346,0.13125418723102178,0.3098001895295557
2_1472,1,0,1.2039814716622785,1.0,0.3612074033826881
2_1473,2,0,-0.09024264491523477,1.0,0.7681564849328494
2_1478,2,0,1.7485546424896325,1.0,0.21867234163476124
2_1479,7,0,-0.14900275328529436,1.0,0.8116290508132487
2_1480,5,0,0.9107125895668536,1.0,0.4933957684573478
2_1482,3,0,1.1899428095018403,1.0,0.3848160439887107
2_1484,127,12,2.8425616875256337,7.427601570753972e-09,0.6878278254285318
2_1486,16,1,0.03132915194610866,0.1485422289051245,0.8198152732882068
2_1489,30,3,-0.8214577971069887,0.0033177093188826454,0.9632822818762635
2_149,1,0,1.3880402535316736,1.0,0.30610781933127873
2_1490,68,5,2.604355788518036,0.0006178038260051442,0.47853710191385446
2_1492,7,2,3.4759689532397675,0.0020310416349400033,0.02088189984840516
2_1493,1,0,1.3437910947279166,1.0,0.31901739174977295
2_1495,21,1,1.7173702692563484,0.1902721317787416,0.3872964828423958
2_1496,18,2,3.228009098562144,0.013756463740805566,0.0638927777179985
2_1497,1,0,1.2942162074725485,1.0,0.333745366104222
2_1498,100,6,3.444410075587124,0.0005345344639930353,0.43961485937341527
2_150,1,0,0.19501773967173394,1.0,0.6830476327136275
2_1500,15,2,2.799305607209307,0.009629773443364747,0.10215254380978744
2_1505,15,1,-0.8480666116667243,0.1399416453587116,0.9433909982251933
2_1507,3,0,-0.07010644713716398,1.0,0.7696069479028669
2_151,11,0,-0.6534958885908786,1.0,0.9134896807137913
2_1512,6,1,2.9914374348381725,0.058519850599000056,0.04694585351699121
2_1513,1,0,-0.7344955029029429,1.0,0.8929251873511628
2_1515,1,1,2.3296567529652865,0.010000000000000009,0.09976619201879777
2_1516,1,0,1.9546277794784828,1.0,0.16507063555510404
2_1517,5,0,1.1014052155626142,1.0,0.43198954825453006
2_1518,5,1,2.5222344986027823,0.049009950100000046,0.09268824356466776
2_1519,1,0,0.2234478071661423,1.0,0.6746569862835865
2_152,6,0,0.7036547818457591,1.0,0.5692374174332192
2_1521,1,0,-0.3968349174375358,1.0,0.8324707152338073
2_1524,10,1,1.6490031030778463,0.09561792499119559,0.31232037481188657
2_1525,10,0,2.356447794932439,1.0,0.14621514762414667
2_1527,7,0,-1.9478630263820176,1.0,0.9901714972738707
2_153,1,0,0.07043856126946646,1.0,0.7186723206122427
2_1531,7,0,1.8118342850873161,1.0,0.24338140290336496
2_1532,48,6,2.1770896659439076,8.559985217362771e-06,0.4641124570119344
2_1539,1,0,-0.09617221213346282,1.0,0.7630670818100542
2_1545,15,0,0.1343051544423886,1.0,0.7925786725706422
2_1548,1,0,1.43330248549125,1.0,0.29314737501614485
2_1553,12,1,0.16470823320857053,0.11361512828387083,0.7682591414919233
2_1554,5,1,1.42898445081914,0.049009950100000046,0.33099868249693265
2_1555,1,0,1.0434827628894987,1.0,0.41177989209276133
2_1556,12,1,2.215991503321263,0.11361512828387083,0.18701275661012196
2_1558,10,2,1.8686116208158363,0.004266200242831427,0.25327637045923734
2_156,2,0,1.2435269659353547,1.0,0.35863632691856073
2_1561,35,1,2.2584833431831006,0.29655230500043084,0.3464674257453939
2_1563,8,2,2.386719906247293,0.0026900777395207046,0.12902272511962232
2_1564,17,3,2.960499091351619,0.0006121919068227356,0.08978150956586795
2_1565,93,6,2.0957410353134933,0.000362649828464728,0.7263888555427
2_1570,105,7,2.6613168150518716,9.678785587326176e-05,0.6496774328904119
2_1573,24,2,1.0048634486044659,0.02385443111830375,0.6251399459722418
2_1576,10,0,0.06582018783410422,1.0,0.7798878404760137
2_1578,7,0,-0.15573367478998,1.0,0.8130889722469647
2_1579,7,0,1.6923735758816891,1.0,0.27450456069006046
2_1580,31,0,0.2617417823915196,1.0,0.8416972582600869
2_1582,13,1,2.9449538243733855,0.12247897700103212,0.07525288067330427
2_1583,2,0,1.3243075726396534,1.0,0.334172952547944
2_1584,1,0,1.574246123333407,1.0,0.25451054923579985
2_1586,1,0,1.043354841993368,1.0,0.41182091561584333
2_1587,17,1,2.066435465500967,0.15705680661607327,0.2586126221173608
2_1589,11,0,1.910520923588191,1.0,0.25067558620402586
2_1593,2,0,-0.13428496098552917,1.0,0.7790366132041506
2_1595,2,0,-0.08352553166109024,1.0,0.7664712659556219
2_160,51,5,2.8235182439204944,0.00016019410629843802,0.3126649169498569
2_1600,1,0,0.360257257311806,1.0,0.6330968869218672
2_1602,1,0,1.0430377270977513,1.0,0.41192261676218445
2_1604,1,0,1.4151582994424001,1.0,0.2983122431507539
2_1612,69,2,3.0443477968657433,0.15179170683772275,0.3705508670423636
2_1613,4,0,0.5726967722006253,1.0,0.5928791963937564
2_1621,63,6,3.7605673081722166,4.170364050099274e-05,0.1811856135654797
2_1622,4,0,1.493157619462823,1.0,0.30331785100679676
2_1623,36,2,0.04238579333637212,0.05034561175058135,0.8927202006925283
2_1625,9,0,1.1376151625340798,1.0,0.4581210973106784
2_1627,44,3,2.1424375097227286,0.009757879166870534,0.4453172538757523
2_1628,2,0,-0.2518173931959979,1.0,0.8065975885065528
2_1629,1,0,1.6036036485844256,1.0,0.2468121363706154
2_163,2,0,0.47257934192232487,1.0,0.6067148577152252
2_1631,18,1,0.47378290144355995,0.16548623854991254,0.7287325480132805
2_1635,1,0,1.548331849663696,1.0,0.2614091392424721
2_1638,2,0,-0.9057047872820966,1.0,0.9195728957554683
2_164,1,0,-0.5255137173495579,1.0,0.8576941707049317
2_1641,1,0,-0.4691643016469167,1.0,0.8469832256926699
2_1643,1,0,1.683325379012067,1.0,0.22655109992905942
2_1644,4,0,-0.9488076522072063,1.0,0.929816793395901
2_1645,2,0,1.8132312898993852,1.0,0.20333210649964994
2_1646,13,1,1.0813416209432856,0.12247897700103212,0.5122106807996061
2_1649,1,0,-2.2458315441006897,1.0,0.9935714723593778
2_165,14,0,1.6153264076192695,1.0,0.35698789588461066
2_1650,1,1,2.559537351487534,0.010000000000000009,0.07046643106679262
2_1652,5,0,2.024488745937887,1.0,0.17867221943324108
2_1653,2,0,0.8311906165831383,1.0,0.4905786160244281
2_1654,1,0,0.6887833737527234,1.0,0.5276379156239139
2_1655,1,0,-0.6734418996249187,1.0,0.8833541491439483
2_1656,1,0,2.118236493236843,1.0,0.13378913653344182
2_1660,3,0,2.022966699830974,1.0,0.1650123666132639
2_1667,4,0,-0.1718911945223415,1.0,0.7999730081412522
2_167,4,0,0.878264758668288,1.0,0.4944275027272945
2_1670,3,1,0.7081295293897291,0.029701000000000026,0.5402835670583005
2_1673,8,0,1.7729325378525578,1.0,0.2615808242133597
2_1676,33,4,2.901495648226331,0.0003245333806745409,0.18160627835866272
2_1677,5,1,1.1964964179890514,0.049009950100000046,0.4018806824839595
2_1678,1,0,-0.363430930295421,1.0,0.8254784738834695
2_168,1,0,0.26191722427591435,1.0,0.6631616346174755
2_1682,5,0,1.6701765812735152,1.0,0.26340079071984457
2_1684,22,1,0.6866778476366454,0.1983694104609542,0.6993046243097554
2_1685,5,0,1.2392310001031646,1.0,0.38852583069473523
2_1686,7,0,1.390089041980545,1.0,0.36100771505873763
2_1687,38,3,4.158154997656225,0.0064969031304781205,0.04351863639682496
2_1688,1,0,-0.168762164176358,1.0,0.7811324573428859
2_1689,1,1,2.8534841865888523,0.010000000000000009,0.043212682574436445
2_169,1,0,-0.33278232651531686,1.0,0.8189023716042811
2_1691,1,0,1.0472414769988359,1.0,0.4105749255316735
2_1692,3,0,2.8207774503361045,1.0,0.051924186677397954
2_1693,12,0,2.2354848273444143,1.0,0.18289884964800085
2_1696,1,0,-0.5409378806828913,1.0,0.8605353720601163
2_1698,17,0,0.49034712407150144,1.0,0.7179000258493772
2_17,90,6,4.0805295599605635,0.0003038387275316587,0.2478530413962714
2_170,17,1,4.1367217738730515,0.15705680661607327,0.012043306849980007
2_1700,6,0,1.467136740172611,1.0,0.3289426724436757
2_1702,1,1,2.6240200322874236,0.010000000000000009,0.06357155413881987
2_1705,14,0,-0.29135086250384123,1.0,0.8708415223495094
2_1707,1,0,1.115034121626431,1.0,0.3889973744178856
2_1709,15,0,1.3324963579216902,1.0,0.4514802117683222
2_1713,2,1,-1.3460937185309747,0.01990000000000002,0.9611105180161297
2_1714,62,7,1.7989576960647453,3.0386489416597895e-06,0.6540022399103506
2_1717,152,9,2.660542561237125,2.5968605210443487e-05,0.7831802419753555
2_1720,56,4,1.6165692484404157,0.0024278501662644888,0.6666676750192972
2_1721,4,0,1.022221882916614,1.0,0.44779229230633666
2_1727,33,2,2.151074388704843,0.04302595653563324,0.3605920511810716
2_1730,20,0,1.9843753099454338,1.0,0.3037014529877803
2_1733,4,0,-0.6520946068366295,1.0,0.8911589764331598
2_1735,1,0,0.18297759297918542,1.0,0.6865732181365745
2_1738,1,1,2.7315308953845627,0.010000000000000009,0.05325685496666621
2_1742,3,0,0.4967799708811515,1.0,0.6079499650711726
2_1750,2,0,-1.2207184403493347,1.0,0.9516231959119291
2_1754,2,0,0.9863421491636685,1.0,0.4399947794224367
2_1757,2,0,1.2076228394497333,1.0,0.36970588410774996
2_1759,3,0,2.6507129656107464,1.0,0.06845386908700501
2_176,2,0,0.1622387758568227,1.0,0.7003913563076547
2_1762,14,2,1.6168909121804893,0.008401244011166185,0.3565298242369468
2_1767,2,0,0.4124083309894801,1.0,0.6255770482587415
2_1772,6,0,0.1434062242568575,1.0,0.7347976898717682
2_1774,3,0,0.47403689136969657,1.0,0.6150776808515463
2_1775,1,0,0.5691933103349728,1.0,0.5666634458816174
2_1776,2,0,1.5322832247251055,1.0,0.2745374033966218
2_1777,2,0,1.548395666264651,1.0,0.27014522500038984
2_1779,1,0,-0.7398293955296342,1.0,0.893733629452476
2_1783,1,0,-0.27979355065607103,1.0,0.8071721864731409
2_1784,11,0,0.8518669066361824,1.0,0.5666428611202763
2_1785,1,0,-0.09504132860095302,1.0,0.7627793025056135
2_1787,1,0,-0.1881656484805081,1.0,0.7858236428428709
2_1792,4,0,-1.2275303622281584,1.0,0.9555740333034893
2_1793,5,0,0.035359446506683226,1.0,0.7561072367385043
2_1798,2,0,1.0826022153241608,1.0,0.4090448659820084
2_18,2,1,1.238797852997546,0.01990000000000002,0.3600878141296323
2_180,40,2,3.910906788870738,0.060736621806206224,0.06868420151137211
2_1801,26,2,2.480771918938559,0.027723300751066573,0.2254554369728321
2_1802,12,1,1.3765561378400568,0.11361512828387083,0.4109267290077451
2_1805,25,1,2.6188421491103746,0.2221786406008534,0.1891040825988094
2_1806,8,1,0.25511936836283705,0.07725530557207996,0.7188788100247285
2_1807,1,0,-0.22173248517827704,1.0,0.7937994590161326
2_1808,38,3,2.795593618986103,0.0064969031304781205,0.23453629550442678
2_1809,1,0,-0.4536329966286676,1.0,0.8439394190663598
2_181,1,0,1.0196810749220022,1.0,0.419429096484523
2_1812,9,1,1.7362196695823708,0.08648275251635919,0.2796937617164964
2_1818,2,0,-0.24354363644279658,1.0,0.8047288734604593
2_1819,4,0,0.9533122441222605,1.0,0.4700656175450031
2_182,1,0,1.568809989730532,1.0,0.25594974455615105
2_1822,1,0,0.18766585297145058,1.0,0.6852024081682303
2_1823,15,2,3.4070619212635442,0.009629773443364747,0.04050824824424881
2_1825,5,0,-0.3014278679927263,1.0,0.8332664868693305
2_1826,1,0,0.0831876909669241,1.0,0.7151167952071827
2_1827,2,1,0.41093402604205237,0.01990000000000002,0.6260356615382461
2_1828,2,0,0.39628981204967373,1.0,0.6305812688589238
2_1829,1,1,2.9890278507756465,0.010000000000000009,0.03390536477936579
2_1834,1,0,1.3435461035119272,1.0,0.3190895014380679
2_1835,1,0,-0.37942511949799496,1.0,0.8288492543545549
2_1836,3,0,-1.1544967358686034,1.0,0.9478458692504645
2_1839,9,0,3.016957739623906,1.0,0.05395055996506848
2_1843,2,2,3.8384720072720584,0.00010000000000000018,0.006345863855733103
2_1845,7,0,1.9241866566271453,1.0,0.21594472439573298
2_1846,1,0,0.04303664803181346,1.0,0.7262409701767065
2_1847,67,7,2.668232425364205,5.144163516221633e-06,0.45552726930031207
2_185,2,0,0.21902492450548444,1.0,0.6839988532913659
2_1850,14,3,3.0464081614138125,0.0003351416785493981,0.06810690984604639
2_1851,1,0,0.6544749201417658,1.0,0.5388776413618979
2_1859,2,0,-0.48461137710128016,1.0,0.8546363845557681
2_1860,10,0,1.0410306494877375,1.0,0.4980060827765481
2_1862,1,0,1.3304039920103978,1.0,0.32296767054055264
2_1864,1,0,-1.0204923827923023,1.0,0.9302855751962477
2_1867,4,0,0.013813656682794249,1.0,0.7549793737541328
2_1869,1,0,-0.20859629899054316,1.0,0.7906993527227761
2_1870,5,0,0.1190220876119764,1.0,0.7343225503135626
2_1873,121,4,3.271014329624546,0.03385142853032739,0.5727799201421621
2_1874,36,3,-0.01848123382254762,0.005580758432426863,0.9006918395879622
2_1875,2,0,0.7387154221883169,1.0,0.5208532034615285
2_1876,11,1,0.729465301278214,0.10466174574128365,0.6044865222532297
2_188,26,2,2.715092953287977,0.027723300751066573,0.17608783648616133
2_1881,8,1,1.8384486524230428,0.07725530557207996,0.244765843788044
2_1887,2,0,1.2803287592155073,1.0,0.34741203069025817
2_1888,6,0,1.9702637870871538,1.0,0.1977715548302894
2_1891,9,1,-0.5129881275722282,0.08648275251635919,0.8877188303096527
2_1892,12,1,-0.17045142246702472,0.11361512828387083,0.8408987403943253
2_1893,1,0,-0.3667056388041138,1.0,0.8261720301874251
2_1895,1,0,-0.025549582828879067,1.0,0.7447323040854409
2_1897,15,1,2.499043089150269,0.1399416453587116,0.15045327190897995
2_1899,37,3,0.709934312862583,0.006028406965608407,0.7796113306786118
2_1900,3,0,-0.9419442380184175,1.0,0.926540584662658
2_1901,37,0,1.1785519274495315,1.0,0.6665039021533459
2_1902,1,0,1.6620723638560748,1.0,0.23185882938080815
2_1903,1,0,2.225038406147349,1.0,0.11571748722333686
2_1904,1,0,1.7804667878764546,1.0,0.20318290515205506
2_1905,3,0,1.9466425204322688,1.0,0.18097656898005243
2_1907,3,0,0.23037135458871214,1.0,0.6885824901372534
2_191,24,3,3.3561489412518988,0.0017294268470260496,0.07162277892034097
2_1912,1,0,0.8383486857431465,1.0,0.4784990618397984
2_1913,13,1,1.9139742086961793,0.12247897700103212,0.26584522884896544
2_1914,1,0,0.8148524393634571,1.0,0.48621606329872125
2_1915,123,8,4.716227195492317,3.7142951028754525e-05,0.2597134149668222
2_1916,1,0,1.976891781550329,1.0,0.16055564778122522
2_1917,4,0,0.6699810918366149,1.0,0.56186779938233
2_1920,2,0,0.7097164676431021,1.0,0.5303303820407856
2_1923,121,13,0.3312212507880563,3.5925730523441264e-10,0.9721533557512292
2_1925,8,4,2.890309497003387,6.778784035000024e-07,0.062375160030084476
2_1926,10,3,2.555397585408882,0.00011384911790577993,0.11289398254641791
2_1927,10,1,1.191446301963696,0.09561792499119559,0.45033581909515896
2_1928,2,0,-0.42666581691290645,1.0,0.8435030754938625
2_1929,5,1,1.5754665855811956,0.049009950100000046,0.2890936905730719
2_1931,3,0,0.5520680293593355,1.0,0.5904753474765683
2_1932,33,0,-0.04207438954195989,1.0,0.8957130883567668
2_1933,131,7,2.8521772027349637,0.0003790924480825487,0.6979165357261417
2_1935,1,0,0.02645194814254526,1.0,0.7307723669936307
2_1936,3,0,1.3922667870310375,1.0,0.32336586207863915
2_1938,46,1,2.384656992138368,0.37017636879676774,0.3926092678181131
2_1941,6,0,-1.2773109141842225,1.0,0.9621355459302139
2_1943,1,0,-0.9949359844873824,1.0,0.9274225745374
2_1945,98,4,1.7434211634630599,0.01719095631022008,0.8090021500974955
2_1949,1,0,-0.0466449576268447,1.0,0.7502855582678816
2_195,72,12,8.7545312749634,8.815375071154452e-12,2.671780303875604e-05
2_1950,1,0,0.6851293516164368,1.0,0.5288362090584305
2_1951,2,0,1.1001144762243569,1.0,0.40346885013813705
2_1952,1,0,0.533526921857674,1.0,0.5781949783355006
2_196,4,1,2.275367079109617,0.039403990000000035,0.12464068297532005
2_1962,3,0,0.8226593195048773,1.0,0.5029884663317739
2_1963,1,0,1.1357141419316883,1.0,0.38247945980780773
2_1964,26,1,2.55806990254547,0.2299568541948449,0.20836290263466561
2_1965,1,0,0.34427835590425615,1.0,0.638043775494733
2_1967,4,0,1.5420352987686787,1.0,0.289550234085598
2_1968,1,0,-0.351467300575413,1.0,0.8229297634002419
2_1969,2,1,1.2694234118393397,0.01990000000000002,0.3507246898356492
2_1971,8,0,-1.382603062852042,1.0,0.9708696105767306
2_1972,2,0,1.2620797559084254,1.0,0.35296186353304004
2_1973,4,0,1.449346977744372,1.0,0.31590101750932575
2_1974,1,0,0.5467422839172364,1.0,0.5739294985924996
2_1977,2,0,-0.26962051127467057,1.0,0.8105814458425624
2_1978,3,0,0.13444805722685604,1.0,0.7157554032553815
2_198,1,0,0.08367046537021541,1.0,0.714981737098953
2_1980,39,3,3.0277302236518757,0.006986481622766975,0.19192078387097378
2_1981,2,0,0.7642095436614027,1.0,0.5125115135258591
2_1982,93,7,2.0616963636071906,4.470132145352309e-05,0.7334247352412112
2_1984,1,0,-0.5692971508893961,1.0,0.8656580015719525
2_199,1,0,-0.3051438438063185,1.0,0.8128408388421229
2_1990,6,0,-0.008979360018177616,1.0,0.7735504970604432
2_1991,1,0,-0.20544482731789204,1.0,0.7899515537380764
2_1997,104,5,2.983825113417593,0.004057935717318624,0.5702800557305144
2_1998,7,0,-0.7514050363428479,1.0,0.9145204092789001
2_2,1,0,-0.6827087176555515,1.0,0.8848446655104529
2_200,3,0,0.8247005028980627,1.0,0.502322573055827
2_2000,10,2,1.9982132484694644,0.004266200242831427,0.22140692221711122
2_2002,4,0,0.2956317852974564,1.0,0.6774802971559764
2_201,1,0,1.9670489133851279,1.0,0.16254167203882752
2_2010,5,0,-0.003388212783470209,1.0,0.7658601134957165
2_2011,1,0,-0.18161677913727936,1.0,0.7842468987240938
2_2012,5,0,-0.20915922681600171,1.0,0.8138768763315065
2_2021,2,0,-0.8656320428781258,1.0,0.9145485843652159
2_2022,15,0,0.23541964806867455,1.0,0.7692262915717691
2_2023,5,0,1.0698421046470206,1.0,0.44208060345419287
2_2024,32,6,1.7614971041097665,7.248364728301593e-07,0.46423102273322336
2_2028,21,3,0.38487854296557755,0.001162133782775636,0.7686319945773888
2_203,2,0,2.9356357068990717,1.0,0.03995889646717199
2_2033,2,1,1.499069938180602,0.01990000000000002,0.2837008924157711
2_2034,1,0,-0.3962120535014503,1.0,0.8323420091831966
2_2035,1,0,0.8832712378513227,1.0,0.46376975202693904
2_2037,2,0,0.2330291259951678,1.0,0.6798982962809672
2_204,1,0,-0.4032217507942887,1.0,0.8337867902980742
2_2050,2,0,3.022097318546304,1.0,0.034216884587792484
2_2051,1,0,1.0030442739534113,1.0,0.42479402492719764
2_2053,1,0,-2.414890980575285,1.0,0.9956932327742328
2_2054,1,0,-0.3574501217607282,1.0,0.824207258895229
2_2056,1,0,-0.255991941238957,1.0,0.8017554670631517
2_2057,1,0,0.9620056615907625,1.0,0.43808556728121384
2_206,5,1,1.7029691816809283,0.049009950100000046,0.25478457754340467
2_2064,5,0,0.6197042592416259,1.0,0.5869132803910528
2_2065,12,0,2.6138828927416475,1.0,0.11437268159928526
2_2066,29,2,0.712218390762969,0.03395931237935017,0.7364490089858627
2_2067,10,2,0.3805054903812135,0.004266200242831427,0.6988685511778201
2_2068,25,3,-0.8623224134394322,0.001950676889738825,0.9598934260660656
2_207,1,0,-0.8627389717699322,1.0,0.9111578023292408
2_2071,2,0,1.2350999812628998,1.0,0.36122419494496316
2_2079,1,1,3.1172469755899344,0.010000000000000009,0.026684325461506786
2_2086,1,0,2.134896246552155,1.0,0.13084921404938332
2_2091,1,0,1.043354841993368,1.0,0.41182091561584333
2_2094,1,0,1.353948746586714,1.0,0.3160336866792165
2_2097,17,1,-0.3015931485434524,0.15705680661607327,0.8833227583747867
2_2099,1,0,1.3487210551046884,1.0,0.31756778650406103
2_21,2,0,0.6146375013105442,1.0,0.5612546557510807
2_2103,2,0,1.7082115283557269,1.0,0.2285691933761238
2_2104,1,0,0.32573560929145445,1.0,0.6437555751389151
2_2105,2,0,0.6044767394590219,1.0,0.5645407799495302
2_2106,2,0,-0.04351720963622144,1.0,0.7562943715453467
2_2109,1,0,0.9419551941701879,1.0,0.44460595117285373
2_211,8,0,0.3613723190121293,1.0,0.6894350620168476
2_2111,1,0,-0.1806503912972022,1.0,0.7840136571500149
2_2114,1,0,2.147001025171006,1.0,0.12874130756283653
2_2115,1,0,2.147001025171006,1.0,0.12874130756283653
2_2121,36,1,0.36697043860081224,0.30358678195042654,0.8424232017763507
2_2122,13,0,1.6174379834843324,1.0,0.34760906865150654
2_2123,2,0,1.367264650599211,1.0,0.3214374926952557
2_2124,1,1,2.5979580869356207,0.010000000000000009,0.06629223497702452
2_213,13,0,1.7710401814562233,1.0,0.30404268990771977
2_2131,17,3,2.938619158408204,0.0006121919068227356,0.09256795731138978
2_2132,1,0,1.364580325367722,1.0,0.31292355634401026
2_2134,1,0,1.0778683312196193,1.0,0.40078899134006507
2_2139,3,0,-0.00587666667003427,1.0,0.7533371676086883
2_214,24,1,0.3764487069724931,0.2143218591927812,0.7868364721982997
2_2140,1,0,0.8140889424249059,1.0,0.48646692508767475
2_2141,2,0,-1.3761793231899464,1.0,0.963145731804352
2_2143,2,0,1.1083228446096505,1.0,0.4008619182377605
2_2145,1,0,0.2781556214002041,1.0,0.6582623885353663
2_215,19,2,1.8338936428030612,0.015273761488896639,0.3369385841984288
2_2150,8,1,1.1013580381656956,0.07725530557207996,0.46034534901650437
2_2152,6,0,1.2744803187186853,1.0,0.38702789975617524
2_2154,1,0,-0.7344955029029429,1.0,0.8929251873511628
2_2155,1,0,-1.0869755846822766,1.0,0.9373262223009136
2_2156,13,0,1.0601568928005405,1.0,0.5188645655611763
2_2157,8,0,1.6981897398369976,1.0,0.28146300728206286
2_2161,16,1,3.372547245893839,0.1485422289051245,0.04552875096279074
2_2166,17,2,-0.5635364982857812,0.012308985529944274,0.9185266717122901
2_2167,4,1,3.057046779600272,0.039403990000000035,0.036817069545473036
2_2168,85,6,4.429595127125975,0.0002226676924072038,0.16412406504922927
2_2169,1,0,-0.8957066084443134,1.0,0.9154478014027461
2_217,1,0,1.353948746586714,1.0,0.3160336866792165
2_2171,4,0,0.8601094265972067,1.0,0.5003276630850553
2_219,1,0,1.043354841993368,1.0,0.41182091561584333
2_22,10,2,3.4251688569819865,0.004266200242831427,0.0284482966225853
2_220,24,1,-0.6633315491975685,0.2143218591927812,0.943390287767625
2_222,12,1,1.075042675912485,0.11361512828387083,0.5052916987875162
2_224,14,1,-0.9398119926409498,0.13125418723102178,0.9494426918358416
2_225,2,1,0.4828132115527805,0.01990000000000002,0.6034803321203743
2_228,4,0,2.9837585142222696,1.0,0.04188872286477552
2_229,1,0,2.1233302683500295,1.0,0.13288546585710925
2_23,2,0,1.323012905582799,1.0,0.33455985625976825
2_232,1,0,0.51039474172041,1.0,0.5856389499909199
2_233,4,0,1.0773603405010999,1.0,0.4300845941013616
2_234,8,0,-0.5384761340828639,1.0,0.8880737008166226
2_235,1,0,-1.3934536228675432,1.0,0.962891467753571
2_236,74,1,2.093909599730056,0.524659957994293,0.643945470074327
2_239,17,0,-0.517943736157438,1.0,0.9130557322734134
2_240,1,0,0.9970250726496804,1.0,0.4267385500205626
2_242,4,0,1.4097699235037817,1.0,0.3274551572596993
2_243,42,3,0.8392625616298889,0.008583853799733485,0.7758233054627393
2_244,5,0,0.07829910207920524,1.0,0.745048168092704
2_248,13,1,-0.6401465345028787,0.12247897700103212,0.9172777644420493
2_249,4,0,1.9751144200566242,1.0,0.1820711174816928
2_250,5,2,-0.5443193044922868,0.0009801496000000018,0.8778430827519323
2_251,56,3,1.3493933269265745,0.018700509761571584,0.7304762144283488
2_258,35,5,2.551303345939845,2.5278422335681144e-05,0.27124581426776917
2_262,25,5,4.591830814876307,4.495958469027142e-06,0.00884234532641881
2_265,82,6,1.6950448120950319,0.00018287020901843748,0.7669495543101024
2_267,7,1,-0.0001983563122274017,0.06793465209301006,0.7775839278678605
2_269,1,0,1.0536275734712577,1.0,0.4085296139177216
2_271,11,2,0.3372830913570051,0.005179717490315069,0.7177708000983805
2_274,10,0,1.0094650829908964,1.0,0.5080364680025335
2_282,37,4,0.8990625567090625,0.0005074083897026835,0.7367698650262116
2_283,1,0,1.6291725699674433,1.0,0.24021014408441566
2_288,8,1,1.416486995388102,0.07725530557207996,0.36225265776136584
2_290,3,0,1.5334750027729407,1.0,0.2830581060736429
2_291,1,0,2.217622916892216,1.0,0.11691325978814715
2_293,4,0,-1.4864621646135583,1.0,0.972088822878924
2_294,1,0,0.013686016024541682,1.0,0.7342345588252666
2_296,7,4,5.50476858487552,3.4166980000000114e-07,0.00012128013009460314
2_297,2,0,-0.529491255769522,1.0,0.8628842310639986
2_299,63,4,3.5143760207300003,0.0037262424020537014,0.22813920984056457
2_30,2,0,-0.8471652445833144,1.0,0.9121556008686353
2_301,1,0,0.28970268767163165,1.0,0.6547622023915687
2_302,1,0,1.4721365027830977,1.0,0.28223468277962793
2_304,12,0,-0.26995888984042643,1.0,0.8592253631447535
2_306,3,0,0.42820602440501954,1.0,0.6293213480889721
2_307,3,0,-0.06317161642596959,1.0,0.7678797199930807
2_308,46,1,1.8112910313059614,0.37017636879676774,0.5528651951340432
2_311,58,2,2.7176748255685834,0.11466885098975126,0.3854285036185232
2_312,4,0,0.7161108575694419,1.0,0.5470167058141389
2_313,8,0,2.3533259032884057,1.0,0.1347476967814657
2_316,76,4,1.44667481416944,0.007247520856514626,0.7931058704311695
2_317,2,0,-1.2721017218163853,1.0,0.9557141646624238
2_318,84,2,2.1311059353288733,0.2053566719709845,0.6822270409806817
2_319,4,0,-0.08800639110352364,1.0,0.7802948374218938
2_321,12,0,1.1522710635725482,1.0,0.48093589208123433
2_322,6,0,1.1616997018988886,1.0,0.42234742908179557
2_329,1,0,-1.83603283906848,1.0,0.9842222183251891
2_33,1,0,-0.20635100435786327,1.0,0.7901667371736347
2_331,1,0,1.996781316944991,1.0,0.15659106384636434
2_333,17,3,1.7370492367436394,0.0006121919068227356,0.3476124721112599
2_335,1,0,1.3398717004359013,1.0,0.3201718299309173
2_336,17,2,1.2409123921274254,0.012308985529944274,0.497448813415047
2_340,12,0,2.55665052470839,1.0,0.12336272626155664
2_342,8,3,3.8210023017738233,5.3933321197900146e-05,0.011245090718568829
2_343,1,0,0.08194466036340296,1.0,0.7154643975152054
2_344,2,0,-0.7478079704601182,1.0,0.8984175892149179
2_347,1,0,2.141760766949567,1.0,0.12965092796170807
2_348,51,1,2.7959498603799307,0.401043993533839,0.31949862430386133
2_351,38,2,1.2237990230311853,0.0554547523593632,0.6608780007437608
2_358,26,1,1.7166225675161142,0.2299568541948449,0.4292145867753424
2_360,1,0,-0.0559736481123852,1.0,0.7527206740822969
2_362,3,1,2.230569872506407,0.029701000000000026,0.1263466162368938
2_366,2,0,2.8301904514976766,1.0,0.04799599970197699
2_367,1,0,0.7053241737752869,1.0,0.5222105847975266
2_372,11,0,1.8610014457212416,1.0,0.2633458428024289
2_374,1,1,2.7163385745645043,0.010000000000000009,0.0546282986587755
2_376,1,0,1.199198835434971,1.0,0.36268464036506054
2_380,34,3,1.2913159823802856,0.004746994797058528,0.6157563894575401
2_382,6,0,1.013331770144605,1.0,0.46973429914073606
2_383,54,1,3.4316996726930755,0.41883358588189046,0.19657292060421938
2_385,7,1,1.2780766784031943,0.06793465209301006,0.39529495180417606
2_388,1,0,1.311214692067873,1.0,0.3286649771396617
2_389,6,1,-0.8606819862017839,0.058519850599000056,0.9249507911856026
2_390,2,0,-1.2955059400112405,1.0,0.9574827497921397
2_391,5,1,-1.5327859386951963,0.049009950100000046,0.9753772057427792
2_394,29,3,2.6351677936023497,0.0030081981768577204,0.21141191106846757
2_395,2,0,2.499805689242137,1.0,0.08175107790568159
2_399,13,0,0.9465085764724219,1.0,0.5544248444560377
2_400,18,0,0.2903592041021319,1.0,0.7736619968531748
2_402,30,3,-0.027173997990063516,0.0033177093188826454,0.8848802951545818
2_404,35,2,2.7340559359278838,0.04785867545512833,0.22882614988357974
2_407,1,0,-0.41987331878030215,1.0,0.8371865288237341
2_409,1,0,-0.6741491726342425,1.0,0.8834683900334603
2_41,3,0,1.207176253076293,1.0,0.37944114240111504
2_412,2,0,-0.4167190127560801,1.0,0.8415369334869933
2_413,7,0,0.6618902806500896,1.0,0.591253578550292
2_414,1,1,3.2896801296959968,0.010000000000000009,0.019038475250566234
2_415,4,0,1.9563664320299812,1.0,0.18613546376833845
2_42,1,0,-0.06325757288225206,1.0,0.7546131712159071
2_422,1,0,0.39021523085178084,1.0,0.6237630042804401
2_426,1,0,0.9303737208525471,1.0,0.44837918810826094
2_427,1,0,1.6188913144034087,1.0,0.24285317400499462
2_432,26,2,0.3077021382347012,0.027723300751066573,0.8113175383879385
2_433,18,1,1.5580525562434029,0.16548623854991254,0.4089362607855097
2_434,20,3,-0.004979657876761313,0.0010035761681001195,0.845036456242483
2_439,2,0,-0.23718810794006687,1.0,0.8032859867456443
2_441,3,0,0.2810998680735492,1.0,0.6737720265254178
2_446,1,0,0.1705960551359863,1.0,0.6901810730617921
2_448,46,0,1.1108781884077523,1.0,0.7350527782472117
2_449,75,2,2.6990318827812776,0.17290832691006947,0.49498529123641066
2_45,2,0,1.900284116300478,1.0,0.18373033850612974
2_452,1,0,-0.5582964041180304,1.0,0.8636864516473564
2_453,63,6,3.5902960791446383,4.170364050099274e-05,0.21297569790371362
2_454,17,0,-1.81528590897884,1.0,0.9910465785059435
2_455,1,0,0.06232326713037564,1.0,0.7209243314192764
2_456,28,1,-1.740751285926048,0.24528071279636746,0.992852340534127
2_458,1,0,2.301071729209509,1.0,0.10395585536069163
2_459,3,0,0.07786447211126614,1.0,0.7312339954360041
2_460,12,0,1.0563410759586482,1.0,0.5111901760387654
2_461,1,0,0.7017557481506295,1.0,0.5233818319557442
2_463,9,1,1.4605772230634915,0.08648275251635919,0.35816204959936326
2_464,1,0,0.05750334700239894,1.0,0.7222577069653283
2_465,3,1,1.4251759197894527,0.029701000000000026,0.31376057917823497
2_466,2,0,-0.41890284794456695,1.0,0.841969984949297
2_467,1,0,1.043354841993368,1.0,0.41182091561584333
2_468,249,16,4.504339145848452,7.109852751770236e-09,0.5875189115076247
2_47,39,4,2.847694269956965,0.000621961223011905,0.2294076531756617
2_471,1,0,1.3769504107386648,1.0,0.3093215475900496
2_472,162,11,3.7692809150924176,8.953486260167289e-07,0.5941775627849863
2_473,123,6,3.139909380528202,0.0015696327168652248,0.6101495413693548
2_477,1,0,0.685038383815408,1.0,0.5288660375900817
2_479,24,2,3.1196235490276485,0.02385443111830375,0.09948876814779639
2_480,10,0,1.7720878058682055,1.0,0.27849169906915017
2_481,304,14,5.511334143512784,3.2721818638331723e-06,0.4111049364702615
2_482,3,0,1.101235595491161,1.0,0.4128126958053562
2_483,1,0,0.5464593251447083,1.0,0.5740209208254978
2_484,12,1,0.6117015745572443,0.11361512828387083,0.6479006718922855
2_485,2,0,1.2938670922802136,1.0,0.3433157471127404
2_486,44,3,1.4205638589046283,0.009757879166870534,0.6465434917321258
2_487,20,1,1.359420401510273,0.1820930624027693,0.48667799236906195
2_488,2,0,0.3304485603805611,1.0,0.6507856849547973
2_489,19,1,1.9850659351942974,0.1738313761644134,0.2954824269917137
2_491,43,1,-0.10122571084404139,0.35089737163159784,0.9257659095601678
2_492,17,0,0.8687974321422725,1.0,0.6112771315720436
2_493,1,0,1.5419841716909872,1.0,0.26311346671585545
2_494,236,27,5.302356194808313,3.0323328414395655e-20,0.4195949634596309
2_500,1,0,-0.33849382459570787,1.0,0.8201394837815011
2_503,6,0,1.1457358558360713,1.0,0.4274048218971661
2_504,3,1,-0.21935979678086984,0.029701000000000026,0.8049967086728396
2_505,149,9,3.1327813712717694,2.218149577577932e-05,0.6912046577573717
2_506,1,0,-0.9360357138563125,1.0,0.9204821045945832
2_507,3,0,0.26469570427047423,1.0,0.6785928458231477
2_508,106,3,0.91424370665158,0.09073859184095386,0.9272574511098439
2_512,342,28,6.604330129774583,4.515340464062611e-17,0.21751450283258444
2_513,255,16,5.644292701183107,9.95462816730592e-09,0.3731332233293123
2_515,114,8,2.644218008104542,2.1485926169455475e-05,0.6867042287497257
2_516,22,1,2.983742043647318,0.1983694104609542,0.1091270657117206
2_518,142,8,2.601500031460302,0.00010236331744337298,0.7726011781917482
2_519,321,26,2.982334738911403,7.491875601717449e-16,0.8242491096806609
2_52,7,0,1.428824345113779,1.0,0.3493905506380318
2_520,1,0,-1.2700713945940185,1.0,0.9538700650364781
2_522,5,0,0.162849983668169,1.0,0.7225289171536777
2_523,2,0,-0.2945086395542828,1.0,0.8160653658919925
2_524,36,3,1.4115789002087549,0.005580758432426863,0.595932306841736
2_525,280,26,4.4046309821729,2.7219143664527003e-17,0.6183307944599722
2_526,4,0,1.0352625961181157,1.0,0.4435935112706312
2_527,119,10,0.9157176497294166,3.9490046158600905e-07,0.9400555283037054
2_528,11,3,2.2447481416610335,0.00015537262915503648,0.17421881115033455
2_529,159,15,5.066243638494727,1.049794628739521e-10,0.3103356395455752
2_530,112,6,5.355196734141737,0.0009694536455799354,0.12342211116215251
2_531,7,0,-0.019743170189984133,1.0,0.782246146543365
2_533,1,0,-0.9070811224624182,1.0,0.9168912999574887
2_535,67,3,0.38113431930052233,0.02982509551850321,0.921132631096751
2_536,24,0,1.5790421860448869,1.0,0.45368672063735627
2_540,15,1,3.3064894673115566,0.1399416453587116,0.0478425390252496
2_542,9,2,-0.059413930531176475,0.0034357300178462975,0.8028524234305987
2_546,1,1,2.3345974097796995,0.010000000000000009,0.09905472949646654
2_547,12,2,3.3830204277146554,0.006174537772824754,0.03500820712774477
2_548,50,4,2.4798353285943664,0.0015961730907328743,0.3948601168878466
2_55,1,0,1.770083810945109,1.0,0.20560973325229503
2_550,20,2,1.190062830948858,0.016859337635651808,0.5385497243448828
2_558,8,0,-1.4679784980026567,1.0,0.9751328112195359
2_559,7,1,0.6821556729616729,0.06793465209301006,0.5849010661859857
2_562,1,0,-1.2413290969948374,1.0,0.951533661029678
2_563,3,0,-0.2514638998238123,1.0,0.812153151585536
2_564,5,1,2.179012692691694,0.049009950100000046,0.14781734492234377
2_565,9,2,0.7851940497422939,0.0034357300178462975,0.570085396505964
2_567,1,0,-0.40114566753015635,1.0,0.8333597257224943
2_569,19,2,0.35512765743581115,0.015273761488896639,0.7641764036073447
2_57,2,0,-0.22134919623904015,1.0,0.7996621063863258
2_571,35,1,3.087080549728653,0.29655230500043084,0.15843102235907924
2_572,34,4,2.126812321964153,0.0003648914330466054,0.3749808869219502
2_574,1,0,0.5397028126076866,1.0,0.5762027158325254
2_576,511,33,2.7282275141007513,9.128862525355153e-17,0.46581692723340806
2_578,253,17,2.9753705422163974,1.242590900837648e-09,0.834871547651126
2_579,72,6,3.501505989645589,8.882696975305122e-05,0.27951686661380926
2_587,56,3,-1.3772371196132436,0.018700509761571584,0.9935620460457762
2_588,3,0,-1.4988929926508046,1.0,0.9716715035006673
2_589,27,1,1.30692845333554,0.23765728565289646,0.5596108520527165
2_591,642,48,7.317364379325734,2.2336642705885984e-26,6.249331274132963e-06
2_592,4,1,2.2420664153527476,0.039403990000000035,0.13030113649705433
2_595,28,3,0.5898228140627237,0.002717121867743372,0.759933139892443
2_596,53,2,1.657994280091454,0.09869100146972073,0.6389570560129713
2_597,5,1,1.9392079027305018,0.049009950100000046,0.1973214734820492
2_598,116,3,4.983431481759358,0.11106157209358364,0.18815190261519998
2_601,304,19,4.859737456789238,4.602798545163842e-10,0.5320550463931484
2_603,73,5,2.8086099316694915,0.0008543179259079433,0.45480882827072777
2_604,287,18,3.7164591743382096,1.2343027840822192e-09,0.7349164289781228
2_605,1,0,1.1371823590808683,1.0,0.38201794725075655
2_606,61,5,3.683030843022488,0.00037353009609219194,0.18542031676912196
2_607,8,0,1.1091158374001218,1.0,0.457874846606092
2_608,199,12,3.3179550281652124,1.023433480078489e-06,0.7498874335823893
2_610,77,3,1.7240484428560454,0.042356184373201836,0.7418961570136636
2_611,91,3,1.305490425574827,0.06359739048515023,0.8589193638067258
2_612,331,15,2.3496818373447126,1.8066998911641956e-06,0.8852223754829446
2_613,283,14,2.8521779257988915,1.4256507855100562e-06,0.8507047763252529
2_615,100,3,0.9823332663934244,0.07937320225218047,0.9134789132990949
2_616,11,0,1.648865864193207,1.0,0.32107199225935346
2_617,156,9,1.3046992173399534,3.185971324368902e-05,0.9402683157184601
2_618,75,4,2.2831388411632916,0.006920030433737006,0.602157686491017
2_619,15,0,2.776599298793762,1.0,0.10535443704769176
2_621,10,0,3.5030102092600672,1.0,0.0246429768903198
2_624,97,7,4.076185615609826,5.854826083629594e-05,0.2807615836296087
2_625,77,7,3.128672032869103,1.3039090408277322e-05,0.39621830631854216
2_626,61,5,3.2039468561893663,0.00037353009609219194,0.28421694943789677
2_63,1,0,0.8537291478985991,1.0,0.47345175317798993
2_631,3,0,0.4887759930593278,1.0,0.6104626934886803
2_632,1,0,-0.49612406709593954,1.0,0.8521727179383066
2_633,10,0,0.17159939818080716,1.0,0.7541335069243622
2_634,1,0,-1.277598300845861,1.0,0.9544667256583033
2_636,1,0,1.9076829245293987,1.0,0.174857347730631
2_638,10,0,0.5332465214534439,1.0,0.6552309209635822
2_64,2,0,-0.48125841354740145,1.0,0.8540070652611154
2_640,81,6,-0.6255433026896493,0.00017093360001287045,0.9864227074272839
2_641,89,3,1.8232265594722665,0.06031008168644053,0.7667370669354139
2_642,13,1,3.0092844659410427,0.12247897700103212,0.06831822303877888
2_643,43,3,2.106740794675181,0.009159838483861968,0.4481122904860171
2_644,2,0,1.2334140387979318,1.0,0.36174270381035634
2_647,1,0,1.085289081954096,1.0,0.39842699341870824
2_65,13,2,1.4930394529128193,0.00724894367793522,0.38446734543238315
2_650,206,16,6.122343737416875,4.6128761551151013e-10,0.22975954286462963
2_651,143,9,0.6033196488961576,1.5995216467440932e-05,0.970133236049968
2_652,79,8,3.7457870534994653,1.3875924813050924e-06,0.2634805021576414
2_653,513,45,7.196071388875539,1.042913995864766e-27,0.015645119124464424
2_654,2,0,0.2957142124963161,1.0,0.6612789176670538
2_655,2,0,1.927461620935,1.0,0.1778602792034889
2_657,297,18,3.1068677677275445,2.119759917382735e-09,0.8183451573919229
2_658,2,0,-0.10241265991768764,1.0,0.7711924259205847
2_659,485,22,4.4369708633421245,7.983903023964854e-09,0.2712474174216486
2_660,12,1,0.6501285732136086,0.11361512828387083,0.6365574878030424
2_661,29,2,1.4081689299510556,0.03395931237935017,0.545165819408775
2_663,1,0,1.1449903375375796,1.0,0.3795664539082899
2_664,18,1,4.006255105151254,0.16548623854991254,0.01678141961121915
2_665,18,0,1.0447823568650811,1.0,0.5663183959840388
2_669,52,7,1.4210435852377192,9.019728938015072e-07,0.6930279868808013
2_670,111,6,4.293206127019404,0.0009252865260725698,0.2968211962885252
2_672,113,12,4.231687414278629,1.942119322754518e-09,0.31818767443538754
2_674,1,0,2.1017334235410665,1.0,0.13674586434372005
2_675,5,0,-0.4500150682296897,1.0,0.8616449548944441
2_677,18,2,2.38042179172014,0.013756463740805566,0.19301825328879452
2_678,3,0,-1.1305616760329102,1.0,0.9457248793132645
2_681,35,0,-1.0129477552724147,1.0,0.9771368676159999
2_684,71,1,0.49002007562637095,0.5101097269957952,0.917091071454534
2_686,17,1,-0.4511953210639202,0.15705680661607327,0.9045577969234284
2_687,1,0,0.0722902798684483,1.0,0.7181572384425792
2_689,9,1,2.2908126467107226,0.08648275251635919,0.15217551876875723
2_69,6,0,-0.3887788555711407,1.0,0.8548935945393166
2_690,1,0,-0.16251768853921414,1.0,0.7796102473722679
2_691,6,0,1.1746484176514935,1.0,0.41825458107455216
2_692,2,0,2.0113735494930394,1.0,0.16049299426227215
2_693,1,0,-0.09910613631789567,1.0,0.7638127906544304
2_694,19,2,1.9692170449964608,0.015273761488896639,0.2997174107305276
2_7,1,0,-0.20149988416102801,1.0,0.7890132664531655
2_700,4,0,1.910085205137676,1.0,0.19640698423184433
2_702,15,0,2.1991004466450943,1.0,0.21189842519181146
2_704,206,14,4.713503932408907,3.013108246382656e-08,0.4934995048350015
2_706,151,13,4.617401377984833,5.552007272896971e-09,0.37710056728644703
2_711,1,0,2.089919250569576,1.0,0.13888975892561395
2_713,1,0,1.0884837647178667,1.0,0.39741127675508525
2_714,60,5,4.545856699501919,0.00034575434785519656,0.0668838037541526
2_715,2,1,1.7903657920533667,0.01990000000000002,0.20868058997541938
2_716,14,0,1.7418388329138366,1.0,0.3206634087616559
2_722,4,1,0.46839151221096875,0.039403990000000035,0.6254886682656158
2_723,3,2,2.894296902215555,0.0002980000000000005,0.04584042976669889
2_724,141,12,2.7751839198070383,2.4190348948424073e-08,0.7394887360990422
2_725,11,0,-0.7020628657761466,1.0,0.9194089520089348
2_726,205,18,5.860846123575799,5.0168424608589335e-12,0.2707384687695755
2_729,918,52,8.110127468692136,6.60501327917224e-23,0.0
2_730,7,0,0.9668268326399695,1.0,0.49407817632614426
2_732,3,0,1.168687697040898,1.0,0.3914757646825995
2_733,7,0,0.9814627240738655,1.0,0.4893762148180413
2_734,3,0,-0.5446606626581286,1.0,0.8698370597889908
2_735,1,0,1.064422026305946,1.0,0.4050780988748377
2_736,205,18,7.260852034397451,5.0168424608589335e-12,0.09170998546959586
2_738,30,1,-1.0593963951689174,0.2602996266117198,0.9754066149299772
2_740,1,1,2.548107080575466,0.010000000000000009,0.07174648224665758
2_741,2,1,0.397976064022394,0.01990000000000002,0.630058766472146
2_745,45,3,2.6579780875343397,0.010378132789533654,0.31386802427030003
2_746,28,3,1.9954208497265584,0.002717121867743372,0.3648441118735788
2_749,40,5,2.8929210432913712,4.9154387033948094e-05,0.22583459270375206
2_75,7,1,0.7486066060603463,0.06793465209301006,0.5639233772883733
2_753,11,1,-0.13435023822702344,0.10466174574128365,0.8290817611314698
2_754,43,2,0.14906058346311354,0.06896390678471585,0.8973119657546986
2_755,54,6,1.8352038872254668,1.711619570454165e-05,0.598298413751641
2_758,80,7,2.083819600263129,1.6780911929040933e-05,0.6751734047975828
2_761,237,13,3.85531060427799,1.0707566825914829e-06,0.6973829217507569
2_764,5,0,-0.7003435097546719,1.0,0.9016295942248023
2_767,1,0,1.976891781550329,1.0,0.16055564778122522
2_768,25,2,1.2513501518023344,0.025759105399048503,0.5604800520513626
2_769,3,0,0.4758788702397268,1.0,0.6145018111527136
2_770,8,1,2.5676781227730925,0.07725530557207996,0.10093610235581685
2_771,18,1,2.143537150202811,0.16548623854991254,0.24715503489596236
2_772,2,0,-0.12933619586156797,1.0,0.7778288482128028
2_776,1,0,0.9836714128802809,1.0,0.4310587943569052
2_777,12,2,4.422948261467355,0.006174537772824754,0.004217491234243531
2_779,103,10,7.479794176226969,1.0121643995003672e-07,0.004919912079654698
2_78,26,1,2.1013832730894237,0.2299568541948449,0.3198355441210857
2_783,3,0,0.7306687262020358,1.0,0.5329615728397414
2_787,1,0,0.7046836635846193,1.0,0.5224208307941216
2_791,21,0,0.8158634989028912,1.0,0.6569686487512747
2_792,10,0,2.096001231880101,1.0,0.19895935581010749
2_793,9,0,1.8772852082063252,1.0,0.24304751843072148
2_794,484,23,5.095889341283109,1.5445998286069984e-09,0.18441488038107878
2_796,1,0,1.353948746586714,1.0,0.3160336866792165
2_799,27,2,0.5842003908403774,0.029745636285504362,0.7556882538505855
2_8,2,0,1.312416013859487,1.0,0.33773325051145286
2_800,1,0,-0.9878235333555725,1.0,0.9266099843467837
2_813,32,2,0.40878913247312576,0.040682585752739156,0.8183655486510328
2_816,204,10,4.479329602185632,4.7421645058921716e-05,0.5379464987687872
2_817,2,0,0.6782715799105127,1.0,0.5405873657998126
2_818,9,0,0.8923710364999141,1.0,0.5362154833727926
2_819,17,1,-0.052834955580128615,0.15705680661607327,0.8409904212569355
2_821,340,16,4.6998142283536986,5.06618995603526e-07,0.539030315840885
2_824,120,10,4.493915887377359,4.269191346115034e-07,0.2920271807581505
2_825,5,1,1.4889179306907132,0.049009950100000046,0.3135558977422406
2_827,6,1,4.122149722859105,0.058519850599000056,0.004807354885789872
2_832,1,0,1.8697488960807513,1.0,0.18302899152389718
2_835,2,0,-2.245180671740164,1.0,0.9938215375670829
2_837,1,0,1.2659488933374832,1.0,0.3422611978526996
2_838,190,8,5.563319220547988,0.0007273898370856048,0.29420572318354987
2_841,52,4,2.907627837584901,0.0018469347399827855,0.29861249064295625
2_842,109,3,4.901748583595477,0.09666050232311778,0.1774601295315732
2_843,6,0,-1.3468126958428714,1.0,0.9665403644204715
2_845,4,0,1.2531345641815155,1.0,0.3747303418483505
2_846,94,4,2.478602841913531,0.014970472462132374,0.6459279613105036
2_848,106,4,1.0514318201691082,0.022220967468050915,0.9150278462654253
2_85,3,0,0.832574049567933,1.0,0.4997539495048252
2_851,9,0,0.723831530504203,1.0,0.5892634834536998
2_854,3,0,0.4274027308364129,1.0,0.6295694922313617
2_856,3,1,3.35968532412172,0.029701000000000026,0.019359074458748737
2_857,1,0,1.8802161018731398,1.0,0.18075072029607986
2_860,3,0,-1.0350315090802462,1.0,0.9365726716723305
2_864,4,1,3.0974789247951975,0.039403990000000035,0.034241344214419156
2_865,3,0,2.4992565992376408,1.0,0.08635436529031637
2_867,7,0,-0.45890638669406364,1.0,0.8715044104260975
2_870,2,0,0.03726393167429293,1.0,0.7350368894523329
2_871,48,3,4.749706851745295,0.012373563910211128,0.028819481114242818
2_887,2,2,3.6247780464013473,0.00010000000000000018,0.010255074170264944
2_89,2,0,2.8650437423311947,1.0,0.045207360472229174
2_892,22,0,0.7912467116069098,1.0,0.6709628419166429
2_894,1,0,-1.0918302960595456,1.0,0.937817799357647
2_895,178,19,3.6726565709217223,3.8246506699326075e-14,0.6512608301146333
2_898,103,7,0.034230791192941146,8.572709593765532e-05,0.975474802756634
2_899,19,1,1.0309442410175034,0.1738313761644134,0.5786792415597328
2_9,78,4,1.9409653083735552,0.00793277154121152,0.698855305624931
2_90,6,0,0.8663705672277515,1.0,0.5171009685194217
2_900,45,2,0.33421772284435003,0.07463929299800556,0.8776131250602157
2_901,20,1,2.968015766095304,0.1820930624027693,0.10206370479710403
2_902,1,0,0.8266284621397537,1.0,0.4823475729197755
2_903,2,0,-0.07069545091446026,1.0,0.76323359941798
2_904,5,1,-1.1392408468530648,0.049009950100000046,0.9502290762399169
2_906,3,0,1.0148786707131339,1.0,0.44050186531143365
2_907,2,0,-1.4225639698338222,1.0,0.9661121822237446
2_908,15,0,-1.4340895421847495,1.0,0.9794405287839675
2_91,1,0,-1.5422592794192904,1.0,0.9717980150386543
2_911,1,0,-0.9765348632508536,1.0,0.9253060036813456
2_912,48,8,2.237303205113823,2.642310337731701e-08,0.44733238916045104
2_913,38,5,0.980157704049355,3.8123510750696654e-05,0.7228710080973777
2_914,10,1,3.4592944412749773,0.09561792499119559,0.02672376027698886
2_915,1,0,-0.19859316584263928,1.0,0.7883203468090643
2_917,1,0,-0.30795628014209,1.0,0.813463321749563
2_919,212,13,4.589753915302329,3.0405075697777155e-07,0.5287764458945889
2_921,4,0,0.11759306477830608,1.0,0.7276433095436627
2_923,115,13,3.2156331602256776,1.8911196776844654e-10,0.561921551072462
2_925,5,0,-0.9462934880133663,1.0,0.931952662715952
2_927,184,13,5.656807479952851,5.8903345796301976e-08,0.2648231621145516
2_929,30,3,1.7223079481183923,0.0033177093188826454,0.459931374552894
2_930,143,7,0.9457602522494154,0.0006402540657000164,0.9544305409859772
2_932,25,1,1.863101925555186,0.2221786406008534,0.3782411810647778
2_933,1,0,2.109801514171545,1.0,0.1352948310718406
2_934,1,0,2.025803452517057,1.0,0.150922687410591
2_935,1,0,1.0563969475087083,1.0,0.4076434210824147
2_936,212,24,6.659980760352358,4.628287024903316e-18,0.16283892031956482
2_938,7,2,1.0214496297476985,0.0020310416349400033,0.4765393712289667
2_939,15,4,1.7314581790889123,1.2497585244726261e-05,0.33213578739490446
2_943,31,1,0.3548639895431395,0.2676966303456026,0.8244524257491066
2_945,101,13,3.323991950878452,3.5972921720712786e-11,0.47376370592408745
2_947,1,0,0.8438434355056968,1.0,0.4766954465009948
2_948,323,16,6.790232841190259,2.5638670549547594e-07,0.20167762419908386
2_950,9,1,1.7762818636605089,0.08648275251635919,0.26901949230710487
2_954,1,0,-0.1881656484805081,1.0,0.7858236428428709
2_955,20,5,2.9508684845316466,1.3677986328934169e-06,0.10443127147221365
2_956,201,15,6.291548581228384,2.759489893847198e-09,0.19637350366516637
2_959,9,1,1.961985725237504,0.08648275251635919,0.2223588425354317
2_961,4,0,1.6002345101903377,1.0,0.273550382486092
2_962,13,1,0.9486223897127432,0.12247897700103212,0.553766525668763
2_963,2,0,-0.5267293948538732,1.0,0.8623860909913933
2_964,1,0,1.2663459296539128,1.0,0.34214101661775054
2_966,1,0,1.398815890117387,1.0,0.3029993714600453
2_968,8,0,3.05022893484004,1.0,0.048109561853973526
2_97,1,0,-0.5241819413548822,1.0,0.8574470277680355
2_970,263,27,4.087355622682966,5.129892686755644e-19,0.6712021515442859
2_971,17,3,1.4215449490382484,0.0006121919068227356,0.4416831736806138
2_973,373,21,6.033644741283784,3.8712589294785817e-10,0.27081919395208387
2_974,2,0,2.1964819574019487,1.0,0.12623101397360692
2_975,4,0,-0.17779428984254728,1.0,0.8013166909715941
2_976,53,6,3.8771456565367504,1.5344767446431594e-05,0.1186580298633304
2_98,8,0,2.764216537387233,1.0,0.07579310676688888
2_980,8,1,2.983792432924262,0.07725530557207996,0.053682196321863995
2_982,1,0,1.8897004043666177,1.0,0.17870181004046004
2_983,3,1,2.412185710184088,0.029701000000000026,0.09811813430930072
2_986,8,0,2.885943150604149,1.0,0.062806563686582
2_99,9,0,1.4140879482659172,1.0,0.37213356166101696
2_993,72,4,1.5771363465412822,0.00599659130580793,0.7522861771831575
2_994,11,1,0.4581454570080875,0.10466174574128365,0.6844964314832329
2_995,2,0,0.5708654558976859,1.0,0.5753781837730418
2_996,24,2,1.691009512894973,0.02385443111830375,0.4202517969146875
2_998,19,0,2.3074871072039493,1.0,0.21589409547508076
3_0,24,2,2.367850069173059,0.02385443111830375,0.23747403601797834
3_1001,69,4,4.146972916323761,0.005158956637271634,0.1442390109421683
3_1003,2,0,0.5176006777165614,1.0,0.5924332905721681
3_1004,1,0,-0.12345536172364432,1.0,0.7699514305510811
3_1006,1,0,-0.12545543997867434,1.0,0.7704516678654842
3_1007,2,0,0.8478802989825778,1.0,0.48511544281312113
3_101,1,0,1.3619254610867122,1.0,0.31369896755985216
3_1021,17,0,0.29737405586787846,1.0,0.7662363777619114
3_1022,6,0,-0.1887259755357899,1.0,0.8148506774085136
3_1023,1,0,1.6534372354196003,1.0,0.2340349952374594
3_1024,1,0,0.4004447087682127,1.0,0.6205588802657193
3_1025,9,0,2.572495121739211,1.0,0.10522081015329587
3_1028,41,1,0.24150054890714404,0.33771795901601653,0.8792720772998792
3_103,2,0,2.122786771423501,1.0,0.13920608242927512
3_1030,2,0,0.989136935916973,1.0,0.43909003705023897
3_1032,1,0,-0.8819659886650365,1.0,0.9136790439750526
3_1033,285,11,3.1855241712110853,0.0001707413684888533,0.8106427636199396
3_1035,4,0,-0.2955878314507939,1.0,0.8269785196747526
3_1036,5,0,0.4985369716816223,1.0,0.624736614085665
3_1037,1,0,0.35874588347551467,1.0,0.6335657538330796
3_1042,1,0,0.1705896967140093,1.0,0.6901829211835174
3_1043,14,0,-0.4323903722472608,1.0,0.8927166612993762
3_1044,8,0,0.9700194583033951,1.0,0.5023262288173337
3_1045,8,1,2.21922649027702,0.07725530557207996,0.15947567797706097
3_1048,1,0,0.16431735509035506,1.0,0.6920036757874914
3_105,1,0,2.1798328491974974,1.0,0.12314304628589512
3_1052,4,0,0.7397677148560252,1.0,0.5393736426698559
3_1054,50,1,0.3486865897108674,0.39499393286246365,0.889261319149357
3_1055,52,3,1.5746767943691125,0.015352625733659125,0.6545782327253657
3_1056,8,1,1.1632087217865374,0.07725530557207996,0.44069917641043044
3_1057,13,2,2.811972095338329,0.00724894367793522,0.09127088825540342
3_1059,7,0,1.2951422223146494,1.0,0.3900110104519877
3_1060,8,2,2.7724944211094646,0.0026900777395207046,0.07484973148883456
3_1061,6,1,1.9674783616672904,0.058519850599000056,0.19839838131609355
3_107,2,0,1.4007666072898919,1.0,0.31164790763741057
3_1070,1,0,-0.20139651501726918,1.0,0.7889886475690124
3_1072,33,0,0.639595619086136,1.0,0.7750915996062142
3_1074,6,0,3.125850167691026,1.0,0.037220920847921946
3_1076,1,0,1.4372186335528059,1.0,0.2920380806454602
3_1081,16,0,0.3186868004442293,1.0,0.7551115412594278
3_1082,5,0,1.2046799099397492,1.0,0.39931387319477163
3_1083,7,0,1.1608601128848737,1.0,0.43206036753772536
3_1084,49,2,0.9219221876765817,0.08641059140541359,0.7902221509019857
3_1087,3,1,2.9506981790116074,0.029701000000000026,0.0415727799593707
3_1089,37,0,1.5891414069123786,1.0,0.5524502261364863
3_1090,3,0,-0.3132637189721191,1.0,0.8254652420733528
3_1093,21,1,0.017920466816078517,0.1902721317787416,0.8450538360173674
3_1099,20,2,2.5050580157339652,0.016859337635651808,0.18035375157663702
3_1100,20,0,1.9722110237503923,1.0,0.3069782770261733
3_1107,8,1,1.0491882194241995,0.07725530557207996,0.47699410970573586
3_1108,18,2,1.5141561599417594,0.013756463740805566,0.4221858556466971
3_1109,31,3,3.0967009106836634,0.003646012208816228,0.1359153173136266
3_1111,198,10,0.4732032646029042,3.6874977855029615e-05,0.9840596953067838
3_1112,5,0,0.7522976744742225,1.0,0.5445907020631482
3_1113,1,0,-0.8701593632568512,1.0,0.91213725977627
3_1118,142,11,4.019094744338522,2.3983367311232565e-07,0.4783353201144086
3_112,49,1,0.6816217934528398,0.388882760467135,0.8353710471980097
3_1121,57,4,2.5017016678466253,0.002590576762217553,0.4362760316520684
3_1122,14,0,-0.49710009880056966,1.0,0.9018055441550283
3_1123,3,1,4.113380816039439,0.029701000000000026,0.0036427255181809004
3_1124,1,0,-0.1361005408131547,1.0,0.7731038234519936
3_1125,146,5,1.2068913518421704,0.01619734048738329,0.9404918665368636
3_1126,3,1,2.6174036690534543,0.029701000000000026,0.07212212619290481
3_1128,14,1,0.9704799143361076,0.13125418723102178,0.5555658040927011
3_1129,1,0,-0.8490642533039151,1.0,0.9093315454851749
3_1132,5,0,1.5728331777553777,1.0,0.28982459967904295
3_1134,141,6,3.452640015356381,0.003111955985775271,0.6017668600383996
3_1137,7,0,-0.9326479986647777,1.0,0.935128082257891
3_1138,63,4,1.0944702714093186,0.0037262424020537014,0.8120243577475403
3_1140,4,0,-1.6830798667206721,1.0,0.9808948447588515
3_1141,4,0,0.551096890659171,1.0,0.5996934275471811
3_1145,1,0,0.5738893800676728,1.0,0.5651406701016825
3_1146,1,0,0.3098973737593919,1.0,0.6486089395182209
3_1147,2,0,0.1548918760000894,1.0,0.702483752888409
3_1149,6,0,1.2769839390479019,1.0,0.3862532035873516
3_115,7,1,2.420518256047741,0.06793465209301006,0.11786261916966834
3_1150,11,2,1.5003472276088607,0.005179717490315069,0.3643588777543191
3_1151,3,0,3.221035857964693,1.0,0.02536309669516057
3_1152,2,0,0.9684903952150706,1.0,0.4457810366289974
3_1153,3,0,0.3492972064418665,1.0,0.6534251816626178
3_1154,3,0,-2.099271727211954,1.0,0.991732991416553
3_1158,2,0,0.6898311424914266,1.0,0.5368195349365579
3_116,60,6,3.7238460983350614,3.152366072959556e-05,0.17334472703215698
3_1163,2,1,3.4676267171299364,0.01990000000000002,0.014339309352072283
3_1164,3,0,0.1390944223349516,1.0,0.7144656839383168
3_1165,4,1,2.2428586278858527,0.039403990000000035,0.1301644438092583
3_1166,3,0,1.2924160982204043,1.0,0.3532153660705144
3_1167,3,0,-1.343209064156981,1.0,0.9623503259740003
3_1173,1,0,1.2267374158195445,1.0,0.3542073140083142
3_1174,1,0,1.3619254610867122,1.0,0.31369896755985216
3_1175,1,0,1.359756032865795,1.0,0.3143332083726489
3_1176,3,1,0.7954377274507061,0.029701000000000026,0.5118674148127271
3_1177,3,0,0.24282399047059042,1.0,0.6849738339822788
3_1180,2,1,1.133386218250427,0.01990000000000002,0.3929296728112004
3_1184,2,0,0.7949831273173471,1.0,0.5024354202538086
3_1186,3,0,0.8393227297552938,1.0,0.4975523004320507
3_1188,1,1,2.826381492525165,0.010000000000000009,0.045301240231729545
3_1189,2,1,1.586291491930621,0.01990000000000002,0.2599554917155168
3_1190,183,11,3.2806865388349897,2.9438417385015287e-06,0.7333966503575653
3_1194,165,16,8.244502335649429,1.669342892495549e-11,0.014747097289841582
3_1196,57,1,0.9682239811362889,0.4360948095476124,0.8132603380120976
3_1200,32,3,1.289418952531531,0.003993447232680418,0.602118888500333
3_1201,65,5,1.9112692448477362,0.0005017868080383298,0.642161906029403
3_1202,1,0,0.3972479852424919,1.0,0.6215610741487887
3_1204,3,1,1.9039185452127718,0.029701000000000026,0.190321527315225
3_1205,3,1,3.0376904193340892,0.029701000000000026,0.035626820886111354
3_1206,2,0,-1.7056373064330452,1.0,0.9802467195356966
3_1208,3,0,2.4538744185128434,1.0,0.09234696685161914
3_1209,1,0,1.579856295159226,1.0,0.2530297357830956
3_1210,4,0,0.6549363049293363,1.0,0.5666935978597156
3_1211,15,3,-0.06214837622243192,0.0004158027018755662,0.8337482077434797
3_1214,1,0,1.010944069312169,1.0,0.4222447487284302
3_1220,2,0,0.43146782856149096,1.0,0.6196324097372641
3_1224,3,0,2.8657978121119076,1.0,0.048127016613792484
3_1226,1,0,-0.795291769671282,1.0,0.90187975568922
3_1227,53,4,4.310205990907236,0.0019819916499195477,0.0692048066870582
3_1228,22,0,0.48221602968848953,1.0,0.7512689376819798
3_1229,18,0,-0.6603450916268786,1.0,0.9314718398857995
3_123,4,0,-1.018991783982052,1.0,0.9371897028878438
3_1230,28,2,1.3261772801041913,0.03182475277917828,0.5616557166191711
3_1233,21,1,0.4347897558140538,0.1902721317787416,0.756821864667451
3_1234,3,0,0.3298807723482743,1.0,0.6592665506362394
3_1236,158,9,2.5938998057712492,3.52059446203629e-05,0.8043931925275765
3_1244,15,1,1.502499157898041,0.1399416453587116,0.3993952857393034
3_1245,3,1,0.884680459088975,0.029701000000000026,0.4827603166364991
3_1246,53,1,3.5968816590509207,0.4129632180625156,0.161684269486565
3_1247,36,3,4.0301842398640755,0.005580758432426863,0.047814915230599
3_1248,6,1,0.5398296805698859,0.058519850599000056,0.6205341682057309
3_1249,1,0,-0.7727367375352683,1.0,0.8986239271173064
3_125,3,0,1.1652770305186222,1.0,0.3925474303365324
3_1250,38,2,3.092213895503237,0.0554547523593632,0.17388947585706327
3_1253,14,5,2.923216559693066,1.8568942838635482e-07,0.08176091950284858
3_1254,1,0,1.8673408517020071,1.0,0.1835556459495744
3_1255,173,14,1.4719558933102892,3.2536644621772723e-09,0.9385757554652749
3_1262,15,1,0.5922709094261814,0.1399416453587116,0.676215789276764
3_1263,126,8,-0.2541395765456556,4.4114870359212156e-05,0.9888544948953301
3_1270,15,3,1.4612265250851337,0.0004158027018755662,0.4119133799829313
3_1271,1,1,2.3963981115980086,0.010000000000000009,0.09046688542161874
3_1272,4,0,-1.9717323048400905,1.0,0.9894931381499793
3_1273,2,1,3.306799032233084,0.01990000000000002,0.01989837666847505
3_1274,2,0,0.27908416925187096,1.0,0.6662594825873918
3_1284,24,1,0.9370373718732861,0.2143218591927812,0.6444712989775526
3_1285,2,0,1.8513786830093746,1.0,0.19459327958175332
3_1288,11,1,-1.9390866949127747,0.10466174574128365,0.9914108373561534
3_129,8,0,-1.4992268379307228,1.0,0.9765563717777935
3_1290,23,1,0.1074736075342208,0.20638571635634465,0.8369739556854316
3_1295,1,0,0.02359858605871533,1.0,0.7315481737079605
3_13,19,0,1.812803061880408,1.0,0.34289873229816914
3_130,1,0,1.9081831087298262,1.0,0.17475116972578353
3_1300,4,1,-0.7345034761952383,0.039403990000000035,0.9031735163453259
3_1301,1,0,-0.39723442317510854,1.0,0.8325532339471706
3_1305,9,1,0.9124500899766838,0.08648275251635919,0.529833222682762
3_1307,5,1,0.684074105227458,0.049009950100000046,0.5664616025982978
3_1308,5,0,0.3432528280346182,1.0,0.6714661485803703
3_1309,4,0,-0.4540580384775137,1.0,0.8580024342635304
3_1311,77,3,1.838496406671649,0.042356184373201836,0.7173085026722531
3_1312,11,0,1.247347569175188,1.0,0.44194529997688525
3_1315,4,0,-0.5364246749959352,1.0,0.8725412910369494
3_1316,2,0,-0.662903192330217,1.0,0.8854901464452174
3_1318,12,0,0.18980530472592394,1.0,0.7621637083712858
3_1320,1,0,0.7157861592314054,1.0,0.5187756293048098
3_1322,4,1,2.252669803917783,0.039403990000000035,0.12847979179001
3_1323,1,0,1.6777735538562975,1.0,0.22793095627104643
3_1325,6,0,0.5484444156207889,1.0,0.6178805588161629
3_1328,9,3,5.788927714736804,8.029476538112821e-05,6.568302957998817e-05
3_1330,2,1,3.0380701760879685,0.01990000000000002,0.03323417895919312
3_1335,1,1,2.5077182919384198,0.010000000000000009,0.07641266487494247
3_1337,12,1,2.558625430966548,0.11361512828387083,0.12304448692622194
3_1339,3,0,-0.27535124605409167,1.0,0.8173712850161701
3_1346,19,1,0.9690657487977484,0.1738313761644134,0.5972538213039629
3_1348,6,0,0.006924970512205844,1.0,0.7696614081290724
3_1349,2,1,3.348827983856984,0.01990000000000002,0.018293005554345765
3_135,5,0,1.1425758391805632,1.0,0.41889424545210896
3_1350,1,0,2.0666568057907515,1.0,0.14317774931816363
3_1351,61,7,5.8337790716467985,2.7191810764154287e-06,0.009339991509369705
3_1353,270,20,3.684440433335231,7.797421547523036e-12,0.7395999992003872
3_1358,4,0,1.8945049661815156,1.0,0.19994067697905638
3_1360,82,6,0.7063274420764009,0.00018287020901843748,0.9135778888926455
3_1364,48,2,1.4070512032478115,0.08341766950993583,0.6740774478483957
3_1365,2,0,1.2234072667227025,1.0,0.36482546782422054
3_1366,1,0,-0.862191766018528,1.0,0.9110852531152681
3_1367,1,0,0.9009231529965306,1.0,0.45799444231733066
3_1368,29,1,0.05914937839781234,0.2528279056684038,0.8685233239269649
3_1370,1,0,-0.22234053414703134,1.0,0.7939422947648058
3_1373,152,8,-0.5393532899612434,0.00016379914896167444,0.9947901505499591
3_1375,1,0,1.0818312456313541,1.0,0.3995271528681138
3_1377,26,0,0.06085179458639921,1.0,0.8573927370781471
3_1378,6,0,1.2032400901044749,1.0,0.40924917817480777
3_1379,123,12,0.9922250507586139,5.155182224987841e-09,0.9380423889844843
3_138,87,3,2.7196447006471978,0.05710508163243512,0.5545880873481346
3_1381,92,2,2.4510754324634356,0.23469231286255732,0.6435981436580396
3_1382,1,0,0.9310922252126508,1.0,0.44814496030356554
3_1383,13,2,2.393848173168786,0.00724894367793522,0.1578037243928485
3_1384,104,16,6.040721305799015,1.1561307474366334e-14,0.045827668917629794
3_1385,26,3,1.073403449046511,0.0021887611748319237,0.6202242624182511
3_1388,1,0,-1.684782616437766,1.0,0.9785844154205996
3_1389,447,41,6.829794372241366,3.8784185873937705e-26,0.08466979296893817
3_139,2,0,-1.3030511892952366,1.0,0.9580405909847598
3_1391,2,0,3.0230532955143556,1.0,0.034157405006468466
3_1392,19,2,1.3517358360726384,0.015273761488896639,0.48048983899177433
3_1393,10,1,1.4046373895946036,0.09561792499119559,0.38413743502151554
3_1394,11,1,1.4420051779954464,0.10466174574128365,0.38188697384906756
3_1395,16,1,1.218701082050852,0.1485422289051245,0.49564968841873813
3_1396,2,0,0.6183806290256216,1.0,0.5600430014486127
3_1398,1,1,2.644126445577961,0.010000000000000009,0.061532595309016225
3_1401,4,0,1.6905524929576758,1.0,0.2496198889172414
3_1402,1,0,0.11461359938236836,1.0,0.7062622390370163
3_1407,84,8,3.131042708078167,2.218328391451477e-06,0.4346972449099564
3_1411,1,1,3.263209465633392,0.010000000000000009,0.020074563468161943
3_1412,65,4,1.160193700472691,0.004169211446364324,0.8071780471313568
3_1413,25,1,0.44624915137751464,0.2221786406008534,0.7765480286903006
3_1414,1,0,1.0387818593665286,1.0,0.4132880756040235
3_1415,3,0,1.8382834076954948,1.0,0.20524298701018595
3_1420,3,0,0.30322253347896205,1.0,0.6672245338157482
3_1421,1,1,2.3826395852666655,0.010000000000000009,0.09232924073639415
3_1422,1,0,-3.295233299976695,1.0,0.9995995740669333
3_1424,38,3,4.481470635175947,0.0064969031304781205,0.025857593499201137
3_1426,22,2,3.8222227027986113,0.020229279452277163,0.03065297934753597
3_1428,25,5,4.641075459181815,4.495958469027142e-06,0.007990090847779907
3_1429,1,0,1.1965782042805573,1.0,0.36349495722455893
3_143,1,0,0.8735618312452803,1.0,0.46694978819887967
3_1431,1,0,1.3409890371010724,1.0,0.3198425458727665
3_1432,4,1,0.48434343182530976,0.039403990000000035,0.6205529444115523
3_1433,1,1,2.5714123848031747,0.010000000000000009,0.0691552422761823
3_1434,8,1,2.7411241950621044,0.07725530557207996,0.07847265116422486
3_1436,93,5,2.656151892926986,0.0025088022507903634,0.5993628837958204
3_1437,37,4,2.6263417662232547,0.0005074083897026835,0.2669690896830963
3_1438,14,2,3.0532794589625847,0.008401244011166185,0.06740058617998679
3_1439,4,0,1.0535089953714494,1.0,0.43772934700285016
3_144,3,0,0.3758416924299033,1.0,0.6453802101476986
3_1441,171,5,4.8233992205904785,0.02951512882666495,0.3927950395943285
3_1442,1,0,1.0860055427816229,1.0,0.3981991419058114
3_1445,226,14,5.360581334014961,9.53753999740458e-08,0.39568149004857567
3_1446,1,0,1.0072384497190316,1.0,0.4234401591381609
3_1447,105,9,2.091407329650997,1.2666134954500388e-06,0.7676635128059136
3_1448,12,0,1.073985403799743,1.0,0.5056252049705046
3_1449,166,11,2.9137334291565327,1.1386880280510593e-06,0.7671745265912637
3_145,56,3,2.518483778058384,0.018700509761571584,0.4251258505075296
3_1450,176,11,5.30715281767533,2.0176479431323365e-06,0.3096081087276894
3_1451,102,11,3.410433115990261,7.725938995133817e-09,0.4574736868882251
3_1452,1,0,0.780918823920553,1.0,0.49736942811961005
3_1453,87,4,1.3875984912627541,0.011538995643969962,0.8368351679507566
3_1459,50,7,1.2241490809496687,6.852838413105518e-07,0.7293409638810141
3_1465,12,1,1.9137488375781893,0.11361512828387083,0.2578605845962574
3_1467,23,1,2.653855149915465,0.20638571635634465,0.16973730557480304
3_1468,11,1,1.9778795127272917,0.10466174574128365,0.2339732406769126
3_1469,4,0,1.028995610324566,1.0,0.4456105621747686
3_1470,24,0,0.44288949241180586,1.0,0.771898901298593
3_1471,1,0,-1.2868952532419513,1.0,0.9551951153448279
3_1473,31,3,2.196763355187526,0.003646012208816228,0.3328246584255028
3_1474,18,2,0.4283803544152172,0.013756463740805566,0.7402536293771892
3_1475,48,3,3.8564987778505517,0.012373563910211128,0.10193975771163821
3_1476,21,0,1.145294988903381,1.0,0.5603479278943525
3_1482,1,0,0.1329621178582095,1.0,0.7010341685307016
3_1483,19,1,0.9674179244394318,0.1738313761644134,0.5977456714458208
3_1486,29,2,4.485004740722805,0.03395931237935017,0.01459249114073402
3_1489,224,20,4.754187324337114,2.4743508001697657e-13,0.5131229647496248
3_1490,1,0,0.9467856019235649,1.0,0.44303366943197375
3_1491,14,0,0.30724657015463946,1.0,0.7455108528842678
3_1493,5,0,-0.8870720273930732,1.0,0.9254097176277646
3_1495,3,0,0.19608758859704842,1.0,0.6984236148920995
3_1497,4,1,3.0628508695260144,0.039403990000000035,0.03643786022591733
3_1498,2,0,2.2204298444083177,1.0,0.12220214572063082
3_1501,333,22,7.245935000323786,6.932501455043578e-12,0.1447414420364277
3_1502,54,3,2.760734486544856,0.01698022515559389,0.34811359114886964
3_1503,8,1,0.9143248617956696,0.07725530557207996,0.5201476050840901
3_1504,34,0,0.1060196384095423,1.0,0.8778008464765651
3_1505,282,18,-0.33062081744912586,9.338014884848775e-10,0.994671523193419
3_1506,6,0,1.0910809011373535,1.0,0.44480520723378825
3_1509,154,4,2.562634598359445,0.06980345149945824,0.8023642082623963
3_1510,48,3,2.9121186161498183,0.012373563910211128,0.27200902051892784
3_1511,1,0,0.8144780880715089,1.0,0.4863390630311154
3_1513,47,2,2.733860880476304,0.08045749844328065,0.3084133525732091
3_1514,4,0,1.8658050845405705,1.0,0.20654921871868193
3_1516,7,2,3.86455054840956,0.0020310416349400033,0.009415636319373477
3_1517,16,0,1.6967488334842689,1.0,0.3506571246232296
3_1521,3,0,-0.607004080911248,1.0,0.8803229499735423
3_1523,2,0,2.3188485622827124,1.0,0.10659512347538791
3_1524,43,1,0.9045662312762499,0.35089737163159784,0.7664867508707519
3_1525,84,1,1.6302276120788763,0.5701109864761065,0.7863143546941445
3_1526,13,0,1.4881943741648027,1.0,0.3859267997512019
3_1527,32,2,2.2196859767423303,0.040682585752739156,0.33427510604258825
3_1532,2,0,0.9473218744453477,1.0,0.4526572492297637
3_1533,53,5,0.41968737923581023,0.0001924875932574295,0.8875406998937531
3_1534,4,0,1.73389013986308,1.0,0.23854498651633926
3_1535,124,8,3.257374622530138,3.93565473571849e-05,0.5872204770101537
3_1536,115,3,3.5900569198860337,0.10895609904981153,0.4732159956549905
3_1538,118,1,3.438808608717267,0.6945409740716955,0.5216394672537095
3_1539,45,1,1.3204911971143674,0.36381451393612907,0.6785522696413195
3_1540,43,2,-1.4270437208385713,0.06896390678471585,0.9915973803627435
3_1541,17,1,2.595577218116086,0.15705680661607327,0.14488077336520977
3_1542,107,2,1.8617626711091009,0.2900989023041135,0.8132475366902137
3_1543,77,2,4.01557692375193,0.18004983570116326,0.20067228800723114
3_1545,1,1,2.4460926110071926,0.010000000000000009,0.08397236128897556
3_1548,28,0,1.665121451230452,1.0,0.46079946230237556
3_1549,52,2,0.5184671820842185,0.0955764302360967,0.8710865785504522
3_1550,50,4,2.0392883094075986,0.0015961730907328743,0.5164269268956789
3_1551,49,4,4.139468550722185,0.0014801343849199936,0.07382758969552339
3_1552,10,2,3.139430514969163,0.004266200242831427,0.04682044489989079
3_1554,107,7,5.441606941000877,0.00010898224106440444,0.10051601979602598
3_1556,191,8,3.9915459389362224,0.0007525972010114338,0.6133299606153382
3_1557,2,0,1.741930800179373,1.0,0.2202801538338759
3_1558,45,3,2.991831615918645,0.010378132789533654,0.23524228397641822
3_1560,178,9,4.160981365717008,8.845937091827221e-05,0.5510193804864465
3_1561,123,9,3.400586464508121,4.721590662853807e-06,0.5504967014300832
3_1564,43,1,1.8884364568203795,0.35089737163159784,0.5101037995779338
3_1565,3,0,-0.2597500717279597,1.0,0.8139735848500451
3_1566,1,0,1.3612130857484197,1.0,0.3139071726825644
3_1568,32,1,0.8319318699122472,0.27501966404214656,0.7246380685711408
3_1570,8,1,4.110317593527479,0.07725530557207996,0.0059659593313440284
3_1572,105,6,1.650047761204251,0.0006918100668199897,0.8412697628956249
3_1573,42,1,1.4569990661041619,0.3443407794258564,0.6240228534105687
3_1575,1,0,0.47969576458265684,1.0,0.5954701911933524
3_1577,2,0,0.42993805172234684,1.0,0.6201106110982489
3_1579,3,0,-1.4609723679807023,1.0,0.9695993718098701
3_1580,67,7,1.7316436358168419,5.144163516221633e-06,0.6958719511677055
3_1581,32,5,2.3565387918143927,1.6076589117266448e-05,0.2983332664803384
3_1583,59,2,-0.020841111660378987,0.11793950109437501,0.9442020003916308
3_1584,1,0,1.2908292290943462,1.0,0.33476133240238737
3_1585,30,2,0.45059383511323,0.036147998312240706,0.8008409178147902
3_1586,2,0,0.4040697198145553,1.0,0.6281685892000862
3_1587,3,0,0.7283632414612946,1.0,0.5337110780844937
3_1589,2,1,2.438595999542634,0.01990000000000002,0.08961301518335951
3_159,1,0,0.1255968456375774,1.0,0.703137843516278
3_1590,14,0,1.8737346038654672,1.0,0.28454452644230066
3_1591,1,0,-0.482922451057618,1.0,0.8496464405777447
3_1595,1,0,0.1907377007187089,1.0,0.6843028369006086
3_161,2,0,-0.14365367699437723,1.0,0.7813127615169875
3_1610,2,1,2.5322102767766292,0.01990000000000002,0.07780527652197933
3_1612,13,0,2.552779939598663,1.0,0.12950178720883343
3_1618,1,0,-0.18035956012553483,1.0,0.7839434352968526
3_1625,6,0,0.5374184562989085,1.0,0.6212758912857692
3_1627,26,3,0.47525222209315343,0.0021887611748319237,0.7753464381465751
3_1628,2,0,-0.733134723289898,1.0,0.8962628952957308
3_1629,4,0,1.6040922706519454,1.0,0.2725054870681852
3_1630,52,4,-0.10952642297274078,0.0018469347399827855,0.9415429790966525
3_1631,11,0,1.2214512038526038,1.0,0.4500692458430301
3_1632,28,1,5.155480997078787,0.24528071279636746,0.003366129575865684
3_1634,1,0,0.4095153558888179,1.0,0.6177107798255375
3_164,2,0,-0.3319032167860742,1.0,0.8241169346260571
3_165,2,0,-0.3104887304783748,1.0,0.8195337923152621
3_1653,168,10,4.228700846654952,8.956313966690208e-06,0.511471940421251
3_1654,32,1,1.5278615597983152,0.27501966404214656,0.5329759418859686
3_1657,5,1,1.3936538205439295,0.049009950100000046,0.34145892983789017
3_1659,3,0,1.488931218437842,1.0,0.2955112521392732
3_1660,5,0,2.862669615901439,1.0,0.05472608694167991
3_1661,5,0,1.8142548949994317,1.0,0.22668086327076786
3_1662,41,5,0.8222204894374202,5.551890743370319e-05,0.7747183002140429
3_1666,5,0,0.49304762163163524,1.0,0.6264250501257984
3_1669,368,30,6.549667999240074,3.9743181419704784e-18,0.2041333906726377
3_167,8,0,1.2905410344370685,1.0,0.40076146302257054
3_1672,160,15,6.658642434541708,1.1475964956702018e-10,0.08688096406831458
3_1675,42,1,2.7389157716709502,0.3443407794258564,0.27379540301723904
3_1676,28,3,2.128944821553328,0.002717121867743372,0.3280012422853631
3_1677,14,0,-1.4338153810925114,1.0,0.9786845107168382
3_1678,46,3,1.732522864739915,0.011020744391618396,0.5747971336835846
3_168,1,0,1.310804683003553,1.0,0.32878715061113206
3_1682,4,0,0.3897031027607229,1.0,0.6495221289371976
3_1684,2,0,-0.6839619112261569,1.0,0.8888007393783199
3_1687,9,0,1.8789390855583619,1.0,0.2426338238466187
3_1688,45,3,1.9071974720876719,0.010378132789533654,0.5189631486966448
3_1693,2,0,1.0100134776851002,1.0,0.43234215768736795
3_1694,2,0,0.7112195663353175,1.0,0.5298395283130874
3_1695,56,3,-0.38813281801805416,0.018700509761571584,0.9646784550960172
3_1696,38,4,1.0387705721260112,0.0005626183754617408,0.7084710463181262
3_1699,1,0,1.274744303888136,1.0,0.3396026266599641
3_1701,5,0,-0.9920375548004566,1.0,0.9366960957923622
3_1705,2,0,0.3495707361577232,1.0,0.6449586677114391
3_1706,11,0,1.5310404765633403,1.0,0.35524750908107805
3_1708,17,2,2.3643621955404437,0.012308985529944274,0.18968811358249038
3_1709,1,0,1.8603150888807816,1.0,0.18509761470091046
3_171,2,0,1.7078260106880274,1.0,0.22866496531051683
3_1711,1,1,2.897578912452727,0.010000000000000009,0.03998149521948258
3_1712,5,0,-2.2677309137909396,1.0,0.9948099289441216
3_1713,1,0,-0.13699156804631418,1.0,0.773325030281066
3_1715,1,0,2.1029229192537593,1.0,0.1365312693506494
3_1719,3,0,0.9293968312211647,1.0,0.46820059240934886
3_172,1,0,1.3636175044371168,1.0,0.3132046738730352
3_173,1,0,0.8712230072146904,1.0,0.467716125726665
3_1730,25,0,1.0688057010207836,1.0,0.6141423647801648
3_1731,5,0,0.3219544212607143,1.0,0.6776903445042758
3_1732,76,2,2.219236335544508,0.17647337722511247,0.623305327079945
3_1734,1,0,0.30378313005599783,1.0,0.6504761361021328
3_1736,2,0,0.143987110473833,1.0,0.7055770658759971
3_1739,1,0,-0.26262867010085306,1.0,0.8032749978071789
3_1740,35,2,2.5241465094702056,0.04785867545512833,0.27786809443069715
3_1741,3,0,1.059682715429493,1.0,0.426090804783234
3_1744,3,1,-0.708672531025277,0.029701000000000026,0.8961188551576096
3_1747,3,0,-0.07766381515026442,1.0,0.7714810185058242
3_175,6,0,2.8423908355100576,1.0,0.060007091584933336
3_1751,1,0,-0.25431307422955574,1.0,0.8013699575437605
3_1759,6,0,0.6221891757891538,1.0,0.5949500529280463
3_176,1,0,-0.8175974221474126,1.0,0.9050235861193021
3_1763,98,5,0.2085727117430738,0.0031469925944083393,0.9658146928851647
3_1766,6,0,1.7206615490500299,1.0,0.2585549071198119
3_1767,2,0,2.9516351620429044,1.0,0.038840972990189404
3_1769,20,4,1.8750284056729745,4.262092764244029e-05,0.3336951640543877
3_177,51,2,3.9142495594198126,0.09249089929369518,0.1059568440622376
3_1770,50,2,1.7302353339599157,0.0894353130960309,0.6014721099576891
3_1772,40,2,1.0949464819217196,0.060736621806206224,0.7061057898121138
3_1773,1,0,0.1147422807951807,1.0,0.7062257213839549
3_1774,2,0,1.0650048624297523,1.0,0.41466657590863365
3_1775,1,0,-0.6275986703034526,1.0,0.875779356000339
3_1777,2,1,1.9940649956226197,0.01990000000000002,0.1639815039169823
3_1782,7,0,-0.847582107649919,1.0,0.925994858317986
3_1783,1,0,-1.3316817157924739,1.0,0.9585735609280537
3_1789,59,8,5.739366188910668,1.4082104422778155e-07,0.009834775587124978
3_1790,1,0,0.8391342113537646,1.0,0.478241190401682
3_1792,1,0,1.2764899421133737,1.0,0.3390759187416026
3_1793,103,6,3.3879053589686654,0.0006251152695490379,0.46768644067918774
3_1794,16,0,0.47575347313467387,1.0,0.7150602327371545
3_1798,3,0,1.174034456837079,1.0,0.38979741852961713
3_1799,1,0,-0.057761657553917045,1.0,0.7531859531788768
3_1806,34,0,1.6835305664810076,1.0,0.5026200212512264
3_1807,11,1,0.6114730580985045,0.10466174574128365,0.6400609125096844
3_1808,7,0,-0.9525689349471193,1.0,0.9371348756803787
3_1809,2,0,1.7539599756675466,1.0,0.21736531938165338
3_181,20,2,2.641436323175249,0.016859337635651808,0.15413761176736873
3_1810,14,1,2.020336126245736,0.13125418723102178,0.24683354361664356
3_1811,1,1,2.3963981115980086,0.010000000000000009,0.09046688542161874
3_1818,24,1,2.5151206498351195,0.2143218591927812,0.20436895063942306
3_1819,35,3,1.795992734439421,0.0051537087655308894,0.47743152640150377
3_1826,3,0,0.3709852355001245,1.0,0.6468570639605785
3_1827,1,0,-0.7714163280167556,1.0,0.8984309155091552
3_1828,4,0,0.5828522536972633,1.0,0.5896655132902546
3_1829,1,0,0.3339849439114072,1.0,0.6412183901099121
3_1831,5,1,-2.0770755023455707,0.049009950100000046,0.991983772356456
3_1832,10,0,1.6700388835454256,1.0,0.30641425263135647
3_1834,1,0,0.8790703369459404,1.0,0.4651453639277635
3_1835,1,0,-0.029704779644780934,1.0,0.7458312220471501
3_1837,1,0,1.6488158343396067,1.0,0.235204280453837
3_1847,3,0,1.1528445071085556,1.0,0.396460699280188
3_185,3,0,1.2108936904385768,1.0,0.3782847278041819
3_1855,5,0,-1.724836970833862,1.0,0.9830944656465704
3_1868,1,1,2.4821458233464084,0.010000000000000009,0.07948430667807105
3_1873,1,0,-0.4588061193479507,1.0,0.8449576429020484
3_1877,67,3,1.4259382389657795,0.02982509551850321,0.7631058516829712
3_1879,3,0,-0.894157665339152,1.0,0.9209401093889589
3_188,1,0,0.009207226401287837,1.0,0.7354438610490671
3_1880,122,12,4.043559230813118,4.695297158953166e-09,0.39723691882786494
3_1882,507,34,6.992959125265917,1.0173681046267968e-17,0.02310027966602035
3_1887,9,0,-1.121221696540242,1.0,0.9555066379039103
3_1890,14,1,1.3793767217272404,0.13125418723102178,0.42807324702063165
3_1891,2,0,-0.03243821143895056,1.0,0.7534344618491431
3_1892,1,0,1.531552668700219,1.0,0.26592656548020166
3_1893,1,0,1.5730578655773813,1.0,0.2548247733672886
3_1894,2,0,-0.7590706960243151,1.0,0.9000492203272938
3_1896,9,0,2.3262422681036727,1.0,0.14560444293816932
3_1898,113,1,3.3655654509133788,0.6787989254352086,0.5180597182484308
3_1909,21,0,1.9590372402086595,1.0,0.3186435845189851
3_1916,1,0,1.2430246014020379,1.0,0.3492270325072858
3_1922,2,0,0.05405225772229567,1.0,0.7305036900993589
3_1930,22,0,-0.07019833729090029,1.0,0.8643781651249726
3_1935,11,1,2.0198380930314475,0.10466174574128365,0.22388899449949695
3_1936,4,0,0.6708258178268883,1.0,0.5615965633251054
3_1939,2,0,-0.7332332596373953,1.0,0.8962774746080922
3_1940,46,2,2.3939745634377094,0.07753104520738682,0.3900789527488968
3_1941,9,0,0.9835704152284299,1.0,0.5071766153754671
3_195,1,1,2.4212861155959047,0.010000000000000009,0.0871691422510974
3_1950,1,0,-0.09787216872626459,1.0,0.7634993135278315
3_1952,39,1,2.0697562217678005,0.3242709509397169,0.42901188218681263
3_1953,3,0,1.4762342425376902,1.0,0.2991065554658835
3_1955,2,0,-0.0003051569699723361,1.0,0.7450390214396875
3_1961,9,0,0.9781384121359941,1.0,0.5089088185846622
3_1964,1,0,0.3029925488780135,1.0,0.6507173030673408
3_1965,3,0,0.9732204815925475,1.0,0.4539725696881193
3_197,1,0,-0.7727367375352683,1.0,0.8986239271173064
3_1975,1,0,0.38941334732861965,1.0,0.6240138169996537
3_1976,7,0,0.7260128036098614,1.0,0.5710792405387728
3_1978,3,0,0.2565154517058935,1.0,0.6809857106302146
3_1981,1,0,0.64690062701539,1.0,0.5413551779764798
3_1983,4,0,0.4769225036593074,1.0,0.6228515722482887
3_1987,17,1,0.7421943295732029,0.15705680661607327,0.6483944815803664
3_1988,1,0,-0.2533706574337701,1.0,0.801153357276344
3_1989,2,0,0.8011684246917021,1.0,0.5004097944025006
3_1991,15,2,2.1606451049821174,0.009629773443364747,0.22071859899451518
3_1992,24,0,1.5025518797545316,1.0,0.47673301621686137
3_20,1,0,2.289244024264357,1.0,0.10572624145241794
3_2003,2,0,0.10686231015379524,1.0,0.715995138592072
3_2004,6,0,2.0548621106425435,1.0,0.1793081688602539
3_2005,1,0,-0.48407570868065936,1.0,0.849868269300305
3_2014,1,0,-0.8300715699466815,1.0,0.9067490553696511
3_2015,4,1,0.6542154076663512,0.039403990000000035,0.5669245908851386
3_2016,5,0,1.5551115974404344,1.0,0.29476566976609153
3_2025,2,0,1.225312868548602,1.0,0.36423773214124044
3_2029,18,3,5.009761242054035,0.000729159843053951,0.001853721934603425
3_2031,1,0,-0.691970906088855,1.0,0.8863208557963698
3_2034,10,0,2.7876654481676435,1.0,0.08131277955948923
3_2038,5,0,1.7727378098136992,1.0,0.2369557743458417
3_2039,4,0,2.3178038392918734,1.0,0.11767948034328612
3_2041,2,0,1.5790714538292945,1.0,0.2618814777016045
3_205,3,0,0.6844218365730027,1.0,0.547970392258764
3_2065,1,0,-1.0137119923991835,1.0,0.929534601734295
3_2068,1,0,-1.5022509151882288,1.0,0.9695988956271612
3_207,14,2,3.4313575526837843,0.008401244011166185,0.03654591857738576
3_2073,10,0,-0.7715044606802782,1.0,0.9248953832862684
3_2076,7,1,0.6279214912126594,0.06793465209301006,0.6018472671395334
3_208,6,1,0.5517162170911383,0.058519850599000056,0.6168712807738475
3_209,265,7,6.8038813927730155,0.01824741667184603,0.19346415825835228
3_2090,3,0,0.012248974813833987,1.0,0.7486369614043273
3_2092,5,0,1.1921310235287705,1.0,0.4032516595315655
3_21,46,1,1.115845065975275,0.37017636879676774,0.7339012647099903
3_2114,1,0,-0.6854999058924803,1.0,0.8852909474958376
3_2116,9,1,3.125265392119284,0.08648275251635919,0.045105024687692064
3_2117,15,0,0.022174652321856888,1.0,0.8167686239135084
3_2119,4,1,-1.364858836246473,0.039403990000000035,0.9651116605534489
3_2120,6,0,-0.19314418753618925,1.0,0.8158031222657847
3_2121,2,0,1.0516689961094356,1.0,0.4189386350274691
3_2123,1,0,0.922548239953582,1.0,0.4509313927394698
3_2125,1,0,0.8453730260071837,1.0,0.47619345186409934
3_213,6,0,0.7481713961901925,1.0,0.5550543586513175
3_2132,4,1,2.258730502263966,0.039403990000000035,0.12744671888138837
3_2133,4,1,1.9142961716238094,0.039403990000000035,0.19545844860314965
3_2139,7,0,-0.04127189322027483,1.0,0.7873157526209378
3_214,2,0,-1.365478696646305,1.0,0.962432075995758
3_2140,1,0,-0.7296937537850745,1.0,0.8921936148329712
3_2146,2,0,0.8625843999256131,1.0,0.4803045068700167
3_2149,1,1,2.82220253189044,0.010000000000000009,0.04563038327349178
3_215,2,0,-1.2193232888698124,1.0,0.9515080394333179
3_2151,12,0,0.4288978624102268,1.0,0.6999350563448499
3_2152,1,0,-0.995219910771341,1.0,0.9274548692035731
3_2154,2,0,-0.22354114282536003,1.0,0.8001659929497051
3_2157,1,0,-0.30362644757622076,1.0,0.8125044571838718
3_2164,1,0,0.5871573404587939,1.0,0.56083316980187
3_2165,1,0,1.092888267908695,1.0,0.39601205132890704
3_2168,4,0,-0.19366034798526244,1.0,0.8049011067080489
3_2169,3,0,-1.8477015658024376,1.0,0.9857808680486191
3_2171,1,0,0.41015321250564485,1.0,0.6175102567733076
3_2172,5,1,3.5465948886074243,0.049009950100000046,0.015553629364789545
3_2183,2,0,0.35307988685523056,1.0,0.6438855995261983
3_2185,1,0,-0.4041446947599149,1.0,0.8339764190060823
3_2187,37,1,2.0030580276113765,0.31055091413092223,0.43290250409068964
3_2189,3,0,0.8355920143542777,1.0,0.49876938179330643
3_2194,64,4,-0.21082616868205184,0.003943523776313496,0.9621001112584415
3_2199,1,0,0.24635396344689708,1.0,0.6678313593751426
3_2203,5,1,0.20765225067891382,0.049009950100000046,0.7102145200647382
3_2214,3,0,0.8187688598281635,1.0,0.5042576226036835
3_2217,2,0,0.5837686664669239,1.0,0.5712240268144643
3_2218,4,0,-0.047769506347282144,1.0,0.7704746748081026
3_2219,1,0,0.47594460957137513,1.0,0.5966674963215958
3_2221,1,0,1.8178048833822626,1.0,0.19459816912562744
3_2223,2,0,2.5511077228947854,1.0,0.07557189222373728
3_2225,1,0,-2.9647083574499735,1.0,0.9989654128516777
3_2226,1,0,0.3371392638255235,1.0,0.6402465834760163
3_2227,12,2,0.3063633907213435,0.006174537772824754,0.7327362992614797
3_2232,3,1,1.4788123562143856,0.029701000000000026,0.29837492608574745
3_2233,1,0,-0.8588874754139003,1.0,0.9106462286675749
3_2234,6,0,0.537204126683315,1.0,0.621341800219011
3_2235,1,0,0.4007108793262402,1.0,0.6204753973936412
3_2236,5,0,-0.6703254085143712,1.0,0.8973386263088177
3_2239,3,0,1.5515100665893231,1.0,0.27808866158462187
3_2240,1,0,-0.8300715699466815,1.0,0.9067490553696511
3_2241,52,4,1.244773467811626,0.0018469347399827855,0.7346442823589805
3_2242,6,0,2.74159254385718,1.0,0.07034591084022912
3_2246,1,0,-1.189605914818261,1.0,0.9470916266631896
3_2248,2,0,0.9914584779246572,1.0,0.4383387375037746
3_2249,2,1,2.789420179648489,0.01990000000000002,0.05143097127840557
3_2250,5,0,1.8643084210187015,1.0,0.2146345159673
3_2256,1,0,1.4669843966698486,1.0,0.2836711591256347
3_2258,7,0,0.49608173982036413,1.0,0.6421917799460661
3_2259,2,0,0.45700330308983794,1.0,0.6116236584377013
3_2260,15,2,3.7699780197694843,0.009629773443364747,0.021243349473638595
3_2261,2,0,-0.058965869165485664,1.0,0.7602521721202485
3_2264,7,0,0.16724389213749188,1.0,0.7353877674448429
3_2265,6,0,0.9315244435777381,1.0,0.4960914806781942
3_2266,8,2,3.1009973743502353,0.0026900777395207046,0.04417127782984265
3_2267,3,0,0.5497396894753908,1.0,0.5912151562222336
3_2276,3,1,2.5319915245404343,0.029701000000000026,0.08221575773687728
3_2277,28,3,1.7698191983915195,0.002717121867743372,0.4298517295553601
3_228,1,0,0.8946116536944743,1.0,0.46005846869218026
3_2286,11,0,-0.5835695516778162,1.0,0.9044046722554404
3_2287,7,0,0.25895025538454064,1.0,0.710663540521453
3_2288,2,0,0.5343610574422717,1.0,0.5870839524407867
3_229,3,0,0.37440083327558976,1.0,0.6458186062239124
3_2290,3,0,-0.7638311460145741,1.0,0.9040277917726369
3_2291,6,0,-0.9466088244651426,1.0,0.9343065059676531
3_2292,1,0,-2.7130402906931668,1.0,0.9979652520676414
3_2294,1,0,-1.3209633045730191,1.0,0.9577844250501383
3_2295,4,2,0.10048569003451398,0.000592030000000001,0.7322516548942821
3_23,1,0,1.0529436913775023,1.0,0.40874852671489115
3_230,1,0,1.3637775755251997,1.0,0.31315792993798797
3_2306,1,1,2.535197265323861,0.010000000000000009,0.07321358928100763
3_231,25,4,3.146684001268172,0.00010692653379901661,0.10025794124629983
3_2319,1,0,1.1346836267151668,1.0,0.3828034869388608
3_232,2,0,2.298469397494935,1.0,0.10970254582060068
3_2320,8,0,1.4012865006457644,1.0,0.36683559787215714
3_2321,1,0,1.2599367170260614,1.0,0.34408300512489
3_2322,69,3,1.8027351432925403,0.03214905076757443,0.68893349381504
3_2325,2,0,0.3703029092238317,1.0,0.638602552892337
3_2329,1,0,0.05956928742231736,1.0,0.721686569378632
3_233,1,0,-0.0784067303120972,1.0,0.7585241408012128
3_2335,1,0,-0.02173292452156064,1.0,0.7437207345457956
3_2336,1,0,0.25234656336959366,1.0,0.6660363262108556
3_2337,1,0,-1.1328805950515364,1.0,0.9418550776788829
3_2338,9,1,-0.7352577801984757,0.08648275251635919,0.9180675278421238
3_2339,2,0,1.8894113204704113,1.0,0.18611216943145603
3_2345,1,1,2.4030129856506584,0.010000000000000009,0.08958148735731175
3_2346,12,2,-1.3423797129307864,0.006174537772824754,0.9728777470484725
3_2347,8,0,2.7051711739413213,1.0,0.08278657984723503
3_2348,164,11,3.778428292639884,1.010592910355053e-06,0.5974327252293536
3_2349,43,4,1.8409524710158685,0.0009040580113535501,0.523607277126777
3_2350,5,0,1.6209933112516868,1.0,0.27659679223332667
3_2355,1,0,1.0538372411612318,1.0,0.40846250434723086
3_2357,2,0,0.8705699566787495,1.0,0.4776929230286201
3_2358,6,1,2.300311562996046,0.058519850599000056,0.13211514434654315
3_2360,1,1,2.4921174364591585,0.010000000000000009,0.07827563277118543
3_2362,37,2,1.0124263463214673,0.05287802345257978,0.7091911827853388
3_2363,12,0,1.026316223196097,1.0,0.5206543421473153
3_2367,68,1,1.7183761928881518,0.49511411121293036,0.703727947695548
3_2369,42,4,4.007104469148381,0.0008264843165214276,0.06565104893649765
3_2370,25,2,2.7684262090674037,0.025759105399048503,0.16005287571504534
3_2371,1,0,1.4850557370028834,1.0,0.2786481008381212
3_2377,13,0,1.5894390751811678,1.0,0.3557944715581314
3_238,6,0,-0.043989632992320886,1.0,0.7819795642462177
3_2381,1,0,0.8195320217299727,1.0,0.48467861824748026
3_2382,5,0,-1.7555726061702521,1.0,0.9841137500018134
3_2386,14,1,1.6948191401335337,0.13125418723102178,0.3339870361308177
3_239,52,1,0.16398109765903676,0.40703355359850063,0.9158723901500594
3_2396,1,0,-0.0370475905410551,1.0,0.7477670800484288
3_2398,4,0,-0.7423793123795711,1.0,0.9042686415486048
3_2399,2,0,0.12828671345138398,1.0,0.71000446866309
3_2400,10,0,1.3023920578625052,1.0,0.41559025467294664
3_2401,18,1,2.269286948209565,0.16548623854991254,0.21745862362167967
3_2402,1,0,0.4152588796000496,1.0,0.6159040562684821
3_2403,1,0,1.5738190354830455,1.0,0.2546234654216547
3_2406,2,0,-2.355686353529863,1.0,0.9952359209353182
3_2407,5,0,2.333139850418436,1.0,0.12081507843862493
3_241,1,0,-1.6526522384537832,1.0,0.9771890310815854
3_2412,7,1,-1.5934176888819234,0.06793465209301006,0.9796875710921171
3_2413,1,0,1.4595384713941701,1.0,0.2857533497585778
3_2415,13,0,0.7815325264648726,1.0,0.6052019631936418
3_2420,3,0,0.7049187301282235,1.0,0.5413255620713524
3_2421,5,1,1.8423458380099942,0.049009950100000046,0.2198738176327557
3_2422,7,1,0.7413190928287448,0.06793465209301006,0.5662338678468122
3_2423,6,0,0.9413547293570567,1.0,0.49292112029728763
3_2425,5,0,0.5001872369741096,1.0,0.6242285496932415
3_2428,50,2,3.0440354238539102,0.0894353130960309,0.25432329149572797
3_2429,1,0,-1.6761643756002398,1.0,0.9782174082524363
3_2430,1,0,-0.14274724835299754,1.0,0.7747510022212825
3_2432,1,0,1.8178048833822626,1.0,0.19459816912562744
3_2435,7,0,0.14893485951642887,1.0,0.7401920420964643
3_2438,2,0,0.25657287559423714,1.0,0.6729548987437953
3_2440,6,0,-1.0053135536531304,1.0,0.9401598788147595
3_2441,4,1,2.504356161087603,0.039403990000000035,0.09034409834681689
3_2442,1,1,2.817125324562217,0.010000000000000009,0.04603285782689559
3_2443,9,0,0.2216794904236802,1.0,0.734709821106869
3_2447,25,3,0.9335080322711478,0.001950676889738825,0.6526090490879677
3_2455,3,0,-0.5799260184748097,1.0,0.8758440994229093
3_2457,1,0,-0.12444379427500492,1.0,0.7701987225067934
3_2459,14,0,-0.2843471738644455,1.0,0.8696799675164043
3_246,1,0,1.8948840554146618,1.0,0.17758818217742078
3_2462,13,2,1.487126443346124,0.00724894367793522,0.3862487042923398
3_2463,10,0,0.5815242779359084,1.0,0.6409599297628026
3_2464,1,0,-0.7370846059982789,1.0,0.8933181622453408
3_2465,120,14,5.157926355158189,2.4831783635531455e-11,0.1738646753459323
3_2466,1,0,-0.5716584332816717,1.0,0.8660786242631113
3_2467,22,2,1.940438557481804,0.020229279452277163,0.33188177742503133
3_2468,1,1,2.6786683443506223,0.010000000000000009,0.058149414125969745
3_2469,1,0,1.0684848515602896,1.0,0.4037809092983843
3_247,12,0,0.6898483719063923,1.0,0.6247055993376258
3_2470,2,0,0.795242528347937,1.0,0.5023504697892909
3_2472,1,0,1.31541639037718,1.0,0.32741402290897625
3_2473,1,0,0.11876164048241702,1.0,0.7050840377306977
3_2474,4,0,0.708535157561446,1.0,0.5494607248246686
3_2475,3,0,-1.7883604900238783,1.0,0.9839298208530257
3_2477,139,4,2.9154263866198034,0.05170102248227383,0.7077774840283757
3_2482,5,0,0.4903133320170121,1.0,0.6272651714868476
3_2483,1,0,-0.9392745534115773,1.0,0.9208763542986105
3_2486,28,3,1.3107600359028093,0.002717121867743372,0.5661981776080903
3_2487,6,0,-0.7114642792195757,1.0,0.9063390094609577
3_2491,2,0,-0.3704373805620749,1.0,0.8321765131483376
3_2492,3,0,0.012461277690633368,1.0,0.7485816294655518
3_2495,2,0,0.45769160580856927,1.0,0.6114071090578712
3_2498,1,1,2.4338110528962438,0.010000000000000009,0.08554389138102625
3_250,3,0,1.0763062782695814,1.0,0.4207678407383926
3_2503,5,0,0.26333332775133195,1.0,0.6945620979111365
3_2511,44,3,3.4041193178284486,0.009757879166870534,0.15033403065858997
3_252,5,0,0.8519425947346212,1.0,0.5124208611907657
3_2524,11,0,0.9593484729020944,1.0,0.532887743169913
3_2526,19,0,1.085755261761228,1.0,0.5620771950201197
3_253,4,0,-0.8572443309659835,1.0,0.9192189709724408
3_2532,7,0,1.633393409842715,1.0,0.2905635108347544
3_2533,1,0,-0.9165373249595813,1.0,0.9180771795466407
3_2534,67,6,1.7581652191134542,5.920200268514713e-05,0.6896599436115484
3_2535,126,5,2.8270843049593033,0.009012365885149644,0.6879088156222335
3_2538,1,0,1.0634877887350012,1.0,0.40537653280941766
3_2543,13,2,2.068968068434586,0.00724894367793522,0.2273661511861036
3_2544,1,0,2.1841530169322287,1.0,0.12241930118901934
3_2546,9,1,0.2543661604388806,0.08648275251635919,0.7260758137969818
3_2551,1,0,1.579856295159226,1.0,0.2530297357830956
3_2553,2,0,1.7057213779711684,1.0,0.22918820421711206
3_2557,9,2,2.3390088290124535,0.0034357300178462975,0.14328411504594651
3_2558,12,2,1.3850269303630482,0.006174537772824754,0.4083233210819661
3_2560,4,0,-0.4811818101331126,1.0,0.8629092560889668
3_257,1,0,0.2165698298504704,1.0,0.6766952482509596
3_2570,1,0,1.660627113727186,1.0,0.23222226421068815
3_2572,1,0,0.08335118765013629,1.0,0.7150710597623126
3_2577,1,0,1.005642192469419,1.0,0.4239553199658116
3_2580,1,1,2.4541228908944994,0.010000000000000009,0.08295660285645923
3_2582,13,1,3.237543335744898,0.12247897700103212,0.04762991080839918
3_2583,1,0,0.10956637364201975,1.0,0.707692898058631
3_2584,5,0,0.8191057804021025,1.0,0.5230413063793393
3_2587,4,1,0.3299040047345928,0.039403990000000035,0.667400002445077
3_259,1,1,2.6683645376004774,0.010000000000000009,0.05914295574939632
3_2601,8,0,0.5608649815325178,1.0,0.6308719365235225
3_2603,1,0,1.6025236049066445,1.0,0.2470931300931608
3_2607,1,0,-0.8495444631402079,1.0,0.9093961459376494
3_2608,1,0,-0.0056652608679428115,1.0,0.7394393461209707
3_2609,4,0,1.0960351418611884,1.0,0.42411710128334745
3_2625,5,0,0.186573440383916,1.0,0.7160401614946705
3_2627,12,1,0.21418058820959657,0.11361512828387083,0.7561603849017258
3_2629,30,3,3.198647431822936,0.0033177093188826454,0.11547112299892326
3_263,1,0,0.11986675527521398,1.0,0.7047697761243241
3_2633,3,0,1.6770982055434844,1.0,0.2447108148660535
3_2634,4,1,0.09146351869220838,0.039403990000000035,0.7346661027970616
3_2637,23,1,1.4568446805274184,0.20638571635634465,0.4822482058716927
3_2638,1,0,0.03187160883554909,1.0,0.7292957138572742
3_2640,2,0,2.570764319827238,1.0,0.07330096788751006
3_2645,2,1,2.4400019115409926,0.01990000000000002,0.08942634146563333
3_2647,9,0,2.188240644080234,1.0,0.1722933605875545
3_2648,2,0,0.6471249329995847,1.0,0.5507205235179078
3_2649,7,0,1.3858382745568731,1.0,0.36229064381017273
3_2651,1,0,0.6177332959632689,1.0,0.5508799154278549
3_2652,4,0,3.0138364460018368,1.0,0.03974272944901669
3_2656,4,0,-0.42141111090259004,1.0,0.8519405363537843
3_2658,10,1,2.7260678631104724,0.09561792499119559,0.08895319744615748
3_2659,7,0,1.5861044712294312,1.0,0.30374844960915226
3_2661,3,1,1.0289075226525966,0.029701000000000026,0.43598012171751377
3_2663,48,2,0.35036418387535945,0.08341766950993583,0.8837554439102531
3_2664,64,3,2.1858142169066355,0.02651229078139653,0.5656312457220725
3_2665,1,1,2.471257797305868,0.010000000000000009,0.08082013356436357
3_2666,6,0,1.3624113018598656,1.0,0.36010986167273784
3_2669,2,0,2.764848164117762,1.0,0.05359386527693233
3_267,38,2,0.7946651323545338,0.0554547523593632,0.7660165560684258
3_2672,19,0,1.107440470992132,1.0,0.5554768383573812
3_2673,19,1,0.5498481916442318,0.1738313761644134,0.7155273220833678
3_2674,1,0,1.4801910359249688,1.0,0.2799960103055019
3_268,2,0,0.786573314749475,1.0,0.505189442836566
3_2680,1,0,0.04953056467049397,1.0,0.7244564329362222
3_2683,1,0,1.1475736324724157,1.0,0.3787564286631707
3_2684,1,0,0.1329621178582095,1.0,0.7010341685307016
3_2685,5,0,1.6938504531322414,1.0,0.2571656127338774
3_2686,2,0,1.2865934346328443,1.0,0.3455142815160568
3_2688,1,0,0.40937773027342483,1.0,0.6177540410667659
3_2689,1,0,-2.3294053862529176,1.0,0.9947146057273955
3_2690,2,0,-1.305338204734839,1.0,0.9582085013248435
3_2691,2,0,-1.3530170735260258,1.0,0.9615867941446276
3_2695,232,12,3.9304380332675963,5.008614697722513e-06,0.6801491444435325
3_2697,7,2,3.6443474101689945,0.0020310416349400033,0.01494712181763691
3_2698,40,2,3.112354504422666,0.060736621806206224,0.1812414931630244
3_2699,4,0,0.015851806286311564,1.0,0.7544570966264016
3_270,1,0,0.9948882874774784,1.0,0.42742927733951086
3_2702,123,5,0.9074749291084562,0.008169728471086333,0.9438818083772502
3_2704,1,0,0.5952915549003744,1.0,0.5581887620831212
3_2708,286,11,5.575330561147453,0.00017597757090704835,0.39997436170530865
3_2710,4,0,0.9788037734300076,1.0,0.46181143351845644
3_2716,5,0,-0.2001536014576341,1.0,0.811912302400543
3_2721,8,1,0.9692262018529606,0.07725530557207996,0.502580175238095
3_2722,8,0,2.0284918277193777,1.0,0.19945848495902907
3_2725,1,0,-0.6085128288816658,1.0,0.8725264424630654
3_2726,6,0,0.805549262466931,1.0,0.5366717704125635
3_2727,3,0,2.4511793512077116,1.0,0.09271229082282928
3_2728,4,0,1.2439629793392892,1.0,0.37756620853382405
3_2729,1,0,1.0439422265402774,1.0,0.41163255259856846
3_2730,4,1,2.4991709471251635,0.039403990000000035,0.0910339390052135
3_2732,1,0,0.7870564185508795,1.0,0.4953517052405203
3_2733,2,1,3.125858636402217,0.01990000000000002,0.02823972225033
3_2734,3,0,1.2985220463965885,1.0,0.35136154010166964
3_2735,2,0,2.387630126614006,1.0,0.09657723233657078
3_2736,2,0,0.30157375647715373,1.0,0.6595172342578606
3_2746,18,0,2.5890931569794273,1.0,0.15189326773927125
3_2752,7,0,-0.7230586021400432,1.0,0.9108965048027698
3_2754,17,1,3.2322101057403865,0.15705680661607327,0.06019292819418709
3_2755,3,0,1.9629801721514553,1.0,0.17748038161129642
3_2756,3,0,0.7396521054167942,1.0,0.5300400160868952
3_2758,3,0,0.9933242131603021,1.0,0.44746418353725226
3_2768,6,1,2.7163056449985286,0.058519850599000056,0.07314305824419887
3_2771,30,0,1.347177132474569,1.0,0.5707246413626857
3_2783,9,0,0.6928525018440511,1.0,0.5988681235611835
3_2785,8,0,0.940668707632732,1.0,0.5117208345651566
3_2787,37,3,0.5274854869442348,0.006028406965608407,0.8168667925936304
3_2789,257,15,3.826905046254021,7.353593700474799e-08,0.7133674678070879
3_2793,9,0,0.9106079341751946,1.0,0.5304191086674201
3_2796,21,0,1.4026940075471988,1.0,0.4819250953204762
3_2798,174,10,2.747463782421501,1.2168129379475598e-05,0.8057996962531486
3_2799,2,0,1.4201188007066152,1.0,0.3060525087449226
3_2800,1,0,-0.09791347487507032,1.0,0.763509810644591
3_2801,13,1,2.9981019236293944,0.12247897700103212,0.06948690656393275
3_2805,6,0,0.699477083819649,1.0,0.5705641579397299
3_2806,1,0,0.1329621178582095,1.0,0.7010341685307016
3_2807,1,0,1.127791320022412,1.0,0.3849727489069755
3_2809,1,0,0.23132346313863347,1.0,0.6723166364331344
3_2815,39,1,-0.8543224368661422,0.3242709509397169,0.9733933906848442
3_2818,3,0,-1.4609734398540157,1.0,0.9695994321099114
3_2825,2,0,0.10462405135177887,1.0,0.7166175663044387
3_2828,8,0,0.41268543971936333,1.0,0.6747517749130199
3_2829,2,0,0.5614408713004382,1.0,0.5784071508018113
3_2830,2,0,1.3749939296072335,1.0,0.31916756408734237
3_2833,3,0,1.1451778354350284,1.0,0.3988791028470189
3_2835,1,0,0.21939392745317374,1.0,0.6758589750056803
3_2837,1,0,0.3483039868713554,1.0,0.6367996190307659
3_2843,1,0,-0.5398356197513462,1.0,0.8603336199038226
3_2844,1,1,2.978131636569783,0.010000000000000009,0.03458688760979345
3_2847,23,1,0.930519964264921,0.20638571635634465,0.6390493269842055
3_285,2,0,-0.08936355852086819,1.0,0.7679363218420735
3_2851,2,0,1.1134418511894955,1.0,0.39923837471010803
3_2854,14,0,2.791774069022887,1.0,0.09850263530185477
3_2855,18,1,3.497258204351748,0.16548623854991254,0.04169897163616787
3_2856,2,0,0.705230307724877,1.0,0.5317951108732253
3_2859,1,0,-1.238436105330987,1.0,0.9512933450769883
3_286,2,0,1.668399583868338,1.0,0.23857762649098768
3_2864,1,0,-0.1297271771498377,1.0,0.7715180236225515
3_2865,3,0,1.78193520439795,1.0,0.21859124332668856
3_2866,3,0,0.8036248486103513,1.0,0.5091974146217091
3_2867,4,1,1.6449069956692504,0.039403990000000035,0.26157348066775477
3_2868,2,0,-0.4750825052253507,1.0,0.8528431214048043
3_2869,1,0,1.3606217959911395,1.0,0.3140800332749565
3_287,2,0,1.7586014583157938,1.0,0.21624660649264982
3_2870,2,0,1.692259644038664,1.0,0.2325508013995441
3_2872,2,0,1.6683821680951902,1.0,0.23858205655226183
3_2873,15,1,-1.6427147764061805,0.1399416453587116,0.9862916240013438
3_2874,1,0,-0.16060885520927687,1.0,0.779143724655103
3_2878,9,2,4.01097345850677,0.0034357300178462975,0.008143664088128721
3_2879,1,0,1.3512151590646861,1.0,0.3168354826535703
3_288,2,0,0.6181444424189858,1.0,0.5601194720439227
3_2881,3,0,1.529771741142223,1.0,0.28408376563384474
3_2883,4,0,0.7876981039519899,1.0,0.5238465610254321
3_2889,40,0,3.328987219456897,1.0,0.14306810400737902
3_289,2,0,-0.16630900376474791,1.0,0.7867607962199625
3_2890,25,3,3.386324019648037,0.001950676889738825,0.07198373518896595
3_2891,9,2,3.8420889751155305,0.0034357300178462975,0.011683213563572159
3_2897,1,0,1.3783652069189587,1.0,0.30891073379134193
3_2898,4,0,-2.937112523732157,1.0,0.9990131782480786
3_2900,3,0,0.6144908468077734,1.0,0.5705291353684807
3_2901,1,0,-1.238436105330987,1.0,0.9512933450769883
3_2902,2,0,-1.3090909508100321,1.0,0.9584828447548771
3_2905,1,0,-0.9921112484127984,1.0,0.9271006802058179
3_2906,13,0,0.9448304474566892,1.0,0.5549473684913295
3_2909,3,0,0.4654824053805159,1.0,0.6177487803256143
3_2911,1,0,0.6487735750185011,1.0,0.5407426860279181
3_2913,1,0,-0.12998724257742936,1.0,0.7715828538810258
3_2914,6,1,0.7327171992842627,0.058519850599000056,0.5599870339374016
3_2916,3,0,-0.7152390619991751,1.0,0.8970844525284456
3_2918,1,0,0.11986675527521398,1.0,0.7047697761243241
3_2922,2,0,1.5482486191343665,1.0,0.2701851499053838
3_2924,19,1,3.111601107164559,0.1738313761644134,0.07980531872201191
3_2927,4,0,-0.6175499873644033,1.0,0.8858160875804825
3_293,2,0,-0.5730005146635031,1.0,0.8705693310236275
3_2933,1,0,0.6241573094487725,1.0,0.5487844430028394
3_2936,6,0,-0.22636120470291785,1.0,0.8228658125503443
3_2937,2,0,0.9654775549063624,1.0,0.4467587577959461
3_2939,1,0,1.0529436913775023,1.0,0.40874852671489115
3_294,4,0,1.8471577389740546,1.0,0.21091152659827106
3_2941,11,5,5.499376120738634,4.3938926336161195e-08,0.00021524237150571945
3_2942,1,1,2.4610401861245372,0.010000000000000009,0.08208906059706289
3_2945,1,0,-0.2145896039134363,1.0,0.7921171467376447
3_2947,2,0,2.0452551587572647,1.0,0.15380560705518087
3_2949,1,0,1.8454878796764007,1.0,0.18837810710766045
3_295,1,0,0.6510964933580584,1.0,0.5399829104520844
3_2951,8,1,2.0301320297539482,0.07725530557207996,0.19909080211441665
3_2954,46,1,1.5746664212524017,0.37017636879676774,0.6179958672310588
3_2956,56,3,2.7094567410998667,0.018700509761571584,0.37449284831592744
3_2965,7,0,1.183380949670413,1.0,0.42494031371781027
3_2968,2,0,1.1512739822260891,1.0,0.38729527736582214
3_2969,2,0,1.699973549451139,1.0,0.2306206040454568
3_297,1,0,0.1906012127180124,1.0,0.6843428297922503
3_2970,7,0,0.3620918650209944,1.0,0.6816249085620745
3_2972,5,0,1.674523792887042,1.0,0.2622500723670398
3_2974,1,0,1.3142937194749464,1.0,0.32774808212740814
3_2976,6,0,0.9307026718785208,1.0,0.496356523795634
3_2977,3,0,-0.08557858621662871,1.0,0.7734345038397363
3_2978,17,2,2.356754611642788,0.012308985529944274,0.19129422366537352
3_2979,8,2,2.382022011017108,0.0026900777395207046,0.129817762735833
3_298,1,0,1.0529436913775023,1.0,0.40874852671489115
3_2980,40,2,2.6422552641195782,0.060736621806206224,0.2836146921395958
3_2985,1,0,1.9081831087298262,1.0,0.17475116972578353
3_2986,2,0,1.0569008440406211,1.0,0.4172614770619044
3_2987,1,0,1.0488395310399747,1.0,0.4100628771223127
3_2988,1,0,-0.15807918796256787,1.0,0.7785245985782947
3_2989,1,0,1.0496194304438706,1.0,0.4098130374024509
3_2990,1,0,-0.5642238476684932,1.0,0.864751212130352
3_2992,4,0,0.7055070401784936,1.0,0.5504371156031974
3_2996,65,2,2.5288354447203187,0.13802176045807787,0.48022387815120826
3_2997,1,0,0.1329621178582095,1.0,0.7010341685307016
3_2998,91,9,3.0448816464772173,3.7451843965856737e-07,0.4933703750540175
3_2999,5,0,0.6017015383790414,1.0,0.592593657002144
3_3,2,0,0.24030031054734688,1.0,0.6777604871721772
3_300,1,0,-1.6603855261334308,1.0,0.9775316949078183
3_3000,1,0,0.49634863235376026,1.0,0.5901442252010997
3_3004,20,0,2.185767154933305,1.0,0.25187910111633083
3_3007,6,1,0.35724076890403345,0.058519850599000056,0.6752674278323256
3_3008,168,14,4.32270460764308,2.223787014766116e-09,0.4911641061303641
3_3010,57,6,4.0006754136701055,2.3441433333653714e-05,0.1175790978213529
3_3012,1,0,-0.8495444631402079,1.0,0.9093961459376494
3_3014,3,0,1.6442352514034633,1.0,0.2532314878433991
3_3015,1,0,0.02751431807335539,1.0,0.7304832299255344
3_3018,3,0,2.85131647112135,1.0,0.04932339498236127
3_302,1,0,1.3989506579138173,1.0,0.30296058455893315
3_3020,2,1,1.8215455523397894,0.01990000000000002,0.2014077734471068
3_3021,1,0,1.7328464743907317,1.0,0.21445366998767845
3_3023,4,1,3.0102147692153762,0.039403990000000035,0.03999629675420313
3_3026,5,0,1.9543688409254651,1.0,0.19392268339901964
3_3031,1,0,1.6049809367933787,1.0,0.2464540571874193
3_3032,21,3,0.23955281566701156,0.001162133782775636,0.80113217134296
3_3033,11,0,0.4102955809890855,1.0,0.6978705405451928
3_3036,3,0,0.428864400170673,1.0,0.6291179301492152
3_3039,23,1,1.2349124591595144,0.20638571635634465,0.5494751354390552
3_304,1,0,-0.015811216603915858,1.0,0.7421471150078942
3_3041,3,1,3.1497917232664756,0.029701000000000026,0.02901119413908515
3_3045,2,1,0.7082121907910123,0.01990000000000002,0.5308215743663474
3_3047,1,0,0.6943173702727478,1.0,0.5258226338982019
3_3052,2,0,-0.413897470618262,1.0,0.8409762741941453
3_3053,1,1,2.463262801176548,0.010000000000000009,0.08181176412463054
3_3055,1,0,-0.4918594585085005,1.0,0.8513597634939467
3_3057,5,0,-0.04316341515528147,1.0,0.7756428632925079
3_3058,113,8,2.8680070819186043,2.0155023634966965e-05,0.634159827445556
3_3059,3,0,-0.9938203687643896,1.0,0.9322713248048243
3_306,7,0,-0.7738772249812208,1.0,0.9173139964444486
3_3060,21,0,0.810143785228399,1.0,0.6585780467287977
3_3063,1,0,-0.8495444631402079,1.0,0.9093961459376494
3_3065,2,0,1.8529823615682082,1.0,0.19423098472380584
3_3067,1,0,0.06367827960931957,1.0,0.7205489230324225
3_3069,6,0,0.2584575563307075,1.0,0.7034574235418773
3_307,3,0,1.7766501951966167,1.0,0.2198683333373268
3_3072,35,6,1.7230753134586054,1.2653811743026191e-06,0.4986963405641881
3_3078,26,2,1.8026476666676055,0.027723300751066573,0.403939027070761
3_3079,2,0,-0.4017917735093719,1.0,0.838556058750156
3_3080,35,3,0.6292384839453216,0.0051537087655308894,0.7872121116773936
3_3082,3,0,0.15658470535646477,1.0,0.7095859878876458
3_3083,5,0,-0.3912527219685261,1.0,0.8508419341097775
3_3085,31,0,1.1381352834473875,1.0,0.6376449717837319
3_3086,3,0,-1.4690183181673895,1.0,0.9700492269378279
3_3087,16,1,0.5663247175784053,0.1485422289051245,0.6906268307930593
3_3088,6,1,2.5058081967781023,0.058519850599000056,0.09981782354318425
3_3090,72,7,1.4979980821703562,8.342509056487766e-06,0.7684537242590568
3_3091,17,2,1.6077707400516492,0.012308985529944274,0.3853895525664206
3_3094,83,5,4.008078181117432,0.0015211936287157202,0.22977013041147742
3_3095,2,0,1.0958998057035396,1.0,0.4048090822932683
3_3097,3,0,1.5250586811840785,1.0,0.2853916652674261
3_3098,105,6,3.2082494058389086,0.0006918100668199897,0.5206179001702499
3_3099,1,0,0.6221069580588424,1.0,0.5494534051813287
3_31,29,1,3.0705713368393357,0.2528279056684038,0.1300366688231951
3_310,20,1,0.1558549043359455,0.1820930624027693,0.8137355068773446
3_3100,26,2,1.9115610999746677,0.027723300751066573,0.37251745490470656
3_3102,4,0,1.526036804809924,1.0,0.2940242368188001
3_3104,1,0,0.8820615195188225,1.0,0.4641658383677325
3_3107,3,1,1.3612677140192793,0.029701000000000026,0.33252276831002714
3_3109,4,0,-0.6529876860427407,1.0,0.8912946808884286
3_3110,12,0,1.3137818754027912,1.0,0.430334738238925
3_3111,7,1,3.577637335989418,0.06793465209301006,0.017097857024283458
3_3112,36,3,3.7573305110427047,0.005580758432426863,0.07112285194395096
3_3113,2,0,-1.4446172792418877,1.0,0.9674520739963725
3_3114,3,0,1.5499991840937914,1.0,0.2785033369873633
3_3115,19,0,0.41408093528757745,1.0,0.7499487255094337
3_3117,13,0,0.7798695247737791,1.0,0.6057063253960822
3_3118,1,0,0.9727572987427225,1.0,0.43459594540179014
3_3119,34,1,2.9937716443679983,0.2894467727277079,0.16983444183918406
3_3122,59,4,2.3509452949836875,0.0029381575166413983,0.49021971406443854
3_3123,1,0,0.23060145132986726,1.0,0.6725314751567086
3_3124,2,0,2.3073673768092746,1.0,0.10833787198384193
3_3127,9,0,2.2347637609721134,1.0,0.1629670539822934
3_3128,1,0,1.9081831087298262,1.0,0.17475116972578353
3_313,13,0,1.3493583264821272,1.0,0.42835617346990573
3_3130,110,7,2.6042972047644595,0.00012958812604476266,0.6811190378136794
3_3131,5,0,-0.1088661952113306,1.0,0.7912830436401861
3_3134,65,4,1.6210785379824675,0.004169211446364324,0.7118175159861937
3_314,38,3,0.5546366624061366,0.0064969031304781205,0.8158612388792501
3_3141,3,0,0.9801828037892091,1.0,0.45171709616317746
3_3147,4,0,-0.6820627859426457,1.0,0.8956464087217108
3_3148,5,0,0.7941065964259146,1.0,0.5311162624702747
3_3149,1,0,-0.6571426457960045,1.0,0.880699414552522
3_3150,79,3,2.051979604689903,0.04513216085431638,0.6779739879715092
3_3151,58,5,1.7911429264399301,0.000294911309809607,0.6336832466110406
3_3154,106,9,3.370737476317748,1.3717941893042622e-06,0.4858015444092757
3_3155,1,0,2.0005777441401906,1.0,0.1558417094747413
3_3156,2,0,0.3741944172504763,1.0,0.6374051469483815
3_316,17,3,2.95257936457418,0.0006121919068227356,0.09078281134112365
3_3160,1,0,1.9984364244864397,1.0,0.15626408076544274
3_3167,5,2,3.6854810671251097,0.0009801496000000018,0.011652095201029278
3_3168,1,0,0.8348867424082659,1.0,0.4796356503826291
3_3170,6,0,1.9095893310587317,1.0,0.21169517263140336
3_3171,46,4,2.6461301806684303,0.001167366492986023,0.32368708109584143
3_3177,55,2,1.1907138516764264,0.10500372225811094,0.7607698975954468
3_318,14,1,0.19623642401517769,0.13125418723102178,0.7726437159795436
3_3180,28,2,0.9518422462769355,0.03182475277917828,0.668304083621929
3_3181,64,0,1.1302021157549327,1.0,0.8090881734164379
3_3183,4,1,1.983140764188247,0.039403990000000035,0.18034819132637514
3_3185,20,0,3.022079926085415,1.0,0.09485500553243709
3_3186,2,0,-0.6857179976074158,1.0,0.8890736817666194
3_3190,95,6,1.1800638173019715,0.0004065519082409762,0.8837079507506125
3_3192,3,0,-0.07010468202099385,1.0,0.7696065091892936
3_3193,10,0,1.5084509314289356,1.0,0.3529657572861109
3_3194,20,1,1.8320893783716845,0.1820930624027693,0.3457846155074915
3_3195,2,0,1.09264154201912,1.0,0.40584595132395573
3_3196,6,0,1.8274390967984107,1.0,0.23143306238341754
3_3199,120,4,1.0225731398029536,0.03298491223899704,0.9331134965950216
3_32,1,0,-1.0577797213275506,1.0,0.9343057731872519
3_3201,1,0,1.3619254610867122,1.0,0.31369896755985216
3_3202,51,1,1.3387190791406012,0.401043993533839,0.7075637983215051
3_3208,30,1,0.5027767988975291,0.2602996266117198,0.7898331227199852
3_3210,4,1,2.137728610404086,0.039403990000000035,0.1491765558685031
3_3211,26,0,2.5669146464623553,1.0,0.20645705878007514
3_3215,2,0,-0.48593459433274533,1.0,0.8548842368916115
3_3217,1,0,0.1329621178582095,1.0,0.7010341685307016
3_3219,2,0,0.7557225775499301,1.0,0.5152892416097983
3_3220,5,0,2.7967347082669627,1.0,0.060913415152485606
3_3223,8,0,-0.5232130262675304,1.0,0.885724401960853
3_3224,12,1,-0.3606572400582097,0.11361512828387083,0.8746326469176042
3_3226,11,1,2.7761504762502236,0.10466174574128365,0.08701459645293397
3_3228,8,0,-0.2944587782550717,1.0,0.846261843795151
3_3229,6,0,0.4410437966948416,1.0,0.6505298783750996
3_323,1,0,0.9519621065280333,1.0,0.44134973011741185
3_3233,5,2,3.5290250939884578,0.0009801496000000018,0.016119317171458647
3_3235,4,0,0.14896876070128998,1.0,0.7190902915722845
3_3236,2,1,0.3350733214147143,0.01990000000000002,0.6493795945977175
3_3240,11,0,0.883529726180596,1.0,0.5567381590601068
3_3241,1,0,0.2214816024943211,1.0,0.6752402003725003
3_3243,1,0,-1.4308060803151323,1.0,0.9653189915882522
3_3245,3,0,0.1754782046324752,1.0,0.7042713525963139
3_3247,1,0,0.17159614289434197,1.0,0.6898903304505248
3_3248,1,0,-1.0577797213275506,1.0,0.9343057731872519
3_3250,3,0,-0.02085697334067669,1.0,0.7571859348790794
3_3253,1,0,2.1692933735461835,1.0,0.12492126020346883
3_3254,10,1,-0.03729197929000546,0.09561792499119559,0.8034334810033414
3_3256,1,0,-2.4413812344832735,1.0,0.9959617377301839
3_3257,2,1,2.557703200681582,0.01990000000000002,0.07480401677192416
3_3260,60,4,3.6662973353292907,0.003123329171554695,0.18354487532219366
3_3263,53,1,0.14630120940488697,0.4129632180625156,0.919684189067109
3_3264,3,0,0.11459161571989347,1.0,0.7212354651824242
3_3268,42,1,1.546194460372468,0.3443407794258564,0.59956776473714
3_3269,35,0,2.08227963363542,1.0,0.39512089293542796
3_327,15,2,2.1077985051930037,0.009629773443364747,0.23317593876577836
3_3270,57,4,4.218688385859327,0.002590576762217553,0.09069143361122656
3_3271,183,9,1.5942292117064547,0.00010919879550326837,0.9352680221358057
3_3272,1,0,0.7657370113998411,1.0,0.5023606010745552
3_3273,1,0,0.7140217343045342,1.0,0.5193550429088729
3_3276,16,0,1.8105171298123746,1.0,0.31838121004114983
3_3277,1,0,2.10205082336579,1.0,0.13668858021319574
3_3278,1,0,1.0250561803261977,1.0,0.4176989130139037
3_3279,1,0,-2.1146229035328226,1.0,0.9913337479633151
3_328,20,2,0.018669721288307274,0.016859337635651808,0.8406654178727191
3_3281,3,0,-0.3117963403391253,1.0,0.8251562725218963
3_3283,51,0,0.8783897559894931,1.0,0.8070383437374506
3_3284,9,1,2.7603225040119055,0.08648275251635919,0.08038006548713261
3_329,3,0,0.5058864843156539,1.0,0.6050856330563742
3_3290,88,0,2.587634232870108,1.0,0.592312964672153
3_3291,8,0,1.6089779170782246,1.0,0.30610848983789174
3_3294,46,5,1.0943269557782562,9.742899389210385e-05,0.7388716260981273
3_3295,1,0,1.4190239971846457,1.0,0.2972083773173748
3_3296,2,0,1.6616366304611678,1.0,0.24030130478968115
3_3297,3,0,1.7999903696852355,1.0,0.21426067542348992
3_33,131,8,1.2778266687703619,5.814627569637729e-05,0.923216399149782
3_330,8,0,2.797658718155834,1.0,0.07203690722626976
3_3300,1,0,1.0529436913775023,1.0,0.40874852671489115
3_3302,1,0,0.07143745621071826,1.0,0.7183945200603399
3_3305,1,0,0.8223145111116719,1.0,0.4837645567351362
3_3306,1,0,1.3221002516976585,1.0,0.3254280566487584
3_3308,1,0,0.1907377007187089,1.0,0.6843028369006086
3_3318,18,0,1.7719397187321078,1.0,0.3461118861752278
3_3319,8,1,1.4877340398275472,0.07725530557207996,0.34104334427629146
3_332,3,1,2.431923932044107,0.029701000000000026,0.09535356313068433
3_3321,1,0,-0.19265613370055024,1.0,0.7869009127123758
3_3322,7,1,0.7552984259426739,0.06793465209301006,0.5617998251012333
3_3326,1,0,0.9041655206263977,1.0,0.45693453949029483
3_3328,2,0,0.09987770873693835,1.0,0.7179352880900103
3_333,3,0,1.6144123961096484,1.0,0.26109686316644654
3_3330,79,3,4.498190486061677,0.04513216085431638,0.1315863804698738
3_3333,18,2,1.3472403334654979,0.013756463740805566,0.47324889719935903
3_3334,4,0,1.129272872946052,1.0,0.4135398213846788
3_3336,2,0,0.7249111770253293,1.0,0.5253663841404079
3_3337,23,0,1.3472688621583568,1.0,0.5154966163706869
3_334,19,1,-0.9287414711080012,0.1738313761644134,0.9563766570030375
3_3340,1,0,-0.22207487033907633,1.0,0.7938798953504815
3_3342,1,0,0.4746675368572045,1.0,0.5970749102326409
3_3345,1,0,-0.3474160196920185,1.0,0.8220613825911007
3_3348,1,0,0.9544649163781991,1.0,0.4405359334042289
3_335,4,0,1.4537480289653235,1.0,0.3146269483282951
3_3350,1,0,-0.0784067303120972,1.0,0.7585241408012128
3_3352,2,0,-0.9645681624521865,1.0,0.9265439901679315
3_3355,7,0,2.034469187316479,1.0,0.19084380673900536
3_3357,8,0,2.936814998124456,1.0,0.057922474612422725
3_336,40,1,0.1785247440540244,0.3310282414303197,0.8853060750346433
3_3365,2,0,0.9094889986040263,1.0,0.46498067150103006
3_3366,3,0,0.6362697832977083,1.0,0.5635246717958783
3_3367,18,1,0.950676104169045,0.16548623854991254,0.5947769411754327
3_3368,2,1,0.7937191164597799,0.01990000000000002,0.5028493657224149
3_337,1,0,1.0529436913775023,1.0,0.40874852671489115
3_3370,2,1,3.3157407296613526,0.01990000000000002,0.019547167243985752
3_3372,35,1,2.7550101532621176,0.29655230500043084,0.22421216353168394
3_3373,1,0,1.8178048833822626,1.0,0.19459816912562744
3_3374,2,0,0.6239065217903826,1.0,0.5582532391484574
3_3375,1,0,-2.4413812344832735,1.0,0.9959617377301839
3_3378,8,0,1.1983951580210708,1.0,0.4295842586094829
3_3379,1,0,-0.1538828331921185,1.0,0.7774953723241306
3_338,54,3,4.6010979149780455,0.01698022515559389,0.04828090380214012
3_3387,4,3,3.5087728722876155,3.97000000000001e-06,0.015507828633540499
3_3388,1,0,-0.8191391981328808,1.0,0.9052381151524866
3_3394,8,0,0.48160811712847323,1.0,0.6545981119145223
3_3397,46,4,1.0200609071209608,0.001167366492986023,0.7556519780110693
3_3398,3,0,0.37342218756984724,1.0,0.646116259020041
3_3399,1,0,1.372333665418223,1.0,0.3106637667486487
3_34,1,0,0.2537571750797773,1.0,0.6656132344252934
3_340,42,1,3.5819633823921415,0.3443407794258564,0.11415502347664042
3_3400,68,3,2.6523142142762355,0.030975568414083013,0.465849620469286
3_341,1,0,0.2490725272170573,1.0,0.6670175103996723
3_344,1,0,1.3636175044371168,1.0,0.3132046738730352
3_346,4,1,3.3714618614093315,0.039403990000000035,0.0204267657504148
3_349,1,0,1.898555560999348,1.0,0.1768020710935161
3_358,5,2,3.9285390038837744,0.0009801496000000018,0.006837985051110662
3_359,2,0,1.344258624362809,1.0,0.3282331819218425
3_369,1,0,-1.0577797213275506,1.0,0.9343057731872519
3_370,3,1,2.7205628071305923,0.029701000000000026,0.06123054509172876
3_372,2,0,-1.2715870608721318,1.0,0.9556746169678321
3_373,2,0,-0.5852113841922691,1.0,0.8726714567243751
3_376,2,0,2.453242755140765,1.0,0.08768242254149716
3_379,1,0,1.1911523238984234,1.0,0.3651746151033499
3_380,2,0,1.3891291045166734,1.0,0.3150338918892678
3_383,1,0,-0.40621177907234296,1.0,0.8344006162160751
3_384,5,0,2.095680869648775,1.0,0.16398455072918283
3_385,2,0,-0.886554315599731,1.0,0.9172003811519387
3_387,1,0,-0.7565448379294889,1.0,0.8962385631867219
3_392,2,0,1.0829590114842547,1.0,0.408931071799413
3_399,15,1,-0.49742228173067543,0.1399416453587116,0.9048327896686892
3_40,20,3,3.835948144303848,0.0010035761681001195,0.026370579019506124
3_400,6,0,-1.0324061750363076,1.0,0.9427196357600439
3_402,4,0,-0.07731899910265339,1.0,0.7777102785482358
3_404,3,0,1.844441900870197,1.0,0.2038140562245936
3_406,10,0,1.1990006551641346,1.0,0.4479547240713052
3_41,57,2,3.1392537610987477,0.11142212413563145,0.2752121588224359
3_410,19,0,3.007465883580157,1.0,0.09241017518176475
3_412,3,0,0.5155712284492202,1.0,0.6020331853901691
3_413,2,0,2.0221244487942167,1.0,0.15835076067354814
3_415,1,0,-0.7920514794179678,1.0,0.9014167890815401
3_417,5,0,1.3451866005172985,1.0,0.35600748914323
3_421,3,0,0.9436900508858109,1.0,0.46355471914628477
3_422,3,0,1.1813865823527636,1.0,0.3874929460787454
3_424,2,0,-0.4298119554580926,1.0,0.8441216009648635
3_427,1,0,1.9198939205410575,1.0,0.172276928477483
3_428,1,0,0.10910486022921223,1.0,0.7078235542528567
3_431,11,1,0.3692277216657368,0.10466174574128365,0.7091417470386183
3_434,5,0,1.2934183432690896,1.0,0.37178142186343155
3_439,1,0,1.579856295159226,1.0,0.2530297357830956
3_441,8,3,3.120181585359829,5.3933321197900146e-05,0.04275250070603065
3_444,47,1,3.1387804396486705,0.3764746051088001,0.21598563829649509
3_445,1,0,0.22934507780319935,1.0,0.6729051800376676
3_450,3,1,2.189068105285668,0.029701000000000026,0.13352235270537394
3_451,70,3,1.8450667457478866,0.0333454773282759,0.6838372606528373
3_457,7,0,1.668940758455541,1.0,0.28083211992076973
3_458,1,0,1.479055732642397,1.0,0.28031103403293056
3_46,33,2,3.735918739910763,0.04302595653563324,0.06381955486010404
3_462,1,0,-0.777249267748725,1.0,0.8992815317047599
3_466,1,0,1.092921061721461,1.0,0.3960016383681092
3_468,2,0,-0.16192123991737026,1.0,0.7857118731685608
3_47,10,2,2.2770565846675423,0.004266200242831427,0.16119329439176777
3_473,1,0,1.3531047387301105,1.0,0.31628115281957225
3_475,2,0,-0.4544217200161847,1.0,0.8489041666420791
3_476,1,0,0.9084941559248786,1.0,0.455520023526532
3_477,7,0,0.8377604802595181,1.0,0.5355042840505122
3_478,1,0,0.514566814226668,1.0,0.5842985600712725
3_480,1,0,0.37941569152214283,1.0,0.6271364498766292
3_481,1,0,0.6586568308135222,1.0,0.5375090934086453
3_482,4,0,0.5637739301268773,1.0,0.5956976695477396
3_483,9,0,-0.47890760804020804,1.0,0.8824331829981973
3_486,38,3,2.6639956030335585,0.0064969031304781205,0.2647927038232164
3_487,9,0,1.2340874154312182,1.0,0.42767452850634546
3_488,2,0,-1.6971400769469192,1.0,0.9799101139080957
3_489,1,0,2.1589080399681717,1.0,0.12669093874284099
3_49,174,2,4.183883773938268,0.5202098669290899,0.5365340655584757
3_490,3,0,2.124024699416704,1.0,0.1453232229729342
3_491,46,1,1.560977803785041,0.37017636879676774,0.6216817554958187
3_492,3,0,0.5278080019757984,1.0,0.5981674597905022
3_493,24,1,2.5151832802012186,0.2143218591927812,0.204355482974087
3_495,6,0,0.031731723038289104,1.0,0.7635215231477005
3_496,119,6,3.0760093321240105,0.0013256468689503576,0.6098282748248822
3_498,30,2,3.4446869823214525,0.036147998312240706,0.08366859604357146
3_499,1,0,-1.5343409355726005,1.0,0.971373606216377
3_500,58,3,2.9658491948939147,0.02051377222027664,0.32248091233591014
3_502,83,6,5.27260242144991,0.00019545480537002172,0.060709528835523496
3_503,2,0,0.2697438432122586,1.0,0.6690441111321029
3_504,20,0,2.5702152077833236,1.0,0.16749734118493587
3_505,3,0,0.8568976395109769,1.0,0.4918192850588812
3_506,24,1,0.5005554942734441,0.2143218591927812,0.7584704213417152
3_508,4,0,2.0335014382645564,1.0,0.16977254111527995
3_509,8,0,1.7429505465378528,1.0,0.2694689482263539
3_51,1,0,1.579856295159226,1.0,0.2530297357830956
3_511,26,1,0.13471768121686697,0.2299568541948449,0.8444809268034166
3_513,82,4,3.141626026242704,0.009427708298066547,0.4210627181626734
3_515,14,0,1.5286425731602291,1.0,0.382673096314491
3_516,35,0,1.1817636466109116,1.0,0.6527138909292185
3_518,188,8,2.115670700024224,0.0006790117671259546,0.8960602366412687
3_522,1,0,0.07452875701635887,1.0,0.7175339677287105
3_524,77,5,2.971978429430313,0.0010874260040674216,0.43590094913291555
3_525,2,0,-0.9020925166770815,1.0,0.9191293537520538
3_527,4,0,-0.8771904645980464,1.0,0.9216248469275603
3_53,9,1,1.0807157294637444,0.08648275251635919,0.4762062837050839
3_531,24,2,2.827559899260863,0.02385443111830375,0.14388687515015586
3_533,28,0,1.6836210210866427,1.0,0.45530835923237245
3_536,3,0,-0.23543426878932056,1.0,0.8086004235217767
3_537,3,0,1.4605947815666398,1.0,0.30356214159274986
3_539,93,5,3.1990114810222607,0.0025088022507903634,0.4651122913355502
3_541,72,1,2.6884462166934133,0.5150086297258372,0.4803033375099398
3_542,3,0,0.11071044859792109,1.0,0.7223005665873371
3_543,4,0,0.6956334962533901,1.0,0.5536186050746189
3_544,1,0,0.6510964933580584,1.0,0.5399829104520844
3_545,1,0,-0.0784067303120972,1.0,0.7585241408012128
3_546,1,0,1.0529436913775023,1.0,0.40874852671489115
3_547,205,14,2.0627631025980526,2.8345545892810226e-08,0.9101928546365017
3_55,2,0,-1.0223598822427002,1.0,0.9329290802329783
3_550,1,0,1.4432860778299432,1.0,0.2903232765875827
3_551,121,3,4.410462133727658,0.12181751881716078,0.31310380406967653
3_552,52,3,2.171974212193192,0.015352625733659125,0.49310705846732805
3_554,58,4,6.313214187632355,0.0027606260549885154,0.0030050510276131703
3_555,2,0,1.5234112052989555,1.0,0.2769708257596153
3_559,9,1,1.1852302899241733,0.08648275251635919,0.44305166814327024
3_56,63,3,2.4492477274205195,0.025454379828033263,0.4890794734508097
3_560,6,0,0.18595286599352054,1.0,0.7234060554483083
3_561,1,0,0.08696453781866828,1.0,0.714059392988641
3_563,1,0,1.9148259492317858,1.0,0.1733449250813478
3_564,1,0,1.0893732561434428,1.0,0.3971285955078099
3_565,11,0,0.6464626763467842,1.0,0.62962192381626
3_566,1,0,1.9165451185297133,1.0,0.1729821652753114
3_568,1,0,1.8178048833822626,1.0,0.19459816912562744
3_569,8,0,0.8133885548322182,1.0,0.5523188068207414
3_570,81,8,4.884498119424619,1.68070685887864e-06,0.0910667712143085
3_571,2,0,-2.694393426613721,1.0,0.9979511703869475
3_572,47,3,4.323440849086693,0.01168584739977607,0.052507350835907296
3_577,87,6,3.4534817699279956,0.0002527768555199751,0.37151042656122035
3_580,15,0,1.1220419581794356,1.0,0.5170345552203679
3_581,3,0,0.6240396491112424,1.0,0.5674606817366412
3_582,1,0,0.3720080711940791,1.0,0.6294447571221199
3_584,1,0,1.1944384342106102,1.0,0.364157042006515
3_585,1,0,1.0516876914055469,1.0,0.4091506503508632
3_586,44,6,1.2241326479473493,5.095248791517327e-06,0.6969809601249471
3_588,1,0,1.2596226520024607,1.0,0.3441782729707714
3_589,101,14,8.404811827488654,2.272249575890086e-12,0.0007259633946290478
3_59,1,0,0.11986675527521398,1.0,0.7047697761243241
3_591,8,0,0.2906414933428521,1.0,0.7091861572695173
3_596,2,1,2.8153905506390484,0.01990000000000002,0.0492210528887721
3_597,44,2,1.991732456100155,0.07178324143318462,0.48791510915085357
3_6,22,3,1.6509269348092275,0.0013356291937811095,0.41538702530453886
3_600,18,1,3.6645042994179224,0.16548623854991254,0.03138926823645627
3_601,60,6,3.03288691704321,3.152366072959556e-05,0.3185803004537855
3_602,1,0,-1.596201915929061,1.0,0.9745519420713289
3_603,2,0,-1.4415628707222081,1.0,0.9672691462133003
3_604,21,1,2.2303768700894784,0.1902721317787416,0.24845869669680987
3_609,1,0,0.033964072692130066,1.0,0.7287245162207445
3_610,64,3,1.4780310304994635,0.02651229078139653,0.7391836128679576
3_611,3,0,2.0513618867331846,1.0,0.15931326310074456
3_613,38,1,1.8093672991704117,0.31744540498961304,0.49624399777190864
3_614,1,0,-0.9943179079274738,1.0,0.9273522344956592
3_615,2,0,0.4534603808843743,1.0,0.612737759606504
3_617,1,0,1.0529436913775023,1.0,0.40874852671489115
3_618,13,0,1.0974806406236681,1.0,0.5071392153300132
3_62,33,1,1.422567055003571,0.2822694674017251,0.5711789246798915
3_621,6,3,4.088125198707477,1.955359000000005e-05,0.00520539320943425
3_626,50,2,3.2777071323903373,0.0894353130960309,0.2049015061674926
3_627,5,0,2.2823401889183463,1.0,0.12930225295031272
3_629,24,3,3.6435720864991445,0.0017294268470260496,0.046309194804981746
3_63,2,0,1.1910942578452528,1.0,0.37483896873219846
3_630,48,3,4.126657127749707,0.012373563910211128,0.0720795209722882
3_632,4,0,1.8373681319157409,1.0,0.21322314080188498
3_634,26,1,-1.5050102325250734,0.2299568541948449,0.9877124159457779
3_635,1,0,2.211149212521719,1.0,0.11796430429880622
3_636,1,0,1.0529436913775023,1.0,0.40874852671489115
3_64,1,0,0.007318517506037037,1.0,0.7359529841688685
3_642,5,0,0.49810338682769384,1.0,0.6248700652771019
3_645,20,0,0.9528437023197743,1.0,0.6099252177076714
3_646,14,0,2.190275447091234,1.0,0.20670588149499336
3_647,7,1,0.8293554894835996,0.06793465209301006,0.5381935533769688
3_648,2,0,0.7358880667447318,1.0,0.5217778200685925
3_649,3,0,0.46924352057187485,1.0,0.6165750709238149
3_65,1,0,-0.4230956445469286,1.0,0.837839169344343
3_650,1,0,1.358067394904812,1.0,0.31482726804996997
3_652,47,1,2.3558336761122836,0.3764746051088001,0.40755385535507505
3_654,84,4,4.004416203699275,0.010239226958780887,0.23514958711955236
3_655,1,0,1.1016268739870905,1.0,0.3932399442073967
3_657,1,0,-0.05080847189799192,1.0,0.751373952631317
3_658,1,0,0.1503884920876966,1.0,0.6960300786942341
3_659,1,0,0.11986675527521398,1.0,0.7047697761243241
3_66,1,0,0.7892337149975257,1.0,0.4946359489679263
3_661,3,0,-0.5560378638744747,1.0,0.8717966208388126
3_663,1,0,-0.9943179079274738,1.0,0.9273522344956592
3_67,4,0,0.04253273061009412,1.0,0.7475652767160909
3_673,1,1,2.976789615062552,0.010000000000000009,0.03467159963961142
3_674,1,0,1.901915518939032,1.0,0.1760845966098501
3_679,36,3,4.177396743063232,0.005580758432426863,0.038051929774657656
3_682,10,1,1.380154557258139,0.09561792499119559,0.391608115716394
3_683,48,3,4.148903988797986,0.012373563910211128,0.06995653864709772
3_684,33,1,1.1276638062936561,0.2822694674017251,0.6541150206775503
3_688,13,0,1.5341817795023347,1.0,0.3721421473144332
3_69,60,0,2.8821427822610293,1.0,0.3559616186359744
3_690,11,0,1.0634363055039318,1.0,0.4999688142868197
3_694,36,4,3.5816392657917366,0.0004561624296751667,0.09022332645486109
3_695,3,0,2.7741098577542838,1.0,0.05610770830214096
3_696,171,10,8.664380614037917,1.0456361512115446e-05,0.009574715927097799
3_697,105,6,2.408183337754501,0.0006918100668199897,0.7048675625154075
3_698,6,1,3.350070817517526,0.058519850599000056,0.024697378307006246
3_699,28,1,2.20699829867954,0.24528071279636746,0.30718816552756
3_70,4,0,0.9157301646521254,1.0,0.48225720938995087
3_700,6,1,-0.33943986923088415,0.058519850599000056,0.8456051276055048
3_704,17,0,1.4244963652689773,1.0,0.44077852329518563
3_709,1,0,-0.8495444631402079,1.0,0.9093961459376494
3_710,16,0,2.203416563401759,1.0,0.2181375592577557
3_711,1,0,-0.14036412664186806,1.0,0.774161200144818
3_713,43,2,0.6666004291389341,0.06896390678471585,0.8151713439080757
3_714,3,0,0.5804296942711049,1.0,0.5814385758496649
3_716,1,0,1.1488788497250266,1.0,0.378347363244924
3_717,3,0,0.20855126527647153,1.0,0.6948621038378999
3_718,23,2,2.203294075685456,0.02201068076236393,0.2701317521836055
3_719,1,0,0.060122487402982094,1.0,0.721533537888639
3_721,1,0,1.6500993387148803,1.0,0.23487921101696085
3_725,15,1,0.7052628880403027,0.1399416453587116,0.6438433942494936
3_728,96,5,3.528727172825767,0.002879149725876636,0.3995979195718323
3_730,10,0,1.210124636482458,1.0,0.4444519352265428
3_732,1,0,-0.28609194604033195,1.0,0.8085902912487131
3_734,14,0,2.660560762399399,1.0,0.11759065699618299
3_735,1,0,-1.0756039949284897,1.0,0.9361629063900317
3_736,1,0,1.6531159195315428,1.0,0.23411618879039764
3_737,10,0,0.9503333691679976,1.0,0.5268077397320226
3_743,1,0,0.23295699510159953,1.0,0.671830359206495
3_75,10,0,-0.7970637362366016,1.0,0.9277384000486103
3_758,7,0,1.2290371206745654,1.0,0.41058316876830736
3_759,3,1,1.8093324481386226,0.029701000000000026,0.21203969389783595
3_760,6,1,0.08058817127070904,0.058519850599000056,0.7511700266718493
3_764,3,0,-0.2616133828366996,1.0,0.8143814343723166
3_765,4,1,-0.45951987797364213,0.039403990000000035,0.8589999472610583
3_768,3,0,0.6299114017407141,1.0,0.5655717928795689
3_777,2,0,0.24124659146230856,1.0,0.6774818351691803
3_778,2,0,1.1992470079176925,1.0,0.3723042302452215
3_781,2,0,0.746374588001876,1.0,0.5183479132799969
3_782,104,7,4.84779863823689,9.112097767376934e-05,0.16868012368649166
3_783,2,0,-0.9765678996646511,1.0,0.9279066407123785
3_786,1,0,1.0059472613948452,1.0,0.42385685485945335
3_787,12,2,1.7605492583387672,0.006174537772824754,0.29846854520050137
3_789,1,0,1.7525063670882544,1.0,0.20975713548388653
3_79,6,0,-0.6643089859437196,1.0,0.8998009670839333
3_791,4,0,2.2448089173840993,1.0,0.12982835312443508
3_795,7,0,1.041041231397783,1.0,0.4702580025308094
3_797,2,0,-0.15543313532190595,1.0,0.7841553628069682
3_798,8,0,2.0654663996198117,1.0,0.1912694372082342
3_799,1,0,0.6146559747966142,1.0,0.5518832192166694
3_80,1,0,0.9018435909903292,1.0,0.45769352814876874
3_800,12,0,0.3962372671953465,1.0,0.7088542396865976
3_803,1,1,2.5390343775848714,0.010000000000000009,0.07277515188362249
3_806,2,0,3.065581535736853,1.0,0.03159614169868141
3_809,12,0,2.5602301230276097,1.0,0.12278632858050376
3_812,6,0,2.4792566846335737,1.0,0.1036321464652713
3_813,7,0,1.054390395243373,1.0,0.46598219519159034
3_816,1,0,-1.0031946786292378,1.0,0.9283574547836965
3_819,2,2,3.164893465639579,0.00010000000000000018,0.02622866012345626
3_82,1,0,1.0529436913775023,1.0,0.40874852671489115
3_822,39,3,2.8219903993438553,0.006986481622766975,0.2350756224930748
3_828,3,0,2.0146995983456115,1.0,0.16669613937309147
3_829,2,0,1.9805225927572367,1.0,0.16674499937462306
3_832,120,8,1.9013757608950754,3.111570461156325e-05,0.8367545019186611
3_833,1,0,-0.3107301167142991,1.0,0.8140760038453094
3_835,2,0,-0.6137306967010079,1.0,0.8774882621745888
3_836,1,0,1.0924857740511926,1.0,0.3961398605267259
3_84,2,0,0.9210275583537356,1.0,0.4612180659116134
3_843,4,0,-0.39334698901426735,1.0,0.846593077320748
3_844,3,0,1.0033505189816974,1.0,0.44422343291933875
3_85,2,0,-0.8041179521047276,1.0,0.9063839308470241
3_855,1,0,1.6313590510647709,1.0,0.23965008776911567
3_857,2,1,1.9433517706256533,0.01990000000000002,0.1744836016851734
3_86,1,0,1.630631927912524,1.0,0.2398362576340647
3_860,3,0,2.1244884262846018,1.0,0.14523667924882633
3_867,9,0,0.48323656442768137,1.0,0.6620286284244651
3_868,9,0,2.5631191617619415,1.0,0.10659235058003524
3_869,11,1,1.1747066580235963,0.10466174574128365,0.4647842772399047
3_87,2,1,2.7458489070382615,0.01990000000000002,0.055315127490487837
3_871,10,3,2.5361499317673277,0.00011384911790577993,0.11585832985054578
3_872,69,7,4.10907207726471,6.2717054132096115e-06,0.15002247221165388
3_877,3,0,-0.35928574476630376,1.0,0.8349792543097989
3_880,3,1,0.2058520675830502,0.029701000000000026,0.6956349859300615
3_884,69,2,0.7764437224569716,0.15179170683772275,0.879660194179154
3_890,2,0,0.15352117517587996,1.0,0.70287338872484
3_891,2,0,1.1001893371622402,1.0,0.4034450551408334
3_892,12,0,1.1598446110223641,1.0,0.4785497509916862
3_893,1,1,2.7140867516116884,0.010000000000000009,0.054833930983217205
3_897,39,3,1.8198639995513073,0.006986481622766975,0.5006415125470127
3_898,4,0,0.23484304241258586,1.0,0.6950390735903904
3_899,107,5,2.051336992805101,0.0045776791920284195,0.7808567071960038
3_9,22,3,1.2734409088576177,0.0013356291937811095,0.52967979990007
3_90,26,1,0.5483680876540341,0.2299568541948449,0.758505434847804
3_902,2,0,-0.6303626932361842,1.0,0.8802375835276068
3_903,3,0,-0.14866839140718138,1.0,0.7886648923446978
3_908,3,0,-0.13602705945053817,1.0,0.7856621431552877
3_913,4,0,-0.032395396907626085,1.0,0.766658530526716
3_914,1,0,-1.0811014241438357,1.0,0.936727374536024
3_916,2,0,0.9710251647155572,1.0,0.444958713148056
3_917,1,0,-0.4852663808756481,1.0,0.8500970656901659
3_92,2,0,0.8576099296698606,1.0,0.4819317843438363
3_923,17,2,1.6867189042422432,0.012308985529944274,0.36216427155359154
3_924,29,3,1.1374023539106122,0.0030081981768577204,0.623759989646715
3_926,1,0,0.6510058353985385,1.0,0.5400125654359147
3_929,10,2,0.3895203462557337,0.004266200242831427,0.6963629067142697
3_933,1,0,-1.0141285846061519,1.0,0.9295809206871661
3_937,7,1,0.30781506798662406,0.06793465209301006,0.6970607137693828
3_938,52,3,-0.9049663863125177,0.015352625733659125,0.9830186260782953
3_940,2,0,1.8795619059408453,1.0,0.18828625693521006
3_941,5,0,0.9631772282691673,1.0,0.4764232309494907
3_942,1,0,1.5260678813075228,1.0,0.26741175542729734
3_945,15,1,0.9550443433412915,0.1399416453587116,0.5688124490553602
3_948,2,0,-0.23233675911896082,1.0,0.8021802579775263
3_950,1,0,1.3449345859247692,1.0,0.3186809119612929
3_952,7,1,0.3969739606604953,0.06793465209301006,0.6715333614319026
3_954,10,0,2.544370016416579,1.0,0.11458565444976543
3_958,2,0,0.44197530692601833,1.0,0.6163429128168596
3_959,9,0,-0.8966783142351292,1.0,0.9359008350581539
3_960,10,0,0.8324167334611976,1.0,0.5640223037247574
3_964,5,0,2.2998341757725758,1.0,0.12633404663766878
3_968,6,1,-0.41763201532059474,0.058519850599000056,0.8601475242287242
3_969,1,0,1.8807385714261171,1.0,0.1806374684220664
3_97,3,0,-0.005840920515782495,1.0,0.7533279447314651
3_970,3,0,1.0336180466803038,1.0,0.43446368211165987
3_971,1,0,0.46255166691662486,1.0,0.6009348342408317
3_972,49,2,0.916605798502431,0.08641059140541359,0.7912937222026862
3_973,34,2,2.5501362876085003,0.04541839164429414,0.26457535072952976
3_975,4,0,-0.24493574953749775,1.0,0.8162136698852035
3_976,2,0,-1.224240731937247,1.0,0.9519129545263959
3_978,16,1,0.9432509574164571,0.1485422289051245,0.5807493238501544
3_984,15,1,2.849624513524087,0.1399416453587116,0.09531038337056896
3_988,1,0,-0.07404522456883371,1.0,0.7574016386281999
3_989,3,1,1.475630974627908,0.029701000000000026,0.2992778712119859
3_992,2,0,-1.3895412996278664,1.0,0.9640212771312342
3_995,1,0,2.291605254553338,1.0,0.10537107932177192
3_996,166,14,7.407197092968898,1.9026882046870957e-09,0.04348593580257942
4_0,135,12,0.7021902567981539,1.483988505145141e-08,0.9626998869259857
4_1,9,0,2.044066977142494,1.0,0.2033047908985437
4_1002,8,0,-3.179439027834781,1.0,0.9995744687691581
4_1004,1,0,-1.7906812515900734,1.0,0.9826834350315393
4_1005,1,0,1.7824072382467908,1.0,0.20273126465536495
4_1007,1,0,0.26139773959668694,1.0,0.6633179164237526
4_1008,1,0,0.576701084050992,1.0,0.5642284659063889
4_1009,1,0,1.1871635888164351,1.0,0.36641103820900256
4_1012,11,0,0.18170543560524427,1.0,0.757944499356092
4_1015,4,0,0.17077960127504296,1.0,0.7130691504674466
4_1019,1,0,-0.6211593234221479,1.0,0.8746884136696218
4_102,1,0,-1.2991105296950247,1.0,0.9561378537148595
4_1025,2,0,0.43414596621748375,1.0,0.6187947959719939
4_1027,7,0,1.0578461259270666,1.0,0.4648759260070955
4_104,6,1,2.7916393080903408,0.058519850599000056,0.06505326197941885
4_1085,2,0,2.2898916381944083,1.0,0.11102974852562819
4_109,1,0,2.1536190892515927,1.0,0.127598863255462
4_1091,2,0,-0.09362449376362743,1.0,0.769002367577847
4_1093,1,0,-1.8811538021157876,1.0,0.9856352733877299
4_1097,1,0,0.9748956582678545,1.0,0.4339025035463342
4_1098,9,0,-1.0340219816522123,1.0,0.9485602345668215
4_1099,3,0,-1.9938237724178811,1.0,0.9895747005928517
4_1103,1,0,0.2596395833924173,1.0,0.6638466308914753
4_1104,4,0,0.020200968742333483,1.0,0.753340624270209
4_1105,2,0,-0.8431576514650967,1.0,0.9116297468124572
4_1112,3,0,-0.28700530928758466,1.0,0.8198839084755705
4_1114,1,0,0.3081632431825276,1.0,0.6491388832986401
4_1117,6,1,0.6245789778492715,0.058519850599000056,0.5942010066990393
4_1120,5,0,0.6831728702563956,1.0,0.5667493107520469
4_1121,1,0,2.062987666463951,1.0,0.14386216386332107
4_1122,6,2,2.609531021838121,0.0014604476050000025,0.08589900853728438
4_1124,4,0,-0.10061676189458285,1.0,0.7833221287457279
4_1125,2,0,-0.2974553530964475,1.0,0.8167080429116007
4_1129,1,0,0.7326005099448155,1.0,0.5132522051803889
4_113,84,5,2.738244932988051,0.0016042620739759902,0.5344002658946589
4_1131,2,0,1.7921238840543505,1.0,0.2082664338124598
4_1132,1,0,-1.2658663933855814,1.0,0.9535340087061105
4_1135,3,0,1.3342058452639833,1.0,0.3405994318213933
4_1137,2,0,0.6270938139959531,1.0,0.5572203745818578
4_1138,2,0,1.416464860702841,1.0,0.307105585051651
4_114,147,7,2.1253381043607766,0.0007534795729505194,0.8530305776743465
4_1140,5,0,0.8051654526601165,1.0,0.5275455351994826
4_1141,10,0,1.464268837714638,1.0,0.36612572361279916
4_1144,4,0,-0.8432972108718882,1.0,0.9175038423039907
4_1145,4,1,1.4559781769561704,0.039403990000000035,0.31398217864332434
4_1148,45,2,2.4885460403581314,0.07463929299800556,0.35764844243080074
4_1149,13,0,0.5209412206646955,1.0,0.6815929252061286
4_115,331,20,4.421329797450522,2.940254057356146e-10,0.5972349084783031
4_1154,41,1,2.555675632559452,0.33771795901601653,0.31209743145616287
4_1157,54,2,3.5347905247810165,0.10183372363564862,0.17744596695414772
4_116,1,0,0.1636002600165002,1.0,0.6922115367558954
4_1170,25,0,-0.8467726136730959,1.0,0.9588681531435997
4_1171,1,0,0.6799297867537913,1.0,0.5305408923977526
4_1172,2,2,3.155214416580654,0.00010000000000000018,0.026715810198706058
4_1174,5,0,-0.3316241950370711,1.0,0.8393182461392881
4_1175,5,1,0.4974692667678295,0.049009950100000046,0.6250652114079321
4_1176,1,0,0.5306943527919987,1.0,0.579108062708704
4_1177,4,0,0.8177648599877975,1.0,0.514086389379556
4_1183,1,0,1.369000815484426,1.0,0.311634291125682
4_1186,80,6,4.022613818893725,0.00015962068961976504,0.21311045424499686
4_1188,10,0,-0.7829630517587098,1.0,0.9261803228080214
4_1189,23,1,2.558662841629395,0.20638571635634465,0.18867729204683747
4_119,8,1,0.8591089264958184,0.07725530557207996,0.5377762443152856
4_1190,7,0,2.529771873060525,1.0,0.10137793799471351
4_1191,1,0,1.087127785031748,1.0,0.39784231207725984
4_1192,6,1,0.6564757667429401,0.058519850599000056,0.584171462158593
4_1193,1,0,1.2090908086472516,1.0,0.35963154058835634
4_1199,26,1,2.5652574963004664,0.2299568541948449,0.20681334910532756
4_120,2,0,-1.030679349742375,1.0,0.93381178743872
4_1201,2,1,2.3649025451219146,0.01990000000000002,0.09980793583865188
4_1203,1,0,1.4302932893901987,1.0,0.2940010900142711
4_1204,2,0,-0.037154359521896635,1.0,0.7546540716444748
4_1207,6,0,1.3237675792455776,1.0,0.3718634090093681
4_121,136,15,4.428334861920364,1.1088279575242201e-11,0.3662218208076251
4_1214,3,0,0.9127156474428503,1.0,0.47362808776018706
4_1215,43,3,1.9190479393297502,0.009159838483861968,0.5013913993107262
4_1217,409,33,5.297989140140509,1.2081617375515364e-19,0.3290634352584686
4_1218,30,0,2.626817639013521,1.0,0.2197885643904487
4_1219,2,0,-0.37913146387893826,1.0,0.8339615120774067
4_122,14,1,1.9721124040115288,0.13125418723102178,0.25893625521516117
4_1225,9,0,-0.45754206033165135,1.0,0.8790310220801273
4_1227,2,0,0.170635609081773,1.0,0.6979918079587487
4_1229,5,0,1.9628865279989107,1.0,0.19202893289239054
4_123,27,0,1.9626094943673433,1.0,0.3660981086286974
4_1232,26,3,2.8931178565966014,0.0021887611748319237,0.1435606581977371
4_1236,7,1,0.9984991683890009,0.06793465209301006,0.48390494990086264
4_1238,28,2,1.9393801627160556,0.03182475277917828,0.38071165048399114
4_1239,2,1,1.1152118653404701,0.01990000000000002,0.39867740093459847
4_1240,40,1,2.8226636839747856,0.3310282414303197,0.24132570652553997
4_1241,2,0,0.8038480862078026,1.0,0.49953222449034484
4_1243,1,0,-0.5845303978360884,1.0,0.868355627750848
4_1244,1,0,1.744862076788291,1.0,0.21157604607854763
4_1250,1,0,0.26524246979838767,1.0,0.6621606011143355
4_1254,2,0,0.8822508021335985,1.0,0.4738745936787091
4_1255,1,0,1.1686934546756564,1.0,0.37215429711812487
4_1257,4,0,1.9775596562006204,1.0,0.18154513912897774
4_1258,18,1,2.5397222303324587,0.16548623854991254,0.1610547516107005
4_127,1,1,2.445555402181185,0.010000000000000009,0.08404064521493859
4_1270,1,0,-2.2568251910701256,1.0,0.9937333845696357
4_1275,19,1,1.2078984802597248,0.1738313761644134,0.5247279677181603
4_1276,3,0,0.5452882027372793,1.0,0.5926286691053836
4_1277,1,0,-1.1401961286711462,1.0,0.9425524380832067
4_1281,1,0,1.5337106522460566,1.0,0.26534336693739646
4_1283,4,0,-0.6477454064762892,1.0,0.8904963692418961
4_1284,1,0,-1.465753695473291,1.0,0.9674706291778037
4_1286,3,0,2.750653514130297,1.0,0.05830856658374295
4_1287,3,0,0.7142227353827788,1.0,0.5383053945482996
4_1289,10,0,3.393234757652302,1.0,0.030144989788550625
4_1295,37,1,2.194245338751814,0.31055091413092223,0.379060767611226
4_1297,3,0,0.42941894863843144,1.0,0.6289465636586091
4_1300,19,2,4.023440565730165,0.015273761488896639,0.017441137511547744
4_1302,1,0,-0.06482265914688806,1.0,0.7550187909635331
4_1303,12,1,2.454479218842984,0.11361512828387083,0.14061817991086223
4_1310,37,2,1.1014967464037857,0.05287802345257978,0.6866174737277847
4_1313,3,0,-1.2152356017997892,1.0,0.952933321856613
4_1314,1,0,-1.5256205149147521,1.0,0.9709000749247744
4_1316,20,2,3.815374674237941,0.016859337635651808,0.02735198806759831
4_132,17,1,3.433831471463453,0.15705680661607327,0.04365443354113119
4_1323,2,0,-0.2302950142025836,1.0,0.8017137789770958
4_1324,2,0,0.41718891907369404,1.0,0.6240887272328655
4_1328,1,0,-0.25464228081515944,1.0,0.8014455871582642
4_1329,1,0,1.6315169418319433,1.0,0.23960967243897213
4_1330,36,2,1.213259788335523,0.05034561175058135,0.6507805709232508
4_1331,21,0,-1.280162221022051,1.0,0.9777744141316699
4_1332,1,0,1.597731541291132,1.0,0.2483419370875002
4_1333,2,0,-0.2944602125489335,1.0,0.8160547922751499
4_1337,34,2,2.624235030077953,0.04541839164429414,0.24709089008791962
4_1338,46,2,2.853158713046091,0.07753104520738682,0.2729871666894008
4_1339,65,6,2.275593927848352,4.984154957795272e-05,0.5478008511480983
4_1340,9,0,2.2095291702677895,1.0,0.16798424858226213
4_1342,4,0,2.117012902410329,1.0,0.15313126906837393
4_1343,23,0,2.1881567646986797,1.0,0.27395395530247957
4_1344,3,0,-0.9663491771404988,1.0,0.9292811672109539
4_1345,7,0,0.5482813259600545,1.0,0.6263792044545485
4_135,1,0,1.2663945532219794,1.0,0.3421262995654535
4_1351,88,3,2.4759299508713024,0.05869721428403214,0.6194857846740651
4_1353,1,0,0.5819240205452164,1.0,0.5625330792709111
4_1354,2,0,1.5233494943293882,1.0,0.27698778878929264
4_1369,104,7,2.941684092563626,9.112097767376934e-05,0.5803468822054039
4_137,4,1,2.053840234064814,0.039403990000000035,0.16561653384303565
4_1370,6,1,3.0150717363753397,0.058519850599000056,0.04510178289137767
4_1377,3,0,0.7441327879789041,1.0,0.5285822028124328
4_1378,56,4,2.9720570207872155,0.0024278501662644888,0.30841155169526024
4_1379,9,0,-0.09500448943085611,1.0,0.8106539061329447
4_1386,8,0,1.2643396301924774,1.0,0.40890955381572824
4_1388,3,0,1.7219637034198676,1.0,0.23333191622259852
4_1389,4,0,1.4195359778538883,1.0,0.32458809507216313
4_1390,2,1,2.9355312825054924,0.01990000000000002,0.03996627786516105
4_1391,2,1,3.694008689398113,0.01990000000000002,0.008805095771667215
4_1392,12,0,-0.7341451523260536,1.0,0.9256175759417268
4_1393,6,0,-1.1125416370807861,1.0,0.9497888728452756
4_1396,1,0,-1.3667640323130013,1.0,0.9610732273201017
4_1398,2,0,-0.2173815745128414,1.0,0.7987480870289878
4_1399,2,1,2.4635598125671896,0.01990000000000002,0.08634127201742481
4_14,8,0,0.0837823377515273,1.0,0.7633148565269137
4_140,1,0,-0.9475286191517837,1.0,0.9218743911229494
4_1401,5,0,-0.40177525088871496,1.0,0.8528167288305278
4_1403,1,0,1.695379300821005,1.0,0.22357149993799497
4_1404,1,1,2.4961475661179,0.010000000000000009,0.07779110912480491
4_1406,65,1,2.5423090957220507,0.4796594773496936,0.4766271955786098
4_141,2,0,0.41928669166380256,1.0,0.6234350515650708
4_1413,12,3,1.4141653252245556,0.00020561607776663676,0.39939948052671437
4_1414,2,0,1.7987943838231784,1.0,0.20669947150521306
4_1418,4,0,1.6209010774355808,1.0,0.2679759887588071
4_1419,5,1,2.0015249202803367,0.049009950100000046,0.1835813537372719
4_1422,6,0,-0.7217625125776742,1.0,0.9077239729916555
4_1424,1,0,1.9363920208388754,1.0,0.1688293627040195
4_1425,2,0,0.8477384582436772,1.0,0.4851618624120716
4_1428,16,3,1.5344151414938536,0.0005079424092904579,0.398586866745298
4_143,6,0,0.8257352843878094,1.0,0.5301838949447962
4_1432,10,3,-0.07484358594911639,0.00011384911790577993,0.811614493302349
4_1436,50,2,0.6313503090367915,0.0894353130960309,0.8473370219795525
4_1446,1,0,2.1632006279095246,1.0,0.1259573690552379
4_1448,4,1,1.8821979130397353,0.039403990000000035,0.20275883401711736
4_1449,1,0,0.5217434037987907,1.0,0.5819906008894484
4_1450,1,0,1.9363920208388754,1.0,0.1688293627040195
4_1453,1,0,2.1536190892515927,1.0,0.127598863255462
4_1456,1,0,-0.5922248964734067,1.0,0.869703925520575
4_1457,20,0,1.471786257302467,1.0,0.45233192559546287
4_1458,3,1,3.113473305358107,0.029701000000000026,0.031032630174127274
4_1460,1,0,-0.41869197686191795,1.0,0.8369468359412232
4_1465,6,0,-0.7775946921813879,1.0,0.9149696302286534
4_1466,2,0,-0.34732148808249913,1.0,0.8273706994581527
4_1469,4,1,1.1940039202930401,0.039403990000000035,0.3931260264678107
4_147,3,0,-0.85128015319242,1.0,0.9156449388944228
4_1472,4,0,1.8092630200926867,1.0,0.21994111458790555
4_1474,3,0,0.6045513828568182,1.0,0.5737186033236433
4_1478,7,0,2.8633809343004204,1.0,0.061482262060212234
4_1479,7,0,1.89410931459909,1.0,0.2231086967888215
4_148,8,2,0.60463341704716,0.0026900777395207046,0.6175455790814307
4_1481,1,0,-2.4398170921993696,1.0,0.9959463100052756
4_1485,1,0,-1.6336875208073536,1.0,0.9763300175078445
4_149,2,0,0.5929216199956339,1.0,0.568272436542404
4_1493,7,0,1.523846528436806,1.0,0.3215018422329943
4_1497,1,0,0.6553645343649815,1.0,0.5385865493420589
4_1498,2,0,1.7348069590021742,1.0,0.22201687183387397
4_150,1,0,0.7556272052355855,1.0,0.5056841444386113
4_1500,44,3,1.083385245397346,0.009757879166870534,0.731005895276694
4_1501,20,1,1.55425773553999,0.1820930624027693,0.42733415592048185
4_1504,1,0,-0.9307423059837026,1.0,0.9198345638121685
4_1506,3,1,2.6173862154713583,0.029701000000000026,0.07212408704384421
4_1507,1,0,0.5978716165221114,1.0,0.5573494442762844
4_1508,16,0,0.8309107341142254,1.0,0.6146199995455541
4_1509,22,2,4.279024561233924,0.020229279452277163,0.01320917426603685
4_1511,1,0,-0.5717024121388197,1.0,0.8660864497610001
4_1512,1,0,1.1553607694761283,1.0,0.37631790583941105
4_1515,1,1,4.157744473651021,0.010000000000000009,0.0026404216987014895
4_1516,5,0,0.5648980243442899,1.0,0.6041446090481166
4_1519,1,0,1.8802382117128023,1.0,0.1807459268072653
4_152,49,5,1.3028951056622462,0.00013221002446730075,0.7054645353011657
4_1522,10,0,1.6590718989763877,1.0,0.3094872599589027
4_1524,1,0,1.0394552928986982,1.0,0.41307193988678936
4_1527,5,0,-0.19395950477280716,1.0,0.8105536619011067
4_1529,2,0,1.05770910291831,1.0,0.4170025092993692
4_153,277,24,6.584973408999279,2.10668685794462e-15,0.22935354248842366
4_1532,1,1,2.378132798860514,0.010000000000000009,0.09294540723544054
4_1534,2,0,1.3837954090966003,1.0,0.3165909875777201
4_1537,11,0,2.1228506484498078,1.0,0.2002074750152193
4_1539,2,1,3.1176529470094905,0.01990000000000002,0.028678409466211585
4_1543,11,3,3.2593940237177526,0.00015537262915503648,0.0406758998098542
4_1544,7,2,1.627150329057514,0.0020310416349400033,0.2922887622447917
4_1546,2,0,-1.0794313392309576,1.0,0.9388047412624068
4_1548,36,3,2.263731651436625,0.005580758432426863,0.3525366145112614
4_1549,7,0,-1.0407154548062556,1.0,0.945439572454812
4_1553,5,1,1.1890523438355123,0.049009950100000046,0.40421925308786444
4_1554,71,1,2.561676619949176,0.5101097269957952,0.5077221462463097
4_1556,3,2,3.498072946558096,0.0002980000000000005,0.014616252801203489
4_1562,66,4,1.7332943043089237,0.004403453407134823,0.6906009841489185
4_1564,1,0,-1.079218083705381,1.0,0.9365344350797987
4_1565,2,0,0.05643136272635166,1.0,0.7298581514852638
4_1567,1,0,1.4634530925463751,1.0,0.2846577525261439
4_157,31,0,-1.208909248096076,1.0,0.9817363208081957
4_1572,1,0,2.21495703075878,1.0,0.11734527565832742
4_1582,5,1,0.8445265563054217,0.049009950100000046,0.5148204781911595
4_1584,1,0,1.0452923765010114,1.0,0.41119966253256035
4_1585,4,1,0.32319720036863714,0.039403990000000035,0.6693824802732595
4_1586,7,1,3.3972626659060436,0.06793465209301006,0.024277925684778046
4_1588,3,0,-1.236293287181395,1.0,0.9546012634610275
4_159,57,5,1.609525817416177,0.0002717227698862948,0.6738970226196543
4_1592,13,0,2.267372366671244,1.0,0.18303117936185398
4_1593,1,0,-1.185479285602974,1.0,0.946723753133694
4_1594,2,0,0.832753361455451,1.0,0.4900669788043208
4_1598,1,0,0.8503482111909495,1.0,0.4745609166937368
4_1603,5,0,-0.7848576642830289,1.0,0.913002754427741
4_1604,61,3,2.027521852903189,0.02340829585406519,0.5896219297574945
4_1605,15,1,-0.5218575226254861,0.1399416453587116,0.9080274592316787
4_1607,7,0,-0.1047636523806818,1.0,0.8018596421188846
4_1608,4,0,0.43752430017653865,1.0,0.6349805659529919
4_1609,3,0,1.180554161281858,1.0,0.38775366542490375
4_1611,4,0,-0.08990003865689189,1.0,0.7807509768497778
4_1612,2,1,3.72476640889516,0.01990000000000002,0.008220788771286514
4_1613,36,3,1.3663671790196477,0.005580758432426863,0.6086478271113083
4_1614,15,1,0.5224065902091992,0.1399416453587116,0.6956032452176446
4_1619,1,0,-0.6221724187720648,1.0,0.8748604923876149
4_162,8,0,0.5597170225043944,1.0,0.6312194313753685
4_1621,4,0,0.3867557764352789,1.0,0.6504114852398685
4_1631,1,0,0.9955573214777711,1.0,0.42721298446794054
4_1634,3,0,1.4994584876887416,1.0,0.2925454839452877
4_1635,2,0,-0.14099015751358332,1.0,0.780667030811476
4_1637,11,3,1.0190152236529542,0.00015537262915503648,0.5140305144876166
4_1642,1,0,-1.0950192570989328,1.0,0.9381390660783329
4_1645,3,0,0.8055250712994156,1.0,0.5085776469152592
4_165,199,12,3.8018175925328435,1.023433480078489e-06,0.6640197804110493
4_1650,23,0,0.2643091154870435,1.0,0.8058695846669722
4_1651,1,0,-1.295365423277182,1.0,0.9558505337855576
4_1654,7,2,1.197212562416447,0.0020310416349400033,0.4205793459202096
4_1655,5,0,-1.0915932183909471,1.0,0.9461273497522366
4_1656,3,0,0.786225757576297,1.0,0.5148709989414451
4_1657,3,0,0.33214093760502994,1.0,0.658588515554021
4_1660,12,0,2.7386263411892844,1.0,0.0964172019358237
4_1661,2,0,-0.4836913419994542,1.0,0.8544638846840992
4_1662,33,1,2.7513096206896765,0.2822694674017251,0.21222959923127727
4_1665,26,0,0.009680544231115706,1.0,0.8659002613789883
4_1669,10,1,2.515934492985438,0.09561792499119559,0.11903079349972634
4_167,108,3,2.8966856470981703,0.09466933312773579,0.6078513540523889
4_1673,58,2,2.5269058263912063,0.11466885098975126,0.4360675496061215
4_1674,3,0,0.47683402846051326,1.0,0.6142030943907764
4_1678,7,0,-0.9442477022479911,1.0,0.9363025743410534
4_168,1,0,0.2691730735683158,1.0,0.6609758498792527
4_1680,5,0,1.8137864009602964,1.0,0.22679538881079875
4_1681,9,0,2.478993077680153,1.0,0.11947858800999644
4_1684,2,0,2.5801682802244152,1.0,0.07223316207701591
4_1686,2,0,0.07479130688208095,1.0,0.724850556555878
4_1687,1,0,2.1134652063220716,1.0,0.13463941896626985
4_169,371,27,3.2057419891007224,2.9567570519633076e-15,0.7519454479702414
4_1692,23,0,0.19571602951113187,1.0,0.8198941151769248
4_1699,1,0,-0.5894854347368115,1.0,0.8692249923162019
4_170,155,7,0.7834321698623327,0.0010271242437996234,0.9671377294949428
4_1703,2,1,2.3512370033261702,0.01990000000000002,0.10178809893398633
4_171,43,10,0.4444140003349666,1.4189815251792471e-11,0.85443515187113
4_1710,3,0,-1.8124760409936385,1.0,0.984705597431701
4_1714,274,17,5.522554456295358,4.129336818517926e-09,0.40658144098673454
4_1715,103,7,4.331410464522437,8.572709593765532e-05,0.2553946146566608
4_1719,3,0,-1.0554782460433791,1.0,0.9386263208281905
4_172,5,2,2.8313478296889345,0.0009801496000000018,0.0576003886161669
4_1720,7,0,-0.5225953828372076,1.0,0.8819577659276772
4_1723,2,0,1.7511440919098016,1.0,0.21804564302041207
4_1724,1,1,2.7867294150148876,0.010000000000000009,0.0485023572304214
4_173,46,1,1.0857418996068748,0.37017636879676774,0.7408412443570646
4_1732,1,0,-0.40375302907876803,1.0,0.8338959641841368
4_1734,3,0,0.2735514120027935,1.0,0.6759940201638255
4_1737,1,0,-0.19874520608536436,1.0,0.7883566239858721
4_174,1,0,0.503705333304893,1.0,0.5877860150403083
4_1741,21,1,3.096095005964444,0.1902721317787416,0.08971544824502309
4_1746,1,0,-0.6267658376775854,1.0,0.8756386342844877
4_1749,4,0,2.0988409623927438,1.0,0.15665707010195085
4_175,1,0,-0.04304758705935087,1.0,0.7493431272561291
4_1753,25,2,2.5834733476477387,0.025759105399048503,0.1964209146154905
4_1755,2,0,1.427541641695928,1.0,0.30391815959154034
4_1758,18,1,0.8518556081560288,0.16548623854991254,0.6241283085896407
4_176,16,1,-1.2494209659610414,0.1485422289051245,0.9721270327533164
4_1764,4,1,1.716772385003957,0.039403990000000035,0.24288699552745907
4_1765,1,0,1.0394552928986982,1.0,0.41307193988678936
4_1770,6,2,4.50728303784152,0.0014604476050000025,0.0018612762188690013
4_1773,14,0,0.2837721451447348,1.0,0.7513863323436013
4_1777,19,1,-0.010563448460986714,0.1738313761644134,0.8417978871041913
4_1778,6,0,-0.7988286657508996,1.0,0.9176104003388339
4_1780,1,0,0.5217434037987907,1.0,0.5819906008894484
4_1781,4,0,0.7459389036378374,1.0,0.5373773426256447
4_1784,1,0,-1.5877530140364413,1.0,0.9741360926816273
4_1785,2,0,1.559241897289971,1.0,0.2672085156018177
4_1789,2,0,-0.6255990514418064,1.0,0.8794546226949285
4_1792,1,1,2.378132798860514,0.010000000000000009,0.09294540723544054
4_1793,4,0,1.0242971296278058,1.0,0.44712371117409655
4_1795,3,0,1.4259566106107824,1.0,0.31353420884947314
4_1796,31,0,0.08158002047293064,1.0,0.8717982969805311
4_1797,3,0,1.223697759140747,1.0,0.3743100550325078
4_18,4,0,-2.1275246054968466,1.0,0.9925469333136046
4_1801,14,0,-1.7878558734301413,1.0,0.9894239531148747
4_1803,52,0,0.3384224126116034,1.0,0.8955568505601604
4_1804,5,0,1.1780119503783695,1.0,0.4076939022041932
4_1808,5,0,2.3738301767232595,1.0,0.11430560117868593
4_181,1,0,0.5395216534949974,1.0,0.5762611834188449
4_1810,6,0,3.174434936717116,1.0,0.03413894026705244
4_1811,2,0,-0.2787621304172371,1.0,0.8126073232225952
4_1812,7,0,-0.061213219531900245,1.0,0.7919494836650269
4_1816,2,0,-2.817817574623417,1.0,0.9985200084179461
4_1819,41,1,0.2437266140071014,0.33771795901601653,0.8789507437661286
4_182,1,0,0.9563343120814333,1.0,0.4399282569671106
4_1822,5,1,0.6163378898399862,0.049009950100000046,0.5879768891741222
4_1830,5,0,2.427058665820664,1.0,0.10617281190963934
4_1833,1,0,0.5217434037987907,1.0,0.5819906008894484
4_1834,1,0,0.5217434037987907,1.0,0.5819906008894484
4_1835,1,0,0.7346422495708012,1.0,0.5125813103534016
4_1839,1,0,0.09222267848416682,1.0,0.7125841743859435
4_1840,111,7,5.498829176717615,0.0001371190735842358,0.10424811342207163
4_1848,28,3,1.3168436193669146,0.002717121867743372,0.5644067501794034
4_1849,2,0,1.2728154581349778,1.0,0.34969307518763093
4_1851,2,1,2.516914189928001,0.01990000000000002,0.0796494368786489
4_1852,5,0,0.2431096743678462,1.0,0.7002904814753005
4_1853,18,1,0.7750977397424599,0.16548623854991254,0.6464504587984745
4_1856,11,1,-1.0723783182140891,0.10466174574128365,0.9549629637912397
4_1857,27,5,1.952806312298617,6.718701953687921e-06,0.36887034190948176
4_1858,3,0,-1.2963820242654664,1.0,0.9591006585899745
4_1859,3,1,0.2494778083487968,0.029701000000000026,0.6830383289219062
4_1860,3,0,0.320545625777396,1.0,0.6620615657763411
4_1862,4,0,0.5547799372233773,1.0,0.5985335992710894
4_1863,23,2,1.2168007579691646,0.02201068076236393,0.5549251822710874
4_1864,6,1,1.832472375504614,0.058519850599000056,0.23019496888715385
4_1866,1,0,-0.2688290205067815,1.0,0.8046882235192092
4_1870,1,0,2.1064551391035637,1.0,0.13589538525195666
4_1871,1,0,0.1105670216597763,1.0,0.7074095175253925
4_1876,4,0,0.09419809581798762,1.0,0.7339354639049226
4_1886,1,0,1.8156269932940883,1.0,0.19509276339506965
4_1889,1,0,-1.3952823246560748,1.0,0.9630134647006445
4_1890,3,1,1.8893932011661014,0.029701000000000026,0.1935649768620027
4_1893,34,1,2.053379459620162,0.2894467727277079,0.39557848245945715
4_1894,13,0,0.44391189479136517,1.0,0.7029313015722464
4_1896,1,0,1.3325891734642017,1.0,0.3223214843171639
4_1898,1,0,0.9810180105350036,1.0,0.43191823711074084
4_1899,1,0,-0.02721047620211559,1.0,0.7451718555792625
4_1900,1,0,-1.0006744988424077,1.0,0.9280731563186626
4_1902,11,3,4.075285882110416,0.00015537262915503648,0.008414398275782164
4_1903,10,1,1.4923427570745575,0.09561792499119559,0.3577443253079422
4_1904,4,0,-0.6765092211509868,1.0,0.8948251016022222
4_1905,4,0,1.0234134631182277,1.0,0.4474083832881045
4_1906,5,0,0.7484286453384829,1.0,0.5458352870769654
4_1911,4,0,0.44326868309761885,1.0,0.6332201777904763
4_1914,2,0,0.7342461008006894,1.0,0.5223147309075612
4_1916,1,0,2.0044718072701517,1.0,0.15507554353791098
4_1917,23,0,0.398639039432313,1.0,0.7765450346461891
4_1918,7,0,-0.6403430541463471,1.0,0.8996697295112985
4_1922,37,2,1.52682121866525,0.05287802345257978,0.5703047002465627
4_1928,1,0,-0.9996911422754812,1.0,0.9279619907024703
4_1929,3,0,0.04699124100856593,1.0,0.7394971876955517
4_193,5,1,1.838028696664584,0.049009950100000046,0.22091226167858435
4_1932,1,0,-1.079218083705381,1.0,0.9365344350797987
4_1934,1,0,0.5837314566047918,1.0,0.5619461089551623
4_1935,6,0,-0.2566333912803774,1.0,0.8291512513057356
4_194,3,0,1.5977447662040887,1.0,0.26554679819495997
4_1941,6,0,1.450434599520365,1.0,0.3338411346261648
4_1944,1,0,1.4356226009899855,1.0,0.29248993945052315
4_1947,3,0,1.4245492837442688,1.0,0.31394233028676755
4_1949,25,0,0.7397878112374133,1.0,0.7049754458182317
4_1950,1,0,0.5359660706092149,1.0,0.577408376611021
4_1952,1,0,1.261274070296617,1.0,0.3436774459487193
4_1953,5,0,-0.7184655853037644,1.0,0.904155662101789
4_1956,1,0,-0.4607703168903902,1.0,0.8453431035589407
4_1957,12,0,1.4025652199458376,1.0,0.4029460814707998
4_1960,1,0,1.3868024822557845,1.0,0.30646578062134444
4_1962,7,0,-0.2276181015797443,1.0,0.8282410245930174
4_1969,1,0,0.21001290616069815,1.0,0.678633442715461
4_197,6,0,1.4596970681751458,1.0,0.33112104111721086
4_1970,1,0,-1.798333336136281,1.0,0.9829517244996062
4_1972,49,3,3.9434046608907787,0.013084004966208368,0.09502183290022503
4_1973,2,0,1.8061968755755593,1.0,0.20496875538367243
4_1978,3,0,0.7509702368586442,1.0,0.5263568716943399
4_1980,4,1,3.103902227294456,0.039403990000000035,0.033846118519882284
4_1982,4,0,0.26224577233826646,1.0,0.687176131689659
4_1984,1,0,0.6653935645617709,1.0,0.5353035416238789
4_1986,1,0,-0.04784145255529637,1.0,0.7505985957720566
4_1988,1,0,1.0394552928986982,1.0,0.41307193988678936
4_1989,12,0,2.516536034365051,1.0,0.12995190583303662
4_199,1,0,1.2566634180702856,1.0,0.3450764058549869
4_1992,6,0,0.23511106691443392,1.0,0.7099525177120962
4_1998,1,0,1.0362332891029626,1.0,0.4141062661289796
4_2,1,0,1.2793506269453059,1.0,0.33821345011436443
4_20,20,2,2.271575520168699,0.016859337635651808,0.23130783819035927
4_200,27,0,0.9861861306186192,1.0,0.6520084213054578
4_2003,16,2,0.9839993066969797,0.010932892162518214,0.5682997608155334
4_2006,1,0,0.5724251225292555,1.0,0.5656155838240489
4_2007,1,1,2.3675298797023254,0.010000000000000009,0.09440701462870504
4_2009,6,2,0.5692797313628238,0.0014604476050000025,0.6114399169119218
4_2012,24,1,-0.7022609079014848,0.2143218591927812,0.9466716754105282
4_2013,1,0,-0.17505044003084855,1.0,0.78265921377877
4_2014,5,0,1.087853157730221,1.0,0.4363172446238772
4_2017,34,4,2.8374762838127223,0.0003648914330466054,0.20041543973004383
4_2019,1,0,2.075275724137248,1.0,0.14157870212632506
4_2020,2,0,0.4107715606634623,1.0,0.626086188881882
4_2022,3,0,2.283266373387873,1.0,0.1176286164789293
4_2024,21,4,2.148224848115256,5.223048004701707e-05,0.2688094945702668
4_203,4,0,0.45778108974382437,1.0,0.628760371980799
4_2031,1,0,0.40610624141233964,1.0,0.6187819671122883
4_2032,1,1,2.5020873759522875,0.010000000000000009,0.07708114817044431
4_2035,1,0,2.2699625067995894,1.0,0.10865887623489168
4_2037,1,0,-1.5451855025705172,1.0,0.9719535239371111
4_2038,3,0,0.6362529426684818,1.0,0.5635300960156562
4_2039,6,0,1.284208142734443,1.0,0.384020366357974
4_204,2,0,2.995886269000853,1.0,0.03588115142507642
4_2041,3,1,2.6325056228726305,0.029701000000000026,0.07044073878659252
4_2042,13,2,-0.5552809860056179,0.00724894367793522,0.906603299059255
4_2046,2,0,0.038827268577162316,1.0,0.7346163975575981
4_2047,10,0,1.5986395773274489,1.0,0.32665583210665305
4_2048,5,0,0.8682035802067221,1.0,0.5071578200218204
4_2057,1,0,1.1125146378912985,1.0,0.3897936437375751
4_2058,1,0,0.5599574222044544,1.0,0.5696554242341143
4_2064,5,1,3.1176023522779874,0.049009950100000046,0.035338262497741746
4_2066,1,0,2.1698833232165304,1.0,0.12482125274162437
4_207,5,0,0.392969821695402,1.0,0.6567530187918231
4_2072,2,0,-1.5716933325351998,1.0,0.9743472944325454
4_2074,2,0,-0.6393421013124736,1.0,0.8817036897102519
4_208,2,0,2.343384713056872,1.0,0.10293876914157662
4_2080,2,0,0.6482314782597692,1.0,0.550361049801156
4_2081,1,0,0.5103777239848639,1.0,0.5856444153631625
4_2082,7,0,1.7325797144788835,1.0,0.26381428605017
4_2083,4,0,0.22939637473644234,1.0,0.6965914247297509
4_2084,2,0,-0.22106998860792346,1.0,0.7995978671325816
4_2085,25,2,0.9009040264552697,0.025759105399048503,0.6616652757126297
4_2087,1,0,0.12875135264091594,1.0,0.7022376800050593
4_209,2,0,0.36462188947902124,1.0,0.6403481486439202
4_2090,1,0,0.30971231098461255,1.0,0.6486655077997018
4_2093,1,0,0.4381565545430853,1.0,0.6086764973554837
4_2100,24,1,0.35713052647369264,0.2143218591927812,0.7910701955674331
4_2102,1,0,0.014351516035634162,1.0,0.7340546306849272
4_2103,4,2,1.0726580659231237,0.000592030000000001,0.43158977232284557
4_2106,90,6,2.6869717693465116,0.0003038387275316587,0.5775969968188002
4_211,13,1,0.6667363646499549,0.12247897700103212,0.6395605009803194
4_2110,52,5,0.9467063164459177,0.00017577600591676932,0.7978626235276913
4_2112,32,3,1.7734003369810016,0.003993447232680418,0.46073977685227707
4_2113,1,0,0.8022510700030377,1.0,0.49035711247127656
4_2116,141,5,2.6773004863082233,0.014131581131005998,0.7571708177644774
4_212,14,1,1.5002738260733974,0.13125418723102178,0.39119879426603144
4_2121,2,1,3.7962237656129294,0.01990000000000002,0.006993004776786771
4_2124,1,0,1.2963924845208559,1.0,0.3330932067911243
4_2125,3,1,1.4630170522779036,0.029701000000000026,0.30287011416724874
4_2127,5,1,-1.9099534800738855,0.049009950100000046,0.9884732981201638
4_2128,1,0,0.5100537584706423,1.0,0.5857484561318199
4_213,15,2,2.2700182481592273,0.009629773443364747,0.19618445713982002
4_2130,1,0,-1.0279885792100123,1.0,0.9311086416347715
4_2131,1,0,0.1666518928563221,1.0,0.691326547799828
4_2135,1,0,0.4381864641181389,1.0,0.6086670313315039
4_2146,3,0,-1.1958751455933259,1.0,0.9513567964037192
4_2147,14,2,0.619918199275391,0.008401244011166185,0.6609130393699908
4_215,9,0,2.4293844178250756,1.0,0.12757374920207354
4_2153,21,1,0.5453722698511948,0.1902721317787416,0.7295348963772607
4_2155,3,0,0.39987849303628437,1.0,0.6380387610484246
4_2156,1,0,1.5535631288981604,1.0,0.2600088343907283
4_2157,3,0,-1.8557416736682963,1.0,0.9860169578805197
4_2158,50,5,1.6112078257610705,0.00014568926807182755,0.6331989150394038
4_216,7,0,1.504683054262365,1.0,0.32705214104826963
4_2160,95,7,4.1684814536035235,5.124311198527878e-05,0.2529226125351518
4_2164,35,0,0.972336003586382,1.0,0.7074110707932463
4_2166,16,1,1.5789482649706061,0.1485422289051245,0.3852501810434358
4_2167,4,0,-0.3836154383756157,1.0,0.8447092767143911
4_2168,2,0,1.2520757013664994,1.0,0.3560176859549441
4_2169,1,0,-1.295365423277182,1.0,0.9558505337855576
4_2170,3,0,1.6943892759829562,1.0,0.24029036306398388
4_2171,4,0,0.3068907542763884,1.0,0.6741826657004207
4_2172,31,2,2.8337684534298715,0.03838951459523551,0.18298184421292485
4_2176,7,1,3.8738703843298556,0.06793465209301006,0.009227483748589949
4_2179,5,1,2.984277217074904,0.049009950100000046,0.044626569403400596
4_2181,105,2,2.8953975614732688,0.2827172186216345,0.5956248930410339
4_2182,2,0,-0.4199994347147577,1.0,0.8421871432886022
4_2188,4,0,-0.36092228063085346,1.0,0.8402573418502706
4_2189,17,0,2.565496758210317,1.0,0.1502691875109181
4_2190,1,0,1.5427700033823983,1.0,0.26290216635678787
4_2191,58,0,0.8343874646963696,1.0,0.8401677616003345
4_2192,31,1,2.433701787943118,0.2676966303456026,0.27170468086786903
4_2193,1,0,1.5692863133016801,1.0,0.25582347021774754
4_2194,4,0,-0.7878876241017113,1.0,0.9104185421575132
4_2196,1,0,0.9312659707001174,1.0,0.4480883231021876
4_2197,2,0,-2.0057922812634406,1.0,0.9894242572851201
4_22,44,5,1.679159879932382,7.84799641027036e-05,0.5761493827202449
4_2202,2,0,0.4417594908691591,1.0,0.6164105620413373
4_2203,3,0,-0.7177803691538702,1.0,0.8974563919685303
4_2205,22,4,2.545246081453295,6.332951307430326e-05,0.185010315102748
4_2209,4,0,-1.4776264361672828,1.0,0.9716243924711586
4_2210,5,0,0.9488330814434649,1.0,0.481060677747965
4_222,1,0,0.636118911711983,1.0,0.5448790638187787
4_2220,1,0,-0.2784844763424249,1.0,0.8068766403914198
4_2221,1,0,1.0395415598157258,1.0,0.41304425477745754
4_2223,3,0,1.306027419657324,1.0,0.34908767437494514
4_2225,9,0,1.1066981600189134,1.0,0.46793955890009276
4_2226,3,0,-1.295119857993703,1.0,0.9590100135306338
4_2230,1,0,-1.70506125891611,1.0,0.9794274050759554
4_2232,3,0,0.7107781368366253,1.0,0.5394238105292612
4_2233,42,2,1.3914653486142297,0.06618232221258309,0.6416842853897485
4_2234,2,0,1.4095370256743696,1.0,0.30910657634537486
4_2235,3,0,0.5658672109933843,1.0,0.5860842536279924
4_2236,21,1,4.0180906876257225,0.1902721317787416,0.020241781138448656
4_2238,1,0,-0.34037094021176206,1.0,0.8205449059066101
4_224,1,0,-0.02943871007215227,1.0,0.7457609294942558
4_2240,11,0,2.416415391045139,1.0,0.1414410379564317
4_2241,12,1,1.5378818619928356,0.11361512828387083,0.36214447743862244
4_2242,7,1,0.011323813731864765,0.06793465209301006,0.7748089660502209
4_2243,4,0,-0.8571575162443761,1.0,0.919208378967229
4_2244,21,1,1.8351125505752732,0.1902721317787416,0.3532481498407197
4_2246,1,0,-0.39003579271164535,1.0,0.8310623267510854
4_2247,4,0,0.00991734075115768,1.0,0.7559761416507362
4_225,1,1,2.939771359490985,0.010000000000000009,0.03707627220858656
4_2251,10,1,2.9118748542359234,0.09561792499119559,0.06742649628298147
4_2252,1,1,2.378132798860514,0.010000000000000009,0.09294540723544054
4_2253,1,0,-0.31670467649535505,1.0,0.8153914137490803
4_2254,1,1,3.2317650526292803,0.010000000000000009,0.02136710275614795
4_2258,3,0,1.1724426268709844,1.0,0.39029688021905373
4_226,13,2,0.9528560447537209,0.00724894367793522,0.5524475666194648
4_2264,1,0,1.9155721915951114,1.0,0.17318740194797155
4_227,4,3,3.6827952474399885,3.97000000000001e-06,0.010762796559885768
4_2272,3,1,2.4345577965037344,0.029701000000000026,0.0949890395229196
4_2273,12,0,1.7987805937865027,1.0,0.2880664377036324
4_2274,6,0,-0.27878168287049737,1.0,0.8336583555979168
4_2275,2,0,2.2218320901483524,1.0,0.12196906924301909
4_228,1,1,3.8632142589084464,0.010000000000000009,0.005437872829922807
4_2289,2,0,0.07451091085530988,1.0,0.724927375731977
4_2299,4,1,1.630551141695123,0.039403990000000035,0.26539280838893986
4_2300,3,1,0.438158807940283,0.029701000000000026,0.6262424163315068
4_2302,1,0,0.9349828069142299,1.0,0.44687697168880913
4_2303,1,0,1.0394552928986982,1.0,0.41307193988678936
4_2306,1,0,-2.2313311766422617,1.0,0.9933522583724885
4_2307,1,0,0.8705341591744276,1.0,0.4679418561575326
4_2308,2,0,0.9744113127659774,1.0,0.4438605576660152
4_231,49,7,3.830487639465176,5.945145241083488e-07,0.10910334096966201
4_2310,109,6,3.286205525518956,0.0008416049843222633,0.5196924231811948
4_2312,1,1,2.463548296904752,0.010000000000000009,0.08177619651903079
4_2315,111,9,3.476788453589748,2.018438936709792e-06,0.48277435720247164
4_2320,90,7,2.4972359326282287,3.6183538435413886e-05,0.6236786705490747
4_2324,16,1,2.6771426435375365,0.1485422289051245,0.12553135241484803
4_2325,8,0,1.2366647943975362,1.0,0.417558738477818
4_2332,1,0,1.0681091919666033,1.0,0.40390080672792006
4_2334,30,0,0.9133664159949145,1.0,0.6916950319109176
4_2335,1,0,0.31567848334689236,1.0,0.6468401713672318
4_2336,2,1,0.8757414708815016,0.01990000000000002,0.4760021430764829
4_2337,61,2,4.661926464081085,0.12454937217478186,0.05961403753939398
4_2339,1,0,-0.40415862082476817,1.0,0.8339792791940532
4_234,217,13,1.7116469683913327,3.965974036794174e-07,0.9393448844861713
4_2340,1,0,-1.5161174367280605,1.0,0.9703766522869062
4_2341,4,0,2.0700362899173617,1.0,0.1623545149158836
4_2344,2,1,-0.24468555788074525,0.01990000000000002,0.8049874390974825
4_2348,1,0,1.3182160027084093,1.0,0.32658157935030796
4_2350,1,0,-0.12635818540556706,1.0,0.7706772527304456
4_2355,1,0,1.3408948331839043,1.0,0.3198703027090831
4_2358,4,0,1.4943390920144253,1.0,0.3029816318085532
4_2362,3,0,0.13354344563567713,1.0,0.7160061774355071
4_2363,6,0,1.7456035859150445,1.0,0.25207562115460436
4_2370,3,0,1.1299603190892333,1.0,0.40369080512929845
4_2374,14,0,2.4899980648469513,1.0,0.14612202523813989
4_2376,2,0,1.2583843732128492,1.0,0.3540895573872256
4_2377,2,0,0.868281313334402,1.0,0.47844130433601706
4_2378,1,0,0.21539018713900646,1.0,0.6770443008011103
4_2380,6,0,2.1091997592163287,1.0,0.1680408054387046
4_2382,13,0,2.7527039991088693,1.0,0.09917413606345105
4_2388,1,0,0.4496411107085667,1.0,0.6050370898590294
4_2392,33,2,3.113018164644484,0.04302595653563324,0.14344655212985624
4_2394,1,1,2.3881627798077587,0.010000000000000009,0.09157824023503836
4_2395,38,6,0.6905869346211432,2.097600851352178e-06,0.788492428153281
4_2396,140,21,3.2254155608527943,1.5117125969417472e-18,0.6475412294329583
4_2397,18,0,-0.47154694612545217,1.0,0.9099920103698338
4_2399,8,0,0.1505651053179768,1.0,0.7464676870227099
4_2403,149,11,2.344487147513296,3.893686944238022e-07,0.8263083756402424
4_2404,131,5,0.9816112506079725,0.010546667189276444,0.944978832673404
4_2405,130,8,4.803560384341879,5.507762542450701e-05,0.2681579428510441
4_2407,1,0,-1.2699959859183143,1.0,0.9538640557434889
4_2408,3,0,-1.199972048267889,1.0,0.9516938823100524
4_2409,1,0,2.2044429776137373,1.0,0.11906013200994403
4_2410,3,0,0.9960773096169154,1.0,0.4465739557557329
4_2411,6,0,-1.9729766915801565,1.0,0.9903183855412324
4_2412,13,0,2.426363584771111,1.0,0.15170586700919642
4_2414,20,2,0.5525881468184402,0.016859337635651808,0.7213272582641232
4_2415,1,0,-1.2446963178207997,1.0,0.9518121753043293
4_2416,2,0,-1.8468083113452218,1.0,0.9851759124061439
4_2417,1,0,1.007791015475505,1.0,0.42326185978244046
4_2418,19,0,0.30180700533985966,1.0,0.776650562553092
4_2422,47,1,0.9913277922276633,0.3764746051088001,0.766736296129806
4_2425,1,0,1.429371657926111,1.0,0.2942627884636694
4_2428,5,0,0.43610163787735856,1.0,0.6437922958319611
4_2430,1,0,1.702651821535518,1.0,0.22178464450401636
4_2431,115,12,6.623529969114122,2.379219485795809e-09,0.030456946453627176
4_2437,2,0,-0.30631575686270596,1.0,0.8186320441476773
4_2439,109,7,3.8929821174351096,0.00012239603656721137,0.37576743393654155
4_2444,7,1,2.5134028044364602,0.06793465209301006,0.10373470585763434
4_2446,1,0,0.3523171871140655,1.0,0.63555786596529
4_2449,5,0,0.5707465571424905,1.0,0.6023148379350663
4_2450,14,0,0.7318859341476309,1.0,0.6281858372450501
4_2451,2,0,-0.8657742095985673,1.0,0.9145668154591857
4_2452,1,0,0.28712396887687264,1.0,0.6555450342934053
4_2454,5,1,2.5130166254418964,0.049009950100000046,0.09393600204105035
4_2455,2,1,3.3179947327256,0.01990000000000002,0.01945947060676778
4_2456,1,0,1.882092010189634,1.0,0.180344300467711
4_2458,3,1,2.2587484966188995,0.029701000000000026,0.12163035404577216
4_246,1,0,1.6644609929111134,1.0,0.23125885959490633
4_2465,22,3,3.9845570105154886,0.0013356291937811095,0.023010055672967766
4_2466,2,0,-0.8152749619477492,1.0,0.9079060444871134
4_2467,16,0,0.6120016180338113,1.0,0.6779673631738555
4_2468,1,0,2.203417725443461,1.0,0.1192282939728696
4_2469,3,0,-0.1452586801960829,1.0,0.7878574054530146
4_2473,7,0,-1.6051574568870637,1.0,0.9801470001788177
4_2475,1,0,-0.05456814190946635,1.0,0.7523546017446227
4_2476,1,0,-0.4857321301518823,1.0,0.8501864995247161
4_2482,1,0,0.4842440192489722,1.0,0.59401726632366
4_2485,3,0,-0.11703123512105044,1.0,0.7811036381866402
4_2487,1,0,-0.6491780154484711,1.0,0.8793867843083912
4_2488,1,0,-0.2294105977234739,1.0,0.7955987997446115
4_2490,5,0,-0.6708515151291797,1.0,0.8974149841537089
4_2491,1,0,1.2759699553558428,1.0,0.3392327804715982
4_2497,30,1,1.2142358514553837,0.2602996266117198,0.6091220361916373
4_2498,9,0,-0.1286644491133441,1.0,0.8178546620447111
4_2502,7,0,1.4860409274816377,1.0,0.3324884130933906
4_2503,19,1,3.020850713199788,0.1738313761644134,0.09071211015629266
4_2507,2,0,1.1937045490123672,1.0,0.37402681910894364
4_2509,15,0,0.22642700547651443,1.0,0.7713608544274382
4_251,13,2,0.8597767635978507,0.00724894367793522,0.5812864829966305
4_2510,3,0,3.229483415317835,1.0,0.02495719739448421
4_2511,3,0,-0.03329491947180739,1.0,0.7603566538415008
4_2515,41,2,0.5385543177901896,0.0634395380024474,0.8309965093970776
4_2516,3,0,1.1578223167988757,1.0,0.39489260424649375
4_2518,2,0,1.0474625007237348,1.0,0.4202881695083891
4_2519,137,18,11.035736567261424,4.533068300918298e-15,2.036285631168422e-05
4_252,3,0,2.811150234662975,1.0,0.052766289629840424
4_2525,25,3,0.4090266767346852,0.001950676889738825,0.7848607275568478
4_2526,1,0,-2.066622701280561,1.0,0.9903586758722989
4_2527,5,0,1.066309239963321,1.0,0.44321256451324764
4_2528,4,0,0.5570725175024679,1.0,0.597811203456143
4_2530,1,0,-1.272762138922238,1.0,0.9540840784632932
4_2531,3,0,0.1803102839936296,1.0,0.7029049731934678
4_2532,20,2,4.071214601340375,0.016859337635651808,0.01709275526704246
4_2533,13,2,1.3617135208585247,0.00724894367793522,0.42453876520583067
4_2534,1,0,0.013904163573675516,1.0,0.7341755860870669
4_2535,95,5,2.805924307005095,0.0027515899635285742,0.5723284525890843
4_2537,2,0,-0.5540077635648886,1.0,0.8672521199390026
4_2538,7,0,-0.5123277952596715,1.0,0.8803144828034507
4_2539,7,1,1.2533807407543667,0.06793465209301006,0.40297542946155906
4_254,13,1,1.327267915027893,0.12247897700103212,0.4351979987836567
4_2541,2,0,1.8105674381561998,1.0,0.20395096715569516
4_2544,1,0,-0.027509954889184188,1.0,0.7452510697234902
4_2546,121,4,3.7080957066897517,0.03385142853032739,0.4706038767105658
4_2548,1,0,1.0523027290505493,1.0,0.4089537266097838
4_2549,34,1,3.0368944641816817,0.2894467727277079,0.1619534733007113
4_255,10,0,2.2163985653202647,1.0,0.17328896382977055
4_2550,6,0,1.5121156309503456,1.0,0.3158983078123948
4_2552,54,4,3.368574274000877,0.0021237203712071847,0.20887849630275435
4_2553,1,0,-0.017856990683859958,1.0,0.7426913201028045
4_2554,3,0,1.9536551597170269,1.0,0.17947064013592495
4_2566,8,0,-0.28492507844547,1.0,0.8444415780755204
4_2570,1,0,1.2230651980329168,1.0,0.3553336915057791
4_2571,2,0,2.074721234983667,1.0,0.14814184880556103
4_2573,3,0,0.053882731945453524,1.0,0.737664090988518
4_2576,25,1,2.9817770119421136,0.2221786406008534,0.12394983536732562
4_2577,7,0,1.4507157999674687,1.0,0.3428860963325673
4_2580,20,1,1.9253612141238592,0.1820930624027693,0.3197415118271719
4_2581,3,0,0.9112576650074284,1.0,0.47410271352819233
4_2582,1,0,-1.5186802510444133,1.0,0.9705185738974222
4_2583,42,1,1.893033049329755,0.3443407794258564,0.5015974566690011
4_2584,34,1,4.934637851779508,0.2894467727277079,0.008681557470227363
4_2586,1,0,-0.8877359559350921,1.0,0.914425122497202
4_2588,1,0,0.6266942099117594,1.0,0.547956544269673
4_2590,1,0,0.7312112002437398,1.0,0.5137086968585347
4_2592,1,0,0.9479757492452735,1.0,0.4426464171312756
4_2597,2,0,-0.017129153605951304,1.0,0.7494532143450214
4_26,2,0,2.2483020310206636,1.0,0.11762780915108717
4_2603,53,5,3.4882564875196596,0.0001924875932574295,0.18080398414178034
4_2605,1,0,0.3500231288015292,1.0,0.6362678621430004
4_2607,25,2,1.4315491818747375,0.025759105399048503,0.5063880987008238
4_2609,2,0,0.8298697399774745,1.0,0.49101107854049597
4_261,1,0,-0.7539222655538382,1.0,0.8958484097990107
4_2610,11,0,-0.09035771833671438,1.0,0.8200690576786874
4_2611,2,0,0.9709216853362944,1.0,0.4449922790529236
4_2614,3,1,2.6130764306707173,0.029701000000000026,0.0726095288252171
4_2615,2,0,-0.4200970450053192,1.0,0.8422064636632063
4_2619,1,0,0.611399550740786,1.0,0.5529445547560647
4_2621,1,0,1.5189132713881566,1.0,0.2693553739326593
4_2625,83,7,3.613595377199151,2.1367889173111622e-05,0.31307523097057977
4_2627,3,0,1.4234005035476525,1.0,0.3142756426364084
4_2628,9,2,1.689703314706498,0.0034357300178462975,0.2923399259247853
4_2632,1,0,-0.6504800255855021,1.0,0.879602057711737
4_2636,95,5,4.148042407030427,0.0027515899635285742,0.25700511318224084
4_2639,1,0,1.9659238293100034,1.0,0.16276969722862156
4_2642,47,4,1.4340069046487351,0.001265900271972346,0.6613133103985164
4_2643,24,4,1.857825541691283,9.053764174621837e-05,0.37155617257887896
4_2644,1,0,0.08717891365338859,1.0,0.713999318366182
4_2647,68,5,1.202649203805433,0.0006178038260051442,0.8100270905680396
4_2648,2,0,-1.2682882776214386,1.0,0.9554204547749529
4_265,3,0,2.2771728992292286,1.0,0.1186143632062765
4_2653,48,1,0.708351257506847,0.3827098590577121,0.8269890806797279
4_2654,2,0,-0.4197769307652699,1.0,0.8421430964319028
4_2655,2,0,1.1471120696873824,1.0,0.38860415187932984
4_2656,1,0,-1.8536483887544488,1.0,0.9847874730342066
4_2657,2,0,1.2730102437802437,1.0,0.34963386910579186
4_2659,2,0,-0.7325826469009049,1.0,0.8961811832772701
4_2663,10,2,1.4930886292716918,0.004266200242831427,0.357522558831334
4_2667,1,0,1.2076232810191732,1.0,0.3600839243770426
4_2669,1,0,2.161882866091313,1.0,0.1261822484905527
4_2671,24,2,-1.893412830732076,0.02385443111830375,0.9940748973125269
4_2672,5,0,1.4692500226034344,1.0,0.3192366011221319
4_2673,13,0,1.4824813410719941,1.0,0.3876497779165655
4_2674,16,1,0.40423159411002224,0.1485422289051245,0.7336799074592536
4_2675,2,0,0.1646222746246936,1.0,0.6997111063319774
4_2677,5,0,1.522597829612029,1.0,0.3039305965668142
4_2678,1,0,0.5973293990239187,1.0,0.5575258541148574
4_2680,72,4,2.5645029604272525,0.00599659130580793,0.5128221385553771
4_2681,12,0,2.2750540399943695,1.0,0.17472339537881876
4_2683,44,2,2.924225966778275,0.07178324143318462,0.24395760539180733
4_2684,40,2,1.9841376218038644,0.060736621806206224,0.4608701563541281
4_2685,1,0,-0.10110337363217016,1.0,0.7643196834873907
4_2688,3,0,1.672848313183181,1.0,0.24580396210073463
4_269,1,0,0.46978196611034534,1.0,0.5986325370325389
4_2694,1,0,1.352826326976548,1.0,0.31636280220568624
4_2696,26,1,1.451341601347049,0.2299568541948449,0.5085461554803158
4_2698,11,1,0.4118023195675503,0.10466174574128365,0.6974533059215509
4_270,8,1,1.5534978606253627,0.07725530557207996,0.32190063703426697
4_2700,101,11,2.765580726300051,6.956121952231869e-09,0.6090747256746262
4_2703,34,3,2.9978113435843112,0.004746994797058528,0.16908588944416847
4_2704,1,0,1.6767707477238571,1.0,0.22818069791612183
4_2706,4,0,0.8378755567226103,1.0,0.5075530464953891
4_2709,3,0,0.9444974627574068,1.0,0.46329241995369497
4_271,4,1,2.154664999586251,0.039403990000000035,0.14599445134375022
4_2710,1,0,-0.9473734404863763,1.0,0.921855716254419
4_2715,2,0,-0.9890423479594028,1.0,0.9293025677729972
4_2716,1,1,2.606451422037293,0.010000000000000009,0.06539585929886371
4_2717,72,5,3.4435191204995577,0.0008023757705554156,0.29248839107127544
4_2719,69,4,2.3909401442827813,0.005158956637271634,0.5409522549436449
4_2720,2,0,1.6942373893367535,1.0,0.23205506931407593
4_2722,1,0,-1.17999048323199,1.0,0.9462313085089266
4_2723,17,3,1.4343139584028364,0.0006121919068227356,0.437771542649136
4_2724,3,0,2.3107388620288747,1.0,0.11325640089886402
4_2725,128,9,4.119061238614793,6.540771000803462e-06,0.4041772924502176
4_2727,2,0,-1.7615525936664636,1.0,0.9823444379923398
4_2728,1,0,0.8485876525335861,1.0,0.4751385711817562
4_2730,34,3,3.273067231558278,0.004746994797058528,0.12307482232705325
4_2732,2,1,3.1841429982240443,0.01990000000000002,0.025281880543229884
4_2734,50,2,5.4774629590386805,0.0894353130960309,0.009101391185292407
4_2736,1,0,1.3952713107921655,1.0,0.3040203172522282
4_2738,1,0,-0.574220498053783,1.0,0.8665339881965763
4_2739,1,0,1.8551664152200709,1.0,0.18623270548116166
4_274,2,0,1.1519089109616971,1.0,0.3870957116279732
4_2740,34,0,1.5303107128981566,1.0,0.5473592615896745
4_2742,3,0,0.014757257485131015,1.0,0.747982823276549
4_2744,1,0,0.6696157048474994,1.0,0.5339206897773008
4_2746,1,0,1.3683751198410012,1.0,0.3118166396628952
4_2747,19,1,1.0881342330006953,0.1738313761644134,0.5613539130284257
4_2748,2,0,1.209830913093948,1.0,0.3690218808637976
4_2752,11,2,3.5997829747119545,0.005179717490315069,0.02205494994774415
4_2753,1,0,0.6228553829372787,1.0,0.5492092349543208
4_2754,14,2,1.9538244074132805,0.008401244011166185,0.26360498734717597
4_2756,46,4,3.4993862883056206,0.001167366492986023,0.1444012076466834
4_2757,3,0,1.2890083773993801,1.0,0.3542515034955007
4_2758,7,0,-0.5584437924859285,1.0,0.8875698187499059
4_2759,7,0,2.9699213107831897,1.0,0.05173452858749028
4_2764,8,0,-0.6991902291332106,1.0,0.9107382393978551
4_2765,2,0,1.1221428680991083,1.0,0.396482770074709
4_2767,7,0,-0.8182531727129561,1.0,0.9226278626751805
4_277,8,0,0.8305403806919528,1.0,0.5468703907000331
4_2771,3,0,1.4024350365308011,1.0,0.32038504446373883
4_2774,3,0,1.1655504472812874,1.0,0.39246148988125584
4_2775,10,0,2.2342761854260447,1.0,0.16966541081358377
4_2777,1,0,0.7124482278139027,1.0,0.5198717269914686
4_2778,1,0,2.121169654022505,1.0,0.1332682591151203
4_2781,22,6,6.473522874134396,6.502481877192563e-08,4.904015544504592e-05
4_2783,4,0,0.11703638311334472,1.0,0.7277938851532781
4_2785,1,0,1.9363920208388754,1.0,0.1688293627040195
4_2786,4,0,1.14655076638629,1.0,0.4080656332984435
4_2788,1,0,1.8458881198966302,1.0,0.18828908642453035
4_2792,1,1,2.504902594366487,0.010000000000000009,0.07674638152936342
4_2794,3,0,-0.23318382868843596,1.0,0.8080983715011181
4_2795,1,0,1.0376872559009116,1.0,0.4136394401241815
4_2796,4,1,0.721494807034547,0.039403990000000035,0.5452786850805402
4_2797,13,1,2.6937799013145933,0.12247897700103212,0.10751641442744442
4_2799,131,4,2.804052569956345,0.04324102415726901,0.7075331687041841
4_2801,1,0,-1.6278589375351185,1.0,0.9760606061801866
4_2802,316,25,10.843462072575848,4.568809413327479e-15,0.0033308552358326526
4_2804,7,2,3.1562729025581646,0.0020310416349400033,0.03767215156441828
4_2806,23,3,3.0004798529750185,0.0015245656963660697,0.11143769457489983
4_2807,2,1,2.7306223566781997,0.01990000000000002,0.05672586875276586
4_2808,80,3,2.3532015587880792,0.04655318573593156,0.6104823696906243
4_2809,1,0,1.3317162116317434,1.0,0.32257956608753435
4_2811,83,3,4.823591118475461,0.050946918558575326,0.1035649274268946
4_2813,1,0,2.203417725443461,1.0,0.1192282939728696
4_2814,54,5,1.9140460509347408,0.00021038263382405051,0.5771001410617809
4_2816,28,5,1.5394325936776163,8.111495021482541e-06,0.4982514147365368
4_2817,10,0,1.7657090920680203,1.0,0.28020014595290155
4_2818,96,6,2.899527941904453,0.0004300022887938518,0.5541430954698319
4_2819,1,0,1.025594629425346,1.0,0.41752567972962507
4_2823,81,5,2.412211486347055,0.0013645945005696031,0.600912952740907
4_2826,22,1,4.217787962869055,0.1983694104609542,0.014880453108337854
4_2828,9,1,1.8411322206758034,0.08648275251635919,0.2521852662058073
4_283,3,0,0.7981990605901224,1.0,0.5109669368476326
4_2831,4,0,1.0685309473224431,1.0,0.4329116652780244
4_2832,2,0,-0.7674818416787392,1.0,0.9012551997040767
4_2835,1,0,-0.6160589706872521,1.0,0.873819587205047
4_2836,1,0,1.354277003578267,1.0,0.3159374627992688
4_2837,9,0,0.3896875459773042,1.0,0.6889224207500564
4_284,77,6,1.559089587378162,0.00012918902702007724,0.7752798641506579
4_2840,5,0,1.1641779738876938,1.0,0.4120579914449135
4_2841,109,4,3.500966411866823,0.02431468822423983,0.4680555419265612
4_2845,1,0,0.5807896373780389,1.0,0.5629014034324398
4_2846,5,0,-0.5821424309801694,1.0,0.8839500706496479
4_2848,1,0,-1.4297962001812876,1.0,0.9652551186977375
4_2849,3,1,2.4718641985691976,0.029701000000000026,0.08993565265143388
4_2850,3,0,-0.6989784760869329,1.0,0.894681376243767
4_2851,4,0,0.7548912974798553,1.0,0.5344796976986745
4_2855,1,0,0.19898049786588734,1.0,0.6818835956298461
4_2859,15,1,0.9379285588019247,0.1399416453587116,0.5740681184897882
4_2860,13,1,0.609571379433262,0.12247897700103212,0.6562776350789261
4_2861,3,0,0.9554986138887057,1.0,0.45972017748385996
4_2862,1,0,-0.1350907798087347,1.0,0.7728529926074619
4_2865,11,2,1.8681605622831898,0.005179717490315069,0.26149406808236186
4_2868,2,0,0.15730841765220455,1.0,0.701796258463153
4_2874,42,1,1.3293267272723819,0.3443407794258564,0.6581559641334859
4_2876,5,0,-1.2239955608604913,1.0,0.9569062807576736
4_2880,3,0,2.60021226434158,1.0,0.07407339715859484
4_2893,1,0,1.9207109687394213,1.0,0.17210514200934623
4_2894,129,8,5.1025151640832185,5.214488274043522e-05,0.2111961864496743
4_2899,1,0,1.5700762463604514,1.0,0.2556141290740197
4_2901,29,2,2.5824295587409627,0.03395931237935017,0.222969051913797
4_2906,18,1,-0.32272895587697237,0.16548623854991254,0.8898093776838196
4_2908,1,0,-1.2989022425073726,1.0,0.9561219138869451
4_2918,6,0,-0.18668020763507523,1.0,0.8144086319475257
4_2919,1,0,-0.8724366754216001,1.0,0.9124362334085467
4_2921,2,0,2.8158385838572166,1.0,0.049183604150595195
4_2922,6,1,1.5433136810522536,0.058519850599000056,0.3069820971646863
4_2924,13,3,4.650004084435417,0.00026530529471721815,0.0027081313489986103
4_2926,88,7,3.4951170046430566,3.1283184602470644e-05,0.366811008151228
4_2928,1,0,0.22635418274687355,1.0,0.6737941157735425
4_2935,1,0,-0.011759866936076101,1.0,0.7410676382600466
4_2937,1,0,-1.2658663933855814,1.0,0.9535340087061105
4_294,65,3,0.07273600727950079,0.02759340752341423,0.9447842653071413
4_2941,4,0,1.124260819970881,1.0,0.41513099981522994
4_2942,3,0,0.6486865982205295,1.0,0.5595221397366799
4_2945,4,0,2.163429230919701,1.0,0.14436581539915772
4_2948,2,0,1.4676861121716418,1.0,0.29249202756690496
4_295,1,0,0.27072451556014754,1.0,0.6605077793485299
4_2950,2,0,2.1781074236108258,1.0,0.1293843719636223
4_2951,1,0,-1.338578282712243,1.0,0.959074965365271
4_2954,2,1,-0.9541806574735933,0.01990000000000002,0.9253485898207019
4_2955,2,0,-1.998906770848812,1.0,0.9892650401792206
4_2957,1,0,-0.8646986693661555,1.0,0.9114172598957352
4_2958,1,0,-0.8834656756044247,1.0,0.9138734253907135
4_2959,7,0,0.41853441243063844,1.0,0.6652320482965584
4_2960,1,0,-0.566433687046842,1.0,0.8651467077605195
4_2961,1,0,0.20045033061498907,1.0,0.6814513828627115
4_2962,1,0,-1.022782529663664,1.0,0.9305378275624645
4_2963,1,0,-1.0393164215637434,1.0,0.9323381750982541
4_2964,1,0,1.5305491716347863,1.0,0.2661979832382102
4_2967,1,0,1.4634530925463751,1.0,0.2846577525261439
4_2968,9,1,-1.6480166539890018,0.08648275251635919,0.9830785542307939
4_2975,1,0,-0.2512678887061694,1.0,0.8006695546625064
4_2978,2,0,1.2366501289781053,1.0,0.36074767437820277
4_298,204,26,5.116732049655254,9.440619071652297e-21,0.40794593674970836
4_2982,11,0,2.4297808505800593,1.0,0.13907713127407006
4_2983,1,0,0.3381955885988173,1.0,0.6399209398387635
4_2985,1,0,-1.3323761964733543,1.0,0.9586242764432504
4_2987,2,0,0.3761838589472201,1.0,0.6367924810032067
4_2989,89,6,2.0965197776499673,0.00028599504825857643,0.7108076511729619
4_299,1,0,2.1144831081995443,1.0,0.13445771001206341
4_2992,2,0,1.9023123401925264,1.0,0.18328813980624759
4_2994,256,8,2.7931571134840225,0.004633041567300334,0.8565045139570924
4_2996,10,2,3.0878798688487437,0.004266200242831427,0.05097906616011283
4_2998,1,0,2.135482746949902,1.0,0.13074653516773882
4_300,1,0,1.4634530925463751,1.0,0.2846577525261439
4_3002,5,0,-0.7143896111901343,1.0,0.9035917058977844
4_3005,1,0,0.13438189180113194,1.0,0.7006278744467813
4_3006,1,0,0.9281364388409905,1.0,0.4491086425680233
4_3009,5,0,0.919067451394568,1.0,0.4906913375376082
4_301,63,5,1.9001605507765786,0.0004341003678143677,0.6340355835580973
4_3010,5,1,0.8975525823362943,0.049009950100000046,0.49765617053829037
4_3011,1,1,2.8692787105550757,0.010000000000000009,0.042031857187945665
4_3013,131,8,3.484905111209579,5.814627569637729e-05,0.5608965628171829
4_3014,7,0,1.0423647304396169,1.0,0.469833917520054
4_3015,7,1,0.3117929227180392,0.06793465209301006,0.6959408788681939
4_3020,5,0,1.0873855796412386,1.0,0.436466699622462
4_3024,1,0,1.483281407569282,1.0,0.27913936513234594
4_3025,1,0,0.9982564903455649,1.0,0.4263405894948773
4_3029,2,0,0.3928153469447267,1.0,0.6316571062277414
4_3030,12,1,-1.223138830155889,0.11361512828387083,0.9664189215502963
4_3031,2,0,-3.07464435849494,1.0,0.999270439565943
4_3032,23,2,2.8385315754654834,0.02201068076236393,0.1366035777217498
4_3034,2,0,-1.664683240537466,1.0,0.9785792564181052
4_3039,136,13,5.739642245970169,1.54111131053218e-09,0.13749257140286708
4_3045,3,0,-1.0966654299995031,1.0,0.9426050957184244
4_3046,16,1,1.9958521903107527,0.1485422289051245,0.2687161484942575
4_3047,2,0,-2.583997206962246,1.0,0.9972813821277398
4_3048,44,1,1.8464535151092014,0.3573883979152819,0.5291158673578903
4_3049,8,0,0.7078609412770017,1.0,0.5855857562452298
4_3051,11,2,3.1574289168229717,0.005179717490315069,0.048259245718021204
4_3052,39,3,2.2866766382610413,0.006986481622766975,0.36859639787580445
4_3054,1,1,2.667433471455193,0.010000000000000009,0.05923338548189039
4_3057,15,0,0.6754207039588883,1.0,0.6525064220312645
4_3059,98,6,2.44352424150576,0.0004800580705976209,0.6706305254901176
4_306,1,0,-0.3764739208245896,1.0,0.8282304409811116
4_3060,9,0,1.7010805985486304,1.0,0.2892223819349412
4_309,4,0,-0.9946787265674325,1.0,0.9347071268171262
4_31,5,0,-0.04431156720783174,1.0,0.7759217640140996
4_312,11,0,2.0293487873946954,1.0,0.22163803843033192
4_313,9,0,-0.1497412319015086,1.0,0.8222751826244745
4_317,1,0,-0.5441522027564325,1.0,0.8611225726723668
4_320,49,7,1.1162531246833791,5.945145241083488e-07,0.748887548845562
4_322,3,0,0.524793786844922,1.0,0.599120589884353
4_325,22,2,2.0933970637193493,0.020229279452277163,0.2906482629989402
4_328,16,1,1.6158320302941216,0.1485422289051245,0.3743054049798118
4_329,2,0,-1.136636867728092,1.0,0.94428261873676
4_330,51,2,2.612631473005785,0.09249089929369518,0.36641366510208595
4_333,2,0,1.507908304277643,1.0,0.28124815235573664
4_337,1,0,0.5753372405250119,1.0,0.564670982138187
4_338,2,0,1.1760668563591143,1.0,0.3795251999327296
4_339,2,1,1.3808642968460876,0.01990000000000002,0.31744807193826996
4_34,4,0,0.3756357744107444,1.0,0.6537594856587469
4_340,19,0,1.6412794389914187,1.0,0.3927105235829904
4_342,336,20,4.225227886055545,3.818162356138458e-10,0.6276168182729012
4_344,39,2,2.9735595261705527,0.05807465888566573,0.20278572236857972
4_345,28,0,2.0094693149422476,1.0,0.36090120518958957
4_346,444,26,7.417676038536573,1.4157547600159518e-12,0.05291184365616519
4_347,67,4,2.5257191860104977,0.004646395783591081,0.493330839389284
4_348,42,6,1.537808902550968,3.851730828491433e-06,0.6018852276541748
4_349,18,0,0.4031452998261107,1.0,0.7465461644178827
4_350,17,0,1.0061167266506474,1.0,0.5698471549370528
4_351,56,2,1.43998039152103,0.10820013753576062,0.7095358953995485
4_352,3,0,0.4033419398951666,1.0,0.6369766619838746
4_353,81,5,1.5476163044696596,0.0013645945005696031,0.7915270891134979
4_358,3,0,1.7851115733987022,1.0,0.217825752389883
4_359,42,3,3.89739269309542,0.008583853799733485,0.0762912447945654
4_360,1,0,0.959642721491698,1.0,0.4388531541745545
4_361,1,1,2.5860020040632077,0.010000000000000009,0.06757015251750598
4_362,343,22,4.5286406578772604,1.2339405450876287e-11,0.5671373047129356
4_363,27,0,1.0648599811538992,1.0,0.6299390075428939
4_364,25,1,0.5029852734571298,0.2221786406008534,0.7635326434767935
4_367,2,0,2.057647315269998,1.0,0.15140644269673065
4_37,37,3,0.4744268912825312,0.006028406965608407,0.8269172891063441
4_371,5,0,-0.5741550233547177,1.0,0.882678808577917
4_373,172,14,6.271742524373254,3.018329789113765e-09,0.1480856539126536
4_374,5,0,1.6392737796485786,1.0,0.2716544643127444
4_376,11,0,1.7316147360989054,1.0,0.2979253776421178
4_378,14,2,3.0162658755755998,0.008401244011166185,0.07127301921679907
4_379,1,0,0.7179317662413304,1.0,0.518070987262948
4_380,136,6,1.5968752265772312,0.002602579017778239,0.8992149475103075
4_381,1,0,-0.7146340483371303,1.0,0.8898758508111052
4_382,112,12,5.414954618453372,1.7519534617272466e-09,0.11626511647311188
4_386,1,0,1.912339987593144,1.0,0.17387034064913276
4_390,3,0,-0.14993996070262694,1.0,0.7889655635331299
4_395,2,0,0.449744276028839,1.0,0.6139053223821476
4_396,3,0,-0.6344293039476643,1.0,0.8847418228606834
4_397,2,0,-0.30571546038756314,1.0,0.8185020928827293
4_398,1,0,-0.571516173678822,1.0,0.8660533087602684
4_399,46,0,-1.645722232746598,1.0,0.995022171964952
4_40,38,2,2.7720569373697663,0.0554547523593632,0.23980335965241428
4_402,12,2,1.3298350745146026,0.006174537772824754,0.4253535368097514
4_404,85,11,2.5005241420514257,1.0810968515066412e-09,0.5990558907131434
4_405,73,0,2.316425565616512,1.0,0.5829466712587656
4_406,27,1,3.000936118044594,0.23765728565289646,0.13101045698646652
4_407,58,3,3.7728878156153796,0.02051377222027664,0.15576190741958218
4_408,1,0,1.1837928329498446,1.0,0.36745698360440526
4_410,63,6,1.7017687118513853,4.170364050099274e-05,0.6830425845159139
4_412,1,0,2.1638228469153935,1.0,0.12585128297572634
4_413,15,0,1.8533094617467814,1.0,0.2982829594540254
4_414,1,0,-0.4942054375036006,1.0,0.8518073422417084
4_419,1,0,1.1416140531498589,1.0,0.3806259280238923
4_42,3,0,-1.0787471719166881,1.0,0.9408998260026101
4_424,4,1,0.3361301055887156,0.039403990000000035,0.6655554153856299
4_425,1,0,0.3059855340944623,1.0,0.6498039721710037
4_426,2,1,3.1257758153722235,0.01990000000000002,0.02824412191043546
4_428,314,21,8.580828440859568,1.6352093436015848e-11,0.04835538302243181
4_43,26,1,-1.6833552611406981,0.2299568541948449,0.9913984397288905
4_432,1,0,1.2050466330281817,1.0,0.3608786823218971
4_435,7,0,2.540290768051498,1.0,0.09988419027745987
4_437,10,0,-0.052189803356838656,1.0,0.8067045653344689
4_440,4,0,2.065654106412561,1.0,0.16323296794092734
4_450,12,0,-0.8001738617065364,1.0,0.9326889698073104
4_451,104,8,5.449858168697031,1.0983306165792229e-05,0.09234117700587285
4_455,1,0,-2.200686855398041,1.0,0.9928671285082548
4_458,66,0,3.377489002142898,1.0,0.2738246569848565
4_459,376,32,10.18865470036517,8.767429293934294e-20,0.006120913894344104
4_46,214,8,2.793191739931067,0.001554827485690664,0.8397394996384855
4_460,36,2,2.920759539834743,0.05034561175058135,0.19557688484459046
4_461,3,0,-1.0712838315937103,1.0,0.9401779257597506
4_462,1,0,0.6134025505580016,1.0,0.5522917803322096
4_463,2,0,2.2720802034462,1.0,0.1138222843553145
4_464,68,4,3.8851030361694368,0.004898182780940207,0.18267014020036454
4_466,1,0,1.82639945440405,1.0,0.19265381814973181
4_467,2,0,-0.8869128029828465,1.0,0.9172452719087478
4_469,7,0,-0.25151775421968514,1.0,0.8330998351536791
4_47,2,0,0.4857495078989862,1.0,0.6025509567689702
4_473,1,0,1.5731011703415643,1.0,0.25481331824537923
4_48,1,1,3.7330484229577436,0.010000000000000009,0.007355869705090945
4_482,1,0,-0.8220483142559133,1.0,0.905641928543683
4_49,1,0,1.2881850351049118,1.0,0.3355553333753607
4_490,14,1,1.0085058815883792,0.13125418723102178,0.5437487993220136
4_493,24,5,3.6922145515722193,3.626850557136325e-06,0.04284117475099314
4_494,68,7,4.796959278099652,5.684741907910883e-06,0.06534114716634865
4_495,74,5,6.125196791575469,0.0009087216877532608,0.011621168280457783
4_499,1,0,0.6090666831311442,1.0,0.5537046516695376
4_50,1,1,3.153962306915718,0.010000000000000009,0.024870623153505522
4_502,10,0,1.9195319531524697,1.0,0.24047482362057782
4_503,2,0,-1.393595393008617,1.0,0.964283528023468
4_504,3,0,1.4454609598131738,1.0,0.3079016655859219
4_506,13,0,1.705981994835362,1.0,0.32220262780721987
4_509,44,2,2.381850667152887,0.07178324143318462,0.37911402318119414
4_510,1,0,-1.2012872358332065,1.0,0.9481220556684247
4_513,1,0,-0.35279864456589044,1.0,0.8232145478117481
4_52,6,0,1.8383884896639189,1.0,0.22874446274692595
4_522,1,0,1.9864962753532391,1.0,0.158633066470921
4_527,46,3,5.458099079886322,0.011020744391618396,0.007227303030590049
4_528,26,2,2.44944431295049,0.027723300751066573,0.23260256637627075
4_529,5,0,1.846400023728023,1.0,0.21890118068307718
4_53,52,5,0.8464551262534826,0.00017577600591676932,0.8169130553185666
4_532,10,2,1.126743096236641,0.004266200242831427,0.4707944240012878
4_533,9,1,1.2118080064196757,0.08648275251635919,0.4346745130726599
4_534,103,5,4.00374797889234,0.0038944680769486322,0.32369417882299056
4_535,1,0,-0.12538204746423087,1.0,0.7704333225247422
4_541,206,24,3.029526678388249,2.362733420339595e-18,0.8018682574868932
4_544,243,18,5.653612794662889,8.455531028569115e-11,0.36067458131721464
4_545,1,1,3.1546043010117044,0.010000000000000009,0.02483985256170529
4_546,6,0,-0.5839608386522415,1.0,0.8879041945175772
4_547,99,9,2.1543371285031045,7.69913409026353e-07,0.7359841012405043
4_548,24,2,3.381022991040562,0.02385443111830375,0.06908086349586551
4_55,4,0,1.0431500502250663,1.0,0.4410569889417595
4_550,1,0,1.0352230426358915,1.0,0.41443069809019617
4_552,1,0,0.8104493575158552,1.0,0.48766285349406635
4_553,5,0,1.9206024080016681,1.0,0.20154135340546586
4_554,1,0,-1.3748246953339385,1.0,0.9616298552491245
4_555,23,3,3.6012156852532105,0.0015245656963660697,0.04687292851824976
4_562,18,2,1.9966574739885161,0.013756463740805566,0.2844137257939252
4_567,6,0,2.1433526390215873,1.0,0.16119741375264673
4_568,1,0,1.1332246621081792,1.0,0.38326237259529694
4_573,331,17,6.499105412499938,6.563012250620566e-08,0.23825154386205505
4_575,70,3,2.5888940618586345,0.0333454773282759,0.4946414659094779
4_577,73,2,3.559461764969448,0.16581484312843975,0.27218765790707955
4_58,59,4,2.9288332132120303,0.0029381575166413983,0.33791685034997687
4_580,11,1,1.4467401297654843,0.10466174574128365,0.3804548017842587
4_583,23,1,2.39690739774888,0.20638571635634465,0.2237119930341509
4_584,2,0,0.9583273699784869,1.0,0.4490804071694925
4_585,3,0,1.1060752136838305,1.0,0.4112723691868445
4_586,17,0,2.0939003864750996,1.0,0.2517598001300274
4_587,34,0,0.040102101383408334,1.0,0.8873261481669463
4_588,1,0,0.7805858784948742,1.0,0.4974788857018757
4_590,1,0,0.2267871708362058,1.0,0.6736654866292472
4_592,3,0,0.928447750340754,1.0,0.46850924243200487
4_593,16,1,-0.047557786017970706,0.1485422289051245,0.8355060069801661
4_594,16,3,3.7254824163007965,0.0005079424092904579,0.02470935061155466
4_596,9,0,0.3944633497057825,1.0,0.6875720678607269
4_598,10,1,1.7463834666590958,0.09561792499119559,0.2854070145548204
4_599,82,4,3.861229903823291,0.009427708298066547,0.25436481367993324
4_60,1,0,0.6322148729616114,1.0,0.5461542006196187
4_600,27,2,0.40174686104657803,0.029745636285504362,0.7965776116873484
4_601,1,0,-0.5939116598693147,1.0,0.8699982138020101
4_602,5,0,1.4180515234426305,1.0,0.33422196888441047
4_605,1,0,-1.372708196691719,1.0,0.9614843327244583
4_607,3,0,1.4434394889756093,1.0,0.3084833665809549
4_609,8,0,0.44953743210017166,1.0,0.6640348052735601
4_611,1,0,-0.26587785575460166,1.0,0.8040163449448914
4_612,15,0,-0.1665242336087257,1.0,0.8533097896168678
4_614,4,0,2.8682025886079914,1.0,0.05102022652991589
4_615,11,1,0.36028572489896815,0.10466174574128365,0.7115696038177038
4_616,4,0,1.7854294092710927,1.0,0.2257320425413022
4_618,12,1,0.5808850886165167,0.11361512828387083,0.6569037449965562
4_62,1,1,3.6625044423935917,0.010000000000000009,0.008626666778937975
4_623,37,6,4.256912053132781,1.781584097849156e-06,0.03537024690251733
4_629,3,0,2.0006416227432404,1.0,0.169584709248082
4_63,1,1,2.880373668112853,0.010000000000000009,0.041218102184671035
4_632,56,0,1.8512200743217329,1.0,0.6062459299770342
4_633,3,0,0.04937428298425498,1.0,0.7388640591572418
4_634,7,0,2.3188475869670895,1.0,0.13482967170762516
4_635,5,0,1.3693794209168166,1.0,0.3487176428344916
4_636,4,0,0.07809699453842965,1.0,0.7382227263753185
4_637,1,0,0.6300721194539116,1.0,0.5468538652679994
4_640,8,0,1.1787711348083048,1.0,0.43577692039462723
4_643,1,0,0.30271177949677996,1.0,0.6508029371944406
4_647,29,1,-0.6801063025723253,0.2528279056684038,0.9526105460697419
4_649,2,0,-1.782068166550413,1.0,0.9830649046243313
4_652,6,0,0.5835240964571683,1.0,0.6070188590291261
4_654,7,0,2.2451322321917404,1.0,0.14813344546010676
4_655,85,3,-1.1032931681919138,0.053983631451358566,0.9945523634703559
4_656,1,0,-0.35313157820165164,1.0,0.8232857195194794
4_66,81,6,2.584725571096494,0.00017093360001287045,0.5575526661001073
4_660,64,5,4.325351961627534,0.0004670217881567616,0.10162982695247824
4_665,1,0,0.162136047426272,1.0,0.6926357695800076
4_666,1,0,0.3943153930811949,1.0,0.6224797427191
4_668,1,0,0.5217434037987907,1.0,0.5819906008894484
4_670,112,4,3.8118933781696493,0.02652364088354213,0.4078732647670983
4_672,2,0,-0.45216741884470196,1.0,0.8484701808072692
4_676,1,0,1.0434840158297236,1.0,0.4117794902865366
4_677,29,2,-0.06070441812346828,0.03395931237935017,0.8866329297375841
4_682,1,0,1.4634530925463751,1.0,0.2846577525261439
4_683,142,10,0.9617018139451906,2.0024659425846656e-06,0.9530219504783307
4_685,1,0,-0.8794576238231803,1.0,0.9133531901192649
4_686,8,0,0.9875681901845809,1.0,0.4967082702177207
4_687,11,0,0.46123957448677644,1.0,0.6836229871202438
4_688,8,0,0.9265262649706266,1.0,0.5162455566265265
4_689,371,28,4.6505199227262395,3.6502894431126313e-16,0.5098885484775548
4_690,21,2,1.7301279604443172,0.01851167488332298,0.38355966161385724
4_691,1,0,-1.3109895327506447,1.0,0.9570392294213103
4_692,2,1,2.357053143010285,0.01990000000000002,0.10094186128112637
4_693,157,10,2.906647075265162,4.9273791116267965e-06,0.7514240946966719
4_697,112,8,4.3777994547417185,1.889395571098557e-05,0.2835886735243034
4_699,1,0,0.433039876982371,1.0,0.6102949130310458
4_70,1,0,-0.026020985636181396,1.0,0.7448570999931455
4_700,91,2,1.3679831966087161,0.23100925191118446,0.8499549347615889
4_701,112,6,6.534274705535762,0.0009694536455799354,0.031106997353760324
4_702,3,0,0.9663843288205775,1.0,0.45618861574251257
4_706,3,0,-0.12148801680365896,1.0,0.7821781293662802
4_708,2,0,-1.0831659266218319,1.0,0.9391747420619332
4_709,5,0,0.0014344893799037054,1.0,0.7646581168278699
4_712,88,6,2.8189382668292677,0.0002689837094895491,0.5347608312347233
4_715,9,1,0.34503860200863806,0.08648275251635919,0.7014220830568757
4_718,1,0,0.9398352003185643,1.0,0.4452962789652589
4_72,1,0,0.9399033087329769,1.0,0.4452740984181818
4_720,70,5,2.8215952317208917,0.0007055911057716671,0.43356065037786684
4_721,50,2,3.272318179038551,0.0894353130960309,0.2059728462790691
4_723,5,0,1.9857369807122016,1.0,0.18700473273057816
4_725,39,3,3.3522955480600345,0.006986481622766975,0.1345202001713962
4_726,203,11,6.888632166528386,7.921800532322404e-06,0.12488443318052045
4_727,1,0,1.0346434381475338,1.0,0.41461685945870697
4_729,46,3,2.3186702477912386,0.011020744391618396,0.41065305213060743
4_73,7,0,1.3065992329882727,1.0,0.38647492089958735
4_732,60,2,3.7370938427473606,0.1212332713118075,0.17104874750626742
4_734,1,0,-0.0040066053537411855,1.0,0.7389952933368973
4_74,197,25,7.940913970017745,5.748880577198017e-20,0.04135181449041325
4_740,125,6,4.783984814787927,0.0017037200403560212,0.254162455224881
4_742,27,0,2.1976593831212607,1.0,0.30200375069811336
4_744,12,0,0.5014251798352983,1.0,0.6797005629927546
4_747,138,7,4.817460177793367,0.000518152621337812,0.2930542651824892
4_749,11,0,-1.6857814525780639,1.0,0.9854390831417039
4_756,1,0,-1.9092945886182104,1.0,0.9864602346221616
4_759,1,0,0.29761144285066365,1.0,0.652357189852936
4_761,63,2,5.1524530808479945,0.13124547516435983,0.032256708702489756
4_762,3,0,0.10432988598228585,1.0,0.7240472408556999
4_763,3,0,1.6776359576700652,1.0,0.24457268233416185
4_769,139,7,4.619974474869361,0.0005409529947763116,0.33637117401529393
4_774,70,6,1.8270587903319289,7.582224273126672e-05,0.6880621244622823
4_776,223,14,6.117830005234746,8.087813653842271e-08,0.2557574583221581
4_778,2,0,-0.14610262870066523,1.0,0.7819055067293917
4_78,139,12,4.024333251116812,2.061047735887744e-08,0.4666569873852773
4_784,5,1,0.4638649965706903,0.049009950100000046,0.6353597525181186
4_787,2,0,1.3741272514744374,1.0,0.31942175427738917
4_791,12,1,0.4739845751846182,0.11361512828387083,0.6874236361533907
4_792,3,0,1.633763025189005,1.0,0.255979129968781
4_794,5,1,0.19072830846451425,0.049009950100000046,0.714896308202639
4_796,13,2,0.27331555943338126,0.00724894367793522,0.747698460630421
4_801,21,2,3.3074875047408288,0.01851167488332298,0.06623389968204274
4_802,131,11,5.403054923275843,1.0554444236463942e-07,0.1700911075202044
4_803,3,1,0.37737176554645097,0.029701000000000026,0.6449144589132153
4_804,37,1,1.5659978616781833,0.31055091413092223,0.559095160675074
4_805,187,5,5.649604219957766,0.04084555092182178,0.2725155786966861
4_806,1,0,1.9807974758884037,1.0,0.1597719959703192
4_807,4,0,1.4930507728389482,1.0,0.3033482652544801
4_811,4,0,-0.5218215180521685,1.0,0.8700421081545209
4_812,404,28,6.004280896440505,3.1484357613166025e-15,0.23138894834824764
4_815,80,7,1.619235277623378,1.6780911929040933e-05,0.7745022447425385
4_822,26,2,2.6156443142947086,0.027723300751066573,0.19614350982548046
4_824,30,1,3.7958276532266892,0.2602996266117198,0.05031518227221021
4_825,3,0,1.2672737133208243,1.0,0.3608851739527169
4_826,13,0,0.20386375589892525,1.0,0.7648486100233298
4_827,149,6,7.205829031251211,0.004076716527140147,0.037842735197176625
4_828,3,1,3.2042709197964587,0.029701000000000026,0.026185028455544823
4_83,1,0,0.22949364422227506,1.0,0.6728609983887297
4_832,7,0,1.1110664017448821,1.0,0.44787814969838435
4_837,3,1,2.717783972433821,0.029701000000000026,0.061506056412447
4_846,2,0,-0.14823415159903874,1.0,0.7824206667273645
4_847,1,0,0.3008271816101752,1.0,0.6513775370580515
4_850,1,0,0.2552598603629816,1.0,0.6651622950386523
4_852,8,1,3.728739296171805,0.07725530557207996,0.01362395511871295
4_854,5,0,0.5519485062844428,1.0,0.6081877822765756
4_855,4,0,1.8599350482212365,1.0,0.20791664131177834
4_858,18,2,0.5272641130802543,0.013756463740805566,0.7148425191458962
4_859,20,3,2.3118464473734277,0.0010035761681001195,0.22198643393796202
4_860,2,0,0.2296971842323297,1.0,0.680875937795343
4_864,1,0,1.6804124262481503,1.0,0.22727449941493127
4_865,6,2,3.0068314455036584,0.0014604476050000025,0.04573799950525492
4_866,9,2,3.746750469117575,0.0034357300178462975,0.014219861864779526
4_868,8,0,0.522336791451382,1.0,0.6424745803848226
4_875,1,0,1.9175783460942435,1.0,0.17276437805960243
4_878,41,5,2.749492353989935,5.551890743370319e-05,0.26465867120445163
4_879,12,3,0.4782233509841676,0.00020561607776663676,0.6862358948966139
4_88,1,0,0.463280752921305,1.0,0.6007028337901898
4_880,28,4,2.49110493219741,0.00016897909435176111,0.23687318862626006
4_882,1,0,1.9499751245957195,1.0,0.1660244468686054
4_885,6,0,1.030686374467328,1.0,0.4641560006839498
4_892,6,1,2.198072082361672,0.058519850599000056,0.15061748143718634
4_893,2,0,0.5710761954603291,1.0,0.5753104025855447
4_896,1,0,0.3583502733578475,1.0,0.6336884493525764
4_897,1,0,1.6297242015153082,1.0,0.24006877915108138
4_899,90,2,2.6078670065366443,0.22732987034138183,0.5969781184994818
4_90,296,24,6.443682678280855,9.230880108994762e-15,0.2543190179700062
4_900,21,0,2.7396695387775054,1.0,0.1424270118713168
4_916,1,0,-0.8748476617390271,1.0,0.9127519282576322
4_92,7,0,1.9737565190820796,1.0,0.20443346913084048
4_921,7,0,1.38595806602656,1.0,0.36225446814834394
4_924,24,0,1.7690153356164637,1.0,0.3972792161643135
4_926,2,0,0.708150300314823,1.0,0.5308417824971303
4_927,62,1,2.8923309060290006,0.46373177479281497,0.3659874785546129
4_928,30,0,0.3624599185770515,1.0,0.8186247639917998
4_93,1,0,-0.05620828641040633,1.0,0.7527817588105536
4_936,17,0,-0.4746401004162327,1.0,0.9076096706219758
4_939,6,0,1.6735078227480138,1.0,0.271035698963762
4_940,1,0,-1.5983414830640799,1.0,0.9746563570008449
4_942,2,0,-0.35183050763055407,1.0,0.8283149521646537
4_944,82,1,4.343239462590236,0.5613824981900892,0.16601409921804855
4_946,6,1,1.1234447476468385,0.058519850599000056,0.4344865358229153
4_948,6,0,2.059589349114564,1.0,0.17830947471829395
4_949,1,0,0.21243536251371511,1.0,0.6779179393109508
4_950,4,0,0.9617899439249586,1.0,0.46731892504479144
4_952,209,21,7.0475004198644955,6.050361933765638e-15,0.11562070822839932
4_954,1,0,1.3363665317086952,1.0,0.3212057371008492
4_955,10,0,3.4445978158303134,1.0,0.027455443525234657
4_958,128,10,6.792783756382767,7.761253504897177e-07,0.03636454630461161
4_960,2,0,0.08184502798106946,1.0,0.7229146037569312
4_961,6,0,0.9509805042752679,1.0,0.48981714849703206
4_962,9,0,0.35908218590395524,1.0,0.6975151616231983
4_963,19,0,1.9399988130760375,1.0,0.3075959756378812
4_964,6,0,-0.14604829632701635,1.0,0.8054937578634163
4_971,12,0,1.8780223120111121,1.0,0.26706829911844154
4_974,2,0,0.8556162423674616,1.0,0.48258405689794426
4_975,1,0,0.14644300518168152,1.0,0.6971663170837888
4_976,10,1,3.1805650500192475,0.09561792499119559,0.04370111777745789
4_978,2,0,0.5509449998300794,1.0,0.5817749590374999
4_98,1,0,0.4496487094811055,1.0,0.605034678765028
4_983,1,0,0.1049733947138685,1.0,0.7089919754591839
4_984,44,1,-0.40129862354783113,0.3573883979152819,0.9527370069460577
4_989,2,0,1.5754458835271645,1.0,0.2628513716696601
4_992,11,0,0.4770135812964536,1.0,0.6791542582103522
4_993,1,0,0.7848740810290057,1.0,0.4960691337116747
4_995,78,2,-0.11147004821370006,0.18363711766997068,0.967907753362052
4_996,64,1,2.3819814887799673,0.47440351247443796,0.5133441743287834
5_0,151,12,5.034109442977142,5.188000068599596e-08,0.2928362413936034
5_1004,9,1,-0.7671675649763693,0.08648275251635919,0.9218610432998141
5_1005,110,10,3.5017468376877616,1.888447513068558e-07,0.4723549870817122
5_1007,42,2,2.5172490594258283,0.06618232221258309,0.3289796164284745
5_1009,1,0,0.9164820078549456,1.0,0.45291123781056597
5_101,20,1,2.8391589445569414,0.1820930624027693,0.1208332711325123
5_1012,11,1,0.893738309793126,0.10466174574128365,0.5535368486529407
5_1014,6,0,2.0452841944737865,1.0,0.18134239359297744
5_1015,17,2,1.3453424720047782,0.012308985529944274,0.4651322471077096
5_1019,4,0,1.2728943899989489,1.0,0.3686437267847028
5_102,1,0,1.3439463385808945,1.0,0.31897170146914244
5_1021,4,0,0.4672421101468044,1.0,0.6258435256964483
5_1022,21,4,4.615168175950449,5.223048004701707e-05,0.006102574974652053
5_1024,93,3,2.9713330675633043,0.06696571713704219,0.5218214496635689
5_1028,3,0,-2.9691326681780246,1.0,0.999058976629025
5_1029,6,0,-0.4124952565271348,1.0,0.85922174715121
5_1030,34,2,2.6897832053373776,0.04541839164429414,0.23215487873958263
5_1031,46,4,0.8890951753697018,0.001167366492986023,0.7837704126279764
5_1033,1,0,-0.1305708545483207,1.0,0.7717283016204148
5_1035,1,0,-0.703523125897494,1.0,0.8881430568704092
5_1036,190,22,2.4844417832168464,6.800601061778091e-17,0.8584485903593102
5_1037,152,11,6.155111431836389,4.753688353559322e-07,0.12314423685261111
5_1038,1,0,1.043117708595128,1.0,0.41189696553264543
5_1039,99,6,4.3498310806274825,0.0005067274158357266,0.23500355359370673
5_104,2,1,1.2401360842621596,0.01990000000000002,0.35967687055101094
5_1041,1,0,-0.7927343718691676,1.0,0.9015144922294815
5_1042,54,6,1.9356840066382508,1.711619570454165e-05,0.5712403037327275
5_1043,40,3,2.132854204257794,0.007497363395395961,0.41865752202485984
5_1046,59,3,5.050904786083008,0.021455323007971386,0.03118639085442143
5_1047,20,2,0.4896400806049404,0.016859337635651808,0.737342940895605
5_105,4,0,0.08209929316781259,1.0,0.7371603478023222
5_1050,1,0,2.24353697938876,1.0,0.11277246380941541
5_1051,11,1,3.07131989164732,0.10466174574128365,0.05550932867118119
5_1052,143,17,7.210059828994396,1.3850700557404306e-13,0.03235346098503844
5_1057,245,23,6.424782016356505,1.4088575603590607e-15,0.23261081994671073
5_1058,22,0,2.0459812029193922,1.0,0.3031736263768974
5_106,2,0,-0.14732577104362096,1.0,0.782201209462986
5_1060,3,2,2.302756054874132,0.0002980000000000005,0.11451473265286438
5_1062,1,0,2.090037313269526,1.0,0.138868221727532
5_1063,14,1,2.5323948987020537,0.13125418723102178,0.138629678477739
5_1065,28,4,-0.23893169136322137,0.00016897909435176111,0.9076029481983249
5_1066,15,0,0.8983927033340464,1.0,0.5861565407762536
5_1067,26,2,1.4296900128573014,0.027723300751066573,0.5150487946355519
5_1071,5,1,1.9021548287563999,0.049009950100000046,0.2057783492548555
5_1073,2,0,1.2291701345512742,1.0,0.36304903194398597
5_1074,4,0,0.5372456657090395,1.0,0.6040473720536799
5_1075,18,2,0.9166836744357907,0.013756463740805566,0.6049427748732011
5_1076,3,0,-0.019334502808002633,1.0,0.7567962684527564
5_1078,109,11,5.9507046014648415,1.560792067977463e-08,0.059640209458863835
5_1079,10,0,0.1845588208531352,1.0,0.750870668806812
5_1085,14,1,-0.321494810821802,0.13125418723102178,0.8757588444087939
5_1086,27,3,4.635813684304903,0.002444106570594271,0.009415713864688313
5_1088,2,0,1.692111531492508,1.0,0.23258795025961287
5_1089,15,1,2.851640043499046,0.1399416453587116,0.09504352431358642
5_1090,2,0,-0.2506244976303643,1.0,0.8063288356623965
5_1092,3,0,1.3511368233785361,1.0,0.33553750429932583
5_1093,46,3,2.674456637248917,0.011020744391618396,0.3165234263484673
5_1094,2,0,0.8744258179183209,1.0,0.47643224418768426
5_1096,8,4,5.18832774949638,6.778784035000024e-07,0.00036346180554758245
5_1098,1,1,2.6698311456616075,0.010000000000000009,0.05900073120177418
5_110,43,1,0.7507086280024425,0.35089737163159784,0.7987328944889569
5_1101,1,0,-1.813141498852775,1.0,0.9834608322093883
5_1103,1,0,0.8252823674812736,1.0,0.48278969540029737
5_1105,3,2,3.093342077393364,0.0002980000000000005,0.03220242845212007
5_1108,44,1,-0.47772492738653344,0.3573883979152819,0.9578584506165363
5_1118,7,0,-1.1310484940771761,1.0,0.9530247538201054
5_1120,25,1,-0.9888629309334901,0.2221786406008534,0.967486689875489
5_1124,20,4,2.6272393137616055,4.262092764244029e-05,0.15674283786483123
5_1125,30,3,1.315171571464003,0.0033177093188826454,0.5800448940388898
5_1127,87,5,1.981607468813888,0.0018734622524773262,0.7274242609960613
5_1128,101,8,4.998082235637065,8.84883930489337e-06,0.1371373074512201
5_1131,2,0,0.3710468547283949,1.0,0.6383737474950922
5_1133,2,0,-0.6771614132147763,1.0,0.8877392256858254
5_1136,2,0,0.789184533932226,1.0,0.5043343482064002
5_1137,3,2,-0.4339774975446546,0.0002980000000000005,0.8496911633208692
5_1138,1,0,0.8096704601957909,1.0,0.4879188055439122
5_1139,2,0,0.09099903315789107,1.0,0.7203923132776443
5_114,2,0,1.2466580967002123,1.0,0.3576764225588296
5_1140,2,0,0.09099903315789107,1.0,0.7203923132776443
5_1142,1,0,1.1202301945917938,1.0,0.3873566584293078
5_1144,1,0,-1.1280661108672627,1.0,0.9413925149096489
5_1146,4,0,0.5969366104966917,1.0,0.5851986050569336
5_115,5,0,-0.5089509362483197,1.0,0.8719314668294271
5_1150,1,0,-1.0390050234083306,1.0,0.9323046038185687
5_1151,3,0,-0.3378088763428765,1.0,0.8305819595637649
5_1152,2,0,-0.06115476281326054,1.0,0.7608100955472819
5_1153,2,0,-0.495344664915091,1.0,0.8566386351810062
5_1156,1,0,0.44196380219381376,1.0,0.6074710333146003
5_1157,1,0,1.07328362492678,1.0,0.40225010743236134
5_1160,2,0,1.961279298265703,1.0,0.17072320675287456
5_1161,21,1,2.525413205983686,0.1902721317787416,0.1826391825421183
5_1163,1,0,-0.8220845113565238,1.0,0.9056469450449287
5_1164,3,0,0.7589861706708643,1.0,0.5237469456187305
5_1166,4,0,2.2365846086065266,1.0,0.13124971847748257
5_1167,3,1,0.5223631288607448,0.029701000000000026,0.5998887631533919
5_1169,1,0,0.1406529954863918,1.0,0.6988302963374351
5_1170,18,1,0.9550061966637458,0.16548623854991254,0.5934772163569217
5_1172,1,0,0.26867057136013317,1.0,0.6611274017331823
5_118,2,0,-0.4052009030601844,1.0,0.8392400414923323
5_1185,8,0,0.900345441261657,1.0,0.5246158748845313
5_1186,1,0,-0.7440233647730337,1.0,0.8943661938302474
5_1188,1,0,-0.20310840808730418,1.0,0.7893961430964267
5_1189,4,0,-0.019413914626117967,1.0,0.7634090573610495
5_1190,1,0,0.4595463996261157,1.0,0.6018907548891375
5_1191,8,0,1.8497540705267634,1.0,0.24192428356681517
5_1196,3,0,-1.3592595173306283,1.0,0.9634144491345192
5_1200,59,5,0.11500511540837663,0.0003195684572613961,0.9330017577402777
5_1201,2,0,-1.3553964092231037,1.0,0.9617493730675356
5_1202,363,25,8.20761939035779,1.0597077747602207e-13,0.05877502494453313
5_1203,13,1,2.380867094706063,0.12247897700103212,0.16028251528402881
5_1204,221,26,7.888076292482321,7.336303218164093e-20,0.05966536837940983
5_1205,2,0,0.8253636597244756,1.0,0.49248647129068257
5_1206,10,1,3.675653523009341,0.09561792499119559,0.017705361449049883
5_1207,12,0,0.8542557467079012,1.0,0.5745049959806237
5_1209,3,0,2.6052242488988004,1.0,0.07350040369804423
5_121,3,1,0.7839724510526875,0.029701000000000026,0.5156055728826077
5_1211,298,19,4.960405890672718,3.296743625041965e-10,0.5146117522945406
5_1213,1,0,0.8171721074253282,1.0,0.48545392505356266
5_1215,114,11,1.6822179656694232,2.5003982367678405e-08,0.8555965690124772
5_1216,4,0,0.3973594017420915,1.0,0.6472080163936071
5_1217,13,0,3.021629975312073,1.0,0.06704567781683313
5_122,3,1,0.9667807815685105,0.029701000000000026,0.4560600614641177
5_1221,37,2,0.9631816285292045,0.05287802345257978,0.721336199389461
5_1233,93,4,3.8815982554606383,0.014445267970466623,0.3035751154586853
5_1234,15,0,1.6979474770291056,1.0,0.3417071737474111
5_1235,211,12,2.966314757384568,1.8878800874802952e-06,0.8150221466416447
5_1237,5,0,0.9602698327779596,1.0,0.47736295112581484
5_1241,24,0,2.4620776191234945,1.0,0.21596368963086754
5_1242,7,0,0.5684151527527671,1.0,0.6202211322201009
5_1244,2,0,0.3449643039962892,1.0,0.6463655305975835
5_1249,7,1,0.847999587361427,0.06793465209301006,0.5322259882833151
5_1250,8,0,1.643044149889551,1.0,0.29658484249712025
5_1251,1,0,1.226655839921828,1.0,0.3542323219378627
5_1252,2,0,1.234111800628224,1.0,0.36152807744099125
5_1253,18,2,0.7012137377279416,0.013756463740805566,0.6674722754168895
5_1255,1,0,-0.1519178619679616,1.0,0.7770124942130134
5_1256,9,1,0.31179991003606444,0.08648275251635919,0.710576349998101
5_1257,1,0,1.6573580271760857,1.0,0.2330455047144182
5_1258,6,0,0.3340828339970057,1.0,0.6819748487736706
5_1259,42,2,1.0820431179346743,0.06618232221258309,0.7205279816650411
5_126,74,9,6.954426709994747,6.152038431885956e-08,0.002460551001858491
5_1260,167,12,2.6621434039874012,1.5671974821406185e-07,0.8083260321780843
5_1263,2,0,0.03706907316461294,1.0,0.7350892769522177
5_1264,7,1,-0.02980817625887611,0.06793465209301006,0.7846248915153081
5_1268,37,2,1.8527110734500987,0.05287802345257978,0.47619174646708984
5_1273,3,0,0.6910286740532497,1.0,0.5458299164137254
5_1275,7,2,-0.17092735323425534,0.0020310416349400033,0.8163586171486112
5_1277,18,0,0.7767995553612158,1.0,0.6459606427116564
5_1278,7,3,1.634388225438634,3.396253015000008e-05,0.29028903810398665
5_1280,15,0,0.8027683429220067,1.0,0.6150380237552904
5_1281,24,1,0.4252388527557091,0.2143218591927812,0.7759236303033752
5_1288,2,0,0.6903271887844352,1.0,0.5366577726352
5_1290,1,0,-1.1093486622953157,1.0,0.9395666945509955
5_1296,6,0,0.49206687648832226,1.0,0.635140656023538
5_130,21,0,0.12062234875194883,1.0,0.8255630576658419
5_1301,1,0,0.07510596732344269,1.0,0.7173731446648343
5_1303,1,0,1.865973136584703,1.0,0.1838551939547084
5_1304,2,0,0.453237161705272,1.0,0.6128079217428588
5_1306,9,0,3.2628885117241606,1.0,0.03559056664299387
5_1307,1,0,0.16966029663995777,1.0,0.6904530063737346
5_1309,39,3,0.7991897187553476,0.006986481622766975,0.7699998288785436
5_131,1,0,0.5509742595973622,1.0,0.572561701911694
5_1310,2,0,0.19430316494347494,1.0,0.6911823994269753
5_1311,99,8,3.950856478375113,7.629669236865599e-06,0.31685656434578646
5_1312,1,0,0.8591590000527316,1.0,0.4716708485858546
5_1313,19,2,3.44279653493633,0.015273761488896639,0.04827170375868728
5_1314,19,3,2.421858196814893,0.0008594328820314674,0.1909625900000388
5_1315,10,0,2.071637144769097,1.0,0.20441999127246357
5_1319,36,5,-1.6500473372447557,2.9112762779191584e-05,0.9933399683496358
5_132,81,4,0.7070315296910787,0.00903812886129144,0.9118620249959486
5_1321,9,1,1.946064900669412,0.08648275251635919,0.22616918551760512
5_1322,16,0,0.01005215052713559,1.0,0.8241370745907752
5_133,3,1,1.9985269432078003,0.029701000000000026,0.17002198636813548
5_1332,44,5,4.005392636768034,7.84799641027036e-05,0.07177213301795282
5_1335,3,0,1.258598418083734,1.0,0.36354483748781297
5_1336,7,2,0.7098990845926227,0.0020310416349400033,0.5761686515390678
5_1337,11,0,0.4678374611205911,1.0,0.6817570371405393
5_1339,2,0,1.9942061306972911,1.0,0.1639528609012565
5_134,1,0,-0.6002820791271816,1.0,0.8711055041602382
5_1341,4,0,0.30134139828269413,1.0,0.6758097365330071
5_1347,43,7,0.3860811570789212,2.3502846612660985e-07,0.8637377405738482
5_1349,1,0,-0.710703710271321,1.0,0.8892651129202483
5_135,6,0,0.7302388461765236,1.0,0.5607772303132439
5_1355,1,0,2.1771506098764704,1.0,0.12359390010036764
5_1357,11,0,0.9882263870417219,1.0,0.5237676855701972
5_136,2,0,-0.11051053589821588,1.0,0.7732001001316895
5_1360,7,0,1.618852568942304,1.0,0.2945891626365976
5_1362,6,0,-0.18447908544152658,1.0,0.8139322871191186
5_1363,59,2,-0.06217750868983158,0.11793950109437501,0.94729973549971
5_1367,2,1,2.394690922596049,0.01990000000000002,0.09558935976637462
5_1369,1,0,-0.42039037260327383,1.0,0.8372913663039243
5_137,2,0,1.1623704888998807,1.0,0.3838118450881727
5_1370,6,1,2.6175716591691622,0.058519850599000056,0.08488395015062822
5_1371,3,1,2.44625937684905,0.029701000000000026,0.09338196198311843
5_1373,2,0,-0.15731796184172858,1.0,0.7846082107077215
5_1374,1,0,-0.799133614888485,1.0,0.902426605009532
5_1376,158,20,5.65416702557198,2.9459119933998685e-16,0.2042207897070225
5_1377,20,0,2.309161735721377,1.0,0.2226011069979792
5_1378,2,0,1.4542481197083974,1.0,0.2962945603503928
5_1379,6,0,0.6093351825976301,1.0,0.5989729065884771
5_1380,7,1,1.5614286643078057,0.06793465209301006,0.31073279923584796
5_1382,5,0,2.141459162021327,1.0,0.1549661699854692
5_1383,3,0,0.5602545604491318,1.0,0.5878716099624868
5_1384,3,0,0.807219132054946,1.0,0.5080251025105441
5_139,1,0,0.27639252159683125,1.0,0.6587956391828302
5_1390,9,0,1.251547539247847,1.0,0.422204471487421
5_1391,1,0,1.3401095245599475,1.0,0.3201017302323733
5_1393,2,0,0.726498411002771,1.0,0.5248476060719878
5_1396,2,0,-0.9243895824787006,1.0,0.9218378600970158
5_1401,2,1,2.2580109223980687,0.01990000000000002,0.11606323115993633
5_1409,1,0,0.028448252283284455,1.0,0.7302289197497114
5_1416,3,0,-0.4669907603054824,1.0,0.8559063119038323
5_1417,1,0,-0.619582820581478,1.0,0.8744203092807092
5_1418,1,0,-0.798628942980457,1.0,0.9023548976533299
5_142,1,0,0.4125935877885204,1.0,0.6167427852575923
5_1422,1,0,1.470554930687278,1.0,0.28267527374934764
5_1429,1,0,-0.299664735590327,1.0,0.8116244514201962
5_1430,3,0,-0.1055281643932744,1.0,0.77831630009319
5_1432,1,0,1.7950053094993104,1.0,0.19981367774365277
5_1434,6,2,-0.9604418176553742,0.0014604476050000025,0.9357242490623812
5_1436,30,4,2.816072045853076,0.00022259789863339767,0.18046987617832122
5_1437,1,0,-0.77678945359354,1.0,0.899214666345121
5_1438,1,0,-0.27436049368926696,1.0,0.8059437738675161
5_1440,1,0,1.9028340857251327,1.0,0.17588877012704596
5_1441,1,0,1.0446896281869371,1.0,0.4113929045959559
5_1442,7,2,2.4685820359758113,0.0020310416349400033,0.1103906955432814
5_1443,2,1,2.5535863177143088,0.01990000000000002,0.0752826215541803
5_1444,53,6,2.5066662610463655,1.5344767446431594e-05,0.408162364055366
5_1447,24,1,0.9796632342796091,0.2143218591927812,0.6323621326549412
5_1448,1,0,1.0836664415858528,1.0,0.39894315941424907
5_1449,4,0,-0.011471082855282507,1.0,0.7614086267112863
5_145,4,1,2.90090386412667,0.039403990000000035,0.048288417189687016
5_1451,36,3,1.0884860028201948,0.005580758432426863,0.6838181401093117
5_1452,3,1,2.332903581204801,0.029701000000000026,0.10981437264534843
5_1453,4,0,0.8751092056306112,1.0,0.49545295013824453
5_1455,2,1,1.6289234528506933,0.01990000000000002,0.24873391264235334
5_146,2,0,1.0218118418544502,1.0,0.42853717795915225
5_1461,2,1,3.9158167847481775,0.01990000000000002,0.005297248656696341
5_1463,13,1,1.140091085750973,0.12247897700103212,0.49374607573387075
5_1464,1,1,2.4815781076202845,0.010000000000000009,0.07955354293796635
5_1465,10,0,0.2883214361896863,1.0,0.7239375858822702
5_1466,1,0,1.7505258361538951,1.0,0.2102275057734183
5_1468,1,0,0.5563524178526964,1.0,0.5708221958068186
5_147,2,0,0.6497643496400981,1.0,0.5498630110069574
5_1472,2,1,1.2972426020716394,0.01990000000000002,0.34229725915290377
5_1473,15,2,2.93871247323082,0.009629773443364747,0.08403422449713238
5_1477,1,0,1.0303484561963874,1.0,0.4159969463370904
5_1478,1,1,3.5303722259295203,0.010000000000000009,0.011531903189241022
5_1482,1,0,0.6040217227135448,1.0,0.555347726683734
5_1483,1,0,0.15112073015388752,1.0,0.6958189966584631
5_1488,47,6,3.3553253491291053,7.554243968214486e-06,0.17399684722022313
5_1489,4,1,2.6608183738638314,0.039403990000000035,0.07131070993715927
5_149,2,0,1.7009547596661247,1.0,0.23037572596141498
5_1491,1,0,0.994546045582327,1.0,0.42753992960454423
5_1492,2,1,2.386522230401411,0.01990000000000002,0.09673291582907839
5_1493,1,0,-0.8127646617079108,1.0,0.9043488178925494
5_1494,7,1,1.9082049788261581,0.06793465209301006,0.21973460096465702
5_1497,5,0,0.8651328561131088,1.0,0.5081518158543412
5_1500,1,0,0.36105672852527265,1.0,0.6328487900897634
5_1501,1,0,0.6386868945710966,1.0,0.5440400564659048
5_1502,6,1,1.7724153188070135,0.058519850599000056,0.24520735530358473
5_1505,1,0,-2.062611018943554,1.0,0.990273000575453
5_1506,1,0,-0.421165547874499,1.0,0.83744845803238
5_1510,1,0,1.5814563144851181,1.0,0.2526082405320036
5_1511,26,3,2.8154887937773614,0.0021887611748319237,0.15720991311597987
5_1513,1,0,1.0471955874550565,1.0,0.41058963171338103
5_1516,15,2,1.5840612298426513,0.009629773443364747,0.37497048316641735
5_1517,8,1,0.43320010339401993,0.07725530557207996,0.6688030043124206
5_1519,40,4,2.803401611010872,0.0006856064270094555,0.24567150135775273
5_152,4,0,-0.5642491991495193,1.0,0.8772102111224545
5_1520,49,4,2.6750028321739783,0.0014801343849199936,0.33670402047010606
5_1521,2,0,0.5221611541548792,1.0,0.590979404185731
5_1524,6,0,1.798482407123463,1.0,0.2386275313326114
5_1526,10,3,4.3613262677742695,0.00011384911790577993,0.00402686655618667
5_1527,4,1,2.582643238208211,0.039403990000000035,0.08039576042351748
5_1528,2,0,1.2137400129579219,1.0,0.36781196215720713
5_1546,3,0,2.437607539590226,1.0,0.09456824250294193
5_1548,1,0,0.4237932517527529,1.0,0.6132147763499797
5_1553,4,1,2.252042733341477,0.039403990000000035,0.12858700961880798
5_1554,1,0,-0.0683060602711681,1.0,0.755920279460865
5_1556,3,0,-0.7247234810442895,1.0,0.8984675845205696
5_1557,2,0,0.3423008424569204,1.0,0.6471780758186129
5_1563,1,0,-1.205542348258311,1.0,0.9484934194486394
5_1566,1,0,1.7503254373056727,1.0,0.21027513439895928
5_1568,1,0,0.4187601926611235,1.0,0.6148014185844204
5_1579,3,0,0.5507484925162821,1.0,0.5908946579985632
5_1580,78,5,1.411311695130003,0.0011524023470315913,0.8062820774438367
5_1581,28,1,0.5597962519521528,0.24528071279636746,0.7668622822212616
5_1582,45,2,0.8851942541895675,0.07463929299800556,0.7800537665509181
5_1583,1,0,0.8642993266183975,1.0,0.46998542495065576
5_1584,33,3,-0.8035361442693318,0.004360338617881007,0.9654685108791236
5_1585,177,25,3.7014940680475568,3.9717032818134816e-21,0.643471562872912
5_1586,2,1,2.0685919771323706,0.01990000000000002,0.14930832324239596
5_1587,1,0,1.4653670579620974,1.0,0.28412281598534483
5_1594,40,3,1.5993887719177744,0.007497363395395961,0.5709552761397598
5_1596,12,0,0.3503982341218702,1.0,0.7211591828660486
5_160,1,0,-0.6078764799509212,1.0,0.8724169746909536
5_1602,134,13,2.6289879195440307,1.2831534845652986e-09,0.7489900729751316
5_1603,2,0,2.1201538474476735,1.0,0.1396858587215073
5_1604,2,0,0.22970846120987834,1.0,0.680872631077305
5_1606,2,0,1.6026604818541978,1.0,0.25561618523267415
5_1607,5,0,0.8172720091573517,1.0,0.5236339928363303
5_161,2,0,-0.2704071393978953,1.0,0.810756298980882
5_1613,2,0,-0.8525430882834304,1.0,0.9128575795599733
5_1616,7,1,0.8855713741315133,0.06793465209301006,0.520179434468634
5_1619,1,0,0.13411934847475923,1.0,0.7007030248540693
5_162,1,0,0.5289808418646434,1.0,0.5796602102487415
5_1621,2,1,1.808813314573803,0.01990000000000002,0.20435909378174033
5_1622,2,1,2.3682954634448117,0.01990000000000002,0.09932068530589944
5_1623,3,2,1.7829068147379536,0.0002980000000000005,0.21835692525124983
5_1624,3,0,-1.7200992440323868,1.0,0.981548690508979
5_1627,4,1,1.6582719560840131,0.039403990000000035,0.2580433094405362
5_163,4,0,1.1373576853623328,1.0,0.4109761333724905
5_1630,3,0,-0.7932280886865803,1.0,0.9080575403024687
5_1631,4,1,1.1344807959651706,0.039403990000000035,0.4118879631771559
5_1634,9,0,-0.2747737590404865,1.0,0.847090323107269
5_1635,2,0,1.988528233904879,1.0,0.16510773773469833
5_1636,5,1,0.4059969850271052,0.049009950100000046,0.6528570301726877
5_1638,257,25,1.1235806277714837,3.647655871558781e-17,0.9697044869451423
5_1639,2,0,2.0643911173155,1.0,0.15011133185422532
5_1641,48,6,2.513051830096786,8.559985217362771e-06,0.37212350751476564
5_1643,174,16,6.536425155607581,3.73454854183227e-11,0.12085531424418505
5_1644,122,13,3.05227392382642,3.9839123893223587e-10,0.6261502261186823
5_1645,4,0,2.0756800607597246,1.0,0.16122770604138026
5_1646,15,1,3.3122274977325703,0.1399416453587116,0.0473972882818573
5_1648,132,12,2.041747257701217,1.1512927472839548e-08,0.8397975885190894
5_1649,9,1,-2.02115361318383,0.08648275251635919,0.9922453120904868
5_165,2,0,-0.40704766350183363,1.0,0.8396097706663725
5_1650,1,0,-0.2037134896867072,1.0,0.7895400649607982
5_1651,362,42,3.90691394770203,7.592002091419054e-31,0.6537532663977734
5_1655,5,1,3.3717507975814214,0.049009950100000046,0.022015072665083624
5_1656,152,18,4.59710356574198,2.877044217814808e-14,0.3845997460425077
5_1657,13,2,0.9797220822335305,0.00724894367793522,0.5440647590218769
5_1658,31,3,0.7447450392897982,0.003646012208816228,0.7400887288523472
5_1661,2,0,-1.8808270859826104,1.0,0.9861915275717555
5_1669,3,0,0.712895952256498,1.0,0.5387362199903076
5_1672,47,5,3.7457919833948057,0.00010812836888304305,0.11241803421951913
5_1674,3,0,3.26231094862661,1.0,0.02343120066252813
5_1676,1,0,-1.1807459036597194,1.0,0.9462992965009998
5_1679,1,0,0.1406529954863918,1.0,0.6988302963374351
5_168,1,0,0.4150789890316457,1.0,0.6159606823762123
5_1680,13,0,1.671796513729191,1.0,0.3319215958486428
5_1683,1,0,1.962941154915497,1.0,0.16337521387761433
5_1684,155,6,3.6881022955569684,0.004933438177338316,0.5924734315040467
5_169,1,1,2.9271987599729505,0.010000000000000009,0.03792334856796287
5_1692,55,1,4.6181222886478315,0.42464525002307163,0.049249086650864804
5_1693,46,2,1.5662470708557252,0.07753104520738682,0.6202642073846139
5_1694,5,0,-1.1949482538543474,1.0,0.9547044627403656
5_1696,30,3,2.9665289582143286,0.0033177093188826454,0.15258560084306194
5_17,2,0,-0.20553557584390855,1.0,0.7960042921652036
5_170,3,0,0.5497989172572624,1.0,0.5911963411510719
5_1700,4,0,2.8618018918543813,1.0,0.05156905709937887
5_1702,1,0,2.247926485387733,1.0,0.11208156798896307
5_1704,1,1,3.298402904963171,0.010000000000000009,0.018707174129817594
5_1705,3,0,0.8812642403445786,1.0,0.48387383619578206
5_1707,1,0,-0.8261916220459458,1.0,0.9062148668220671
5_1708,2,0,0.0978856811698166,1.0,0.7184874520856083
5_171,1,0,1.0327938124325668,1.0,0.4152110630699659
5_1712,8,1,0.8745398534105326,0.07725530557207996,0.5328556249984812
5_1713,27,1,1.5989723416443238,0.23765728565289646,0.4723990410876556
5_1717,9,0,0.7461623786176552,1.0,0.5823063889624956
5_1719,3,1,3.091984810649674,0.029701000000000026,0.03228258986515986
5_1720,7,2,3.8301473259270757,0.0020310416349400033,0.010139542223331577
5_1724,13,3,2.383523398797596,0.00026530529471721815,0.15977322310540187
5_1726,1,0,0.8089725426585168,1.0,0.4881481512027235
5_1734,8,0,0.6296689215668406,1.0,0.6098586915703963
5_1735,2,0,-1.8192014952462146,1.0,0.9843051250275582
5_1737,2,0,1.0620280162204436,1.0,0.4156193337481864
5_1739,2,0,-0.3918035533871216,1.0,0.8365411875624202
5_1740,11,0,0.8204846230934494,1.0,0.5764186933742068
5_1743,20,3,2.0423999085080244,0.0010035761681001195,0.28829042395321736
5_1745,2,0,0.6185408687228836,1.0,0.5599911190557617
5_1747,3,1,1.4899417610808932,0.029701000000000026,0.2952259604473296
5_1748,50,6,3.8717501331776654,1.0896832026558254e-05,0.10760467728056244
5_1750,1,0,0.5142257022441666,1.0,0.5844081884710579
5_1753,3,0,1.646820328466661,1.0,0.25255562480101057
5_1756,7,0,2.0492589264949563,1.0,0.18761924144024256
5_1759,1,0,-0.9717307797348086,1.0,0.9247457391848835
5_176,1,0,-0.2358279226789173,1.0,0.7970954841489561
5_1760,17,3,2.4548555239053362,0.0006121919068227356,0.17122440963801766
5_1761,151,6,2.509672993791836,0.004348994843157411,0.8052235312048144
5_1762,8,0,-1.3501718923740613,1.0,0.969098446640481
5_1780,43,3,1.479593492370402,0.009159838483861968,0.6243936521094993
5_1781,32,3,4.273018082171249,0.003993447232680418,0.02591987012363217
5_1782,1,0,1.3609461744258176,1.0,0.313985197814171
5_1785,2,0,0.6647670617607403,1.0,0.5449845169057594
5_1786,3,0,0.828865943338328,1.0,0.5009636673864737
5_1788,5,0,0.7484440670488552,1.0,0.5458303271232361
5_1789,9,3,2.1215266545549265,8.029476538112821e-05,0.18624909457190586
5_1791,2,0,1.9783442957172976,1.0,0.16719229734501284
5_1798,1,0,1.6867058118967693,1.0,0.2257132388392573
5_180,69,5,1.9643828082578527,0.0006606076155544952,0.6501230149611896
5_1802,1,0,0.9588285578730418,1.0,0.43911768376234606
5_1803,1,0,-1.5653460116232134,1.0,0.9730056205746715
5_1804,4,0,2.0274097677878546,1.0,0.17103021108080552
5_1805,6,0,-0.16339955233726502,1.0,0.8093321657657322
5_1808,71,3,2.7523085289031908,0.03456477674969671,0.4576412195450542
5_181,23,3,1.1087719548829293,0.0015245656963660697,0.5871827055914224
5_1815,1,0,-0.17793706709591614,1.0,0.7833580051775875
5_1816,15,0,1.3167649516183708,1.0,0.45635693466619154
5_1817,53,2,4.51073278780043,0.09869100146972073,0.05254513251866655
5_1818,1,0,-0.2251124446513359,1.0,0.7945926957527736
5_1819,16,3,1.0703564576406308,0.0005079424092904579,0.5417053769358895
5_182,9,0,-0.2230537021980935,1.0,0.8371184143060539
5_1820,8,1,3.284619449867706,0.07725530557207996,0.032044748888347185
5_1821,251,13,3.9416210462706687,2.0228931941658904e-06,0.6913316331735435
5_1822,1,0,0.5710412225211794,1.0,0.5660643475691949
5_1823,4,0,-0.9376088586261935,1.0,0.9285811369762689
5_1824,1,0,0.12688734866970916,1.0,0.7027697388013197
5_1825,1,0,-0.5203753317753788,1.0,0.8567390203895355
5_1830,1,0,0.895889766970442,1.0,0.4596404032669379
5_1832,2,0,-0.8974448867108771,1.0,0.9185559691559372
5_1833,4,0,0.9598365441009068,1.0,0.46795167447857555
5_1834,1,0,0.26863842496431084,1.0,0.6611370960190469
5_1836,4,0,2.193106072860579,1.0,0.138942234059255
5_1837,8,2,3.820900198204242,0.0026900777395207046,0.011247509701924563
5_1840,9,0,-1.0672598322870577,1.0,0.951303382171665
5_1842,2,0,-1.8176522453356336,1.0,0.9842549836801257
5_1843,1,0,1.6555401259617133,1.0,0.23350399948232536
5_1847,22,5,2.924583403094892,2.2848314242291675e-06,0.11780682197816472
5_1848,7,2,0.2938616651839293,0.0020310416349400033,0.7009741583424329
5_1849,29,1,0.6668863780940448,0.2528279056684038,0.7473713728552815
5_1851,17,2,2.412090808408917,0.012308985529944274,0.17980200741121566
5_1860,1,0,0.9948641520081869,1.0,0.42743708053481244
5_1861,9,0,1.7423906172689125,1.0,0.2780362525073673
5_1863,1,0,1.191590683078768,1.0,0.36503881824310214
5_1865,1,0,-0.47250664473257703,1.0,0.8476330732433008
5_1866,1,0,-1.5697658290760697,1.0,0.9732318162155904
5_1867,1,0,0.7950041983222218,1.0,0.4927390715688671
5_187,108,3,1.9573946512571343,0.09466933312773579,0.7999649716353658
5_1882,2,0,-1.2121867912070454,1.0,0.9509155570610434
5_1884,1,0,-1.0865602506543866,1.0,0.9372840262685495
5_1887,3,1,2.4642760838226865,0.029701000000000026,0.09094698015926206
5_1888,12,1,1.9048704892958022,0.11361512828387083,0.2601333027170205
5_189,19,1,1.6168589180403015,0.1738313761644134,0.3999699794524061
5_1891,7,1,0.10492371978187291,0.06793465209301006,0.7515536352074634
5_1893,2,0,1.2316926730024311,1.0,0.36227236907419647
5_1895,81,5,2.881996710779369,0.0013645945005696031,0.48149268754741237
5_19,2,0,-0.9728575631026778,1.0,0.9274873925756089
5_1902,9,1,0.9677784234817801,0.08648275251635919,0.5122120065046546
5_1903,31,5,1.2112092291669108,1.367787776657329e-05,0.6171610962704839
5_1905,1,0,0.42779568328958884,1.0,0.6119516798558197
5_1907,1,0,2.246521406031026,1.0,0.11230239345019566
5_1909,1,0,2.1548318487339277,1.0,0.12739027697945293
5_1914,40,3,4.546884327573887,0.007497363395395961,0.025970954955353065
5_1919,2,0,-0.6087796759459488,1.0,0.8766613554045852
5_192,11,0,2.336739620676009,1.0,0.1560960662569405
5_1920,4,0,-0.3004430984002358,1.0,0.8279888597923972
5_1922,5,1,2.165895320607678,0.049009950100000046,0.1502889009509525
5_1925,15,0,0.1735799927700408,1.0,0.7836785920665817
5_1931,60,5,1.5503699904877943,0.00034575434785519656,0.7038056690104239
5_1936,1,1,2.3995256865152896,0.010000000000000009,0.09004745441874151
5_1941,9,1,0.5457450361198877,0.08648275251635919,0.643574785809268
5_1944,1,0,0.9929006356322553,1.0,0.4280719963203372
5_1946,24,1,-0.06503104635537332,0.2143218591927812,0.8708117177568186
5_1947,34,2,-0.44739224054780985,0.04541839164429414,0.9418073853219262
5_1952,5,0,-0.42062934494349663,1.0,0.8563111131419266
5_1954,1,0,0.3996707209926065,1.0,0.6208016051536156
5_1955,3,0,1.2192637866465166,1.0,0.375684973325463
5_1956,79,11,4.627030034922351,4.838086681912201e-10,0.11464469144909839
5_1957,17,1,4.522879457401044,0.15705680661607327,0.005298769948207327
5_1958,10,2,1.7753047980073535,0.004266200242831427,0.2776320032660471
5_1959,42,4,2.0297909886885432,0.0008264843165214276,0.4626061311979113
5_1963,7,0,-1.2195695641346807,1.0,0.959613425988293
5_1965,15,1,2.2378245577625133,0.1399416453587116,0.20322849716496882
5_1966,1,0,0.11919079397562171,1.0,0.7049620176170892
5_1972,6,0,0.35922346245693076,1.0,0.674690473788705
5_1977,112,6,3.381689091955624,0.0009694536455799354,0.5099078565725412
5_1980,1,0,2.242263488781529,1.0,0.11297347551247883
5_1981,2,0,-0.7562837024729578,1.0,0.8996472618285336
5_1983,41,2,2.490070561810145,0.0634395380024474,0.3289486388543045
5_1986,1,0,0.41788683279717115,1.0,0.6150765453987028
5_1989,23,0,1.3577306499640873,1.0,0.512323220058798
5_199,3,0,1.522269882935737,1.0,0.28616691990381105
5_1990,1,0,-0.8502066593234269,1.0,0.9094851721388906
5_1991,80,6,4.7369364452787535,0.00015962068961976504,0.10452337083874685
5_1993,154,14,6.524421103850816,7.112498165566864e-10,0.08938071208742415
5_1997,32,2,3.337763773337659,0.040682585752739156,0.10495640859538191
5_1998,1,0,-0.6929294929460116,1.0,0.8864728597654068
5_2001,9,5,3.8871913771853963,1.2185368570000053e-08,0.010626795936851341
5_2002,6,2,3.8594685660979278,0.0014604476050000025,0.008726773919890629
5_2004,1,0,1.8266340780357628,1.0,0.1926009062320686
5_2005,26,2,0.010507548616365398,0.027723300751066573,0.8657655996182506
5_2006,1,1,2.730039590459609,0.010000000000000009,0.053390258392249756
5_2008,1,0,0.7639890634448023,1.0,0.5029352475482893
5_2009,5,0,1.5540116677699238,1.0,0.29507362441264195
5_2010,2,1,1.569033189290345,0.01990000000000002,0.2645713490703855
5_2011,3,0,0.88667268139699,1.0,0.4821110115047571
5_2012,1,0,0.3275368451406866,1.0,0.6432021209722716
5_2015,3,0,-0.8295865532864868,1.0,0.9128665241017497
5_2020,108,5,4.269803460481489,0.004760963837225934,0.28900812277080223
5_2023,1,0,0.5065845373655453,1.0,0.5868622097577414
5_2024,29,2,2.0995445780594415,0.03395931237935017,0.3438012521796936
5_2025,19,2,2.6164369115057315,0.015273761488896639,0.15281343470658326
5_2026,11,2,2.3972182846092855,0.005179717490315069,0.14488376241157952
5_2027,1,1,2.4868207576870303,0.010000000000000009,0.07891590387097591
5_2031,9,0,-0.5165683057348092,1.0,0.8882640732123375
5_2032,19,1,1.507725524886604,0.1738313761644134,0.4328017179272654
5_2037,10,1,1.6557748879471275,0.09561792499119559,0.3104137237396606
5_204,1,0,-0.249080232308643,1.0,0.8001654696334553
5_2040,20,4,2.5238457963086307,4.262092764244029e-05,0.1765846594396907
5_2041,3,0,1.3576579796308863,1.0,0.33359571881070404
5_2042,1,0,1.0655873944142393,1.0,0.4047059097112359
5_2046,28,0,-0.5949513730085391,1.0,0.9443639433080336
5_2047,31,0,-0.12740077701027952,1.0,0.9014328210664881
5_2048,13,0,1.9076743666258358,1.0,0.26747621366345276
5_2061,1,0,2.1212105719297805,1.0,0.1332610027012039
5_2063,34,2,2.9529200088076437,0.04541839164429414,0.1775233005951966
5_2070,18,2,0.6696774633467923,0.013756463740805566,0.6762917946647788
5_2071,27,2,1.7629025281819661,0.029745636285504362,0.4237555158997848
5_2072,1,0,1.1647232663670821,1.0,0.3733925938130507
5_2073,18,1,0.6580520870397537,0.16548623854991254,0.6795184981493618
5_2077,1,0,-0.6345201820233075,1.0,0.8769445581875777
5_208,36,2,2.7351279623157083,0.05034561175058135,0.23509160569918186
5_2081,12,1,2.820421977150031,0.11361512828387083,0.08582503057731072
5_2088,1,0,0.5079873138565928,1.0,0.5864119481078838
5_2090,23,1,0.5214005656125763,0.20638571635634465,0.7476711257688793
5_2091,9,0,1.3682967275097409,1.0,0.38606196219099975
5_2092,1,0,1.8756746710614596,1.0,0.1817370070706682
5_2094,4,0,2.5994869322472214,1.0,0.07836785840285743
5_2096,34,3,3.3116975569347313,0.004746994797058528,0.1173975394745983
5_2097,9,3,0.508301550479067,8.029476538112821e-05,0.6546725884296731
5_2098,20,2,2.6449312635419275,0.016859337635651808,0.15350069067092653
5_2099,35,2,2.2988379698747288,0.04785867545512833,0.33564014759072114
5_2100,69,2,2.906289916234765,0.15179170683772275,0.4056076773606191
5_2102,48,3,4.293205195838751,0.012373563910211128,0.05733478513751045
5_2103,1,0,-1.4699309358482733,1.0,0.9677202807385616
5_2107,30,1,0.20407356931469497,0.2602996266117198,0.8479925023519977
5_2110,39,6,3.475855724004133,2.457859950345624e-06,0.11613667478284917
5_2111,4,1,3.0419506273074015,0.039403990000000035,0.037818505059726615
5_2114,25,3,1.4048630345816395,0.001950676889738825,0.5144303894137241
5_2117,1,0,-1.4770434148437364,1.0,0.9681417166391596
5_2118,112,14,5.508085815136333,9.603454681449717e-12,0.10570683863256114
5_2120,81,6,3.681713226667981,0.00017093360001287045,0.2874994567817257
5_2126,165,20,7.382733079003176,6.932341610145433e-16,0.04382698335752111
5_2127,1,0,1.6776103037373808,1.0,0.22797160205520606
5_2128,1,0,-0.379913615619432,1.0,0.8289515455293686
5_2129,1,0,0.9055937464176607,1.0,0.456467761163022
5_2131,330,32,7.250196513937663,1.7313352004571533e-21,0.14527741813280892
5_2134,173,17,6.02162683896951,3.1735802159757524e-12,0.18347006241527197
5_2135,186,23,5.041153287688947,3.0866741233429673e-18,0.38560046850937557
5_214,1,0,-1.155824621154792,1.0,0.9440201872440358
5_2141,1,0,0.6995163480775468,1.0,0.5241167569545278
5_2145,1,0,-0.5723985470019859,1.0,0.8662102765613418
5_2146,1,0,1.7727274032230291,1.0,0.20499021545324458
5_2149,96,11,4.652421400107438,4.040391960997698e-09,0.17059180594544343
5_2150,18,1,1.1135319499637433,0.16548623854991254,0.5452994000296028
5_2151,8,3,2.361727947342823,5.3933321197900146e-05,0.13329112428433665
5_2154,1,0,1.3052554453094993,1.0,0.33044249379959156
5_2155,1,0,-1.2153742093233082,1.0,0.9493434077533476
5_2156,1,0,-0.3884974780812333,1.0,0.8307426241698087
5_2162,1,0,1.0843654867724224,1.0,0.3987207696514343
5_2163,7,0,0.8742572514725906,1.0,0.5238095000620815
5_2164,2,0,0.15566790133649008,1.0,0.7022630563156649
5_2169,21,3,3.402714981706756,0.001162133782775636,0.057353160362462186
5_217,1,0,0.3218285292151672,1.0,0.6449550368418225
5_2170,2,0,2.0692835817506277,1.0,0.14917639613816525
5_2171,3,0,-0.6388773187007427,1.0,0.8854474320338502
5_2172,136,13,3.4306107680008187,1.54111131053218e-09,0.5904102627006362
5_2175,40,3,1.5072191332537044,0.007497363395395961,0.5968398885046424
5_2181,7,2,2.131130947955178,0.0020310416349400033,0.17038408838550856
5_2182,1,0,0.6566274720119674,1.0,0.5381732661275174
5_2183,24,4,0.7641338601166794,9.053764174621837e-05,0.6920034800226365
5_2187,3,0,1.4147225872334475,1.0,0.3167983722127242
5_2188,28,2,3.190562010698569,0.03182475277917828,0.1075412743987697
5_2190,35,3,2.1264879700695545,0.0051537087655308894,0.3827250935960379
5_2192,167,14,4.122004290403419,2.0575412305605474e-09,0.5318367539415152
5_2194,10,0,1.7750058871840293,1.0,0.27771182830431973
5_2198,1,0,-0.7422290014250136,1.0,0.8940958891791179
5_2204,51,3,2.59161435445803,0.01457345125325471,0.3719388995462589
5_2207,1,0,0.6216845997776527,1.0,0.5495911894026355
5_2208,1,0,-1.1085980957116879,1.0,0.9394925616174263
5_2209,1,0,1.1754598027849132,1.0,0.3700469315548045
5_2210,1,1,2.730039590459609,0.010000000000000009,0.053390258392249756
5_2212,2,0,1.485419464400326,1.0,0.2875090503579164
5_2214,7,1,2.264276816134714,0.06793465209301006,0.1445967222022273
5_2216,2,0,1.354630810147968,1.0,0.3251621565692987
5_222,8,1,3.6442078957743584,0.07725530557207996,0.016172767213632033
5_2222,1,0,1.1412978417038842,1.0,0.3807252008129435
5_2223,1,0,-0.9404670176838564,1.0,0.9210211343298376
5_2227,82,4,4.297440515183806,0.009427708298066547,0.17344066904601219
5_2228,5,1,-0.7257086256866925,0.049009950100000046,0.9051518232930361
5_2229,3,0,1.8932203636519367,1.0,0.19270713299440556
5_2232,257,14,6.532648282648418,4.550097338377326e-07,0.22628289809079316
5_2233,1,0,-0.45276440129050416,1.0,0.8437680226527111
5_2234,117,15,1.2335186855843934,1.2103695679311305e-12,0.9118382892959076
5_2236,39,2,1.0429011427886072,0.05807465888566573,0.7132186406169391
5_2237,1,0,1.343765033260813,1.0,0.3190250622473525
5_2239,105,16,3.5462325088844278,1.351175913672849e-14,0.43883670663947905
5_2241,76,10,4.146442268873385,5.232283230456524e-09,0.17341064747535817
5_2244,1,0,1.968360494490974,1.0,0.16227611128326436
5_2245,112,12,4.6907161562327095,1.7519534617272466e-09,0.22369593026003098
5_225,1,0,0.06925196533570194,1.0,0.7190021502865196
5_2256,3,1,3.1849980645683242,0.029701000000000026,0.02715731571043345
5_2257,31,4,4.30837857286138,0.0002535490128358903,0.022937429472428494
5_2259,65,6,6.767479997412858,4.984154957795272e-05,0.001926604294447798
5_2260,4,0,-0.2144642039774197,1.0,0.809541047023004
5_2263,14,2,-1.5091871976435738,0.008401244011166185,0.9815324442999106
5_2265,1,0,0.9142161493636749,1.0,0.45365105244634085
5_2268,26,1,3.4137364693664,0.2299568541948449,0.07261829990999802
5_227,4,0,0.7129913577740622,1.0,0.548023317971658
5_2270,2,0,1.4039710943862749,1.0,0.3107183209664268
5_2271,5,1,1.1796558058562596,0.049009950100000046,0.40717607810179124
5_2273,14,4,1.686232324085291,9.238553999224518e-06,0.33644361970912695
5_2274,15,0,1.4033884092324689,1.0,0.4296049341650776
5_2275,11,0,2.3374850645467906,1.0,0.15595447594852585
5_2276,1,0,-0.3290574299436301,1.0,0.8180926930290835
5_2277,65,5,4.022905072670002,0.0005017868080383298,0.14668035775637867
5_2278,3,0,0.6849834232619946,1.0,0.5477885033523209
5_2279,7,0,2.518601527407864,1.0,0.10298194144898065
5_2281,73,12,3.5978440341718683,1.0452501987338395e-11,0.26389100200460847
5_2282,8,2,1.2338941473737597,0.0026900777395207046,0.4184269198792693
5_2283,24,1,1.4788218395233366,0.2143218591927812,0.4839022988933751
5_2285,16,3,2.3511072939491977,0.0005079424092904579,0.18576134765586128
5_2286,1,0,-1.249862445666865,1.0,0.9522369922402751
5_2287,2,0,1.0635913181681025,1.0,0.41511892717049315
5_2289,42,2,0.20599794594073723,0.06618232221258309,0.8871242656131997
5_229,2,0,0.6235711084896546,1.0,0.558361909293195
5_2291,46,4,1.6226820673999323,0.001167366492986023,0.6049841494885083
5_2292,12,0,1.6860684839243625,1.0,0.31920843881214234
5_2293,2,0,0.04898643593003315,1.0,0.7318756529379188
5_2294,91,6,4.9403625196815,0.00032254310192262036,0.11377057189936124
5_2297,2,1,-0.9764850326987838,0.01990000000000002,0.9278972975203081
5_2299,1,0,2.141784590376764,1.0,0.12964678256924644
5_230,30,6,0.5291577834478709,4.83153461240724e-07,0.784134789862566
5_2301,5,0,0.9839494246000452,1.0,0.46971342504993063
5_2302,1,1,2.569289763270361,0.010000000000000009,0.06938822271936229
5_2306,1,0,0.2819440657360608,1.0,0.6571155033995106
5_2309,22,4,1.9374493080101043,6.332951307430326e-05,0.3327104895832004
5_2313,5,0,2.970853987172684,1.0,0.045661764212110545
5_2315,3,0,1.3494346598481743,1.0,0.33604507889862445
5_2316,1,0,-1.269107852492302,1.0,0.9537932333580877
5_2318,4,1,0.202917816599266,0.039403990000000035,0.7040872094062179
5_2325,21,4,2.343139535173959,5.223048004701707e-05,0.22191938894435115
5_2329,9,1,1.1077337073707607,0.08648275251635919,0.467610345535849
5_233,3,0,1.512259032407117,1.0,0.2889580329789193
5_2330,1,0,2.24353697938876,1.0,0.11277246380941541
5_2331,54,2,-2.4825958011377742,0.10183372363564862,0.999384749635183
5_2336,3,0,1.9715928491330164,1.0,0.1756545852065312
5_2337,2,0,1.7075196545897406,1.0,0.2287410876577879
5_2342,6,1,0.4681151492113472,0.058519850599000056,0.6423937224103846
5_2344,1,0,0.14528540193834766,1.0,0.697499327479605
5_2346,19,5,2.6912131986395758,1.034440014634452e-06,0.1395997332870642
5_2347,1,0,1.0811312372946207,1.0,0.39974996784447225
5_2348,52,7,2.7369881070129973,9.019728938015072e-07,0.34096221612688704
5_2349,2,0,-1.1487103854712621,1.0,0.9453877387617052
5_2350,10,1,2.6227664593000655,0.09561792499119559,0.10294576379867393
5_2351,55,5,0.09403471952743084,0.00022951601119788233,0.9284338069717666
5_2353,227,17,2.985363559718954,2.355316576643539e-10,0.8234304268468857
5_2355,1,0,0.5753912803308289,1.0,0.5646534497787332
5_2358,38,4,1.5176907387018177,0.0005626183754617408,0.5800104645927956
5_2363,10,1,0.9858658365906713,0.09561792499119559,0.5155324773374723
5_2366,1,0,2.291711922176152,1.0,0.10535505541590684
5_2367,41,1,1.9526351054144055,0.33771795901601653,0.4772681916769522
5_2368,1,0,1.2698267778409509,1.0,0.3410880641313132
5_2369,91,9,1.260941907231392,3.7451843965856737e-07,0.8650834875782247
5_2370,13,0,1.6735000587150681,1.0,0.33143451938369106
5_2371,1,0,0.16471666421187747,1.0,0.6918879032237325
5_2372,82,17,1.8165760981271,8.750067705165965e-18,0.7424357082280412
5_2376,55,4,1.1608025080947484,0.002272285419051054,0.7671170990642486
5_2378,1,0,-1.4683501317715038,1.0,0.9676259910487375
5_2384,46,3,1.1285464536568286,0.011020744391618396,0.7309451117148754
5_2388,5,0,0.6007175131209972,1.0,0.5929035963689224
5_2393,1,0,0.617259463077181,1.0,0.5510344212538751
5_2399,60,5,2.122673997642001,0.00034575434785519656,0.5582843071245998
5_240,10,0,1.5793330509206929,1.0,0.33222135801670083
5_2402,60,8,3.839409986687894,1.6105006169642733e-07,0.15397552479698606
5_2404,154,26,5.53181715131486,5.763893122060573e-24,0.2133897505128941
5_241,15,1,0.4795045501792375,0.1399416453587116,0.7072463074181843
5_2413,8,0,0.9702988424177486,1.0,0.5022367889166999
5_2414,103,8,0.9599968123271232,1.0228318390318905e-05,0.919612570650809
5_2419,44,1,1.7897038048218372,0.3573883979152819,0.5451498652559761
5_242,30,3,3.666536399365349,0.0033177093188826454,0.06108777969120671
5_2422,79,5,2.4182022068489157,0.0012202060389733915,0.5891482220892252
5_2425,8,1,2.3766726303731738,0.07725530557207996,0.13072717582918947
5_2437,1,0,1.95589734643963,1.0,0.16481098696942398
5_244,6,0,0.07101816246493355,1.0,0.7536161755346684
5_2440,1,0,0.303353996880598,1.0,0.6506070508171682
5_2444,5,1,1.5011324044870333,0.049009950100000046,0.3100499941135897
5_2446,3,0,1.0999279965251474,1.0,0.413229102610309
5_2447,76,14,3.1042827471877215,3.845572103617717e-14,0.3966045459331883
5_2448,3,0,0.9124082830502942,1.0,0.47372814284327647
5_2449,18,2,-0.06305937630621244,0.013756463740805566,0.8472053150949528
5_245,1,0,1.3439463385808945,1.0,0.31897170146914244
5_2450,2,1,0.5336257319136539,0.01990000000000002,0.5873189903579021
5_2452,1,0,0.8606641560743119,1.0,0.4711772802309159
5_2454,1,0,0.6774435733407752,1.0,0.5313558044718144
5_2455,45,2,1.6808080641709577,0.07463929299800556,0.5824288424368407
5_2456,20,3,2.3207428742335328,0.0010035761681001195,0.21995651002401084
5_2458,2,0,-0.26610886676218626,1.0,0.8097996590468698
5_2460,2,0,0.13439102828157573,1.0,0.7082868049360643
5_2461,5,0,1.8643097080997717,1.0,0.21463421106837333
5_2462,1,1,2.549341073169092,0.010000000000000009,0.0716074372030393
5_2463,51,5,2.264102815596981,0.00016019410629843802,0.46076131005072696
5_2464,1,0,0.21927910194958422,1.0,0.6758929945412234
5_2465,36,9,5.260968437843722,7.377452605756882e-11,0.005176701342652579
5_2466,1,0,-0.26641346016009565,1.0,0.8041383876577184
5_2468,1,0,1.9736771762329084,1.0,0.16120251765083227
5_2471,1,0,0.9242553188484964,1.0,0.4503744687666391
5_2473,3,0,-1.2094540454229263,1.0,0.9524668785751803
5_2474,1,1,2.9110466248376747,0.010000000000000009,0.03903470080734628
5_2476,29,2,1.3784904192433045,0.03395931237935017,0.5539267037943896
5_2477,124,13,0.6181082898907634,4.884985174009962e-10,0.961161783019968
5_2478,10,0,1.1932980166021663,1.0,0.44975199896083506
5_2479,162,7,5.748510816713162,0.0013256844098058775,0.19938782378389808
5_2481,36,4,2.5146945700279715,0.0004561624296751667,0.287241743406665
5_2486,2,0,0.3530621467762489,1.0,0.6438910271657466
5_2488,1,0,1.036950772307192,1.0,0.41387588814886256
5_2489,1,0,1.0474432783672096,1.0,0.41051025591711854
5_2490,1,0,-0.2963521023357984,1.0,0.8108866716292645
5_2491,1,0,-1.2714654816415807,1.0,0.9539810461828278
5_2492,3,0,-0.05563538410332322,1.0,0.7659945592615984
5_2496,1,0,-0.7562823300292336,1.0,0.8961995583759643
5_25,3,1,0.7214964138404399,0.029701000000000026,0.535942741801154
5_250,1,1,2.3902410038767017,0.010000000000000009,0.09129683489107132
5_2504,3,1,0.6664246994218255,0.029701000000000026,0.5537938376552474
5_2505,3,0,1.9519854891606978,1.0,0.17982847704435478
5_2509,2,0,0.7785489777464838,1.0,0.5078170022281618
5_2510,1,0,1.1151921249662953,1.0,0.38894745380452844
5_2512,1,0,-0.011511292849478346,1.0,0.7410013299896108
5_2513,1,0,-0.0024437143371399315,1.0,0.7385765227157824
5_2516,2,0,1.599547607184259,1.0,0.2564384639477496
5_2517,1,1,2.574628375017794,0.010000000000000009,0.06880340197648527
5_2518,1,0,2.286636789818522,1.0,0.10611941052886154
5_2519,40,7,0.2130669404748525,1.3959264832280396e-07,0.8804150607032453
5_2521,1,0,-0.06842464993571215,1.0,0.7559509384073424
5_2522,6,1,1.4204441025635124,0.058519850599000056,0.3427078458228099
5_2523,1,0,0.6923060365069028,1.0,0.5264824629520584
5_2524,5,0,1.6565831334534302,1.0,0.26701556940613314
5_2525,2,0,0.3845813928803999,1.0,0.6342025452156114
5_2527,10,1,1.74879813230671,0.09561792499119559,0.28475392361898166
5_2528,4,0,-0.664487615591552,1.0,0.8930312472129841
5_2529,5,1,1.4990094948343513,0.049009950100000046,0.31065810341107125
5_2530,2,0,1.0163091983724704,1.0,0.43031097971597043
5_2531,61,4,2.5579716603603906,0.003316297527727509,0.4471900309506571
5_2532,9,0,-2.5903547653630796,1.0,0.9979820115943087
5_2533,1,0,1.226603428416897,1.0,0.3542483895548657
5_2536,1,0,0.5781466410601298,1.0,0.5637593489149317
5_2539,6,0,2.599945779528937,1.0,0.08712089629737241
5_2541,1,1,2.753981411223704,0.010000000000000009,0.051280325686066
5_2550,23,2,0.5042065825869186,0.02201068076236393,0.7518301906547193
5_2551,16,3,2.1128981503381543,0.0005079424092904579,0.2394916388839302
5_2553,31,2,0.3245945764240962,0.03838951459523551,0.8301840020627913
5_2554,4,1,2.582767894722578,0.039403990000000035,0.08038060810327352
5_2555,39,4,2.7110604899743107,0.000621961223011905,0.2604016130018316
5_2557,1,0,1.4706065557562322,1.0,0.28266088693117286
5_2559,3,0,-0.5447300638038494,1.0,0.8698490756380438
5_2560,2,1,2.3519857404602464,0.01990000000000002,0.10167887034229883
5_2561,2,0,-0.9868325780937601,1.0,0.9290568135595428
5_2565,1,0,-0.2900699556948354,1.0,0.8094826517064336
5_2568,6,0,0.8718645689797264,1.0,0.515330393674784
5_2571,14,0,-0.271747570539774,1.0,0.8675721856151137
5_2578,64,5,1.0185795689130848,0.0004670217881567616,0.828827401201441
5_2579,1,0,0.6936216066747896,1.0,0.526050891062017
5_2580,1,0,0.1406529954863918,1.0,0.6988302963374351
5_2585,1,0,-0.3860504306943805,1.0,0.8302332630477973
5_2586,4,0,0.4041765800435521,1.0,0.6451429307484782
5_2592,38,4,4.034985874063104,0.0005626183754617408,0.05240221954343516
5_2596,2,0,1.6479364960521807,1.0,0.24381376487670436
5_2597,4,0,1.018105033831088,1.0,0.44911905264337626
5_2598,1,0,-1.0745706457159425,1.0,0.9360563675949845
5_2599,1,0,-0.6499782051185985,1.0,0.879519119156899
5_2603,4,1,2.5626152476217823,0.039403990000000035,0.08285834483674814
5_2604,1,0,-0.7778066618600026,1.0,0.8993625435804438
5_2609,1,0,2.21510077884648,1.0,0.11732195199568873
5_2610,52,6,0.08441568443182182,1.372424988612523e-05,0.9240871076667876
5_2613,17,2,0.8436379297643214,0.012308985529944274,0.6187472006894628
5_2614,7,3,1.4315904735143805,3.396253015000008e-05,0.34856617661858635
5_2619,5,1,0.07318702017458119,0.049009950100000046,0.7463784003059856
5_2621,17,1,-0.0008235263736556821,0.15705680661607327,0.8310029896503864
5_2622,1,0,2.2742558835116227,1.0,0.10800086196006453
5_2623,5,1,-0.7484798365591505,0.049009950100000046,0.9082339150841925
5_2624,1,0,-0.655989438051585,1.0,0.8805099840622574
5_2626,1,0,1.8896372028571442,1.0,0.17871541498964705
5_2630,1,0,1.0157796683797504,1.0,0.42068589198212625
5_2632,1,0,0.2628828697916523,1.0,0.6628710549054804
5_2633,7,2,0.9841621890608045,0.0020310416349400033,0.4885091200753796
5_2634,10,1,2.126852202765216,0.09561792499119559,0.1921723975240044
5_2635,17,1,1.9407666464755207,0.15705680661607327,0.2911548973601651
5_2637,68,10,4.362771099778234,1.7139578092500045e-09,0.11070664887968973
5_2639,8,0,-0.1356322068244594,1.0,0.8140925350628916
5_2640,1,0,-0.25773685576215266,1.0,0.8021556637282174
5_2642,86,10,1.3894066729795154,1.772469829236367e-08,0.8338560097497418
5_2643,9,0,2.0225364854878167,1.0,0.20820616584933516
5_2644,3,0,0.6060362253776205,1.0,0.5732424341300926
5_2650,1,0,-0.36665612191718294,1.0,0.8261615559889133
5_2651,3,0,1.1630639385923207,1.0,0.3932432426957644
5_2652,1,0,1.2683856602322197,1.0,0.34152385098200677
5_2653,1,0,2.1374396176881896,1.0,0.13040434794509803
5_2656,1,1,2.8141804192724784,0.010000000000000009,0.0462676066433384
5_2671,1,0,1.1987366354058069,1.0,0.3628275111976653
5_2672,53,10,0.8245889250684958,1.3174932996934355e-10,0.8246011176431878
5_2673,2,1,3.0144223339434637,0.01990000000000002,0.034697503559780074
5_2681,1,0,0.45245809947698173,1.0,0.6041429831328724
5_2682,19,4,2.8275618862417824,3.437030184053091e-05,0.11755644889438743
5_2684,19,4,1.8855716563073828,3.437030184053091e-05,0.32250899477614803
5_2685,1,0,1.1764153018286485,1.0,0.36974965575309426
5_2686,61,13,3.5130298027935103,4.198212392754031e-14,0.21777255597498135
5_2687,52,6,2.0554744787910213,1.372424988612523e-05,0.5253805670209083
5_2689,5,1,1.8662804934622914,0.049009950100000046,0.21416764359135176
5_2690,16,0,2.089415270077177,1.0,0.24521229103433417
5_2694,2,0,-0.8431405756906712,1.0,0.9116275012166957
5_2695,2,0,-0.7602344339192559,1.0,0.900216713800875
5_27,1,0,2.141819445818642,1.0,0.129640717717872
5_2701,17,2,3.1485271344179857,0.012308985529944274,0.06835508428991999
5_2702,1,0,1.0367424987892029,1.0,0.4139427600201181
5_2704,1,0,2.158240732738072,1.0,0.12680524298553775
5_2706,15,0,1.5075610263485928,1.0,0.39786682679506935
5_2708,36,4,0.6533654905040592,0.0004561624296751667,0.7868832332473297
5_2711,9,0,-1.5631503983011383,1.0,0.9800164237010964
5_2714,4,1,1.5364743887678565,0.039403990000000035,0.2911017235563005
5_2715,1,0,1.3676278576289194,1.0,0.3120344772044059
5_2718,3,0,1.4938525587933482,1.0,0.29412307888265843
5_2719,38,5,1.792472201872335,3.8123510750696654e-05,0.5011275539742642
5_2720,1,0,0.500229228342741,1.0,0.5889006903614915
5_2723,34,1,0.4725405551778985,0.2894467727277079,0.8146410217760894
5_2725,6,0,2.038650200502378,1.0,0.1827598036955953
5_2729,17,1,3.108326107710527,0.15705680661607327,0.072568144803692
5_273,1,0,1.957372783006559,1.0,0.16450956701465114
5_2731,5,1,1.005318963148099,0.049009950100000046,0.46281964915361273
5_2732,4,0,-1.3272422509288464,1.0,0.9626835531966133
5_2737,9,2,2.2318552800179687,0.0034357300178462975,0.16354030596171154
5_274,150,16,3.589828241529337,3.87015479344094e-12,0.5992914484455778
5_2741,2,0,0.1824568882721084,1.0,0.6945991158106539
5_2744,1,0,2.1580058367668533,1.0,0.12684549581499516
5_2749,1,0,0.152046398925508,1.0,0.6955520610007195
5_276,3,0,1.7603462550032913,1.0,0.22383495241932239
5_277,1,0,0.5845835667944078,1.0,0.5616693362380463
5_2779,3,0,-0.38034769527153317,1.0,0.8392191627200865
5_278,2,1,2.323413502264189,0.01990000000000002,0.10590785608505304
5_2780,1,0,0.2856201351565139,1.0,0.6560012519464615
5_2785,2,1,0.943162449562242,0.01990000000000002,0.45401010047325985
5_2786,16,3,3.0422244079244063,0.0005079424092904579,0.07602095125642061
5_2787,3,1,-0.9079801316371039,0.029701000000000026,0.922592323503837
5_2788,74,12,0.27126190340691786,1.2360811055606266e-11,0.9408485521207794
5_2792,2,0,1.2780117547930978,1.0,0.34811489069525603
5_2793,2,1,-0.2633442317988418,0.01990000000000002,0.8091827841160488
5_2795,25,3,2.2593497018234268,0.001950676889738825,0.27108306756425904
5_2797,1,0,0.21927910194958422,1.0,0.6758929945412234
5_2800,58,2,1.347175900715641,0.11466885098975126,0.7404979804358112
5_2802,35,2,2.617737433782024,0.04785867545512833,0.25538453244477766
5_2803,2,0,-0.6949552196715002,1.0,0.8905014906262487
5_2806,1,0,0.366421632657268,1.0,0.631182489258392
5_2808,7,1,2.0544876982838884,0.06793465209301006,0.18648732865759143
5_2811,2,1,-0.8288303205148285,0.01990000000000002,0.9097306072245928
5_2813,35,3,3.6554665550139975,0.0051537087655308894,0.07829184656054722
5_2815,1,0,-0.5857387345432432,1.0,0.8685679980623451
5_2816,5,0,1.131345611326304,1.0,0.4224580233890004
5_2821,13,1,-0.6764725144164988,0.12247897700103212,0.9215555406510334
5_2825,30,3,2.4317990534919027,0.0033177093188826454,0.2650167934398411
5_2832,1,0,-0.3301626061350449,1.0,0.8183331604045831
5_2835,7,0,0.9941347270844505,1.0,0.4853063454429183
5_2838,1,0,1.753066132929453,1.0,0.20962430497788243
5_2839,4,0,1.1134972875232976,1.0,0.4185527788349219
5_2842,1,0,0.9200254881041283,1.0,0.45175460156577374
5_2843,1,0,1.0736145804291826,1.0,0.40214458805004116
5_2844,1,0,0.07581442457932164,1.0,0.7171756932724714
5_2849,1,0,1.7109654555402813,1.0,0.21975201735776473
5_285,2,1,0.7964895688794087,0.01990000000000002,0.5019420788110144
5_2850,1,0,1.042500918173134,1.0,0.41209478892677487
5_2854,2,0,-0.780651992047149,1.0,0.9031220727326296
5_2857,1,0,-0.48161734824439906,1.0,0.8493951411870029
5_2858,27,1,0.5563414607349418,0.23765728565289646,0.7622046334581929
5_2860,1,0,1.0550693688165766,1.0,0.40806818430276903
5_2862,8,1,-0.4070080165366417,0.07725530557207996,0.8666832692102995
5_2864,13,0,0.14440922239070525,1.0,0.7790032825833331
5_2865,2,0,0.0927359244299789,1.0,0.7199124760297861
5_2867,2,0,0.8930140102772403,1.0,0.47035834432745693
5_2868,7,0,2.0603948142772524,1.0,0.1852136694263199
5_2871,1,0,2.1580058367668533,1.0,0.12684549581499516
5_2872,11,0,2.371874308838099,1.0,0.14951458600211254
5_2877,6,0,-0.9312649489329774,1.0,0.9327056830723894
5_2878,8,0,-0.7351193737103074,1.0,0.9153019666712996
5_2879,3,0,0.3796284639905632,1.0,0.6442271291938406
5_2880,18,0,1.581824339269723,1.0,0.40180321866799773
5_2881,10,1,1.1475154823658484,0.09561792499119559,0.46421534043666757
5_289,3,0,1.1827158828239757,1.0,0.38707670631115254
5_2893,3,1,1.8762915039042813,0.029701000000000026,0.19651926257198382
5_2894,1,0,0.07582558604460672,1.0,0.7171725819733916
5_2895,1,0,0.8548463766286907,1.0,0.47308527550183566
5_2896,11,0,0.9691499660459021,1.0,0.529793985653408
5_2899,34,2,1.4566709057708176,0.04541839164429414,0.5686842520195876
5_290,2,0,1.2094140216667724,1.0,0.36915099119933914
5_2900,2,0,1.178138246515751,1.0,0.3788781755333157
5_2901,3,0,-1.0051859181936666,1.0,0.9334794864062421
5_2902,1,0,0.6163613443515674,1.0,0.5513272555177883
5_2907,77,3,2.717454173842122,0.042356184373201836,0.5015765793334342
5_291,195,13,0.314848592214731,1.1605792016846876e-07,0.9868594536176392
5_2915,1,1,2.569289763270361,0.010000000000000009,0.06938822271936229
5_2918,40,6,0.3346342199456271,2.8669659448202396e-06,0.862039111515192
5_2919,1,0,-0.4437471531686097,1.0,0.8419813616672072
5_2921,1,0,0.5301321928680484,1.0,0.5792892256649551
5_2922,156,19,2.974076636189727,3.3207196172370085e-15,0.7373964042709692
5_2923,84,7,0.17173935524320055,2.3108758335080637e-05,0.9577184166709785
5_2925,13,2,1.4848607775622908,0.00724894367793522,0.3869318990869993
5_2927,1,0,1.030229424767854,1.0,0.41603520900016844
5_2931,1,0,-0.421165547874499,1.0,0.83744845803238
5_2934,5,0,0.2408081449569518,1.0,0.7009392982018436
5_2936,2,0,0.6769558710519317,1.0,0.541015995552174
5_2937,6,0,1.338492662112113,1.0,0.36736996673002986
5_2938,5,0,0.6892661437299984,1.0,0.5648034269838185
5_2939,3,0,0.5658919907951465,1.0,0.5860763584815869
5_2943,51,5,3.0945267497078643,0.00016019410629843802,0.2491565164617895
5_2946,11,3,2.3860788838626847,0.00015537262915503648,0.14690711208957574
5_2948,7,1,1.298333929403653,0.06793465209301006,0.38902499371109756
5_2954,1,0,-1.0431504891171663,1.0,0.9327504657074897
5_2955,69,7,2.96110625532286,6.2717054132096115e-06,0.3915800565832295
5_2956,1,0,1.233624336968386,1.0,0.35209833441117877
5_2957,6,0,0.37575261460384585,1.0,0.6698643771417336
5_2958,8,1,-0.3582549948173472,0.07725530557207996,0.8580784631004781
5_2959,33,2,2.8280980568290026,0.04302595653563324,0.1962111419464958
5_296,16,0,0.30511858321556173,1.0,0.7584234428484741
5_2965,6,0,0.5886760506896567,1.0,0.6054163960573926
5_2967,1,0,2.0750562266086696,1.0,0.1416192742362603
5_2968,2,0,0.3263542229763041,1.0,0.6520287836230773
5_2969,9,0,-0.8805687243569057,1.0,0.9342695040424025
5_2974,1,0,1.118403594135441,1.0,0.387933199558963
5_2975,10,0,2.4841640350721654,1.0,0.12413969750597009
5_2978,25,3,1.6582569455512521,0.001950676889738825,0.438290162714984
5_298,77,7,2.3825886460429353,1.3039090408277322e-05,0.5876321932596589
5_2980,1,0,1.0371789636798758,1.0,0.4138026239762693
5_2982,4,0,0.9098105106761879,1.0,0.484179346609783
5_2983,3,0,0.9617493898298632,1.0,0.4576918837317874
5_2985,3,0,0.28887417746153754,1.0,0.671477084575356
5_2986,1,0,1.6971106664604996,1.0,0.2231453630564464
5_2990,1,0,1.0467643421587747,1.0,0.41072783865248597
5_2992,6,0,0.5693938638824736,1.0,0.6114045497919047
5_2993,3,0,0.2846100061058988,1.0,0.6727366572219845
5_2994,26,2,2.77112668538257,0.027723300751066573,0.16538114513233748
5_2996,1,0,0.3519390135509023,1.0,0.6356749403273925
5_2998,18,3,1.9777083397393296,0.000729159843053951,0.28940907501795987
5_3,92,4,5.555181833227526,0.01393187159542679,0.05747601503137101
5_30,2,0,0.6331187089355694,1.0,0.5552669077003882
5_3000,26,2,0.6422408396306376,0.027723300751066573,0.7359150945574731
5_3002,8,1,0.24732575202422738,0.07725530557207996,0.7209843337751621
5_3003,5,0,0.6370949551962243,1.0,0.5814086684507938
5_3004,1,0,-0.09009835050059965,1.0,0.761519197309835
5_3005,1,0,0.683012949311176,1.0,0.5295301395386705
5_3006,143,7,2.7576250775405398,0.0006402540657000164,0.7474471100024358
5_3008,1,0,0.03368748353603538,1.0,0.7288000535554957
5_301,1,1,2.532463565763627,0.010000000000000009,0.07352717888612448
5_3010,54,6,4.291849995725556,1.711619570454165e-05,0.07379109224375657
5_3013,111,7,1.387029292896901,0.0001371190735842358,0.8872442303654098
5_3015,73,10,0.7418687342843745,3.4999319411057315e-09,0.8929960990242611
5_3017,3,1,3.1409300437531926,0.029701000000000026,0.029494046468137025
5_3018,21,3,2.5953684433540003,0.001162133782775636,0.16879435779579355
5_3019,57,4,2.173181392260523,0.002590576762217553,0.5257578316858149
5_3020,2,0,0.5762786582978447,1.0,0.5736364080676957
5_3023,2,0,0.39948873107585603,1.0,0.6295898467453769
5_3024,9,1,2.4603003480465313,0.08648275251635919,0.12248525490281104
5_3026,136,4,0.6489276137168348,0.048430051283883384,0.9655524564797775
5_3028,114,4,3.711945194486656,0.028060820247436922,0.44007031634344007
5_3029,46,3,1.9947453983304717,0.011020744391618396,0.5012696735053975
5_3030,1,0,-0.788260854470416,1.0,0.9008731645173989
5_3031,1,0,-0.7340386212718829,1.0,0.8928557334790554
5_3032,34,1,1.0542837435778682,0.2894467727277079,0.6802064763652665
5_3036,155,14,3.0994356879470577,7.746191469871459e-10,0.7120780329597397
5_3038,5,0,0.3955077086315758,1.0,0.6559953114608746
5_3039,44,4,2.092595520132981,0.0009866158160786334,0.4593600214191559
5_3041,2,1,2.722930504860391,0.01990000000000002,0.05744921531705893
5_3044,13,2,3.0353211374678013,0.00724894367793522,0.06565594900482496
5_3047,1,0,-1.0246380580412373,1.0,0.9307416921275773
5_3049,4,1,-0.250155152011064,0.039403990000000035,0.8173418252733009
5_3056,1,0,1.556184020699795,1.0,0.25930873331722726
5_3057,9,1,2.0983530869026623,0.08648275251635919,0.19125621450475971
5_3058,2,0,-0.2741950224573316,1.0,0.8115968843775488
5_3059,2,0,0.47582851298809725,1.0,0.6056887081218362
5_3060,13,2,3.0706117453019637,0.00724894367793522,0.0621767168524352
5_3062,2,0,1.411716690730039,1.0,0.3084764012592367
5_3063,2,0,0.17315708358216633,1.0,0.6972695690679523
5_3064,71,1,3.454441360051307,0.5101097269957952,0.2845130922879069
5_3066,28,5,1.6462788946982005,8.111495021482541e-06,0.4664000596546257
5_307,1,1,2.6484665358533674,0.010000000000000009,0.06109924952936452
5_3070,4,1,0.4199195211527425,0.039403990000000035,0.640357781766548
5_3071,22,1,-0.996312503706661,0.1983694104609542,0.9646345459211388
5_3072,1,0,1.3439463385808945,1.0,0.31897170146914244
5_3075,2,0,1.9783746373621374,1.0,0.16718606159446958
5_3084,1,0,2.1580058367668533,1.0,0.12684549581499516
5_3085,5,1,1.1537962691012047,0.049009950100000046,0.41534021111184627
5_3090,2,1,1.478263073846389,0.01990000000000002,0.2895151238859054
5_3095,194,17,2.198180783832707,1.9982610832762737e-11,0.8920897858569813
5_3098,33,2,2.0290209650737845,0.04302595653563324,0.39472173126499444
5_3100,7,1,2.656844662509862,0.06793465209301006,0.0843966356807122
5_3103,12,1,-0.5667531450128317,0.11361512828387083,0.9051623399188149
5_3104,43,5,4.304861944978435,7.01407919082506e-05,0.044678171757763674
5_3107,74,10,5.326111947126967,4.010191635944581e-09,0.04036800237253124
5_3109,108,5,2.908287080879082,0.004760963837225934,0.6051539879908157
5_3110,14,2,2.374132283915859,0.008401244011166185,0.16796269916610362
5_314,58,3,1.9387812164443954,0.02051377222027664,0.5951365674542538
5_315,1,0,0.6706591999414826,1.0,0.533578856418307
5_316,19,1,1.116331389913281,0.1738313761644134,0.552766137000989
5_317,2,0,0.420649260048067,1.0,0.6230102791129741
5_318,3,0,2.275352200942541,1.0,0.11891002856838073
5_319,114,4,1.918121187318488,0.028060820247436922,0.8211961833997067
5_320,10,1,-1.538472796637349,0.09561792499119559,0.9798045197681001
5_321,1,1,2.4888442950672065,0.010000000000000009,0.07867082867571407
5_323,69,5,1.5619180922386906,0.0006606076155544952,0.7429600466227333
5_325,7,0,1.1648982174823916,1.0,0.43078200982005643
5_327,8,1,-2.465483403314115,0.07725530557207996,0.9971337745269554
5_331,71,4,1.108427357871216,0.005708023776071674,0.8359337964934097
5_333,3,1,0.5928655616208783,0.029701000000000026,0.5774622860654973
5_334,1,0,2.063176394839871,1.0,0.14382690609411153
5_335,179,16,3.6189792231734863,5.722330291875401e-11,0.6637854975427165
5_339,2,0,-0.4916460390964786,1.0,0.8559507852312309
5_343,3,0,2.1084074846721528,1.0,0.14825807237383848
5_344,6,1,0.6628976919904528,0.058519850599000056,0.5821452955513782
5_346,1,0,1.8036360548862236,1.0,0.19782954029119815
5_348,4,0,3.2273064030868253,1.0,0.02695373032546433
5_351,1,0,1.0474432783672096,1.0,0.41051025591711854
5_359,1,0,1.473252327647514,1.0,0.28192403764656015
5_360,9,1,1.6303282750603798,0.08648275251635919,0.3088574528553858
5_37,17,1,1.1287313551796003,0.15705680661607327,0.5321767758855244
5_375,101,10,3.061086979565191,8.39378262424286e-08,0.538058504281842
5_379,78,6,2.67700650138571,0.00013877139679055036,0.5176377195937871
5_38,1,0,1.2807460705562512,1.0,0.33779304497288143
5_380,2,0,-1.0316744085458824,1.0,0.9339167592789714
5_382,9,2,0.8483998226717253,0.0034357300178462975,0.5501572678699385
5_383,1,0,-0.887334939267197,1.0,0.9143734261733747
5_385,2,0,1.0925844713173174,1.0,0.40586411869960237
5_386,11,2,2.83729506825339,0.005179717490315069,0.07958065870134434
5_387,8,2,3.0603231080445483,0.0026900777395207046,0.04730491089025113
5_39,18,1,0.8688179341638291,0.16548623854991254,0.619135816586606
5_390,4,2,0.10291815560980029,0.000592030000000001,0.731598806560471
5_394,2,1,-0.44918412687559517,0.01990000000000002,0.8478945808055633
5_395,11,0,0.5587475072291946,1.0,0.6555937626392006
5_396,65,4,2.7203003442945968,0.004169211446364324,0.4294032669727347
5_397,55,4,0.15245649475818823,0.002272285419051054,0.922774113681803
5_398,6,1,0.5169533876803772,0.058519850599000056,0.6275529762565915
5_4,1,0,2.022450659549437,1.0,0.15157046152238407
5_400,12,1,-1.2174641984872199,0.11361512828387083,0.9660824040353155
5_403,168,17,4.873803850005257,1.970882620804302e-12,0.3742526072357385
5_406,7,0,-0.13859120189267757,1.0,0.8093569989337452
5_407,1,0,2.2408909439992613,1.0,0.11319040843099959
5_408,44,3,2.9035008774537268,0.009757879166870534,0.24860515461700228
5_41,15,2,0.5507281886061461,0.009629773443364747,0.6878059911908067
5_413,25,4,0.3810657949561439,0.00010692653379901661,0.7909852598136167
5_414,64,8,3.3630956006017514,2.6888651008106975e-07,0.2657337188423833
5_417,1,1,2.5736508773055036,0.010000000000000009,0.06891019725797554
5_42,22,2,3.6004315160713483,0.020229279452277163,0.04438084279107124
5_420,100,4,0.6802396953936508,0.018374036444649716,0.9392265543754764
5_422,1,0,-1.071916362880932,1.0,0.9357820760498966
5_423,10,0,-0.0839192884783475,1.0,0.8135597629021777
5_426,5,1,1.192274222452435,0.049009950100000046,0.40320666812327055
5_428,1,0,-3.1812757331476633,1.0,0.9994401622697371
5_438,3,0,1.5063092532635398,1.0,0.29062292936348544
5_440,209,11,2.1637207444885243,1.0418849775585373e-05,0.90336097994359
5_441,6,0,0.5705344057039415,1.0,0.6110510706605535
5_442,1,1,2.7131389165983895,0.010000000000000009,0.05492066828339304
5_443,45,3,3.2930725443070004,0.010378132789533654,0.17480747695240884
5_445,19,0,-0.21634097952083825,1.0,0.8770975601584674
5_446,2,0,1.8246723979193655,1.0,0.2006868998443756
5_447,94,10,2.531263922542539,4.208903209455135e-08,0.6336420303867558
5_448,16,2,3.3993765124789306,0.010932892162518214,0.04356278625138488
5_449,2,0,1.8017245901085617,1.0,0.20601335156625888
5_451,12,1,1.1477086199983864,0.11361512828387083,0.4823736823782939
5_452,88,10,0.3741181977829568,2.2187685331038252e-08,0.9487788291050355
5_455,14,1,-0.522048829174474,0.13125418723102178,0.9051547255397494
5_458,47,6,3.2320581276473423,7.554243968214486e-06,0.1972225015552458
5_459,35,6,2.1280278974259903,1.2653811743026191e-06,0.3822953820668865
5_460,1,0,-0.23551669822743693,1.0,0.7970230500177042
5_461,1,0,2.1592344584560443,1.0,0.12663505208053727
5_463,2,0,1.1416039189432998,1.0,0.3903383471914018
5_467,157,9,0.6492044663808032,3.349749031928736e-05,0.9727781224082388
5_469,2,0,-0.4094856501467513,1.0,0.8400970141710764
5_470,1,0,0.1406529954863918,1.0,0.6988302963374351
5_475,27,3,1.3936929284566764,0.002444106570594271,0.5338107696826535
5_476,2,0,2.4930197073432714,1.0,0.0825961627982772
5_477,1,0,0.07766793650196119,1.0,0.7166587948925107
5_478,7,0,1.3617485329685741,1.0,0.3695900616343315
5_479,1,0,1.0425963078102483,1.0,0.41206419311567954
5_48,1,0,1.454178082098389,1.0,0.2872568242008027
5_480,2,0,0.79722599184169,1.0,0.50170090804508
5_481,1,1,2.4715194828836964,0.010000000000000009,0.08078783039397763
5_482,22,2,2.332024786793225,0.020229279452277163,0.23157769439355036
5_483,40,1,2.47981593879541,0.3310282414303197,0.32449420068022683
5_485,2,0,2.12606149721057,1.0,0.13861092227276595
5_486,17,1,2.0622424509675255,0.15705680661607327,0.25966726238530835
5_488,68,11,4.915159780856141,9.078570119613684e-11,0.05591811168938954
5_49,1,0,1.5333734766110823,1.0,0.2654344463886491
5_492,2,0,0.516808695438483,1.0,0.5926856465566184
5_495,127,18,4.832281497754143,1.1565121510939792e-15,0.2522359305211268
5_497,43,1,-0.02304991543195531,0.35089737163159784,0.9176116756964252
5_499,13,0,0.22015318332630887,1.0,0.7608848857261585
5_5,55,4,3.6484146137400413,0.002272285419051054,0.16250900557644632
5_500,1,0,0.8177910665267838,1.0,0.48525057188972553
5_503,8,3,4.089557516682697,5.3933321197900146e-05,0.00625376119901655
5_505,1,1,2.767218224694985,0.010000000000000009,0.05014259317051617
5_507,12,2,1.4931086348959202,0.006174537772824754,0.3754975844063726
5_508,13,2,2.287116985332754,0.00724894367793522,0.17893516188174963
5_510,27,2,3.325962668501748,0.029745636285504362,0.08603083709305981
5_511,1,0,0.3519390135509023,1.0,0.6356749403273925
5_512,115,14,0.9825254702246651,1.3835297716527935e-11,0.9313638244205851
5_519,49,3,1.0954657675431783,0.013084004966208368,0.7535053889869159
5_520,10,0,1.07304116090234,1.0,0.4878356278551397
5_523,161,15,2.141849561608549,1.253704822531978e-10,0.8692184945514034
5_524,2,0,2.6155147299718835,1.0,0.06832601223038337
5_526,1,0,0.7227183817151276,1.0,0.5164988074208325
5_528,78,7,2.5498140017519972,1.4200589774395287e-05,0.5503851140909856
5_529,9,1,0.35631917236497695,0.08648275251635919,0.6982856408403494
5_53,1,0,1.0367424987892029,1.0,0.4139427600201181
5_531,12,0,3.7142879758651905,1.0,0.019050829929555202
5_532,1,0,0.30798839876349204,1.0,0.6491922990183905
5_534,6,4,2.3066747308268263,1.476100000000005e-07,0.131017794760953
5_535,48,11,5.671346841811854,1.60773433426018e-12,0.005443937262668341
5_537,2,0,-1.4932200531586364,1.0,0.9702511395193572
5_539,46,5,4.183178950861689,9.742899389210385e-05,0.0612622157463526
5_540,51,5,2.2635107145530458,0.00016019410629843802,0.4609251080875487
5_541,4,1,0.12633275457815885,0.039403990000000035,0.725273919954506
5_542,373,20,7.891840520987931,2.3017973656599832e-09,0.07306250004563064
5_544,3,0,0.9895165604876093,1.0,0.4486958427849762
5_546,114,5,3.2054393721895518,0.005971392744805094,0.5602250202026678
5_549,68,6,2.8538428886844245,6.438109243778272e-05,0.4130607163196274
5_55,1,0,0.5040245860869597,1.0,0.5876836052556775
5_552,91,2,2.5705697568080943,0.23100925191118446,0.6107150165998289
5_554,18,0,0.46280855735276594,1.0,0.7315405117898539
5_556,31,0,1.1728750172735931,1.0,0.6279518388999377
5_557,7,3,3.7779986880054017,3.396253015000008e-05,0.011329372708081209
5_558,3,0,0.8289591650452621,1.0,0.5009332551682316
5_56,42,10,3.0437651580225435,1.0989513589067354e-11,0.20623699778587423
5_562,4,1,-0.16252665741759184,0.039403990000000035,0.7978302460188436
5_564,1,0,-0.032775695472884045,1.0,0.7466417847911844
5_565,1,0,0.6819847086503359,1.0,0.5298672490358953
5_567,5,0,2.3284691234608355,1.0,0.12157865030152615
5_571,16,1,2.5697111528580248,0.1485422289051245,0.1436579492081328
5_572,11,1,1.9666809876419475,0.10466174574128365,0.23670660171399138
5_573,2,0,2.980108232491446,1.0,0.03691456112510849
5_574,3,0,-0.4599521068828745,1.0,0.854595952795723
5_576,1,0,0.12516601716871367,1.0,0.7032606871049893
5_579,12,2,2.644334413744544,0.006174537772824754,0.10978411163670221
5_58,1,0,0.5921500712253495,1.0,0.5592103626795524
5_582,5,0,0.04709443293230296,1.0,0.7531108407140155
5_588,1,0,1.051040128386,1.0,0.4093580128993264
5_592,8,0,0.14492457065100123,1.0,0.7479145679496034
5_595,1,0,0.1406529954863918,1.0,0.6988302963374351
5_597,7,0,2.4632870116619756,1.0,0.11119679995323972
5_599,10,0,0.9382526956455648,1.0,0.5306367793443731
5_601,6,0,-1.7983516741641494,1.0,0.9859997959482374
5_602,555,49,12.167530071256843,3.7678537226373314e-30,2.548805243529628e-07
5_604,45,6,3.8008076850520096,5.8290959446291874e-06,0.09758571832054086
5_605,4,0,2.1203307259508404,1.0,0.15249325254280355
5_606,115,14,5.301866431597977,1.3835297716527935e-11,0.13855110178564878
5_608,1,0,0.40261156564888884,1.0,0.6198790949599682
5_609,2,0,0.9478551307071109,1.0,0.45248384725137436
5_61,26,3,2.916336292233706,0.0021887611748319237,0.13963848598806616
5_610,1,0,0.1496098201912567,1.0,0.6962544745142742
5_611,68,6,3.351062110897882,6.438109243778272e-05,0.2910848225604652
5_612,1,0,0.8452993211383336,1.0,0.4762176401245173
5_614,31,4,1.5689141400727524,0.0002535490128358903,0.5131719260242897
5_615,1,0,0.3379782212218579,1.0,0.6399879581269636
5_62,1,0,-2.037263933862364,1.0,0.9897161427599064
5_620,12,3,2.484272262917645,0.00020561607776663676,0.13542538747619504
5_622,13,1,2.879620882652668,0.12247897700103212,0.0828321139859538
5_623,120,12,2.9687827185805027,3.884545547434968e-09,0.6375115241997459
5_624,9,2,3.541123033665218,0.0034357300178462975,0.02134306785313167
5_627,3,0,1.6197752951189865,1.0,0.25967326728473994
5_628,8,0,2.836636371079068,1.0,0.06784097849232229
5_63,1,0,0.9925876207134319,1.0,0.4281732289851877
5_630,3,0,0.13503277794191176,1.0,0.7155932521212285
5_632,1,0,0.6925555078448052,1.0,0.5264006264237016
5_636,2,1,1.0436248137472597,0.01990000000000002,0.4215202007024318
5_641,1,0,-0.670682678112097,1.0,0.8829077121169209
5_642,2,1,1.8206631771894397,0.01990000000000002,0.20161147963214765
5_645,1,0,1.9147008275203778,1.0,0.1733713457541235
5_647,2,0,-0.10536046329859845,1.0,0.7719244155330331
5_648,7,0,-0.61984262286678,1.0,0.8967340830656887
5_649,12,0,1.8427764058517035,1.0,0.2763120292387379
5_65,5,0,0.9899503853148639,1.0,0.4677765186952595
5_650,9,0,-0.27930504274734097,1.0,0.8479442723150126
5_653,1,0,0.06340859902597883,1.0,0.720623658016976
5_654,9,2,-0.5921952241885173,0.0034357300178462975,0.8993420559852947
5_655,25,0,1.5439118056470966,1.0,0.4725357493152498
5_659,2,0,0.6285570460711439,1.0,0.5567460731756233
5_66,135,9,1.6805329919744412,1.0074301995237913e-05,0.8892377138046059
5_661,26,1,2.8689104755714983,0.2299568541948449,0.14772835529249662
5_666,29,3,2.9435356850570855,0.0030081981768577204,0.15115655472974687
5_669,2,0,0.3544276423525752,1.0,0.6434731638165581
5_67,3,1,3.390836201601565,0.029701000000000026,0.018190490216104638
5_671,1,0,0.6478742293523309,1.0,0.5410368024444492
5_673,3,0,-0.6286138353933269,1.0,0.8838146354565732
5_674,1,0,0.2619254216342692,1.0,0.6631591682977513
5_678,28,0,2.6906844929785416,1.0,0.1933228399380046
5_679,1,0,-0.18307598308148706,1.0,0.7845988066253987
5_68,3,1,4.030595226429006,0.029701000000000026,0.0044508226971212705
5_680,2,0,0.012800003806639856,1.0,0.7415725719235745
5_681,2,0,2.0571571184878072,1.0,0.15150087116298316
5_682,27,0,3.69798138775097,1.0,0.04999875554268396
5_685,66,4,1.2844936794351987,0.004403453407134823,0.7874181975454911
5_686,9,2,3.3840446314798576,0.0034357300178462975,0.028638943629110236
5_688,373,47,7.1596960486012,5.637203709050108e-36,0.13110146797892241
5_689,9,1,-1.1609678842043185,0.08648275251635919,0.9584116360878476
5_69,1,0,0.9024398505953632,1.0,0.45749860892383587
5_690,4,1,-1.1434747859083474,0.039403990000000035,0.9487666071339739
5_691,6,1,1.735576555733758,0.058519850599000056,0.25467004235368007
5_692,1,0,-0.16742456231746727,1.0,0.7808069014208059
5_694,1,0,0.007120939915861735,1.0,0.736006214612942
5_695,93,10,1.32336937971399,3.7954205514996356e-08,0.8609554654605881
5_696,2,1,1.1242506220438073,0.01990000000000002,0.3958160177660395
5_698,5,1,2.9110657581524895,0.049009950100000046,0.050509229605507966
5_70,21,4,0.045000731722337366,5.223048004701707e-05,0.8400598366792833
5_700,7,1,1.3542084933278729,0.06793465209301006,0.3718846006441532
5_701,1,1,3.68626540956982,0.010000000000000009,0.008178626610905404
5_703,2,1,3.473067091023461,0.01990000000000002,0.01417740139119339
5_705,2,0,0.9992067905377785,1.0,0.4358328445772881
5_710,72,6,0.6559069126909455,8.882696975305122e-05,0.9010831338411647
5_711,46,3,2.884213104789497,0.011020744391618396,0.26573550684701497
5_712,114,8,3.4145365506514165,2.1485926169455475e-05,0.5106627484538594
5_717,34,3,3.1258083918899,0.004746994797058528,0.14646827544025598
5_72,1,0,1.4663884173396817,1.0,0.2838375518723546
5_721,9,0,1.868543017937549,1.0,0.2452405805141762
5_722,3,0,1.0997553134522386,1.0,0.4132841010956251
5_724,330,38,8.924514663597698,6.056147550352538e-28,0.03367148975833123
5_730,65,2,1.7596194636774343,0.13802176045807787,0.6793439401263826
5_733,165,12,3.261009909146987,1.3744572832162753e-07,0.7036190564861559
5_736,14,2,4.090975135754541,0.008401244011166185,0.010440995673548392
5_742,15,1,3.31340191690957,0.1399416453587116,0.047306568149253825
5_743,109,10,2.963423796101725,1.7323924973080363e-07,0.5964149335558997
5_746,41,5,0.9573709604100962,5.551890743370319e-05,0.7445561381336665
5_747,100,8,3.7416123218289785,8.220204738566594e-06,0.368904284873688
5_751,38,5,4.296868885662195,3.8123510750696654e-05,0.035012944651519495
5_754,11,0,-3.13595360509105,1.0,0.999570054229474
5_755,1,0,-0.10505294130581144,1.0,0.765320303209239
5_756,169,11,0.03754182390661951,1.3575991898593887e-06,0.9893248859590599
5_757,2,1,2.9734994955957137,0.01990000000000002,0.037354582574244066
5_759,166,15,4.492711845691511,1.9327168530487097e-10,0.4489800470524482
5_76,11,0,0.39402101228891523,1.0,0.7023606045923277
5_761,1,0,-0.8136899377566981,1.0,0.9044782807014871
5_764,1,0,0.5155005004144297,1.0,0.5839984534587362
5_766,3,0,1.3575524857098913,1.0,0.33362709615334385
5_767,241,27,7.374289211235065,5.2615767430301545e-20,0.11291739766856568
5_77,16,0,0.7996018193608301,1.0,0.6239177102204867
5_771,62,12,3.092561812869911,1.3595338920641348e-12,0.3164072456614756
5_774,18,5,4.534206382090874,7.686037959271432e-07,0.005639408982090366
5_775,740,45,4.644064007657758,3.0384666275429704e-21,1.869803645249135e-09
5_776,5,0,0.22493207295259857,1.0,0.7053973914009812
5_777,123,14,2.918265614066066,3.4806891853540386e-11,0.658958517243028
5_778,51,1,1.49114636920698,0.401043993533839,0.670057469569133
5_78,70,2,1.796832085202607,0.1552754194703535,0.6950981142657723
5_780,21,4,4.3441411525034725,5.223048004701707e-05,0.010765440776696056
5_783,64,1,2.4804302205631354,0.47440351247443796,0.4869593880196781
5_784,2,0,-0.4052557191204993,1.0,0.8392510239050818
5_785,30,4,2.38068579711102,0.00022259789863339767,0.2776075745299045
5_786,5,0,-0.4094821432790499,1.0,0.8542519351384734
5_789,2,1,1.2781505695462805,0.01990000000000002,0.34807276671176557
5_790,2,0,0.18043975663068937,1.0,0.6951792251206854
5_792,70,6,2.3332397014620443,7.582224273126672e-05,0.5618378348267545
5_793,1,0,1.7097780686312702,1.0,0.22004166908532807
5_794,181,22,4.064573151829027,2.3870690258588228e-17,0.5780358373497283
5_795,3,0,1.0554666151955738,1.0,0.42744300902594046
5_798,5,0,0.6919345393426609,1.0,0.5639507789679296
5_80,45,5,2.0287063927241267,8.756132262246303e-05,0.484594738674628
5_800,4,1,1.1027436622522064,0.039403990000000035,0.421977573998915
5_801,1,0,-1.132810835902844,1.0,0.9418483959470322
5_803,5,0,1.0878370796317134,1.0,0.4363223836193282
5_805,89,12,5.144552521003726,1.1641242545664641e-10,0.08581257962307665
5_806,37,2,3.988293363705258,0.05287802345257978,0.053491654781611775
5_807,50,9,2.756093101365216,1.7306318603490482e-09,0.3228558917366755
5_81,1,0,-0.3285370177197628,1.0,0.8179793913523086
5_811,75,9,4.019263010888147,6.928426033105317e-08,0.1909357281141837
5_814,72,8,2.7795316457469914,6.773223234817313e-07,0.45647657496156757
5_818,77,7,2.0860689793843528,1.3039090408277322e-05,0.6605840899202085
5_819,4,1,2.9599357768512236,0.039403990000000035,0.043654202958483435
5_820,52,6,5.626806292427249,1.372424988612523e-05,0.007811138847149568
5_821,12,1,2.0774547225328712,0.11361512828387083,0.21786966155494436
5_823,122,17,4.908850459184606,9.494061153901457e-15,0.22103891504195683
5_824,21,2,3.93521577195652,0.01851167488332298,0.02355574696751539
5_825,24,3,2.686831585207424,0.0017294268470260496,0.16945696294382406
5_827,13,2,0.9523946210739505,0.00724894367793522,0.5525913476553747
5_829,47,8,2.3342359662185896,2.221583970880562e-08,0.4134748159323638
5_83,33,2,-0.9218982969544322,0.04302595653563324,0.9716186565247046
5_830,74,5,0.13220362146937117,0.0009087216877532608,0.950829430533115
5_831,46,7,3.772774148938998,3.8028083277360135e-07,0.10490907351588263
5_834,47,6,3.5831392427947155,7.554243968214486e-06,0.13586270925102484
5_837,119,7,4.027274030634968,0.00021104439042986982,0.38852491768348196
5_838,1,0,1.297107881722559,1.0,0.3328789356272932
5_839,1,0,0.9619504790600351,1.0,0.4381034903501001
5_848,6,1,1.0387412615540936,0.058519850599000056,0.46156923967981534
5_849,1,0,0.09305926345728134,1.0,0.7123491314236375
5_85,1,0,0.9857260555266573,1.0,0.43039351513808843
5_850,94,11,7.325677314816132,3.221662246732768e-09,0.0040501301645303744
5_852,104,8,6.420647095495904,1.0983306165792229e-05,0.027531812141425638
5_855,479,30,3.4025472648030153,4.9218737209316256e-15,0.4656639764221633
5_861,253,6,4.592029982660836,0.04320230569773315,0.5735121408634443
5_862,1,0,-1.3589242298288529,1.0,0.9605255603913961
5_863,163,8,5.997364840728599,0.0002635018752645464,0.16572807831396674
5_865,52,2,2.2887968822938958,0.0955764302360967,0.46078955208707817
5_870,31,5,0.5180616667443216,1.367787776657329e-05,0.7914779674937776
5_872,1,0,-0.21963555317930433,1.0,0.7933064222507344
5_873,2,0,-0.13831801654381295,1.0,0.7800181102794894
5_874,3,0,1.866217239568673,1.0,0.19880937122745057
5_875,8,3,0.18677590843939365,5.3933321197900146e-05,0.7370761771069032
5_877,1,0,-0.8061388376833248,1.0,0.9034179712950985
5_88,1,0,1.3439463385808945,1.0,0.31897170146914244
5_884,13,1,2.499908248762197,0.12247897700103212,0.1384982509223659
5_885,15,1,1.9996498152656919,0.1399416453587116,0.2598445284135009
5_887,62,10,2.243776613137306,6.693539506336077e-10,0.5380979392728421
5_89,1,0,1.3439463385808945,1.0,0.31897170146914244
5_890,104,3,5.632210393424889,0.08687795791027986,0.07526570660227583
5_891,611,40,8.55367343763543,3.439397904140339e-20,8.259391422793527e-06
5_893,159,17,5.166636041141805,8.01165684249713e-13,0.2911409806784222
5_894,1,0,-0.762485154742658,1.0,0.8971183659802229
5_895,4,1,2.7749631078915957,0.039403990000000035,0.05948814527346813
5_897,7,1,2.6436668660672504,0.06793465209301006,0.08605152834235563
5_898,106,8,5.951487077614246,1.2634714610795922e-05,0.05454541053406936
5_90,8,0,1.259366771394098,1.0,0.41046058001295505
5_900,197,15,3.5508488231735846,2.0954540112923974e-09,0.707183661903473
5_902,46,4,2.581195714374919,0.001167366492986023,0.3403537873656338
5_904,1,0,1.0764607626494143,1.0,0.40123742769067816
5_905,366,28,6.432157014099839,2.581900079957388e-16,0.2215807794531759
5_906,30,2,2.701137905175272,0.036147998312240706,0.20379334163926188
5_907,59,4,4.795530870934973,0.0029381575166413983,0.04554415702442294
5_908,19,0,0.34994599393023085,1.0,0.7654052383008878
5_909,16,1,0.6049602084804189,0.1485422289051245,0.6799329143352458
5_910,92,6,2.904303086038724,0.0003421370215607794,0.5335478177838943
5_911,297,19,2.5954099213886717,3.1159269023269774e-10,0.8748676666317915
5_912,29,2,1.2483335424880115,0.03395931237935017,0.5919826820514179
5_913,136,10,2.480690336268001,1.3528485093735454e-06,0.779867130627297
5_914,185,10,2.3244091580342734,2.067171868044921e-05,0.8723896253635408
5_916,353,14,3.605748037519923,1.760365970287425e-05,0.7131895305677132
5_917,221,9,3.5083776428655407,0.00044119608005111855,0.7423960640586545
5_918,857,74,13.2333013010533,5.521240240694264e-44,0.0
5_92,2,0,-0.01495381251777403,1.0,0.7488847479227667
5_921,143,8,3.2518952733146866,0.00010748142713083578,0.6507783554204087
5_922,10,1,1.2416361286393598,0.09561792499119559,0.4345538129665121
5_923,595,42,6.497712064277217,2.4260709885407683e-22,0.001335673167912832
5_924,5,0,0.2398684089644649,1.0,0.7012040326685446
5_925,7,0,-0.685214498014495,1.0,0.905881798742126
5_926,25,1,1.471570119798686,0.2221786406008534,0.49432331155625664
5_927,76,7,4.4193108580532945,1.1957279375949134e-05,0.13168577723951458
5_928,5,1,0.7427853358049166,0.049009950100000046,0.5476498106577221
5_930,3,1,1.8171648869133556,0.029701000000000026,0.21018803209852666
5_931,10,2,1.9073848958899013,0.004266200242831427,0.24349626944683034
5_932,1,0,1.206652061764482,1.0,0.36038342272085977
5_933,75,6,1.7439994584542464,0.00011159776919565037,0.7293674067047144
5_935,7,0,0.11507187463785656,1.0,0.7489575642095008
5_939,318,41,6.185612864456405,5.31145117748747e-32,0.29117950193397557
5_94,1,0,-0.43012744056186114,1.0,0.8392574456483589
5_940,1,0,0.24311702858325684,1.0,0.6687993600501492
5_941,78,6,3.117123845755654,0.00013877139679055036,0.40480506267909544
5_942,11,3,1.8776771407355959,0.00015537262915503648,0.25904290460089197
5_943,16,0,2.5099439091775895,1.0,0.1544722705472249
5_945,1,0,1.2894331008784683,1.0,0.3351804712744175
5_946,370,14,5.5238082961936605,2.94342143617326e-05,0.3564400806715128
5_947,27,2,0.38244057237160345,0.029745636285504362,0.8006516664056142
5_951,13,2,2.3129210896320767,0.00724894367793522,0.17366981373609613
5_953,424,41,5.395779003561994,5.0083809979875664e-27,0.28312965687853153
5_955,186,8,1.4086858967951084,0.0006332586843122933,0.9478825335540874
5_957,185,13,2.3083766966234744,6.277235938418686e-08,0.8741491895574053
5_958,73,6,3.5336100610273364,9.596245776107457e-05,0.27784786691117835
5_964,1,0,0.6518660312216211,1.0,0.5397311791806207
5_966,1,1,2.7524503558249953,0.010000000000000009,0.05141323786020613
5_967,383,22,6.966379598119575,1.0262126925100783e-10,0.14193731704857582
5_968,4,0,-0.8929790963574564,1.0,0.9234904153645183
5_970,397,36,6.980222141623947,5.551926644369168e-23,0.12720684206592647
5_971,8,1,2.7737883364081632,0.07725530557207996,0.07470308565386907
5_972,14,0,2.649269904671243,1.0,0.11934785058111297
5_973,270,30,9.766529288029156,6.001846562976107e-22,0.011338612154767946
5_974,19,3,1.2693306149213903,0.0008594328820314674,0.5058396598133019
5_975,148,6,3.43755901209679,0.003945401634887501,0.626071493253644
5_978,4,0,2.38460975481871,1.0,0.10728634276417504
5_979,1,0,-0.1906278106246693,1.0,0.7864147088014923
5_98,2,0,0.43221475532960724,1.0,0.619398857291779
5_982,156,4,3.052570252039457,0.07243320725911044,0.7230752466534583
5_983,2,0,1.7585437829585042,1.0,0.2162604872042031
5_984,1,0,-1.417785701285613,1.0,0.9644880470624431
5_986,3,0,-1.4554852703245529,1.0,0.9692893845234198
5_987,8,1,3.4938014691872494,0.07725530557207996,0.021721885130140395
5_989,7,1,1.9020263201773058,0.06793465209301006,0.22120997449803648
5_99,1,0,1.0367424987892029,1.0,0.4139427600201181
5_990,2,0,0.7613793106823591,1.0,0.5134379042533059
5_991,10,1,2.1166036658620113,0.09561792499119559,0.19441111821500023
5_993,9,0,-0.07465635167826536,1.0,0.8062171084590185
5_994,3,0,1.1901453337883063,1.0,0.3847527481330263
5_995,1,0,1.5302232430467593,1.0,0.266286167925497
5_997,4,0,1.9809287043048873,1.0,0.18082200536604054
