window	start	n_kmers	n_local_truefounders	below_floor	err_noiseless	nsupp_noiseless	err_cov3	nzk_cov3	err_cov10	nzk_cov10	err_cov30	nzk_cov30
0	1	3038	50	0	0.2527205512390904	47	0.22365698600912373	1348.6666666666667	0.21821899545192436	1928.3333333333333	0.24380315223533233	2492.3333333333335
1	10001	2946	50	0	0.22748527577685224	42	0.23193497841414537	1276.6666666666667	0.20843902826748742	1814.0	0.22710417238352024	2370.6666666666665
2	20001	2296	50	0	0.22126769022326234	38	0.24535052333667676	760.0	0.23014241650833378	1137.0	0.22260242100336677	1626.6666666666667
3	30001	4065	50	0	0.14011400019798725	58	0.13427633544597034	1941.3333333333333	0.14773182100284607	2693.3333333333335	0.14069756162150218	3419.0
4	40001	2740	50	0	0.27340822513949264	41	0.2562420612948883	532.0	0.26617142209386474	1221.3333333333333	0.2755999434439082	1981.3333333333333
5	50001	3287	50	0	0.18617282206615382	40	0.19131374221213568	1031.0	0.18719331240241735	1652.0	0.18396014559483917	2417.3333333333335
6	60001	4084	50	0	0.14468495356533112	58	0.14612228591730206	1601.0	0.1474647904690102	2442.0	0.1446346277242569	3224.0
7	70001	3041	50	0	0.16463530740179022	40	0.15678653722991864	1149.6666666666667	0.17175430304624073	1829.0	0.16225781130005032	2455.0
8	80001	4470	50	0	0.14001998748527408	49	0.14913936084282933	1927.3333333333333	0.14045577358870465	2961.3333333333335	0.14102627544795934	3743.6666666666665
9	90001	4312	50	0	0.1519867332111547	57	0.16025119091332618	1998.3333333333333	0.15141029933107994	2845.0	0.15207542245806208	3629.0
10	100001	3891	50	0	0.1580851308436398	50	0.17909098356888123	1613.0	0.16372596125233504	2477.0	0.15833914494061574	3176.0
11	110001	3182	50	0	0.17228629775159973	54	0.18817840519195358	1469.0	0.17547408375883347	2130.6666666666665	0.17329775734483485	2702.3333333333335
12	120001	3189	50	0	0.15289218663334872	54	0.16137559256703507	1932.6666666666667	0.15222981900024973	2650.6666666666665	0.1507136208471058	2993.3333333333335
13	130001	4014	50	0	0.17102534235079456	45	0.1712115764941413	1863.3333333333333	0.18137925803336177	2756.0	0.17100444092960423	3437.3333333333335
14	140001	3875	50	0	0.1690697966168896	54	0.18286276220521525	1604.6666666666667	0.16873158108167344	2444.6666666666665	0.16721772295351492	3195.6666666666665
15	150001	3941	50	0	0.2116660986166792	40	0.22878267259175133	1512.3333333333333	0.21562361589525106	2400.0	0.21484261048417333	3261.3333333333335
16	160001	4089	50	0	0.15979935425083022	54	0.16887908929171988	1640.0	0.16350507747737153	2481.0	0.15934627170033935	3301.0
17	170001	4259	50	0	0.15023259470911987	50	0.16512344018876748	1401.3333333333333	0.1523570255203119	2373.6666666666665	0.15103376911953428	3311.6666666666665
18	180001	3954	50	0	0.15919052616499368	49	0.1616133704685384	1527.0	0.15774573790518134	2268.6666666666665	0.15452788979173585	3005.6666666666665
19	190001	3545	50	0	0.15768625580624912	41	0.1658930338928987	1006.3333333333334	0.1627137035987806	1660.0	0.15799124937609313	2408.3333333333335
20	200001	3866	50	0	0.1737076269338861	54	0.17640423312642603	1075.0	0.1729754283256906	1807.3333333333333	0.17631847526077618	2771.6666666666665
21	210001	2559	50	0	0.18352067551765952	39	0.19758641266310076	402.0	0.19284990779148484	1002.3333333333334	0.18615079849713126	1844.3333333333333
22	220001	2760	50	0	0.17122186092759198	42	0.1852357870369454	613.0	0.1747357077557721	1294.6666666666667	0.16981648547372705	2095.0
23	230001	2436	50	0	0.20869397567283143	38	0.2052087172046808	476.6666666666667	0.21181851064456694	1177.3333333333333	0.2089682406936532	1923.6666666666667
24	240001	3802	50	0	0.15628420172446844	47	0.1818029658805119	1873.0	0.1537088193424545	2826.3333333333335	0.15946584892014767	3447.0
25	250001	2613	50	0	0.1903022640937753	42	0.20501332981530718	1107.3333333333333	0.1908785768691205	1713.3333333333333	0.19392131759643105	2211.6666666666665
26	260001	2652	50	0	0.21660684971446956	39	0.1980882054490711	1170.0	0.2232583933757087	1745.3333333333333	0.20736701759642376	2189.0
27	270001	3216	50	0	0.15826198517589413	44	0.1683061664834479	1097.6666666666667	0.15826575246370708	1757.0	0.1594796143447875	2516.6666666666665
28	280001	4479	50	0	0.18378436580600271	54	0.18073426904801174	1571.0	0.19232490676627445	2455.3333333333335	0.18533959110791032	3533.3333333333335
29	290001	1954	48	0	0.29214420208357306	29	0.2919189349770675	372.0	0.29541955565962946	802.0	0.29559131563881075	1298.6666666666667
30	300001	3055	50	0	0.26787912072290027	36	0.26334759436032634	1001.0	0.2724884560429254	1605.0	0.2662017218120157	2286.3333333333335
31	310001	3255	50	0	0.14669258023295412	49	0.16147035229146287	1493.0	0.15076846691847337	2078.6666666666665	0.14683333249930955	2622.3333333333335
32	320001	3362	50	0	0.1820552214290536	55	0.15860273224276492	1862.3333333333333	0.19925633333400286	2422.3333333333335	0.18192509224949913	2872.0
33	330001	1968	50	0	0.1092414790803239	54	0.11321125309176648	1083.3333333333333	0.11088688792814912	1424.0	0.10948534908925882	1714.6666666666667
34	340001	3500	50	0	0.24101994294363166	43	0.24674376229552186	1339.3333333333333	0.2145764974885426	2069.3333333333335	0.23801839064097874	2786.6666666666665
35	350001	3322	50	0	0.14689335596040742	46	0.16818872905634938	1449.6666666666667	0.1502466137789322	2082.0	0.1448424737179181	2654.6666666666665
36	360001	3699	50	0	0.15260306638908208	53	0.15763516123019905	1313.0	0.15819370651048503	1993.0	0.15416481540377333	2722.3333333333335
37	370001	3949	50	0	0.17404708498932311	51	0.1822940354985214	1348.6666666666667	0.17477604093072005	1925.3333333333333	0.18300424333923726	2586.6666666666665
38	380001	4203	50	0	0.15515792745293666	43	0.16341351077075347	1479.0	0.16069778346177924	2156.3333333333335	0.1534457213490602	2862.3333333333335
39	390001	3608	50	0	0.13770458322821774	50	0.15512876412901402	1588.0	0.13634817802225277	2174.0	0.13852651982880304	2678.0
40	400001	3933	50	0	0.19106872354122809	48	0.19927812246233056	1722.6666666666667	0.19189910633519847	2399.6666666666665	0.1884636855901647	2970.6666666666665
41	410001	4257	50	0	0.1812866743965277	50	0.1983860045915269	1874.0	0.19973004795966298	2839.6666666666665	0.18037102176017927	3544.3333333333335
42	420001	2217	50	0	0.19928255523262306	45	0.21090794161877333	654.0	0.20265785954311014	1176.6666666666667	0.1994324275999111	1621.0
43	430001	648	50	0	0.43943166924584615	35	0.4211571910771639	193.66666666666666	0.4569109491470234	353.3333333333333	0.4468280813144152	523.3333333333334
44	440001	3788	50	0	0.13405393469468047	53	0.15380235706152942	1606.0	0.1385262151845123	2482.6666666666665	0.13621981638437233	3215.0
45	450001	3896	50	0	0.13486392110951118	61	0.14288530426242554	1276.0	0.1357756476457657	2111.3333333333335	0.13182711686793963	3041.6666666666665
46	460001	4020	50	0	0.1422154791281795	54	0.15795620551190134	1285.6666666666667	0.14229896352140653	2047.6666666666667	0.14588396005251728	2896.6666666666665
47	470001	3956	50	0	0.17263974005154503	43	0.17572371036069998	1389.3333333333333	0.17058329970160266	2264.0	0.17296201885671433	3107.0
48	480001	4934	50	0	0.16040871314314253	52	0.1723576397862707	1492.6666666666667	0.16550261472600675	2565.0	0.1622090204960359	3855.3333333333335
49	490001	4659	50	0	0.19912261643064436	53	0.19794590859466246	1739.3333333333333	0.2001358093853873	2711.3333333333335	0.1939652736142399	3714.0
50	500001	4568	50	0	0.15472704318007913	52	0.16277269600332947	1669.3333333333333	0.1604862141538418	2715.6666666666665	0.15872588118137002	3731.6666666666665
51	510001	3295	50	0	0.15264682622771006	44	0.17290253146768944	1188.3333333333333	0.15837514161445188	1966.3333333333333	0.1557525152574477	2656.3333333333335
52	520001	2599	50	0	0.1461975626450349	45	0.15094807587715633	886.6666666666666	0.1458328953628372	1553.0	0.14649700091552664	2085.0
53	530001	1306	50	0	0.18677576584621397	48	0.19765314225375305	578.6666666666666	0.19235906158363678	865.3333333333334	0.1815152487862252	1090.3333333333333
54	540001	2882	50	0	0.16941222597305336	46	0.1714743031587321	1176.0	0.17267904138526757	1789.6666666666667	0.16937079267485208	2341.6666666666665
55	550001	2930	50	0	0.1694637815401697	45	0.1794334534725391	702.3333333333334	0.1718338890172836	1372.6666666666667	0.1767244270086575	2121.0
56	560001	4099	50	0	0.18414814110930666	57	0.19819110417949046	1436.6666666666667	0.1937510394493804	2359.3333333333335	0.1853522214076356	3300.0
57	570001	4085	50	0	0.15972206986136722	49	0.16397835527970936	1798.6666666666667	0.16426399206811934	2562.0	0.15746355301282342	3313.0
58	580001	4293	50	0	0.16875883499696195	50	0.18719640168690113	1467.0	0.17280514838933755	2400.6666666666665	0.17016004336241464	3357.0
59	590001	2800	50	0	0.2045517019205109	38	0.21600804726758027	589.3333333333334	0.20216162216276504	1302.6666666666667	0.20178458681379371	2034.3333333333333
60	600001	3480	50	0	0.15460302280309773	52	0.1612742260244897	1133.0	0.15669644399554156	1887.0	0.15364323778943245	2746.3333333333335
61	610001	4247	50	0	0.1628955258863655	44	0.16224417607062178	1346.0	0.16891644640192952	2216.0	0.16376411276483913	3221.0
62	620001	3426	50	0	0.131958093131934	55	0.14360239591595259	1109.6666666666667	0.13297443100023645	1799.3333333333333	0.13360916994523978	2586.0
63	630001	3370	50	0	0.15341623686962558	48	0.17055311170281148	1394.3333333333333	0.15452960074683228	2029.6666666666667	0.15643802960040606	2703.0
64	640001	3367	50	0	0.16558374454046781	46	0.18071875748045793	1319.6666666666667	0.17220476492987635	2032.6666666666667	0.1684739035303454	2678.6666666666665
65	650001	3974	50	0	0.18217558525559036	47	0.19152389866084019	1456.6666666666667	0.18159953208697835	2331.3333333333335	0.18642062089308162	3207.3333333333335
66	660001	4481	50	0	0.14342249048137115	57	0.1416171435225366	1845.6666666666667	0.14927524476524698	2742.0	0.14402897010527835	3643.3333333333335
67	670001	2568	50	0	0.17498296272717034	56	0.18439708031255622	963.6666666666666	0.1677222283837699	1509.3333333333333	0.1750653606206192	2042.6666666666667
68	680001	4165	50	0	0.14282880438364004	59	0.1654978950251358	1929.3333333333333	0.1448397855241572	2679.3333333333335	0.14329708290399926	3437.6666666666665
69	690001	3576	50	0	0.16365549288106412	56	0.16338002129637505	1402.0	0.1668108257773346	2123.6666666666665	0.17453091893070793	2855.6666666666665
70	700001	4312	50	0	0.13737146912303735	48	0.14390674399152795	1603.3333333333333	0.14384869703918257	2541.3333333333335	0.13853661000258746	3429.6666666666665
71	710001	2559	50	0	0.1469962745298723	59	0.15650758235800438	1466.3333333333333	0.1578822576209473	1884.6666666666667	0.14898249361297936	2249.6666666666665
72	720001	3330	50	0	0.15903250406259456	45	0.1578721863658471	1597.3333333333333	0.15716963142083698	2280.3333333333335	0.1580790791913785	2890.0
73	730001	3610	50	0	0.14108524744910234	58	0.1283433421957373	1670.6666666666667	0.1362909946539466	2367.0	0.1409093747382701	2980.3333333333335
74	740001	3611	50	0	0.11721731286314561	58	0.12082637783987611	1661.6666666666667	0.11835676004474256	2323.6666666666665	0.11892779537735154	2946.0
75	750001	2956	50	0	0.14475155231068948	55	0.1531525665959584	1352.3333333333333	0.14338215523025574	1978.6666666666667	0.1463428143113882	2520.0
76	760001	3435	50	0	0.14860367821354514	57	0.15718974763367008	1056.6666666666667	0.15378298067730645	1830.0	0.15780171157804368	2579.3333333333335
77	770001	4118	50	0	0.14888856397239292	61	0.14543044787906234	1867.3333333333333	0.14770444824328258	2761.3333333333335	0.15028908270146543	3601.6666666666665
78	780001	1454	50	0	0.1694756401936969	39	0.22868026944723854	580.3333333333334	0.1868432413773312	841.3333333333334	0.1756414766029538	1136.0
79	790001	2471	50	0	0.24981132717618004	45	0.23827000139213225	1281.6666666666667	0.2571942374253292	1774.6666666666667	0.25329870299195095	2206.6666666666665
80	800001	4171	50	0	0.14510533980222168	58	0.14664670967549828	2412.0	0.14657926750529288	3210.6666666666665	0.1452520475361542	3773.3333333333335
81	810001	4417	50	0	0.13879596518754644	59	0.1394372606985191	2573.0	0.13786705910346272	3402.0	0.13857007714074618	4017.6666666666665
82	820001	3421	50	0	0.17307799466697074	50	0.16938579633491022	1883.0	0.16951033014647823	2469.3333333333335	0.17477368851388198	2985.0
83	830001	3536	50	0	0.14566659839750798	65	0.14744404426026836	2117.3333333333335	0.1388799323845525	2651.6666666666665	0.1526335776026886	3160.6666666666665
84	840001	3305	50	0	0.18233141140097547	47	0.20045076752018534	1773.3333333333333	0.19095175702251654	2387.0	0.18102480381975505	2862.3333333333335
85	850001	4167	50	0	0.21450412326637622	41	0.21109923371941938	1452.6666666666667	0.20909492447090286	2453.3333333333335	0.21221534917418639	3327.3333333333335
86	860001	3924	50	0	0.20673990740263484	56	0.1997616979958281	1890.6666666666667	0.2016307538832903	2709.6666666666665	0.20152979867272255	3327.6666666666665
87	870001	3513	50	0	0.1367574831253334	55	0.14026857675769108	1715.6666666666667	0.13585651662059653	2396.3333333333335	0.13849988795894397	2997.3333333333335
88	880001	3322	50	0	0.15581347710988092	49	0.16021512412012628	1821.6666666666667	0.15645761767730945	2344.0	0.1563064575272576	2816.6666666666665
89	890001	3391	50	0	0.16020335831485485	53	0.1789879679829004	1728.3333333333333	0.16705916061001103	2441.3333333333335	0.16272993278506784	2967.0
90	900001	3235	50	0	0.19874178138708806	48	0.20556476051734765	1286.6666666666667	0.1960594450951405	1947.6666666666667	0.20108282922399737	2620.6666666666665
91	910001	4126	50	0	0.1380745641665243	47	0.14467993981954821	1804.3333333333333	0.14044199101369303	2765.0	0.14041159460488412	3587.6666666666665
92	920001	1991	50	0	0.20026944532128307	43	0.19661774689292497	668.3333333333334	0.2019897499649634	1084.0	0.19814331671069674	1574.0
93	930001	3187	50	0	0.14080727956056685	50	0.17431395466880498	1393.3333333333333	0.15102701227819207	1944.3333333333333	0.13834845888207117	2432.0
94	940001	3871	50	0	0.18397753748808815	44	0.1857120402275005	1744.0	0.18721100149670414	2369.3333333333335	0.18291448607208605	3072.3333333333335
95	950001	3465	50	0	0.1827254444523413	54	0.1731603229283849	1343.6666666666667	0.1772835843375724	1913.0	0.18593702745161525	2490.3333333333335
96	960001	3205	50	0	0.16160366255368203	38	0.16932523250945755	1609.6666666666667	0.16624179119720348	2134.6666666666665	0.16604207184752626	2593.0
97	970001	2896	50	0	0.15389929641217404	42	0.16590387428417264	1157.0	0.15761128557166781	1787.6666666666667	0.15712058918622504	2267.3333333333335
98	980001	3352	50	0	0.15927269463885246	58	0.1800863362369033	1485.3333333333333	0.16355789758605263	2159.6666666666665	0.15674879497989083	2806.0
99	990001	3603	50	0	0.15955151493583394	58	0.17214648933525903	1608.3333333333333	0.16346730422433342	2237.0	0.16106669634482865	2894.3333333333335
100	1000001	4145	50	0	0.14775612339252625	49	0.15517701458482655	1802.3333333333333	0.15070365988626966	2729.6666666666665	0.14880880064158974	3489.6666666666665
101	1010001	3561	50	0	0.17709757779055535	39	0.17683259025514933	1726.0	0.1718704049882618	2589.6666666666665	0.1728759696530602	3160.0
102	1020001	2876	50	0	0.1857128172906281	50	0.22641287589159784	1442.0	0.19574831287198627	2006.6666666666667	0.18066200784329411	2459.0
103	1030001	3666	50	0	0.13210041269801445	62	0.13384112982206034	1763.6666666666667	0.13372909727621848	2411.3333333333335	0.13241734024984128	3020.3333333333335
104	1040001	3665	50	0	0.15821856693440856	59	0.16936390981127256	1565.0	0.15812611977348098	2295.3333333333335	0.15532325483246334	3003.3333333333335
105	1050001	2720	50	0	0.17021858086410066	55	0.19229729256931996	1364.0	0.17802344099776102	1823.0	0.1690167794037936	2213.0
106	1060001	3005	50	0	0.1667902689547811	58	0.17245077743090897	1563.3333333333333	0.16268947288417068	2114.3333333333335	0.1686453630322333	2612.6666666666665
107	1070001	3895	50	0	0.14150750831046022	55	0.1556130927720131	1864.6666666666667	0.14740725072911787	2582.6666666666665	0.14434505067296285	3194.0
108	1080001	4157	50	0	0.13663137266658837	60	0.1448440113875152	1931.0	0.13272142379513707	2810.6666666666665	0.13669746135311442	3542.6666666666665
109	1090001	4394	50	0	0.15920198018754494	65	0.1672861299309998	2193.3333333333335	0.16369566470454425	3278.0	0.15670083304657112	3875.3333333333335
110	1100001	4418	50	0	0.18212360481494905	40	0.1839717103341388	1579.3333333333333	0.18238559631124698	2624.0	0.18271237550109895	3655.0
111	1110001	3740	50	0	0.14962231444261687	45	0.16111729689287815	1751.3333333333333	0.15301695553427386	2613.3333333333335	0.15037697029827876	3250.0
112	1120001	4105	50	0	0.1712841831736745	51	0.1751455116146328	1712.6666666666667	0.17355479902140072	2634.0	0.17258732760847564	3501.6666666666665
113	1130001	3712	50	0	0.19040886179507638	41	0.19679745479866093	1378.6666666666667	0.1981058666668668	2209.6666666666665	0.19263434742642402	3056.3333333333335
114	1140001	4146	50	0	0.16570958926673052	54	0.1635536109251271	1692.6666666666667	0.15864050177891018	2615.6666666666665	0.1655087915078085	3477.6666666666665
115	1150001	4197	50	0	0.1823340902782663	59	0.1901569529817583	1551.6666666666667	0.1800081948943584	2397.6666666666665	0.18325013976516416	3362.6666666666665
116	1160001	3954	50	0	0.13467277660831808	60	0.15137131831793652	1329.6666666666667	0.1390332301921029	2161.0	0.13856247323934615	3071.0
117	1170001	3412	50	0	0.18190839983544096	52	0.2124695798092462	1213.6666666666667	0.18142239929026038	2024.3333333333333	0.1794075254066195	2727.0
118	1180001	4364	50	0	0.16196270672741525	56	0.16574473435780848	1844.3333333333333	0.16761226916021696	2834.6666666666665	0.16788041197114587	3378.0
119	1190001	2791	50	0	0.19150074579543802	48	0.21009225610243434	1151.6666666666667	0.19130411644907455	1738.3333333333333	0.19373387178447474	2198.6666666666665
120	1200001	3951	50	0	0.16484599310044531	59	0.19165239598465286	1611.3333333333333	0.1652703303905392	2418.6666666666665	0.1587403345153083	3180.6666666666665
121	1210001	2866	50	0	0.1555007311389945	50	0.16617734563084585	1160.3333333333333	0.16192156664468957	1677.6666666666667	0.15424570973710636	2288.0
122	1220001	4207	50	0	0.12994971282204792	51	0.14143192865585164	1642.3333333333333	0.12976025155983464	2495.6666666666665	0.1318503715418647	3363.3333333333335
123	1230001	5565	50	0	0.16800961991987132	45	0.16321940631760354	2005.6666666666667	0.16815708422402598	3237.6666666666665	0.1685631472622868	4401.0
124	1240001	4237	50	0	0.21703396153104804	39	0.20887655071546063	1559.6666666666667	0.21906561833622815	2353.3333333333335	0.21778891453739066	3151.0
125	1250001	4090	50	0	0.1582878016388114	52	0.1492637688007011	1918.0	0.15839481984458648	2733.3333333333335	0.1619514651866588	3400.3333333333335
126	1260001	3435	50	0	0.18093727806802823	52	0.18019523890394828	1680.3333333333333	0.1860624867206229	2293.6666666666665	0.18631015780186555	2878.0
127	1270001	2617	50	0	0.18363690480297934	40	0.18624373407685427	858.6666666666666	0.18953939090803865	1395.0	0.18530905140554135	2009.0
128	1280001	3125	50	0	0.14601528208167866	46	0.1589870806777359	1049.3333333333333	0.1607234338474962	1619.0	0.14347285158697923	2251.6666666666665
129	1290001	3992	50	0	0.17214742148607098	54	0.17028564080025912	1494.6666666666667	0.1765792471875902	2245.0	0.17037326210010573	3037.0
130	1300001	4989	50	0	0.1680157797948128	46	0.1711094797436107	1767.0	0.17136114118979537	2902.3333333333335	0.1705342802696909	4028.0
131	1310001	4192	50	0	0.13566577809815766	51	0.1416472998440256	1662.6666666666667	0.13734102076013696	2469.6666666666665	0.13679984621410868	3327.6666666666665
132	1320001	4225	50	0	0.1771043399562337	50	0.1816210188710556	1889.0	0.18643198522919333	2677.6666666666665	0.1735679988025156	3405.6666666666665
133	1330001	3883	50	0	0.1732252858517666	48	0.18687338534895026	1663.6666666666667	0.1756664646901457	2379.3333333333335	0.17441513716916143	3101.3333333333335
134	1340001	3440	50	0	0.17382778304633922	44	0.17704071035242888	1513.6666666666667	0.16803053637086554	2165.0	0.17591350738865552	2815.0
135	1350001	2616	50	0	0.1580671244034565	46	0.16080902997809352	1450.3333333333333	0.1671288763876906	1865.0	0.16095373789354223	2233.0
136	1360001	3656	50	0	0.15945403528206925	50	0.16387167426817953	1736.6666666666667	0.15818306635860976	2355.6666666666665	0.16412384158079585	3009.3333333333335
137	1370001	3120	50	0	0.20438642307072602	47	0.2068179817018262	1531.6666666666667	0.20968220770586984	2070.3333333333335	0.20809995529616002	2560.3333333333335
138	1380001	3362	50	0	0.16658372960488038	50	0.16846410113298452	1535.0	0.16641571242985573	2146.0	0.16547469963946915	2751.0
139	1390001	3688	50	0	0.19406237753565764	39	0.20610833363601136	1666.6666666666667	0.19502631918543145	2345.0	0.19477016392655758	3048.6666666666665
140	1400001	3724	50	0	0.11319571497837037	58	0.11863681725590956	1812.3333333333333	0.12343012067689485	2434.0	0.11154264795452155	3057.3333333333335
141	1410001	3108	50	0	0.15398474011225227	47	0.16176790261004134	1510.0	0.1555797696133217	2031.3333333333333	0.155799505665175	2554.0
142	1420001	4072	50	0	0.14533058573999155	41	0.16091457903828268	1479.6666666666667	0.14539531346873316	2371.3333333333335	0.14569608262739187	3335.0
143	1430001	3137	50	0	0.18012075432115038	48	0.19325872081549178	1295.3333333333333	0.17709686773306987	1952.0	0.18532551369068553	2594.6666666666665
144	1440001	1374	50	0	0.17654399699977333	33	0.17671720130131494	485.3333333333333	0.18154782904013314	833.3333333333334	0.1756841444348858	1154.6666666666667
145	1450001	3973	50	0	0.15959419892518129	42	0.16530270464904975	1369.6666666666667	0.16412049487030203	2183.0	0.16482853985733792	3106.0
146	1460001	3531	50	0	0.17332197370364236	46	0.17942129211820193	931.3333333333334	0.17779420100192533	1784.3333333333333	0.16953136393672577	2725.3333333333335
147	1470001	3543	50	0	0.12717163555780114	53	0.13369952210871544	1384.3333333333333	0.12699656996339484	2080.3333333333335	0.12940001468264317	2913.3333333333335
148	1480001	3816	50	0	0.17184020609189474	51	0.1636553624242598	1876.0	0.17314403352818555	2579.6666666666665	0.17220873543649406	3214.6666666666665
149	1490001	3710	50	0	0.20061898799521782	42	0.20461263750707534	1321.3333333333333	0.20539032164786675	2145.0	0.20092491893781259	2976.3333333333335
150	1500001	2756	50	0	0.15255484090804486	53	0.15561980876963802	1330.0	0.15716254266501134	1931.6666666666667	0.1534862928574315	2473.0
151	1510001	3482	50	0	0.18429440713612824	53	0.18558180662211077	1281.3333333333333	0.18636966725681325	2012.0	0.18892605195225196	2798.0
152	1520001	1729	50	0	0.18111426196098449	40	0.16670210066781097	541.0	0.18714288101967522	953.0	0.18172364059196258	1387.3333333333333
153	1530001	3888	50	0	0.1882003296613963	50	0.19464673407151048	1570.0	0.1922634899228993	2478.0	0.18833133178759506	3277.6666666666665
154	1540001	2893	50	0	0.20485018148350953	40	0.2005244347678468	1095.6666666666667	0.2053390338845711	1708.6666666666667	0.20153339989648525	2336.6666666666665
155	1550001	3347	50	0	0.19668719446158325	50	0.1958633564878118	1281.6666666666667	0.19691427519471846	1987.3333333333333	0.19776237599541316	2668.0
156	1560001	3868	50	0	0.18882415174822711	43	0.1820325091997196	1626.3333333333333	0.19805389568305828	2469.6666666666665	0.1886154148366609	3130.3333333333335
157	1570001	3969	50	0	0.16542383886586223	44	0.17095261976023365	1470.0	0.16448744247557182	2306.6666666666665	0.16332495124048904	3141.3333333333335
158	1580001	4948	50	0	0.16375861759933066	53	0.16585668364592696	1560.3333333333333	0.15962411679573407	2551.3333333333335	0.16343276973225923	3649.6666666666665
159	1590001	2380	50	0	0.20513727372882662	42	0.2013282053309474	682.0	0.21954233456290204	1150.3333333333333	0.2025207122449085	1684.0
160	1600001	4219	50	0	0.1804599662240805	54	0.172707450271996	1756.3333333333333	0.18845876182850071	2586.0	0.18393396208190496	3289.0
161	1610001	2939	50	0	0.16968446097139048	41	0.19047650414136671	1150.6666666666667	0.17538969580891886	1686.3333333333333	0.1700515596483554	2286.3333333333335
162	1620001	3711	50	0	0.1482988423204857	49	0.14749098182534978	1593.3333333333333	0.15198841670321872	2323.3333333333335	0.14961044451805486	3082.0
163	1630001	3085	50	0	0.17744160836727366	58	0.18224548983187114	1553.6666666666667	0.1845316823837322	2080.0	0.1791583525910536	2584.6666666666665
164	1640001	2400	50	0	0.1704799862581184	55	0.17396688448662045	1016.6666666666666	0.17059395840311697	1471.6666666666667	0.16981283150409351	1938.0
165	1650001	3347	50	0	0.17725495119030765	54	0.1912079349361047	1615.6666666666667	0.17583364026070777	2268.3333333333335	0.17814390227469987	2841.6666666666665
166	1660001	4006	50	0	0.14569433028671547	56	0.15764102331232976	1704.3333333333333	0.14411093119799023	2583.6666666666665	0.14680335744950834	3441.0
167	1670001	3429	50	0	0.1466923137490405	51	0.17198041503283465	1512.0	0.1518436821588505	2226.3333333333335	0.14987957392256548	2936.0
168	1680001	3703	50	0	0.1611154176284373	47	0.1715152594686333	1657.6666666666667	0.16332143116020426	2363.3333333333335	0.1613206225352499	3043.0
169	1690001	4592	50	0	0.1455218099052478	46	0.16612419241175094	1837.0	0.1447194566617389	2837.0	0.14777137823005637	3753.6666666666665
170	1700001	4165	50	0	0.14448795510078705	48	0.15227932925410767	1644.6666666666667	0.14944457775968764	2682.6666666666665	0.1428486088292064	3609.6666666666665
171	1710001	4031	50	0	0.1737105751060911	48	0.18599611028536903	1554.0	0.1750542182713688	2412.0	0.17240508606330482	3293.3333333333335
172	1720001	2676	50	0	0.16778908414973054	44	0.1894103001173666	868.6666666666666	0.1785199349250103	1496.3333333333333	0.17281501958998824	2090.6666666666665
173	1730001	2643	50	0	0.18993403792798993	44	0.18753451905713522	1063.6666666666667	0.19056965525473724	1620.6666666666667	0.18852351402139222	2203.0
174	1740001	4264	50	0	0.1886301314877268	42	0.1889435359648172	1551.0	0.18330798503375145	2587.3333333333335	0.1893118054301127	3561.3333333333335
175	1750001	4163	50	0	0.15761157559535957	53	0.1696539674186359	1970.6666666666667	0.1573160329809273	2901.0	0.15660658472212102	3602.0
176	1760001	4366	50	0	0.16455839297755828	53	0.16569960966590988	1459.3333333333333	0.17294479559308096	2603.6666666666665	0.16630578937577897	3630.0
177	1770001	3942	50	0	0.24034211525552937	37	0.23168351636909515	1374.6666666666667	0.23393774295692385	2304.3333333333335	0.2421408528844441	3200.6666666666665
178	1780001	2479	50	0	0.19464795193405213	33	0.2124835122777147	957.0	0.18922260128218138	1453.6666666666667	0.19629657718519863	2030.0
179	1790001	2978	50	0	0.16162693671889838	51	0.16977197844013694	1540.6666666666667	0.1651217317206323	2086.0	0.15951700504832056	2574.0
180	1800001	3324	50	0	0.15688282172525167	51	0.1603893891996979	1729.0	0.1630937659092497	2346.6666666666665	0.1533241554711167	2893.0
181	1810001	2477	50	0	0.1570235646422045	43	0.16202289462518732	1185.0	0.1579149314942161	1640.6666666666667	0.15402871129953774	2128.6666666666665
182	1820001	2388	50	0	0.1864145782096452	41	0.19102809402854715	991.3333333333334	0.1837145504483223	1557.0	0.18238794628010277	2070.6666666666665
183	1830001	4149	50	0	0.236843031108744	47	0.24057514556827433	1512.3333333333333	0.24049570943349752	2500.3333333333335	0.2378755623645654	3455.0
184	1840001	3875	50	0	0.19218614428779482	43	0.2062613758977935	1139.6666666666667	0.18859596093121342	1918.0	0.19412650932751477	2907.6666666666665
185	1850001	4704	50	0	0.1952051786921895	42	0.19845068384577555	1768.3333333333333	0.20212925498671508	2747.6666666666665	0.19906947058848465	3864.3333333333335
186	1860001	3425	50	0	0.12134329509265067	56	0.1296938833616662	1592.3333333333333	0.12512218250698717	2239.3333333333335	0.1225204164777731	2864.6666666666665
187	1870001	2926	50	0	0.2339906471342146	41	0.2348206078010668	1199.0	0.24652626144550882	1734.6666666666667	0.23543442512881696	2320.6666666666665
188	1880001	3339	50	0	0.1791783174972057	56	0.19242996653429822	1081.0	0.1821542966596692	1827.0	0.18025909319216624	2692.3333333333335
189	1890001	4437	50	0	0.16679572550459507	55	0.17419830041585438	1995.3333333333333	0.16846832578500903	3025.0	0.16636163720671682	3852.3333333333335
190	1900001	4597	50	0	0.17549007795762545	52	0.18350047938728734	1915.3333333333333	0.164639378241319	3025.6666666666665	0.1735014818298631	3991.0
191	1910001	3341	50	0	0.17111602845028556	40	0.1659967888864963	1589.6666666666667	0.16888592956992363	2382.6666666666665	0.17132021539356537	2996.3333333333335
192	1920001	3091	50	0	0.24739827253550375	44	0.24535573671976904	1229.3333333333333	0.23776171510407026	2008.3333333333333	0.2425606859272905	2636.3333333333335
193	1930001	3723	50	0	0.17751436337784393	51	0.17526170680080697	1492.6666666666667	0.17866337189058704	2414.6666666666665	0.1745220180487181	3196.6666666666665
194	1940001	3498	50	0	0.17495662448869256	56	0.19138140108497667	1553.0	0.18405481484372935	2195.6666666666665	0.1728269423656462	2766.3333333333335
195	1950001	3921	50	0	0.14450655808439095	49	0.15839742113601352	1819.6666666666667	0.14781194631353547	2623.0	0.14307382014242984	3333.6666666666665
196	1960001	3902	50	0	0.16475747299167687	57	0.1714577732755073	1614.0	0.16447657390044437	2427.0	0.1670436446217023	3203.0
197	1970001	3191	50	0	0.1766409150976022	54	0.2043063973297344	1090.3333333333333	0.1689684318888546	1722.0	0.18134692817939083	2513.0
198	1980001	2846	50	0	0.15968739400903775	57	0.17304043983193917	1467.0	0.15755270604119576	1922.3333333333333	0.15444238758183132	2409.3333333333335
199	1990001	3928	50	0	0.21374664168955465	50	0.20287228808823685	1639.0	0.21435421632160404	2370.0	0.21859584028371323	3138.3333333333335
200	2000001	4819	50	0	0.14014452411225795	48	0.14834815926360986	1810.3333333333333	0.14213521566860365	2830.3333333333335	0.14103190049938252	3833.0
201	2010001	4730	50	0	0.1169372140784004	58	0.1329365713506475	1921.0	0.12005036045547511	2787.6666666666665	0.11755206887380644	3762.3333333333335
202	2020001	4652	50	0	0.17948171919354594	52	0.19641107130428603	1679.3333333333333	0.16894639081144458	2617.6666666666665	0.1731562057335397	3655.0
203	2030001	3110	50	0	0.1667022811794623	47	0.17513366908755704	1426.0	0.18023902414906293	2052.3333333333335	0.16622016058675887	2534.3333333333335
204	2040001	4242	50	0	0.14436572840697612	53	0.15338390682894332	2175.3333333333335	0.14566184319870043	2943.3333333333335	0.14525523875509053	3547.0
205	2050001	4292	50	0	0.1621398876052209	56	0.1623747031542516	1832.6666666666667	0.16176055732729314	2715.3333333333335	0.16230464391183572	3566.0
206	2060001	4057	50	0	0.1606863560378681	49	0.16132947711767748	1770.6666666666667	0.155898857128175	2676.0	0.1616598211554339	3417.0
207	2070001	3377	50	0	0.18327376296064996	55	0.18029235315918582	1396.0	0.18113481233541726	2040.0	0.18337406522645724	2727.3333333333335
208	2080001	3470	50	0	0.2054204317000422	50	0.2256978818410699	1763.3333333333333	0.20926386854550952	2391.3333333333335	0.21035223541972878	2953.6666666666665
209	2090001	3235	50	0	0.14152301797633746	51	0.1498455214320181	1610.0	0.14711162554651383	2229.0	0.14204834028116886	2757.3333333333335
210	2100001	3912	50	0	0.170562561436908	47	0.18753073694706313	1614.0	0.1728615258319214	2478.3333333333335	0.1703763927389089	3245.0
211	2110001	3310	50	0	0.15841382357760309	56	0.1722440907020754	1636.0	0.16081498035090017	2228.0	0.16128268975455626	2817.0
212	2120001	3220	50	0	0.15191220782659184	49	0.15564039475833455	1666.0	0.16404562111427054	2264.0	0.15061360409305793	2832.0
213	2130001	4201	50	0	0.15480130823333393	57	0.17014992168625973	1616.6666666666667	0.15768682167718037	2526.3333333333335	0.15540697426631087	3437.3333333333335
214	2140001	3500	50	0	0.18367624844248176	52	0.18478526348164473	1487.0	0.17751318401186292	2269.6666666666665	0.17882089142968413	2973.3333333333335
215	2150001	3218	50	0	0.1565888717158913	54	0.17867810404442797	1554.6666666666667	0.15968148168896332	2199.6666666666665	0.16122959438236203	2823.6666666666665
216	2160001	3919	50	0	0.1769105659179447	51	0.17949943066115961	1835.0	0.17911075661930217	2642.0	0.17594382318070279	3375.6666666666665
217	2170001	3576	50	0	0.22833738048042976	44	0.2286692153233821	1584.0	0.22906147684176378	2333.0	0.22996600891505656	3035.6666666666665
218	2180001	2839	50	0	0.17667417103861782	41	0.17984760432357705	1321.6666666666667	0.1813682434376019	1783.6666666666667	0.1905060003744368	2255.0
219	2190001	4090	50	0	0.15131607955539295	53	0.17336749130970053	1625.3333333333333	0.14786062322728286	2525.6666666666665	0.1519714263341219	3429.3333333333335
220	2200001	3458	50	0	0.2101557006576729	48	0.22077620529754283	1254.3333333333333	0.21395520548990613	1863.0	0.21410538666143444	2626.3333333333335
221	2210001	3020	50	0	0.19294750031278207	52	0.20430593657954768	1210.3333333333333	0.19370118411702072	1833.0	0.19476142868375304	2537.0
222	2220001	3146	50	0	0.19968712265821406	49	0.19173466958820193	1611.6666666666667	0.2066978490536314	2240.6666666666665	0.19584460871624265	2733.0
223	2230001	2605	50	0	0.19859191241713295	41	0.20434109331491948	1123.3333333333333	0.19678357786867506	1750.3333333333333	0.19733547890392678	2253.6666666666665
224	2240001	3694	50	0	0.14393824129230468	53	0.14406675302740504	1733.3333333333333	0.14863538908389626	2507.6666666666665	0.1441896858619329	3133.6666666666665
225	2250001	4454	50	0	0.1549468287219777	43	0.1561948747665366	1813.3333333333333	0.15709738254711705	2722.6666666666665	0.15599288867334962	3540.0
226	2260001	3407	50	0	0.1552461045433713	65	0.15793826617172665	1327.6666666666667	0.16156206154984673	2085.0	0.15487979515189254	2812.0
227	2270001	1471	50	0	0.22506024584476508	30	0.24210888611896472	460.6666666666667	0.22281702196276068	788.0	0.2210853765052749	1176.0
228	2280001	3428	50	0	0.22977920458306092	42	0.2436568859095292	1299.6666666666667	0.2261320610963332	1988.6666666666667	0.23231887191346046	2758.6666666666665
229	2290001	1168	50	0	0.2199381968476246	36	0.22165136094509055	199.33333333333334	0.2228534829010028	451.0	0.22022404745904678	774.6666666666666
230	2300001	3529	50	0	0.17979759502175102	46	0.19115236103428876	1559.0	0.17836851730355333	2175.3333333333335	0.17925024523537636	2874.3333333333335
231	2310001	3420	50	0	0.18807670977435764	42	0.20410210779872398	1387.3333333333333	0.18739899362455273	2060.3333333333335	0.18636243666682054	2705.3333333333335
232	2320001	2834	50	0	0.19311625226690202	43	0.19361965523129254	1352.3333333333333	0.19998352068216316	1995.6666666666667	0.19196438816368677	2399.6666666666665
233	2330001	2422	50	0	0.18446262024708934	44	0.19972168033660545	1040.0	0.18565278642200234	1469.0	0.18668335111038684	1924.3333333333333
234	2340001	2908	50	0	0.19100934820353235	37	0.20409117482967012	1229.0	0.19693617942587024	1865.0	0.19357031669653227	2425.6666666666665
235	2350001	3802	50	0	0.13296029115315772	52	0.15890818818872618	1593.6666666666667	0.13697385629316747	2451.6666666666665	0.14046635036460128	3166.0
236	2360001	4359	50	0	0.18108557622663388	44	0.18615233494704742	1578.3333333333333	0.1842580941403323	2494.3333333333335	0.1853832244919911	3498.0
237	2370001	3457	50	0	0.1408604033418277	48	0.14201136998518785	1125.0	0.15142922675147275	1828.0	0.14186647921090076	2568.6666666666665
238	2380001	5064	50	0	0.15922414814650832	51	0.16288715706814288	2049.6666666666665	0.15878215171970853	3204.0	0.15860862960153865	4217.0
239	2390001	3651	50	0	0.15363002850056923	48	0.15702432627455484	1694.3333333333333	0.15513535619932248	2457.0	0.1542198800313164	3061.0
240	2400001	3474	50	0	0.19631813525642197	45	0.19894960819385688	1351.0	0.19918018890787081	2010.3333333333333	0.19685607447598596	2699.3333333333335
241	2410001	1158	50	0	0.2340911131779417	52	0.2299628338895087	306.0	0.21633208723405561	557.6666666666666	0.23884029509084503	848.0
242	2420001	3680	50	0	0.1804690222587802	42	0.1819349908163281	1405.6666666666667	0.18150011434974647	2134.0	0.18107413393981123	2828.0
243	2430001	3782	50	0	0.1557590146401122	50	0.1559438444238598	1396.0	0.16019417635349056	2222.6666666666665	0.1554109523504774	3022.6666666666665
244	2440001	4654	50	0	0.15995472681261488	57	0.16303744871959522	1553.0	0.15678059825677032	2467.6666666666665	0.15885953580216153	3494.0
245	2450001	2810	50	0	0.13302432937218286	57	0.17134924125692486	960.0	0.13767134736255296	1495.6666666666667	0.1367596443224006	2125.3333333333335
246	2460001	1916	50	0	0.15583883540458132	46	0.16088878676741453	592.3333333333334	0.15722361536662763	971.0	0.1559637155131812	1472.6666666666667
247	2470001	3768	50	0	0.14383095924478995	44	0.15243868913849531	1412.6666666666667	0.14242393000727438	2127.6666666666665	0.14413258606553903	3002.3333333333335
248	2480001	4897	50	0	0.20579439886684014	48	0.20593590964477673	1717.0	0.21204048217377502	2719.0	0.20679374860478003	3809.6666666666665
249	2490001	3849	50	0	0.17637444432301402	47	0.18606232793228658	1878.0	0.17555235913093747	2671.6666666666665	0.1757021547123059	3218.0
250	2500001	3475	50	0	0.13740103490902505	58	0.15058426146724538	1796.0	0.13825885013069028	2387.0	0.13689911013595188	2934.3333333333335
251	2510001	4256	50	0	0.14050097175029697	54	0.1405713471905171	1785.6666666666667	0.14011352160619392	2592.0	0.14162818036051825	3298.0
252	2520001	3601	50	0	0.16486283541186303	54	0.1664335211852244	1554.0	0.16875238199511858	2287.6666666666665	0.15922672399758828	3013.3333333333335
253	2530001	3209	50	0	0.1280193915113509	55	0.13750325193563	1080.0	0.13118284835341906	1581.3333333333333	0.12509942949637812	2276.6666666666665
254	2540001	3640	50	0	0.17039943479169267	54	0.17958489790035412	1448.6666666666667	0.17771064957896288	2206.6666666666665	0.1657510598683211	2907.6666666666665
255	2550001	2497	50	0	0.16290177303673464	46	0.1745912467624735	1122.0	0.1674989102737144	1548.6666666666667	0.16509959877175395	1953.3333333333333
256	2560001	4357	50	0	0.14781855259442878	50	0.1625668176485792	1346.6666666666667	0.1550165336695857	2348.6666666666665	0.1475340552535068	3431.3333333333335
257	2570001	5089	50	0	0.14378317775614888	61	0.14836677572741305	2359.6666666666665	0.14246885815054142	3646.6666666666665	0.14246187921053818	4541.666666666667
258	2580001	3919	50	0	0.15619157377890747	50	0.15670550565118266	1326.6666666666667	0.15626106192385883	2216.6666666666665	0.1558677893181119	3104.3333333333335
259	2590001	3702	50	0	0.13638798940444666	58	0.15496654027935672	1706.3333333333333	0.1438907421421319	2352.0	0.14247120621939632	3102.3333333333335
260	2600001	3242	50	0	0.12556453731354453	56	0.1308185921563323	1398.6666666666667	0.12863630971116446	2143.6666666666665	0.12540883831762203	2778.6666666666665
261	2610001	2578	50	0	0.19487978023715272	51	0.1930971485073958	1072.3333333333333	0.1953788394116298	1610.3333333333333	0.19315175986470842	2138.6666666666665
262	2620001	4108	50	0	0.14843134434330327	51	0.15106782561989993	1405.0	0.14568503859452323	2218.6666666666665	0.14943755715204432	3215.6666666666665
263	2630001	3956	50	0	0.13967996188386167	54	0.152358252131915	1741.6666666666667	0.1417089972013805	2563.3333333333335	0.13983695925198772	3350.3333333333335
264	2640001	4420	50	0	0.1392386347205186	60	0.14848298702950555	1832.6666666666667	0.13981657356010796	2691.6666666666665	0.13925787660598846	3634.6666666666665
265	2650001	2864	50	0	0.17216028052150348	47	0.19209983651243312	1175.3333333333333	0.16524156887629857	1778.0	0.17148647142264486	2421.3333333333335
266	2660001	4396	50	0	0.1487540030673513	55	0.15790637626670964	1881.0	0.14598222742676079	2806.6666666666665	0.14945111474477318	3636.6666666666665
267	2670001	3932	50	0	0.14734661533233367	52	0.15530994625991446	1789.0	0.14424556830239557	2556.6666666666665	0.1488082268698902	3281.3333333333335
268	2680001	3567	50	0	0.15954079943450838	52	0.16129260475452822	1402.0	0.16100867000575325	2113.3333333333335	0.15940960521822412	2849.6666666666665
269	2690001	4750	50	0	0.12992076493446014	52	0.13453777868868744	1711.3333333333333	0.1297646198694554	2769.6666666666665	0.13234098461873023	3825.3333333333335
270	2700001	4386	50	0	0.12930005523368052	64	0.13888454644480125	1644.3333333333333	0.13227751335998353	2774.0	0.1298852050377528	3603.0
271	2710001	3710	50	0	0.12479160463302387	55	0.12958206453838678	1607.6666666666667	0.1264435098477306	2463.0	0.12829847205678196	3070.6666666666665
272	2720001	3862	50	0	0.12149273429007315	58	0.12870612632677114	1572.0	0.1255084295197985	2354.0	0.12059662467645327	3100.6666666666665
273	2730001	3831	50	0	0.15740078460898016	52	0.17227244120326488	1607.6666666666667	0.16264115948661548	2284.6666666666665	0.15760765987041	2992.0
274	2740001	4866	50	0	0.17163041841841217	54	0.17180779710699742	1753.0	0.17332025232360615	2758.0	0.1680763196319477	3734.3333333333335
275	2750001	4490	50	0	0.13536756555989346	54	0.15073157990124916	1698.6666666666667	0.13723514351408353	2696.3333333333335	0.13674618247028783	3552.3333333333335
276	2760001	5275	50	0	0.1607842993708963	41	0.17303810784911486	1881.3333333333333	0.16098425315261752	3002.3333333333335	0.16242802351558197	3995.3333333333335
277	2770001	4468	50	0	0.15103102111177824	45	0.1632045880807725	1575.0	0.15402927695369759	2393.3333333333335	0.1510845474782391	3275.0
278	2780001	4421	50	0	0.12204407734523638	60	0.12494709333335231	1879.0	0.12443178949985183	2730.6666666666665	0.12164118801772084	3435.3333333333335
279	2790001	92	32	1	0.14116719885616832	51	0.14689017097801024	19.666666666666668	0.14279114297082426	40.666666666666664	0.14236150785416515	56.666666666666664
280	2800001	4417	50	0	0.17699890696525636	46	0.1665891800262053	1879.6666666666667	0.17404364454887145	2863.6666666666665	0.17470857902577006	3671.0
281	2810001	3636	50	0	0.15748287270711464	48	0.17832832021958808	1620.3333333333333	0.15893176615327578	2316.6666666666665	0.15871756161179099	2934.0
282	2820001	3459	50	0	0.21979701558094664	45	0.22870493543505	1794.6666666666667	0.2220633988191825	2529.6666666666665	0.221826392847153	3039.0
283	2830001	3215	50	0	0.13328260291948532	59	0.13804174237571912	1770.0	0.14021490569584302	2298.6666666666665	0.13546319877302637	2756.3333333333335
284	2840001	3599	50	0	0.15450326005738524	44	0.16535303000638693	1410.3333333333333	0.15567646921821499	2221.0	0.1547645642426463	2951.0
285	2850001	4179	50	0	0.177405860819578	52	0.18864098195232137	1679.0	0.17937478068194235	2549.3333333333335	0.17896154309893972	3247.0
286	2860001	4807	50	0	0.15694497681762487	46	0.17496092040532427	1661.0	0.1573372614804416	2677.6666666666665	0.15480233557309303	3627.0
287	2870001	3374	50	0	0.1376174355364886	49	0.15004997288042146	1434.0	0.1398721759103385	2195.3333333333335	0.14110870435718334	2834.6666666666665
288	2880001	3841	50	0	0.15582960269353222	47	0.16563544826164645	1546.6666666666667	0.15630819721845826	2280.0	0.1603600566581986	3040.0
289	2890001	3917	50	0	0.15577093026648328	45	0.155123257620141	1397.6666666666667	0.1556762326314495	2027.0	0.15758702828876167	2874.3333333333335
290	2900001	3273	50	0	0.1411174496169327	54	0.15323012298916328	1391.3333333333333	0.14487752197485881	1915.3333333333333	0.14235469943538478	2486.6666666666665
291	2910001	2783	50	0	0.17998831352524747	42	0.18433063504193326	1123.6666666666667	0.18480226931846347	1597.6666666666667	0.18444021707827354	2144.3333333333335
292	2920001	3250	50	0	0.145701324861589	62	0.1537515757911799	1594.3333333333333	0.16005983577476698	2201.6666666666665	0.14495512045485962	2743.0
293	2930001	3859	50	0	0.1492379056428717	45	0.16326877310037693	1510.0	0.15928724504921746	2204.0	0.1541461450027413	2974.3333333333335
294	2940001	3072	50	0	0.15119062543540585	51	0.14538941489085574	1292.3333333333333	0.15251634197671726	1857.3333333333333	0.1530515541884563	2345.0
295	2950001	3739	50	0	0.13237732945322084	58	0.1475474854125507	1304.3333333333333	0.141176962216103	2068.3333333333335	0.13224451940635615	2765.6666666666665
296	2960001	4410	50	0	0.13681210220509332	46	0.15031033159739207	1996.6666666666667	0.13448079065299512	2973.0	0.14007631616847105	3668.0
297	2970001	3850	50	0	0.17661394717515794	46	0.1895971471998036	1908.0	0.1881167611988883	2727.3333333333335	0.1777627076309262	3287.3333333333335
298	2980001	4106	50	0	0.14715671334508232	49	0.15749343918908779	1467.3333333333333	0.14762382882204053	2316.6666666666665	0.14733231699118718	3252.6666666666665
299	2990001	3384	50	0	0.16288755783301914	47	0.17520696992453785	1428.3333333333333	0.16578296945145973	1941.3333333333333	0.16265182629810918	2623.3333333333335
300	3000001	3571	50	0	0.18392772531625814	48	0.2031254416398207	1857.3333333333333	0.18746886405781393	2386.3333333333335	0.1850714619042324	2932.3333333333335
301	3010001	4116	50	0	0.18393413951232393	51	0.18878038921495952	1593.6666666666667	0.18224925351033897	2245.0	0.18575953208029597	3110.6666666666665
302	3020001	3894	50	0	0.1637344435512327	44	0.17396206983317097	1532.6666666666667	0.17106707385093323	2245.6666666666665	0.16462640914033258	2977.3333333333335
303	3030001	3140	50	0	0.13022279230061862	58	0.1442345518863115	1427.0	0.144339455932496	2058.3333333333335	0.13102871697191512	2624.3333333333335
304	3040001	3670	50	0	0.12184353748679749	54	0.1271927689717946	1735.0	0.12456720971137251	2444.3333333333335	0.12239270585894024	3079.3333333333335
305	3050001	3382	50	0	0.17610490671890475	49	0.1962232654182241	1449.6666666666667	0.18044356508398662	2141.3333333333335	0.17889119994040267	2814.6666666666665
306	3060001	2276	49	0	0.17966775347829136	45	0.20238420480806465	502.0	0.18490183084842293	1050.3333333333333	0.17814729484626612	1600.6666666666667
307	3070001	2386	49	0	0.29823220943327833	43	0.3393560317569299	585.6666666666666	0.3149392504230763	1331.3333333333333	0.2958092816623655	1952.3333333333333
308	3080001	2867	49	0	0.1781832561572305	39	0.17781390616200354	606.0	0.18339412084073348	1338.0	0.1839632325308411	2116.6666666666665
309	3090001	2429	49	0	0.2324906976181402	40	0.2591172774500484	638.3333333333334	0.23738218865903463	1294.3333333333333	0.2371542044699851	1935.6666666666667
310	3100001	2741	48	0	0.32915728460185945	34	0.3691303428840866	472.0	0.30363477014541423	1195.6666666666667	0.33925432093794367	2049.6666666666665
311	3110001	3255	50	0	0.15590360026174763	49	0.15331185360003782	1649.6666666666667	0.1613732187121744	2248.0	0.15690870507772794	2813.6666666666665
312	3120001	4119	50	0	0.13822125873874974	58	0.15462486989757435	1668.0	0.13994621944250274	2577.0	0.13798681191722004	3385.0
313	3130001	3126	50	0	0.13557265634585836	53	0.14372747620258716	1544.0	0.13149406186264076	2152.0	0.13708545509157735	2617.3333333333335
314	3140001	3894	50	0	0.15014352598513342	53	0.1510341030389543	1845.3333333333333	0.1499796361241231	2642.6666666666665	0.15177052421076953	3322.6666666666665
315	3150001	3605	50	0	0.1442825555501144	53	0.15447546253616498	1802.6666666666667	0.14537366967121826	2568.6666666666665	0.14286358393771445	3168.0
316	3160001	3694	50	0	0.15983353032424383	57	0.17271245007413516	2005.6666666666667	0.1610973559312957	2753.6666666666665	0.16603555613209672	3255.3333333333335
317	3170001	4558	50	0	0.14732224009357903	54	0.15537797411927826	1870.6666666666667	0.15937794709327355	2837.6666666666665	0.1499881498710516	3762.6666666666665
318	3180001	4421	50	0	0.15235458032547297	52	0.15223487414105016	1618.3333333333333	0.15048926594449286	2662.0	0.1526261973800258	3580.0
319	3190001	4909	50	0	0.14067617753050135	56	0.1501655230332761	2017.6666666666667	0.1408980887837661	3191.3333333333335	0.1389837387452413	4204.666666666667
320	3200001	4224	50	0	0.15332986730503628	48	0.15904365643795598	1865.6666666666667	0.1573093547130162	2942.0	0.15519775600399985	3709.0
321	3210001	3804	50	0	0.13712673555860397	54	0.1444752759796648	1829.3333333333333	0.13685690819231328	2787.6666666666665	0.13820751096248943	3389.6666666666665
322	3220001	4736	50	0	0.15095871189237084	59	0.15432161047224055	2121.3333333333335	0.15162313161811872	3141.6666666666665	0.15371028327569264	3900.0
323	3230001	4452	50	0	0.14143371694424287	56	0.16666310148592411	1893.6666666666667	0.15102756355496813	2929.0	0.1419513105797725	3642.0
324	3240001	4208	50	0	0.18363551654650456	41	0.17951683452446254	1625.0	0.18266098313383913	2594.0	0.17980941202934678	3490.3333333333335
325	3250001	4654	50	0	0.1404373923490543	57	0.1536143591237342	2055.6666666666665	0.14758509002690193	3089.0	0.1426739415658587	3751.0
326	3260001	4269	50	0	0.12633480345948384	51	0.13270907181395764	1777.3333333333333	0.13754405412798132	2707.3333333333335	0.1259648056595477	3423.3333333333335
327	3270001	3990	50	0	0.12197886627823193	58	0.1434978013888089	1878.0	0.1208168643059998	2662.3333333333335	0.12200145321062002	3320.6666666666665
328	3280001	4549	50	0	0.14080148773992765	58	0.1409687098354493	2417.3333333333335	0.14544237392399376	3486.3333333333335	0.14134824966079534	4092.6666666666665
329	3290001	4627	50	0	0.1486670255060389	51	0.17043285080907977	2287.6666666666665	0.15316563972614974	3517.6666666666665	0.15026410002131788	4003.0
330	3300001	143	50	1	0.17607090082102003	26	0.1806803212686473	46.0	0.1793858450489755	83.33333333333333	0.17510920560858778	111.66666666666667
334	3340001	3	2	1	0.6928203230275509	2		0.0	0.692820323027551	1.3333333333333333	0.692820323027551	2.0
339	3390001	505	34	0	0.27862740377764594	28	0.3181539418577513	88.0	0.28379291200772	208.66666666666666	0.27670068322975305	348.3333333333333
340	3400001	2828	50	0	0.1609242442604694	40	0.1702347801493046	1049.0	0.166337670032342	1651.6666666666667	0.16012111433694554	2359.3333333333335
341	3410001	2570	50	0	0.1820316359240158	57	0.18344491443549402	1201.6666666666667	0.1753688394539751	1672.6666666666667	0.18346408805573855	2160.0
342	3420001	3592	50	0	0.16336233243208312	49	0.1652478180232668	1511.3333333333333	0.16224090558896112	2275.0	0.16206633245485183	3034.0
343	3430001	3509	50	0	0.14457000848615156	47	0.15180536386091273	1623.6666666666667	0.14773096022261178	2347.6666666666665	0.14545556811071902	3060.3333333333335
344	3440001	4015	50	0	0.14507458420044295	44	0.15712779600085156	1480.3333333333333	0.14847607091064666	2457.3333333333335	0.14522774981905054	3312.0
345	3450001	4847	50	0	0.16086763339839008	51	0.1614591361217166	1653.0	0.1693243160206742	2426.6666666666665	0.16609066486423366	3473.6666666666665
346	3460001	4068	50	0	0.19830424569065572	53	0.23037184923518414	1487.3333333333333	0.21303218124525802	2131.6666666666665	0.21257258216962605	2937.3333333333335
347	3470001	3760	50	0	0.14708868881801523	47	0.148244542287847	1242.0	0.1487513632766382	2024.0	0.1465000237941048	2870.0
348	3480001	4088	50	0	0.1447323702445019	49	0.15478715472687532	1615.3333333333333	0.1457444838445292	2476.0	0.14551794972020793	3263.6666666666665
349	3490001	3101	50	0	0.14337227002565006	48	0.1553344546502736	1188.3333333333333	0.14442615767338893	1883.6666666666667	0.1436208941689129	2571.3333333333335
350	3500001	4266	50	0	0.18133230741618528	54	0.1780803263014378	1421.6666666666667	0.184164814678161	2276.3333333333335	0.1868188835438759	3243.3333333333335
351	3510001	3560	50	0	0.17275252985302025	53	0.18940814729376246	1294.3333333333333	0.17081802077893363	1897.0	0.17321187241890376	2697.0
352	3520001	3156	50	0	0.1510075494148257	51	0.1737414334324002	1001.6666666666666	0.16576028491727288	1600.3333333333333	0.14853093849683593	2352.0
353	3530001	3745	50	0	0.17000845939322015	47	0.17571451483885028	1351.0	0.1734870662043869	1972.6666666666667	0.1727352202772708	2774.3333333333335
354	3540001	2028	50	0	0.20145075498345094	46	0.21226490625583416	546.6666666666666	0.20289867180815235	969.0	0.20361383306939063	1532.3333333333333
355	3550001	2791	50	0	0.18314749390889842	44	0.2092856902167263	893.0	0.1879838803085289	1442.0	0.18266676106020086	2119.0
356	3560001	1592	50	0	0.21447602841398197	43	0.22614176021027643	618.3333333333334	0.21560748271130747	967.3333333333334	0.21272975546655418	1310.3333333333333
357	3570001	3188	50	0	0.15887227506370824	46	0.17426719650434142	1154.0	0.15800921645907415	1908.3333333333333	0.15956882658650343	2624.3333333333335
358	3580001	5011	50	0	0.16164301506324474	55	0.16692640420784258	1865.3333333333333	0.16157207957472752	2802.6666666666665	0.1628951939940349	3788.6666666666665
359	3590001	4122	50	0	0.16979452490063768	48	0.18030712926959244	1709.0	0.1632997780630969	2545.6666666666665	0.1679673525908911	3406.6666666666665
360	3600001	3821	50	0	0.17585522293228006	49	0.18640300633161785	1596.3333333333333	0.1791154414347689	2281.0	0.1753903519037109	3055.6666666666665
361	3610001	4008	50	0	0.18786349404570082	47	0.20869822675263613	1882.6666666666667	0.18673553029795512	2738.0	0.1897746115675769	3424.6666666666665
362	3620001	4375	50	0	0.1679534351694974	54	0.1740710488116751	1885.6666666666667	0.16314769809611906	2879.0	0.17302415398378065	3712.0
363	3630001	3896	50	0	0.1496070676311376	49	0.15561902950472872	1563.0	0.14532370901607353	2407.6666666666665	0.1514791048973367	3282.6666666666665
364	3640001	1564	50	0	0.21409324262038285	41	0.19087279822589898	714.6666666666666	0.21675288588177297	1005.6666666666666	0.21778955934696162	1296.0
365	3650001	3005	50	0	0.12566814677666213	53	0.13569614247836648	1199.3333333333333	0.12518392133672898	1834.3333333333333	0.12480486829193578	2456.6666666666665
366	3660001	4074	50	0	0.2061305569643927	43	0.19612311776362468	1609.6666666666667	0.20279874225244685	2346.0	0.20115331546851964	3332.3333333333335
367	3670001	2706	50	0	0.18810421084986587	57	0.16482852245602733	1104.6666666666667	0.19063978659610656	1582.3333333333333	0.18909696944417811	2109.3333333333335
368	3680001	3460	50	0	0.16863720897446824	59	0.1855227468855121	1656.0	0.15946597408010504	2371.0	0.16430231340482604	2924.6666666666665
369	3690001	3783	50	0	0.14425438405242108	55	0.1625076837698253	1461.3333333333333	0.14626754600439298	2193.6666666666665	0.14764146571860545	3048.3333333333335
370	3700001	3801	50	0	0.1300713048825877	51	0.1398230308061094	1450.6666666666667	0.13651801929862303	2055.6666666666665	0.1317624714709818	2829.6666666666665
371	3710001	4561	50	0	0.14606013645547813	52	0.13817245794765406	1618.3333333333333	0.14522307758904884	2694.3333333333335	0.1463632516651898	3718.0
372	3720001	2820	50	0	0.13981370938346643	58	0.14439668530472505	1163.6666666666667	0.14665315621472572	1735.6666666666667	0.14120965576455397	2352.3333333333335
373	3730001	3486	50	0	0.18481214916224778	52	0.17367320959772636	1524.6666666666667	0.18219590995846216	2284.0	0.1783175201916367	2969.6666666666665
374	3740001	3797	50	0	0.1597367523133809	44	0.163290638992686	1487.3333333333333	0.15760136004056866	2306.6666666666665	0.16320664572661736	3130.6666666666665
375	3750001	4892	50	0	0.15807776234022178	46	0.1576202345859206	2029.3333333333333	0.15258715065668774	3167.3333333333335	0.15159799198036075	4238.333333333333
376	3760001	3376	50	0	0.14909901950622614	55	0.16101987118599428	1222.6666666666667	0.1572234768932701	2150.3333333333335	0.15025799315579544	2955.6666666666665
377	3770001	2399	50	0	0.16289329438992775	46	0.1746522706207466	666.3333333333334	0.17368462413364363	1262.3333333333333	0.16337799906547756	1884.0
378	3780001	283	50	0	0.18970716159480314	33	0.2185677170724308	67.0	0.19216793816571356	151.0	0.1882542183291184	227.33333333333334
379	3790001	3673	50	0	0.1281568826772633	55	0.13376097875703621	1923.0	0.1291980564342917	2709.3333333333335	0.1265028965429695	3248.6666666666665
380	3800001	2859	50	0	0.15022949745607314	50	0.15229151405608238	1130.6666666666667	0.1573039478085891	1714.3333333333333	0.1475780313061323	2235.3333333333335
381	3810001	4020	50	0	0.13539728964911563	54	0.1458189363062745	2153.0	0.13593540251740607	2986.6666666666665	0.13880152645584098	3612.6666666666665
382	3820001	968	50	0	0.13867139458473446	49	0.14792252952201285	375.0	0.13994107243563433	576.0	0.14153193960712704	797.6666666666666
383	3830001	4418	50	0	0.13572187062963897	54	0.1400542461525509	1426.3333333333333	0.1434203728254779	2347.3333333333335	0.13473480449561273	3361.3333333333335
384	3840001	3336	50	0	0.14203639599849177	53	0.13379227745059688	1407.6666666666667	0.15342497584110426	2021.3333333333333	0.14558666886657134	2676.3333333333335
385	3850001	2987	50	0	0.13201774574300912	50	0.1448431750148619	798.3333333333334	0.14037657624694455	1442.3333333333333	0.13324777805288338	2132.6666666666665
386	3860001	3687	50	0	0.13004354651517336	51	0.13817106436202609	1259.0	0.13075092985165102	2041.3333333333333	0.13153607510140697	2832.6666666666665
387	3870001	4198	50	0	0.1617692381918368	57	0.15458656256276063	1463.0	0.173197685940116	2405.3333333333335	0.15884327756795802	3373.6666666666665
388	3880001	3543	50	0	0.14500182409115953	43	0.15637953407629127	1283.3333333333333	0.1437560209917262	2172.3333333333335	0.14750945783107416	2993.0
389	3890001	430	50	0	0.19495694033755767	33	0.21190613165248018	109.66666666666667	0.21047492298162448	193.33333333333334	0.20443237453957033	313.6666666666667
390	3900001	3356	50	0	0.1514883797446113	54	0.16163515893968242	1348.6666666666667	0.15474198113438006	2110.0	0.15371388724785337	2818.3333333333335
391	3910001	3213	50	0	0.14018855391946689	45	0.15564046967569456	1215.0	0.14582464576356885	1986.3333333333333	0.14385654184769728	2733.6666666666665
392	3920001	4722	50	0	0.14062101347476363	50	0.14846733092539446	1652.6666666666667	0.14269419829214036	2707.0	0.14125826995450275	3790.3333333333335
393	3930001	4152	50	0	0.1603775638023739	48	0.15919874196513176	1605.3333333333333	0.16459749968316054	2756.0	0.16111994571977215	3643.6666666666665
394	3940001	4187	50	0	0.13239156168512478	56	0.14545015489384808	1940.6666666666667	0.13504414652016664	2801.3333333333335	0.13393933031462843	3487.3333333333335
395	3950001	4152	50	0	0.1745970398433379	43	0.16791448542180976	1967.6666666666667	0.18009476617659234	2822.6666666666665	0.17576614723797324	3572.0
396	3960001	3814	50	0	0.13231999220766275	45	0.14405758307400207	1599.6666666666667	0.13458599026004336	2376.0	0.13433580325219452	3080.6666666666665
397	3970001	3429	50	0	0.1924854568107525	47	0.2040650572852287	1614.3333333333333	0.19990840276533486	2286.6666666666665	0.2014311997132816	2918.3333333333335
398	3980001	2985	50	0	0.1592660814031731	52	0.17335704739484795	1548.3333333333333	0.15385789888732362	2156.6666666666665	0.15409467728014306	2646.3333333333335
399	3990001	3630	50	0	0.14085835916405726	48	0.14400090618633385	1594.3333333333333	0.14275455843399235	2415.0	0.1430915005157484	3100.0
400	4000001	3869	50	0	0.16114023534101057	54	0.16775503846321027	1790.3333333333333	0.16039776462374683	2746.3333333333335	0.1582027886229211	3367.0
401	4010001	3791	50	0	0.1365808688316619	54	0.14408346175592127	1646.3333333333333	0.13827353649654286	2595.0	0.13664776465995465	3325.3333333333335
402	4020001	4804	50	0	0.16392914712504403	52	0.17826026699986094	1820.0	0.167150950802044	2944.0	0.16406446151900533	3945.6666666666665
403	4030001	4290	50	0	0.18815120471314412	53	0.2017639908158754	1727.3333333333333	0.1924231347501667	2768.6666666666665	0.19107267128356772	3548.6666666666665
404	4040001	4213	50	0	0.15713201743063246	52	0.16541263571526982	1604.6666666666667	0.15491924531062448	2510.0	0.15741876575096317	3386.3333333333335
405	4050001	4763	50	0	0.15150992210001865	52	0.1504606341640302	1427.0	0.15058515485964108	2484.0	0.15588600656966944	3606.6666666666665
406	4060001	3639	50	0	0.18017700810948606	46	0.18583877309237917	1353.6666666666667	0.18466312505560292	2156.3333333333335	0.18037312687867388	2855.6666666666665
407	4070001	4221	50	0	0.1632814067436065	44	0.16799947770876308	1884.0	0.16075262344880473	2802.6666666666665	0.16539722904304768	3595.6666666666665
408	4080001	3713	50	0	0.16082797051073197	45	0.1749596499610188	1283.3333333333333	0.15889493248043216	2087.6666666666665	0.16360973256509115	3010.0
409	4090001	2929	50	0	0.2272897697112438	41	0.19636423008589787	1102.0	0.21755827032108077	1735.0	0.22639647680588884	2471.3333333333335
410	4100001	3330	50	0	0.1938471629221251	42	0.18823864916183122	1312.6666666666667	0.19479965914057018	2027.6666666666667	0.1916563260313782	2794.0
411	4110001	2054	50	0	0.16719021756857746	45	0.17490023275778185	844.6666666666666	0.17532901666523418	1337.3333333333333	0.16731718083721261	1749.0
412	4120001	3011	50	0	0.1506254085228525	48	0.16353388286861573	1259.3333333333333	0.15359400084646593	1840.3333333333333	0.15262026884223914	2421.0
413	4130001	3156	50	0	0.16415206677421562	48	0.18124759824175785	839.3333333333334	0.15854163933990997	1591.3333333333333	0.16672016690218414	2443.3333333333335
414	4140001	1410	50	0	0.1983304454755013	37	0.22752125887622945	544.0	0.2009986961959402	853.3333333333334	0.19594389643988883	1092.6666666666667
415	4150001	3549	50	0	0.17931686896273746	47	0.16602511595586147	912.6666666666666	0.17963049069889192	1807.3333333333333	0.1810797082034603	2735.6666666666665
416	4160001	4001	50	0	0.17302917805618545	48	0.17873944177852474	1377.3333333333333	0.17703174805551625	2142.3333333333335	0.17487311406908768	2997.3333333333335
417	4170001	3192	50	0	0.2218682618436792	41	0.25844712816508997	1546.3333333333333	0.21478526292224	2115.0	0.22343782487046815	2635.0
418	4180001	3317	50	0	0.20219671619485968	51	0.20683724936233963	1187.0	0.20723956552930234	1882.6666666666667	0.2215873915517316	2658.0
419	4190001	2227	49	0	0.21127856431248015	38	0.2236842480157417	360.0	0.21585804501527758	856.0	0.21227196850399999	1505.3333333333333
420	4200001	3224	50	0	0.11960256629500433	48	0.1300743982060665	1429.3333333333333	0.12393904883571237	2029.0	0.12231030703988509	2624.3333333333335
421	4210001	3683	50	0	0.17423861045409167	46	0.18753903983298428	1430.0	0.1757028842930437	2133.6666666666665	0.1725000847966777	2918.3333333333335
422	4220001	3786	50	0	0.15218803738612627	51	0.17161909214505897	1351.0	0.1623271740494179	2192.0	0.15440596149168653	3025.3333333333335
423	4230001	3597	50	0	0.1424293451147722	53	0.15653543858944682	1256.0	0.14803160907656332	1921.6666666666667	0.14606012097139756	2691.3333333333335
424	4240001	4254	50	0	0.17970947400103404	46	0.18191951310404098	1864.3333333333333	0.18329373482300912	2701.3333333333335	0.1779072542109523	3437.0
425	4250001	3567	50	0	0.14250547905638794	52	0.1476831685925727	1661.6666666666667	0.14737564976745246	2220.0	0.1437584792526569	2751.6666666666665
426	4260001	3189	50	0	0.1487269726192748	48	0.1646969822061161	942.3333333333334	0.14723186285181256	1665.0	0.15172703047774092	2470.6666666666665
427	4270001	3739	50	0	0.17870655212285222	50	0.1940846579432407	1222.3333333333333	0.17626673069028462	2035.3333333333333	0.18294119435073544	2885.0
428	4280001	3322	50	0	0.1466479385976678	49	0.16094585287949215	1064.3333333333333	0.15571059257317865	1766.0	0.14984469395730698	2534.0
429	4290001	1714	50	0	0.18932740951255464	44	0.2071227466651224	588.6666666666666	0.20342503395048073	947.6666666666666	0.19183153520049748	1304.6666666666667
430	4300001	3189	50	0	0.14154476107637523	54	0.15318204539913885	821.3333333333334	0.14142788923524532	1523.0	0.14349967073756856	2383.6666666666665
431	4310001	1817	50	0	0.1850257680783086	41	0.1712124784055222	454.0	0.1792925966972494	928.0	0.17904233525470956	1419.3333333333333
432	4320001	3885	50	0	0.18688777937108667	56	0.18257405235295354	1446.6666666666667	0.18606438655805047	2332.0	0.18789317663258479	3258.3333333333335
433	4330001	1733	50	0	0.1819635982239052	48	0.24012715222225112	555.6666666666666	0.1863963423254885	947.6666666666666	0.18238765458439243	1405.0
434	4340001	4327	50	0	0.14022710098930927	54	0.14849974096576332	1728.6666666666667	0.1504817077711642	2702.3333333333335	0.1389901012715967	3535.6666666666665
435	4350001	4123	50	0	0.15250859774772027	50	0.16426235139252718	1555.3333333333333	0.15904331855110834	2570.3333333333335	0.15385553485203354	3534.6666666666665
436	4360001	4465	50	0	0.1817505262227041	53	0.1973964425268335	1891.6666666666667	0.17733114426865057	2796.6666666666665	0.17709510187824887	3725.3333333333335
437	4370001	4022	50	0	0.14906575999797583	56	0.16226534740755133	1648.3333333333333	0.15418504346517597	2433.0	0.14971819681206053	3216.3333333333335
438	4380001	4146	50	0	0.13913104152064915	45	0.1441700471668607	1474.6666666666667	0.14141859260079667	2431.3333333333335	0.14027910027920668	3323.3333333333335
439	4390001	2947	50	0	0.12700507383835138	56	0.14812153717983076	1401.0	0.1295646127034714	1910.0	0.12661687774025618	2444.0
440	4400001	2612	50	0	0.16571826121505015	54	0.15668560564270445	1021.0	0.17009936670138068	1511.0	0.16206881171148033	2053.0
441	4410001	2318	50	0	0.17324256609078784	43	0.19538238801432736	1026.6666666666667	0.17936658444089418	1497.0	0.17141224666650653	1966.3333333333333
442	4420001	2219	50	0	0.1475903139927601	55	0.1618659189292769	875.3333333333334	0.15498963916306432	1374.0	0.14600856669740503	1820.3333333333333
443	4430001	3507	50	0	0.1376872478442603	57	0.1447607004083312	1452.3333333333333	0.14935015049592937	2181.3333333333335	0.13646256010365856	2939.6666666666665
444	4440001	4066	50	0	0.12022886779786243	56	0.12559253081991403	1805.0	0.1269472810280309	2525.6666666666665	0.12245473383420902	3356.6666666666665
445	4450001	5399	50	0	0.12311853211621848	58	0.13132829345019933	2012.6666666666667	0.12485554494375438	3164.0	0.12271072964850703	4418.666666666667
446	4460001	4708	50	0	0.13927859479668667	56	0.1445908503786085	2054.3333333333335	0.13989272028638555	2985.6666666666665	0.1402743712443354	3959.0
447	4470001	4160	50	0	0.14207356090128417	54	0.14945298317848052	1596.3333333333333	0.14213981314825377	2523.0	0.14127883353699058	3382.6666666666665
448	4480001	3023	50	0	0.14858168418653186	48	0.16401981577241068	1407.0	0.15460903400885914	2046.3333333333333	0.14847686563264623	2654.0
449	4490001	3398	50	0	0.1517005027463159	56	0.15386561527039103	1526.0	0.15340582007380518	2131.0	0.15841885813132905	2781.0
450	4500001	3906	50	0	0.16019070210692377	47	0.171752677119095	1460.3333333333333	0.1619171736691594	2281.6666666666665	0.16357477728372727	3090.0
451	4510001	5389	50	0	0.14915326699340073	54	0.1485158313828535	2370.0	0.14693192899532512	3474.3333333333335	0.14949650865030298	4446.666666666667
452	4520001	4449	50	0	0.16049555216208652	53	0.15391066821324206	1446.6666666666667	0.1610641611910969	2375.3333333333335	0.1638881303505468	3454.3333333333335
453	4530001	2112	50	0	0.23992776226177706	40	0.22308766762875484	608.3333333333334	0.2310905356988314	1074.3333333333333	0.23478892892741376	1533.0
454	4540001	3805	50	0	0.29642540598875494	43	0.2782395793974483	1333.0	0.29691242432143455	2265.0	0.29640123047233824	2972.0
455	4550001	3382	50	0	0.17595085569419505	48	0.17684920874797286	1208.0	0.17191423388546942	1936.3333333333333	0.17532212634171188	2625.3333333333335
456	4560001	5025	50	0	0.16655834523869112	48	0.16864946606227268	1764.6666666666667	0.16818102227486872	2606.3333333333335	0.16718182458647993	3526.0
457	4570001	2573	50	0	0.13959756814892918	51	0.158698695108506	944.0	0.1514607944173095	1335.3333333333333	0.1485935173830857	1780.6666666666667
458	4580001	2278	50	0	0.20038615342223035	46	0.2082818165689493	605.3333333333334	0.21063259382817132	1147.0	0.20356444602468562	1723.3333333333333
459	4590001	3708	50	0	0.19487299717985146	41	0.20110654359076427	1319.3333333333333	0.2011790140075801	2043.0	0.19615370645570562	2791.3333333333335
460	4600001	4119	50	0	0.17108485082737182	49	0.17409323973955781	1885.3333333333333	0.16967591918239197	2828.3333333333335	0.17226666473389018	3425.0
461	4610001	3938	50	0	0.1999436256415085	49	0.19697525445126748	1524.6666666666667	0.2085541630536799	2180.3333333333335	0.19028736235526408	2804.6666666666665
462	4620001	1330	50	0	0.18665673129378663	37	0.21533361032793255	325.3333333333333	0.1945414941145783	599.3333333333334	0.18689799975775667	927.6666666666666
463	4630001	4119	50	0	0.19131629845263703	52	0.20665024596373202	1202.0	0.19138676422602505	2010.0	0.19073786303322493	2948.3333333333335
464	4640001	4683	50	0	0.1321497259009357	57	0.15500277020650055	2220.3333333333335	0.15077497229553968	3173.3333333333335	0.14035728240818982	3963.0
465	4650001	5072	50	0	0.14943855762995464	57	0.1563216503495366	1974.3333333333333	0.15693968290284763	2931.6666666666665	0.1466382461219191	3963.0
466	4660001	4353	50	0	0.15872913058356025	46	0.16634728132674995	1523.0	0.16522048850607537	2162.6666666666665	0.16074065072455399	2888.6666666666665
467	4670001	4023	50	0	0.17236075976466878	48	0.18078510076907026	1780.0	0.16554233079661784	2501.3333333333335	0.17166362408999783	3222.0
468	4680001	2688	50	0	0.15081655008084802	55	0.173802137080821	822.3333333333334	0.15518641538917938	1317.0	0.15090325590280682	1910.6666666666667
469	4690001	4477	50	0	0.17407355932583438	43	0.16893026794402177	1690.3333333333333	0.18366094837723423	2542.3333333333335	0.17534558863887403	3500.3333333333335
470	4700001	4296	50	0	0.1529525884390479	52	0.1507385400492144	1621.3333333333333	0.154344164686861	2359.6666666666665	0.15329392252799323	3154.3333333333335
471	4710001	3380	50	0	0.18749065399088624	47	0.19796624916076663	1916.0	0.19038926583723348	2437.3333333333335	0.19404750177841976	2907.3333333333335
472	4720001	3703	50	0	0.14121480845860168	56	0.13965562929385575	1868.0	0.1321297931820826	2527.0	0.14120741666260617	3092.3333333333335
473	4730001	3919	50	0	0.1750186421097743	52	0.16726977040710087	2016.0	0.17118173182546312	2658.6666666666665	0.17514180959418613	3335.0
474	4740001	2903	50	0	0.18607439261949235	44	0.18043218515697254	789.3333333333334	0.18459200075361373	1452.3333333333333	0.1833055771433969	2172.0
475	4750001	3818	50	0	0.16258964103823506	49	0.16370485664191994	2361.3333333333335	0.17022625069417943	2966.3333333333335	0.1646125263719106	3446.3333333333335
476	4760001	4647	50	0	0.13145036016433112	57	0.13653826096007568	2057.3333333333335	0.13051494787231563	2905.6666666666665	0.1317923323600341	3838.0
477	4770001	3869	50	0	0.1414187125285207	46	0.15560074559254095	1091.0	0.1387367362385166	1918.6666666666667	0.14555616167319393	2919.0
478	4780001	3868	50	0	0.2726045627532995	40	0.28446552890662913	1283.0	0.2756493130464546	2126.3333333333335	0.2719660556786341	3027.0
479	4790001	3501	50	0	0.16335079668870495	43	0.16693021544296557	1627.3333333333333	0.16832066264505086	2295.0	0.16444425451231626	2904.6666666666665
480	4800001	3968	50	0	0.16882000953044313	49	0.18376053125975944	1482.6666666666667	0.18669665176528963	2240.6666666666665	0.1693304959717067	3148.0
481	4810001	4025	50	0	0.1547495509949033	52	0.16005534896260132	1888.3333333333333	0.15718058970645118	2818.3333333333335	0.15565675706440427	3474.3333333333335
482	4820001	2576	50	0	0.17264321218078854	41	0.18277386123962916	1180.0	0.1737609757009809	1720.6666666666667	0.17443447168913281	2090.0
483	4830001	3305	50	0	0.1460741845230617	46	0.16463098457297923	1158.3333333333333	0.156935363494818	1810.3333333333333	0.14998806010939772	2470.3333333333335
484	4840001	4415	50	0	0.12883529286261328	52	0.14108172416435721	1698.6666666666667	0.1335559645708049	2701.3333333333335	0.12787466317866494	3690.6666666666665
485	4850001	2991	50	0	0.18390619146552223	44	0.19695028319783206	993.6666666666666	0.19576402083226094	1688.0	0.1807634156195755	2381.3333333333335
486	4860001	3324	50	0	0.20738329953717083	45	0.21908995694684472	980.6666666666666	0.22065441051211784	1652.3333333333333	0.20913239942010578	2462.0
487	4870001	2714	50	0	0.16468873226564723	51	0.18069018162778036	1215.6666666666667	0.17609057797934638	1758.6666666666667	0.16364622933535697	2301.0
488	4880001	3731	50	0	0.14350147671147567	44	0.150409943063188	1688.6666666666667	0.14464332442800942	2468.3333333333335	0.14593333192132754	3112.3333333333335
489	4890001	3984	50	0	0.17126081811377655	56	0.18546394170281802	1576.0	0.17229266156729928	2322.6666666666665	0.17104996627869243	3068.0
490	4900001	4328	50	0	0.14294068778534433	51	0.14808568003131203	1647.0	0.14917421029942235	2500.6666666666665	0.14819982768941445	3305.0
491	4910001	3244	50	0	0.17066768974621502	49	0.1856678984866805	1561.6666666666667	0.17931930509292218	2219.6666666666665	0.1714336907897754	2742.3333333333335
492	4920001	3791	50	0	0.13215968697829208	57	0.13594796646489846	1761.3333333333333	0.13056870049810834	2601.0	0.13314423490683605	3265.0
493	4930001	2611	50	0	0.16053206542612353	47	0.16139119337596244	1346.6666666666667	0.15908308368083038	1755.0	0.16169504872639773	2163.3333333333335
494	4940001	3908	50	0	0.15312340782118405	43	0.15304392427197536	1358.0	0.1474927791111381	2204.3333333333335	0.15137936798551385	2985.3333333333335
495	4950001	4356	50	0	0.12940466762660002	55	0.13271951058925088	1990.0	0.12814550749970824	2892.3333333333335	0.130573868055211	3602.6666666666665
496	4960001	2390	50	0	0.2247627150989086	43	0.225805231646767	1260.6666666666667	0.21268377284764753	1737.0	0.22594133694296156	2057.6666666666665
497	4970001	3443	50	0	0.13486458401375095	52	0.1360574672949628	1355.6666666666667	0.13788008292797882	2148.0	0.13829727935638114	2806.3333333333335
498	4980001	3560	50	0	0.17057317175979195	44	0.1945128530337322	1606.6666666666667	0.16942822203677207	2216.6666666666665	0.1764867919921649	2800.3333333333335
499	4990001	3248	50	0	0.14492995555416124	51	0.15571576616165442	1361.0	0.1554696719343285	2057.0	0.14650571053253078	2612.3333333333335
500	5000001	3379	50	0	0.18150042330481733	40	0.19769793739977426	1385.0	0.18407624721151408	2057.6666666666665	0.1846434071513219	2609.3333333333335
501	5010001	3486	50	0	0.14474764528529457	48	0.14846934392610292	1670.6666666666667	0.15367712625875599	2344.6666666666665	0.14543524416044437	2843.0
502	5020001	3762	50	0	0.19106143927832167	48	0.20996912473392015	1620.0	0.18687987493856154	2438.3333333333335	0.1969610719910205	3144.0
503	5030001	3631	50	0	0.1343339599831561	53	0.14560566501691133	1609.6666666666667	0.1299652720672901	2415.3333333333335	0.13413785570482187	3042.6666666666665
504	5040001	3265	50	0	0.17602827883305897	57	0.1866578291362289	1292.6666666666667	0.17233823253284797	2015.3333333333333	0.18175232613501527	2685.6666666666665
505	5050001	3824	50	0	0.16681107021128677	49	0.17992656170112578	1477.6666666666667	0.16530124939396829	2418.3333333333335	0.16993448489651652	3195.3333333333335
506	5060001	3696	50	0	0.15851933486572592	55	0.15568270367057147	1429.6666666666667	0.15661608566426388	2196.6666666666665	0.15774897043254166	3043.3333333333335
507	5070001	4068	50	0	0.14279241506619753	47	0.14987835028868932	1660.0	0.14723070638980507	2504.6666666666665	0.1426767352423902	3382.3333333333335
508	5080001	3784	50	0	0.17109033556099465	58	0.15898124385479104	1474.6666666666667	0.19306601875655116	2260.6666666666665	0.1708501695365814	3059.0
509	5090001	2058	50	0	0.15561322083861695	54	0.16681769134260882	1063.3333333333333	0.15331000300374034	1492.6666666666667	0.15412951633677832	1814.6666666666667
510	5100001	2187	50	0	0.19073378029754823	64	0.17943349981058518	1309.3333333333333	0.2028827774059484	1698.6666666666667	0.19364389553610292	1989.6666666666667
511	5110001	3114	50	0	0.19828662513069945	45	0.1948028188707249	1766.3333333333333	0.19649883908231414	2395.0	0.20195232735058313	2850.0
512	5120001	3279	50	0	0.16727190477664217	52	0.1839488628957706	1490.3333333333333	0.17364379336369185	2167.0	0.1692209061242862	2766.0
513	5130001	3326	50	0	0.16073209843095915	52	0.17038262725547101	1500.6666666666667	0.15854906646373113	2379.6666666666665	0.16496456706952578	2918.0
514	5140001	3699	50	0	0.22495581554700578	40	0.21659763407671306	1393.6666666666667	0.2237244824567741	2329.3333333333335	0.22165507215090666	3129.0
515	5150001	2974	50	0	0.15034930886798992	48	0.14722437641692612	1252.0	0.14993116440246607	1904.3333333333333	0.14876084956469127	2425.0
516	5160001	3092	50	0	0.17231553902888208	58	0.1736675861855114	1089.6666666666667	0.186101722182801	1884.6666666666667	0.16937745401375978	2557.3333333333335
517	5170001	3747	50	0	0.16153033110921983	55	0.16443438554660164	1579.6666666666667	0.16047974462934003	2397.0	0.16407875695648128	3110.3333333333335
518	5180001	4031	50	0	0.16612804328047132	47	0.15421756559274938	1578.3333333333333	0.16666378647381913	2482.6666666666665	0.16539807448796212	3302.6666666666665
519	5190001	3375	50	0	0.1645438653081178	48	0.18982608581556482	1169.3333333333333	0.17133752734780916	1857.6666666666667	0.17032578861118206	2576.6666666666665
520	5200001	3169	50	0	0.14553133785448485	52	0.15050329447053526	1415.6666666666667	0.14847582661141664	2023.0	0.1474065628636849	2502.0
521	5210001	2121	50	0	0.22749321970631164	41	0.24604797208415521	826.0	0.23621422153811988	1216.0	0.2224568860459565	1642.3333333333333
522	5220001	2560	50	0	0.20462711362236283	50	0.20704118204551433	1044.6666666666667	0.1978310223448991	1439.0	0.20467114133088318	1951.6666666666667
523	5230001	4381	50	0	0.16953678300253172	48	0.17749331225463724	2186.0	0.17487898627373602	3076.0	0.17430532266281706	3716.3333333333335
524	5240001	3604	50	0	0.1360774792520766	57	0.14747129604912637	2020.6666666666667	0.13572971585575896	2702.6666666666665	0.13691519153767354	3201.3333333333335
525	5250001	4040	50	0	0.13009431869969287	54	0.1386915137702878	1885.0	0.1308469844890754	2640.6666666666665	0.13019170451391485	3268.6666666666665
526	5260001	3915	50	0	0.14649387023789034	57	0.15451244296770736	2029.0	0.14189914313632446	2707.0	0.14694790190873275	3307.3333333333335
527	5270001	3325	50	0	0.13721508653940243	56	0.14582588291222404	1779.6666666666667	0.14472422120843673	2344.0	0.13652908754949758	2863.3333333333335
528	5280001	3068	50	0	0.2800598399175044	52	0.2951907032813084	1251.3333333333333	0.27781268135468795	1902.6666666666667	0.27632780206458857	2476.6666666666665
529	5290001	3942	50	0	0.18650972489652867	57	0.18561266224126163	1583.0	0.19780843261431102	2369.3333333333335	0.18760779468037134	3121.6666666666665
530	5300001	3690	50	0	0.17212100336767916	55	0.18116040377360063	1496.0	0.17815087547074618	2201.3333333333335	0.17270212270625906	2875.6666666666665
531	5310001	3140	50	0	0.1598065159896901	44	0.16594115175378069	1214.0	0.16133716183609242	1922.6666666666667	0.15822517026673577	2617.0
532	5320001	3870	50	0	0.24598603636815078	51	0.2576409668162641	1743.6666666666667	0.2438556358128345	2555.0	0.24053626812804843	3235.6666666666665
533	5330001	4349	50	0	0.15840535459452673	48	0.17243225731096956	1973.6666666666667	0.16149465908638216	2691.3333333333335	0.1602155170480364	3534.0
534	5340001	3255	50	0	0.203411192323434	50	0.22246546922574695	1730.6666666666667	0.214259356867919	2260.0	0.2033796382950305	2781.6666666666665
535	5350001	1277	50	0	0.18261952703987935	38	0.20429388332731238	663.3333333333334	0.18252886671695703	866.6666666666666	0.18362427556835628	1072.3333333333333
536	5360001	3624	50	0	0.17519762761499813	56	0.17862393945349933	1464.0	0.18312565262594202	2300.3333333333335	0.17473266535615306	3017.3333333333335
537	5370001	1779	50	0	0.17450710816621184	52	0.19703651055896698	680.6666666666666	0.18660845742151103	1116.0	0.1764889143828854	1488.3333333333333
538	5380001	3920	50	0	0.1807938789162927	50	0.18853607926671487	1307.0	0.18290185179759744	2194.6666666666665	0.18803844374830633	3088.6666666666665
539	5390001	2547	50	0	0.15199403045056686	54	0.16154872917812027	841.0	0.1516827226929263	1391.0	0.15345361353444253	2028.3333333333333
540	5400001	4035	50	0	0.1676033743028463	57	0.17458431857358725	1710.0	0.171571738023277	2470.0	0.16805713497487243	3292.3333333333335
541	5410001	3048	50	0	0.14745004808474016	50	0.1615206893502594	1390.6666666666667	0.14307165198951455	1957.0	0.14525819089855482	2531.3333333333335
542	5420001	4183	50	0	0.17502500788216602	48	0.1599951804536973	1416.0	0.19025279727965572	2329.3333333333335	0.17050570674948948	3251.0
543	5430001	4002	50	0	0.16218511973771157	48	0.17822729494189482	1860.3333333333333	0.1733807595420539	2635.6666666666665	0.1643454907695596	3310.6666666666665
544	5440001	3845	50	0	0.17745335335935916	47	0.18502108791038238	1692.3333333333333	0.17998882027147325	2455.0	0.18023228477771583	3209.0
545	5450001	4555	50	0	0.23532838194643724	46	0.2456883026468669	1735.6666666666667	0.23170101603073287	2725.0	0.23731015753046827	3716.6666666666665
546	5460001	2619	50	0	0.1827695740762011	43	0.20250452188048482	775.6666666666666	0.19771940909501504	1285.6666666666667	0.18761662581026742	1862.3333333333333
547	5470001	3311	50	0	0.1713094595336175	47	0.16720496822712902	1476.6666666666667	0.17318700613759522	2016.6666666666667	0.1677897480652676	2514.3333333333335
548	5480001	5170	50	0	0.14766445474253284	51	0.1605634035603062	1797.3333333333333	0.15527737992167445	2796.3333333333335	0.14454573919323993	3933.3333333333335
549	5490001	3244	50	0	0.20215338399373747	50	0.20242290809483107	1553.3333333333333	0.19675555588677004	2116.6666666666665	0.2036628492207607	2692.3333333333335
550	5500001	3748	50	0	0.16244660057871937	46	0.1504901707576068	1540.3333333333333	0.17338393746502698	2208.6666666666665	0.16384117389537015	2925.0
551	5510001	4098	50	0	0.21748234685805556	50	0.15704865390234848	1052.0	0.18656992718445198	1852.6666666666667	0.15954305905647578	2928.0
552	5520001	8	2	1	0.5	4	0.7071067811865476	0.3333333333333333	0.6170765365115106	1.0	0.5920085809005026	3.0
553	5530001	3582	50	0	0.17661945093053757	50	0.1816498004329059	1400.0	0.18178818167495825	2168.3333333333335	0.1795042911170823	2907.3333333333335
554	5540001	5576	50	0	0.16725624244898693	54	0.19125548514803736	2022.0	0.17244112151999103	3273.3333333333335	0.1701168809501862	4521.666666666667
555	5550001	4149	50	0	0.1853908460679502	52	0.17429495216485577	1371.0	0.18071892222306163	2371.3333333333335	0.1827386707708827	3336.6666666666665
556	5560001	3995	50	0	0.1370932469504997	56	0.14165623813776773	1375.6666666666667	0.14062681426274817	2070.0	0.1361210517496461	2939.6666666666665
557	5570001	5367	50	0	0.14099547841666382	52	0.15542214989986677	1540.0	0.14309510986959958	2481.3333333333335	0.14371724198001332	3714.6666666666665
558	5580001	4645	50	0	0.2165403432797762	50	0.2384595452050812	1707.3333333333333	0.22219869641635082	2604.3333333333335	0.21698145033311692	3675.6666666666665
559	5590001	3654	50	0	0.14372253884581956	44	0.14591935480186555	1141.6666666666667	0.14320644938904334	1763.3333333333333	0.1454603302660693	2597.6666666666665
560	5600001	4498	50	0	0.13130421450152624	56	0.14120640157570385	1729.3333333333333	0.13483654411313387	2529.0	0.1344704676991463	3471.6666666666665
561	5610001	4652	50	0	0.154061891997617	42	0.15391962151241867	1852.6666666666667	0.1555093284784543	2924.6666666666665	0.15638856711506108	3818.0
562	5620001	4291	50	0	0.1671461710206879	49	0.17563609355583268	1851.3333333333333	0.16289707552860785	2666.0	0.16632161702531137	3418.3333333333335
563	5630001	4120	50	0	0.18160622749557975	45	0.19078895770069906	1352.0	0.17107634900617175	2245.3333333333335	0.18126619491117046	3185.3333333333335
564	5640001	3796	50	0	0.15105217855910888	47	0.1476929465681519	981.6666666666666	0.15572937278045604	1793.0	0.14781080438578376	2813.3333333333335
565	5650001	3653	50	0	0.18383426831128352	40	0.18511941896506867	1260.3333333333333	0.18228613044968897	1998.0	0.18336864985321655	2864.3333333333335
566	5660001	4961	50	0	0.14393789691271774	49	0.15699287974130924	1798.6666666666667	0.13818834294780913	2724.3333333333335	0.14199412240625614	3856.0
567	5670001	3943	50	0	0.1466085461890083	49	0.15123922191434513	1364.0	0.15029434667027197	2027.0	0.14402449241603152	2974.0
568	5680001	3936	50	0	0.2084553982382113	44	0.22098548987110544	1242.3333333333333	0.20147731011414013	1869.3333333333333	0.2042097220458826	2683.0
569	5690001	1753	50	0	0.17956055716047822	46	0.20209235851687357	762.6666666666666	0.1731253674976123	1001.0	0.1752092807777672	1278.0
570	5700001	2424	50	0	0.16021235690432536	47	0.18849148029305632	1077.3333333333333	0.14838974068064728	1438.0	0.163541209617956	1843.0
571	5710001	3442	50	0	0.146247053724435	51	0.14710806756695108	1673.6666666666667	0.15290381558966604	2193.3333333333335	0.1479248347561201	2719.0
572	5720001	4047	50	0	0.1722935466117309	51	0.17804799351895143	1900.0	0.18321186469672135	2733.3333333333335	0.17275848906700056	3449.0
573	5730001	3857	50	0	0.18721199972604027	42	0.18628603003209906	1804.6666666666667	0.20006391436134519	2488.6666666666665	0.18456676197199265	3097.3333333333335
574	5740001	4112	50	0	0.13952345478655795	48	0.1475776848030663	1760.6666666666667	0.1455175312051362	2489.3333333333335	0.13929950099620733	3212.6666666666665
575	5750001	3774	50	0	0.15757215476855405	54	0.16680135948935745	1607.3333333333333	0.15515846888244939	2275.0	0.16238750215477285	2985.3333333333335
576	5760001	4190	50	0	0.13339817666627016	50	0.14925943508951375	1629.3333333333333	0.1368812482371283	2548.0	0.1329779771695573	3407.3333333333335
577	5770001	5008	50	0	0.1408895992622686	55	0.14924318910104947	1836.0	0.15117780302847805	2746.6666666666665	0.14244413885195403	3709.6666666666665
578	5780001	3467	50	0	0.1827862056538225	45	0.17934255147488423	1429.3333333333333	0.1795985089007096	2120.3333333333335	0.1823759905855007	2823.6666666666665
579	5790001	3867	50	0	0.17552321998768614	45	0.19302784681514873	1570.3333333333333	0.19054856952183374	2338.6666666666665	0.18033282167214812	3062.0
580	5800001	3699	50	0	0.19124478430430378	51	0.17522757326707797	1646.3333333333333	0.17476664800363442	2355.0	0.19002864322166738	3037.3333333333335
581	5810001	3406	50	0	0.15133927966824454	46	0.15864088019075703	1094.3333333333333	0.1518693279310614	1796.0	0.15203575659090754	2579.0
582	5820001	4260	50	0	0.17227360797496255	51	0.1736192983820838	1634.0	0.17678170412680816	2447.6666666666665	0.17148523336360663	3304.6666666666665
583	5830001	4604	50	0	0.1671622381266368	55	0.1650825726128344	2039.0	0.16371955321773737	2981.3333333333335	0.16974200805178027	3816.3333333333335
584	5840001	3055	50	0	0.16315437862454754	54	0.1792075378141339	1413.6666666666667	0.16523456020730762	1942.6666666666667	0.16518401299585408	2481.0
585	5850001	3883	50	0	0.12843338127281428	50	0.14230224542267134	1725.6666666666667	0.1303142314647799	2566.3333333333335	0.1253949865363807	3252.0
586	5860001	2536	50	0	0.197357561256743	50	0.19791816085207412	900.0	0.1947546680274069	1488.3333333333333	0.2029084880997205	2006.0
587	5870001	2500	50	0	0.14660114669976285	55	0.14852518270381546	832.3333333333334	0.15128455419583783	1395.0	0.14620036553367152	1962.0
588	5880001	4716	50	0	0.1597542753683203	52	0.16463026406826972	2027.3333333333333	0.15857298653564014	3010.0	0.16078222492136882	3917.6666666666665
589	5890001	2670	50	0	0.16240664628827356	51	0.1586049202575225	1110.3333333333333	0.1678273207533767	1609.6666666666667	0.15885469176023817	2108.3333333333335
590	5900001	3352	50	0	0.13505475491534477	52	0.15579664031112384	1258.6666666666667	0.14502902295837136	2027.3333333333333	0.13590864212958295	2756.0
591	5910001	1569	50	0	0.15774545588344135	45	0.16349747054801303	623.3333333333334	0.15765012799796116	971.6666666666666	0.15794187455373218	1303.3333333333333
592	5920001	2733	50	0	0.23130139305516548	47	0.2266503244230189	992.6666666666666	0.21894134453196043	1569.3333333333333	0.23297060216018814	2169.6666666666665
593	5930001	3640	50	0	0.15740876552073182	52	0.17070285070421942	1616.3333333333333	0.15153614812347146	2318.3333333333335	0.1665796718703834	2988.0
594	5940001	4148	50	0	0.14044079288574873	54	0.15069116907963168	1635.3333333333333	0.14455188062607296	2668.6666666666665	0.13878751287196076	3550.0
595	5950001	3864	50	0	0.1398830027589533	54	0.15149017737521223	1596.6666666666667	0.14179202833815374	2521.3333333333335	0.13992810358745023	3386.6666666666665
596	5960001	3069	50	0	0.16089985989668695	52	0.1761725723141683	1299.6666666666667	0.16382509093227368	1965.6666666666667	0.16006874147379668	2657.0
597	5970001	2765	50	0	0.18905474431849328	46	0.20375159060592005	1017.6666666666666	0.19168618604266083	1547.0	0.18955009825745842	2138.3333333333335
598	5980001	4260	50	0	0.15290819103368294	50	0.16045018824185833	1853.6666666666667	0.15417638826614274	2685.3333333333335	0.1538447150388974	3382.3333333333335
599	5990001	2715	50	0	0.14926271784216436	50	0.15484348589325173	1420.6666666666667	0.15766055592465986	1823.0	0.150641924097481	2212.3333333333335
600	6000001	3214	50	0	0.18039641516754293	52	0.1901954164215985	1468.3333333333333	0.18406804340142316	2060.3333333333335	0.18162762000876023	2643.0
601	6010001	2057	50	0	0.16788391674871547	45	0.18636184367997322	808.3333333333334	0.1766800278628097	1147.3333333333333	0.16634382546431353	1470.0
602	6020001	3409	50	0	0.1367976730350483	54	0.16377005500450617	1426.6666666666667	0.13819164170109127	2064.6666666666665	0.13553991500487803	2742.6666666666665
603	6030001	4005	50	0	0.1542114856850606	53	0.16206954086636957	1806.0	0.15827219428917283	2565.3333333333335	0.15406461482156555	3298.3333333333335
604	6040001	3374	50	0	0.17261462123195723	50	0.1835285806947362	1481.3333333333333	0.16902017737773875	2054.6666666666665	0.1760509194550358	2616.6666666666665
605	6050001	3543	50	0	0.14166147230155252	46	0.14618278105077917	1594.6666666666667	0.14693280543710804	2226.3333333333335	0.14401060426707998	2780.3333333333335
606	6060001	4029	50	0	0.1424970013996788	47	0.15081826439088364	1826.6666666666667	0.14704787486869195	2568.6666666666665	0.14128785687029113	3242.0
607	6070001	3098	50	0	0.1848023348585095	42	0.20264458629259852	1386.6666666666667	0.18047742387625207	1954.0	0.18280695756606402	2461.3333333333335
608	6080001	3883	50	0	0.135149333668472	52	0.13338412550813697	1868.3333333333333	0.13502719325203838	2550.6666666666665	0.13663485274277204	3175.3333333333335
609	6090001	4105	50	0	0.13912805011370266	47	0.15296514273570427	1891.3333333333333	0.14281476221586856	2761.6666666666665	0.13981424737212098	3568.0
610	6100001	3866	50	0	0.14538413397117267	45	0.1520601708550767	1569.3333333333333	0.14683550572324788	2385.6666666666665	0.1463036064445563	3215.3333333333335
611	6110001	4159	50	0	0.16554095792028514	42	0.166128560251837	1707.0	0.1704472287078513	2720.3333333333335	0.16957468543461837	3669.0
612	6120001	4453	50	0	0.17315255667485327	53	0.17661109284880908	1727.3333333333333	0.16401311960154452	2750.0	0.17094601576032678	3692.0
613	6130001	4080	50	0	0.20692277155698113	56	0.20103507024708747	1579.0	0.2115203823772386	2472.3333333333335	0.20722175997639383	3346.6666666666665
614	6140001	4913	50	0	0.1590092206936713	51	0.16416684794368552	2045.6666666666667	0.15400214550752508	3223.3333333333335	0.15742605471760118	4026.3333333333335
615	6150001	2753	50	0	0.16975258886214953	43	0.14859366727986442	871.3333333333334	0.17138606351332641	1615.6666666666667	0.1659654671062882	2194.0
616	6160001	3611	50	0	0.1282314959203686	53	0.13390527584211923	1207.6666666666667	0.1333680427345865	2002.3333333333333	0.12959531487568918	2694.0
617	6170001	3199	50	0	0.18704673358902243	45	0.1928970860074222	1569.3333333333333	0.18005336323075705	2235.6666666666665	0.18512637842258228	2758.6666666666665
618	6180001	2393	50	0	0.17994498893152913	42	0.21223271680278358	1179.3333333333333	0.17879649374096182	1559.3333333333333	0.16952207470705716	1915.6666666666667
619	6190001	591	50	0	0.32369471050760634	15	0.3476766862035318	231.33333333333334	0.3475901751565889	307.3333333333333	0.3204356593109161	397.0
620	6200001	990	50	0	0.17239457214410006	64	0.17641303141050166	676.6666666666666	0.1796194833070285	808.6666666666666	0.1682999805615615	896.6666666666666
621	6210001	1820	50	0	0.1959892445717807	45	0.19136261144612568	991.0	0.2032619267227861	1196.3333333333333	0.19779083917242826	1411.3333333333333
622	6220001	2714	50	0	0.1659461035586625	48	0.16781322758079112	1220.6666666666667	0.16823577175895052	1638.6666666666667	0.16774357161805065	2128.0
623	6230001	2283	50	0	0.18678481653987852	39	0.21007328321786764	1066.0	0.20269334537870468	1520.0	0.18599172254186333	1876.0
624	6240001	3442	50	0	0.19640383077804008	40	0.19430418233675148	1590.3333333333333	0.2053779455221986	2253.3333333333335	0.19593187585700722	2803.6666666666665
625	6250001	3103	50	0	0.13779115017556912	59	0.14659036693833818	1798.3333333333333	0.13381594737621322	2360.3333333333335	0.13910933567727105	2768.3333333333335
626	6260001	1907	50	0	0.17070306197835328	50	0.17178632394242632	910.0	0.1690712310390329	1303.6666666666667	0.16868655432907823	1584.3333333333333
627	6270001	1265	50	0	0.21493870754624456	50	0.20615948613010873	471.3333333333333	0.2168385599499428	756.0	0.21493011990140598	1005.6666666666666
628	6280001	4030	50	0	0.1686437788995022	51	0.1706629105754924	2000.6666666666667	0.17391882675319292	2945.6666666666665	0.16944526703032792	3614.3333333333335
629	6290001	3385	50	0	0.1611881861327089	51	0.1683350142224992	1509.0	0.1599104254788387	2276.3333333333335	0.1617048115358801	2857.3333333333335
630	6300001	3075	50	0	0.17203569636060484	43	0.1778720757256407	1242.0	0.1790915078834253	1987.3333333333333	0.17449810841815286	2574.6666666666665
631	6310001	4156	50	0	0.15726531815146477	45	0.15993566966299652	2069.6666666666665	0.15982203922409857	2824.3333333333335	0.15875084977779028	3468.6666666666665
632	6320001	3879	50	0	0.1867420117278385	52	0.19479655387552655	1735.0	0.1874790239341554	2603.3333333333335	0.1849987609907533	3287.0
633	6330001	3329	50	0	0.20396696062508926	45	0.19533164038589831	1170.6666666666667	0.2163523779531523	1879.0	0.20774217665925412	2520.6666666666665
634	6340001	2981	50	0	0.1826137447497651	57	0.1883680054329536	1548.6666666666667	0.19527544093107319	2136.6666666666665	0.18495166411212746	2563.3333333333335
635	6350001	2709	50	0	0.20254297330790463	50	0.20549632352080618	1462.0	0.19694488349648628	1928.6666666666667	0.20049763050776034	2258.6666666666665
636	6360001	3942	50	0	0.12277740077389075	59	0.13666093974398075	1933.6666666666667	0.12435565010600348	2701.0	0.12331793261769451	3305.3333333333335
637	6370001	2783	50	0	0.1371197320256377	50	0.13957331415641105	1068.3333333333333	0.1426260912081526	1679.6666666666667	0.14001374297542188	2216.6666666666665
638	6380001	3261	50	0	0.201710626443774	44	0.2147619577058478	1343.6666666666667	0.21048017459597723	2046.3333333333333	0.2011142569983355	2742.3333333333335
639	6390001	2225	50	0	0.344784772121969	47	0.3599511322704824	948.3333333333334	0.346369375508593	1388.6666666666667	0.3473258827552063	1765.6666666666667
640	6400001	1991	50	0	0.14343229880902547	52	0.16713023471197763	1127.0	0.14540691837855546	1457.0	0.14523643047853	1775.3333333333333
641	6410001	2704	50	0	0.16928604079198675	52	0.18324690217364306	1608.3333333333333	0.1694560223039195	1997.6666666666667	0.16805132504031742	2319.0
642	6420001	3534	50	0	0.16575304900251459	53	0.180991889388028	1399.0	0.17133374653698996	2114.3333333333335	0.16465263648648265	2826.3333333333335
643	6430001	3436	50	0	0.13201573693468588	52	0.13574541084670524	1557.6666666666667	0.13557195922149332	2170.6666666666665	0.13387155924678118	2731.0
644	6440001	1958	50	0	0.15812557664838212	60	0.17656960287898027	896.3333333333334	0.1636092492506945	1288.3333333333333	0.1574761147498767	1653.0
645	6450001	2132	46	0	0.21043381111810402	45	0.23641523575227896	357.3333333333333	0.21996321587656897	869.3333333333334	0.2124770789926468	1571.3333333333333
646	6460001	3953	50	0	0.1334869109219699	54	0.13793513332192367	1408.0	0.13661466722535012	2139.0	0.13497982195794087	3039.6666666666665
647	6470001	1442	50	0	0.17556438242191366	35	0.17384427399165148	539.6666666666666	0.17576476717656117	881.0	0.17172221813967806	1213.0
648	6480001	4382	50	0	0.15803109151398925	52	0.15233387068015333	1476.3333333333333	0.15278413703830696	2447.6666666666665	0.15720020000628643	3500.3333333333335
649	6490001	4367	50	0	0.16134403482762288	57	0.17405568640545266	1683.6666666666667	0.16160836977020196	2667.3333333333335	0.16390244408965526	3604.6666666666665
650	6500001	4705	50	0	0.14188166531389865	51	0.14544590781851158	1624.3333333333333	0.1452846219932312	2745.3333333333335	0.1424500938288958	3907.6666666666665
651	6510001	3853	50	0	0.17174163801382178	47	0.17991711396329246	1370.0	0.17850503347703564	2277.3333333333335	0.17115728083355788	3156.0
652	6520001	3112	50	0	0.11992042342953182	58	0.13727088242703744	1496.0	0.12155365904021802	2113.6666666666665	0.12198218413370175	2618.6666666666665
653	6530001	2940	50	0	0.12982329144383192	50	0.13643094277233084	1849.0	0.13161123320977064	2458.6666666666665	0.13020476482181673	2729.3333333333335
654	6540001	2477	50	0	0.17451594801218379	55	0.19558901156637076	1300.6666666666667	0.18251067851643976	1822.0	0.172094131213795	2103.3333333333335
655	6550001	4337	50	0	0.1497651234575643	54	0.16255534747342884	1959.3333333333333	0.15528816194807646	2918.3333333333335	0.1503048891993712	3616.3333333333335
656	6560001	3803	50	0	0.1434083899965732	53	0.14355134810046302	1741.3333333333333	0.14254465996564222	2622.3333333333335	0.14528971910429633	3293.6666666666665
657	6570001	1260	50	0	0.20000724214976004	34	0.22233783920892014	506.6666666666667	0.20489747428651492	837.3333333333334	0.2110085845479466	1058.0
658	6580001	1312	50	0	0.19778454373270707	51	0.21557444802390657	297.6666666666667	0.21844309430588124	573.0	0.19583671675689973	878.3333333333334
659	6590001	2473	50	0	0.16185274933490376	48	0.172125047201218	989.0	0.1616742403890463	1632.3333333333333	0.16120969895700735	2120.0
660	6600001	3588	50	0	0.16578850839076112	45	0.18021575272596382	1727.0	0.1643664750306373	2519.6666666666665	0.17241177707230215	3123.0
661	6610001	3000	50	0	0.1480720198193918	50	0.17398910755968836	1250.0	0.1482449376243444	1860.0	0.15030319227119318	2496.6666666666665
662	6620001	3436	50	0	0.22028844757980118	45	0.2418628714573666	1666.0	0.22254403607948472	2424.3333333333335	0.2144977621302159	2988.3333333333335
663	6630001	2668	50	0	0.17139208459221275	39	0.16996495403734602	983.0	0.1742729287811818	1543.0	0.1742564617824581	2052.6666666666665
664	6640001	2998	50	0	0.1897492178579806	52	0.21413027093717307	1190.0	0.19199409756433236	1772.6666666666667	0.1929324692944474	2336.6666666666665
665	6650001	2667	50	0	0.13460096616652847	60	0.14172159389655412	963.0	0.13873012621003145	1522.6666666666667	0.13675154132939918	2087.0
666	6660001	3226	50	0	0.15132783269181438	60	0.16811767722801937	1406.6666666666667	0.15309281200219496	2113.6666666666665	0.1508075174526371	2743.0
667	6670001	3592	50	0	0.16789952170202999	49	0.1822638245067727	1267.0	0.17152180533071545	2079.3333333333335	0.16460905229158287	2892.6666666666665
668	6680001	3532	50	0	0.13785746861006745	52	0.15477961041275257	1308.6666666666667	0.14033545130193337	2018.6666666666667	0.1374453305002968	2829.6666666666665
669	6690001	3603	50	0	0.17472396484087685	50	0.17589809088399988	1342.6666666666667	0.1803914726583891	2135.0	0.179229162163836	2960.0
670	6700001	816	50	0	0.23486306108578586	27	0.2981501869336705	252.0	0.23226941908202178	417.3333333333333	0.23505471458355875	580.3333333333334
671	6710001	2425	50	0	0.15019691118395245	53	0.16834152714827635	747.3333333333334	0.16420824370583473	1286.6666666666667	0.15147085208243535	1883.6666666666667
672	6720001	2388	50	0	0.15100426885868315	50	0.1639995327117584	1179.3333333333333	0.14720273704146206	1705.6666666666667	0.156072029231853	2083.6666666666665
673	6730001	3004	50	0	0.17018728116518625	47	0.16628883100691408	1296.6666666666667	0.19348796337042107	2014.3333333333333	0.17106730322371197	2593.3333333333335
674	6740001	2568	50	0	0.15968317200001628	56	0.1556541824132687	1269.6666666666667	0.15386560378233874	1943.3333333333333	0.1594547958662798	2342.3333333333335
675	6750001	3739	50	0	0.1809104170790025	53	0.18422901951028336	1606.6666666666667	0.1824422616348954	2592.6666666666665	0.17969048436877869	3247.0
676	6760001	2451	50	0	0.1488264111933898	55	0.1546782561734694	1037.6666666666667	0.14965311914419843	1597.0	0.1510778302193382	2101.6666666666665
677	6770001	2483	50	0	0.20821878564608068	40	0.20230703126660632	1262.0	0.20739672372867013	1791.3333333333333	0.20956363765147823	2196.0
678	6780001	4165	50	0	0.21731894212108047	42	0.21498132112029167	1663.6666666666667	0.21901888229986632	2681.0	0.21963804878182383	3548.6666666666665
679	6790001	3713	50	0	0.1604915901958058	43	0.1639131038155043	1582.0	0.15970376434310155	2497.0	0.16180038255374557	3268.3333333333335
680	6800001	4161	50	0	0.14007424046722058	58	0.1382265993772144	1787.0	0.14285582107555925	2608.0	0.13958006455682534	3465.6666666666665
681	6810001	3764	50	0	0.13719680472773058	56	0.14465155077883116	1810.3333333333333	0.14417692047071648	2615.0	0.13834987387141728	3255.0
682	6820001	2011	50	0	0.19107506697334	47	0.20814651918766566	1048.0	0.18970250951029277	1422.3333333333333	0.1922317713712529	1706.3333333333333
683	6830001	3867	50	0	0.16124984788265653	52	0.17014464554122535	1711.0	0.1642559480867146	2534.6666666666665	0.16391490786858157	3229.0
684	6840001	4175	50	0	0.18127597228558578	54	0.17654133618897347	1651.6666666666667	0.18371693487756194	2491.6666666666665	0.18009138909042977	3280.0
685	6850001	4654	50	0	0.19158128396818624	51	0.19369278080496302	1928.6666666666667	0.18839749593629038	2896.0	0.19340187664288366	3762.3333333333335
686	6860001	4770	50	0	0.15693776202313062	57	0.15993474699502344	1568.3333333333333	0.1572350507472807	2660.6666666666665	0.1625944056468147	3788.0
687	6870001	2540	50	0	0.23456275370257434	43	0.21865820087439478	729.3333333333334	0.2280281880623812	1313.6666666666667	0.23166024879267025	1926.3333333333333
688	6880001	4759	50	0	0.15540006941766688	52	0.15873506071403054	1598.0	0.16192023718909523	2583.3333333333335	0.15839921805555482	3737.6666666666665
689	6890001	3966	50	0	0.17997080951388528	50	0.19257691616467298	1941.3333333333333	0.16838462784038213	2647.3333333333335	0.17699840230390693	3381.6666666666665
690	6900001	3215	50	0	0.14978527607538908	51	0.1723169696533958	1467.3333333333333	0.1504646308575888	2082.0	0.14954222474924825	2675.3333333333335
691	6910001	2783	50	0	0.14459826140413154	57	0.15492147404850545	1578.0	0.14672169448322095	2060.3333333333335	0.14355267622179715	2440.6666666666665
692	6920001	2760	50	0	0.14792299512558943	56	0.1842468508827069	1403.0	0.1565050141418111	1900.6666666666667	0.14602689713814263	2338.3333333333335
693	6930001	3339	50	0	0.13666079429057415	56	0.13802348781317653	1747.6666666666667	0.1347076213789793	2429.3333333333335	0.13431160149591684	2942.3333333333335
694	6940001	3207	50	0	0.13467393112376955	58	0.14459767495739162	1628.3333333333333	0.13541958366255613	2425.6666666666665	0.13666522892630084	2960.3333333333335
695	6950001	3775	50	0	0.17940998923630894	52	0.18144386146091518	1879.6666666666667	0.18610829091315587	2842.6666666666665	0.17169961113637713	3435.6666666666665
696	6960001	3566	50	0	0.13452755955908288	57	0.14556406581782214	1344.3333333333333	0.13795636044022083	2195.6666666666665	0.13407377882922256	3031.3333333333335
697	6970001	4236	50	0	0.22841433174391304	52	0.23184038401927265	2028.0	0.23189253160132972	3082.3333333333335	0.22783324344358213	3867.6666666666665
698	6980001	2990	50	0	0.18223988929949933	50	0.18953734666571884	1331.0	0.18094171472112608	2087.0	0.18107076496174582	2666.3333333333335
699	6990001	3596	50	0	0.17281298234020448	53	0.18632998167754697	1578.3333333333333	0.18386691808318503	2460.0	0.1730086755987884	3148.6666666666665
700	7000001	4548	50	0	0.12982010258223511	54	0.1320374497755243	1785.3333333333333	0.12977203958582464	2815.3333333333335	0.13045471519235588	3814.0
701	7010001	3352	50	0	0.16880061961273968	59	0.16703942950996972	1471.6666666666667	0.1808345203788685	2243.6666666666665	0.1642579956808474	2880.3333333333335
702	7020001	1954	50	0	0.19052181125270023	43	0.20746889827576095	784.3333333333334	0.18716877322912373	1249.0	0.19236164106934625	1705.3333333333333
703	7030001	2418	50	0	0.1925006743690849	42	0.21169401961011533	1213.0	0.1912109436726074	1824.0	0.1886917497273325	2234.0
704	7040001	2953	50	0	0.17735205750962116	56	0.18434671228432595	1123.0	0.1839591223072445	1814.0	0.17753979851775734	2529.0
705	7050001	3524	50	0	0.19968746776439622	43	0.23086232709671764	1349.6666666666667	0.21450204060122377	2116.6666666666665	0.19695079851254735	2830.0
706	7060001	2558	50	0	0.15897252719369473	46	0.17002480072404216	930.6666666666666	0.1664155968751689	1497.3333333333333	0.15829534941177595	1997.6666666666667
707	7070001	2002	50	0	0.18086238285897696	48	0.17209474531410826	673.3333333333334	0.17316090568401318	1102.3333333333333	0.17825096685248262	1572.3333333333333
708	7080001	4195	50	0	0.2026721774555921	48	0.18965151212482576	1455.6666666666667	0.20278933170653182	2349.0	0.19986423617816418	3332.3333333333335
709	7090001	3512	50	0	0.17087435637748552	51	0.1710216149760675	1180.0	0.16930166824468218	2094.3333333333335	0.16867282265668324	2913.0
710	7100001	4458	50	0	0.160191683776015	49	0.17070208365084436	1732.0	0.15812069283842542	2621.6666666666665	0.16379445770589093	3530.0
711	7110001	3943	50	0	0.15797685713210463	53	0.1732404676902245	1753.6666666666667	0.15624243093352982	2536.3333333333335	0.1660334340244223	3148.6666666666665
712	7120001	4153	50	0	0.16868554478400666	51	0.19115132622942774	1557.6666666666667	0.17603191851388578	2330.6666666666665	0.16769226597339218	3183.0
713	7130001	1547	50	0	0.15036451791769836	46	0.16569369793270797	473.3333333333333	0.15213066374226045	790.0	0.15244501179052453	1127.0
714	7140001	3388	50	0	0.2635315681118635	42	0.2704595084380846	1394.3333333333333	0.2585374474341267	2142.6666666666665	0.27315442568282994	2786.3333333333335
715	7150001	3453	50	0	0.14373390009874043	55	0.1585435777014516	1182.3333333333333	0.14870133152341905	1852.6666666666667	0.14366779513171338	2656.0
716	7160001	4283	50	0	0.1479343611227151	49	0.17718976784465235	1500.0	0.1584930374568928	2538.3333333333335	0.15927241568246864	3524.6666666666665
717	7170001	3337	50	0	0.1276728962148863	52	0.13500167540983246	816.6666666666666	0.1297060576148428	1542.6666666666667	0.12821433095440346	2386.6666666666665
718	7180001	3876	50	0	0.19417320041850603	51	0.19514275340978307	1738.6666666666667	0.19598124677976483	2458.6666666666665	0.19767596911417107	3185.3333333333335
719	7190001	1512	50	0	0.14294929792198208	46	0.147509549452072	524.6666666666666	0.14780306385996198	843.6666666666666	0.1446973320826789	1191.3333333333333
720	7200001	1533	50	0	0.4195821847510525	38	0.4087050400084979	498.3333333333333	0.3887193692403053	745.3333333333334	0.4162090144280539	1066.0
721	7210001	3044	50	0	0.17009805522090612	49	0.1781662700520882	1459.0	0.16644014308879268	1931.0	0.17121413291772933	2476.0
722	7220001	3985	50	0	0.13738217512049658	55	0.1427952502577587	1490.0	0.13803604990938464	2241.3333333333335	0.1375500324221194	3029.3333333333335
723	7230001	4410	50	0	0.17868006258668198	51	0.17592549972504157	1425.0	0.17482036654800714	2399.6666666666665	0.17938317808027346	3418.3333333333335
724	7240001	3629	50	0	0.15305619554190614	50	0.16950060312336934	1390.3333333333333	0.15988949639483743	2038.3333333333333	0.15313531028493982	2836.3333333333335
725	7250001	2850	50	0	0.1530384461063988	49	0.16361155063102162	1076.6666666666667	0.1535384891277489	1551.3333333333333	0.15465669646835853	2055.6666666666665
726	7260001	4111	50	0	0.16367770218576871	44	0.1716530735273153	1713.0	0.1632038169307431	2425.3333333333335	0.1615814439996994	3174.6666666666665
727	7270001	5151	50	0	0.1469352182500275	52	0.15003535461564577	1875.3333333333333	0.15306727722941407	2832.0	0.1459468587318778	3934.3333333333335
728	7280001	2175	50	0	0.23607342360949718	40	0.23936660388697525	809.3333333333334	0.24086474195033294	1217.6666666666667	0.23233460889776072	1651.6666666666667
729	7290001	4695	50	0	0.1499050274248801	49	0.15529023672830608	2018.6666666666667	0.15091560805317625	3078.0	0.15100190890943846	3967.0
730	7300001	3294	50	0	0.16138720514014138	51	0.16132807886178788	1737.6666666666667	0.15810072588868343	2307.0	0.1618350128904952	2822.3333333333335
731	7310001	4257	50	0	0.14008477369993588	49	0.1339405501153806	1857.6666666666667	0.14202152951442315	2714.3333333333335	0.13986259072446713	3582.0
732	7320001	4164	50	0	0.15351085774262763	54	0.15832567081515847	1930.6666666666667	0.1597709205163783	2824.0	0.15303179083409754	3565.0
733	7330001	4180	50	0	0.20055610489171324	41	0.21498747813657393	1680.3333333333333	0.1994121116937765	2631.6666666666665	0.20032887911510092	3477.3333333333335
734	7340001	3880	50	0	0.15386293625251085	46	0.16121979577959628	1028.6666666666667	0.1578690342332336	1915.0	0.1570604782281804	2937.6666666666665
735	7350001	1302	50	0	0.19938670348355622	50	0.2155520630728129	286.0	0.19888998866618465	555.6666666666666	0.1988199616610411	904.0
736	7360001	1832	50	0	0.20059068755701479	46	0.21592253826426278	525.3333333333334	0.2034682984753741	877.0	0.201803313484939	1308.0
737	7370001	3403	50	0	0.1620944362771305	50	0.16086729665756463	1291.3333333333333	0.16152303777295537	2032.6666666666667	0.1634578606960361	2812.3333333333335
738	7380001	3160	50	0	0.26837372546712773	40	0.23752886790192837	1024.3333333333333	0.2677745996630075	1737.3333333333333	0.27092998855758726	2540.3333333333335
739	7390001	420	35	0	0.17465103822387423	45	0.17395785490541452	53.333333333333336	0.17924932291218312	152.0	0.1773457683152501	277.0
740	7400001	3650	50	0	0.2029366768538408	45	0.204510008995579	1193.6666666666667	0.20100385655186415	2059.6666666666665	0.19943081809552002	2924.6666666666665
741	7410001	4032	50	0	0.1690065911532897	63	0.17606167470500353	1783.0	0.16295052576708488	2674.6666666666665	0.16077391195515678	3551.6666666666665
742	7420001	2648	50	0	0.17228714647732615	55	0.18302057651871848	1002.0	0.18779835174871087	1591.0	0.19266882824579615	2156.0
743	7430001	2158	50	0	0.20972977042309654	39	0.24067960945762165	799.6666666666666	0.22022437613538923	1349.3333333333333	0.20669129396235886	1819.0
744	7440001	1235	50	0	0.1863227102510582	48	0.1930943250902454	432.3333333333333	0.18839643153590366	742.3333333333334	0.18352147452110235	1047.0
745	7450001	2184	50	0	0.1859767558725894	42	0.20388376417038193	825.3333333333334	0.19420208752234935	1420.3333333333333	0.19087498352156074	1924.6666666666667
746	7460001	3224	50	0	0.18049017882196453	40	0.18214603409656935	873.0	0.17732745123082072	1670.0	0.18315901258111567	2541.6666666666665
747	7470001	3138	50	0	0.17613856280727436	46	0.18320094989342497	1143.0	0.1807767718353689	1749.3333333333333	0.17923265919863704	2527.6666666666665
748	7480001	3662	50	0	0.1747694923789696	48	0.18087597050172385	1606.6666666666667	0.16914829140828833	2355.3333333333335	0.17779364211568519	3119.0
749	7490001	3740	50	0	0.21078773663333286	43	0.21737577511444672	1483.6666666666667	0.21562063044761584	2356.6666666666665	0.21244781390690226	3131.6666666666665
750	7500001	2758	50	0	0.18860585506178507	47	0.21048001336322764	1133.6666666666667	0.19488702323080123	1660.3333333333333	0.1939358893566734	2172.6666666666665
751	7510001	4546	50	0	0.19380286369984254	51	0.20075944665975018	1652.3333333333333	0.18819816878950432	2701.6666666666665	0.1930229782007545	3609.6666666666665
752	7520001	2479	50	0	0.16972277105622444	52	0.16550224259234506	1022.6666666666666	0.16951689839372963	1581.0	0.1685756166343456	2019.6666666666667
753	7530001	3456	50	0	0.16438072645628224	45	0.17948742385987496	1180.3333333333333	0.1674434246475163	2057.3333333333335	0.17127448076819643	2855.6666666666665
754	7540001	2639	50	0	0.17441155820350723	41	0.16257776100400925	1110.3333333333333	0.17667639771273805	1630.3333333333333	0.17555809291460914	2155.0
755	7550001	4224	50	0	0.12740406390731876	57	0.14078059417110084	1630.0	0.1326448397629512	2423.0	0.1292125580413004	3375.0
756	7560001	3887	50	0	0.12231195758577226	60	0.12657512301466237	1696.3333333333333	0.12686408732713841	2359.3333333333335	0.12272708355099056	3112.6666666666665
757	7570001	2858	50	0	0.1644950989152216	51	0.1675654217502871	1408.0	0.16993574626732819	1898.6666666666667	0.1633001832912232	2419.6666666666665
758	7580001	3724	50	0	0.1464262476725581	64	0.16180801927622293	1641.3333333333333	0.1558631741335067	2266.6666666666665	0.14524463576151522	2932.6666666666665
759	7590001	3310	50	0	0.17010899423400358	49	0.1795337526597096	1577.3333333333333	0.1676775274033617	2078.0	0.17019637520176953	2628.3333333333335
760	7600001	4649	50	0	0.15185169925325573	46	0.15682598079194907	1973.6666666666667	0.15224691599962178	2948.0	0.15204270126320774	3771.0
761	7610001	4769	50	0	0.15806889382513645	46	0.16439541254825443	1961.0	0.1580077188765252	3208.0	0.15962208147620324	4037.3333333333335
762	7620001	3652	50	0	0.162066784329188	57	0.17015583823587396	1940.3333333333333	0.16434424220730895	2587.3333333333335	0.16287856363842215	3177.6666666666665
763	7630001	2530	50	0	0.16397910698707616	45	0.164377141128908	1208.6666666666667	0.16385596113550477	1716.0	0.1669708760754042	2135.0
764	7640001	4803	50	0	0.20249126239178422	42	0.19481456515675055	2210.0	0.20354569543025447	3324.6666666666665	0.20581428964224588	4113.333333333333
765	7650001	5177	50	0	0.20983476192790734	51	0.2060140761620788	1556.3333333333333	0.2076911287119182	2640.3333333333335	0.20691546344029674	3848.3333333333335
766	7660001	3366	50	0	0.1857128951464886	51	0.18165412919947088	1151.0	0.18894178984238866	1790.6666666666667	0.18529977723035254	2543.3333333333335
767	7670001	2158	50	0	0.20216673366222052	50	0.21073851262747056	723.0	0.2125673051728545	1149.6666666666667	0.20370270394103795	1632.6666666666667
768	7680001	3866	50	0	0.18830469586137963	45	0.19009211676472296	1542.6666666666667	0.19032018659049743	2132.0	0.18905737465233363	2806.0
769	7690001	4137	50	0	0.1499782218714345	45	0.14739456329508105	1463.6666666666667	0.14977267395539126	2358.0	0.15080894363305306	3281.3333333333335
770	7700001	4151	50	0	0.19151550641718365	53	0.20508174649557173	1419.6666666666667	0.19749533905345773	2295.0	0.1898779512536939	3191.6666666666665
771	7710001	1139	50	0	0.16394930339619096	44	0.17543564335711204	344.6666666666667	0.16984536837704237	538.3333333333334	0.16706454441945498	798.6666666666666
772	7720001	1875	50	0	0.17400669978206765	43	0.18372869802741945	553.0	0.17992425043455973	995.0	0.1753241508171641	1432.3333333333333
773	7730001	3117	50	0	0.14340483587779698	47	0.1576510789227742	1171.3333333333333	0.14515263004758813	1799.6666666666667	0.1428871426846617	2466.6666666666665
774	7740001	857	50	0	0.14786923071784822	42	0.18206356783879066	260.6666666666667	0.1634302799125167	471.3333333333333	0.14989442045820775	682.6666666666666
775	7750001	4026	50	0	0.19619071699356955	49	0.20237523329479998	1702.3333333333333	0.19777802612799347	2641.6666666666665	0.19528850088248537	3451.3333333333335
776	7760001	3012	50	0	0.14335633107894347	49	0.16169300302192374	1339.3333333333333	0.14848860684775644	1885.6666666666667	0.14407343099893535	2419.6666666666665
777	7770001	3299	50	0	0.15126379303052626	52	0.15179151569439595	1508.6666666666667	0.15351574722693137	2107.6666666666665	0.15148946805683508	2743.3333333333335
778	7780001	3285	50	0	0.2136405677868622	45	0.2079532272362535	915.3333333333334	0.21520424797170598	1628.0	0.2061609374387515	2506.0
779	7790001	4210	50	0	0.1315441221150292	51	0.14220114697331038	1740.3333333333333	0.13232564299581662	2750.3333333333335	0.133371694460602	3588.0
780	7800001	4819	50	0	0.16092007941444073	55	0.17781894445983512	1456.0	0.16470152527209916	2613.3333333333335	0.16041746967075485	3784.6666666666665
781	7810001	3878	50	0	0.14624030040339447	48	0.14508053928551046	1294.0	0.14870480701144248	2044.0	0.14592408952348057	2825.6666666666665
782	7820001	4367	50	0	0.14846226167113014	50	0.16430288616853314	1570.0	0.15157160701625086	2560.6666666666665	0.14808634179987096	3512.0
783	7830001	3054	50	0	0.18872011536881964	49	0.1932690048465806	978.0	0.18660570283447322	1708.0	0.18721630996334296	2484.6666666666665
784	7840001	4542	50	0	0.1605114120509356	45	0.18384183462500395	1667.6666666666667	0.16087784328083965	2688.0	0.16833323660597618	3715.3333333333335
785	7850001	3976	50	0	0.16443880267116662	38	0.17237112431344703	1376.6666666666667	0.16583093539537463	2425.0	0.16465077933200592	3316.3333333333335
786	7860001	2531	50	0	0.1595528308567485	56	0.16700778618495515	902.0	0.16673509777958026	1383.0	0.15940693837380418	1984.0
787	7870001	3558	50	0	0.20160757350911995	54	0.21625626988985439	1196.0	0.2083885869509079	1886.3333333333333	0.2026264656254161	2750.3333333333335
788	7880001	4989	50	0	0.1935650074329211	50	0.19919383811733912	1382.3333333333333	0.19376648383952674	2421.3333333333335	0.19605649319821306	3756.3333333333335
789	7890001	2421	50	0	0.16813344466931263	47	0.17590024708753826	686.0	0.17263092348731615	1334.3333333333333	0.1672977806566318	2011.6666666666667
790	7900001	2762	50	0	0.16356212498362913	53	0.16355819939309596	1063.0	0.162009823507306	1712.6666666666667	0.1645776015416027	2319.0
791	7910001	5082	50	0	0.1820341755667143	49	0.1993558678640858	1661.0	0.18694355067344157	2745.6666666666665	0.18118374175314575	3826.3333333333335
792	7920001	4342	50	0	0.16721457974550502	58	0.16547565595624406	1622.6666666666667	0.16415885452019943	2530.0	0.1672289874791505	3488.6666666666665
793	7930001	3659	50	0	0.1551234471509322	50	0.16476413246069613	1192.0	0.15437351547561431	1924.6666666666667	0.15654797993463232	2795.0
794	7940001	3916	50	0	0.1997096600608947	53	0.22971549618077705	1443.6666666666667	0.20743259401696523	2258.3333333333335	0.1960756601064381	3141.0
795	7950001	4112	50	0	0.18141975586544448	48	0.2019184813140956	1691.0	0.19150049528449556	2541.3333333333335	0.1839463841235246	3443.3333333333335
796	7960001	3715	50	0	0.24132176573520614	44	0.24972416611097326	1564.6666666666667	0.2504972769347433	2352.6666666666665	0.2531259143682747	3044.3333333333335
797	7970001	1988	50	0	0.19480125473512477	51	0.19749816140100138	882.6666666666666	0.19212071821645282	1211.3333333333333	0.19892188129351648	1600.6666666666667
798	7980001	3531	50	0	0.17403709701470912	51	0.18434938346520133	1052.6666666666667	0.1778163547289907	1877.3333333333333	0.1746385889192206	2715.0
799	7990001	3672	50	0	0.14577015728650444	58	0.148465426576346	1303.3333333333333	0.14844146260070057	2009.6666666666667	0.14893394954722175	2833.6666666666665
800	8000001	4599	50	0	0.12328109589299935	52	0.125139636703312	1672.3333333333333	0.12446719200653988	2705.0	0.12593494070243408	3643.0
801	8010001	4707	50	0	0.15394600343513784	51	0.16566495358655808	1709.6666666666667	0.15347978326100345	2667.6666666666665	0.15451523359643923	3660.3333333333335
802	8020001	4378	50	0	0.17426529263618834	55	0.1820109357025699	1508.6666666666667	0.17741851931416072	2415.6666666666665	0.1771018109279708	3334.0
803	8030001	4235	50	0	0.16674965315887472	50	0.16592718594370942	1196.0	0.1738069171045614	2148.3333333333335	0.1655452412137137	3211.0
804	8040001	5336	50	0	0.13438769273336912	44	0.14734564307046452	1662.6666666666667	0.13858425163538987	2798.6666666666665	0.1366494993206534	4071.3333333333335
805	8050001	3834	50	0	0.1710896344816021	49	0.18638540014647584	1374.6666666666667	0.170831475610566	2248.3333333333335	0.17322149569332188	3018.3333333333335
806	8060001	4184	50	0	0.13722859189317152	57	0.14301027131931732	1544.6666666666667	0.1400551536792418	2496.6666666666665	0.1359612457193592	3413.3333333333335
807	8070001	4328	50	0	0.15412298853123463	47	0.16380335405421495	1734.0	0.15589370990738252	2693.3333333333335	0.1529042778890363	3502.3333333333335
808	8080001	4255	50	0	0.1563718352125942	47	0.15924127427438028	1966.6666666666667	0.15418255701220548	2867.0	0.15339277090789347	3596.6666666666665
809	8090001	4630	50	0	0.11985341182825685	46	0.12239332899064902	1667.3333333333333	0.12001063147641537	2661.6666666666665	0.12133618228091142	3675.6666666666665
810	8100001	4597	50	0	0.14484970020119067	50	0.15532409790351795	1479.3333333333333	0.13693819190781856	2522.6666666666665	0.14532912577361226	3558.0
811	8110001	3297	50	0	0.13750646578690787	51	0.15602541333815448	1152.0	0.13894692400761954	1783.6666666666667	0.1385739384746894	2524.6666666666665
812	8120001	4999	50	0	0.13971749375029968	59	0.1474227548653372	1907.0	0.14543148309839982	3051.6666666666665	0.14156512755213388	4144.0
813	8130001	4560	50	0	0.1781893449637393	46	0.18770557386264694	1504.0	0.18237258436512738	2578.0	0.17989925877210247	3688.0
814	8140001	4745	50	0	0.22417582034451222	51	0.22544509222231177	1772.0	0.223507757131713	2734.6666666666665	0.2246302845650924	3699.0
815	8150001	4172	50	0	0.13840363608758768	54	0.14883893243927152	1520.6666666666667	0.14842636779999638	2494.6666666666665	0.14043278221544345	3385.0
816	8160001	2032	50	0	0.14864867974377222	40	0.14930286806864299	484.3333333333333	0.1484328834303345	885.0	0.14838412231059223	1400.0
817	8170001	4130	50	0	0.19691415227986608	57	0.228095100788782	1199.0	0.19879651796993722	2155.3333333333335	0.19543561747318683	3152.3333333333335
818	8180001	4492	50	0	0.11998852771387096	61	0.1316540589602022	1586.6666666666667	0.12158299829247532	2717.6666666666665	0.12128139561394098	3727.0
819	8190001	4744	50	0	0.14287347735002176	52	0.16471245565208792	1674.0	0.1510381386316181	2811.6666666666665	0.14242271781713237	3898.6666666666665
820	8200001	2960	50	0	0.15458422339643682	42	0.15599600871239716	900.0	0.1531908156570544	1580.3333333333333	0.15473173964345385	2304.0
821	8210001	4459	50	0	0.15184363455813266	50	0.15050805143192503	1729.6666666666667	0.15759049916079512	2631.0	0.15040540107084213	3617.6666666666665
822	8220001	4721	50	0	0.1612264788808109	60	0.15959832223493958	1900.0	0.16560650439675695	2969.3333333333335	0.160330440127888	3906.0
823	8230001	2723	50	0	0.14073627396629185	52	0.16338470493397952	1114.0	0.14511990237625125	1811.3333333333333	0.14517362882350912	2388.6666666666665
824	8240001	4431	50	0	0.13642276699971242	59	0.13655162628790538	2119.0	0.13651763680906984	3180.3333333333335	0.138262162654603	4041.0
825	8250001	4431	50	0	0.1582794294247501	52	0.16645408886619584	1443.6666666666667	0.16345189549411188	2610.3333333333335	0.158251548091697	3813.3333333333335
826	8260001	3014	50	0	0.12266853222969001	56	0.13263437838523576	1074.0	0.12971122265708354	1819.0	0.12344990475442198	2569.3333333333335
827	8270001	2763	50	0	0.12643678408972128	56	0.13459798623095257	1119.6666666666667	0.12872867510252148	1671.0	0.12872851427947385	2300.6666666666665
828	8280001	2633	50	0	0.15305453878906386	59	0.16602571217425047	902.3333333333334	0.15249012207658125	1552.6666666666667	0.15350235388785294	2194.3333333333335
829	8290001	4323	50	0	0.13370146222480644	50	0.1416696135402928	1366.6666666666667	0.1332119048400198	2360.0	0.1338009232978015	3451.3333333333335
830	8300001	4292	50	0	0.1523477100902861	51	0.17462338633628538	1485.0	0.16094314158237705	2357.3333333333335	0.15486747418065153	3328.3333333333335
831	8310001	4360	50	0	0.1346604865668579	59	0.14610993510305026	1608.6666666666667	0.14230558197542845	2522.0	0.1346922901721376	3411.3333333333335
832	8320001	3977	50	0	0.1499665761534676	55	0.16367588181422468	2090.6666666666665	0.1575679045701929	2937.6666666666665	0.15378477039561902	3451.0
833	8330001	4620	50	0	0.19162902445163252	52	0.19388826253512856	1626.3333333333333	0.19175042302104808	2638.0	0.1957321644711476	3695.0
834	8340001	3157	50	0	0.16574430773520335	44	0.16194885539445933	1069.3333333333333	0.16968684628107153	1730.0	0.16476956569153048	2505.6666666666665
835	8350001	4406	50	0	0.16049295723733878	41	0.16507791102194128	1098.3333333333333	0.1639847105426401	2093.6666666666665	0.1633371030738237	3223.3333333333335
836	8360001	426	50	0	0.18178668860029507	33	0.18752893949532246	87.33333333333333	0.2175955673409912	211.0	0.18556280771922906	319.3333333333333
837	8370001	2666	50	0	0.1894011049922914	35	0.18347677685665853	634.0	0.19198006721102787	1236.0	0.18735262646073547	1918.0
838	8380001	3482	50	0	0.14893252400980903	46	0.1691266743681561	934.6666666666666	0.16441250016812978	1616.6666666666667	0.15319246777951323	2473.6666666666665
839	8390001	3378	50	0	0.15872331949584248	48	0.18361901004680914	835.3333333333334	0.15620156609170513	1497.3333333333333	0.1590253437662712	2266.0
840	8400001	3642	50	0	0.14978255484233613	44	0.15387331483467645	1052.6666666666667	0.14918677682967504	1916.3333333333333	0.14866706649808956	2823.3333333333335
841	8410001	2504	50	0	0.1640311966528802	43	0.17569718625564568	825.6666666666666	0.1636639185590738	1353.6666666666667	0.17183716237287802	1940.6666666666667
842	8420001	2875	50	0	0.20864722984133036	48	0.22565876429741963	941.0	0.2125841900180978	1518.0	0.20620392949079247	2195.3333333333335
843	8430001	4160	50	0	0.17686909762584613	50	0.19249440834386297	1929.6666666666667	0.18256452670416057	2757.3333333333335	0.1812246292193291	3401.3333333333335
844	8440001	3316	50	0	0.136011507521708	48	0.14091103000823543	1354.3333333333333	0.13941744789360266	2190.3333333333335	0.13589646012062384	2819.0
845	8450001	20	6	1	0.3543382040375661	8	0.5744452361436028	1.6666666666666667	0.5022305945811606	4.666666666666667	0.3916887393230675	8.0
848	8480001	1295	50	0	0.23190163861387364	32	0.24726822703439125	275.6666666666667	0.2262586259302876	592.3333333333334	0.23430083997156628	961.3333333333334
849	8490001	1228	50	0	0.1776751887508717	36	0.2137901230756212	352.3333333333333	0.19076568553786277	611.0	0.17663477004530656	937.6666666666666
850	8500001	5156	50	0	0.15264423335269348	40	0.19913020228111689	1924.0	0.15534744114694274	3166.6666666666665	0.1564909771862392	4305.0
851	8510001	1435	50	0	0.2286193523880678	37	0.21589042338904854	423.3333333333333	0.223250842122942	724.0	0.22759446572885067	1099.3333333333333
852	8520001	3626	50	0	0.22604037516220393	36	0.22271457546153506	1220.3333333333333	0.22831202650600071	2038.0	0.22869936512845257	2812.3333333333335
853	8530001	3616	50	0	0.16710244815846326	48	0.17245355913556273	1044.0	0.16734594151650414	1918.3333333333333	0.16819147116789981	2803.0
854	8540001	1921	50	0	0.19659963526583082	36	0.20570482441392776	580.0	0.2035598263719041	994.0	0.19281119080689404	1433.0
855	8550001	4814	50	0	0.15044111248662323	51	0.14691905324506607	1847.0	0.15045251879789182	2805.0	0.15207093151973064	3786.3333333333335
856	8560001	3758	50	0	0.1887376045534617	46	0.21241833588331063	1779.6666666666667	0.19033212462068286	2512.6666666666665	0.19199026579703046	3121.0
857	8570001	3751	50	0	0.13631697802489423	52	0.15454344898959987	1047.3333333333333	0.14172286317198104	1966.6666666666667	0.13835589060838618	3012.3333333333335
858	8580001	3157	50	0	0.16859460267487214	52	0.17933580448373687	939.0	0.16325057781726512	1666.0	0.167414120311458	2387.3333333333335
859	8590001	3231	50	0	0.20527193707516134	54	0.21353295780682122	730.3333333333334	0.21030989030921954	1429.6666666666667	0.20274148550877977	2265.3333333333335
860	8600001	4358	50	0	0.14716815445181844	46	0.15601375375119728	1714.3333333333333	0.14976669554331426	2646.6666666666665	0.14793622383267882	3565.3333333333335
861	8610001	3419	50	0	0.12246056505718204	53	0.12990437048525302	1535.3333333333333	0.12476212200668062	2125.0	0.1279576058060556	2712.3333333333335
862	8620001	2971	50	0	0.15026433108994758	57	0.16127849058774898	1169.3333333333333	0.15189274973112446	1748.0	0.15025286555120546	2316.6666666666665
863	8630001	4839	50	0	0.12407786271533376	48	0.1340451031241783	2208.0	0.13092122302545564	3338.3333333333335	0.12500149973100874	4119.0
864	8640001	1856	50	0	0.16184709860646007	53	0.16150384234532697	612.0	0.16081582424859264	1066.0	0.16006354303820844	1542.0
865	8650001	3652	50	0	0.15132562547290207	54	0.14291851636430186	1328.3333333333333	0.15722052923755747	2164.6666666666665	0.14744739155058342	2991.3333333333335
866	8660001	3701	50	0	0.15229025303102678	57	0.16562528002408997	1508.0	0.14613515374211275	2255.0	0.14995962723491527	3035.6666666666665
867	8670001	3053	50	0	0.15209892822572005	45	0.15924627378263187	1324.3333333333333	0.15249762466792158	1958.3333333333333	0.15364563303558706	2569.0
868	8680001	3000	50	0	0.17698155972237525	48	0.1846728342232431	1150.0	0.1792832910894301	1899.0	0.1779208995327383	2571.6666666666665
869	8690001	2920	50	0	0.17982717611614027	42	0.20189692811475812	1243.0	0.18187721837551662	2024.0	0.18436832677048456	2564.0
870	8700001	3918	50	0	0.18000700631340102	45	0.16700550848958742	1647.3333333333333	0.16579169490381032	2515.0	0.1799644656143701	3272.3333333333335
871	8710001	4077	50	0	0.17353955248443664	57	0.1793438266971944	1312.3333333333333	0.1708468245756863	2230.6666666666665	0.17237995438535725	3223.6666666666665
872	8720001	3570	50	0	0.14550878522111158	54	0.15489175259172755	1338.3333333333333	0.14912940579701045	2058.0	0.14814624720508604	2771.0
873	8730001	1744	50	0	0.13448645158161468	49	0.145535841603604	684.0	0.13229638369814664	1022.3333333333334	0.13489515252272963	1367.0
874	8740001	3617	50	0	0.17571312897239794	52	0.174344248107955	1570.0	0.17121435557780992	2275.3333333333335	0.17842421129470876	2984.0
875	8750001	4584	50	0	0.16259091155406463	56	0.1708403466101811	1766.0	0.17079397075997282	2829.3333333333335	0.1612797991318354	3805.0
876	8760001	2289	50	0	0.1556331929015733	47	0.16452770017408647	1028.0	0.1572350134756749	1523.3333333333333	0.16062956827932426	1898.0
880	8800001	22	4	1	0.3557291433122215	8	0.4541241509503027	1.6666666666666667	0.5327790678440231	3.0	0.41234392104498885	7.333333333333333
883	8830001	542	50	0	0.2232308497930144	39	0.2126223503377609	185.66666666666666	0.20921110583255817	364.3333333333333	0.2230464159553939	465.6666666666667
884	8840001	3657	50	0	0.15206952640153967	45	0.16183567533903673	1246.6666666666667	0.15300922385473667	2048.0	0.1534546972862877	2809.6666666666665
885	8850001	4562	50	0	0.1581184128995863	53	0.15738057783298193	1735.3333333333333	0.15180226712404168	2728.3333333333335	0.15630443108365072	3680.0
886	8860001	3640	50	0	0.1733608053308695	52	0.17925952018439406	1309.6666666666667	0.18101127817495746	1998.6666666666667	0.17212048049615625	2845.3333333333335
887	8870001	4193	50	0	0.14517603448883584	54	0.14773650687357087	1537.3333333333333	0.15259684947178087	2367.6666666666665	0.14456374270850106	3308.0
888	8880001	4046	50	0	0.1542436216462525	57	0.16931574216051992	1336.0	0.1529879375909686	2172.6666666666665	0.15607524100673523	3147.3333333333335
889	8890001	5120	50	0	0.14529905924173314	58	0.15244649092208143	1998.0	0.1487871048381543	2910.3333333333335	0.1487937679431083	3894.0
890	8900001	5574	50	0	0.17703444342787883	50	0.19250205625799222	2353.6666666666665	0.17123209539327985	3629.6666666666665	0.17986702594475487	4673.333333333333
891	8910001	4305	50	0	0.1695326297011612	53	0.16459246883173032	1559.3333333333333	0.16759537581608694	2452.3333333333335	0.17240160663913065	3358.0
892	8920001	2703	50	0	0.1827620349527299	37	0.18940992585220773	794.0	0.17908944405321084	1429.6666666666667	0.1810580830316979	2151.3333333333335
893	8930001	2702	50	0	0.17045362666693833	48	0.17741065977514772	957.3333333333334	0.16688346199648993	1528.0	0.17447935834728331	2133.6666666666665
894	8940001	4260	50	0	0.15008294907893416	45	0.15340489855194614	1588.3333333333333	0.14704740937836355	2444.6666666666665	0.1493235997212494	3422.3333333333335
895	8950001	3203	50	0	0.13622064322693786	53	0.14357918044671222	1257.0	0.13908903126843541	1848.6666666666667	0.13588608244331601	2524.0
896	8960001	4223	50	0	0.1578938864392604	47	0.15984419090569602	1425.6666666666667	0.1569531895486741	2355.0	0.1584941886520985	3317.6666666666665
897	8970001	3367	50	0	0.15325930742877164	51	0.15577824454135245	1435.3333333333333	0.1536925908619577	2104.0	0.15811611747554408	2753.3333333333335
898	8980001	3830	50	0	0.16010591488288345	42	0.1718364196657618	1200.0	0.16561655531370242	2030.6666666666667	0.1605181595265408	2871.3333333333335
899	8990001	3122	50	0	0.15799669466800362	39	0.1569925505130394	925.6666666666666	0.15950335740705657	1628.0	0.1561120332227332	2392.3333333333335
900	9000001	952	50	0	0.20868962803814492	32	0.20518593896072934	381.6666666666667	0.20050402276681067	599.3333333333334	0.21573591862326258	771.6666666666666
901	9010001	220	50	0	0.569092312838353	7	0.5515240135566422	78.66666666666667	0.5486659876326788	147.0	0.5577231449692707	198.66666666666666
902	9020001	3872	50	0	0.14783752039288564	46	0.15541893662842285	1779.3333333333333	0.1499782375289279	2503.0	0.14753230171191167	3192.3333333333335
903	9030001	3534	50	0	0.14650066601807052	51	0.151003037181353	1512.0	0.14755212293175932	2211.3333333333335	0.14834498775723973	2944.6666666666665
904	9040001	3947	50	0	0.1666761469500377	42	0.18527251234848627	1575.0	0.16922747650538258	2404.3333333333335	0.16672169327236527	3222.3333333333335
905	9050001	3522	50	0	0.1869136444907175	55	0.19719266118389714	1574.6666666666667	0.1898179627122266	2228.0	0.18926785450330377	2845.0
906	9060001	4092	50	0	0.12103108994043373	62	0.1325547529435244	1390.3333333333333	0.12252117873171574	2199.6666666666665	0.12300573383624445	3066.3333333333335
907	9070001	3807	50	0	0.1651111581419898	44	0.17368065484081407	1511.3333333333333	0.1669474358908293	2237.3333333333335	0.1670215937857197	2897.0
908	9080001	3285	50	0	0.19688483366194492	61	0.19024630575669813	1242.3333333333333	0.19007186832990874	1916.0	0.20443365237473557	2545.6666666666665
909	9090001	4106	50	0	0.14520419721595584	49	0.1558220387904341	1502.0	0.14426138906761835	2477.0	0.14396662998375379	3347.0
910	9100001	4834	50	0	0.147142760270494	53	0.15537179505656343	1836.3333333333333	0.14718693758035975	2816.6666666666665	0.15156086746528383	3824.3333333333335
911	9110001	3829	50	0	0.17141198058621915	47	0.15812844972699128	1562.0	0.16973965148118975	2362.3333333333335	0.1798911809913627	3180.0
912	9120001	3534	50	0	0.1903413909963747	47	0.19326193677833814	1396.3333333333333	0.19682743030759267	2138.6666666666665	0.19046707078421007	2922.0
913	9130001	1177	50	0	0.17165003776792723	37	0.19494270133671202	395.3333333333333	0.19775499772660068	636.6666666666666	0.17348559330178803	892.3333333333334
914	9140001	2182	50	0	0.16575642899768747	44	0.1680842458387386	983.3333333333334	0.17363208983164258	1440.0	0.16706700860978393	1847.3333333333333
915	9150001	3022	50	0	0.1410587455627208	53	0.1467173756566462	1648.3333333333333	0.14432657171173657	2102.3333333333335	0.14433434393824487	2553.3333333333335
916	9160001	2483	50	0	0.17850703938462684	54	0.1855647854405695	1067.6666666666667	0.17135975050457697	1558.6666666666667	0.17848199996276737	2068.0
917	9170001	2199	50	0	0.2474206746440898	30	0.25410954083213627	791.6666666666666	0.257174973943986	1233.6666666666667	0.25243033179121993	1721.3333333333333
918	9180001	1490	50	0	0.17985295680109142	37	0.20108367248276315	725.3333333333334	0.18534618094066127	956.3333333333334	0.1815492373360248	1234.0
919	9190001	4353	50	0	0.18957127239561444	44	0.20123775480242767	1701.6666666666667	0.18558217060233792	2564.3333333333335	0.1892831240801963	3480.6666666666665
920	9200001	2616	50	0	0.18751298584768833	53	0.20473348824521775	936.3333333333334	0.19508990202873974	1519.0	0.19579312929123224	2069.0
921	9210001	3934	50	0	0.1752652611842819	53	0.16724925482017627	1599.3333333333333	0.18203234793071232	2480.6666666666665	0.17683915673441475	3245.0
922	9220001	3521	50	0	0.150522069029677	42	0.15928617362471287	1123.0	0.15430989066640968	1864.3333333333333	0.151825005893757	2658.3333333333335
923	9230001	3126	50	0	0.1267120923527829	46	0.133813868244534	832.0	0.12680693517324518	1538.3333333333333	0.12933958320192568	2367.0
924	9240001	5051	50	0	0.16677575084425758	51	0.1695275411061606	1538.6666666666667	0.17220527673803684	2645.6666666666665	0.1647072141196185	3826.6666666666665
925	9250001	3061	50	0	0.2179436594649253	45	0.22077031463282978	718.3333333333334	0.23024608324795845	1361.6666666666667	0.2199094774543793	2080.3333333333335
926	9260001	2233	50	0	0.1515582895169247	47	0.1735778104472788	788.3333333333334	0.15603668824932068	1191.0	0.14953485204199093	1675.6666666666667
927	9270001	2926	50	0	0.15083911843339765	47	0.1537804346400535	1099.3333333333333	0.15265247612118094	1576.6666666666667	0.14916421939912383	2168.0
928	9280001	3176	50	0	0.19645433983296026	47	0.21189899894962108	1007.3333333333334	0.20822724912017473	1622.6666666666667	0.18955571565374907	2303.3333333333335
929	9290001	3532	50	0	0.1722107505178238	49	0.1804536772537602	1297.6666666666667	0.1816465558728921	2182.0	0.16873994343493695	2944.3333333333335
930	9300001	3258	50	0	0.1465064575897347	49	0.159145250700547	1226.0	0.14889867865801368	1868.6666666666667	0.14656989140305715	2522.0
931	9310001	4822	50	0	0.12160584830877615	59	0.14377105722271677	1600.6666666666667	0.1273199412983529	2458.6666666666665	0.12325354037325063	3531.3333333333335
932	9320001	4507	50	0	0.1784956493457409	53	0.2080074751549494	1463.0	0.19218230593249497	2275.0	0.17570342882727322	3259.0
933	9330001	3736	50	0	0.15585695245383105	52	0.1685625874834024	1146.3333333333333	0.15944541729493153	1819.3333333333333	0.15722243984255735	2682.6666666666665
934	9340001	3066	50	0	0.15472433527399698	54	0.18318014349160308	1111.0	0.16291784299876064	1681.6666666666667	0.1522580851742043	2342.6666666666665
935	9350001	3083	50	0	0.15762347903463644	49	0.1571163311415735	897.3333333333334	0.15727457972777117	1507.6666666666667	0.1573780544705378	2263.3333333333335
936	9360001	2962	50	0	0.1589024740628756	54	0.15354983307988923	871.0	0.15669102405194502	1463.6666666666667	0.16142785090304682	2166.6666666666665
937	9370001	2696	50	0	0.1392752021718112	51	0.16039830719349657	887.3333333333334	0.15198535328915602	1452.3333333333333	0.13746007870471608	2094.3333333333335
938	9380001	884	50	0	0.3114733174302334	39	0.3286233221723327	334.0	0.3116878478618741	509.3333333333333	0.30879727026581677	701.3333333333334
939	9390001	3768	50	0	0.1730244962409453	53	0.17976085840781722	1541.0	0.179297366943609	2360.6666666666665	0.17270658869196412	3085.0
940	9400001	4375	50	0	0.1662002741733277	45	0.17209255671796653	1138.3333333333333	0.1660386129317406	2103.0	0.17019088817678177	3187.3333333333335
941	9410001	3354	50	0	0.1852104668037806	47	0.20085853711522403	1029.0	0.19698065858212346	1768.3333333333333	0.1841356982411078	2527.6666666666665
942	9420001	4935	50	0	0.1850500906931907	48	0.17601207343791844	2085.6666666666665	0.18503412998235488	3176.6666666666665	0.1902888925413028	3985.0
943	9430001	3367	50	0	0.16478738403087648	45	0.16670423813345467	1392.6666666666667	0.16467204314903428	2081.0	0.1651739809350591	2735.0
944	9440001	1257	50	0	0.1984234683491333	43	0.20842148150192105	491.3333333333333	0.18340229803395666	713.6666666666666	0.19956552590698204	944.3333333333334
945	9450001	3369	50	0	0.1449041359522661	49	0.15293505684578212	1106.3333333333333	0.1451462940385525	1866.6666666666667	0.1455933522689162	2653.3333333333335
946	9460001	2636	50	0	0.16813166180231556	52	0.17170605079590984	591.6666666666666	0.157984108167143	1242.0	0.17219896521893407	1941.6666666666667
947	9470001	468	50	0	0.32279548928868473	41	0.3378771599486967	136.0	0.29997378014906934	249.66666666666666	0.31763134877640214	359.3333333333333
948	9480001	4785	50	0	0.17589846802097545	52	0.1595756530743879	1829.3333333333333	0.17440155636185903	2910.6666666666665	0.17472532531644988	3923.6666666666665
949	9490001	4125	50	0	0.21058128322747044	52	0.20006791087034403	1626.6666666666667	0.2115369214739834	2586.3333333333335	0.20867924774188237	3347.0
950	9500001	3809	50	0	0.16440351194583872	46	0.1670985361539344	1883.3333333333333	0.1670444796808992	2577.3333333333335	0.1622957927625053	3127.3333333333335
951	9510001	3400	50	0	0.17851678243822516	44	0.1735427106054178	1611.0	0.172577732969444	2366.3333333333335	0.1762567187737055	2896.3333333333335
952	9520001	3800	50	0	0.1426990451052639	47	0.15168913843705575	1873.3333333333333	0.14210041929528014	2689.3333333333335	0.14375631476033687	3270.6666666666665
953	9530001	3395	50	0	0.17184832712388146	48	0.17101131866038188	1806.0	0.17025541652903955	2521.6666666666665	0.17255833733632672	2973.6666666666665
954	9540001	2824	50	0	0.14231432963294463	50	0.14746577067574437	1487.6666666666667	0.14279904383301043	2114.6666666666665	0.14024375785493515	2463.6666666666665
955	9550001	3417	50	0	0.16533127110078036	42	0.1801356527527338	1993.3333333333333	0.16896565028704238	2714.6666666666665	0.1652928161385725	3034.3333333333335
956	9560001	1454	50	0	0.21534756506709773	67	0.22180581582960168	764.0	0.21449745218171046	1113.3333333333333	0.23115038947682306	1310.0
959	9590001	2899	50	0	0.16945946215635435	46	0.17467012072421065	1624.0	0.1611726078863683	2143.0	0.16872256592909327	2549.0
960	9600001	2184	50	0	0.22564074524568542	52	0.20655203560983346	1435.0	0.22396099949205306	1802.0	0.24318009595392445	2000.3333333333333
961	9610001	4221	50	0	0.1774476395180729	43	0.17916612273306454	1735.0	0.17686609794031607	2487.3333333333335	0.1794876484457716	3328.3333333333335
962	9620001	3217	50	0	0.18241894624314042	48	0.17188684651435568	1343.3333333333333	0.1898385950909908	1927.6666666666667	0.1846780472095431	2530.0
963	9630001	2932	50	0	0.21239149970503945	48	0.22480779075413673	1378.0	0.19920320446913198	2000.6666666666667	0.21839911507137777	2495.3333333333335
964	9640001	4102	50	0	0.22723301797270562	52	0.23175279737447055	2249.3333333333335	0.22508569551328547	3063.0	0.23100571328043615	3575.6666666666665
965	9650001	4359	50	0	0.1431837425512399	57	0.1481779934775335	1974.0	0.14877239279338256	2931.0	0.14309700896519958	3740.6666666666665
966	9660001	3879	50	0	0.14170156768298883	59	0.15340405290027836	1969.6666666666667	0.14322680637943652	2796.0	0.1427652376842573	3388.6666666666665
967	9670001	2548	50	0	0.18786083863359082	52	0.19003012227239788	1404.3333333333333	0.19175350260491975	1939.0	0.1872081545235812	2256.3333333333335
968	9680001	93	24	1	0.14558130898073696	40	0.15863132047992132	19.333333333333332	0.146177957904105	42.666666666666664	0.14541313116113724	57.0
969	9690001	3201	50	0	0.1855796819296151	40	0.17525531968694708	1021.0	0.18796474334688573	1696.3333333333333	0.1872096800474636	2455.3333333333335
970	9700001	2639	50	0	0.16748994709985013	44	0.16858440148255274	1253.6666666666667	0.17060705116090294	1704.6666666666667	0.1676997747102824	2163.0
971	9710001	3973	50	0	0.14252388959070872	48	0.1458293670122234	1508.6666666666667	0.13994916557530646	2249.6666666666665	0.14473502194418394	3093.0
972	9720001	3872	50	0	0.14450543795550774	54	0.15210478562229837	1724.6666666666667	0.14567116217332454	2468.6666666666665	0.14667683796683403	3150.3333333333335
973	9730001	4181	50	0	0.15545488360981363	57	0.15925498574024052	1727.3333333333333	0.15881958676540078	2593.6666666666665	0.1563058137044604	3364.0
974	9740001	4476	50	0	0.15309973832420906	53	0.16902749596251496	1400.3333333333333	0.15273678691533563	2356.3333333333335	0.15894164693351506	3379.6666666666665
975	9750001	1890	50	0	0.15724806718505804	56	0.17765211968924297	769.6666666666666	0.16390932622061608	1145.3333333333333	0.16434535934956854	1542.6666666666667
976	9760001	4099	50	0	0.126098597837362	54	0.13845950141038602	1434.6666666666667	0.12791671285471473	2257.3333333333335	0.12648444475619147	3189.0
977	9770001	3979	50	0	0.12899988611042804	52	0.1359083028380725	1457.6666666666667	0.13513503664552282	2363.3333333333335	0.12810864507663702	3189.0
978	9780001	4244	50	0	0.1555380888171181	43	0.16162633738039234	1378.0	0.16015534235210055	2239.6666666666665	0.15516862845806592	3180.3333333333335
979	9790001	4332	50	0	0.17417244203943624	42	0.17134275351850461	1512.6666666666667	0.17720970507479328	2427.6666666666665	0.17360249485525955	3368.0
980	9800001	3938	50	0	0.13644801037903384	54	0.14845967556043818	1457.6666666666667	0.13864978137415587	2200.0	0.13372101050958304	3021.0
981	9810001	2619	50	0	0.14276699518897157	55	0.15847414368842505	942.3333333333334	0.13990939487428564	1493.3333333333333	0.14300901484908088	2113.0
982	9820001	4474	50	0	0.15448681107775927	58	0.1603594250210815	1320.0	0.15858419992258163	2239.3333333333335	0.15767119614754674	3316.3333333333335
983	9830001	3789	50	0	0.19868096746908137	43	0.2028878471052912	1183.6666666666667	0.20172904779342196	1817.0	0.19998182407154064	2657.0
984	9840001	3203	50	0	0.15000471637668034	47	0.15298257934587292	1056.0	0.15530943633620606	1668.6666666666667	0.1533905269240242	2321.6666666666665
985	9850001	3091	50	0	0.17380286289948438	50	0.17827867645025816	1485.3333333333333	0.17019564039066393	1988.3333333333333	0.17786926107127143	2400.6666666666665
986	9860001	2789	50	0	0.16289439791735605	49	0.17774716134953125	1170.0	0.1642997706850321	1661.3333333333333	0.16681267012321155	2267.6666666666665
987	9870001	4254	50	0	0.13777815786722547	51	0.15728625247196884	1504.6666666666667	0.140262880020693	2360.0	0.13855349446306797	3304.3333333333335
988	9880001	3995	50	0	0.14886262066790631	50	0.1714316123540921	1149.0	0.1489660019970865	1970.3333333333333	0.14511000656063086	2989.6666666666665
989	9890001	3490	50	0	0.1467124358524582	55	0.14246714440054611	810.0	0.15215888186901746	1476.3333333333333	0.14554865207697146	2365.0
990	9900001	2028	50	0	0.15436048891293994	50	0.1781762464205047	611.3333333333334	0.15350394864165165	983.6666666666666	0.15563317789319955	1453.6666666666667
991	9910001	2801	50	0	0.1730347992459533	53	0.1958375496055413	808.3333333333334	0.17555918293145764	1272.3333333333333	0.1703657293442472	1934.0
992	9920001	2877	50	0	0.1846896009771628	57	0.18188993724949012	993.6666666666666	0.19241920277710742	1492.6666666666667	0.18467597159915353	2097.6666666666665
993	9930001	4472	50	0	0.15328323486603204	46	0.18467299654749184	1606.6666666666667	0.16025836175824346	2478.6666666666665	0.15179955501370104	3433.6666666666665
994	9940001	3597	50	0	0.15950573908093743	52	0.16340006506939583	1946.6666666666667	0.16141506728973626	2519.3333333333335	0.15914698053852003	3092.3333333333335
995	9950001	2851	50	0	0.17745910586683233	47	0.17929703578013814	823.3333333333334	0.17051120700587039	1367.6666666666667	0.18087658145205407	2020.6666666666667
996	9960001	4381	50	0	0.12945806789075465	54	0.13121175228805806	1451.0	0.13344270489725613	2173.6666666666665	0.1311841544073479	3140.0
997	9970001	4532	50	0	0.21320310004090337	52	0.19224007754819875	1565.0	0.19193792737700308	2424.0	0.21280846514132004	3387.0
998	9980001	4794	50	0	0.11871030078057665	55	0.12509243328657174	1695.0	0.1231082431835074	2540.6666666666665	0.12047820220977824	3432.6666666666665
999	9990001	5048	50	0	0.16660457045396543	39	0.18098476622661672	1666.6666666666667	0.1662518564269513	2680.3333333333335	0.1668416222726766	3825.6666666666665
1000	10000001	2679	50	0	0.1992046733653428	42	0.20339617861849027	714.0	0.21298163120699912	1213.6666666666667	0.19841392969272212	1763.3333333333333
1001	10010001	3632	50	0	0.1863477537597786	45	0.19466499561485054	1013.3333333333334	0.2126790475896653	1732.6666666666667	0.18773341083266049	2541.3333333333335
1002	10020001	3622	50	0	0.20880503631205827	51	0.22394869304168277	982.3333333333334	0.1963896569794934	1730.3333333333333	0.2154258125184967	2686.6666666666665
1003	10030001	4260	50	0	0.12652021517217454	54	0.1331693611786066	1580.3333333333333	0.1349558406478605	2364.3333333333335	0.12508387368418314	3368.0
1004	10040001	3804	50	0	0.1564088622821023	58	0.16701848093278285	986.0	0.16144640808189123	1894.6666666666667	0.15810226621359066	2959.3333333333335
1005	10050001	3397	50	0	0.14310463386455946	51	0.154054124555055	1118.6666666666667	0.15897805798477183	1995.3333333333333	0.14332489436037285	2768.6666666666665
1006	10060001	3174	50	0	0.16597416768075937	53	0.1798112591892581	837.0	0.1763759650862943	1557.6666666666667	0.16944949578972898	2408.0
1007	10070001	2479	50	0	0.2233462825094097	40	0.23202982874489622	884.3333333333334	0.22371476385173372	1531.3333333333333	0.22883309961006046	2047.0
1008	10080001	4391	50	0	0.15882457978533523	49	0.15551262350201508	1320.3333333333333	0.16151953243684725	2244.6666666666665	0.15914553167911935	3270.0
1009	10090001	3170	50	0	0.25164563192489	47	0.22739994301373503	1162.0	0.23888115189034229	1702.6666666666667	0.24884638648073973	2391.0
1010	10100001	2485	50	0	0.1460893433689337	56	0.15254003398969207	779.3333333333334	0.15140246227187149	1295.0	0.14555501911173044	1895.3333333333333
1011	10110001	3235	47	0	0.2170086509320056	49	0.2420509184386396	556.0	0.21303563287177837	1267.6666666666667	0.2202968639439841	2148.6666666666665
1012	10120001	2642	47	0	0.16346293477057747	49	0.16390518083828617	636.3333333333334	0.16592694115669906	1180.6666666666667	0.16232789059412794	1792.6666666666667
1013	10130001	4550	50	0	0.14352832329986692	50	0.15420026353802843	1424.0	0.14537737725080674	2222.6666666666665	0.14645798580542024	3289.6666666666665
1014	10140001	2792	50	0	0.1620730334225676	55	0.16994164220453553	852.6666666666666	0.16519890072342452	1480.6666666666667	0.16116188780798849	2120.6666666666665
1015	10150001	2012	50	0	0.1548909074450621	52	0.17069681359657882	660.0	0.1594409336968404	1017.3333333333334	0.15607355498219908	1406.6666666666667
1016	10160001	2581	50	0	0.22232073628102367	43	0.21388335951336376	612.0	0.21414266486312528	981.0	0.21231315165224687	1471.3333333333333
1017	10170001	3611	50	0	0.15621205767444535	61	0.1592999721878978	1419.6666666666667	0.1546629268551402	2111.0	0.15233742798109753	2801.3333333333335
1018	10180001	4103	50	0	0.17611745273751042	50	0.19655103812397554	1571.6666666666667	0.18176141234346002	2364.0	0.1745149008703494	3115.0
1019	10190001	3744	50	0	0.22764817514721736	40	0.2185830166898611	1381.6666666666667	0.23054337742808065	2092.3333333333335	0.22844779190339815	2801.6666666666665
1020	10200001	5166	50	0	0.15019931942005235	51	0.15688291964928056	1697.0	0.154739477635545	2819.0	0.15241024877814535	3947.3333333333335
1021	10210001	4138	50	0	0.1876447962290358	54	0.19128282426787302	1614.3333333333333	0.18301818235300615	2436.6666666666665	0.18967898115459114	3312.3333333333335
1022	10220001	4231	50	0	0.16235676038644742	49	0.1544975935387476	1435.3333333333333	0.16187055167260864	2258.3333333333335	0.15984383938167782	3164.0
1023	10230001	3200	50	0	0.17117846039819481	47	0.1698769026791501	1047.6666666666667	0.1676137884948229	1696.6666666666667	0.17365159040448663	2420.0
1024	10240001	3735	50	0	0.16837245901528297	53	0.16489119598318888	1024.6666666666667	0.1701301194235121	1831.6666666666667	0.1647033581087615	2704.6666666666665
1025	10250001	4023	50	0	0.16127736219090574	59	0.15573587068519054	1572.6666666666667	0.1718499501977717	2403.0	0.1644339892305804	3199.0
1026	10260001	3594	50	0	0.19003742813453886	44	0.18497325976650972	1354.3333333333333	0.1960448027621624	2085.0	0.1902485193756928	2842.0
1027	10270001	1753	50	0	0.18488098708497597	46	0.1732019993924735	373.0	0.1845454359306339	744.3333333333334	0.18932082690264673	1165.0
1028	10280001	3011	50	0	0.14502427831523262	56	0.16434615819307188	1220.3333333333333	0.14374114776235034	1813.6666666666667	0.14364900737320155	2396.6666666666665
1029	10290001	3816	50	0	0.17886886543856587	54	0.18700003752469732	1318.6666666666667	0.1901350398124622	2044.3333333333333	0.1775078331122808	2901.0
1030	10300001	342	22	0	0.2336443309567942	28	0.29386364921176394	29.666666666666668	0.2393826267363646	93.0	0.2393365179705116	202.33333333333334
1031	10310001	1431	50	0	0.1839450400883484	50	0.20356360797259065	653.6666666666666	0.1772892679837237	911.6666666666666	0.18544593822225797	1157.6666666666667
1032	10320001	3323	50	0	0.13209543179616332	50	0.1392097537325158	1168.0	0.13357495273328748	1811.3333333333333	0.134090764951161	2614.3333333333335
1033	10330001	20	8	1	0.28321076148249724	12	0.41050755122704863	3.0	0.3726844073323672	6.666666666666667	0.28863549407360917	13.333333333333334
1034	10340001	2497	50	0	0.1373349254613233	48	0.14255712575678567	604.3333333333334	0.13366362005164537	1132.6666666666667	0.13833165679116696	1785.3333333333333
1035	10350001	1863	50	0	0.1470928868649053	53	0.15035319122247626	678.6666666666666	0.15240107760567023	997.6666666666666	0.14746252807266227	1411.0
1036	10360001	2746	50	0	0.1561414390109582	46	0.1681199234368271	836.0	0.1704675564753131	1335.3333333333333	0.15180014582226742	1972.0
1037	10370001	4235	50	0	0.11966595340970845	47	0.12758576283164605	1460.3333333333333	0.12513524830330322	2233.0	0.12087539996858825	3076.3333333333335
1038	10380001	2384	50	0	0.20898621437701959	48	0.2105593759035956	955.0	0.21834399037343086	1343.6666666666667	0.21145691444084355	1713.6666666666667
1039	10390001	4088	50	0	0.167313490669539	48	0.16688372907079665	1609.6666666666667	0.1677340678620751	2440.6666666666665	0.16611304149755166	3179.6666666666665
1040	10400001	4503	50	0	0.15407585745522065	57	0.16534845313326008	2133.6666666666665	0.15730819894604284	3197.6666666666665	0.15911705270946108	3856.0
1041	10410001	5597	50	0	0.14199448381922697	55	0.15208214797102648	2090.3333333333335	0.13269260080615639	3313.0	0.1425591033488309	4345.0
1042	10420001	3821	50	0	0.1289769552164801	56	0.13361601396816014	1375.6666666666667	0.1259188360411576	2327.0	0.127160311990944	3134.3333333333335
1043	10430001	4210	50	0	0.13537313374476334	55	0.13720261568445313	1555.0	0.13586729339114925	2595.0	0.1357858377118312	3446.0
1044	10440001	2418	50	0	0.12789283856618297	47	0.15335289667887023	776.0	0.13139139781235676	1335.0	0.12885469035965386	1882.0
1045	10450001	3903	50	0	0.15408325578266105	58	0.17336281737606452	990.3333333333334	0.153348635595851	1893.3333333333333	0.15132491890148328	2869.6666666666665
1046	10460001	4157	50	0	0.137883606921509	57	0.13741792354300703	1822.3333333333333	0.1431274954669168	2627.0	0.14127588943491787	3345.0
1047	10470001	2680	50	0	0.1978659704232062	44	0.18390559206630905	970.3333333333334	0.19950138792524588	1514.0	0.20228304586873838	2119.3333333333335
1048	10480001	4445	50	0	0.14757894814228514	57	0.16028731850361325	1570.3333333333333	0.15024831581908757	2581.3333333333335	0.14442321738020225	3604.6666666666665
1049	10490001	3805	50	0	0.1448532673781236	51	0.13947423352699775	1514.6666666666667	0.14549843222339212	2323.0	0.1487069779954005	3084.0
1050	10500001	3729	50	0	0.12526240875769587	54	0.12711262311027252	1436.3333333333333	0.12882764997244192	2201.3333333333335	0.1258273541279359	2965.0
1051	10510001	3313	50	0	0.12182557703362279	57	0.12729976845119287	1632.3333333333333	0.13086937843164173	2314.6666666666665	0.12369467440670423	2807.6666666666665
1052	10520001	1427	50	0	0.14914719747608576	43	0.16563147179281718	505.0	0.14996928086723024	768.0	0.1494298457804211	1009.6666666666666
1053	10530001	1049	50	0	0.21462116848650353	49	0.25094668888081734	459.6666666666667	0.18271354631685224	648.0	0.20261931703700983	834.6666666666666
1054	10540001	4593	50	0	0.27697371860682496	61	0.29265780040229744	1454.6666666666667	0.27611649491211515	2417.3333333333335	0.27404161982525416	3466.6666666666665
1055	10550001	4653	50	0	0.18330584727431032	59	0.18945091854973986	1635.0	0.1832794671213751	2577.0	0.18868744609673607	3601.0
1056	10560001	4289	50	0	0.16497955797101088	54	0.17774998786413312	1359.3333333333333	0.16579740433566703	2356.0	0.1680733347463543	3421.6666666666665
1057	10570001	3803	50	0	0.13845108943213627	61	0.13919725186232546	1342.0	0.13773472002557233	2098.3333333333335	0.1335685109495323	2959.3333333333335
1058	10580001	4364	50	0	0.253506808563018	49	0.2729668540791752	1665.6666666666667	0.25498903633742676	2416.0	0.2534772856823698	3240.0
1059	10590001	1529	50	0	0.1688943774011933	45	0.17852662971060304	247.0	0.17265020292412683	521.0	0.1751504985749773	905.6666666666666
1060	10600001	2458	50	0	0.15668027953129565	50	0.1587841412776052	418.3333333333333	0.15214127553187784	888.6666666666666	0.1578435110464997	1596.3333333333333
1061	10610001	1598	50	0	0.18883034433346396	43	0.20941707565819026	423.0	0.1959720499478561	688.3333333333334	0.18718279044357822	1046.6666666666667
1062	10620001	4006	50	0	0.1315803557512676	51	0.14067756831310788	1155.6666666666667	0.13210692155365486	1957.0	0.13433663399314733	2847.6666666666665
1063	10630001	3756	50	0	0.11257106472083576	56	0.12340601719565415	1379.0	0.11872926701279109	2143.3333333333335	0.1114514084573705	2963.3333333333335
1064	10640001	3931	50	0	0.13532886878094622	52	0.1471703424627502	1504.3333333333333	0.1334780418236214	2319.6666666666665	0.13713980553082544	3191.3333333333335
1065	10650001	3636	50	0	0.13996535301623797	48	0.14857336101896348	1317.3333333333333	0.14086178843414018	2086.6666666666665	0.14188172512339856	2809.3333333333335
1066	10660001	4211	50	0	0.14204793491224127	55	0.15126134160870702	1413.6666666666667	0.1443897766973835	2243.3333333333335	0.14672817311072728	3041.0
1067	10670001	3355	50	0	0.1370134786866056	55	0.1485988424636537	1325.0	0.13785800988209929	2106.3333333333335	0.13695907651489203	2773.0
1068	10680001	4434	50	0	0.17327378066862667	49	0.182008938841001	1458.3333333333333	0.1769952243627643	2287.3333333333335	0.17403148538691757	3313.3333333333335
1069	10690001	3191	50	0	0.1877817616988311	46	0.1879446527561489	796.6666666666666	0.18417722671133796	1414.6666666666667	0.18251657788690315	2238.3333333333335
1070	10700001	3158	50	0	0.1871052468599036	46	0.18359021871538195	937.6666666666666	0.18301444750507603	1626.6666666666667	0.17810643401296644	2391.3333333333335
1071	10710001	3896	50	0	0.15479359964814043	41	0.16519376223250662	1684.6666666666667	0.15907377600449676	2374.0	0.1576413751762282	3139.3333333333335
1072	10720001	3189	50	0	0.15615845316759233	50	0.1702650705144095	1269.3333333333333	0.15891500129941574	1860.0	0.15558191047926317	2407.0
1073	10730001	3815	50	0	0.15667869912223073	40	0.16366836156111855	1648.6666666666667	0.161181594685199	2264.3333333333335	0.15671761615541024	2914.6666666666665
1074	10740001	4325	50	0	0.18775772066309562	53	0.21215670817543333	1879.6666666666667	0.20087961633304352	2656.0	0.18782567404977002	3463.6666666666665
1075	10750001	3768	50	0	0.14246071066298194	55	0.14637515161808165	1631.6666666666667	0.14579612605842476	2324.3333333333335	0.14115936561953812	3003.6666666666665
1076	10760001	3376	50	0	0.15386547948082646	52	0.15859235905470007	1665.3333333333333	0.1506153820611332	2269.6666666666665	0.1523086037808507	2821.0
1077	10770001	2720	50	0	0.23395974914892242	46	0.21537817119155223	1311.3333333333333	0.22036917808449638	1847.6666666666667	0.23301069193234414	2315.3333333333335
1078	10780001	4405	50	0	0.20267609163487163	55	0.22064542130983975	2138.0	0.21706706636968545	3050.0	0.20199314749027408	3777.6666666666665
1079	10790001	3608	50	0	0.17606234605704307	43	0.18275372184426117	1584.6666666666667	0.1770676683983142	2340.6666666666665	0.17498135574971507	2997.0
1080	10800001	3202	50	0	0.19790720087713423	49	0.20642402578472596	1753.6666666666667	0.20262666915475316	2466.3333333333335	0.19647138288226315	2923.6666666666665
1081	10810001	2725	50	0	0.1570114900206964	57	0.16426592330415501	1090.3333333333333	0.16399335041504703	1608.3333333333333	0.1585312410780422	2157.6666666666665
1082	10820001	3345	50	0	0.15624025871382613	54	0.16122591910334558	1479.6666666666667	0.1557939397120182	2196.3333333333335	0.1601638015263462	2841.3333333333335
1083	10830001	2731	50	0	0.15357353487983283	48	0.1582799605030286	849.6666666666666	0.1570552193562863	1361.6666666666667	0.1541532210168313	2097.3333333333335
1084	10840001	3420	50	0	0.14036925602900122	49	0.14836400593303742	1466.0	0.14015827771321107	2112.0	0.14180324317867724	2786.0
1085	10850001	3266	50	0	0.17623062467163988	43	0.18751870649444657	1163.6666666666667	0.17244151026190643	1720.3333333333333	0.17616536350887238	2452.0
1086	10860001	3632	50	0	0.1533359441851088	53	0.1628510633927437	1281.6666666666667	0.15168777164680533	1948.3333333333333	0.1554407310180361	2784.3333333333335
1087	10870001	3061	50	0	0.1798005291147942	48	0.18133179609200345	1117.0	0.17105165826619415	1829.0	0.1804222968536792	2554.6666666666665
1088	10880001	3729	50	0	0.21618921216472362	51	0.2147791339958286	1395.0	0.2267757838602543	2226.6666666666665	0.2134762996226247	3033.0
1089	10890001	4140	50	0	0.2064916864515636	43	0.21267469208720602	1364.3333333333333	0.20840688943446614	2223.3333333333335	0.20782963466029036	3185.6666666666665
1090	10900001	3267	50	0	0.19373089975538096	52	0.19876675330979263	1123.3333333333333	0.19697566490634533	1813.0	0.18863735729649608	2508.3333333333335
1091	10910001	1816	50	0	0.24049866832235708	42	0.23955226143594455	502.3333333333333	0.23078321938246507	904.3333333333334	0.23661050611227016	1344.3333333333333
1092	10920001	1334	50	0	0.19651441861789556	42	0.19539231431314982	422.0	0.18852784311432758	666.0	0.2030432111288286	984.6666666666666
1093	10930001	1372	50	0	0.20950999930856937	47	0.201608090451845	358.6666666666667	0.2047759069676237	657.6666666666666	0.21355074937427324	1002.3333333333334
1094	10940001	4563	50	0	0.14546440087648096	43	0.15422654908256975	1432.3333333333333	0.14847230669351918	2450.3333333333335	0.1445243882973318	3557.3333333333335
1095	10950001	3653	50	0	0.15219336845775602	47	0.1723974097754221	929.6666666666666	0.16199149622385625	1592.6666666666667	0.16061425688201444	2472.3333333333335
1096	10960001	2754	50	0	0.12862816005847152	46	0.140639974499822	785.6666666666666	0.139552451873319	1240.3333333333333	0.12735608328633993	1863.3333333333333
1097	10970001	2566	50	0	0.18279443378610957	49	0.17460789965403356	866.6666666666666	0.18197664516553055	1352.0	0.18204854912955137	1901.3333333333333
1098	10980001	2871	50	0	0.17642131509029277	50	0.19437131135807675	580.3333333333334	0.1795430504494242	1201.0	0.17514650342587781	1982.6666666666667
1099	10990001	3346	50	0	0.16137673862982274	50	0.2029477442195418	1200.6666666666667	0.16473138860641523	1940.6666666666667	0.17054661990378236	2599.6666666666665
1100	11000001	1912	50	0	0.19030848422516392	38	0.2017044921611273	461.3333333333333	0.19695777905728373	845.6666666666666	0.19030307199448102	1357.6666666666667
1101	11010001	222	21	0	0.20445340676466695	30	0.2518125265660118	23.0	0.21951872624902438	67.0	0.21078153802316268	134.33333333333334
1102	11020001	702	50	0	0.17766328437861556	36	0.1914833725533989	149.0	0.19060500837475522	303.3333333333333	0.18077006646171787	508.0
1103	11030001	2642	50	0	0.1797543362841589	40	0.19846119091899647	1015.6666666666666	0.18231658320176472	1584.6666666666667	0.17958045810418688	2180.0
1104	11040001	1854	50	0	0.21759588118210302	50	0.21469413267606716	712.3333333333334	0.21887881406070017	1003.6666666666666	0.2232669603649987	1426.3333333333333
1105	11050001	3046	50	0	0.16706863686562404	54	0.18409518597400534	812.6666666666666	0.16327367821243058	1524.0	0.16509344319230926	2331.3333333333335
1106	11060001	2762	50	0	0.15341515472176395	49	0.16077880329347097	682.3333333333334	0.15670990369105783	1225.0	0.1561730036721771	1985.0
1107	11070001	6013	50	0	0.14131822702887686	53	0.14138275899232053	1924.0	0.1385706484888263	3040.3333333333335	0.14267328337812	4538.333333333333
1108	11080001	4289	50	0	0.13475709248673245	47	0.1509579224169608	1509.3333333333333	0.13696279543619716	2432.6666666666665	0.1353056599490696	3480.6666666666665
1109	11090001	943	50	0	0.1822083137523061	37	0.22052612327073853	161.0	0.19092172409769673	325.3333333333333	0.183560544223386	554.0
1110	11100001	1325	50	0	0.20630930572597475	43	0.23142587634721132	404.6666666666667	0.20502191217245003	647.3333333333334	0.20480952043178444	914.0
1111	11110001	3227	50	0	0.1347905775792311	47	0.1735286737958057	997.6666666666666	0.14239987847604396	1552.0	0.13677435949637404	2348.3333333333335
1112	11120001	1397	50	0	0.28265117369084525	41	0.2626755235263754	404.6666666666667	0.28022886980852285	665.0	0.2833874521537543	1027.0
1113	11130001	1421	50	0	0.2842588772131413	34	0.3090065418333587	260.0	0.27411509221998487	526.6666666666666	0.28489487455387114	899.0
1114	11140001	2435	50	0	0.16241556091798193	48	0.1773850490972023	639.0	0.16486387051041645	1118.6666666666667	0.1611128653462093	1759.6666666666667
1115	11150001	2158	50	0	0.20483133048600566	43	0.18994641253842956	801.3333333333334	0.19828951800755265	1346.3333333333333	0.20671996848669918	1816.6666666666667
1116	11160001	2893	50	0	0.1917742214697571	48	0.18010932040581829	1153.3333333333333	0.19564130603589905	1802.0	0.19063066382402752	2389.0
1117	11170001	901	50	0	0.19547734446467993	33	0.2417705166516065	295.6666666666667	0.20924096097508238	477.3333333333333	0.19140841257454536	682.6666666666666
1118	11180001	3726	50	0	0.16680062836611625	47	0.17865979290162717	1449.3333333333333	0.16523516447397466	2189.6666666666665	0.16591205800434605	3009.3333333333335
1119	11190001	4285	50	0	0.178993821508369	45	0.1766916210557626	1327.6666666666667	0.18363503312307752	2263.0	0.1759192251092386	3226.6666666666665
1120	11200001	2288	50	0	0.1520573661449862	44	0.17211190525006245	674.3333333333334	0.16024670599323754	1130.6666666666667	0.1529114258475263	1690.0
1121	11210001	3064	50	0	0.17920146964923045	45	0.21499697822332786	942.0	0.18272611197625835	1575.0	0.17910018676870357	2252.3333333333335
1122	11220001	987	50	0	0.18526846043988657	39	0.19675743400868143	264.0	0.19181107449807344	472.3333333333333	0.18477983162319334	719.3333333333334
1123	11230001	2054	50	0	0.19354385830005522	45	0.1909685633037629	490.0	0.19665229978647336	1002.3333333333334	0.1932598776187915	1629.0
1124	11240001	1111	50	0	0.15533297802691454	43	0.15938507917202385	280.3333333333333	0.15677685910832984	569.6666666666666	0.15596088026833432	873.0
1125	11250001	3387	50	0	0.14901171993547446	53	0.15850875351527077	1227.3333333333333	0.15052616756291495	1988.0	0.150669539780634	2766.6666666666665
1126	11260001	4414	50	0	0.1571326087593789	45	0.17000535723230026	955.6666666666666	0.16638575305007677	1969.6666666666667	0.15624980103500485	3177.0
1127	11270001	2559	50	0	0.1648184374593875	48	0.1668885123879136	787.6666666666666	0.16674765031672115	1250.3333333333333	0.1665807196013099	1898.3333333333333
1128	11280001	55	19	1	0.23341461506434055	23	0.45586669560573106	4.333333333333333	0.270863405613796	16.0	0.2623748422312172	31.333333333333332
1129	11290001	995	46	0	0.20897974326273258	36	0.20824257139585967	151.66666666666666	0.22151505640308022	357.0	0.21158281151390965	641.0
1131	11310001	4	0	1		0		0.0		0.0		0.0
1132	11320001	1589	50	0	0.151378238462007	48	0.16620699068992328	413.0	0.15502395394943597	737.0	0.1516349215618281	1171.6666666666667
1133	11330001	2492	50	0	0.17848223925489712	48	0.19432956940301901	593.3333333333334	0.18017693773335056	1087.3333333333333	0.18199990069672767	1742.0
1134	11340001	2461	50	0	0.1434604855439813	50	0.13912592137793678	449.3333333333333	0.1480507926980188	885.6666666666666	0.14303434726615016	1575.6666666666667
1135	11350001	2095	50	0	0.16841344652354492	44	0.17645391066536853	683.6666666666666	0.16999429743499106	1191.6666666666667	0.17153884528399246	1705.0
1136	11360001	3935	50	0	0.14596135965843152	47	0.14634914939572827	908.6666666666666	0.14957821684762165	1648.0	0.1442869206087626	2565.3333333333335
1137	11370001	3536	50	0	0.1151081113651866	50	0.12749379390591722	1367.3333333333333	0.1172713320443386	2240.6666666666665	0.11661355400138411	2989.3333333333335
1138	11380001	3001	50	0	0.15340763525048606	45	0.1534141055785633	605.0	0.15590286084656144	1250.6666666666667	0.15347932707544454	2080.0
1139	11390001	4617	50	0	0.20282979985187854	48	0.19867639431287912	1087.3333333333333	0.20843642453428526	1879.0	0.19981544399348272	3031.0
1140	11400001	2621	50	0	0.19978630271960124	40	0.20151923741447977	773.6666666666666	0.20492891819933243	1208.0	0.19969096248147297	1789.3333333333333
1141	11410001	2699	50	0	0.16976353024018329	40	0.1766496724699114	814.3333333333334	0.16949200013032273	1442.3333333333333	0.1711388524638859	2114.6666666666665
1142	11420001	2274	50	0	0.18252728630306664	41	0.18486858083383098	579.3333333333334	0.1827833940432773	1019.0	0.17948764609664583	1629.3333333333333
1143	11430001	4156	50	0	0.19821683776240295	40	0.21095267854459052	981.6666666666666	0.1980507975542278	1914.0	0.19938600004234772	3111.3333333333335
1144	11440001	4015	50	0	0.21733034730275197	38	0.21850443236567038	1090.6666666666667	0.22072060611163233	2021.0	0.2185104628218384	3077.3333333333335
1145	11450001	244	50	0	0.3854347464329237	30	0.39116051717979056	70.66666666666667	0.36422459381442535	130.0	0.401472515305294	189.66666666666666
1146	11460001	2934	50	0	0.18344045500143294	43	0.186417370346853	1120.6666666666667	0.18359017191362711	1798.6666666666667	0.18417806282961666	2435.0
1147	11470001	2225	48	0	0.21262016842207254	40	0.2236789954797926	397.0	0.21722887989932263	882.6666666666666	0.21135216922450328	1512.3333333333333
1148	11480001	1321	42	0	0.32099282347374497	23	0.3165755411802704	232.0	0.3332968634040457	544.0	0.31376616274604174	907.3333333333334
1149	11490001	5	3	1	0.5454356057317857	4	0.6928203230275509	0.3333333333333333	0.6975824757472164	1.0	0.5760512924386575	3.0
1150	11500001	264	39	0	0.1500857762512417	48	0.1735946898752985	54.0	0.14182326730982475	123.0	0.14981318549384856	193.66666666666666
1152	11520001	173	50	1	0.20146218802773055	32	0.21536801531048141	46.666666666666664	0.21440057398433418	86.33333333333333	0.19844900213931083	135.66666666666666
1153	11530001	4469	50	0	0.1558117430579939	45	0.15558475827090218	1358.6666666666667	0.15937146477329917	2376.0	0.15549985040161	3424.6666666666665
1154	11540001	3235	50	0	0.16693338837383456	45	0.17244397292233893	924.3333333333334	0.1731531722787675	1700.0	0.17421808791306947	2499.3333333333335
1155	11550001	3073	50	0	0.21860286213295477	38	0.22029256095262617	1113.6666666666667	0.22605568853293603	1872.6666666666667	0.21611901819760884	2544.6666666666665
1156	11560001	4315	50	0	0.14470797900945417	47	0.14890005789979147	1319.6666666666667	0.14638705463482132	2254.0	0.1452718825938201	3260.6666666666665
1157	11570001	1597	50	0	0.2667768489494525	35	0.284551130731773	469.0	0.26424065037937466	819.3333333333334	0.262399741893164	1196.6666666666667
1158	11580001	2993	50	0	0.2061187181474742	43	0.20476417103784825	584.6666666666666	0.2022406651414357	1286.6666666666667	0.212306585994778	2144.6666666666665
1159	11590001	1910	50	0	0.1841193235573397	39	0.2036916006633017	312.0	0.18271151529328256	722.3333333333334	0.18680898113283018	1328.3333333333333
1160	11600001	3378	50	0	0.1991924572392917	43	0.20249618741335795	1096.3333333333333	0.1972646700632982	1883.3333333333333	0.203852293783804	2605.6666666666665
1161	11610001	1948	50	0	0.1646721664867907	44	0.16588952651052724	653.6666666666666	0.1674629853876378	1050.0	0.1667488210311403	1544.0
1162	11620001	4817	50	0	0.16744486008902987	51	0.18363102807040146	1495.0	0.1842069251541326	2574.0	0.17066615118510708	3648.6666666666665
1163	11630001	3673	50	0	0.14005505641584715	50	0.15378623576719255	1099.3333333333333	0.1449744288364534	1813.3333333333333	0.1393843284595929	2765.0
1164	11640001	1234	50	0	0.17528641846397156	44	0.17343417101933642	415.3333333333333	0.1616366825154816	659.6666666666666	0.16769353185012814	951.6666666666666
1165	11650001	2868	50	0	0.14965888098343824	53	0.14475727110142778	752.0	0.14704115137441442	1462.0	0.15092955252697082	2253.3333333333335
1166	11660001	2833	50	0	0.19774920380443323	43	0.18978233257186505	961.3333333333334	0.18652685614969577	1647.6666666666667	0.20631767743401055	2346.6666666666665
1167	11670001	2302	50	0	0.16093756752724275	40	0.16765854963068585	650.3333333333334	0.1676705865125736	1263.0	0.15903888899954166	1853.0
1168	11680001	1973	50	0	0.1980310070183581	36	0.21206359061857852	475.6666666666667	0.19960214932469686	818.6666666666666	0.1934610412300987	1364.0
1169	11690001	3022	50	0	0.20860902076243254	42	0.19618970805699978	904.0	0.2095270622971007	1560.6666666666667	0.20862617733046154	2291.0
1170	11700001	9	6	1	0.3829708545159558	6	0.6217412661287912	1.3333333333333333	0.5398723622841285	2.3333333333333335	0.4751338141562523	5.666666666666667
1171	11710001	3776	50	0	0.1441102665821539	53	0.15624665092062048	1268.0	0.13647198983350187	2042.6666666666667	0.14820326179501908	2940.6666666666665
1172	11720001	2444	50	0	0.16436549636997352	43	0.1694234571889782	796.0	0.1653463892093212	1318.0	0.17003136775183295	1877.0
1173	11730001	1246	50	0	0.1369066888352759	49	0.16116159864906296	409.0	0.14602965234716994	668.0	0.13663643208445075	937.6666666666666
1174	11740001	3917	50	0	0.16351988858913527	47	0.16682258129402108	1030.3333333333333	0.15794091451530312	1717.6666666666667	0.16436311576907145	2777.0
1175	11750001	3056	50	0	0.15671773437315817	45	0.14917359362692273	979.3333333333334	0.14683672658044375	1638.0	0.15946628112337702	2247.0
1176	11760001	4025	50	0	0.12690279054162984	49	0.13187815491248356	1381.6666666666667	0.12733482658913706	2333.0	0.1283841542857287	3171.0
1177	11770001	1594	50	0	0.1530105855212943	49	0.16503017024535818	535.3333333333334	0.15712000103616766	928.3333333333334	0.15870242880239305	1263.0
1178	11780001	2310	50	0	0.15694018751014222	47	0.14338039904735303	690.3333333333334	0.1596231191957245	1193.6666666666667	0.14867422454642676	1731.3333333333333
1179	11790001	2592	50	0	0.16940100899178825	50	0.1886657797986571	932.6666666666666	0.1716333384514818	1465.3333333333333	0.16454457168806266	2064.0
1180	11800001	850	50	0	0.24110312803504796	35	0.25696710537903306	344.6666666666667	0.24936831871023668	529.0	0.27031785947122383	696.6666666666666
1181	11810001	654	50	0	0.22444203099144708	39	0.21377032252912823	129.33333333333334	0.23052390452733199	275.3333333333333	0.22773315133248426	456.0
1182	11820001	3362	50	0	0.161469216377534	43	0.16919751380286976	933.6666666666666	0.1626509256403829	1651.0	0.16268443061858825	2449.6666666666665
1183	11830001	1001	50	0	0.23276575135109365	30	0.2311785282403954	283.3333333333333	0.23482215003177528	462.3333333333333	0.2341272606977213	700.0
1184	11840001	2315	50	0	0.16699080491430926	49	0.16356811809478233	1008.3333333333334	0.16530260880947667	1402.6666666666667	0.16464377825334361	1827.0
1185	11850001	3026	50	0	0.13644266206565017	53	0.14271187967017498	1297.0	0.14385571458772364	1945.0	0.13742403477135454	2607.0
1186	11860001	1902	50	0	0.17832537793874279	47	0.18141443099186916	571.0	0.17367758196437402	990.3333333333334	0.18077949933575496	1505.0
1187	11870001	2230	50	0	0.19270192695961474	47	0.1683922430714686	853.0	0.20881309347777774	1358.6666666666667	0.20558650471356107	1882.6666666666667
1188	11880001	2251	50	0	0.1538052922537715	50	0.16297467137177535	874.6666666666666	0.164179610717376	1396.3333333333333	0.15700138694062163	1869.0
1189	11890001	32	7	1	0.31363567218156274	11	0.4502481067426027	1.6666666666666667	0.30914986785597426	8.666666666666666	0.3259004958079467	19.333333333333332
1190	11900001	1704	50	0	0.22563436441735688	35	0.22353712268185225	594.0	0.23046380851519754	948.3333333333334	0.21982613740337406	1361.6666666666667
1191	11910001	1073	50	0	0.22809967273593795	33	0.2157407982635364	314.0	0.22910329059840917	565.3333333333334	0.22580649928972218	855.6666666666666
1192	11920001	3023	50	0	0.1467331534433706	54	0.1498711414271561	987.6666666666666	0.14758910394851185	1676.0	0.14662184686583757	2406.3333333333335
1193	11930001	2860	50	0	0.17892233002151892	38	0.19056975603723106	1169.3333333333333	0.17376675009030096	1676.6666666666667	0.1751971560893635	2213.0
1194	11940001	3006	50	0	0.17272208165551475	54	0.1834107222647802	954.0	0.1671430328983048	1671.6666666666667	0.1708644583163107	2404.6666666666665
1195	11950001	891	50	0	0.28517995888042375	29	0.29553708402322854	194.0	0.3046425366746366	382.6666666666667	0.2854652701975316	623.0
1196	11960001	2988	50	0	0.16370529765781083	48	0.1787342570226258	772.6666666666666	0.16122614740594207	1515.6666666666667	0.16288597409332786	2364.0
1197	11970001	2450	50	0	0.18884770072585	44	0.1910104697698043	844.0	0.18573781804604184	1349.3333333333333	0.1922461720592402	1841.3333333333333
1198	11980001	643	50	0	0.21814125859380473	44	0.25489277223920964	156.33333333333334	0.21916723431703722	294.0	0.2088954488091811	461.6666666666667
1199	11990001	1462	50	0	0.1525533576853474	52	0.16575329498727953	314.3333333333333	0.1627161961324427	581.0	0.15139063845863368	1012.3333333333334
1200	12000001	2363	50	0	0.15850828751353474	56	0.17313069227862843	519.6666666666666	0.1524078389227064	1032.0	0.15224230146708362	1676.6666666666667
1201	12010001	498	45	0	0.20105845684616308	53	0.21576123955110063	82.0	0.19644924769832728	194.0	0.20237536489476918	347.6666666666667
1202	12020001	1704	50	0	0.16220498451239573	52	0.18899755833218687	634.0	0.1642935178259757	1027.0	0.16297759987978125	1394.6666666666667
1203	12030001	224	50	0	0.15940654546804706	43	0.24162164097018868	83.0	0.20006811183674023	135.66666666666666	0.15214945107699274	177.66666666666666
1204	12040001	2042	50	0	0.22883563939764434	44	0.22324687620986813	544.3333333333334	0.227531841093816	943.6666666666666	0.2327253487900397	1393.0
1205	12050001	3979	50	0	0.13519180157866634	52	0.15247537891387655	1614.6666666666667	0.13994915018526455	2567.3333333333335	0.13574532417637145	3378.3333333333335
1206	12060001	2950	50	0	0.20223893164657755	48	0.20522952112964812	1085.0	0.1954994784211752	1713.0	0.1989784224207504	2389.6666666666665
1207	12070001	2531	50	0	0.15493482469800055	44	0.1618270214700049	924.6666666666666	0.1593902148165491	1473.3333333333333	0.15279492005100345	2003.3333333333333
1208	12080001	2422	50	0	0.1552485895475078	44	0.17339644431833814	757.6666666666666	0.1631918386641336	1259.3333333333333	0.1540912299725255	1801.6666666666667
1209	12090001	2231	50	0	0.1767191164656923	48	0.17159404283684324	905.3333333333334	0.18009576750795617	1374.0	0.17738180703372428	1835.0
1210	12100001	4353	50	0	0.17669330028179367	42	0.16244542804634332	1355.0	0.17936905980595133	2324.6666666666665	0.18002002651219792	3501.3333333333335
1211	12110001	5083	50	0	0.18621497896105768	56	0.18878179782182636	1882.6666666666667	0.1835122245653661	3101.0	0.1847533602320837	4362.666666666667
1212	12120001	4546	50	0	0.15554462364197147	50	0.16696744584222478	1586.0	0.15960108508112378	2765.0	0.1557672857380952	3854.0
1213	12130001	2180	50	0	0.1527039688110138	48	0.16180198293454653	531.0	0.15626938338994156	1105.0	0.1546642466011601	1711.6666666666667
1214	12140001	1891	50	0	0.18185730371633527	48	0.17849704879125136	762.3333333333334	0.19013895243696602	1209.0	0.1817400079203866	1607.3333333333333
1215	12150001	3765	50	0	0.12472456494503885	56	0.1411538437274201	1078.3333333333333	0.13121095489958015	1998.3333333333333	0.12489028932135744	2998.6666666666665
1216	12160001	362	50	0	0.21584649629909736	39	0.22348557563420748	72.66666666666667	0.2103991751124206	155.66666666666666	0.21814404818254354	274.0
1217	12170001	1090	50	0	0.22382162888969678	35	0.2071326069397141	319.3333333333333	0.2388360537533496	584.3333333333334	0.2229641776951287	864.3333333333334
1218	12180001	1441	50	0	0.1373142712619733	52	0.1552411177592324	327.0	0.14832240225194057	665.6666666666666	0.14111964856460457	1095.3333333333333
1219	12190001	1851	50	0	0.15701428245094984	53	0.1846068974719041	508.6666666666667	0.16218333812929808	942.3333333333334	0.1569768589963152	1451.3333333333333
1220	12200001	3541	50	0	0.14160379276417434	49	0.15272535861981854	1249.6666666666667	0.14283592373208462	2079.6666666666665	0.1428936413194282	2795.6666666666665
1221	12210001	3222	50	0	0.17684903456061862	43	0.1895010705532978	1005.0	0.18809369971280776	1736.0	0.17172998137956308	2488.3333333333335
1223	12230001	9	38	1	0.10576597556487487	59	0.10576597274711332	8.333333333333334	0.1057659727471133	9.0	0.10576597415599409	9.0
1224	12240001	1302	50	0	0.125141638166693	51	0.14744232288043502	401.3333333333333	0.13287717656016085	732.0	0.12900973196972976	1050.0
1225	12250001	752	50	0	0.15135196704137377	41	0.13988424351039055	156.66666666666666	0.1528186700701954	321.6666666666667	0.14887418816917095	550.6666666666666
1226	12260001	2414	50	0	0.1612557070477803	48	0.15525597888019024	636.0	0.16690141117139698	1187.3333333333333	0.15777408725916953	1818.0
1227	12270001	876	50	0	0.1920073442213134	40	0.20685052426756323	132.0	0.198391261527635	302.3333333333333	0.1979748473532653	584.6666666666666
1228	12280001	818	50	0	0.17852757000194489	42	0.19587789000185352	262.3333333333333	0.17683706628660803	471.6666666666667	0.17943093379125843	651.6666666666666
1233	12330001	3	2	1	0.6928203230275509	2		0.0	0.6928203230275509	1.3333333333333333	0.692820323027551	2.3333333333333335
1239	12390001	1834	50	0	0.17697251160357058	42	0.2048174658363454	383.6666666666667	0.1807318509837955	790.3333333333334	0.18221828481704058	1349.3333333333333
1240	12400001	390	50	0	0.20991788460363142	25	0.26202486919588525	99.0	0.20031520537089356	182.0	0.22319778380645858	284.3333333333333
1241	12410001	1013	50	0	0.14417502766537366	41	0.16091927046009558	354.0	0.1526464758629249	561.0	0.15198092871540347	808.0
1242	12420001	2806	50	0	0.15460003163936065	51	0.1707567535542512	684.6666666666666	0.1556062292460506	1255.3333333333333	0.16318233055400566	1974.0
1243	12430001	3166	50	0	0.19825846380873077	44	0.2075461040301533	648.0	0.18638701804658145	1384.3333333333333	0.19659385690457465	2335.0
1244	12440001	1737	50	0	0.1984637915941378	45	0.21286413015420189	377.6666666666667	0.20063229325051166	785.3333333333334	0.19238970183491247	1264.3333333333333
1245	12450001	3513	50	0	0.13225990452711198	47	0.14826561648427933	962.3333333333334	0.1387959753370206	1679.0	0.13366977567163385	2601.3333333333335
1246	12460001	3438	50	0	0.16003735660693794	47	0.16282493086303532	1397.0	0.16099438635000282	2250.3333333333335	0.15991677439919197	2847.3333333333335
1247	12470001	1326	50	0	0.14667075173033484	42	0.15721375644834523	292.6666666666667	0.14968157382888972	576.3333333333334	0.14755502657709113	941.6666666666666
1248	12480001	3535	50	0	0.2195574280004498	45	0.2092641810444571	1218.3333333333333	0.22236043071101105	2043.3333333333333	0.22171088669348551	2793.3333333333335
1249	12490001	1868	50	0	0.14338561804419345	42	0.148924861473182	822.6666666666666	0.1487809468255169	1292.6666666666667	0.14258598219945967	1655.3333333333333
1251	12510001	5	3	1	0.4936329453171657	4		0.0	0.6999635521070493	1.6666666666666667	0.498012510976801	3.0
1253	12530001	4056	50	0	0.1463543107311513	48	0.14665545516711387	969.3333333333334	0.1432569994075952	1609.3333333333333	0.14689680227108107	2658.3333333333335
1254	12540001	3754	50	0	0.14439893364536438	48	0.14298519555816536	715.6666666666666	0.14596959893842573	1535.3333333333333	0.14735118114522258	2614.6666666666665
1255	12550001	1712	50	0	0.19187081079339807	41	0.21112311652702923	530.3333333333334	0.19268069914121244	795.3333333333334	0.19179471573412044	1100.3333333333333
1258	12580001	2445	50	0	0.3888002743355518	26	0.3882887575703901	481.6666666666667	0.3956553512802321	928.6666666666666	0.38393107584576214	1580.0
1259	12590001	91	41	1	0.5353485600177614	4	0.4350838042132647	25.666666666666668	0.5604807359378233	34.0	0.5231437584467042	43.0
1260	12600001	974	50	0	0.18164622103835376	39	0.1938867730525389	216.33333333333334	0.18160763110821967	439.6666666666667	0.17754470921512647	696.0
1261	12610001	3	1	1	0.7071067811865476	2	0.7071067811865476	0.3333333333333333	0.7071067811865476	1.0	0.7071067811865476	0.3333333333333333
1263	12630001	3	1	1	0.7071067811865476	2		0.0	0.7071067811865476	1.0	0.7071067811865476	1.6666666666666667
1264	12640001	1614	50	0	0.1605052254623368	36	0.17449881018707894	611.3333333333334	0.1657624651485523	980.0	0.16297999201583704	1246.3333333333333
1265	12650001	355	50	0	0.3204491766420337	20	0.3187404906022358	165.66666666666666	0.32193247412108245	246.66666666666666	0.31977417235209943	305.0
1266	12660001	5	3	1	0.4936329453171657	4	0.7071067811865476	0.3333333333333333	0.6928203230275509	0.6666666666666666	0.5217027002467364	4.0
1268	12680001	1694	50	0	0.20824800276256877	40	0.23350593513821402	637.0	0.2025586628330872	1020.0	0.19715353020888923	1359.3333333333333
1269	12690001	2145	50	0	0.1446187329417803	41	0.1531284109095706	530.0	0.15414752734874507	1057.6666666666667	0.1490998436535538	1633.6666666666667
1270	12700001	2375	50	0	0.18078691655948	42	0.19340129019158067	693.0	0.18710975223192552	1209.3333333333333	0.18354543802239984	1757.6666666666667
1271	12710001	408	50	0	0.3367151028410752	13	0.33603510253459645	194.33333333333334	0.3405019633218882	256.6666666666667	0.3376179453210903	328.6666666666667
1272	12720001	6	8	1	0.27041634565979916	14	0.2886751421656196	0.6666666666666666	0.2886751421656196	2.3333333333333335	0.2803296802318223	5.333333333333333
1273	12730001	985	50	0	0.1666339962729051	48	0.18782218379623902	210.33333333333334	0.16499112780808786	462.0	0.16998410977327869	743.3333333333334
1274	12740001	2813	50	0	0.1732752962047112	47	0.19709038966917425	797.6666666666666	0.17278539524555026	1485.0	0.17784178085227562	2184.0
1275	12750001	100	50	1	0.22233558175257795	17	0.2504499593016713	25.333333333333332	0.23863706743170665	46.666666666666664	0.228735433924522	70.66666666666667
1276	12760001	425	50	0	0.23359301157492338	25	0.22827111784007492	90.0	0.2597189195406962	182.33333333333334	0.2386269000158956	301.0
1278	12780001	3	2	1	0.6928203230275509	2	0.6928203230275509	0.6666666666666666	0.692820323027551	1.0	0.692820323027551	3.0
1281	12810001	12	4	1	0.3774917278162391	7	0.6619203952361093	1.0	0.47082497958669983	3.0	0.42904777421433593	7.0
1284	12840001	5	3	1	0.4936329453171657	4		0.0	0.5206833268631026	0.6666666666666666	0.5704998831631543	2.6666666666666665
1286	12860001	610	50	0	0.2234957328657888	31	0.23107343690809426	204.66666666666666	0.23839890849413392	314.0	0.23167739911506247	454.0
1287	12870001	277	28	0	0.16895590539453534	41	0.18887140995094684	28.666666666666668	0.1871476699796011	79.66666666666667	0.16766050320245438	161.33333333333334
1288	12880001	1291	50	0	0.1423570203175207	43	0.16557070520571174	255.66666666666666	0.1483612075591398	520.3333333333334	0.14696875037654672	868.0
1289	12890001	1166	50	0	0.34632483468967323	34	0.34943213690965375	409.3333333333333	0.36204669754374047	701.0	0.3347096770361404	959.3333333333334
1290	12900001	516	50	0	0.2091726116975978	38	0.21194523739295645	163.0	0.19146783420344168	283.6666666666667	0.21077394650844364	417.6666666666667
1291	12910001	2776	50	0	0.13084787703036124	48	0.13857836636336426	1095.6666666666667	0.13524990861522396	1716.0	0.13338803969697752	2261.0
1292	12920001	26	13	1	0.22569336718700606	19	0.3807406502452024	3.0	0.28713839656188833	8.0	0.2599560889730817	17.333333333333332
1293	12930001	2432	50	0	0.14614352973989664	49	0.15503755850935177	649.3333333333334	0.14868042803053969	1190.6666666666667	0.1491706977976985	1838.0
1294	12940001	617	50	0	0.14419297362016806	44	0.1652307189964525	191.0	0.15671171640149065	294.3333333333333	0.14914505962165617	427.3333333333333
1295	12950001	2578	50	0	0.19189708657773563	27	0.19659958893278998	571.0	0.19573559307390953	1074.3333333333333	0.19161213792010554	1739.3333333333333
1296	12960001	1708	50	0	0.18994081923790015	35	0.20176808719921457	455.0	0.17549554927711086	745.0	0.18686415035995033	1013.6666666666666
1297	12970001	962	50	0	0.2261130852852027	27	0.24154152378598195	206.66666666666666	0.24969515335567247	396.0	0.22487191708021517	665.6666666666666
1298	12980001	2202	50	0	0.18129837123363177	46	0.18643427879060917	609.3333333333334	0.18244590472007496	1072.6666666666667	0.1809865582178798	1640.3333333333333
1299	12990001	280	35	0	0.18228641093048698	36	0.19735880963077213	34.0	0.18410665264648363	101.0	0.18994900474337964	195.33333333333334
1301	13010001	6	3	1	0.5142416358171319	4	0.6928203230275509	0.6666666666666666	0.6484542366486281	2.0	0.6079503847533458	3.6666666666666665
1302	13020001	781	50	0	0.20468185813690676	42	0.20535148433132977	167.66666666666666	0.21215385321978109	337.0	0.20177000744130882	561.3333333333334
1303	13030001	978	50	0	0.19874844471209058	33	0.19382732889702567	281.0	0.2098637269410775	507.6666666666667	0.19468661920403232	760.6666666666666
1304	13040001	920	50	0	0.21313862276579815	40	0.23231459126001044	202.33333333333334	0.22460474014363277	435.6666666666667	0.2186699517412841	717.6666666666666
1305	13050001	6	3	1	0.5142416358171319	4	0.6928203230275509	0.3333333333333333	0.6251795315372458	2.0	0.60838327044673	2.6666666666666665
1307	13070001	1428	50	0	0.15894139097737583	40	0.17942163009579504	629.0	0.16693047264106342	912.0	0.15960645656296066	1196.0
1308	13080001	1076	50	0	0.18162933810009832	46	0.20444053133082143	221.0	0.19312435711081455	473.6666666666667	0.1959495380657925	809.0
1309	13090001	3371	50	0	0.17121327539041076	49	0.18774460730404444	1037.3333333333333	0.17189607739831092	1965.3333333333333	0.17620106063056065	2849.6666666666665
1310	13100001	1225	48	0	0.164608498926771	48	0.16200126880011778	147.33333333333334	0.15505033417789602	420.0	0.1637516240560606	813.3333333333334
1311	13110001	617	49	0	0.2956965768827505	34	0.33476625916945907	145.33333333333334	0.3272924727082656	271.6666666666667	0.2979162166772053	413.0
1312	13120001	2066	50	0	0.22978762415898982	39	0.24150610545158954	608.3333333333334	0.21271319033656536	1111.3333333333333	0.22294569555383945	1635.6666666666667
1313	13130001	15	7	1	0.3409003193262531	8	0.5541004746384862	1.6666666666666667	0.5124632572308513	3.6666666666666665	0.37227617019195663	10.666666666666666
1314	13140001	450	49	0	0.17796110891508934	42	0.21467518321876888	58.0	0.19377876911423556	141.0	0.17774135820114068	281.6666666666667
1315	13150001	1064	50	0	0.18199122779416027	40	0.17796056766028215	238.33333333333334	0.1807032911281193	474.3333333333333	0.18055490512928293	749.6666666666666
1316	13160001	108	17	1	0.2008178259125188	25	0.32049098387869135	8.666666666666666	0.2379465148300127	21.333333333333332	0.22064476712073985	52.666666666666664
1318	13180001	18	8	1	0.2893958901306966	12	0.6251795315372458	1.3333333333333333	0.39438534751825055	3.0	0.3285263200460715	9.333333333333334
1319	13190001	2989	50	0	0.15607758684134418	56	0.13997309944641653	931.6666666666666	0.16767668265624527	1703.0	0.15457767480492188	2372.0
1320	13200001	2009	50	0	0.13823730358618533	55	0.15340771806709697	554.3333333333334	0.14118168801300726	1088.3333333333333	0.14343338622944987	1603.6666666666667
1321	13210001	196	50	1	0.28820913329492287	30	0.2529132589361101	57.0	0.2591364058934962	101.66666666666667	0.2978777677045339	147.33333333333334
1322	13220001	2080	50	0	0.23373812591552368	40	0.2468445585009237	660.0	0.23621961684083415	1100.3333333333333	0.23167279667162177	1560.6666666666667
1323	13230001	2	49	1	0.08770580196882138	78	0.08770580196882138	2.0	0.08770580196882138	2.0	0.08770580196882138	2.0
1325	13250001	2	1	1	0.7071067811865476	2		0.0	0.7071067811865476	0.3333333333333333	0.7071067811865476	0.6666666666666666
1327	13270001	912	50	0	0.22476245759293165	35	0.21700178471533427	276.3333333333333	0.24791348287903894	462.6666666666667	0.22687045794019126	647.6666666666666
1328	13280001	236	50	0	0.5109660479395342	25	0.45601081273027466	89.0	0.5846599062321892	138.33333333333334	0.46078934966810087	185.66666666666666
1331	13310001	606	49	0	0.14091760430236863	41	0.17634799011562619	74.33333333333333	0.15359793118112255	181.33333333333334	0.1428273068166542	329.0
1332	13320001	1206	50	0	0.19114610379257285	42	0.18603736721403696	273.3333333333333	0.18919060083916506	535.0	0.19205191352506615	880.0
1333	13330001	434	47	0	0.36110277931960744	32	0.18055785151758194	93.66666666666667	0.23706378147645613	198.0	0.3646456788834553	313.6666666666667
1334	13340001	1445	50	0	0.18400390056145138	54	0.19026452564333576	462.3333333333333	0.1753737205423116	823.0	0.17344327055623862	1172.6666666666667
1335	13350001	844	50	0	0.28362823166248846	32	0.2104922578540103	357.3333333333333	0.26574098698262844	506.3333333333333	0.28110580857118533	656.6666666666666
1336	13360001	3025	50	0	0.17698702968911315	50	0.2136846954623052	769.6666666666666	0.1830831183829366	1395.6666666666667	0.18945986133394518	2167.0
1337	13370001	56	13	1	0.22198208755856969	19	0.35613039444189193	4.0	0.2496039635866666	12.333333333333334	0.24227851546093326	31.666666666666668
1338	13380001	6	3	1	0.5142416358171319	4	0.6928203230275509	0.3333333333333333	0.6251795315372458	1.6666666666666667	0.5629932787668291	4.0
1343	13430001	29	12	1	0.24183794314967222	15	0.5106783691590857	2.0	0.3566812007482718	5.666666666666667	0.25501543849859126	17.666666666666668
1344	13440001	6	3	1	0.5142416358171319	4		0.0	0.5052906377098692	1.3333333333333333	0.5955723457080461	3.3333333333333335
1345	13450001	2650	50	0	0.14495456262580453	42	0.14040890470438674	533.3333333333334	0.15104453022067832	1070.6666666666667	0.14325452818688633	1770.3333333333333
1346	13460001	1402	50	0	0.16884139912797985	44	0.17596944885893687	240.66666666666666	0.17839432477199643	549.0	0.1734419221982113	938.6666666666666
1348	13480001	2	2	1	0.6928203230275509	2		0.0	0.6928203230275509	1.0	0.692820323027551	2.0
1351	13510001	3	2	1	0.6928203230275509	2	0.6928203230275509	0.3333333333333333	0.692820323027551	1.3333333333333333	0.692820323027551	3.0
1352	13520001	191	50	1	0.29681479974244707	36	0.2827534036989516	56.333333333333336	0.27646924490122887	90.0	0.29735195743369985	141.66666666666666
1353	13530001	4322	50	0	0.12542355926347032	48	0.1364820179666275	1638.0	0.12832578278719445	2513.3333333333335	0.1254945462663457	3363.0
1354	13540001	3152	50	0	0.1478304543381553	49	0.1701676200684105	1333.0	0.14548796530734665	2017.0	0.15232547078167438	2566.0
1355	13550001	3857	50	0	0.15779922970978866	42	0.1696715154573644	1214.3333333333333	0.1553953170565008	1897.3333333333333	0.1605357607457493	2774.3333333333335
1356	13560001	191	26	1	0.19400179840136214	32	0.22677069702789585	19.0	0.21870071928948057	41.666666666666664	0.19842667433070146	88.33333333333333
1357	13570001	150	35	1	0.17389054979517032	35	0.14753208358629963	25.666666666666668	0.1802958161742396	45.333333333333336	0.17817769116013205	81.66666666666667
1358	13580001	947	46	0	0.1495219522412772	47	0.19294365812871908	107.33333333333333	0.15754407852308314	248.0	0.15196129137147218	437.0
1359	13590001	185	49	1	0.3479585375518523	29	0.3537201693839674	57.666666666666664	0.3273277419875158	101.66666666666667	0.35096112157151155	148.33333333333334
1360	13600001	259	47	0	0.15735964121826765	61	0.14755841924639926	60.0	0.17558964883660114	110.33333333333333	0.1636453686676476	163.66666666666666
1361	13610001	178	22	1	0.163807817083923	34	0.21546741367538905	15.0	0.19287695154747087	42.666666666666664	0.16898746611066082	106.33333333333333
1362	13620001	6	3	1	0.5142416358171319	4	0.6928203230275509	1.0	0.5913591357920933	1.3333333333333333	0.5706615215767236	3.6666666666666665
1364	13640001	1568	50	0	0.20694894417111753	50	0.2392288886612809	759.0	0.21452118949048324	1100.0	0.2144657838998594	1342.0
1366	13660001	607	50	0	0.34588097295124204	21	0.3844539634342488	124.33333333333333	0.3420404738640421	266.6666666666667	0.34643203318896804	450.0
1367	13670001	1055	50	0	0.24249786360701694	41	0.24067634615995306	421.0	0.2461195360182332	618.0	0.24470560826682808	818.0
1368	13680001	325	42	0	0.22337532127813664	31	0.25442268513129	71.0	0.2383922799693514	154.66666666666666	0.22778049375539766	256.6666666666667
1369	13690001	1930	50	0	0.14683606622450826	50	0.1689516842497508	726.6666666666666	0.15199809199123415	1100.3333333333333	0.14804882382527115	1520.0
1370	13700001	3115	50	0	0.18106410714784632	46	0.17140731944759366	834.6666666666666	0.17487688371117435	1516.0	0.18403824828698734	2228.0
1371	13710001	3781	50	0	0.13857477116855746	54	0.14256694127559377	1072.3333333333333	0.13990228867620622	1853.0	0.13980083540596586	2725.0
1372	13720001	2749	50	0	0.1092359038903977	61	0.10684827709310683	703.3333333333334	0.11602005564030864	1318.3333333333333	0.1086366344900836	1962.3333333333333
1373	13730001	2702	50	0	0.12508915431406084	61	0.12551324886283655	603.3333333333334	0.12706214650930905	1185.3333333333333	0.12595690897458453	1862.0
1374	13740001	1572	50	0	0.12519551377562552	53	0.15645043262047645	372.0	0.13185391500994095	729.6666666666666	0.1307929209049652	1131.6666666666667
1375	13750001	5426	50	0	0.11734908339420397	61	0.11856786117499725	1883.3333333333333	0.11947308833558229	2957.3333333333335	0.11845203165713951	4105.666666666667
1376	13760001	700	50	0	0.4618170665166914	24	0.4932713073613432	226.66666666666666	0.46271349749389046	405.6666666666667	0.4597409460089261	575.6666666666666
1378	13780001	14	18	1	0.17010824061872956	31	0.20828193642390214	3.0	0.1799175095770477	5.666666666666667	0.17143777326967188	9.666666666666666
1380	13800001	2984	50	0	0.14830518214985944	59	0.13852220448822222	930.3333333333334	0.1577565342777345	1446.0	0.14845407630500387	2070.3333333333335
1381	13810001	1559	50	0	0.21090860182263885	50	0.19923989960428967	349.3333333333333	0.2108724216177995	683.3333333333334	0.20874065258685737	1106.6666666666667
1382	13820001	797	50	0	0.1448127914611501	48	0.17719649352520786	137.0	0.15734144574050982	315.6666666666667	0.14704411349886734	520.6666666666666
1383	13830001	2671	50	0	0.13352180247507103	52	0.13508448118731523	575.3333333333334	0.13987475394204316	1080.6666666666667	0.13272528632538605	1748.3333333333333
1384	13840001	1061	50	0	0.15414065036777416	52	0.17788145124682045	147.0	0.14518018881512584	336.0	0.1508432951265126	629.0
1385	13850001	93	43	1	0.20735606922147315	21	0.2136009986495588	37.333333333333336	0.22737158248863223	54.333333333333336	0.21262181323341955	72.0
1386	13860001	26	13	1	0.44145982142483886	10	0.4564266551772171	5.0	0.3867363291817118	8.0	0.42054763595111905	19.333333333333332
1387	13870001	105	28	1	0.2214255175918637	32	0.30239981774293545	13.0	0.3098505690043167	28.666666666666668	0.23070481005924523	61.666666666666664
1388	13880001	77	18	1	0.24965802723479646	29	0.29255948389428216	7.666666666666667	0.34974119993042896	25.666666666666668	0.30553691520775256	52.666666666666664
1389	13890001	1100	50	0	0.14328632594205473	45	0.14540532184072932	354.3333333333333	0.14308173438554872	567.6666666666666	0.14410309308525596	802.0
1390	13900001	375	50	0	0.2029958345484169	30	0.2368174581269712	121.66666666666667	0.21473801155245076	186.33333333333334	0.199492295518239	265.6666666666667
1392	13920001	10	4	1	0.4513867521316947	5	0.559761870807092	0.3333333333333333	0.47564708170672726	3.3333333333333335	0.5060741332856639	5.666666666666667
1399	13990001	489	50	0	0.13223848687291698	47	0.16780534799404911	144.66666666666666	0.14550873917058318	246.33333333333334	0.1332294365911269	379.6666666666667
1400	14000001	2089	50	0	0.2511075125562728	49	0.26689853370757083	625.0	0.2298172318812436	970.0	0.2699814129652628	1487.3333333333333
1401	14010001	236	48	0	0.16485366762669806	31	0.18446682005726547	52.666666666666664	0.15672607785705558	108.66666666666667	0.17315740900243295	175.0
1402	14020001	2313	50	0	0.15001979397402515	41	0.16124934766198443	948.3333333333334	0.14861732736699615	1393.3333333333333	0.14851569135697298	1880.3333333333333
1403	14030001	164	50	1	0.28465086457720595	15	0.2835630571425152	116.33333333333333	0.2832815281879255	143.66666666666666	0.2858493850751492	159.66666666666666
1404	14040001	6	3	1	0.5142416358171319	4		0.0	0.6928203230275509	1.0	0.5165250633685178	2.6666666666666665
1405	14050001	174	21	1	0.2529993919293408	33	0.28727193152655706	18.0	0.2713838149364058	53.0	0.23717111011570202	106.66666666666667
1406	14060001	724	50	0	0.15910984941625117	50	0.16390132164794935	126.33333333333333	0.16038027404796731	299.6666666666667	0.1581746398863252	513.3333333333334
1407	14070001	667	39	0	0.19392930918646004	47	0.19931191418942998	118.33333333333333	0.1948966279519717	294.0	0.19490220755288115	495.0
1408	14080001	94	48	1	0.1516885542310074	34	0.20918315990749736	14.0	0.17322369428909612	38.333333333333336	0.15609120735533105	72.66666666666667
1409	14090001	95	22	1	0.1750364735572251	30	0.23309099822070287	8.333333333333334	0.18305704834701522	37.666666666666664	0.17297762555068008	64.66666666666667
1410	14100001	168	32	1	0.15321107261684477	42	0.18372677942368973	22.333333333333332	0.1711360468569132	58.666666666666664	0.16133708757412046	112.0
1411	14110001	438	39	0	0.160727056545964	37	0.16059517588225758	63.0	0.16782953972739137	171.66666666666666	0.16642133147508753	306.3333333333333
1412	14120001	429	39	0	0.17254667049570238	45	0.19387229418932028	67.0	0.17902855500915604	177.33333333333334	0.16557102572169044	319.0
1413	14130001	1168	50	0	0.14847668065818487	44	0.14979964645168342	199.33333333333334	0.15305633682995115	502.3333333333333	0.15516864152287393	864.0
1414	14140001	1583	50	0	0.1430421885716179	43	0.14049852747748748	448.6666666666667	0.15050820048418959	812.0	0.14747138063775908	1223.3333333333333
1415	14150001	2721	50	0	0.19793828235099672	49	0.19133192749675007	779.0	0.20174780981020077	1465.3333333333333	0.19292617153696134	2200.0
1416	14160001	2388	50	0	0.16243230855654714	49	0.19913393866342557	842.0	0.16312165622557737	1449.0	0.1639281606963146	2031.0
1417	14170001	3168	50	0	0.18222177571884296	41	0.182260268535979	1251.6666666666667	0.18650091793750137	2005.0	0.18019781504698296	2656.6666666666665
1418	14180001	55	22	1	0.4415896444444288	16	0.5178480320092117	7.666666666666667	0.4435685165200443	19.0	0.41356387712201187	33.666666666666664
1419	14190001	326	50	0	0.4713703604250186	74	0.5749601168925333	255.0	0.42271175652810894	277.3333333333333	0.5289329336287144	295.6666666666667
1420	14200001	731	50	0	0.19491044627719215	23	0.20174261104818944	598.3333333333334	0.19713023691711853	651.0	0.1965344604702024	677.0
1421	14210001	221	32	0	0.13485089690481583	48	0.15437866740881265	31.333333333333332	0.1427309280865625	74.0	0.13540711569143724	125.66666666666667
1422	14220001	165	23	1	0.1666276123605993	31	0.19206346454136294	14.666666666666666	0.17967688144731686	42.333333333333336	0.17245179370296204	77.33333333333333
1423	14230001	27	8	1	0.38874867312886413	10	0.5742165774444915	1.6666666666666667	0.4889777153622949	4.333333333333333	0.4197305684422658	15.333333333333334
1424	14240001	374	45	0	0.2867208363175247	23	0.1981612722377312	95.33333333333333	0.2894702896066335	192.66666666666666	0.2745096264129821	308.6666666666667
1425	14250001	1948	50	0	0.20171611024791383	43	0.20726882808354982	647.6666666666666	0.2062226344884801	1049.3333333333333	0.208056444342385	1516.0
1426	14260001	359	36	0	0.19648746171279022	39	0.2520166503028138	53.0	0.21023451319547806	136.66666666666666	0.2035069771557274	244.33333333333334
1427	14270001	1160	49	0	0.18331343980453196	45	0.20572363634061677	211.66666666666666	0.18438602260236325	452.0	0.1840755861793996	748.0
1428	14280001	1273	50	0	0.23756934606533311	36	0.22247264133655797	216.66666666666666	0.2528551275135828	499.6666666666667	0.2478116885991619	851.6666666666666
1429	14290001	268	50	0	0.253814795783311	35	0.2977552585208753	118.0	0.23731858013533347	174.33333333333334	0.2518666931686621	219.33333333333334
1430	14300001	2245	50	0	0.2224763996749812	41	0.2562497826702092	868.3333333333334	0.2215796646315602	1374.3333333333333	0.2391119374695164	1802.6666666666667
1431	14310001	563	49	0	0.2949198128914128	42	0.2883544107990201	162.66666666666666	0.2899948920229818	344.6666666666667	0.28494975912098175	496.0
1432	14320001	362	46	0	0.2794853911396319	29	0.3019328753635067	91.0	0.28134888605543695	181.66666666666666	0.27684895050642433	283.0
1433	14330001	1877	50	0	0.256309656527591	39	0.2453387562512529	875.6666666666666	0.25698646716540924	1314.3333333333333	0.2512295182616227	1672.6666666666667
1434	14340001	507	50	0	0.3176429478793322	33	0.31128613492187235	152.33333333333334	0.29322615340015806	267.0	0.3057000876416656	378.0
1437	14370001	223	9	0	0.36447314033066763	10	0.3807195129355781	30.0	0.385338443764851	67.0	0.3640837236313675	155.66666666666666
1438	14380001	1073	50	0	0.18747674683282586	27	0.2111461720132579	461.0	0.18617984200689086	794.3333333333334	0.1904159516986227	1001.6666666666666
1439	14390001	865	19	0	0.26136296294153516	12	0.2673295414862648	303.3333333333333	0.2626837330410445	641.0	0.2635125812362818	829.3333333333334
1440	14400001	827	19	0	0.27721209497932797	12	0.28639257721005684	276.3333333333333	0.2802843428072985	587.0	0.27978737668739745	781.6666666666666
1441	14410001	968	19	0	0.363705343604009	8	0.4115422619553392	327.6666666666667	0.37375521979853915	669.6666666666666	0.36363695372081883	893.0
1442	14420001	1219	50	0	0.20921150820089862	17	0.20631127997485413	449.0	0.20804269270901007	921.6666666666666	0.206876584645757	1171.6666666666667
1443	14430001	95	38	1	0.12284444530839	64	0.11716235916986645	34.666666666666664	0.12660606631352808	63.0	0.12182253342478262	86.0
1444	14440001	41	34	1	0.11742016565099012	60	0.13062092145283474	22.0	0.11819768697250256	27.666666666666668	0.11958506645862355	38.666666666666664
1445	14450001	1783	50	0	0.10518099330453062	74	0.10568924900564976	964.3333333333334	0.10591651701880644	1440.6666666666667	0.10498902663732723	1710.6666666666667
1446	14460001	2178	50	0	0.11998992134155456	74	0.11787069491324509	1161.0	0.13036535845367528	1778.0	0.11966052224559283	2087.3333333333335
1447	14470001	1182	50	0	0.11661853420852589	68	0.1189065891260016	679.3333333333334	0.1157359243951519	988.0	0.11573450499781206	1147.0
1448	14480001	1989	50	0	0.12041896108795912	65	0.1249718532040357	903.3333333333334	0.12413610928589518	1475.0	0.1256096829798686	1859.6666666666667
1449	14490001	2946	50	0	0.09876627553420571	67	0.10118200928160853	1610.0	0.09835488187744212	2300.6666666666665	0.0989805789486108	2717.6666666666665
1450	14500001	718	50	0	0.08907695446773324	77	0.0902276829165467	374.0	0.08937887920121125	523.0	0.08922325923917608	630.3333333333334
1451	14510001	794	50	0	0.09759454703364015	76	0.0997466599845619	421.6666666666667	0.09643324528520973	566.6666666666666	0.09702218362850253	680.3333333333334
1452	14520001	45	19	1	0.19055522263842417	23	0.19874037069111708	20.0	0.19904941739490445	38.333333333333336	0.18412083763810305	44.333333333333336
1453	14530001	686	50	0	0.10905369117146536	66	0.10903516038070359	333.0	0.10993177958000112	426.6666666666667	0.10911544203135837	522.6666666666666
1454	14540001	1982	50	0	0.13253442812392538	66	0.1344878426340276	905.0	0.12806494524974862	1333.6666666666667	0.13176723158955536	1654.0
1456	14560001	60	4	1	0.4330298524668722	6	0.42843132660301286	5.666666666666667	0.4417197448217917	19.666666666666668	0.4228527541275439	38.0
1458	14580001	4091	50	0	0.11739984074993107	71	0.1172521133700191	2010.6666666666667	0.11862346546363832	2747.0	0.1154854531752292	3357.3333333333335
1459	14590001	1485	50	0	0.1296153311370845	69	0.1456653429112441	907.3333333333334	0.1301997029406515	1202.3333333333333	0.13365905522934743	1360.0
1460	14600001	2128	50	0	0.10332980608101838	71	0.10324369327171053	1548.0	0.10321962165072052	1989.3333333333333	0.10304107095462244	2106.6666666666665
1486	14860001	448	2	0	0.6928203230275509	2	0.692820323027551	49.0	0.692820323027551	155.0	0.692820323027551	312.0
1487	14870001	779	2	0	0.6928203230275509	2	0.692820323027551	90.33333333333333	0.692820323027551	252.33333333333334	0.692820323027551	532.6666666666666
1488	14880001	1389	50	0	0.1138752794256349	79	0.11185785403307702	625.3333333333334	0.11220352595964787	833.6666666666666	0.11357118195227751	1149.6666666666667
1489	14890001	1489	50	0	0.09082777810287102	80	0.08976484795122718	647.6666666666666	0.0919311570522624	893.3333333333334	0.0909001848373902	1213.0
1490	14900001	729	2	0	0.6928203230275509	2	0.692820323027551	86.66666666666667	0.692820323027551	241.66666666666666	0.692820323027551	507.3333333333333
1491	14910001	1713	50	0	0.11787560758239511	80	0.11588277903705578	598.0	0.11565433181714307	878.0	0.11807583733747828	1352.0
1492	14920001	1606	50	0	0.08599361513581193	80	0.08598796896894445	972.3333333333334	0.0860071495509559	1159.0	0.08600192824948928	1403.0
1493	14930001	1414	50	0	0.09052214634205533	79	0.08931844308027574	794.0	0.09067462652954723	986.3333333333334	0.09068177803388716	1225.3333333333333
1494	14940001	358	50	0	0.08757798301171352	80	0.08756680163917946	184.0	0.08760401115357709	231.33333333333334	0.08692425341611014	295.3333333333333
1495	14950001	32	48	1	0.09058216157160394	78	0.09058216280538374	29.666666666666668	0.09058216280538374	32.0	0.09058216280538374	32.0
1497	14970001	32	47	1	0.09258200996941662	77	0.09258201017060637	30.0	0.09258200956704073	32.0	0.09258201117655007	32.0
1500	15000001	32	47	1	0.09258200996941662	77	0.09258200996941734	30.0	0.09258201097536105	32.0	0.09258200956704073	32.0
1503	15030001	32	48	1	0.09258200970794309	77	0.09258200973232765	29.666666666666668	0.09258200996502741	32.0	0.09258200996941734	32.0
1504	15040001	32	49	1	0.09058216321664515	78	0.09058216255633582	30.666666666666668	0.09058216227322959	32.0	0.09058216208144883	32.0
1505	15050001	1916	49	0	0.08858950977007332	79	0.08858950969998863	1810.6666666666667	0.08858950998032918	1916.0	0.08858950998032893	1916.0
1506	15060001	819	49	0	0.0885895095598185	79	0.08858950977007408	777.6666666666666	0.08858950977007357	819.0	0.08858950977007334	819.0
1508	15080001	492	50	0	0.10647532210043617	67	0.10827456053730489	279.3333333333333	0.10555206647866107	374.6666666666667	0.10668139467525528	461.3333333333333
1509	15090001	1080	49	0	0.10477117622803082	72	0.10383759674959125	686.0	0.10468594327568793	873.3333333333334	0.10467602873010447	1010.3333333333334
1510	15100001	631	50	0	0.09996174857077991	74	0.09964622310098177	405.6666666666667	0.10026010324674257	496.3333333333333	0.0999141418637237	577.3333333333334
1511	15110001	124	43	1	0.09929327830669803	71	0.09929327918212012	115.0	0.09929327786898738	124.0	0.0992932800575418	124.0
1512	15120001	32	43	1	0.09929327699356609	71	0.09929327874440928	29.333333333333332	0.09929327918211972	32.0	0.09929327874440907	32.0
1513	15130001	918	50	0	0.1345129653115435	69	0.13905760997099006	493.3333333333333	0.13114182851418643	658.3333333333334	0.1349339961600374	798.3333333333334
1514	15140001	2331	50	0	0.28316943647894977	75	0.2595438092101427	1126.0	0.2694749305211552	1631.0	0.276902238362497	2034.6666666666667
1515	15150001	1982	50	0	0.0984089756374131	71	0.11940813955583422	1058.0	0.10075657933187848	1512.3333333333333	0.10039609555962435	1852.6666666666667
1516	15160001	2218	50	0	0.10323208323992974	65	0.10080831705359262	958.0	0.10352523193230395	1449.0	0.10295173265680992	1899.0
1517	15170001	209	49	0	0.10300551694761241	70	0.1029699281100478	118.33333333333333	0.10407164020370079	176.66666666666666	0.1035673554244388	205.66666666666666
1519	15190001	758	50	0	0.10430320241160218	72	0.10823009534178303	409.0	0.10349460189821312	572.3333333333334	0.10376822615351204	701.6666666666666
1520	15200001	1242	50	0	0.10081999273630646	72	0.10139037063128976	742.0	0.10111823481863846	993.3333333333334	0.10090637228157923	1174.6666666666667
1521	15210001	953	50	0	0.1345426149340959	69	0.12863905517606497	582.3333333333334	0.12944603860400525	748.3333333333334	0.13378285015777727	891.6666666666666
1522	15220001	28	50	1	0.08660254037844388	80	0.08660254037844434	26.333333333333332	0.08660254037844423	28.0	0.08660254037844413	28.0
1523	15230001	26	50	1	0.08568414177605295	79	0.08568414177605317	24.0	0.08568414177605321	26.0	0.08568414177605405	26.0
1524	15240001	54	7	1	0.3391164603702187	8	0.3391165119193183	16.0	0.33911653773272316	40.0	0.3391164990536682	53.666666666666664
1525	15250001	206	50	0	0.20475084944721544	68	0.18656082860758208	86.33333333333333	0.19977052647617335	144.66666666666666	0.20666725862199722	194.66666666666666
1530	15300001	75	6	1	0.3990729865810605	7	0.4177036841684552	11.0	0.3780871026351411	30.333333333333332	0.39762972983245537	63.333333333333336
1531	15310001	356	44	0	0.26779315034834067	51	0.2604299744269678	94.33333333333333	0.2627101095033352	178.66666666666666	0.2572677947633681	248.66666666666666
1532	15320001	578	50	0	0.3447299386476323	25	0.31316247147857534	196.66666666666666	0.361541495010339	378.6666666666667	0.34181600578357685	518.0
1533	15330001	669	18	0	0.35789330443064576	12	0.3475867942693762	186.33333333333334	0.3465291022058538	396.3333333333333	0.3639575658160166	567.6666666666666
1534	15340001	915	50	0	0.26326296297836416	16	0.2723950362626337	248.66666666666666	0.26621280632523986	538.6666666666666	0.2646799147594468	781.3333333333334
1535	15350001	669	16	0	0.265152521501403	17	0.26616056248655706	296.0	0.2683829328324325	534.3333333333334	0.26466171395569016	651.0
1536	15360001	775	16	0	0.3119823075389612	11	0.32654446518233643	239.33333333333334	0.31630617932130956	507.6666666666667	0.3196170249923902	728.0
1537	15370001	18	1	1	0.7071067811865476	2		0.0	0.7071067811865476	2.3333333333333335	0.7071067811865476	3.0
1538	15380001	558	33	0	0.26507799245979574	21	0.2817447055829198	55.666666666666664	0.3025034158485402	158.33333333333334	0.2651585362454283	299.3333333333333
1539	15390001	56	44	1	0.08912328029081427	66	0.08921534899703842	32.0	0.08913946669358776	47.0	0.08907082348960647	55.0
1541	15410001	1281	50	0	0.14201864855117888	66	0.14281925427666897	611.0	0.14365214667941506	943.0	0.14319560477410276	1193.0
1542	15420001	346	50	0	0.1128591095024101	64	0.11493400732867871	231.66666666666666	0.11175177990593295	306.3333333333333	0.11317334742812572	335.6666666666667
1543	15430001	1073	50	0	0.0900087778764333	75	0.09016130732919754	768.0	0.09013919774840695	984.0	0.08988893617524146	1066.3333333333333
1544	15440001	3135	50	0	0.15034401833906638	69	0.15125725445312496	2042.3333333333333	0.15254697151978813	2788.3333333333335	0.14957760078516985	3077.3333333333335
1545	15450001	1374	50	0	0.11672503945670444	67	0.119428514603077	825.0	0.11629125538364442	1120.3333333333333	0.11621100616843101	1308.3333333333333
1546	15460001	21	33	1	0.12073222936692775	59	0.12073222936692775	18.666666666666668	0.12073223111542371	20.666666666666668	0.12073222936692775	21.0
1547	15470001	212	49	0	0.24856767927540846	72	0.23548307202909924	72.0	0.24641328820683048	155.66666666666666	0.2514101279837744	199.33333333333334
1548	15480001	2057	50	0	0.1716374876092714	68	0.1751572418740569	1147.0	0.16852266941129657	1694.0	0.17287943649101636	1997.6666666666667
1549	15490001	2514	50	0	0.10975269034344597	73	0.12123372167416224	1497.6666666666667	0.1156310410700893	2165.6666666666665	0.11481804776186504	2466.0
1550	15500001	2769	50	0	0.1201755455839067	69	0.124558072148393	1640.0	0.121754286077568	2306.0	0.1188827902261226	2658.0
1551	15510001	3264	50	0	0.12954289532397034	68	0.13130992828224095	2013.6666666666667	0.1295148209829862	2801.3333333333335	0.12877653325857635	3194.3333333333335
1552	15520001	3325	50	0	0.12416830503799627	70	0.10288002601022167	2297.0	0.11285682826300292	2998.6666666666665	0.11900746379620748	3273.0
1553	15530001	3000	50	0	0.10985310012003492	64	0.11232179747394148	1279.3333333333333	0.10968036842511285	1973.0	0.11011839449747429	2579.3333333333335
1554	15540001	2570	50	0	0.18550631092790051	27	0.1845515576819514	1059.3333333333333	0.1831020850168651	1704.6666666666667	0.18560481128963566	2224.0
1555	15550001	179	44	1	0.33839951747577807	19	0.3354557391351543	66.66666666666667	0.31695403044360715	117.66666666666667	0.3323573739892394	150.33333333333334
1556	15560001	1285	50	0	0.12360275426469693	62	0.1287389754118751	850.6666666666666	0.12475539300967094	1127.3333333333333	0.12581356565156343	1247.0
1557	15570001	170	43	1	0.22432709558787192	31	0.24132944143047405	50.666666666666664	0.22486737120473785	102.33333333333333	0.22023940390734606	142.66666666666666
1558	15580001	455	49	0	0.1816919982279964	34	0.18891272765005865	91.33333333333333	0.18516786523097525	204.33333333333334	0.1817461041364575	322.3333333333333
1559	15590001	356	38	0	0.32297013157709137	27	0.273297073067553	79.33333333333333	0.3304225701203105	144.33333333333334	0.3213084557730602	224.0
1560	15600001	3198	50	0	0.15636426996234876	41	0.15968740256008448	1249.0	0.160930396023921	1953.6666666666667	0.15931007346598755	2592.6666666666665
1561	15610001	7	3	1	0.535824089573162	4	0.6928203230275509	0.6666666666666666	0.5656533024671061	2.3333333333333335	0.5765620676240181	4.333333333333333
1562	15620001	77	23	1	0.1663442475658596	29	0.27932667704967024	6.666666666666667	0.20758232847955546	19.333333333333332	0.17734214654293132	45.333333333333336
1563	15630001	6	4	1	0.47958315233127197	4	0.5862017376794114	1.0	0.6217412661287912	3.0	0.4982534732408866	4.333333333333333
1564	15640001	184	24	1	0.18516510830265592	36	0.2792114938415875	26.0	0.21156819596537324	55.0	0.18176986312871132	106.66666666666667
1565	15650001	1196	50	0	0.23706249177493077	36	0.2283434683061293	558.3333333333334	0.2629706603850549	752.0	0.24772393038275586	942.0
1566	15660001	965	50	0	0.0981359898792936	68	0.09804591919932931	326.6666666666667	0.09791133636783256	478.6666666666667	0.09851952112731018	672.3333333333334
1567	15670001	3953	50	0	0.09628909966915908	68	0.09860871307337649	1388.6666666666667	0.0965555611584894	2140.3333333333335	0.09681501635473394	2928.3333333333335
1568	15680001	3190	50	0	0.09412711839692035	67	0.09413481041627904	1229.6666666666667	0.09415792917506259	1881.3333333333333	0.09415811597174212	2506.3333333333335
1569	15690001	1870	50	0	0.09883201502607208	68	0.1020904260992791	789.6666666666666	0.09916390098480342	1163.6666666666667	0.09880636965491531	1519.0
1571	15710001	24	33	1	0.11906182986042503	55	0.12031932107803334	10.0	0.1196528435600586	13.0	0.11907832094805997	18.333333333333332
1572	15720001	917	50	0	0.09687020880064373	70	0.100130350495389	289.6666666666667	0.09736151236820333	473.6666666666667	0.09685571841711366	674.0
1573	15730001	2535	50	0	0.11593792582054688	69	0.11771484198406541	1490.3333333333333	0.12041065259463861	1824.3333333333333	0.11801683409056289	2187.0
1574	15740001	2746	50	0	0.08618349380048802	77	0.08623707737427642	1885.0	0.0862240274211386	2182.3333333333335	0.08621813598422827	2497.6666666666665
1575	15750001	2000	50	0	0.08632654101659634	77	0.0863555121152327	1365.0	0.08640093541594672	1565.3333333333333	0.08627737390066427	1822.6666666666667
1576	15760001	2357	50	0	0.09160177931587063	76	0.09048763217139778	1551.6666666666667	0.09169766645337608	1835.6666666666667	0.09140900015193877	2133.3333333333335
1577	15770001	2634	50	0	0.08561659158743667	78	0.08609273368381676	2106.3333333333335	0.08574041733726175	2295.6666666666665	0.08564963288055923	2424.6666666666665
1578	15780001	1467	50	0	0.10379462313834653	66	0.10574544477609822	1114.0	0.1044947095848916	1243.6666666666667	0.10413417564226729	1325.3333333333333
1579	15790001	830	50	0	0.10196677458189646	67	0.09824489924727674	398.0	0.10378868581453267	558.3333333333334	0.10008373691762222	683.0
1580	15800001	2255	50	0	0.09575939116769935	68	0.09518197630659887	764.3333333333334	0.09668066686617492	1198.6666666666667	0.09592951967492636	1658.0
1581	15810001	3299	50	0	0.10374406222395662	68	0.0988763122972552	1752.3333333333333	0.10262239145383852	2431.0	0.1033984516987203	2880.0
1583	15830001	12	32	1	0.12089410709870878	52	0.12089410894757859	11.0	0.12089410709870878	12.0	0.12089410709870878	12.0
1584	15840001	13	32	1	0.12089410709870878	52	0.12089410709870878	11.0	0.12089410709870878	13.0	0.12089410709870878	13.0
1585	15850001	406	50	0	0.12360503131341868	66	0.12612901787527134	182.33333333333334	0.12628769302157103	267.0	0.1258600039227692	337.3333333333333
1586	15860001	72	46	1	0.16328750764962677	59	0.12406074142768374	27.333333333333332	0.16760281898441023	47.666666666666664	0.16210983642598967	62.0
1587	15870001	4223	50	0	0.0869352392604144	70	0.08963500938149477	1910.0	0.08828886438210483	2774.3333333333335	0.08741018519794229	3523.0
1588	15880001	189	50	1	0.2004922397662251	35	0.21512141376621977	66.33333333333333	0.19246866535280613	113.33333333333333	0.19619754115004387	147.0
1589	15890001	3841	50	0	0.15940156731108557	57	0.16136506578007065	1086.3333333333333	0.15446790285530584	1828.0	0.15681047801811623	2647.0
1590	15900001	145	39	1	0.32824209502129603	20	0.3892154135575469	37.666666666666664	0.3343763234951725	63.666666666666664	0.33618802788862734	97.33333333333333
1591	15910001	6	3	1	0.5142416358171319	4	0.6999635521070493	0.6666666666666666	0.6975824757472164	1.3333333333333333	0.5760512924386575	3.0
1592	15920001	1719	50	0	0.14386144399423142	40	0.16462369021892603	423.0	0.1490933906102312	729.3333333333334	0.14137763337784146	1189.0
1593	15930001	2671	50	0	0.1618159153024189	48	0.1618842397203576	600.0	0.16205409420514544	1180.3333333333333	0.16306437316915365	1914.3333333333333
1594	15940001	11	4	1	0.43256343904732125	6	0.6299416842569113	1.6666666666666667	0.4702420506406216	3.3333333333333335	0.5893315773422666	4.333333333333333
1596	15960001	6	2	1	0.5	4	0.7071067811865476	0.6666666666666666	0.6470866180698563	1.6666666666666667	0.5	2.0
1597	15970001	2223	50	0	0.13816875887043695	51	0.14573238254139562	781.6666666666666	0.13876396479362837	1201.3333333333333	0.13852444691265411	1624.6666666666667
1598	15980001	1413	50	0	0.2138262281719171	35	0.22008516755017052	389.3333333333333	0.21534208827550594	749.6666666666666	0.21398854717913304	1061.6666666666667
1599	15990001	1625	50	0	0.11228807372352695	54	0.11352526980202797	568.0	0.11223870009795682	933.0	0.11301166495922682	1283.0
1600	16000001	126	48	1	0.14585228958185015	48	0.1434353273911995	18.333333333333332	0.1473116328226974	41.333333333333336	0.15360630548333676	72.0
1601	16010001	455	44	0	0.15683595189568436	47	0.15825864840857504	136.66666666666666	0.15474668103196812	242.0	0.1553170268765649	349.3333333333333
1602	16020001	342	45	0	0.11441226464385544	52	0.11788971434679114	105.33333333333333	0.11688642919319818	183.0	0.11427579147547355	257.6666666666667
1603	16030001	610	50	0	0.11673791662502311	50	0.1155061465459728	192.33333333333334	0.11850483174174757	315.0	0.11607224151551258	465.3333333333333
1604	16040001	473	50	0	0.11236398697468436	54	0.11677416139236173	139.33333333333334	0.11303478276767422	241.66666666666666	0.11285384476942577	347.6666666666667
1605	16050001	33	28	1	0.13856019169663558	42	0.13821154770838293	19.0	0.14157244247988798	24.333333333333332	0.13851516052416094	30.666666666666668
1606	16060001	328	37	0	0.11637259348970265	57	0.119022796059061	68.66666666666667	0.11878359702119969	140.0	0.11781665502525646	208.0
1607	16070001	386	50	0	0.11461308842335324	52	0.11657794778216501	171.33333333333334	0.11478063840717545	256.0	0.11418544454115148	330.6666666666667
1608	16080001	752	43	0	0.11043270866779087	62	0.11115102617509942	232.0	0.11051035757338905	394.0	0.11046700401941185	568.6666666666666
1609	16090001	775	50	0	0.11558575210491577	57	0.11547080672393735	327.6666666666667	0.11584385263989604	478.3333333333333	0.1150954134417259	634.3333333333334
1610	16100001	885	50	0	0.11420508093549629	58	0.11381105436574877	386.3333333333333	0.11384566173612672	572.3333333333334	0.11628076929065	750.0
1611	16110001	1021	50	0	0.14629750517488171	39	0.15055140516950813	261.0	0.14445786855108952	473.3333333333333	0.14730023251678023	728.0
1612	16120001	2323	50	0	0.22611069442648285	47	0.2200272203309157	660.6666666666666	0.21701752811829253	1236.3333333333333	0.22273751977485864	1832.3333333333333
1613	16130001	1345	50	0	0.15491041369847527	39	0.17064555969081407	293.3333333333333	0.16063699739253712	589.0	0.15410984483055012	936.6666666666666
1614	16140001	612	50	0	0.1647179614678563	43	0.17561079008201919	107.0	0.17379641477716104	232.33333333333334	0.16748832541774147	417.3333333333333
1615	16150001	1385	50	0	0.1647137167491468	41	0.16621213393115933	309.6666666666667	0.17190609073587393	636.0	0.1642809910377714	999.6666666666666
1616	16160001	602	49	0	0.13785070350310222	51	0.1571504378063606	111.33333333333333	0.14209305683531118	239.66666666666666	0.13581374600255375	397.6666666666667
1617	16170001	81	22	1	0.1733200427140928	40	0.2344411028187429	10.666666666666666	0.21564959741378406	23.0	0.1863502034959589	45.0
1618	16180001	172	20	1	0.2317624047032423	21	0.2818909435170514	20.0	0.23896068108186252	58.666666666666664	0.24562734274173167	109.66666666666667
1619	16190001	88	20	1	0.2008628645199255	29	0.23429247257749805	12.666666666666666	0.21574011724003284	37.333333333333336	0.20920390715379378	62.0
1620	16200001	485	50	0	0.2040588645991028	46	0.26788409197783175	86.66666666666667	0.2253586036373093	204.0	0.21007183628862955	354.0
1621	16210001	280	49	0	0.20590674212333862	29	0.23013185466990768	105.66666666666667	0.21781288696390413	149.0	0.21015919262131255	208.33333333333334
1622	16220001	1144	50	0	0.18112598205526892	44	0.19695732003905012	539.3333333333334	0.17909392942626448	729.3333333333334	0.17961219365557354	949.6666666666666
1623	16230001	2257	50	0	0.1410053110613748	47	0.15923452384222517	604.3333333333334	0.1505558295373763	1101.3333333333333	0.1430421871965146	1636.6666666666667
1624	16240001	189	34	1	0.1721450688063521	42	0.1782148583724563	47.666666666666664	0.18056823481882692	88.0	0.17270864629403926	143.66666666666666
1625	16250001	649	50	0	0.18829551520197652	49	0.2270927486873874	145.0	0.1981842730062513	292.3333333333333	0.1900680010178746	473.0
1626	16260001	1952	50	0	0.1781112036482733	38	0.19853390550669278	566.0	0.1815121039875753	1089.6666666666667	0.18290998033974018	1510.6666666666667
1627	16270001	2281	50	0	0.165314981224379	44	0.16298486598814166	640.6666666666666	0.1738052454678701	1199.3333333333333	0.16405578273116964	1788.6666666666667
1628	16280001	93	50	1	0.3873519697838352	8	0.421891230906285	32.666666666666664	0.43261151290803496	46.0	0.3878599780429816	72.66666666666667
1630	16300001	489	50	0	0.2616477187305499	37	0.24277956988332586	111.66666666666667	0.2641621111645074	212.66666666666666	0.26737617746221937	357.6666666666667
1631	16310001	556	50	0	0.20760706029670806	35	0.19061965967832836	178.66666666666666	0.20265407153351325	294.3333333333333	0.20945854282297569	407.0
1632	16320001	3	2	1	0.6928203230275509	2	0.6928203230275509	0.3333333333333333	0.692820323027551	1.0	0.692820323027551	2.0
1634	16340001	3	2	1	0.6928203230275509	2		0.0	0.6928203230275509	1.0	0.692820323027551	1.6666666666666667
1646	16460001	1488	50	0	0.16994702087946637	45	0.19132468553024748	439.6666666666667	0.17871832496362935	826.6666666666666	0.16721695542489864	1203.3333333333333
1647	16470001	1440	50	0	0.1958392666064069	34	0.21067014253292596	563.6666666666666	0.19097120727817188	840.3333333333334	0.19565373265633665	1162.0
1648	16480001	2919	50	0	0.12853928680354526	55	0.13711617470074722	1022.6666666666666	0.12840034665711142	1708.0	0.12887592155735328	2431.3333333333335
1651	16510001	5	3	1	0.5454356057317857	4	0.6928203230275509	0.3333333333333333	0.6928203230275509	0.6666666666666666	0.579250896116513	3.0
1653	16530001	61	4	1	0.4063300390584672	6	0.4026748525194302	6.0	0.41509069928059067	20.333333333333332	0.4077640177880175	37.666666666666664
1654	16540001	683	50	0	0.16498597041040858	45	0.1662021872511252	220.66666666666666	0.1833286408999147	386.0	0.15623070779888978	574.0
1655	16550001	139	49	1	0.12474051978295973	49	0.12118502225983817	58.666666666666664	0.12287546899971256	93.33333333333333	0.12387788425233182	121.33333333333333
1656	16560001	904	50	0	0.28647265539101713	51	0.31641676125860985	325.3333333333333	0.2939286212077095	546.0	0.2834926674529818	754.0
1657	16570001	1654	50	0	0.14641683800116084	47	0.17036861165945494	406.0	0.14603000014471876	757.0	0.15274535197615666	1194.0
1658	16580001	419	39	0	0.17409338564893875	38	0.1948015278122671	75.0	0.17693810363082188	186.0	0.174072494547483	322.6666666666667
1661	16610001	1460	50	0	0.16260524334079615	44	0.16889482716397178	598.0	0.1668965413666826	858.3333333333334	0.16422383601496318	1159.0
1662	16620001	1795	50	0	0.18453549539748154	52	0.1857292500017377	623.3333333333334	0.18344375367631893	977.0	0.18101833273652115	1379.0
1663	16630001	374	38	0	0.21552800755712975	34	0.24215871300948585	92.33333333333333	0.21902400933253285	203.33333333333334	0.22518691753130873	318.3333333333333
1664	16640001	2270	50	0	0.17615408051231396	42	0.17123804846868906	468.6666666666667	0.18089782635814447	1016.0	0.17873442862568986	1608.6666666666667
1665	16650001	2362	50	0	0.1825120537705934	54	0.1898999580817872	676.3333333333334	0.16827539707561834	1139.6666666666667	0.1766546514117482	1750.3333333333333
1666	16660001	413	50	0	0.1389848602410218	48	0.1579261810828645	82.0	0.14890334721771428	160.33333333333334	0.1425469818363966	286.3333333333333
1669	16690001	3	3	1	0.559761870807092	3		0.0	0.559761870807092	1.3333333333333333	0.559761870807092	2.6666666666666665
1670	16700001	1101	50	0	0.2121571095636282	45	0.18976231181089628	296.3333333333333	0.21509611014114294	536.6666666666666	0.2058042714323881	812.3333333333334
1671	16710001	491	50	0	0.20227463094941003	33	0.2005320177922912	105.0	0.20909947175340116	191.66666666666666	0.19701289412001155	329.3333333333333
1673	16730001	3	1	1	0.7071067811865476	2	0.7071067811865476	0.3333333333333333	0.7071067811865476	0.3333333333333333	0.7071067811865476	1.3333333333333333
1676	16760001	2377	50	0	0.18060446171202288	48	0.17378122913662683	687.3333333333334	0.1792848561994226	1184.3333333333333	0.17807339299320213	1818.6666666666667
1677	16770001	1543	50	0	0.19881477670081574	43	0.20546924735827035	458.3333333333333	0.19588055192088338	845.3333333333334	0.20321850598935798	1252.3333333333333
1678	16780001	3980	50	0	0.15308681454364442	57	0.15885990545634918	1469.6666666666667	0.1577432194112191	2245.3333333333335	0.15563143785599173	3126.3333333333335
1679	16790001	2289	50	0	0.2077048894603181	54	0.19707283352748614	798.6666666666666	0.2067171768333351	1308.6666666666667	0.2080066208747823	1838.6666666666667
1680	16800001	750	50	0	0.22606154923994962	47	0.26314857274872944	213.33333333333334	0.2361429023162854	372.0	0.23412305479918172	564.6666666666666
1681	16810001	1625	50	0	0.1309756837669852	46	0.13510263347341064	441.6666666666667	0.12961486697931335	831.3333333333334	0.13039060087518212	1303.0
1682	16820001	265	50	0	0.17981913833683114	29	0.20045726818720697	81.66666666666667	0.18045413059847867	162.66666666666666	0.18520268990118263	217.66666666666666
1683	16830001	3246	50	0	0.16579201778900554	42	0.1693750358759465	1174.6666666666667	0.16454462765743913	1796.0	0.16431990644624608	2488.0
1684	16840001	1126	50	0	0.16574178943861154	44	0.16656724786572286	456.6666666666667	0.17085905804817733	782.3333333333334	0.16508637381113236	1035.3333333333333
1685	16850001	949	50	0	0.28186292857591577	40	0.3062939779320267	250.33333333333334	0.3024582866427399	485.3333333333333	0.272835094881893	741.0
1686	16860001	198	50	1	0.23121471827404824	24	0.30239865868780297	72.0	0.24642022969633223	97.0	0.24233524794901565	131.33333333333334
1687	16870001	1018	50	0	0.14232285729617028	48	0.16450546574645275	464.3333333333333	0.15995074820971344	642.3333333333334	0.14906293861647632	831.3333333333334
1688	16880001	114	50	1	0.30377899525789864	16	0.265764648071192	41.666666666666664	0.33829959845221375	70.33333333333333	0.33365017647949435	95.33333333333333
1689	16890001	1627	50	0	0.1673266129622983	57	0.19536923791827443	571.3333333333334	0.16905602741611392	920.6666666666666	0.1660911237463888	1299.3333333333333
1690	16900001	1822	50	0	0.14787995499561193	49	0.14589130770368716	544.6666666666666	0.15320139034730532	1045.6666666666667	0.1462121600881925	1465.0
1691	16910001	5508	50	0	0.15443107556740898	57	0.17012160418510472	1877.3333333333333	0.15637920896503787	3082.6666666666665	0.15144033673813403	4283.0
1692	16920001	3087	50	0	0.20773775664427677	41	0.20717050428600825	998.6666666666666	0.20167043914420732	1676.6666666666667	0.20744347191801116	2358.0
1693	16930001	1812	50	0	0.14737762049915726	42	0.17992432861736507	545.0	0.1518362023008658	866.3333333333334	0.15216335013953855	1218.0
1694	16940001	1122	50	0	0.17312712155863538	34	0.16813636054918302	289.6666666666667	0.17755292249758536	552.6666666666666	0.17008877486435392	870.6666666666666
1695	16950001	20	12	1	0.23940511141108398	15	0.3407893693979521	2.0	0.2802872663242274	7.333333333333333	0.2612119937711924	13.0
1696	16960001	534	50	0	0.15787455592844604	38	0.1691380423570703	71.33333333333333	0.158420363466626	164.0	0.15861989342867702	314.3333333333333
1697	16970001	4954	50	0	0.16769130279409303	50	0.16611298893595355	2056.6666666666665	0.17070256911063575	3147.0	0.16651784313442783	4029.6666666666665
1698	16980001	1764	50	0	0.16561190706898463	46	0.17535598551472617	689.6666666666666	0.16846155642413455	1085.3333333333333	0.17002685957690658	1382.3333333333333
1699	16990001	283	50	0	0.13381208898714297	59	0.1898031503308855	70.33333333333333	0.14553736118718494	150.0	0.14320235465218523	199.0
1700	17000001	1818	50	0	0.1637855891890875	46	0.15515490638562465	844.6666666666666	0.15764882066985933	1346.6666666666667	0.16185554424800028	1622.3333333333333
1701	17010001	1298	50	0	0.20953281845875119	46	0.18718019069144795	527.3333333333334	0.21190212180023046	888.3333333333334	0.2053339198855718	1135.6666666666667
1702	17020001	101	19	1	0.2483037511525508	27	0.22380968507457533	22.0	0.3034690603561238	40.333333333333336	0.2311104733456011	58.333333333333336
1703	17030001	768	50	0	0.22087234861534139	51	0.218425306951301	309.6666666666667	0.22949699329970555	465.6666666666667	0.21757823608929786	596.3333333333334
1705	17050001	2674	50	0	0.18797225547997012	48	0.20494952176113732	714.3333333333334	0.204979405704937	1302.6666666666667	0.1994216323079718	1941.0
1706	17060001	3533	50	0	0.15111623907521132	50	0.15888232243692377	997.3333333333334	0.15651627977756224	1738.0	0.14802958780405998	2601.6666666666665
1707	17070001	1771	50	0	0.164642642026867	43	0.17502976806030304	387.0	0.17465084340412637	695.3333333333334	0.16610860351964427	1081.0
1708	17080001	3652	50	0	0.1181542556280336	51	0.12405613803721899	1242.6666666666667	0.1190101593983131	1869.3333333333333	0.11829477139505558	2566.6666666666665
1709	17090001	1325	50	0	0.21549974277536674	31	0.20877828429604273	317.0	0.22080758402721826	595.6666666666666	0.2174187211678474	970.0
1710	17100001	752	50	0	0.19948347729106095	31	0.19541791784803317	321.6666666666667	0.20557828994873203	515.3333333333334	0.19793780450365528	642.3333333333334
1711	17110001	383	50	0	0.17645849829868618	35	0.20050844264672182	91.33333333333333	0.1915321664918349	178.66666666666666	0.17920663513620175	292.3333333333333
1712	17120001	2269	50	0	0.1407003214708838	47	0.14523705519126065	759.3333333333334	0.14357691960008465	1284.3333333333333	0.14208571899051178	1830.3333333333333
1713	17130001	1769	50	0	0.1515004711498616	55	0.15357605441031452	480.6666666666667	0.15080080012680894	833.0	0.1591407902041734	1247.6666666666667
1714	17140001	1681	50	0	0.13740407620602688	47	0.16847862054954474	809.0	0.13679616448599916	1111.3333333333333	0.13948502797296417	1379.3333333333333
1715	17150001	2716	50	0	0.13359893546363807	42	0.13609126856214201	1026.3333333333333	0.13699467593797446	1580.3333333333333	0.1339902436854801	2217.6666666666665
1716	17160001	2467	50	0	0.13569901490607236	46	0.139469588773902	804.3333333333334	0.13885270656421014	1289.0	0.1381248255619227	1835.3333333333333
1717	17170001	3019	50	0	0.16582819673461402	44	0.16145335439748434	1038.0	0.17187001943246694	1712.0	0.16562407630411102	2433.3333333333335
1718	17180001	3487	50	0	0.1632850831744943	42	0.1683237421693452	842.3333333333334	0.16985080253833673	1630.6666666666667	0.16157870794387805	2646.0
1719	17190001	1078	50	0	0.1653373363444113	50	0.14690127765349187	372.0	0.1652155841424344	540.6666666666666	0.16180202011940403	743.3333333333334
1720	17200001	2061	50	0	0.1835396350830695	42	0.19489874000499818	503.0	0.18875695355845157	939.0	0.18371975729207532	1474.3333333333333
1721	17210001	1245	50	0	0.28236055577442365	39	0.2643598202201211	269.0	0.28768650797426304	534.6666666666666	0.2798417748915036	872.6666666666666
1722	17220001	2709	50	0	0.14996921332405685	44	0.1721730568135853	784.6666666666666	0.14939032882020986	1334.6666666666667	0.1492233244178948	1961.3333333333333
1723	17230001	1909	50	0	0.15629676185878083	48	0.17439384409855538	574.6666666666666	0.16423495928738122	961.6666666666666	0.1623801990165694	1436.6666666666667
1724	17240001	1024	50	0	0.2981705919682579	28	0.2925298512240304	229.33333333333334	0.28956051017424805	434.0	0.29431787978381396	729.0
1725	17250001	92	13	1	0.2636166897001465	17	0.319989451487345	15.0	0.2624275010454901	32.666666666666664	0.2673429432896078	61.0
1726	17260001	607	50	0	0.17565112663164992	40	0.22284310084057543	202.33333333333334	0.1857767249643912	307.0	0.18674981850303773	442.6666666666667
1727	17270001	978	50	0	0.19099073432731545	39	0.18625963930968958	319.0	0.1888956486333521	478.0	0.18948573896341528	676.3333333333334
1728	17280001	2292	50	0	0.15121903133437	48	0.18955659590116433	533.6666666666666	0.17972776461249537	928.0	0.15558510195982608	1485.0
1729	17290001	1082	50	0	0.18460775902906232	35	0.22826502807606197	291.0	0.19059535909991132	494.3333333333333	0.18687888247168927	735.6666666666666
1730	17300001	2460	50	0	0.1763068417370904	46	0.1781471990673158	852.0	0.1841948948698717	1386.6666666666667	0.1813272140063679	1985.3333333333333
1731	17310001	1169	50	0	0.16690633301390098	36	0.20715682331394747	400.6666666666667	0.1758358611969767	682.0	0.16686929128159464	942.6666666666666
1732	17320001	2997	50	0	0.14506889688130045	50	0.16270177861561655	791.6666666666666	0.1541628525112991	1436.0	0.14656877427372875	2171.3333333333335
1733	17330001	1493	50	0	0.19366310548234902	42	0.1830060531411373	338.3333333333333	0.19723934629432824	584.3333333333334	0.19620169422827524	835.3333333333334
1734	17340001	1245	50	0	0.1703644933367303	42	0.16683497920603255	413.6666666666667	0.1679133881716903	686.3333333333334	0.1688203272938975	988.3333333333334
1735	17350001	2707	50	0	0.1330509891724063	49	0.1444492323939797	728.3333333333334	0.13426406575491093	1387.3333333333333	0.13266780065965952	2032.3333333333333
1736	17360001	252	50	0	0.1690207596057068	39	0.2055315845757998	72.66666666666667	0.17197349448875676	141.66666666666666	0.17155036977985536	208.66666666666666
1737	17370001	1351	50	0	0.17229592139426558	40	0.19706135453704357	301.0	0.16539149687286525	605.0	0.16929472902535717	980.6666666666666
1738	17380001	1444	50	0	0.22363218597093273	42	0.2019983412542771	289.6666666666667	0.21613163110076297	588.6666666666666	0.2234788019006263	962.0
1739	17390001	1879	50	0	0.15169097965389455	48	0.1496909921148623	520.0	0.15213241782095122	922.3333333333334	0.15479533320563857	1433.0
1740	17400001	8	5	1	0.4063111636084081	6	0.6999635521070493	0.6666666666666666	0.49328321050854873	2.3333333333333335	0.4164272144040559	6.0
1741	17410001	1121	50	0	0.1751164866518916	51	0.20506873193615716	326.3333333333333	0.16976478116741034	582.6666666666666	0.1828479715788037	867.3333333333334
1742	17420001	2012	50	0	0.23778434114645874	35	0.2260540688718379	700.3333333333334	0.22512861574146983	1171.0	0.23168335585912314	1632.6666666666667
1743	17430001	2753	50	0	0.15493225231475097	51	0.1659854620961191	634.3333333333334	0.15727753995666718	1249.6666666666667	0.1547618161159211	1936.0
1744	17440001	599	48	0	0.19176439883380747	44	0.1915938695272997	98.0	0.2051809343181056	218.66666666666666	0.19440029606801543	388.0
1745	17450001	3269	50	0	0.17636511541213437	45	0.1823498469891958	869.3333333333334	0.17074378915949584	1582.0	0.18268118663392877	2387.0
1746	17460001	2857	50	0	0.1490487985604448	47	0.1653151400404482	612.0	0.15206297009109424	1150.0	0.1513028730929166	1837.3333333333333
1747	17470001	2139	50	0	0.16234341679965142	45	0.1665237355117012	598.0	0.16550879151739106	1072.0	0.16371779903590614	1589.6666666666667
1748	17480001	3510	50	0	0.1335834842981796	53	0.13703496664538484	1192.0	0.13312407760542944	1953.0	0.13173401816695493	2792.3333333333335
1749	17490001	1553	50	0	0.27376708969693897	40	0.2995413283370778	489.3333333333333	0.24979039254536337	879.6666666666666	0.27232158656235267	1256.3333333333333
1750	17500001	2109	50	0	0.15227075310416502	39	0.17047114221680518	520.6666666666666	0.16409193234535738	983.6666666666666	0.1610947046964458	1598.0
1751	17510001	830	50	0	0.15759947290118728	48	0.19270784835762314	325.3333333333333	0.15388943425939616	517.3333333333334	0.1629575390341936	706.0
1752	17520001	1170	50	0	0.2735939339721229	36	0.2215544446261506	358.3333333333333	0.2741745236851247	651.6666666666666	0.26346345278179095	942.0
1753	17530001	1648	50	0	0.17420054027739432	55	0.17603249831390763	520.3333333333334	0.17055598207676514	822.0	0.17117657397517091	1223.0
1754	17540001	6	2	1	0.5	4	0.7071067811865476	0.6666666666666666	0.6170765365115106	1.3333333333333333	0.587066454953165	2.0
1755	17550001	1050	50	0	0.1762393944242071	46	0.17835009554344974	310.6666666666667	0.16652424740364716	529.3333333333334	0.1800706188287314	777.6666666666666
1756	17560001	3576	50	0	0.13316134436619814	53	0.141147947010518	1150.6666666666667	0.13446549440706032	1868.0	0.13473007564426417	2733.0
1757	17570001	644	50	0	0.18393971668073947	39	0.20873527092835698	175.33333333333334	0.1815958429887947	339.0	0.18917294813606708	475.0
1758	17580001	1503	50	0	0.13342710919889092	49	0.14610182129638435	272.0	0.13884496133935478	604.6666666666666	0.13515565388064368	1026.3333333333333
1759	17590001	102	19	1	0.27639060094297674	19	0.2298998318302702	20.333333333333332	0.2532434872910976	51.666666666666664	0.24847839831148258	76.0
1760	17600001	227	38	0	0.18185264626349995	43	0.22708974438869853	36.333333333333336	0.19253882408852072	81.0	0.17574798052062024	156.0
1761	17610001	1566	50	0	0.18970496985006038	46	0.19591519618854422	580.3333333333334	0.18190526799145254	946.6666666666666	0.1874484278590213	1243.3333333333333
1762	17620001	993	50	0	0.18452650495726755	48	0.18998680309773108	375.0	0.18561499030027973	606.6666666666666	0.1798098771556513	850.6666666666666
1763	17630001	2060	50	0	0.16994700633098092	42	0.1700748522214279	781.3333333333334	0.16480333133409028	1272.0	0.17464426880065573	1741.6666666666667
1764	17640001	2168	50	0	0.13979414914117325	50	0.14862050701028584	738.3333333333334	0.14116480251517224	1166.0	0.14263086154342466	1650.6666666666667
1765	17650001	784	50	0	0.18695212900580996	36	0.21580220251430607	209.0	0.18870144331819308	402.0	0.19059553395812776	600.3333333333334
1766	17660001	257	50	0	0.281744614942883	20	0.29940841778794497	147.33333333333334	0.25068839748921956	186.33333333333334	0.27387303543663033	225.66666666666666
1767	17670001	13	13	1	0.2207730618261073	18	0.257547745402396	2.6666666666666665	0.24649875402698637	7.333333333333333	0.2395095424771575	9.0
1768	17680001	1382	50	0	0.20443407041081235	32	0.19092427949386523	320.3333333333333	0.21191159373183152	655.3333333333334	0.20492809057966377	1012.3333333333334
1769	17690001	3622	50	0	0.15483971721463022	43	0.16224850516900957	1166.3333333333333	0.15480101761822462	2004.6666666666667	0.15125144132101284	2912.0
1770	17700001	2719	50	0	0.14565381633930646	54	0.15916924484752218	793.6666666666666	0.14546630778482442	1402.6666666666667	0.14454213184283973	2031.6666666666667
1771	17710001	2070	50	0	0.14089580059596718	47	0.17400520599254332	734.0	0.14170454053334416	1167.3333333333333	0.1416985615771774	1614.0
1772	17720001	2696	50	0	0.16493880993092472	51	0.16527702284341383	1118.6666666666667	0.17051848072508516	1615.0	0.1635983317601248	2151.6666666666665
1773	17730001	3411	50	0	0.15535938298342689	53	0.15786151967242443	1623.3333333333333	0.15582994400584685	2106.6666666666665	0.15487750315398421	2663.3333333333335
1774	17740001	3907	50	0	0.17049928707745107	59	0.16167509312039108	2052.6666666666665	0.1820892187574011	2564.0	0.1676116142054125	3121.3333333333335
1775	17750001	3858	50	0	0.16201380232663665	51	0.17678541530681494	1695.0	0.16204496831855839	2211.3333333333335	0.16128254093936875	2898.3333333333335
1776	17760001	3672	50	0	0.16602675709308767	48	0.16900864318709033	1169.0	0.17019925105589181	1918.0	0.16656019435568895	2735.6666666666665
1777	17770001	5254	50	0	0.15773534626776023	52	0.16835645335623384	2230.6666666666665	0.1634313377330712	3169.6666666666665	0.1563640161482096	4269.666666666667
1778	17780001	4250	50	0	0.13918417875466846	62	0.14151837237846918	1262.3333333333333	0.14167148380143352	2199.6666666666665	0.14167568116267906	3276.0
1779	17790001	3655	50	0	0.1859160763757588	51	0.1786360747790677	1255.3333333333333	0.19341456741020377	2089.3333333333335	0.1806565906165353	2961.0
1780	17800001	3953	50	0	0.1634905773368024	51	0.15965389840406255	1516.0	0.17304086442539804	2476.6666666666665	0.16301231979104777	3326.6666666666665
1781	17810001	2791	50	0	0.2029687496380936	40	0.19355901281528384	974.6666666666666	0.20917862319080305	1520.3333333333333	0.1990573364061308	2134.3333333333335
1782	17820001	1123	50	0	0.19333448968464026	42	0.17208223703551573	524.6666666666666	0.18578283076119095	749.3333333333334	0.19167877519293178	936.6666666666666
1783	17830001	3165	50	0	0.15033441691515578	55	0.16440296237905902	1159.6666666666667	0.15387794827017034	1913.6666666666667	0.1560228934419761	2625.6666666666665
1784	17840001	1273	50	0	0.20277214838892155	37	0.2282458720794371	411.3333333333333	0.20832040692950568	722.6666666666666	0.20132793934029436	1043.3333333333333
1785	17850001	676	50	0	0.15371941220484725	44	0.18417887923569645	195.0	0.15192557414612842	377.6666666666667	0.15215523913833082	555.0
1786	17860001	3	1	1	0.7071067811865476	2	0.7071067811865476	0.3333333333333333	0.7071067811865476	0.3333333333333333	0.7071067811865476	1.3333333333333333
1788	17880001	2573	50	0	0.150074836739798	51	0.1511362193687014	855.6666666666666	0.15199831132915675	1366.0	0.14876778723203915	1969.0
1789	17890001	3311	50	0	0.23200432513974475	41	0.21032062880275768	904.6666666666666	0.22164409406422692	1603.6666666666667	0.23901947337341178	2396.0
1790	17900001	2864	50	0	0.18539424270563873	46	0.18035435535946354	869.6666666666666	0.18218666009608708	1413.3333333333333	0.18776191478197335	1998.0
1791	17910001	3861	50	0	0.1624963076717447	47	0.16772491707068515	1307.6666666666667	0.16421751100332702	2049.3333333333335	0.16233702508198083	2763.6666666666665
1792	17920001	4460	50	0	0.1445771349251895	45	0.15080760218682435	1406.6666666666667	0.14846666926748064	2224.0	0.1441096203558818	3218.3333333333335
1793	17930001	2534	50	0	0.17135794454792186	55	0.17661556518862387	673.3333333333334	0.17432018043746036	1225.6666666666667	0.17587661455833903	1888.0
1794	17940001	3086	50	0	0.16966672379504255	47	0.16962958530927633	1149.3333333333333	0.17244373711940686	1742.3333333333333	0.17579267168155152	2404.3333333333335
1795	17950001	3324	50	0	0.16180397067892163	52	0.155336782850214	1307.0	0.16548526061624227	1891.6666666666667	0.15781113286450973	2505.6666666666665
1796	17960001	1924	50	0	0.17139697926842665	40	0.18526899113283699	844.6666666666666	0.17734089777949147	1186.6666666666667	0.1769859451065917	1545.6666666666667
1797	17970001	3645	50	0	0.1365631540868842	57	0.1512736292055858	1232.3333333333333	0.14052788482328765	1962.6666666666667	0.13730174481331742	2734.0
1798	17980001	3331	50	0	0.1453752395829658	52	0.1499168688578654	1124.6666666666667	0.1503867991288421	1834.0	0.1449207343642199	2643.0
1799	17990001	2541	50	0	0.16950046531980476	44	0.17419887759997973	1061.0	0.16606605402054966	1576.3333333333333	0.16988022931774338	2150.6666666666665
1800	18000001	636	50	0	0.15569214457442668	53	0.16141179417218765	176.33333333333334	0.15909048826326433	313.6666666666667	0.15613834614542096	483.0
1801	18010001	516	49	0	0.16783148624132144	33	0.23588598915216355	113.0	0.17189665859165704	247.33333333333334	0.17004892656983792	378.3333333333333
1802	18020001	3085	50	0	0.14921871094841388	47	0.1550662120669132	810.3333333333334	0.15152413298709594	1481.3333333333333	0.15079967318182796	2253.6666666666665
1803	18030001	4429	50	0	0.12641981825230553	54	0.1512450118449861	1408.6666666666667	0.1371120408175646	2316.6666666666665	0.12448987136525168	3323.3333333333335
1804	18040001	3974	50	0	0.1108467180435238	51	0.11597569702597917	1230.0	0.1127158816462862	1997.0	0.11176888413474216	2921.3333333333335
1805	18050001	1813	50	0	0.16006474157616446	49	0.16824346565319573	401.3333333333333	0.16738729211209613	774.6666666666666	0.15487286770637257	1266.0
1806	18060001	4461	50	0	0.16146400626447457	48	0.17059865484474304	1469.3333333333333	0.16810694718700026	2356.6666666666665	0.16177194484812774	3290.3333333333335
1807	18070001	4788	50	0	0.15771898785687916	46	0.17046861728356108	1308.6666666666667	0.16616050719280556	2366.0	0.15862128281092847	3525.0
1808	18080001	3267	50	0	0.1533013989867419	47	0.17962957232140705	1318.6666666666667	0.15289429209666563	2051.3333333333335	0.15195580612334755	2685.3333333333335
1809	18090001	2129	50	0	0.14283671613892518	51	0.1475008941342116	445.6666666666667	0.1514236542845532	899.0	0.14530563398610385	1515.0
1810	18100001	3110	50	0	0.16877370836254224	44	0.17806431455915295	710.6666666666666	0.16776679384240067	1299.3333333333333	0.16971104703963932	1953.0
1811	18110001	3596	50	0	0.23475523772310725	44	0.2475793324229957	1328.0	0.23934741952015107	2058.3333333333335	0.2336670087300964	2785.6666666666665
1812	18120001	1838	50	0	0.17438583257639934	43	0.17844670484419797	451.6666666666667	0.17363561353778123	843.3333333333334	0.17365107968599003	1344.6666666666667
1813	18130001	1986	50	0	0.21161142072767128	35	0.2207850180743828	598.0	0.21807267735497496	1085.0	0.2177917193176386	1576.0
1814	18140001	3774	50	0	0.14108864835063784	47	0.1456891039715139	1286.3333333333333	0.14272724270702494	2187.3333333333335	0.14291482942818037	3115.0
1815	18150001	1408	50	0	0.13775411001677856	52	0.14839947054668437	405.6666666666667	0.13761465839763357	711.6666666666666	0.14046426801230516	1070.3333333333333
1816	18160001	2061	50	0	0.1401055805007621	47	0.1493955983204839	723.3333333333334	0.13996497883284487	1105.0	0.14153685051657358	1580.6666666666667
1817	18170001	3617	50	0	0.15517331349826827	46	0.17813515106811498	1136.0	0.16407919384700329	1966.0	0.155855215183306	2819.0
1818	18180001	2817	50	0	0.1807843081833953	37	0.18942959454907002	994.3333333333334	0.1883602818079728	1550.6666666666667	0.1812727836010373	2146.3333333333335
1819	18190001	3174	50	0	0.18318542880718683	40	0.20380992446146173	787.6666666666666	0.18080613974671267	1459.3333333333333	0.1866530297157879	2354.0
1820	18200001	3944	50	0	0.16714776136555015	46	0.1814041861928383	1674.3333333333333	0.17129757264266862	2419.0	0.16939754316702862	3264.3333333333335
1821	18210001	2216	50	0	0.16750173929018108	40	0.16362975088584664	813.6666666666666	0.16823519491071326	1356.0	0.16449425142767782	1872.0
1822	18220001	2083	47	0	0.20357445538688304	30	0.233002404272911	352.0	0.20969803407177265	810.3333333333334	0.20971668427904808	1373.0
1823	18230001	2387	49	0	0.18660552620778825	34	0.18772482135551416	401.3333333333333	0.19251117950639596	884.0	0.18473661969173008	1545.3333333333333
1824	18240001	2020	50	0	0.19524106040111303	39	0.20335857063162335	358.6666666666667	0.19637446132031286	793.6666666666666	0.1987669822732211	1393.6666666666667
1825	18250001	3696	50	0	0.12848222900005035	55	0.13266026344871276	1628.6666666666667	0.12616482907407264	2261.0	0.1281778220414378	2992.0
1826	18260001	3223	50	0	0.1658216245246003	44	0.17354318531696808	1067.6666666666667	0.1679242288813462	1765.3333333333333	0.16637709805720083	2560.6666666666665
1827	18270001	1674	50	0	0.190827425389726	44	0.2005566336020034	529.6666666666666	0.18588113053040778	838.3333333333334	0.18900112708696248	1220.3333333333333
1828	18280001	474	50	0	0.2211209127841981	31	0.22495593179612236	143.0	0.21060609876737657	242.0	0.22548502765933476	380.0
1829	18290001	3277	50	0	0.1367021142297567	50	0.1453936935852882	1129.3333333333333	0.13956670056667161	1885.3333333333333	0.13964804874101447	2600.6666666666665
1830	18300001	1408	50	0	0.16720131530001384	42	0.17810693788507148	499.3333333333333	0.166309885215261	735.0	0.16435308719757116	1053.6666666666667
1831	18310001	3367	50	0	0.16430088477622895	44	0.16730388616094125	989.6666666666666	0.16469581790991353	1718.6666666666667	0.1635284900496309	2558.0
1832	18320001	2887	50	0	0.15035087488086527	45	0.15364430273424026	858.0	0.15480653123913604	1420.3333333333333	0.15027550069435047	2125.6666666666665
1833	18330001	3702	50	0	0.21408386589317344	47	0.20779045937883303	977.0	0.2067448003850366	1869.3333333333333	0.21542756098145724	2870.6666666666665
1834	18340001	3600	50	0	0.15612336784858294	50	0.16089664562993203	1106.3333333333333	0.1521110159280786	1832.6666666666667	0.15932828635182428	2727.0
1835	18350001	4031	50	0	0.19367384437210408	48	0.20879309633942392	1464.3333333333333	0.20095048600761678	2151.0	0.19570888808335396	2920.3333333333335
1836	18360001	2999	50	0	0.20789249410330363	42	0.216257360455921	815.0	0.21068122377142826	1468.6666666666667	0.21814430470425294	2168.0
1837	18370001	3892	50	0	0.18038163027000473	47	0.19414083070798008	1215.3333333333333	0.1792241439872682	2012.3333333333333	0.17988374284309183	2808.6666666666665
1838	18380001	2217	50	0	0.15958896812169326	38	0.21211087630318834	963.0	0.1838254017572549	1462.3333333333333	0.16156436101713528	1829.6666666666667
1839	18390001	1672	50	0	0.19503613158243427	45	0.20147818771743362	623.3333333333334	0.22050089224482394	943.0	0.2043488992894605	1276.6666666666667
1840	18400001	3500	50	0	0.19139026682681573	54	0.19339333229663658	1371.3333333333333	0.19238600770531403	2180.0	0.18874746398435494	2891.0
1841	18410001	2498	50	0	0.203966790812771	39	0.20892111191104737	1006.3333333333334	0.2094446530492977	1556.0	0.20233612013221147	2089.0
1842	18420001	2371	50	0	0.16081420519075865	48	0.1815205807799145	573.6666666666666	0.16031915130284888	1123.3333333333333	0.16385003258719882	1784.6666666666667
1843	18430001	3193	50	0	0.18136320385577742	42	0.19596003608180124	972.0	0.1862300490330612	1645.3333333333333	0.1816653838305902	2435.0
1844	18440001	2458	50	0	0.1536502540874327	41	0.15614436693680903	912.3333333333334	0.15914880464518796	1360.0	0.1525387593785811	1910.0
1845	18450001	2555	50	0	0.14632700425401937	49	0.14846410627659343	932.0	0.14918676780347395	1440.6666666666667	0.15024305702187762	2029.3333333333333
1846	18460001	4679	50	0	0.18184469077570709	48	0.18547167183186222	1369.0	0.1834347406700221	2304.3333333333335	0.18205236639383104	3338.3333333333335
1847	18470001	4909	50	0	0.170950102793136	48	0.1790358632779526	1329.6666666666667	0.1674539942579286	2159.6666666666665	0.17008744769047537	3281.0
1848	18480001	3451	50	0	0.16049119588905542	39	0.16380102087857792	1034.3333333333333	0.16594307428685953	1738.6666666666667	0.1607998789616842	2582.0
1849	18490001	4441	50	0	0.2176489588575065	38	0.20929670342942808	1301.6666666666667	0.21190583743938465	2238.6666666666665	0.22388108951268962	3255.3333333333335
1850	18500001	3354	50	0	0.15892313796408827	52	0.16390548229096297	1092.6666666666667	0.16253205341877436	1756.3333333333333	0.16327650908849198	2524.6666666666665
1851	18510001	3970	50	0	0.1602009210267206	47	0.1750161087107178	1929.3333333333333	0.15723401721243788	2677.6666666666665	0.16103399747275646	3269.6666666666665
1852	18520001	3268	50	0	0.19827764281772248	54	0.20188225375686084	1351.3333333333333	0.19515374331964885	1914.3333333333333	0.19793391462616347	2454.0
1853	18530001	2732	50	0	0.18722267675643936	41	0.18117956192764598	1184.0	0.18229971243095686	1693.6666666666667	0.1877682297838206	2224.6666666666665
1854	18540001	2480	50	0	0.18832360302315912	43	0.18891790479802592	650.0	0.18682731533833893	1100.6666666666667	0.18598269336109038	1641.0
1855	18550001	3029	50	0	0.18618357843989464	46	0.1743179420667662	829.0	0.19253986069721563	1437.0	0.1830652285898595	2163.0
1856	18560001	2498	50	0	0.20401069991834037	46	0.20401410481886298	797.6666666666666	0.21203960891511908	1369.6666666666667	0.1954727118310631	2007.0
1857	18570001	4550	50	0	0.14118387634941906	57	0.1469909478904252	1551.6666666666667	0.14373858981231344	2287.3333333333335	0.1426674662423843	3254.3333333333335
1858	18580001	2404	50	0	0.17695448194124214	52	0.17367438391592546	555.6666666666666	0.17473646921796715	1014.6666666666666	0.18377463366729271	1591.0
1859	18590001	2555	50	0	0.13140567014605634	50	0.1398090870556239	1007.0	0.12890043439020352	1398.3333333333333	0.13236108953596312	1816.3333333333333
1860	18600001	1703	50	0	0.16631496545806687	49	0.18031059276736183	459.3333333333333	0.16501063718429698	764.3333333333334	0.16869240744393643	1116.6666666666667
1861	18610001	3880	50	0	0.166322125324155	42	0.19162980162071006	1731.3333333333333	0.1758963364730861	2275.3333333333335	0.16817174412950306	2937.6666666666665
1862	18620001	3533	50	0	0.1604466589397924	38	0.16464114951404313	1259.6666666666667	0.16264015424401831	2019.0	0.16116427491789873	2744.6666666666665
1863	18630001	3346	50	0	0.15137173973130963	54	0.15785536611101048	1041.0	0.14814634621536862	1591.0	0.15113258996136378	2250.6666666666665
1864	18640001	2358	50	0	0.18793285008285937	46	0.20962265055117593	489.0	0.21806469125470906	903.0	0.18706132259334826	1519.3333333333333
1865	18650001	3870	50	0	0.15592113048904513	45	0.16487544806813734	1230.6666666666667	0.15783865669252756	1880.6666666666667	0.15882366909607867	2777.0
1866	18660001	4022	50	0	0.15337089249480973	45	0.15633030245410295	1359.0	0.17020893459614203	2020.6666666666667	0.1561057769945155	2800.3333333333335
1867	18670001	3813	50	0	0.1727328495299879	46	0.21646868822525153	1345.6666666666667	0.1708387261304473	2004.3333333333333	0.17358407085387798	2711.6666666666665
1868	18680001	4572	50	0	0.13027126587901686	48	0.14042592059583833	1435.3333333333333	0.13625263742842705	2232.6666666666665	0.12906309644429095	3180.3333333333335
1869	18690001	2837	50	0	0.1872118755479706	38	0.20000820636327432	962.0	0.19043246977037218	1509.3333333333333	0.18660026934551635	2161.6666666666665
1870	18700001	3348	50	0	0.15983462268457635	45	0.1623988727464911	1005.0	0.16627522474639103	1637.6666666666667	0.15956000546473567	2424.6666666666665
1871	18710001	4407	50	0	0.2292643215958001	37	0.23414786596324558	1636.6666666666667	0.22420348687529157	2610.0	0.23362472590718808	3566.3333333333335
1872	18720001	1877	50	0	0.1693613545854725	35	0.1839205519304473	637.3333333333334	0.17757364158717368	1035.3333333333333	0.16931947399482625	1507.0
1873	18730001	3609	50	0	0.1566438466516045	51	0.16807766720486916	1304.3333333333333	0.15962147821277634	2023.6666666666667	0.15544835911251356	2735.3333333333335
1874	18740001	2399	50	0	0.16922044880367268	45	0.18727264622000825	772.3333333333334	0.17477865053637465	1214.3333333333333	0.1733935268367698	1748.3333333333333
1875	18750001	4356	50	0	0.15614680759746044	49	0.15216835869967343	1182.3333333333333	0.1550861968743804	2026.3333333333333	0.1548243040940652	3049.6666666666665
1876	18760001	1789	50	0	0.14458706492912665	38	0.17597049217099703	465.6666666666667	0.15358877856035189	813.0	0.15128501407943606	1251.0
1877	18770001	4435	50	0	0.14615396034868386	55	0.14689481802075077	1382.3333333333333	0.14693178310556265	2275.0	0.15290839970009346	3339.3333333333335
1878	18780001	4174	50	0	0.16406856684584434	55	0.15710004957040316	1253.0	0.16809349193761167	2171.0	0.16492839773428322	3195.6666666666665
1879	18790001	3292	50	0	0.1396960496674591	51	0.14960525354267676	923.3333333333334	0.14066184725426656	1651.6666666666667	0.1410209790671636	2464.6666666666665
1880	18800001	3165	50	0	0.25962868587720755	42	0.2205957990223124	890.6666666666666	0.2556668833786004	1481.6666666666667	0.2532246812196571	2288.3333333333335
1881	18810001	2015	50	0	0.17832462327989648	45	0.19063691473792224	756.6666666666666	0.17985815850528222	1075.3333333333333	0.1820560669479113	1448.6666666666667
1882	18820001	3	1	1	0.7071067811865476	2	0.7071067811865476	0.3333333333333333	0.7071067811865476	0.3333333333333333	0.7071067811865476	0.6666666666666666
1883	18830001	2162	50	0	0.2402080257971171	45	0.2430194163444186	822.3333333333334	0.2476304836470881	1222.6666666666667	0.24287773500554635	1636.3333333333333
1884	18840001	2545	50	0	0.20266188929257148	35	0.22399006729962526	1049.6666666666667	0.19860842576395119	1643.3333333333333	0.20384391374061436	2080.6666666666665
1885	18850001	34	13	1	0.28054164692461675	20	0.3955887288420426	3.3333333333333335	0.29376011036453387	9.0	0.3060998730548828	17.666666666666668
1886	18860001	5218	50	0	0.15860314844448903	49	0.177868034473235	1841.0	0.17124261343965938	2805.3333333333335	0.1630159785940235	3959.6666666666665
1887	18870001	3471	50	0	0.2279257603130703	46	0.2578143065276088	1305.0	0.20974616521128056	1917.0	0.2301593741998428	2651.6666666666665
1888	18880001	3854	50	0	0.16404665474983507	46	0.1667849898959882	870.0	0.17126810781826976	1630.3333333333333	0.16327523387330425	2573.0
1889	18890001	2722	50	0	0.19585099084945423	42	0.21358398615337115	624.3333333333334	0.19203051590716505	1101.6666666666667	0.19663700643587326	1801.0
1890	18900001	2200	50	0	0.2438705326204424	33	0.2507379694619966	597.0	0.24107338847055737	1050.3333333333333	0.2430030058146689	1559.0
1891	18910001	624	50	0	0.2701063781085028	30	0.30039466367413403	148.0	0.2823781600490682	262.0	0.2689915023077063	411.3333333333333
1892	18920001	959	50	0	0.18681203677804986	42	0.20098852795063585	376.6666666666667	0.19813893431767568	542.0	0.18800720613931785	736.3333333333334
1893	18930001	3530	50	0	0.2038613308498799	44	0.19535807198319088	1333.0	0.20912786191941848	1977.3333333333333	0.20463789268235585	2703.6666666666665
1894	18940001	3705	50	0	0.15859279699199616	49	0.1695603563299387	1332.6666666666667	0.16090071246543866	2105.3333333333335	0.16283255823920678	2931.6666666666665
1895	18950001	4034	50	0	0.16822302797290725	49	0.17660121039431645	1057.0	0.1767380162542472	1845.0	0.16919469949765417	2723.0
1896	18960001	405	50	0	0.2349288028415878	31	0.26392240200861	95.66666666666667	0.2516974287049123	203.66666666666666	0.24313921721205642	285.0
1897	18970001	3402	50	0	0.13899898775511588	55	0.14337872723624373	1019.3333333333334	0.14694874260811866	1843.6666666666667	0.13845315300013464	2636.0
1898	18980001	2457	50	0	0.14685836014941786	47	0.1536361268401929	764.6666666666666	0.15572976868003732	1162.3333333333333	0.14690002198927163	1709.6666666666667
1899	18990001	2628	50	0	0.19013606528087126	40	0.21251480912456508	751.0	0.19117366631850233	1272.0	0.18634463324344386	1920.3333333333333
1900	19000001	1092	50	0	0.1661009191273459	38	0.17178246686111542	366.6666666666667	0.17464313132301176	629.0	0.1678165440139414	861.3333333333334
1901	19010001	3	1	1	0.7071067811865476	2	0.7071067811865476	0.3333333333333333	0.7071067811865476	0.3333333333333333	0.7071067811865476	1.3333333333333333
1903	19030001	3452	50	0	0.2798961420507122	49	0.2797392295902916	873.3333333333334	0.2843463207596344	1718.6666666666667	0.2724789335108872	2613.0
1904	19040001	2831	50	0	0.1569306338065284	47	0.17227500781846192	934.6666666666666	0.16119512456676735	1515.0	0.15917012659392546	2095.6666666666665
1905	19050001	2430	50	0	0.1811761100055228	48	0.1970101059059981	873.0	0.18471109341726646	1349.0	0.18155066999382208	1837.0
1906	19060001	1450	50	0	0.1943589859873585	46	0.19014859822506658	478.0	0.20145874129629762	789.0	0.19694276743512265	1151.6666666666667
1907	19070001	3717	50	0	0.15798628877471008	45	0.17049097379674916	1389.6666666666667	0.15776939680471	2146.0	0.15996941596427794	2940.3333333333335
1908	19080001	2475	50	0	0.15868732530873003	44	0.16586749660132208	554.3333333333334	0.15506733581831925	1110.3333333333333	0.16066089542542752	1779.3333333333333
1909	19090001	2324	50	0	0.17847960756443357	42	0.18061620008069898	753.6666666666666	0.18622992632833676	1270.0	0.1816352371387375	1836.6666666666667
1910	19100001	2448	50	0	0.1638673439371549	50	0.16458875473105294	826.0	0.16984752069488218	1335.6666666666667	0.1645418879947977	1873.6666666666667
1911	19110001	2909	50	0	0.18003730724285222	45	0.18513842449617166	1317.0	0.18071896627119455	1823.3333333333333	0.17557888637696947	2376.0
1912	19120001	2771	50	0	0.18079459962412892	52	0.19625900094128687	1524.6666666666667	0.1886168379552854	1953.3333333333333	0.1832621972312758	2322.3333333333335
1913	19130001	3766	50	0	0.1814411704519471	52	0.1785855263576034	1438.6666666666667	0.18150945671164634	2151.3333333333335	0.18014224517603497	2915.3333333333335
1914	19140001	2344	50	0	0.1842655634758991	48	0.19284398070036005	875.3333333333334	0.18939687421305193	1447.0	0.18769807741206554	1969.3333333333333
1915	19150001	4253	50	0	0.15531172418465944	51	0.15757385990075432	1646.0	0.15545473777927632	2547.3333333333335	0.16190931595363603	3403.3333333333335
1916	19160001	4992	50	0	0.1286953260331007	52	0.1358084267950828	1565.0	0.13249878716361108	2534.0	0.13225061170767818	3767.3333333333335
1917	19170001	3258	50	0	0.16591455495748658	51	0.17466883188685456	1178.0	0.1726243261403957	1801.3333333333333	0.1651467990344994	2536.6666666666665
1918	19180001	3914	50	0	0.12714740424169396	58	0.14416789652405207	1891.0	0.1319302886458045	2610.3333333333335	0.13248091129957998	3283.0
1919	19190001	2839	50	0	0.18485523045037175	46	0.19130160125645557	1146.6666666666667	0.18813475688647477	1785.0	0.1804478521791214	2316.3333333333335
1920	19200001	3854	50	0	0.15517083067163365	39	0.17226485127813454	1308.6666666666667	0.16149963299937276	2070.3333333333335	0.1523720445845035	2956.0
1921	19210001	3423	50	0	0.16550629431184458	56	0.18182291357748306	1299.0	0.17261067935633667	2039.0	0.1638697354955767	2782.3333333333335
1922	19220001	3031	50	0	0.15858531063189665	42	0.16764515477953915	1183.0	0.1614213918322577	1867.3333333333333	0.15875921799745196	2479.0
1923	19230001	9	4	1	0.4213074886588179	6	0.7071067811865476	0.3333333333333333	0.5985023648715916	1.3333333333333333	0.48924309541665095	3.6666666666666665
1924	19240001	1854	50	0	0.15964889850686803	51	0.179725021761074	527.6666666666666	0.16698441328533195	984.0	0.16491212625456617	1466.6666666666667
1925	19250001	2841	50	0	0.14971680430461945	44	0.14340499552215244	885.6666666666666	0.15208817143301745	1563.3333333333333	0.1489393400085258	2274.6666666666665
1926	19260001	982	50	0	0.21486948169324196	34	0.20678827092495392	266.0	0.20757989054942894	551.0	0.21863443205825953	778.6666666666666
1927	19270001	3271	50	0	0.1475061684573599	50	0.15355274388267934	996.6666666666666	0.15273992721161903	1791.0	0.1467508641220879	2626.6666666666665
1928	19280001	3341	50	0	0.14036976276968363	56	0.1533399516867504	803.3333333333334	0.1463371452509273	1595.0	0.14277542260451742	2588.0
1929	19290001	2358	50	0	0.1427662188662413	53	0.15064599267439646	747.3333333333334	0.14368887793733795	1325.0	0.14408202071062462	1893.0
1930	19300001	2142	50	0	0.18424852790510468	43	0.20781914648261157	578.0	0.18674626747389253	1031.0	0.18125058436535235	1589.3333333333333
1931	19310001	2154	50	0	0.15914412347491183	45	0.20233134534010633	740.6666666666666	0.16121236994255703	1182.3333333333333	0.16701340900155773	1633.3333333333333
1932	19320001	2133	50	0	0.13812122843252003	52	0.15869486791200402	606.0	0.1357070883791944	1095.6666666666667	0.14341188657251971	1652.6666666666667
1933	19330001	2532	50	0	0.19364840635321562	40	0.2028892337697569	582.6666666666666	0.17962503742322478	1184.3333333333333	0.19225045863878318	1853.0
1934	19340001	1682	50	0	0.21120038819507878	35	0.21445197502013735	593.3333333333334	0.21440486998058547	1028.0	0.21203884583467048	1367.0
1935	19350001	559	50	0	0.22739244814713086	37	0.25593606676014874	142.33333333333334	0.23003895346714132	261.6666666666667	0.2273916462350185	400.6666666666667
1936	19360001	1352	50	0	0.18019322890757256	46	0.1729579275938352	327.3333333333333	0.20984054032357316	592.3333333333334	0.18390476000475106	934.3333333333334
1937	19370001	1360	50	0	0.17278371499913922	44	0.1831404992709934	517.0	0.17478525259460756	795.6666666666666	0.18108565367414486	1049.3333333333333
1938	19380001	9	5	1	0.40496914058725053	6	0.6928203230275509	0.6666666666666666	0.5541004746384862	2.3333333333333335	0.4576077781612709	5.666666666666667
1939	19390001	461	50	0	0.19783495550416028	33	0.25405291332630586	158.33333333333334	0.22505701048513035	276.6666666666667	0.21246507007043278	381.0
1940	19400001	3249	50	0	0.19734910096846844	43	0.19617684686582146	1082.0	0.1891678159388722	1765.0	0.20575801744074804	2482.0
1941	19410001	4223	50	0	0.1524500258006433	54	0.17185013131992308	1765.3333333333333	0.14875666686579256	2710.3333333333335	0.1553088875920485	3467.3333333333335
1942	19420001	2792	50	0	0.13377845600782443	57	0.15148180424301336	801.6666666666666	0.13369614002418118	1360.3333333333333	0.1355353533317835	2077.3333333333335
1943	19430001	3286	50	0	0.16628403919821685	51	0.16934347353916812	1079.3333333333333	0.16950423278460333	1809.0	0.16946740699224108	2595.3333333333335
1944	19440001	1307	50	0	0.1394613194319861	50	0.15590264098388318	370.0	0.1382891290365552	633.0	0.1407376514003635	974.6666666666666
1945	19450001	2942	50	0	0.1298275742969734	48	0.14958786389539216	807.3333333333334	0.13147630300565039	1405.0	0.13340044323155856	2020.0
1946	19460001	1482	50	0	0.19483303826708057	42	0.20965434186840903	480.0	0.1979278603050427	846.6666666666666	0.20015657193921524	1179.6666666666667
1947	19470001	2203	50	0	0.18019865434914661	39	0.18478365067348737	625.0	0.18843809361663685	1084.0	0.18061729206111618	1598.6666666666667
1948	19480001	3796	50	0	0.15329415755032688	48	0.16588109868172937	1451.3333333333333	0.16233230672282115	2254.0	0.1528785923640897	2963.0
1949	19490001	2701	50	0	0.1353034883631662	54	0.1595059278792037	903.6666666666666	0.13932837895622488	1455.3333333333333	0.13748933589749893	2031.6666666666667
1950	19500001	3993	50	0	0.14410865539861906	53	0.14362864588605673	1181.6666666666667	0.1466243789637873	1984.0	0.14632364230511938	2898.6666666666665
1951	19510001	5553	50	0	0.14811413117940947	49	0.15550478074954818	1582.6666666666667	0.15623270889685026	2813.3333333333335	0.1497678121224559	4239.0
1952	19520001	3581	50	0	0.16052622847404757	40	0.17964706188317683	1064.3333333333333	0.17007442034653378	1753.3333333333333	0.16340342499045266	2652.0
1953	19530001	216	50	0	0.22901290037490502	22	0.21595801115004312	69.0	0.2396451953967219	108.33333333333333	0.22928710143925135	174.33333333333334
1954	19540001	8	3	1	0.5142416358171319	4		0.0	0.6928203230275509	1.0	0.5898707180550135	4.333333333333333
1955	19550001	3113	50	0	0.11877512859588826	53	0.13691323616823617	682.0	0.12543994212558437	1308.6666666666667	0.12088708307154346	2154.6666666666665
1956	19560001	3306	50	0	0.1498796619660846	45	0.15147730487153788	731.6666666666666	0.15366385454952203	1507.6666666666667	0.1526545983698607	2538.3333333333335
1957	19570001	1768	50	0	0.16579942489544794	41	0.1848217938784976	278.0	0.17381375893480544	697.6666666666666	0.16685163269600992	1316.3333333333333
1958	19580001	4378	50	0	0.16042198894625462	55	0.15895861836401562	1846.0	0.16502821364476927	2912.0	0.15726892192471628	3816.3333333333335
1959	19590001	970	50	0	0.1701735021302855	40	0.19679251681717133	248.0	0.18476818623692357	469.0	0.17717107822932734	752.3333333333334
1960	19600001	3608	50	0	0.14160067739994783	51	0.14013482390018508	1752.0	0.14465300450710197	2515.0	0.14254633742885528	3129.3333333333335
1961	19610001	3079	50	0	0.16740724966900014	41	0.16660866328273313	1457.0	0.1737855936105124	2014.6666666666667	0.17367630779021317	2523.0
1962	19620001	1167	50	0	0.20797993980687926	39	0.21376307732498975	218.66666666666666	0.21179199225574577	499.6666666666667	0.20668156624548217	856.3333333333334
1963	19630001	2879	50	0	0.14391368535760646	47	0.1641615557849421	799.6666666666666	0.14690378235587123	1426.3333333333333	0.14204931296200904	2141.3333333333335
1964	19640001	4132	50	0	0.1619134495391953	52	0.17294844187029512	1473.6666666666667	0.1618853846182196	2450.0	0.16559684148105816	3333.3333333333335
1965	19650001	4161	50	0	0.16394102596158663	48	0.18361253359010118	1361.3333333333333	0.17019102229765037	2382.3333333333335	0.16655749471118295	3374.3333333333335
1966	19660001	3322	50	0	0.14145488189376879	54	0.1458189202918815	1192.3333333333333	0.147837160292258	1960.3333333333333	0.14102489495772366	2689.3333333333335
1967	19670001	716	50	0	0.20569837982263123	29	0.225197300884427	196.33333333333334	0.20780040971893785	354.0	0.20916759576762467	521.6666666666666
1968	19680001	2254	50	0	0.1868899506455796	44	0.16977815977417846	545.0	0.1863083787363656	965.0	0.18805128587790745	1523.6666666666667
1969	19690001	3627	50	0	0.1500714434831651	45	0.16618405023531904	1003.0	0.153652332936596	1778.3333333333333	0.15061248187542783	2734.3333333333335
1970	19700001	2196	50	0	0.20024732371970896	44	0.20174836427646448	647.6666666666666	0.20004524537054072	1111.6666666666667	0.20047086349671825	1599.6666666666667
1971	19710001	2237	50	0	0.15907931771537345	49	0.14142882545192284	562.3333333333334	0.15389283570342563	1097.0	0.1596983142852669	1677.0
1972	19720001	149	49	1	0.23287639402460455	25	0.2270889190975013	48.666666666666664	0.21648905180157474	86.0	0.23754975160373684	117.0
1973	19730001	1300	50	0	0.18106962838379537	41	0.1936543820556574	387.3333333333333	0.1830441724892644	639.6666666666666	0.18097370865506676	938.3333333333334
1974	19740001	1990	50	0	0.15891188692023211	49	0.17955180845631338	605.0	0.1539836771498572	1051.0	0.15731883223712498	1543.0
1975	19750001	1767	50	0	0.2349604545613304	37	0.21816882630936305	536.0	0.23014006120779631	917.6666666666666	0.230335821106417	1364.6666666666667
1976	19760001	2109	50	0	0.1553819826796172	47	0.16665564242965203	806.3333333333334	0.1496473392699934	1215.6666666666667	0.15377101327215265	1673.3333333333333
1977	19770001	3104	50	0	0.16279008369814948	47	0.19262856541241877	1110.3333333333333	0.174742326887272	1759.0	0.16593201239598324	2442.6666666666665
1978	19780001	2961	50	0	0.15378409176668412	51	0.1634310301318123	1092.6666666666667	0.15673813048506877	1630.3333333333333	0.15504977697172806	2256.0
1979	19790001	3165	50	0	0.20142601447840192	39	0.2014498990869793	1232.3333333333333	0.20250997143906646	1904.0	0.2030601431885647	2514.0
1980	19800001	2532	50	0	0.17992016161740884	43	0.18996362649156454	933.3333333333334	0.17846890033486473	1433.3333333333333	0.1819237186626869	1971.0
1981	19810001	3788	50	0	0.22057481748131857	49	0.18506471898880206	1363.0	0.20725371991407493	2243.6666666666665	0.22526019136084466	3182.6666666666665
1982	19820001	2423	50	0	0.15337672622654644	43	0.17457123426969337	757.6666666666666	0.16343271266187506	1305.6666666666667	0.15224900638620031	1897.6666666666667
1983	19830001	3763	50	0	0.17671065815946657	40	0.18929344294718964	1136.0	0.18147004956849022	1959.3333333333333	0.17406898763771472	2827.3333333333335
1984	19840001	4253	50	0	0.15604686914752097	40	0.15830907402489688	1421.0	0.16129855024788212	2267.0	0.15573719179826342	3127.6666666666665
1985	19850001	3583	50	0	0.1903427043563718	39	0.18311731580537874	1302.0	0.19172912404229348	2058.3333333333335	0.19238743446093073	2844.6666666666665
1986	19860001	3044	50	0	0.1455701459775933	42	0.14487273688213861	1197.0	0.14865875528181385	1935.6666666666667	0.14737128493670748	2564.3333333333335
1987	19870001	2475	50	0	0.14616759646194574	48	0.15801747169221805	747.3333333333334	0.14796559715757907	1316.0	0.14741533612137317	1914.3333333333333
1988	19880001	3838	50	0	0.14663143637279571	42	0.15017795662979716	1368.6666666666667	0.15257283935100183	2198.6666666666665	0.14829304260667675	3049.3333333333335
1989	19890001	3288	50	0	0.13647786955075283	43	0.13879975163144756	918.3333333333334	0.14549552951041722	1573.0	0.13499894329964704	2345.0
1990	19900001	3371	50	0	0.12277887094739146	51	0.12388315474648294	969.3333333333334	0.11938502962090293	1649.0	0.12410849126597938	2462.3333333333335
1991	19910001	3394	50	0	0.15899236262939975	52	0.167956186209836	1257.3333333333333	0.1621132863490253	1897.0	0.1567608091919955	2626.3333333333335
1992	19920001	4448	50	0	0.15594332074031952	49	0.16273983858105548	1768.3333333333333	0.15485735070451287	2664.6666666666665	0.15337026547092536	3531.6666666666665
1993	19930001	3316	50	0	0.16961679460698353	35	0.17507102673518482	1082.3333333333333	0.1733069325851405	1847.6666666666667	0.16951426066706435	2605.0
1994	19940001	2073	50	0	0.29793495194319775	40	0.3101260851049591	788.0	0.3001151465084087	1337.0	0.28885457125022856	1762.6666666666667
1995	19950001	3370	50	0	0.13748032629712267	45	0.14523528689533274	1354.0	0.13654734450532066	2190.3333333333335	0.13717973807036699	2853.3333333333335
1996	19960001	2588	50	0	0.18897890715771193	37	0.1953317274862443	1295.6666666666667	0.1907624311002071	1761.0	0.18723882168926306	2203.3333333333335
1997	19970001	3635	50	0	0.18470609895660592	56	0.19874247785187812	1386.3333333333333	0.19658415995776435	2002.6666666666667	0.18944651336303983	2684.3333333333335
1998	19980001	3313	50	0	0.19703174051535546	40	0.20299066240337785	1204.0	0.1955917709768861	1785.6666666666667	0.19630626228745754	2392.0
1999	19990001	2899	50	0	0.19480345185270154	51	0.2033403188210022	1347.0	0.18282054909669423	1802.6666666666667	0.19239288076361197	2223.6666666666665
2000	20000001	2980	50	0	0.1786939969286606	38	0.1946710879853287	1064.3333333333333	0.1812471455411738	1643.0	0.1828474137793056	2117.6666666666665
2001	20010001	4147	50	0	0.15757949034720273	47	0.15763520224661967	1412.6666666666667	0.1597481903362339	2475.0	0.15836556428528603	3376.6666666666665
2002	20020001	3296	50	0	0.17589745551746888	48	0.19926349049300393	1287.6666666666667	0.18646874174679762	2006.6666666666667	0.1781789787402203	2705.0
2003	20030001	2604	50	0	0.16610349863870827	46	0.1492961686480144	932.3333333333334	0.15969011153444393	1444.3333333333333	0.16617656006919979	1960.0
2004	20040001	1597	50	0	0.18808653551681798	44	0.19590442450244502	508.6666666666667	0.200938832776704	811.0	0.1909973950089872	1109.0
2005	20050001	3435	50	0	0.1494621554054688	49	0.15221113819343604	1311.6666666666667	0.1507659800036271	1995.3333333333333	0.1511331938937425	2656.3333333333335
2006	20060001	4593	50	0	0.15078532406357492	49	0.15760638819877337	1734.6666666666667	0.15042393490919084	2791.3333333333335	0.15142462899328765	3797.3333333333335
2007	20070001	3464	50	0	0.13310641509188795	46	0.14282646396109525	1141.3333333333333	0.13462837469001646	1928.3333333333333	0.132703703455986	2774.3333333333335
2008	20080001	2098	50	0	0.15508003050320973	52	0.14853100888356105	696.0	0.15767787942137101	1148.3333333333333	0.1539216256872857	1644.3333333333333
2009	20090001	2348	50	0	0.25526504847586695	43	0.23115958844105086	996.0	0.256478282945608	1582.0	0.25786630467205834	2068.3333333333335
2010	20100001	4093	50	0	0.18953149569122726	44	0.21279166061019603	1539.6666666666667	0.18833604553070205	2432.6666666666665	0.19054538618921066	3194.3333333333335
2011	20110001	68	12	1	0.22587098151274637	22	0.23502320731903362	16.666666666666668	0.22017207801903502	43.333333333333336	0.2296978434794524	64.0
2013	20130001	2521	50	0	0.192874400227219	48	0.18465840767165687	844.6666666666666	0.19584029503506561	1447.6666666666667	0.19441080664600577	2056.3333333333335
2014	20140001	1089	50	0	0.1835771194464416	42	0.20424104194457016	370.6666666666667	0.20242206745052557	611.0	0.1871967959035866	871.6666666666666
2015	20150001	3147	50	0	0.1506166959238931	51	0.15433938601287508	804.3333333333334	0.14634042799605737	1486.6666666666667	0.1548241268395737	2336.0
2016	20160001	3092	50	0	0.13252410620704638	51	0.14498862367366347	1120.6666666666667	0.13347613061246283	1897.3333333333333	0.13501294215641482	2585.6666666666665
2017	20170001	331	50	0	0.162651632274191	39	0.2121309145405866	86.33333333333333	0.18607535608831982	153.66666666666666	0.16907446569964066	229.33333333333334
2018	20180001	3095	50	0	0.15678710306327895	54	0.1728048607690225	1087.6666666666667	0.1603304085649008	1684.0	0.157400933741474	2397.3333333333335
2019	20190001	4001	50	0	0.12771279143196715	56	0.14459176284814676	1674.3333333333333	0.13785146447607255	2478.6666666666665	0.1294814911569857	3191.3333333333335
2020	20200001	2671	50	0	0.17292003326742972	51	0.17142777108262422	839.3333333333334	0.18051672348792736	1320.6666666666667	0.179067779837465	1863.0
2021	20210001	4696	50	0	0.16324273599128833	49	0.16663695280198879	1459.3333333333333	0.1663578860149779	2519.6666666666665	0.16245379979081292	3707.0
2022	20220001	3459	50	0	0.14015805482383778	54	0.14779363198239215	1527.6666666666667	0.1404281173578217	2197.0	0.14023918151761247	2845.6666666666665
2023	20230001	3971	50	0	0.1953494765895912	49	0.20908606224634765	1423.6666666666667	0.204231932525498	2232.6666666666665	0.19409785329837403	3075.6666666666665
2024	20240001	4000	50	0	0.1486691626179711	41	0.15542394124736936	1542.6666666666667	0.1523982456882291	2481.3333333333335	0.1477566127402938	3242.6666666666665
2025	20250001	2650	50	0	0.16933028695711544	43	0.1919911006652193	883.0	0.16380368586084318	1444.0	0.16468366696709988	2060.6666666666665
2026	20260001	2658	50	0	0.156870955662385	50	0.16389918600955322	1529.0	0.16933875743289736	1900.3333333333333	0.1560545378024471	2233.3333333333335
2027	20270001	3047	50	0	0.1578504220169826	49	0.1769052464879075	1297.3333333333333	0.1573688426967312	1698.0	0.1593392690371578	2233.0
2028	20280001	4105	50	0	0.2624603483896463	38	0.23756481857372158	1802.6666666666667	0.22177618619985603	2635.6666666666665	0.25341506687335974	3468.6666666666665
2029	20290001	3576	50	0	0.1802722492514126	37	0.1913978359912579	1866.3333333333333	0.1914135079588067	2580.0	0.17682646351648323	3195.0
2030	20300001	3258	50	0	0.1640087492515076	45	0.17607015830378567	1339.3333333333333	0.16444080409641618	1938.6666666666667	0.1620695100704254	2586.6666666666665
2031	20310001	336	50	0	0.2705981072860955	17	0.34814438995583813	143.33333333333334	0.273951475918996	188.66666666666666	0.28301622098631835	256.3333333333333
2032	20320001	2014	50	0	0.16934834063395865	42	0.17170878064215978	1056.0	0.16999751420021428	1373.3333333333333	0.17015348814697376	1758.3333333333333
2033	20330001	2014	50	0	0.19384711146194827	39	0.19804997369819388	735.3333333333334	0.20134283559436486	1149.3333333333333	0.19520502469019796	1608.0
2034	20340001	3366	50	0	0.2426452798077882	36	0.26315627462633656	1340.0	0.23657420243095925	2067.0	0.24565702457791094	2813.3333333333335
2035	20350001	3070	50	0	0.16623935295961126	57	0.17339822263392093	1611.6666666666667	0.16939166425049013	2170.6666666666665	0.172468084717329	2682.3333333333335
2036	20360001	2487	50	0	0.22856241575216765	53	0.25345065852353166	1155.6666666666667	0.22156728327063893	1633.0	0.23521065328003954	2042.0
2037	20370001	3917	50	0	0.14590703382505416	50	0.1473804078447667	1630.0	0.15246976295530465	2201.0	0.14977421495410728	2935.3333333333335
2038	20380001	4324	50	0	0.17336017462943426	43	0.18796905998505187	1578.3333333333333	0.17157050511670938	2475.0	0.17108865527530015	3429.3333333333335
2039	20390001	3273	50	0	0.18067313794014792	39	0.19099298472940004	1224.6666666666667	0.18481414720772285	1895.3333333333333	0.1772628411513346	2628.0
2040	20400001	4341	50	0	0.16386729863312965	47	0.16984893057030162	1445.3333333333333	0.1644971625394646	2235.0	0.16243493398280312	3226.3333333333335
2041	20410001	2422	50	0	0.24090659562370592	42	0.270658853232897	1126.3333333333333	0.23848217474820924	1523.0	0.24348370502255398	1940.3333333333333
2042	20420001	2621	50	0	0.18854870721006425	42	0.2207500066245424	850.6666666666666	0.19297919809195518	1341.3333333333333	0.19675978418108442	1937.0
2043	20430001	1842	50	0	0.19355015628058858	43	0.21237243654891114	571.0	0.20328049035996076	964.6666666666666	0.19808252694514986	1480.6666666666667
2044	20440001	2794	50	0	0.29057510871896064	43	0.29743470527229476	790.0	0.30168977457812524	1375.3333333333333	0.2893041266025982	2088.6666666666665
2045	20450001	3403	50	0	0.1662613260682534	42	0.19075696979628962	1504.3333333333333	0.17438803854281218	2149.3333333333335	0.16860391437319833	2775.6666666666665
2046	20460001	1301	50	0	0.1832542006191046	36	0.2259657407445065	357.6666666666667	0.189847151028446	578.3333333333334	0.18353607358641244	880.6666666666666
2047	20470001	3528	50	0	0.14678724617015243	51	0.1534070105033372	1154.3333333333333	0.15372379250879387	1976.3333333333333	0.14608329802060513	2797.6666666666665
2048	20480001	3098	50	0	0.1581293785590248	50	0.17501416593644567	918.3333333333334	0.16615680388536916	1529.6666666666667	0.1600655194671619	2199.0
2049	20490001	1209	50	0	0.20366985837840393	39	0.23527612437260972	374.3333333333333	0.2096313302752779	626.3333333333334	0.20298819544419833	884.0
2050	20500001	3300	50	0	0.16349580577311384	43	0.18168784756573356	984.3333333333334	0.16784307433213544	1785.3333333333333	0.16648749576071312	2597.0
2051	20510001	2564	50	0	0.20286794281950474	38	0.2161019824710286	681.6666666666666	0.2195616916394394	1298.3333333333333	0.2131825479170285	1980.0
2052	20520001	2823	50	0	0.20476813945546984	39	0.21584387303197491	807.6666666666666	0.20124646065570492	1374.6666666666667	0.20911698919305355	2080.0
2053	20530001	3587	50	0	0.16869335258855792	45	0.1719727174306431	1167.0	0.17608890997242643	1933.6666666666667	0.16785022640245792	2865.0
2054	20540001	3440	50	0	0.17759488547134017	48	0.17802431795977694	951.3333333333334	0.17421680806278803	1625.0	0.18164719672443327	2513.3333333333335
2055	20550001	3319	50	0	0.20565760781609588	36	0.17707453541347418	1496.3333333333333	0.2124107532569757	2118.3333333333335	0.20692419458188424	2745.3333333333335
2056	20560001	3188	50	0	0.18835267240989806	37	0.1874850206900969	1340.0	0.1921254615756464	1940.3333333333333	0.1879335001366579	2617.0
2057	20570001	2699	50	0	0.1946945744652006	51	0.19955004295097312	1228.0	0.1940974464944353	1686.0	0.19846851969337562	2201.3333333333335
2058	20580001	3403	50	0	0.18140147745053467	46	0.18482391216617344	1615.3333333333333	0.18787131860623293	2174.6666666666665	0.1820914292834159	2791.0
2059	20590001	3289	50	0	0.20240533556430776	35	0.23776609651954553	1261.6666666666667	0.20248087849214738	1944.6666666666667	0.20509189196408154	2671.6666666666665
2060	20600001	3465	50	0	0.14916455081027208	49	0.17207876331929825	1457.3333333333333	0.15709916539516441	2067.3333333333335	0.14874074705310783	2716.0
2061	20610001	3654	50	0	0.17867772852584546	42	0.17798152960948813	1309.0	0.17511758542504804	1856.6666666666667	0.17617491732281054	2585.3333333333335
2062	20620001	2867	50	0	0.14035881197297614	57	0.14874185267093562	1207.6666666666667	0.14461316013661138	1675.6666666666667	0.1411633177099184	2093.6666666666665
2063	20630001	3969	50	0	0.14992680534033895	53	0.16379634702196985	2101.6666666666665	0.15341666077762903	2914.6666666666665	0.15279468831778953	3409.3333333333335
2064	20640001	2535	50	0	0.1728116569392598	41	0.18628827343037693	1515.0	0.17206659488055973	1876.6666666666667	0.1718580196974728	2201.3333333333335
2065	20650001	2783	50	0	0.17198409197133213	41	0.17806175974660646	1430.0	0.17846366068456487	1921.3333333333333	0.17533810907409142	2349.3333333333335
2066	20660001	2792	50	0	0.15328611339171372	45	0.16620851080882026	1237.3333333333333	0.15550353426085864	1709.3333333333333	0.1590487697922579	2191.0
2067	20670001	1331	50	0	0.20169829212645526	35	0.2293042097890795	440.3333333333333	0.21994360126381438	745.3333333333334	0.19831148290751568	1014.3333333333334
2068	20680001	3	2	1	0.6928203230275509	2	0.6928203230275509	1.3333333333333333	0.692820323027551	1.0	0.692820323027551	3.0
2069	20690001	684	50	0	0.18237696241846504	38	0.19203442079508967	197.66666666666666	0.19102693313625396	316.0	0.18201180716942642	474.6666666666667
2070	20700001	1776	50	0	0.21608803125364373	34	0.23348014132225536	568.0	0.22925789968962398	938.6666666666666	0.21959111986339439	1288.6666666666667
2071	20710001	2784	50	0	0.15599132552321512	48	0.1651842869950785	1254.0	0.1563367802449936	1823.0	0.15542896276853002	2300.0
2072	20720001	4576	50	0	0.15053592899140605	47	0.1578313834320416	1990.3333333333333	0.14959740111162384	2930.3333333333335	0.1496072626683697	3650.6666666666665
2073	20730001	3135	50	0	0.16806003565672523	59	0.17587766096193888	1526.3333333333333	0.17625161172586393	2014.3333333333333	0.16969574673324983	2491.0
2074	20740001	2551	50	0	0.15997400884414376	46	0.17584897020866208	1129.0	0.16351009129919006	1661.3333333333333	0.1591009422124262	2101.6666666666665
2075	20750001	3540	50	0	0.1375367152849159	58	0.14565502890400248	1778.3333333333333	0.13913075593123597	2457.3333333333335	0.13925288112503764	3005.3333333333335
2076	20760001	4030	50	0	0.15403819268371655	48	0.18158095424726817	1547.3333333333333	0.15686330346241253	2330.6666666666665	0.15586036395697142	3143.3333333333335
2077	20770001	2746	50	0	0.16777482574419034	52	0.17797903056840805	1001.0	0.17135868306621335	1482.0	0.16555085498847275	2047.0
2078	20780001	3192	50	0	0.2352816236607832	48	0.23822653526918258	1438.0	0.2312363103060742	2112.3333333333335	0.23650454440396831	2666.3333333333335
2079	20790001	2235	50	0	0.17833946936596357	39	0.19674436583017965	967.6666666666666	0.1821817239313908	1367.3333333333333	0.18126051547648722	1783.0
2080	20800001	3196	50	0	0.18573180056389937	55	0.19209991292555198	1515.3333333333333	0.19296049848547095	2172.3333333333335	0.18964304299877677	2716.0
2081	20810001	2220	50	0	0.20655459055238923	42	0.2314045102447108	743.0	0.20936791372091612	1130.3333333333333	0.20686114035983913	1595.0
2082	20820001	676	50	0	0.3058681435940604	28	0.3344853679838045	170.66666666666666	0.3070825523904747	326.3333333333333	0.295224707843927	504.0
2083	20830001	4268	50	0	0.1686127282744408	39	0.16785003656276856	1401.6666666666667	0.1686646686084681	2217.0	0.17004309863860026	3254.0
2084	20840001	3763	50	0	0.15970916850325842	50	0.170194843647786	1681.6666666666667	0.16201611505417898	2421.3333333333335	0.1570498276820947	3107.3333333333335
2085	20850001	2578	50	0	0.19775297051711724	45	0.1948242836185988	825.3333333333334	0.19203177309811092	1321.0	0.19836213543121461	1943.6666666666667
2086	20860001	3990	50	0	0.15591680217154458	50	0.1588898862671295	1801.0	0.15940035858175058	2642.0	0.15651536699449578	3413.0
2087	20870001	2828	50	0	0.21393129156289475	43	0.23690125799286355	1324.3333333333333	0.21111042138704242	1827.3333333333333	0.21183030589275983	2293.3333333333335
2088	20880001	2465	50	0	0.18204456246858963	42	0.17529804696568876	1393.3333333333333	0.18186284645196746	1832.0	0.1820381532225264	2194.0
2089	20890001	3822	50	0	0.17501940051583895	56	0.19587073539349154	1443.0	0.17403742148789783	2187.0	0.16817261054820457	3061.3333333333335
2090	20900001	4021	50	0	0.20484290877989358	50	0.2106226957067354	1518.0	0.20380757670706298	2355.3333333333335	0.20412658744667547	3301.6666666666665
2091	20910001	3781	50	0	0.18662485849529997	44	0.1991130851383134	1365.6666666666667	0.19192242169869145	2160.6666666666665	0.18662655737724912	2931.3333333333335
2092	20920001	3350	50	0	0.18606576774580835	34	0.1880966577849952	1529.6666666666667	0.18604588594341034	2363.0	0.18621750119546185	2877.3333333333335
2093	20930001	2102	50	0	0.16140584966824745	57	0.18171432337745796	861.6666666666666	0.17742127779278175	1247.3333333333333	0.15870981533585019	1603.3333333333333
2094	20940001	2062	50	0	0.2595764659378344	32	0.24774724918165117	703.3333333333334	0.24555399776370623	1099.0	0.2573291602088776	1565.3333333333333
2095	20950001	3373	50	0	0.16660449763090426	46	0.1645634853250755	1367.6666666666667	0.16837058369375732	2113.6666666666665	0.16557561651644445	2758.6666666666665
2096	20960001	4410	50	0	0.1881889176589342	60	0.18941141868160116	1826.3333333333333	0.18493040737475375	2749.3333333333335	0.1910840389932328	3656.3333333333335
2097	20970001	3345	50	0	0.132189742890077	61	0.14479599573722	1530.3333333333333	0.1422637209282347	2224.3333333333335	0.13074133714597652	2775.6666666666665
2098	20980001	2718	50	0	0.1853354021643247	59	0.1861381085219734	1007.3333333333334	0.17726947507493893	1570.3333333333333	0.18718917255312736	2157.6666666666665
2099	20990001	3235	50	0	0.1465945614205068	55	0.15032091610678333	1650.3333333333333	0.1474238846179874	2250.0	0.14887191974216937	2727.0
2100	21000001	2800	50	0	0.13339685210478447	57	0.14012375558772708	1609.0	0.13929618614225317	2012.3333333333333	0.13326745923434843	2396.0
2101	21010001	2442	50	0	0.21374770079103741	42	0.21258807346451516	1156.6666666666667	0.20727121559606365	1591.6666666666667	0.21789596128234892	2027.0
2102	21020001	3264	50	0	0.15324912322537104	46	0.16155435335679402	1168.6666666666667	0.15731146134133858	1693.6666666666667	0.15460349794727557	2413.0
2103	21030001	2722	50	0	0.1888487194911472	47	0.19532376257674464	821.6666666666666	0.18750588933271595	1346.3333333333333	0.1864303490912301	1989.0
2104	21040001	2539	50	0	0.21764375519508877	44	0.24078144971953241	550.6666666666666	0.23154592248349135	1121.3333333333333	0.21793100334380766	1821.0
2105	21050001	329	50	0	0.18952932560986974	29	0.24534932366128961	101.33333333333333	0.20559603415790573	166.66666666666666	0.18881050238624963	256.0
2106	21060001	860	50	0	0.19166066935245513	34	0.18628752067937884	171.0	0.187067217342166	372.3333333333333	0.19313219219988645	594.6666666666666
2107	21070001	2791	50	0	0.14534271076503305	51	0.16387041190042206	1085.6666666666667	0.14778976356239196	1637.3333333333333	0.14344108204722458	2170.0
2108	21080001	2725	50	0	0.16081431470168858	57	0.16809489966276595	790.3333333333334	0.16149124198456577	1412.3333333333333	0.16327415126942324	2108.6666666666665
2109	21090001	3538	50	0	0.16482818216165945	49	0.16919698328992325	1137.3333333333333	0.16103816622247696	1889.6666666666667	0.16733667132220945	2852.6666666666665
2110	21100001	797	50	0	0.16831249111004865	40	0.1870966520590838	139.0	0.17650820995889357	326.0	0.17366814427332442	586.3333333333334
2111	21110001	1825	50	0	0.19606461777739276	35	0.19413069545778497	470.0	0.2004075483342186	869.3333333333334	0.19460068859381421	1286.0
2112	21120001	1543	50	0	0.1555030248736874	43	0.16352845591397455	504.3333333333333	0.16959901725129842	818.6666666666666	0.15763956673150936	1201.3333333333333
2113	21130001	3304	50	0	0.14796932940962151	52	0.14806429720105985	1017.3333333333334	0.1470950265856431	1668.6666666666667	0.14640291827957932	2497.6666666666665
2114	21140001	3499	50	0	0.14460180743040374	49	0.14779986254586444	1016.3333333333334	0.15311404475741938	1756.0	0.14925723877371763	2555.3333333333335
2115	21150001	2144	50	0	0.14209271938582727	39	0.1595167361733477	546.6666666666666	0.14172217435196396	1018.3333333333334	0.14492087795727795	1535.6666666666667
2116	21160001	2902	50	0	0.21786742850508667	49	0.21851644874371798	595.0	0.2174685027194424	1328.0	0.22348058888469155	2092.0
2117	21170001	3	2	1	0.6928203230275509	2		0.0	0.692820323027551	1.3333333333333333	0.692820323027551	2.3333333333333335
2118	21180001	1844	50	0	0.19951419900910203	45	0.2239652687591155	401.6666666666667	0.191676936412142	721.0	0.20249969258964917	1178.6666666666667
2119	21190001	4060	50	0	0.17091025405249796	42	0.18133055734083067	1221.6666666666667	0.16835668020188374	2066.3333333333335	0.1737646346016574	2955.6666666666665
2120	21200001	3348	50	0	0.17503220784427714	46	0.1783581259761103	1013.3333333333334	0.18062908338913264	1649.0	0.17672548363071106	2357.0
2121	21210001	1328	50	0	0.19000378236481164	35	0.20789894652934904	397.0	0.18733732685376095	625.6666666666666	0.2046405940961711	966.0
2122	21220001	2387	50	0	0.19380648361561126	39	0.21030644979861568	547.6666666666666	0.20263099699490075	1039.0	0.194718505529223	1613.3333333333333
2123	21230001	2402	50	0	0.18416025725887428	40	0.19983631748793562	543.6666666666666	0.18707812452211248	1025.3333333333333	0.18361069314347758	1662.6666666666667
2124	21240001	1318	50	0	0.1873303227235955	43	0.18861640219105116	325.3333333333333	0.20235671558659343	574.6666666666666	0.19611940266250302	899.3333333333334
2125	21250001	3459	50	0	0.2175364349585616	36	0.22417640577042333	1110.0	0.21518203605315597	1792.6666666666667	0.2122655132636425	2676.0
2126	21260001	2653	50	0	0.17936971776848493	38	0.1977828305159286	606.6666666666666	0.1792934624043376	1179.3333333333333	0.18033411124807333	1916.0
2130	21300001	346	50	0	0.1675265553165709	47	0.19631810712638176	98.33333333333333	0.1858816211391551	182.0	0.17349116846900628	276.6666666666667
2131	21310001	2470	50	0	0.16757422901812555	42	0.16180945990984663	614.6666666666666	0.1854312679486072	1190.3333333333333	0.16415027921108294	1857.3333333333333
2132	21320001	1275	50	0	0.14594823939801296	42	0.15339579813640838	306.0	0.14944955054191214	595.3333333333334	0.1462342584919933	890.6666666666666
2133	21330001	3765	50	0	0.153315660464638	43	0.15322646010425645	883.3333333333334	0.15635062173367867	1629.6666666666667	0.15094023544052626	2453.0
2134	21340001	423	50	0	0.19229247739733	30	0.21945646351965853	83.66666666666667	0.1964287542951965	170.33333333333334	0.20330886111631483	292.3333333333333
2135	21350001	514	50	0	0.18747376586730696	30	0.2045167052112228	121.33333333333333	0.1954520397781061	262.3333333333333	0.19159140867536703	404.3333333333333
2136	21360001	1968	50	0	0.1911989072472117	41	0.21469706303111669	572.0	0.18359347964651715	1042.0	0.18643844398545947	1522.0
2137	21370001	3043	50	0	0.1446951804717768	51	0.1645129208464902	1042.3333333333333	0.15602428896541973	1605.3333333333333	0.15087790419941696	2244.0
2138	21380001	2614	50	0	0.16442502426674227	37	0.16924177653917302	872.6666666666666	0.1709959427405682	1497.3333333333333	0.1665008389460381	2008.6666666666667
2139	21390001	2427	50	0	0.1864078703953942	37	0.19359837753625908	658.6666666666666	0.18393983012021367	1186.6666666666667	0.18730628156050086	1732.0
2140	21400001	1185	49	0	0.25286073282405847	34	0.2812791979897669	244.0	0.2648230366213162	507.3333333333333	0.25743132882851477	782.3333333333334
2141	21410001	1470	50	0	0.21829149936017656	42	0.2298774031882723	453.0	0.22760373900315337	790.0	0.224832876729214	1134.3333333333333
2142	21420001	6	4	1	0.44158804849054684	5	0.6928203230275509	0.3333333333333333	0.5830533642561205	1.6666666666666667	0.47502557724651817	4.333333333333333
2143	21430001	1250	50	0	0.18495067257459263	39	0.21421310335490876	375.6666666666667	0.1845139262506358	613.0	0.1800857297413433	863.0
2144	21440001	706	50	0	0.17358608726477665	35	0.2251234133935512	130.33333333333334	0.19009935165003275	298.6666666666667	0.17588844695071526	520.3333333333334
2145	21450001	785	50	0	0.19163006866776475	42	0.19364107344888568	163.66666666666666	0.19128299346342603	338.3333333333333	0.19055803940030902	567.6666666666666
2146	21460001	2951	50	0	0.16579523429270254	44	0.18203836292048733	871.3333333333334	0.1600913449483485	1597.6666666666667	0.1660647715425307	2288.0
2147	21470001	997	50	0	0.18462798405360528	38	0.19882342975052017	191.66666666666666	0.18200066445444296	365.0	0.1871623898456071	636.3333333333334
2148	21480001	4031	50	0	0.14373515507655793	44	0.1456503192314025	821.6666666666666	0.14799198492691798	1630.6666666666667	0.14402437336679827	2716.6666666666665
2149	21490001	4941	50	0	0.17007255896147375	44	0.17718919434452177	1546.0	0.17019403069849895	2765.3333333333335	0.1668975191887309	3889.6666666666665
2150	21500001	2726	50	0	0.1311049534775079	49	0.13323648104666308	729.0	0.1379619835622744	1342.0	0.13158377764351512	2078.0
2151	21510001	2199	50	0	0.16579760441350858	43	0.16369576371744057	590.0	0.17457695987945307	1099.0	0.16348149605967974	1705.3333333333333
2152	21520001	875	50	0	0.21321578836432709	39	0.23480513573297412	306.0	0.21385104394494256	523.3333333333334	0.2047964431402486	732.6666666666666
2153	21530001	1220	50	0	0.19999791457750207	34	0.19778224205010628	290.6666666666667	0.19768123299220516	565.3333333333334	0.19820780544653085	907.0
2154	21540001	2308	50	0	0.15046975687675884	43	0.16093113632059747	599.3333333333334	0.14766533322484002	1085.3333333333333	0.15345323644317024	1670.6666666666667
2155	21550001	4034	50	0	0.20285414252880823	41	0.2049055671413754	1097.3333333333333	0.2015520167026644	1860.0	0.20251129765808493	2947.0
2156	21560001	3561	50	0	0.1818286132315868	40	0.19183250949858335	968.0	0.18301770254017447	1664.0	0.18187876310597953	2613.0
2157	21570001	5136	50	0	0.13439114412507608	55	0.12974243700302138	1459.0	0.1395247775991655	2434.3333333333335	0.1356206545864824	3680.6666666666665
2158	21580001	1235	50	0	0.15161624831062342	41	0.2156961018043524	378.3333333333333	0.1649571063989478	626.3333333333334	0.1602676295271769	933.6666666666666
2159	21590001	4498	50	0	0.14297007573279896	46	0.15440032153280303	1278.6666666666667	0.14672715034162687	2186.3333333333335	0.14194862354617874	3377.3333333333335
2160	21600001	903	50	0	0.23490040449539626	31	0.24163972538561604	227.0	0.2301821907332732	430.0	0.23435181552314766	670.0
2161	21610001	371	50	0	0.23252302843513442	31	0.276322090502764	103.0	0.2286902279314951	188.0	0.23351434296213783	272.3333333333333
2162	21620001	3071	50	0	0.14729409502302204	46	0.15417154636456684	732.0	0.15177859751280767	1458.6666666666667	0.15209652007576258	2399.3333333333335
2163	21630001	959	50	0	0.15659414815557648	42	0.18158103703082618	127.66666666666667	0.17730644694822909	332.3333333333333	0.15779149063102357	637.0
2164	21640001	3341	50	0	0.14874439788065663	41	0.15762416318455788	777.3333333333334	0.1547915261075438	1515.0	0.15291050916587592	2468.0
2165	21650001	3819	50	0	0.15508385191994808	44	0.1749834478460652	1058.0	0.16250798292285892	1812.0	0.15818401956934766	2766.6666666666665
2166	21660001	2979	50	0	0.18251128579661652	44	0.2169549866878114	859.3333333333334	0.1947540653196875	1542.6666666666667	0.18924163647768247	2225.6666666666665
2167	21670001	1941	50	0	0.16627856166786634	44	0.2041974445645057	608.6666666666666	0.18778724702306807	1090.0	0.169805373973265	1544.0
2168	21680001	2303	50	0	0.16767100892071712	37	0.17383199808583946	529.6666666666666	0.1700055816656543	1065.3333333333333	0.1734900339320824	1642.3333333333333
2169	21690001	610	50	0	0.1688445981325233	39	0.18843857289297264	99.33333333333333	0.17383655389690558	254.33333333333334	0.1751774846477323	443.6666666666667
2170	21700001	255	50	0	0.3171961970607167	24	0.3321606237597847	44.333333333333336	0.3153608032443244	102.0	0.3053495259854047	171.33333333333334
2171	21710001	1994	50	0	0.1681244839589594	41	0.1619907327885295	538.3333333333334	0.1687938248031222	1074.3333333333333	0.1675466584861758	1536.3333333333333
2172	21720001	1012	50	0	0.23163550238448552	33	0.21897569178242474	162.0	0.23313784012889896	389.3333333333333	0.23246314839704665	673.3333333333334
2173	21730001	1975	50	0	0.14551728804233569	41	0.1495251228447004	524.0	0.1446931261102045	960.3333333333334	0.14601664665254832	1518.0
2174	21740001	1657	50	0	0.13491207940320904	50	0.15561707715196882	652.0	0.14495873213310304	967.6666666666666	0.1388194142234327	1358.6666666666667
2175	21750001	3090	50	0	0.08850615347622409	76	0.08937681388371073	1556.3333333333333	0.08839663475134323	1992.3333333333333	0.08850094753428395	2609.6666666666665
2176	21760001	515	43	0	0.1461794814793315	66	0.16517428160137482	100.66666666666667	0.1515606693391248	202.66666666666666	0.14283665807835572	354.0
2177	21770001	205	1	0	0.7071067811865476	2		0.0	0.7071067811865476	5.333333333333333	0.7071067811865476	16.666666666666668
2178	21780001	457	49	0	0.35285699411960797	12	0.35338588015020095	170.0	0.3780573951533272	219.66666666666666	0.3488454911522835	290.0
2179	21790001	276	48	0	0.36255397875794315	10	0.36829325304723187	53.666666666666664	0.36124478632667484	107.0	0.3599570332593682	190.0
2180	21800001	519	18	0	0.27719827537839536	23	0.28958255595604515	59.666666666666664	0.2850972872864481	159.0	0.2725262362855297	329.3333333333333
2181	21810001	143	17	1	0.2209016742330836	22	0.2323140109733146	21.333333333333332	0.21377943718259865	47.666666666666664	0.22986584056488257	99.33333333333333
2182	21820001	694	49	0	0.1399096629774355	77	0.15460766606026524	103.66666666666667	0.14042952758492588	201.0	0.1419991178691097	386.0
2183	21830001	25	4	1	0.4176324925005497	6	0.5985023648715916	1.0	0.5392353120102641	5.0	0.4218488492979977	15.0
2184	21840001	291	6	0	0.3597435221059633	9	0.38098485777435886	18.666666666666668	0.37756341235372437	46.333333333333336	0.3681179278470554	96.66666666666667
2185	21850001	603	42	0	0.1880833679665931	33	0.24729692473084589	59.666666666666664	0.20756221383737816	167.0	0.1867158062383368	346.6666666666667
2186	21860001	604	50	0	0.23161218926145333	33	0.23410942467718807	111.66666666666667	0.24322231159851052	238.0	0.23868646339780528	395.3333333333333
2187	21870001	1931	50	0	0.18569852628596759	40	0.19835625619629013	533.3333333333334	0.18570711775465046	924.0	0.18369725489214686	1381.3333333333333
2188	21880001	1396	50	0	0.1759733468625976	34	0.20200866706118634	330.6666666666667	0.18423625690424975	647.6666666666666	0.17795996020758376	994.6666666666666
2189	21890001	3405	50	0	0.16307937396875447	48	0.17576731520272282	783.6666666666666	0.16378393458421744	1544.6666666666667	0.1640110095516939	2392.0
2190	21900001	639	50	0	0.21019569231258453	42	0.20614309711765677	179.0	0.2257679509111495	317.6666666666667	0.20749805125322227	487.6666666666667
2191	21910001	8	5	1	0.39167873406756365	7	0.6299416842569113	1.3333333333333333	0.5715476233352329	0.6666666666666666	0.5001672370905711	3.3333333333333335
2193	21930001	498	33	0	0.24158022073587204	33	0.2352296783981811	80.33333333333333	0.26328681484629485	185.66666666666666	0.24415417961930563	320.6666666666667
2194	21940001	923	50	0	0.18543856175483997	34	0.22084684154474452	197.33333333333334	0.191454265691238	419.6666666666667	0.18534959094264056	666.3333333333334
2195	21950001	1581	50	0	0.17377193262021834	36	0.20842758433585765	406.0	0.1803207699691235	764.0	0.17605233374295637	1187.3333333333333
2196	21960001	2538	50	0	0.1791544945589005	35	0.18293731057176155	508.6666666666667	0.18058613333937226	1008.6666666666666	0.1835117565967551	1700.3333333333333
2197	21970001	1947	50	0	0.17154054563953275	38	0.1678218639171871	371.0	0.17388288736813604	754.3333333333334	0.16819903253227433	1303.0
2198	21980001	2848	50	0	0.13494526154349218	52	0.14844515483306678	861.3333333333334	0.1427844017781613	1606.6666666666667	0.1371765479813375	2270.3333333333335
2199	21990001	8	4	1	0.4676180859377251	5	0.5715476233352329	0.3333333333333333	0.4879160318137944	1.6666666666666667	0.5513673250708981	4.0
2200	22000001	21	13	1	0.2144894888031469	19	0.3181284707535617	3.3333333333333335	0.22874374143857124	10.333333333333334	0.21853702706579284	18.333333333333332
2201	22010001	4611	50	0	0.15605713761361567	52	0.170729238675312	1345.3333333333333	0.15699532185735324	2237.6666666666665	0.15367759617242666	3304.0
2202	22020001	2741	50	0	0.1912833895663688	43	0.20513075027762062	706.0	0.19264022137818404	1391.3333333333333	0.19508685485125188	2085.6666666666665
2203	22030001	3903	50	0	0.18661820140383964	40	0.16621099468991096	1256.6666666666667	0.20348458605084288	1922.0	0.189999220356994	2796.3333333333335
2204	22040001	2546	50	0	0.1782329334937361	34	0.18580175537180785	702.3333333333334	0.18517406037414996	1166.0	0.1828516256555208	1788.0
2205	22050001	4002	50	0	0.18882713367619341	51	0.18777514894083877	1090.6666666666667	0.1872683688227655	1896.6666666666667	0.18863215656345142	2954.3333333333335
2206	22060001	1263	50	0	0.15810002098346132	41	0.17190006536467425	205.0	0.1600746837564277	492.0	0.15737659041650723	907.0
2207	22070001	1637	50	0	0.1848423216229214	47	0.18744564702658825	422.3333333333333	0.17290681937426933	835.0	0.181946781164557	1275.6666666666667
2208	22080001	1820	50	0	0.1860725469161905	33	0.186218644901857	618.0	0.18289820368126766	1046.3333333333333	0.1850905362397498	1506.3333333333333
2209	22090001	3663	50	0	0.17244293064559182	57	0.17995902741964687	1366.6666666666667	0.173278837360039	2177.0	0.17216659256779474	2972.6666666666665
2210	22100001	89	31	1	0.17027264300404796	34	0.2390400710915568	22.666666666666668	0.18894294276667578	49.0	0.17064257999733426	76.33333333333333
2211	22110001	1582	50	0	0.2173964411477657	39	0.15109070908629985	526.3333333333334	0.20125963197103372	830.6666666666666	0.20269217979465617	1112.3333333333333
2212	22120001	2422	50	0	0.22389799908943356	45	0.21071584101875127	716.0	0.2185428253288523	1248.0	0.2185291217970545	1809.3333333333333
2213	22130001	3452	50	0	0.1799634898728564	45	0.20721698700701008	1187.6666666666667	0.19737086429075693	1947.0	0.17653426195834196	2685.0
2214	22140001	4358	50	0	0.17650389159702579	52	0.1755909127322387	1514.3333333333333	0.17286120521994708	2312.6666666666665	0.17764463028655542	3298.6666666666665
2215	22150001	2536	50	0	0.16889307850874585	47	0.17637228060370594	621.3333333333334	0.16976502754395847	1230.6666666666667	0.1679161159652384	1884.0
2216	22160001	6	4	1	0.44158804849054684	5	0.5686519982844436	2.0	0.5658370272240402	1.3333333333333333	0.5000297109969803	4.666666666666667
2217	22170001	845	50	0	0.19464948388322695	42	0.20689763569361352	383.3333333333333	0.18482116210720326	553.3333333333334	0.18977955173952563	693.6666666666666
2218	22180001	2735	50	0	0.20514473206600517	47	0.20077642352655065	940.6666666666666	0.21047326524441856	1484.6666666666667	0.20795669409455594	2173.6666666666665
2219	22190001	2705	50	0	0.1435597037506062	54	0.1528716538146908	1233.6666666666667	0.14562535439808497	1881.0	0.14739659729218788	2308.0
2220	22200001	3304	50	0	0.157124595967875	52	0.15669988016914163	1467.6666666666667	0.15909960198281245	2272.0	0.1530781797070341	2900.0
2221	22210001	3088	50	0	0.25791215757431424	33	0.2436040149237159	1357.3333333333333	0.2635724379358379	2082.0	0.2480110593564601	2636.0
2222	22220001	1012	50	0	0.22602150087168915	30	0.21428746084998185	179.66666666666666	0.22898586002970658	412.3333333333333	0.2254131708245338	709.0
2223	22230001	5	2	1	0.6928203230275509	2		0.0	0.692820323027551	2.0	0.692820323027551	3.6666666666666665
2224	22240001	2817	50	0	0.1403030070189159	55	0.13516757686670985	924.6666666666666	0.13784181223067796	1624.6666666666667	0.13998336872767267	2268.3333333333335
2225	22250001	2289	50	0	0.1835057414276639	37	0.19164175415800103	722.0	0.17958921683185888	1289.3333333333333	0.18712916376695687	1849.6666666666667
2226	22260001	3193	50	0	0.1572425115073418	39	0.16550837105708502	1050.0	0.15345402541995476	1766.6666666666667	0.15763468059673325	2605.0
2227	22270001	2294	50	0	0.21694689247437277	48	0.22274600132058206	732.0	0.19809633722011244	1278.6666666666667	0.21455575437034122	1827.3333333333333
2228	22280001	2553	50	0	0.18507580961659928	52	0.20198314870789616	1181.3333333333333	0.19867455092121064	1737.0	0.18606319256562753	2209.0
2229	22290001	454	50	0	0.16580197129270194	38	0.20138826354337325	73.66666666666667	0.18621137828833578	171.66666666666666	0.16856334958742672	314.3333333333333
2230	22300001	2303	50	0	0.23042971893432512	28	0.24655230536407416	824.0	0.22599013553879063	1315.3333333333333	0.22932560564746599	1777.6666666666667
2231	22310001	528	50	0	0.3900948837732532	38	0.40049033587446353	114.66666666666667	0.4061472103481925	240.66666666666666	0.38784679600071836	397.6666666666667
2232	22320001	2766	50	0	0.16443364602221902	42	0.17874721712096742	1267.0	0.1748810304545474	1887.0	0.16431530548022377	2427.0
2233	22330001	3674	50	0	0.2359706831484943	38	0.2448669528379316	1103.3333333333333	0.21270625008225832	1950.6666666666667	0.23600960676737304	2900.3333333333335
2234	22340001	4199	50	0	0.14226081089527706	61	0.15433871169444	1694.3333333333333	0.14907470778424206	2771.3333333333335	0.1436491915210173	3629.3333333333335
2235	22350001	1911	50	0	0.163170876216001	52	0.16652125477844662	599.6666666666666	0.17065940863116436	1023.3333333333334	0.16237464415229041	1464.0
2236	22360001	2396	50	0	0.1763470273581095	49	0.18697443020848484	790.6666666666666	0.16982631656333158	1369.3333333333333	0.1819174512254704	1895.0
2237	22370001	1802	50	0	0.17729680422135508	46	0.19658477352817436	344.3333333333333	0.20105135484655148	698.3333333333334	0.18437458766504378	1181.3333333333333
2238	22380001	2763	50	0	0.21778411238098713	37	0.2286361853237495	627.3333333333334	0.21456826873340532	1193.6666666666667	0.21929494570888228	1902.6666666666667
2240	22400001	3	2	1	0.6928203230275509	2	0.692820323027551	1.3333333333333333	0.6928203230275509	0.6666666666666666	0.692820323027551	2.0
2242	22420001	700	48	0	0.1957367874565751	38	0.21873399159510765	87.33333333333333	0.19201544728229722	227.66666666666666	0.19764868657530954	445.0
2243	22430001	3464	48	0	0.21967891650185956	44	0.2139996098329029	866.6666666666666	0.23187116720760134	1719.3333333333333	0.22125462220704337	2547.0
2244	22440001	3162	50	0	0.15621665828967063	46	0.1670187011319546	986.0	0.1613786866366907	1736.6666666666667	0.15484938421509328	2504.3333333333335
2245	22450001	1130	50	0	0.18146658589734407	38	0.181367050966421	226.0	0.1834039547475171	484.3333333333333	0.17853783028615453	815.0
2246	22460001	3338	50	0	0.15386584694240804	51	0.14814147867956456	1083.0	0.15488532278758615	1843.0	0.15752482993149097	2695.3333333333335
2247	22470001	3552	50	0	0.1426112554335361	45	0.1440549417522831	1213.6666666666667	0.14574105654405614	1886.3333333333333	0.14354747861735953	2781.3333333333335
2248	22480001	3919	50	0	0.1330895442339511	48	0.13280400366058642	1424.0	0.13952425029513552	2276.0	0.1326527398212681	3049.0
2249	22490001	2348	50	0	0.14197385305064594	48	0.14155985827973164	567.6666666666666	0.13964508593656513	1067.0	0.14165498647036678	1609.3333333333333
2250	22500001	1013	50	0	0.16677680392297517	49	0.16177348910626868	306.0	0.16926764944625075	510.3333333333333	0.16371829540257607	794.3333333333334
2251	22510001	2046	50	0	0.19420972013125537	45	0.19774889817245875	536.6666666666666	0.18357889860718435	935.3333333333334	0.19602571541175864	1494.0
2252	22520001	1086	50	0	0.14363123172210565	45	0.16277422480312193	226.0	0.1587332974480263	460.6666666666667	0.1499992373915877	753.6666666666666
2253	22530001	2717	50	0	0.2079943200397173	47	0.2005695081277337	861.6666666666666	0.21579263047992772	1486.6666666666667	0.196607855820911	2121.0
2254	22540001	1505	50	0	0.20956161141492693	38	0.18556384354323585	397.0	0.22423025065741123	761.6666666666666	0.21131827007717993	1172.0
2258	22580001	4	9	1	0.2796101261132608	11	0.2796101261132608	1.6666666666666667	0.2796101261132608	4.0	0.2796101261132608	4.0
2262	22620001	1067	49	0	0.18403797625144716	43	0.18694798592803533	127.33333333333333	0.1924543521225228	314.0	0.18461334017019368	617.0
2263	22630001	2516	50	0	0.1842550208055759	46	0.17223108779096852	920.3333333333334	0.18883343659071097	1421.3333333333333	0.18399394781518805	1956.6666666666667
2264	22640001	1984	50	0	0.14997166002922924	44	0.1670783361392333	744.6666666666666	0.15358280321611595	1092.0	0.14997560662041737	1549.3333333333333
2265	22650001	1489	50	0	0.18579812987599256	39	0.1825097340407522	370.3333333333333	0.18776763025337648	633.0	0.1815332828591377	1019.3333333333334
2267	22670001	996	50	0	0.28579849266751817	32	0.28823717657168296	287.0	0.28531472623741144	540.0	0.2828373188628312	794.3333333333334
2268	22680001	266	50	0	0.2424970116270818	25	0.2708701911375534	64.0	0.25824282990775344	117.0	0.24644111293760138	169.66666666666666
2269	22690001	1779	50	0	0.17353089212516096	44	0.1782941125029367	851.0	0.18621863488845283	1276.6666666666667	0.17493997685354704	1532.0
2270	22700001	1785	50	0	0.17537802094675317	41	0.21353257262981673	550.0	0.17695685028260097	954.6666666666666	0.17400729583266003	1320.6666666666667
2271	22710001	2340	50	0	0.1890538696528276	44	0.19031349941002076	711.0	0.19760033356633513	1277.3333333333333	0.1890586118413796	1840.3333333333333
2272	22720001	2076	50	0	0.15051665794761168	40	0.15514629725567008	579.0	0.1534074338676429	1039.6666666666667	0.1489377309165841	1532.0
2273	22730001	2352	50	0	0.1754767466265621	44	0.19124341032585326	805.0	0.1779515290729928	1404.0	0.175348276762777	1866.3333333333333
2274	22740001	2146	50	0	0.1517941739169591	40	0.16735727491087124	514.6666666666666	0.1630133553262972	1005.6666666666666	0.15368106859052044	1577.3333333333333
2275	22750001	3073	50	0	0.16619029964549706	42	0.16529066772900713	555.0	0.17017805630183389	1146.3333333333333	0.1658604296735812	1948.0
2276	22760001	1198	50	0	0.16244277797692072	41	0.17651003258345532	290.0	0.16899781671516964	552.3333333333334	0.16234816890883277	831.6666666666666
2277	22770001	2434	50	0	0.16992800813868067	51	0.1618684163193401	587.3333333333334	0.16779707229233307	1056.3333333333333	0.17108610903048693	1630.6666666666667
2278	22780001	1921	50	0	0.16206643359508435	48	0.17718588247287834	539.3333333333334	0.16900692743446008	861.3333333333334	0.16581042446258784	1312.0
2279	22790001	2095	50	0	0.164351920146784	45	0.18236260742285984	603.3333333333334	0.16787625267543171	1129.3333333333333	0.16278996161262096	1605.3333333333333
2280	22800001	1194	50	0	0.16266346461797082	40	0.2051648739932812	318.3333333333333	0.17505917683625194	594.0	0.16475866013776108	872.6666666666666
2281	22810001	2632	50	0	0.16956318290798095	44	0.17928899447868316	665.6666666666666	0.1778548967720951	1179.0	0.1696297433563311	1859.0
2282	22820001	2381	50	0	0.18248999210018635	43	0.18771078610995695	555.0	0.19435746900805276	1083.3333333333333	0.18558145601313072	1721.6666666666667
2283	22830001	2298	50	0	0.16542451242944609	46	0.17352484972632812	502.0	0.16138491374905303	1019.3333333333334	0.16474980846385884	1629.6666666666667
2284	22840001	9	8	1	0.29902621159345477	10	0.46589723383350007	1.3333333333333333	0.37921618739186047	2.0	0.31404719360328553	8.0
2285	22850001	1762	44	0	0.17082974197425677	34	0.18114653975698214	589.0	0.17545312669357904	1062.6666666666667	0.17160423658614418	1486.3333333333333
2286	22860001	4602	50	0	0.14787943152372646	47	0.1671826888907616	1098.6666666666667	0.14750802449558512	2230.3333333333335	0.15031373985535557	3362.3333333333335
2287	22870001	651	50	0	0.28834673941709693	40	0.2799739176423876	234.33333333333334	0.3033030272509935	391.6666666666667	0.2874378378083099	535.6666666666666
2288	22880001	1864	50	0	0.1443398343035579	47	0.17099449131000075	526.0	0.14853765786011605	973.0	0.14471163667032474	1426.3333333333333
2289	22890001	1276	50	0	0.1687802570854972	47	0.18615789517363612	236.0	0.18838831308988283	510.0	0.1751220541391297	891.3333333333334
2290	22900001	4275	50	0	0.16097030159509437	46	0.15648216384812527	1257.0	0.16868423122582765	2210.0	0.158366555073191	3264.3333333333335
2291	22910001	1489	50	0	0.19024134693297615	41	0.17337166539712226	406.6666666666667	0.1939503881080149	698.3333333333334	0.19365750312747632	1030.3333333333333
2292	22920001	3415	50	0	0.13728762140241293	44	0.1401210551451149	1407.6666666666667	0.1373992133680121	2109.0	0.1387151896941529	2747.6666666666665
2293	22930001	2243	50	0	0.18953060507738861	39	0.19025035531440768	457.0	0.1904383458369783	963.3333333333334	0.18770118840083616	1617.6666666666667
2294	22940001	1704	50	0	0.19491330748231364	35	0.2090135784494999	662.0	0.20116212396758945	1094.0	0.1971037848425894	1450.6666666666667
2295	22950001	924	50	0	0.19332504946509563	33	0.22142831258712423	371.3333333333333	0.1873118884749675	550.0	0.19211951475171532	627.3333333333334
2296	22960001	3419	50	0	0.16906462100668912	46	0.1663774680805241	1110.6666666666667	0.16564892599415457	1832.0	0.17090170112464909	2621.0
2297	22970001	1666	50	0	0.16014918024630867	56	0.172535335085397	604.6666666666666	0.1588552023393366	1009.0	0.16182422260719095	1345.0
2298	22980001	1788	50	0	0.1570236285459586	48	0.16155987927522222	454.6666666666667	0.1620076282694029	860.6666666666666	0.15504114168592495	1319.0
2299	22990001	2858	50	0	0.24570031706238124	42	0.2653733158336655	1077.6666666666667	0.25231967775331604	1628.3333333333333	0.23737555016091894	2249.0
2300	23000001	1646	50	0	0.27576496982661935	35	0.2622193675232623	478.0	0.27591688307863876	796.3333333333334	0.2876934703331547	1178.0
2301	23010001	3854	50	0	0.18392343869536862	41	0.19844545591039683	1063.3333333333333	0.1866191553778017	1882.0	0.18467754743904008	2850.3333333333335
2302	23020001	2707	50	0	0.18260401960560377	43	0.20464947537176167	655.3333333333334	0.19074505264006758	1243.6666666666667	0.1812122687608039	1944.6666666666667
2303	23030001	2020	50	0	0.1582304639467216	46	0.18220089663871253	546.3333333333334	0.1675680630125478	929.3333333333334	0.1655261481402235	1426.6666666666667
2304	23040001	2988	50	0	0.16240187995774025	43	0.16835224285500675	798.3333333333334	0.1713555286764107	1404.6666666666667	0.16273120782540126	2109.6666666666665
2305	23050001	3931	50	0	0.16271401058382962	43	0.1599988703907291	910.0	0.1589601329881706	1686.3333333333333	0.1633588839169087	2749.0
2306	23060001	2109	50	0	0.14580382490874053	45	0.1611067093719512	460.3333333333333	0.1466959072294496	863.3333333333334	0.14671725538881966	1442.0
2307	23070001	2934	50	0	0.17081050914907003	48	0.17649039478729167	631.6666666666666	0.17022996995246317	1242.3333333333333	0.17057177444637908	2032.3333333333333
2308	23080001	3359	50	0	0.1612628778590269	43	0.17190999521836273	1341.3333333333333	0.1650428312251697	2007.0	0.1638138960922196	2733.0
2309	23090001	998	50	0	0.1947556042230022	41	0.19639903610434697	237.33333333333334	0.1980690660241795	446.0	0.19322354189963398	732.6666666666666
2310	23100001	2483	50	0	0.17744536454342932	46	0.19813116899582242	769.6666666666666	0.18189716286805968	1337.6666666666667	0.1728568244380614	1942.0
2311	23110001	2151	50	0	0.15524775354855372	42	0.16907355127969426	482.0	0.166698328752782	951.0	0.1557920525037976	1521.0
2312	23120001	885	50	0	0.17876299353067254	36	0.20343596403780295	187.66666666666666	0.1776848302606974	358.3333333333333	0.18136556257563963	559.0
2313	23130001	2330	50	0	0.14468402011001413	42	0.16269231150266575	475.3333333333333	0.14793776496074595	910.3333333333334	0.14649533110858062	1379.0
2314	23140001	2144	50	0	0.21168169616607738	43	0.2168059458709309	467.6666666666667	0.21325366424449313	928.0	0.21421228120085753	1497.6666666666667
2315	23150001	199	50	1	0.25525901603312073	30	0.25490607116701586	43.0	0.33260212687142654	82.0	0.2709745744694903	128.33333333333334
2316	23160001	1237	50	0	0.21732487894325445	32	0.23769273577827735	312.3333333333333	0.21694794089920208	594.3333333333334	0.21941704128749542	906.6666666666666
2317	23170001	779	50	0	0.2848638285500982	38	0.22554520628703986	138.33333333333334	0.28391089382327866	313.3333333333333	0.28428326053267733	540.3333333333334
2318	23180001	805	39	0	0.26873985207534995	31	0.2696908468767392	119.33333333333333	0.2665848482971322	308.6666666666667	0.2655603906288228	581.3333333333334
2319	23190001	990	50	0	0.13937459677671035	51	0.15020478221302677	236.33333333333334	0.14543964931583478	502.3333333333333	0.1411103536085407	747.0
2320	23200001	2687	50	0	0.15150800136930978	45	0.15264745716425163	912.3333333333334	0.15117090646365736	1589.3333333333333	0.1532859544384467	2264.3333333333335
2321	23210001	636	50	0	0.1833604552401237	42	0.2042026649033413	154.66666666666666	0.19698840427622014	299.6666666666667	0.18363408960792435	468.0
2322	23220001	1916	50	0	0.13573743125172674	45	0.15424862634431616	578.6666666666666	0.1392575876076968	1009.6666666666666	0.14212804882590188	1472.3333333333333
2323	23230001	2969	50	0	0.16119245488652592	46	0.1725535568942965	1220.3333333333333	0.16907549878861838	1916.3333333333333	0.15789894784366873	2508.3333333333335
2324	23240001	746	50	0	0.23981247646006318	37	0.23154599760020836	272.3333333333333	0.2327972049914259	433.3333333333333	0.23542906665379304	604.0
2325	23250001	2232	50	0	0.16662636448767887	43	0.17039646900764194	499.3333333333333	0.16998769120129764	1049.0	0.1633612963925347	1635.3333333333333
2326	23260001	2129	50	0	0.17328416780810849	37	0.18902328447557704	789.6666666666666	0.17805126628349877	1309.0	0.17337291422925105	1735.3333333333333
2327	23270001	1755	50	0	0.17184313608991736	43	0.15475166315632816	451.0	0.1773985573622393	861.0	0.16943441318695127	1283.0
2328	23280001	2251	50	0	0.1923050092537745	36	0.18976202132390385	690.3333333333334	0.1938198427763763	1082.3333333333333	0.19498937246837378	1530.6666666666667
2329	23290001	1198	50	0	0.21603861808034008	40	0.20008552306896743	215.66666666666666	0.20865816925427935	465.6666666666667	0.21924512960322132	833.0
2330	23300001	202	24	0	0.22622953899467618	24	0.2435454120848124	29.0	0.22095926689652992	80.33333333333333	0.23254886729543264	143.33333333333334
2331	23310001	2862	50	0	0.19322872303376007	45	0.22570155530668837	1046.3333333333333	0.19408752440725274	1674.0	0.1921410500868451	2316.6666666666665
2332	23320001	2393	50	0	0.17477347213790237	44	0.1846749113593618	783.0	0.17514095795861195	1247.6666666666667	0.17378451129035724	1765.6666666666667
2333	23330001	1801	50	0	0.2554046908879297	27	0.2689271654300881	596.3333333333334	0.2476024910576398	1058.6666666666667	0.2515740432337448	1473.6666666666667
2334	23340001	2366	50	0	0.18775857869062026	42	0.21713462824128058	886.0	0.21363519262487407	1440.3333333333333	0.1951459588480263	1995.0
2335	23350001	4278	50	0	0.15308734052635764	48	0.15478654403742512	1587.6666666666667	0.15603173670420115	2514.6666666666665	0.1529106156408799	3408.6666666666665
2336	23360001	3029	50	0	0.18368853801203083	41	0.17929751333261382	848.3333333333334	0.19175909396996796	1507.6666666666667	0.18215356521174283	2254.3333333333335
2337	23370001	1884	50	0	0.18381585812584608	45	0.19132541290036933	653.3333333333334	0.1883624391638339	1100.6666666666667	0.1810897150724918	1545.0
2338	23380001	674	50	0	0.24760988380307378	34	0.3281554564738502	197.0	0.2305507485764532	355.6666666666667	0.24089672309896745	534.0
2339	23390001	2843	50	0	0.15267147895673602	42	0.18078925051310182	874.0	0.15405769712275805	1462.0	0.15738685143256395	2110.6666666666665
2340	23400001	3876	50	0	0.13891219529091536	48	0.16282477061126896	1281.0	0.14993392393297933	2227.6666666666665	0.14209113081690156	3015.0
2341	23410001	771	50	0	0.22773531067705338	30	0.2541779442666991	209.33333333333334	0.23962241701748246	390.6666666666667	0.2217591972974704	578.6666666666666
2342	23420001	3570	50	0	0.17627504782471862	38	0.18882339481709545	1045.3333333333333	0.17855812212569777	1741.6666666666667	0.17487322919686035	2452.6666666666665
2343	23430001	412	50	0	0.276236253611304	29	0.2756639279800401	112.33333333333333	0.2910902910828082	211.33333333333334	0.27625586799915564	328.0
2344	23440001	2660	50	0	0.14690362827450798	48	0.15858270427367813	702.0	0.143827022603172	1354.0	0.15004844713152263	1968.6666666666667
2345	23450001	180	50	1	0.3178297402031822	11	0.3604650098819979	39.666666666666664	0.3287095235770357	74.33333333333333	0.325645870226087	117.66666666666667
2346	23460001	3516	50	0	0.154710774084222	42	0.16672517971522496	1062.6666666666667	0.15692947671389706	1917.3333333333333	0.1525885813769358	2831.0
2347	23470001	2767	50	0	0.16462725118914975	47	0.17159831136742157	720.0	0.16975247336758692	1321.3333333333333	0.16693031271482525	1982.0
2348	23480001	3217	50	0	0.16673597571963694	47	0.1873369258914818	1122.0	0.15691574350928708	1802.3333333333333	0.1696021431052833	2423.0
2349	23490001	871	50	0	0.11881207467555939	68	0.12453508164188594	350.0	0.12065023900864637	464.0	0.11974647435363041	628.3333333333334
2350	23500001	1183	50	0	0.23711904728904384	42	0.2375778902596731	221.66666666666666	0.237779205233529	404.6666666666667	0.23903502342748773	644.3333333333334
2351	23510001	3680	50	0	0.13645757434059463	43	0.14606277329921194	956.3333333333334	0.14578047420479834	1666.6666666666667	0.1387390892614342	2583.0
2352	23520001	2832	50	0	0.22007955369640664	43	0.22103701356601288	873.0	0.19697435920416692	1388.6666666666667	0.2168836444572966	1990.0
2353	23530001	4619	50	0	0.19175269482688662	48	0.19683864396944487	1648.6666666666667	0.19528645708181092	2568.0	0.1875368259442993	3570.3333333333335
2354	23540001	3838	50	0	0.1361438270545719	49	0.14490272378542166	1255.6666666666667	0.14725008778325552	1915.3333333333333	0.14170188823155588	2663.6666666666665
2355	23550001	3830	50	0	0.14776662785628814	47	0.16276662526985536	1448.3333333333333	0.14940784318673028	2133.0	0.1456360423331855	2854.0
2356	23560001	3308	50	0	0.14237270504359636	50	0.15644277294439646	922.0	0.14428610554900936	1577.0	0.14313804998866328	2281.3333333333335
2357	23570001	1277	50	0	0.16133925476348512	37	0.18375821165072256	313.3333333333333	0.16954628447497852	546.6666666666666	0.1635058970617809	848.6666666666666
2358	23580001	2518	50	0	0.17037925666742904	55	0.17995998311197928	765.6666666666666	0.17431644725589582	1174.3333333333333	0.17001081553658584	1830.0
2359	23590001	4151	50	0	0.16740664360033594	49	0.16727787500055816	1186.6666666666667	0.16959854797188267	2061.3333333333335	0.16868574147899587	3179.3333333333335
2360	23600001	4866	50	0	0.1572950518673348	42	0.15547438362765023	1318.0	0.15720178254399372	2423.0	0.15841018985818434	3655.0
2361	23610001	2974	50	0	0.15419264113055553	44	0.167114541327642	924.6666666666666	0.16002105122498525	1504.6666666666667	0.1545823682908144	2251.0
2362	23620001	3786	50	0	0.14967635814413688	49	0.15690302159084188	1268.6666666666667	0.14978811174572845	1993.3333333333333	0.1484960799187065	2868.3333333333335
2363	23630001	4059	50	0	0.14068337638072057	57	0.15933419076452365	1183.3333333333333	0.14657231909529228	2023.0	0.1382320582296733	3005.0
2364	23640001	3991	50	0	0.15616056728315889	47	0.1694678360592269	1516.3333333333333	0.15377824878420146	2370.6666666666665	0.15818893642829088	3239.0
2365	23650001	2291	50	0	0.20614754933341112	38	0.20062549257167095	669.3333333333334	0.21794851211423275	1100.6666666666667	0.20676284365776262	1662.0
2366	23660001	3344	50	0	0.1918102287658758	44	0.1957002123844346	1079.6666666666667	0.19367197109275947	1725.6666666666667	0.19506753527655027	2421.0
2367	23670001	3687	50	0	0.16498776482918692	42	0.16860597121836304	1011.6666666666666	0.16881749287396217	1640.6666666666667	0.16633950802236255	2457.0
2368	23680001	2844	50	0	0.23118806773793754	48	0.22627377653546163	726.6666666666666	0.22816585109447027	1323.3333333333333	0.23634245108862353	2037.0
2369	23690001	2221	50	0	0.19009028460616137	42	0.1905888212222099	548.0	0.18597491326932084	1065.6666666666667	0.19170938984966032	1669.6666666666667
2370	23700001	313	21	0	0.24033343245489122	20	0.26661604603812744	36.333333333333336	0.24739553843283799	85.66666666666667	0.231233010333853	189.33333333333334
2371	23710001	302	50	0	0.19075670958486024	30	0.1958134822943798	118.66666666666667	0.19749494087062935	187.0	0.19083590549945093	240.33333333333334
2372	23720001	1099	50	0	0.22384125363367766	30	0.24578200153633611	334.6666666666667	0.24346610272897895	542.0	0.22108285558991544	765.3333333333334
2373	23730001	2189	50	0	0.16005196208820674	41	0.1651271240433481	610.3333333333334	0.16067003004090366	1116.0	0.16517351727140928	1644.0
2374	23740001	3372	50	0	0.15030955581204955	41	0.16415289812131187	860.6666666666666	0.15337065568202463	1722.6666666666667	0.1508907211174993	2664.0
2375	23750001	1365	50	0	0.17328759219590073	37	0.19636342917050528	355.3333333333333	0.19023131019938241	685.3333333333334	0.17318847971140947	1052.0
2376	23760001	2377	50	0	0.172194722719099	44	0.17381081555152103	772.3333333333334	0.1803626819061779	1335.0	0.1760869653738297	1877.0
2377	23770001	2485	50	0	0.22831591560436562	50	0.23192464923482128	760.3333333333334	0.2344988259497441	1291.3333333333333	0.22194141067173292	1824.6666666666667
2378	23780001	1550	50	0	0.18956023295761784	38	0.18097751136800555	350.3333333333333	0.19105056993477257	713.0	0.1863932343729999	1138.3333333333333
2379	23790001	3938	50	0	0.17267759102586652	45	0.1801836576308207	1120.6666666666667	0.17411233894776304	2072.6666666666665	0.17023874399458905	3099.6666666666665
2380	23800001	2786	50	0	0.20953066954597221	45	0.1950653929472749	853.6666666666666	0.20374433845043627	1420.6666666666667	0.21070688122185924	2046.6666666666667
2381	23810001	3282	50	0	0.15819267244836233	49	0.16889806437472488	995.3333333333334	0.15919791812439643	1744.6666666666667	0.15879537037259475	2630.3333333333335
2382	23820001	2802	50	0	0.14830400228760662	47	0.1461919643842701	867.0	0.15018072653886777	1513.6666666666667	0.14944364867789858	2144.6666666666665
2383	23830001	2325	50	0	0.1527583739502211	52	0.18310252334682106	774.3333333333334	0.15442490877951487	1441.6666666666667	0.1539698390930118	1962.0
2384	23840001	37	12	1	0.22762611058029825	20	0.3657914807585685	2.3333333333333335	0.3033251611713161	8.0	0.2531990266775191	17.333333333333332
2385	23850001	1775	50	0	0.1821211446446983	44	0.18897371629117501	600.3333333333334	0.17927407886899027	992.0	0.18095168337435127	1418.6666666666667
2386	23860001	4106	50	0	0.1434598512819123	48	0.15854077048468304	1375.3333333333333	0.15048199642271512	2361.6666666666665	0.14809410310452956	3382.3333333333335
2387	23870001	3128	50	0	0.1305098901904197	50	0.1411473150544468	1091.0	0.1362474539528967	1828.0	0.13225006131477604	2579.0
2388	23880001	1564	50	0	0.15288563950347128	37	0.15166462256358704	462.0	0.15726516815914862	788.0	0.15564669608988482	1125.3333333333333
2389	23890001	3361	50	0	0.1823246507605238	38	0.19811702361155406	785.6666666666666	0.18415972672069078	1583.0	0.18548995425060025	2440.6666666666665
2390	23900001	4020	50	0	0.13742302831898512	53	0.16003522252022515	973.3333333333334	0.15974707465634994	1827.3333333333333	0.14038282578110534	2772.3333333333335
2391	23910001	3773	50	0	0.16074437159854263	44	0.17657170017055335	986.0	0.17404615854890548	1791.6666666666667	0.160849232975766	2743.3333333333335
2392	23920001	1469	50	0	0.23353778456595756	42	0.22359057699699902	463.6666666666667	0.24276166549936548	821.6666666666666	0.2328334850024918	1175.6666666666667
2393	23930001	2155	50	0	0.15238381227472864	48	0.15765351039999878	850.6666666666666	0.15379221629462483	1216.0	0.1520727266496841	1659.3333333333333
2394	23940001	2735	50	0	0.17206974464065433	50	0.19701830017081448	976.6666666666666	0.17091744706207224	1602.0	0.17107497226250556	2220.3333333333335
2395	23950001	3575	50	0	0.1586968495712375	43	0.16527422080115917	1342.6666666666667	0.16008371303150368	2186.3333333333335	0.156545231514539	2950.6666666666665
2396	23960001	2786	50	0	0.17435432977730547	48	0.1929066820038223	810.3333333333334	0.17231395054571963	1399.3333333333333	0.17479417217798066	2103.0
2397	23970001	2521	50	0	0.19568788160209216	38	0.1860707385415503	1050.3333333333333	0.19383075773572647	1511.3333333333333	0.19827747988325425	1993.3333333333333
2398	23980001	3400	50	0	0.22537376678064538	43	0.2362145689271934	1611.3333333333333	0.22599152624544436	2256.0	0.22907125648381962	2793.3333333333335
2399	23990001	4439	50	0	0.14445866261709647	45	0.14444272261973798	1204.3333333333333	0.14679183071977428	2190.0	0.14643623299039663	3288.6666666666665
2400	24000001	3218	50	0	0.20960364094239659	47	0.20867994943183008	1032.0	0.20184195976077898	1720.0	0.21011809163730835	2397.3333333333335
2401	24010001	3415	50	0	0.15170226551856267	48	0.16556482427959227	690.6666666666666	0.16521532971095856	1346.6666666666667	0.15319453065719368	2236.6666666666665
2402	24020001	4110	50	0	0.15210114290208665	52	0.16340927142268333	1391.6666666666667	0.1464090161923247	2231.0	0.15594653095939442	3167.0
2403	24030001	4474	50	0	0.14996338908455534	52	0.17168005851811718	1461.0	0.15232084223885667	2455.3333333333335	0.14789668517880925	3505.3333333333335
2404	24040001	3500	50	0	0.13460453312218187	47	0.143414826796656	845.0	0.13603535550779558	1703.0	0.13561493010064926	2686.0
2405	24050001	3683	50	0	0.16570374703942503	47	0.1684454919657695	1315.6666666666667	0.16772524604931538	2146.3333333333335	0.16590493335489712	3003.6666666666665
2406	24060001	3701	50	0	0.167358931007388	45	0.17591487622603086	1192.0	0.17495905988893568	1933.6666666666667	0.16853377332967245	2725.6666666666665
2407	24070001	4897	50	0	0.17247976308593693	53	0.17468472955615763	1699.6666666666667	0.17040312892929602	2597.6666666666665	0.17141750829254762	3509.0
2408	24080001	3911	50	0	0.1364528031536968	52	0.1748003018076533	1577.3333333333333	0.14281819753308442	2385.0	0.13495716683308126	3112.3333333333335
2409	24090001	4191	50	0	0.13213110516929308	47	0.14094370648355756	1189.6666666666667	0.1302467252841528	2128.0	0.13388834047940854	3054.3333333333335
2410	24100001	3065	50	0	0.13172144715458872	41	0.1411325507233313	1075.0	0.1331069803193226	1684.0	0.13396370490018408	2288.0
2411	24110001	3728	50	0	0.15627432696212115	49	0.15986870237776488	1087.6666666666667	0.15423483464881316	1805.0	0.15739103037490187	2634.3333333333335
2412	24120001	1592	50	0	0.2297333807815579	33	0.22334450013637222	362.0	0.2416017294988491	722.0	0.23075506389589895	1065.6666666666667
2413	24130001	3685	50	0	0.17538280953104426	49	0.18561175282004114	1161.3333333333333	0.17284029153537162	1947.0	0.18039339089942588	2780.6666666666665
2414	24140001	1934	50	0	0.1602214988593086	39	0.16157397120264125	482.6666666666667	0.16211606506312015	824.0	0.15887072751768777	1263.3333333333333
2415	24150001	2353	50	0	0.16344791531373457	33	0.1714069683950913	682.3333333333334	0.16537047702964663	1071.0	0.16358599355638548	1599.3333333333333
2416	24160001	1310	50	0	0.1899401094480756	48	0.2068323157378289	357.6666666666667	0.19076108304370165	620.6666666666666	0.1905485983890892	907.0
2417	24170001	3194	50	0	0.15639407556242954	39	0.152385258670851	936.3333333333334	0.15485196242364854	1701.6666666666667	0.15837681721572647	2473.0
2418	24180001	3144	50	0	0.13352419903985846	48	0.14373467968455553	981.3333333333334	0.13690258629201899	1644.0	0.1346287378864083	2307.0
2419	24190001	3287	50	0	0.144135737869234	58	0.14676604936802076	886.3333333333334	0.14388764984416533	1513.0	0.14156394697787616	2332.0
2420	24200001	1126	50	0	0.18384725897334703	41	0.1984460584532858	244.33333333333334	0.1877335371209249	422.6666666666667	0.1823960249447495	702.0
2422	24220001	9	6	1	0.34933801252257185	8	0.559761870807092	0.6666666666666666	0.42480978142571574	3.0	0.3724539181904476	6.666666666666667
2424	24240001	2108	50	0	0.17629876787776727	44	0.20097536287585713	534.6666666666666	0.17838498929790333	1040.3333333333333	0.17935991311263003	1601.3333333333333
2425	24250001	2354	50	0	0.15865698226181285	42	0.15504864832973964	522.6666666666666	0.15590563772040547	1066.0	0.1588735605593676	1666.3333333333333
2426	24260001	2755	50	0	0.16307551557760885	50	0.1781980460591732	586.3333333333334	0.16434906839691307	1173.6666666666667	0.16205421257072292	1872.6666666666667
2427	24270001	726	50	0	0.2651769685507472	42	0.2306476796420289	105.33333333333333	0.26570873476023965	242.33333333333334	0.28766906139657517	457.0
2428	24280001	1233	50	0	0.2192382721970313	63	0.24959775693680997	335.0	0.221342357245206	569.0	0.19906598676031426	774.3333333333334
2429	24290001	2953	50	0	0.13828133846843826	48	0.14437898895467974	711.3333333333334	0.14019570032069664	1452.3333333333333	0.13982596466461983	2131.0
2430	24300001	4196	50	0	0.15502350927690553	47	0.16070400203307691	1540.3333333333333	0.1571696209341743	2451.0	0.15539587655289455	3276.3333333333335
2431	24310001	3734	50	0	0.1458127269614587	48	0.14149215623485456	1077.0	0.1541715220123336	1840.0	0.1532815943887242	2664.6666666666665
2432	24320001	2515	50	0	0.21873096189284003	41	0.2241211943406826	671.3333333333334	0.22303876175790407	1282.6666666666667	0.2123302999493062	1889.3333333333333
2433	24330001	2629	50	0	0.19785775710936934	40	0.1842103061887843	615.3333333333334	0.2057793768326397	1183.0	0.20418365575689482	1826.6666666666667
2434	24340001	457	49	0	0.17109756131731302	40	0.2095610314161105	71.33333333333333	0.18413350222524816	176.33333333333334	0.1748847294892272	295.0
2435	24350001	241	49	0	0.2502533259610783	23	0.2619508588257277	47.0	0.27093116284118085	108.0	0.25588570746273387	162.66666666666666
2436	24360001	3041	50	0	0.16338917180991466	49	0.16904237889152363	1012.6666666666666	0.16240622732766943	1741.0	0.15930187413894012	2418.0
2437	24370001	4598	50	0	0.12999126251179202	52	0.14480308399893052	1303.6666666666667	0.13223994304731643	2107.3333333333335	0.13112203727127786	3037.6666666666665
2438	24380001	3283	50	0	0.156783596883582	51	0.16114767819533957	1168.3333333333333	0.15013893926031607	1871.3333333333333	0.15740471110951224	2521.0
2439	24390001	3817	50	0	0.16502687799022722	49	0.1702113991358686	1235.6666666666667	0.17042355021486913	1949.3333333333333	0.16560201250310122	2527.6666666666665
2440	24400001	2927	50	0	0.19933765964527048	41	0.18722425758719055	861.3333333333334	0.20559598611180374	1397.0	0.20328466223227915	2067.0
2441	24410001	1558	50	0	0.17314810319150978	47	0.1679241022730156	601.6666666666666	0.1742078155944229	835.6666666666666	0.1738974944788991	1140.0
2442	24420001	2402	50	0	0.13191670658315294	45	0.1442702142708077	627.0	0.13089890615435823	1077.0	0.12871319626341757	1692.0
2443	24430001	2288	50	0	0.1611341127492161	50	0.15684600992085526	642.0	0.15696548614564834	1191.6666666666667	0.16406336238478636	1771.0
2444	24440001	2694	50	0	0.16962169885838502	44	0.15894625139805887	555.0	0.17257016429108676	1113.6666666666667	0.16842486032515233	1844.0
2445	24450001	920	50	0	0.19977356896550394	43	0.21856509853720216	219.33333333333334	0.19823451652760538	384.6666666666667	0.2036536958727054	609.6666666666666
2446	24460001	2612	50	0	0.17024989759208115	48	0.16665708264960225	853.6666666666666	0.17450493166926662	1346.0	0.17244380607392915	1915.3333333333333
2447	24470001	1276	50	0	0.21040109754371833	40	0.22825033267174044	405.3333333333333	0.20935539197631958	718.6666666666666	0.21262605014909122	1002.0
2448	24480001	1700	50	0	0.18719484972863398	40	0.1566387991293223	401.3333333333333	0.18378897936784303	695.3333333333334	0.18233207480245475	1160.0
2449	24490001	3652	50	0	0.18239650832091683	43	0.18811604240704916	1099.3333333333333	0.17737900193702705	1794.0	0.18302651537406142	2687.0
2450	24500001	1676	50	0	0.18578181823459236	43	0.2060040305444628	610.0	0.21503087355116357	944.6666666666666	0.18099691043861307	1289.6666666666667
2451	24510001	1727	50	0	0.19596892455962578	34	0.17914609660309924	498.3333333333333	0.19133801455670543	839.0	0.19505238517751275	1282.6666666666667
2452	24520001	3193	50	0	0.1564543794469848	42	0.1715380201429811	1101.3333333333333	0.15784016826206107	1769.0	0.1611996080077397	2519.3333333333335
2453	24530001	1922	50	0	0.14523848420378643	42	0.15169547206778397	492.3333333333333	0.14526409000813786	882.0	0.14838546536212469	1317.3333333333333
2454	24540001	2015	50	0	0.17056544693257963	38	0.19890618481912503	878.0	0.18135399087108903	1328.0	0.17228710311407594	1679.3333333333333
2455	24550001	2892	50	0	0.15154741351524612	54	0.19374343916123407	1004.3333333333334	0.15299653827461454	1641.6666666666667	0.15848799061068286	2228.3333333333335
2456	24560001	64	12	1	0.2751030060089441	20	0.3838902720365212	5.0	0.27377019403417874	15.0	0.27374674939673094	36.0
2457	24570001	733	50	0	0.22627870603675257	38	0.20768797762221844	166.33333333333334	0.22310193367282763	360.6666666666667	0.2290464546769149	541.6666666666666
2458	24580001	9	6	1	0.3641326726308385	7	0.6090762315152162	1.3333333333333333	0.4410996610984421	3.0	0.41246958218238866	6.666666666666667
2459	24590001	2602	50	0	0.18124285227897075	39	0.18193254708942233	598.0	0.18408050084382976	1210.0	0.18362389971478357	1912.3333333333333
2460	24600001	874	50	0	0.19310337847347542	32	0.2059217632447418	347.3333333333333	0.18603209987362337	526.3333333333334	0.19513883001876445	709.6666666666666
2461	24610001	2189	50	0	0.17013748290173195	44	0.18317241291306854	653.0	0.16934267272499196	1182.0	0.17293909554120582	1752.3333333333333
2462	24620001	3145	50	0	0.17511084352188694	44	0.1927702425196102	803.0	0.16354561997832232	1502.6666666666667	0.17803577407416374	2388.3333333333335
2463	24630001	3724	50	0	0.15825225087167	45	0.1738840748409448	1337.0	0.16021149105823546	2186.0	0.15742661443153902	2990.6666666666665
2464	24640001	2113	50	0	0.1988587490308777	38	0.18154052781619803	575.0	0.21394169687864675	1007.3333333333334	0.20618818608281111	1536.3333333333333
2465	24650001	2572	50	0	0.13734610139418912	46	0.14405802060390774	582.0	0.1371183335297931	1108.6666666666667	0.13797231986823685	1774.3333333333333
2466	24660001	3752	50	0	0.17319877457868432	42	0.18139358690338317	960.0	0.18012141565872972	1860.6666666666667	0.1722298686491277	2838.3333333333335
2467	24670001	1754	50	0	0.18012274922062224	41	0.17934302366571472	635.6666666666666	0.17837335426285947	990.0	0.16782772145933403	1346.0
2468	24680001	1086	50	0	0.18252862184036578	36	0.18253747186172906	244.0	0.1892047238378477	457.6666666666667	0.18542303649178252	750.6666666666666
2469	24690001	3022	50	0	0.14563659946858343	51	0.16837848238084888	1076.6666666666667	0.14515476228639365	1716.6666666666667	0.14587493451512082	2282.3333333333335
2470	24700001	2899	50	0	0.14259496644004913	47	0.1383379571377291	715.0	0.14037577981914218	1353.3333333333333	0.14677484833580443	2102.3333333333335
2471	24710001	1774	50	0	0.15566398648902274	53	0.1593757190438988	422.0	0.16617617047438699	812.3333333333334	0.1548776133576441	1239.0
2472	24720001	944	50	0	0.17011576653891478	47	0.17659287012503033	297.0	0.16787034654041463	517.3333333333334	0.16554689063620698	750.6666666666666
2473	24730001	3799	50	0	0.11544994973570685	60	0.12226023127641657	1552.6666666666667	0.11736931544066792	2319.0	0.11587614442096622	3078.6666666666665
2474	24740001	3060	50	0	0.13229095813567227	50	0.1379961799147577	802.6666666666666	0.13314682927287672	1394.3333333333333	0.13364528958076347	2194.0
2475	24750001	1899	50	0	0.14226354788768286	46	0.16936062665093302	494.3333333333333	0.14882360265003383	903.6666666666666	0.14350294488037266	1408.6666666666667
2476	24760001	2625	50	0	0.17070694804417116	45	0.17292410637831543	497.0	0.17092635516170063	1133.3333333333333	0.17027948505527338	1907.6666666666667
2477	24770001	2881	50	0	0.16890085997345525	46	0.15440450392406227	690.6666666666666	0.16779867320689493	1337.0	0.16839175808388526	2161.0
2478	24780001	1886	50	0	0.21860021580175326	41	0.22653167357866488	590.0	0.21923098741057212	951.3333333333334	0.21594548035437333	1427.0
2479	24790001	3886	50	0	0.1675474867630383	48	0.17971944831695474	1184.0	0.15770513189031946	1999.3333333333333	0.16869237258658454	2960.6666666666665
2480	24800001	3675	50	0	0.16971951913355154	48	0.17997472970474981	1090.3333333333333	0.17608579037906144	1841.3333333333333	0.170543286972584	2739.3333333333335
2481	24810001	3168	50	0	0.1548928089420653	53	0.13825805255853346	784.0	0.1619268065952524	1485.6666666666667	0.15460639948522334	2295.0
2482	24820001	1277	50	0	0.27245261558062267	41	0.25867893882577303	306.3333333333333	0.2821321653991246	651.6666666666666	0.27419293335210476	979.6666666666666
2483	24830001	1383	50	0	0.1767782933265819	42	0.187817270127102	402.6666666666667	0.18358097645690483	691.0	0.17485655975307712	1028.6666666666667
2484	24840001	1496	50	0	0.19145123102571535	38	0.17801786378584275	232.66666666666666	0.1903604150550213	523.6666666666666	0.19080027661647858	931.0
2485	24850001	1236	50	0	0.2451572766597418	36	0.2551331066804539	203.0	0.2365699677264096	501.0	0.25177023079349115	882.0
2486	24860001	3507	50	0	0.16895496645020608	51	0.1583963586284867	1038.6666666666667	0.17313648040367977	1660.0	0.16775682621694002	2454.6666666666665
2487	24870001	1503	50	0	0.2153417608901368	42	0.2397241429950895	330.3333333333333	0.20439098520481178	698.3333333333334	0.2038343182166682	1111.3333333333333
2488	24880001	3960	50	0	0.18811743165717962	48	0.17202514348338815	1366.0	0.1992784038519514	2073.6666666666665	0.19185314839071835	2948.0
2489	24890001	3441	50	0	0.15432683892616747	52	0.16593601427520197	1206.6666666666667	0.16465924841732296	1886.3333333333333	0.1567865716600775	2572.0
2490	24900001	1715	50	0	0.15183323801668472	38	0.17761953180126147	642.6666666666666	0.15910263851628884	1053.0	0.1597925131794845	1398.3333333333333
2491	24910001	2708	50	0	0.17170264174294023	41	0.16080794620837446	656.3333333333334	0.16823095760121665	1219.3333333333333	0.17488303094991506	1909.3333333333333
2492	24920001	2147	50	0	0.1877803625099292	40	0.2109430765768642	465.0	0.18282129351326049	951.0	0.18983326296374545	1545.0
2493	24930001	3387	50	0	0.19470853494421672	44	0.22613797891046258	1394.0	0.18646357767529242	2030.0	0.19267801840696483	2722.3333333333335
2494	24940001	2633	50	0	0.15692574904479803	42	0.17754146764357367	1025.0	0.1597964839479234	1707.6666666666667	0.1593531128135556	2226.3333333333335
2495	24950001	2048	50	0	0.1854483724149476	46	0.21263512104827784	833.3333333333334	0.19694155409388966	1328.0	0.1820049485483187	1725.6666666666667
2496	24960001	1393	50	0	0.2429290670659699	35	0.2676945697233723	427.0	0.24640070901561884	783.3333333333334	0.25330762436984894	1113.0
2497	24970001	4191	50	0	0.13117547381247036	49	0.13203918826519337	1266.6666666666667	0.13016602369185618	2175.6666666666665	0.1324886354907375	3208.3333333333335
2498	24980001	4034	50	0	0.1906332858814107	48	0.1908103202068702	1310.6666666666667	0.18787033215070204	2363.0	0.18936710128961823	3209.3333333333335
2499	24990001	849	50	0	0.19742241796624105	51	0.19512679018068435	215.0	0.1984837020268336	401.0	0.19504962470438533	587.0
2500	25000001	1279	50	0	0.21506195186801408	46	0.22262111973059548	317.0	0.22167029123183782	624.3333333333334	0.21124270181046034	930.0
2501	25010001	2345	50	0	0.2323402342707793	50	0.2308832780916373	824.3333333333334	0.2378915345060015	1415.0	0.22272761413314981	1888.0
2502	25020001	3086	50	0	0.17069252719736933	42	0.18738842854742896	751.3333333333334	0.17043246644631538	1393.3333333333333	0.16808887882147516	2165.0
2503	25030001	2269	50	0	0.15150891320311743	46	0.15250611148707524	589.0	0.14309824886189404	995.6666666666666	0.15106811956418753	1474.3333333333333
2504	25040001	3955	50	0	0.16189460302099198	44	0.14861699799127942	1147.0	0.16204750742753002	1934.0	0.16274925937329757	2882.3333333333335
2505	25050001	1628	50	0	0.18020083398958908	37	0.177709346134349	373.6666666666667	0.17428678129579264	637.0	0.18220478285423336	961.3333333333334
2506	25060001	4255	50	0	0.13200041736725635	43	0.13714548899316448	1322.3333333333333	0.13497657512824698	2120.6666666666665	0.13282228309280056	3063.6666666666665
2507	25070001	5466	50	0	0.1543773074458006	52	0.16597241238053162	1728.0	0.15620602941267955	2895.3333333333335	0.1545438043184349	4177.0
2508	25080001	5691	50	0	0.1471660168012263	52	0.14628030093062167	1699.3333333333333	0.14541823171920432	2874.6666666666665	0.14952353761511325	4284.666666666667
2509	25090001	3077	50	0	0.14449846841937616	44	0.14482312043152504	1012.6666666666666	0.14274871524528115	1609.0	0.14342842281121104	2336.6666666666665
2510	25100001	4756	50	0	0.1739953520528616	44	0.17316151792449255	1510.0	0.1757240797008668	2457.3333333333335	0.17173641124076142	3612.3333333333335
2511	25110001	3638	50	0	0.1717429660672574	44	0.17179658479711243	1031.3333333333333	0.17129956287625225	1826.3333333333333	0.16997354405886492	2773.0
2512	25120001	1885	50	0	0.17666650043967694	37	0.19476338716351274	643.3333333333334	0.19333678475664925	1083.3333333333333	0.17753591564877003	1516.6666666666667
2513	25130001	3237	50	0	0.16976300837191258	51	0.19563211548861523	1223.6666666666667	0.17707156399883883	1987.6666666666667	0.17060331147034682	2712.6666666666665
2514	25140001	4377	50	0	0.1362478657196678	57	0.15141738006105568	1467.0	0.1352861228113473	2402.6666666666665	0.13573511990580212	3493.0
2515	25150001	3830	50	0	0.18573751157102078	46	0.18951013354269927	1573.6666666666667	0.1802365674452849	2295.6666666666665	0.18417682018047202	3024.3333333333335
2516	25160001	1950	50	0	0.24111276754310085	44	0.2277504498237897	516.3333333333334	0.23386491103574195	877.3333333333334	0.23775913982175653	1352.3333333333333
2517	25170001	2722	50	0	0.1956392610187603	39	0.21045562151003958	696.6666666666666	0.2040437898189393	1181.3333333333333	0.1934519870492839	1844.0
2518	25180001	2237	50	0	0.1895456939796607	41	0.20967976373713623	524.0	0.18494058006633166	936.3333333333334	0.18495803076341552	1538.6666666666667
2519	25190001	4006	50	0	0.14086565584977345	51	0.1382696013788455	1699.6666666666667	0.1447534366542772	2529.3333333333335	0.14403835131782594	3381.6666666666665
2520	25200001	2597	50	0	0.16164253037752263	42	0.1730972136347475	861.0	0.1625912954738441	1402.3333333333333	0.16633414388199816	2050.6666666666665
2521	25210001	4128	50	0	0.13891720508733568	49	0.13671346439498944	1307.6666666666667	0.14095076875261905	2184.3333333333335	0.13844001920889978	3183.6666666666665
2522	25220001	3139	50	0	0.20388669155264783	37	0.20247369731235765	898.0	0.2005640647033146	1647.3333333333333	0.20437067822265323	2516.6666666666665
2523	25230001	3461	50	0	0.14021389354288785	46	0.13870025968620384	1153.0	0.1403028784308549	1979.6666666666667	0.13820653023249416	2835.0
2524	25240001	3880	50	0	0.14451636530281922	45	0.1423401734614523	1357.6666666666667	0.14392535791031713	2191.3333333333335	0.14351736615923763	3072.0
2525	25250001	4146	50	0	0.1586425972981396	51	0.16576462097162867	1244.6666666666667	0.16097254010623419	2145.6666666666665	0.16134543459680875	3183.0
2526	25260001	2287	50	0	0.16490021566198618	42	0.16903875969134788	549.0	0.16496434635930224	1098.3333333333333	0.16624640514114067	1727.0
2527	25270001	1707	50	0	0.16612572379863885	46	0.16529079014526973	671.0	0.1657395653177479	1081.0	0.16782407930769858	1428.0
2528	25280001	3148	50	0	0.13817937506452685	48	0.1381812478068379	1473.6666666666667	0.14029654828827343	2221.6666666666665	0.1374435580347904	2764.6666666666665
2529	25290001	3666	50	0	0.13314246776216734	53	0.14456423223312712	1910.3333333333333	0.14001839123635837	2685.3333333333335	0.13585369689728113	3293.3333333333335
2530	25300001	2637	50	0	0.16024896942588074	47	0.15100464509272402	748.0	0.15140462736152668	1340.6666666666667	0.16186174939437603	1951.6666666666667
2531	25310001	3967	50	0	0.13103034440698694	55	0.14123530788088887	1503.3333333333333	0.13996415514851077	2383.6666666666665	0.13467962623447347	3123.6666666666665
2532	25320001	3649	50	0	0.21035242830049689	48	0.18560530782126938	1403.0	0.21802718447981786	2194.3333333333335	0.2178753884517993	2880.6666666666665
2533	25330001	2635	50	0	0.19662124366838946	46	0.1985586473895482	874.6666666666666	0.19819728362057906	1476.3333333333333	0.1967514962356961	2065.0
2534	25340001	3	2	1	0.5715476233352329	3	0.5715476233352329	0.3333333333333333	0.5715476233352329	1.3333333333333333	0.5715476233352329	1.6666666666666667
2536	25360001	3242	50	0	0.1396787394240133	50	0.17221326005023188	1469.0	0.14143105018270122	2207.3333333333335	0.14045158280651024	2743.6666666666665
2537	25370001	4257	50	0	0.1636289667963976	46	0.16673680570688187	1968.0	0.15826821721043874	2961.6666666666665	0.16656467439429923	3638.0
2538	25380001	3057	50	0	0.17318307348627018	51	0.1796489225518063	1286.6666666666667	0.16602710607446491	1910.3333333333333	0.1771034323254211	2397.3333333333335
2539	25390001	2612	50	0	0.17353378490976235	51	0.2035964570038454	975.0	0.1644970797313581	1462.0	0.17271312020607632	1929.6666666666667
2540	25400001	2794	50	0	0.2106086719049383	37	0.22620493895186147	805.6666666666666	0.2135589433856232	1400.0	0.21090193509155206	2150.3333333333335
2541	25410001	2957	50	0	0.1558558659009624	53	0.15282020005497846	1032.0	0.1611693180839759	1740.3333333333333	0.15524830863818564	2431.6666666666665
2542	25420001	2971	50	0	0.15572801788159474	53	0.15624485616610315	1142.6666666666667	0.16201081718503874	1734.6666666666667	0.15905711680595933	2330.6666666666665
2543	25430001	3895	50	0	0.11673026223176791	55	0.12555054761175174	1300.3333333333333	0.1185895758305427	2108.6666666666665	0.11779227262528336	2951.6666666666665
2544	25440001	3483	50	0	0.148934590414457	51	0.1633593675824805	931.6666666666666	0.15324393154327864	1644.6666666666667	0.1467788407428612	2552.6666666666665
2545	25450001	3483	50	0	0.16715533142907749	47	0.17184745166325377	1550.6666666666667	0.17205689508523705	2234.3333333333335	0.16818754205437073	2816.0
2546	25460001	3783	50	0	0.12737829949542498	53	0.13143210622639276	1623.3333333333333	0.1299423304882469	2418.3333333333335	0.12571642915543313	3110.3333333333335
2547	25470001	2844	50	0	0.30021960259601543	47	0.30892247081937624	1446.0	0.28800173508154253	1965.3333333333333	0.29955004249679335	2336.6666666666665
2548	25480001	2133	50	0	0.2178665758742296	50	0.24123171169397875	1078.6666666666667	0.2047881753820965	1533.0	0.21298615791131095	1818.3333333333333
2549	25490001	2780	50	0	0.13626904864189643	53	0.14504909954051073	1324.0	0.14332624478627032	1818.6666666666667	0.13466314719743702	2300.6666666666665
2550	25500001	2905	50	0	0.13554740947316485	48	0.13654103661820546	1097.3333333333333	0.13652061303095256	1767.3333333333333	0.13735520754271788	2309.3333333333335
2551	25510001	3536	50	0	0.1672229098418001	50	0.1809584774931806	1767.0	0.16915639471537958	2515.6666666666665	0.16683497695873997	2997.6666666666665
2552	25520001	3849	50	0	0.15594608255316686	58	0.1501252630347669	1658.6666666666667	0.15498849247990584	2596.0	0.15589194091784167	3312.0
2553	25530001	3246	50	0	0.15351272812182737	50	0.17760897017423205	1415.6666666666667	0.15779882233805945	2023.3333333333333	0.15563362291577176	2652.0
2554	25540001	3433	50	0	0.20559674497410577	54	0.20810439793610672	1257.3333333333333	0.21152802022641448	1988.6666666666667	0.20375907945893168	2771.3333333333335
2555	25550001	4507	50	0	0.1645957806533054	41	0.1728507620826991	1520.0	0.1660455901212561	2429.6666666666665	0.162981779067252	3554.3333333333335
2556	25560001	3867	50	0	0.20609691914143255	52	0.22331787549552695	1375.6666666666667	0.20089096055503633	2193.6666666666665	0.2001748128242832	3063.3333333333335
2557	25570001	2944	50	0	0.13291483775150187	58	0.14455277610336006	883.6666666666666	0.1349903846842702	1602.6666666666667	0.13467245220699772	2317.0
2558	25580001	2294	50	0	0.1286185386101535	51	0.1361616636783841	848.3333333333334	0.13170839584029345	1382.6666666666667	0.12836326709746582	1874.3333333333333
2559	25590001	1676	50	0	0.2508875342932144	37	0.255405389900133	627.0	0.2226818743789674	994.3333333333334	0.2593595610658392	1367.0
2560	25600001	2621	50	0	0.19649790150995294	35	0.21449745261502629	715.0	0.19764925044646608	1273.0	0.19781127176571292	1937.6666666666667
2561	25610001	2414	50	0	0.14286545023686043	50	0.15678479445617668	713.0	0.14796960820235472	1221.3333333333333	0.14406316882963435	1846.6666666666667
2562	25620001	4237	50	0	0.11587190122878675	59	0.11789170317918511	1234.6666666666667	0.12044232503102785	2146.3333333333335	0.11971519697432594	3205.6666666666665
2563	25630001	3057	50	0	0.326698293635667	44	0.3567744688684937	1199.3333333333333	0.3294048162511405	1777.3333333333333	0.3235026453051146	2291.3333333333335
2564	25640001	2859	50	0	0.19940895991776264	53	0.1922925950919546	1194.0	0.2055700822520853	1739.3333333333333	0.21161271151740946	2240.6666666666665
2565	25650001	1497	50	0	0.16301455680720262	36	0.18745250654965195	514.0	0.16825173193515117	793.3333333333334	0.16402060448653225	1103.3333333333333
2566	25660001	2921	50	0	0.17212644645325625	52	0.20068351700510423	1021.3333333333334	0.1636340032625987	1623.0	0.1738071385859936	2262.3333333333335
2567	25670001	3481	50	0	0.14471611898979642	49	0.15107918477304957	1280.3333333333333	0.14277343867887307	1953.6666666666667	0.14442918764912235	2784.0
2568	25680001	4427	50	0	0.14974252815783537	46	0.15797991885885768	1632.6666666666667	0.15594003344484464	2554.0	0.15088144169903536	3565.0
2569	25690001	2075	50	0	0.17267364723180492	45	0.17902250176416976	624.3333333333334	0.17376052851074478	1102.3333333333333	0.17548721722733437	1614.6666666666667
2570	25700001	2757	50	0	0.1847828517764961	49	0.21877312573715793	1109.6666666666667	0.18613651424190522	1589.3333333333333	0.19003157615468516	2079.3333333333335
2571	25710001	3798	50	0	0.13769022602940814	47	0.15487176816643794	1404.6666666666667	0.1373693181267034	2108.6666666666665	0.13963526560841696	2936.0
2572	25720001	2828	50	0	0.13520916976074823	46	0.1433256024922043	1100.3333333333333	0.13732064218475776	1636.6666666666667	0.13651348320664977	2162.3333333333335
2573	25730001	3671	50	0	0.18042881315370046	53	0.17758573516400755	1106.3333333333333	0.17249690867255885	1770.0	0.18268215223356132	2537.0
2574	25740001	3598	50	0	0.15429782176741963	49	0.16890970204803346	1143.0	0.16027744784909292	1897.3333333333333	0.1574332303552452	2558.0
2575	25750001	3424	50	0	0.1634417142892665	56	0.1781062057593883	1244.0	0.1600469791326792	1848.3333333333333	0.16505756662402418	2426.0
2576	25760001	3355	50	0	0.1919681601909264	46	0.20079372536370554	1275.6666666666667	0.18544301349441902	2173.6666666666665	0.18924866797862416	2771.3333333333335
2577	25770001	2609	50	0	0.16054139270998258	44	0.17889191931427764	648.3333333333334	0.1710119872366167	1189.6666666666667	0.16244121673806763	1814.0
2578	25780001	3092	50	0	0.1387044549793526	52	0.14643783983022088	1134.0	0.1418641072850503	1741.6666666666667	0.14057138912218836	2315.0
2579	25790001	3600	50	0	0.1669704322917242	54	0.17268388926653574	1545.0	0.17769514128559213	2241.3333333333335	0.17010403674257757	2889.0
2580	25800001	3528	50	0	0.15528042322380287	50	0.15881849001327866	1537.6666666666667	0.15669332412954207	2286.6666666666665	0.1563547237969297	2921.6666666666665
2581	25810001	3189	50	0	0.17543939907742856	46	0.17013572308231986	1229.0	0.17860902743158913	1931.3333333333333	0.1764751045169958	2602.0
2582	25820001	3047	50	0	0.15748658665296672	50	0.17589896884387746	1097.0	0.15754837708469727	1712.6666666666667	0.15985544828004486	2388.6666666666665
2583	25830001	3515	50	0	0.23615157599998748	52	0.23495753453089638	1480.0	0.24941251605597933	2157.0	0.23027131987535135	2870.6666666666665
2584	25840001	2014	50	0	0.20085537418572927	37	0.2059579511027235	800.3333333333334	0.20421629053261023	1243.6666666666667	0.20102818878684225	1644.6666666666667
2585	25850001	2461	50	0	0.1714483211095055	58	0.18772449498636049	969.3333333333334	0.1798483436619999	1512.6666666666667	0.167270386450047	2039.3333333333333
2586	25860001	2721	50	0	0.14826240481617198	49	0.1618512912552285	1120.0	0.15586114553317063	1779.0	0.15393711509478847	2346.0
2587	25870001	3141	50	0	0.15983228491300525	42	0.18652494882758228	1317.6666666666667	0.16181516740104487	2035.0	0.16643502988838724	2612.3333333333335
2588	25880001	2824	50	0	0.1803854016284599	40	0.19648009086823826	1365.6666666666667	0.17588750349170243	1942.3333333333333	0.18446865942486498	2380.6666666666665
2589	25890001	2299	50	0	0.16160537162746721	47	0.1661362479025523	843.3333333333334	0.1609872598713359	1318.6666666666667	0.1599961414579618	1782.3333333333333
2590	25900001	3316	50	0	0.1430448023309018	52	0.139946919813024	1564.6666666666667	0.14181765545097588	2159.6666666666665	0.14375889388771348	2644.6666666666665
2591	25910001	3520	50	0	0.15852195156261834	48	0.18237516767072356	1245.3333333333333	0.16057939727488543	2014.6666666666667	0.1622411437825392	2791.3333333333335
2592	25920001	3154	50	0	0.17190118904766602	46	0.18597538296687377	1156.0	0.1696680120020643	1869.3333333333333	0.1671302189298124	2508.3333333333335
2593	25930001	3163	50	0	0.1546621761540112	53	0.15198866127612135	1421.6666666666667	0.14777012384864435	2289.3333333333335	0.15934233216633475	2765.6666666666665
2594	25940001	4628	50	0	0.15963058310436892	55	0.15843709019032085	1615.3333333333333	0.16227981671570632	2577.6666666666665	0.15863145273005028	3574.0
2595	25950001	3510	50	0	0.14323942944104942	52	0.1521601861845079	1044.3333333333333	0.13977417748964896	1866.6666666666667	0.14496179721720187	2733.0
2596	25960001	3107	50	0	0.1345299499007648	47	0.14124592389461788	1217.0	0.14120194482855294	1840.3333333333333	0.1368454743830809	2498.0
2597	25970001	1074	50	0	0.1809291750893932	47	0.2090959368902694	444.0	0.1824963977211895	657.0	0.1877039420378739	861.0
2599	25990001	3	1	1	0.7071067811865476	2	0.7071067811865476	0.3333333333333333		0.0	0.7071067811865476	1.0
2601	26010001	2715	50	0	0.17298448997603133	49	0.18373897412788695	1021.0	0.171946154696511	1697.3333333333333	0.1717923095993956	2325.6666666666665
2602	26020001	4007	50	0	0.15580611123998458	45	0.1536434163253913	1733.0	0.15874635205390905	2556.6666666666665	0.15431873223262224	3301.6666666666665
2603	26030001	1938	50	0	0.17989690568153682	39	0.19887023508827198	741.6666666666666	0.18778765696749136	1199.0	0.17990478870228144	1579.6666666666667
2604	26040001	3267	50	0	0.2173957533656046	44	0.23692849366241372	1281.0	0.20820393495909897	2030.3333333333333	0.21389135234869724	2638.0
2605	26050001	2761	50	0	0.199178777379212	39	0.21421219807753158	718.0	0.20462778556270012	1292.3333333333333	0.20326441639009174	1920.6666666666667
2606	26060001	3514	50	0	0.194582079990521	43	0.20187038779177227	1322.6666666666667	0.185682950620339	2031.6666666666667	0.1955079518979352	2768.6666666666665
2607	26070001	2284	50	0	0.18840841486830842	42	0.20376289451249993	769.3333333333334	0.1874929391834861	1217.0	0.1881598821828593	1758.3333333333333
2608	26080001	3587	50	0	0.13756778317226656	55	0.14065704808270318	1032.3333333333333	0.13796335788810885	1828.3333333333333	0.13578479223081996	2804.3333333333335
2609	26090001	3240	50	0	0.1814321149595582	49	0.19064139668224145	1304.3333333333333	0.18177184546213873	1972.0	0.18238246264616442	2553.3333333333335
2610	26100001	3539	50	0	0.16556985573310765	41	0.17320422056371587	1031.0	0.1743017731874509	1813.6666666666667	0.16635933196508942	2726.3333333333335
2611	26110001	2155	50	0	0.22668178315043958	37	0.23958807307706084	718.0	0.214266455933637	1124.0	0.21982517876236116	1555.6666666666667
2612	26120001	3649	50	0	0.17570946466154905	45	0.18006607614321202	1055.6666666666667	0.17272210982346117	1802.0	0.17564441022616575	2620.3333333333335
2613	26130001	1676	50	0	0.16387300785784445	45	0.16840167262565195	297.6666666666667	0.16950157431260418	612.3333333333334	0.16483649127183855	1058.3333333333333
2614	26140001	2172	50	0	0.14894425786788826	49	0.16356354344584145	569.3333333333334	0.15859194689258424	1036.6666666666667	0.14817915596139378	1576.0
2615	26150001	1019	50	0	0.152414609971522	46	0.18478799825213435	263.0	0.14921178314100214	533.0	0.15654074216041777	786.3333333333334
2616	26160001	2348	50	0	0.17341330909902006	45	0.183317809091694	661.0	0.17207452594261677	1184.3333333333333	0.1761507510886966	1790.0
2617	26170001	2203	50	0	0.1687016039198848	42	0.17330151580137956	787.3333333333334	0.16884225291227906	1216.0	0.16761871146839322	1712.3333333333333
2618	26180001	3296	50	0	0.16173794466468622	44	0.16422553775235746	1067.3333333333333	0.159320701480324	1754.6666666666667	0.1652669250577007	2506.0
2619	26190001	1854	50	0	0.1796828807927225	43	0.20835627945954574	471.0	0.17718278888368244	853.3333333333334	0.187056264982461	1346.3333333333333
2620	26200001	2654	50	0	0.18596727212567066	46	0.1955330267088462	882.6666666666666	0.1886216240211359	1423.0	0.18575497700135515	2007.0
2621	26210001	4222	50	0	0.14526919221647155	43	0.1531127220366027	1004.0	0.14871777958647395	1821.3333333333333	0.14596121487940175	2922.6666666666665
2622	26220001	1508	50	0	0.34431035042558394	45	0.3204898746443995	504.0	0.33013528359087213	901.6666666666666	0.34305681033835683	1243.6666666666667
2623	26230001	1380	50	0	0.2272872181604025	40	0.2152352888757961	277.0	0.2061373658059281	521.3333333333334	0.22362725727741742	927.3333333333334
2624	26240001	2746	50	0	0.26705134683066767	46	0.25031364618973656	817.3333333333334	0.24901635203541597	1418.3333333333333	0.2710387493639733	2077.0
2625	26250001	3934	50	0	0.22280651749748248	44	0.22716013848064442	1230.3333333333333	0.22554357633562883	2054.3333333333335	0.21933258577874526	2953.0
2626	26260001	2906	50	0	0.17554502290707133	47	0.18095576364261437	1123.0	0.17701084943354414	1731.0	0.17070925992990293	2376.3333333333335
2627	26270001	3289	50	0	0.15773775118956124	53	0.153847564698906	1263.3333333333333	0.16064448856046634	1952.3333333333333	0.16259422583740635	2633.3333333333335
2628	26280001	1227	50	0	0.1758394086690736	42	0.1926807315971076	449.3333333333333	0.1762879065714316	682.3333333333334	0.17813061864152566	908.6666666666666
2629	26290001	2856	50	0	0.181545802836005	35	0.18724259487481376	1170.6666666666667	0.1895393135722062	1803.0	0.18325407178988162	2317.6666666666665
2630	26300001	2424	50	0	0.1332819575264132	48	0.14656893364779303	929.3333333333334	0.13467245527620705	1356.6666666666667	0.13522128084546767	1859.0
2631	26310001	4096	50	0	0.24483404841190773	52	0.2100922217600358	1326.0	0.2594443124751773	2148.0	0.2365350807830442	3070.6666666666665
2632	26320001	1663	50	0	0.1924210920227897	40	0.19562905472630132	439.3333333333333	0.19360413209282656	824.6666666666666	0.19563387277795996	1237.3333333333333
2633	26330001	2758	50	0	0.20307080317486878	49	0.20823673063329498	903.6666666666666	0.2053247833467409	1543.0	0.20090158012204465	2147.3333333333335
2634	26340001	2335	50	0	0.13800764865928417	50	0.14571366695938215	901.0	0.13511702350380492	1307.3333333333333	0.14027752711863545	1757.6666666666667
2635	26350001	3900	50	0	0.14813093900116103	55	0.14495122328593127	1428.3333333333333	0.15167014553966748	2278.0	0.14562014627188283	3075.6666666666665
2636	26360001	2397	50	0	0.13714744665948939	54	0.1459284932388189	1016.3333333333334	0.14201301643017922	1577.3333333333333	0.13311633374894297	2002.0
2637	26370001	1466	50	0	0.31099006242359994	33	0.30485520600702	438.3333333333333	0.3318138427475932	758.0	0.31168068212846545	1111.3333333333333
2638	26380001	2781	50	0	0.1828572827461657	53	0.1821556613023244	1224.0	0.18698021867011194	1700.0	0.18902865381023526	2221.0
2639	26390001	2788	50	0	0.13586937305214228	51	0.14766926840918257	1269.3333333333333	0.1397360409172896	1838.6666666666667	0.1363915790247431	2334.0
2640	26400001	3324	50	0	0.12283463169176609	49	0.13895117243381513	1404.6666666666667	0.1299268988467715	2061.6666666666665	0.12109221663072645	2644.6666666666665
2641	26410001	4412	50	0	0.14717400610807957	48	0.1663382276952814	1768.3333333333333	0.1496070688916676	2743.0	0.14814623356953652	3580.3333333333335
2642	26420001	3024	50	0	0.1683901341570357	42	0.17215140066607773	1305.6666666666667	0.17218936125589376	1903.3333333333333	0.1699595623161534	2540.0
2643	26430001	3543	50	0	0.1719172515287751	46	0.16674259732436725	1051.6666666666667	0.16895354283873365	1748.3333333333333	0.17546536677392655	2609.3333333333335
2644	26440001	4195	50	0	0.1287520475414606	51	0.13086605467099285	1296.3333333333333	0.1283469291616631	2213.3333333333335	0.12947085744645714	3114.0
2645	26450001	4534	50	0	0.15679660231257167	51	0.16140348088202702	1681.6666666666667	0.15644494348613366	2628.0	0.15650503285774872	3531.0
2646	26460001	4504	50	0	0.14044657292609192	53	0.14549081893282764	1518.0	0.14495953545335602	2267.0	0.1425079703433669	3115.0
2647	26470001	2888	50	0	0.18821971438582086	54	0.19420452135121358	1155.6666666666667	0.20303468343879602	1664.3333333333333	0.18928302584697318	2192.0
2648	26480001	3353	50	0	0.1571596857683052	48	0.15199414831649002	1096.6666666666667	0.16797119977095676	1742.3333333333333	0.15768755892415096	2486.3333333333335
2649	26490001	2790	50	0	0.13083321155943897	49	0.13222758454646943	1484.3333333333333	0.1316036054507981	1962.6666666666667	0.1297402574343697	2377.6666666666665
2650	26500001	3509	50	0	0.18358774398060776	41	0.19487698725218927	1326.3333333333333	0.17683462279016593	2023.6666666666667	0.18391355254011307	2715.6666666666665
2651	26510001	3352	50	0	0.18133408448436553	51	0.19283210791800742	1447.3333333333333	0.1932291006954969	2173.3333333333335	0.18703919668037924	2815.0
2652	26520001	1169	50	0	0.21179632823534195	34	0.21553629092255475	367.3333333333333	0.21401868893340548	627.6666666666666	0.20899660160005548	872.6666666666666
2653	26530001	2669	50	0	0.17309497460385248	42	0.1974821202946876	669.3333333333334	0.18360811565670646	1245.0	0.17450258118931536	1964.3333333333333
2654	26540001	300	50	0	0.3298819126407507	11	0.24611574316442186	158.66666666666666	0.31751397067430137	225.33333333333334	0.32390573180621063	269.3333333333333
2655	26550001	2630	50	0	0.20817798830282855	35	0.2293548868187741	835.0	0.20632500835152592	1385.6666666666667	0.21109554026966468	1969.0
2656	26560001	2916	50	0	0.2578597259106703	29	0.23512603277458052	975.3333333333334	0.23981558054540122	1512.0	0.26121663267546397	2113.6666666666665
2657	26570001	3213	50	0	0.17906516036206407	41	0.18158974999285518	1068.6666666666667	0.17752302557738142	1665.3333333333333	0.18638050705606543	2336.6666666666665
2658	26580001	3357	50	0	0.16567043540284102	47	0.17903251774408682	1380.6666666666667	0.1724607324650734	2040.3333333333333	0.16511456301128258	2687.3333333333335
2659	26590001	3476	50	0	0.18323704602532115	41	0.1975608798652754	1509.3333333333333	0.1882154042350563	2235.0	0.18643668795792703	2887.0
2660	26600001	3636	50	0	0.21052188831186427	45	0.20298956442518837	1321.0	0.21141620867682723	2036.0	0.20810479229839174	2887.3333333333335
2661	26610001	3109	50	0	0.16559016472804136	48	0.1665747155331936	1147.0	0.17649938318604064	1757.0	0.16591119789446826	2448.6666666666665
2662	26620001	3857	50	0	0.1263253549521187	53	0.1340726657289146	1512.6666666666667	0.13246634881134625	2184.3333333333335	0.1300406360590232	2970.0
2663	26630001	3360	50	0	0.1469337454452579	44	0.1575410493472442	1101.3333333333333	0.15210158157423645	1825.0	0.14596418814072887	2639.6666666666665
2664	26640001	3844	50	0	0.15117663556014777	45	0.1608931272053784	1019.6666666666666	0.15670085481132348	1876.0	0.15652570768800614	2925.0
2665	26650001	3467	50	0	0.14918255118947174	49	0.16833009654181455	1059.3333333333333	0.14705177818402018	1839.0	0.15123266192328416	2678.3333333333335
2666	26660001	3484	50	0	0.13275525287621606	51	0.1471459001338484	1358.3333333333333	0.1355438706019397	2138.0	0.1317550765783699	2878.0
2667	26670001	2680	50	0	0.16650262506044824	45	0.16799801527997726	1003.3333333333334	0.1746171208022215	1592.0	0.1653935284845477	2174.3333333333335
2668	26680001	3484	50	0	0.13842362334326933	45	0.1474601646443127	1358.3333333333333	0.14085855103167083	2064.0	0.13799014173472585	2700.0
2669	26690001	2805	50	0	0.19323490461438425	38	0.20782040395310844	848.0	0.19399819833744544	1481.6666666666667	0.19351365076411683	2061.0
2670	26700001	4567	50	0	0.13908698091983465	61	0.1587528131283534	1608.6666666666667	0.14804876559989857	2535.3333333333335	0.1394681798726722	3553.0
2671	26710001	4503	50	0	0.16761584165741858	50	0.16515031830891613	1382.6666666666667	0.16270596806521176	2304.3333333333335	0.16819309449321554	3239.3333333333335
2672	26720001	3275	50	0	0.16413608317655962	51	0.19008321698601763	1009.6666666666666	0.17443689680052443	1756.0	0.1644228936932373	2457.6666666666665
2673	26730001	4665	50	0	0.15956990457671374	44	0.15720267982807654	1538.6666666666667	0.16082079144285313	2536.0	0.15961813088760532	3553.6666666666665
2674	26740001	3461	50	0	0.1330612889028723	49	0.15799789040468656	1085.3333333333333	0.14029328799298568	1831.0	0.13824399457761663	2586.3333333333335
2675	26750001	3916	50	0	0.13899639385710835	46	0.14780697333619955	1263.3333333333333	0.1427338302488603	2089.0	0.14229063132543232	2994.0
2676	26760001	3595	50	0	0.20084062682905085	33	0.20606102983097604	1110.6666666666667	0.20229350832640391	1958.6666666666667	0.1986525620766447	2833.6666666666665
2677	26770001	4047	50	0	0.13686248595487768	51	0.14252838855611957	1552.0	0.1378881105849923	2634.3333333333335	0.13691628741011672	3471.6666666666665
2678	26780001	3812	50	0	0.19179515330527364	47	0.19207562481485208	1800.0	0.1832042857345582	2778.6666666666665	0.18950434119952073	3418.6666666666665
2679	26790001	5390	50	0	0.13667963783316336	62	0.1490986100038448	2303.0	0.1340062585270088	3706.6666666666665	0.1383828107712994	4752.333333333333
2680	26800001	4869	50	0	0.16589532185425743	42	0.2039754381649307	1671.0	0.16958520696587143	2929.6666666666665	0.17277037595509026	4120.0
2681	26810001	2995	50	0	0.19339142564834588	48	0.18488588031311748	1304.3333333333333	0.19599004989757693	1843.6666666666667	0.19043240994927144	2417.0
2682	26820001	3643	50	0	0.14180654207500748	53	0.14539916812591747	1630.6666666666667	0.14386675238443794	2434.6666666666665	0.14188552178404423	3111.3333333333335
2683	26830001	4646	50	0	0.14647822630457827	54	0.15831619669059496	1833.3333333333333	0.15511253733556815	2745.6666666666665	0.14717283410207624	3664.0
2684	26840001	3294	50	0	0.12290935955424555	54	0.12863249892819728	1819.6666666666667	0.1253820420284292	2322.0	0.12371794027826517	2829.0
2685	26850001	4570	50	0	0.12891078770296854	63	0.14255383419048265	1952.6666666666667	0.12686544601967564	3047.3333333333335	0.12977089692399352	3932.3333333333335
2686	26860001	4723	50	0	0.11771214586026348	58	0.12297587736421674	2038.0	0.11800796194402234	3186.6666666666665	0.11788037587890915	4068.0
2687	26870001	3136	50	0	0.18663587274258178	46	0.17941101375147683	1102.6666666666667	0.191205396382681	1815.6666666666667	0.1862679335309326	2452.0
2688	26880001	2917	50	0	0.1746908146601127	57	0.18623444885162618	1173.0	0.1734319859046868	1854.0	0.18134206450158818	2392.6666666666665
2689	26890001	1880	50	0	0.14072037568473755	58	0.160872437895741	975.6666666666666	0.13487283297531097	1386.0	0.1400483054470253	1615.0
2690	26900001	2288	50	0	0.14838544839597845	64	0.15227063117564876	770.0	0.14504819326059795	1288.0	0.1455424799805122	1803.3333333333333
2691	26910001	5451	50	0	0.14318067670781726	55	0.14892061671940693	1811.3333333333333	0.14345602753870648	3068.3333333333335	0.14522074017156142	4348.0
2692	26920001	4586	50	0	0.15375506717088663	49	0.16222892172940404	1531.0	0.15444334550387337	2559.0	0.15337335710672084	3555.0
2693	26930001	4547	50	0	0.1969205919486488	54	0.19996754097165295	1613.3333333333333	0.17177648998542983	2511.0	0.1912740813587038	3541.3333333333335
2694	26940001	3984	50	0	0.17257110120461772	47	0.18005419287945976	1621.3333333333333	0.1902916508178603	2395.3333333333335	0.1728628613420519	3114.6666666666665
2695	26950001	4629	50	0	0.1493041426238279	52	0.1591699409730123	1596.3333333333333	0.15420743075781942	2714.6666666666665	0.14986310467470246	3654.0
2696	26960001	3841	50	0	0.14559012040177347	58	0.15146271547090231	1646.6666666666667	0.15063968274543682	2487.0	0.14655881478232757	3287.0
2697	26970001	3656	50	0	0.20581077849108342	54	0.21319325396678468	1452.0	0.20352171803387378	2265.6666666666665	0.21412295557793692	3040.3333333333335
2698	26980001	4290	50	0	0.16067569008510812	48	0.16474334967741325	1856.0	0.16032187054803837	2791.3333333333335	0.15901809160776437	3595.3333333333335
2699	26990001	3539	50	0	0.1356635612443224	53	0.13491601549895335	1676.3333333333333	0.13343580527866195	2325.6666666666665	0.133932143950756	2938.0
2700	27000001	3600	50	0	0.16457793987902267	49	0.1630586495442998	1669.3333333333333	0.16145181997480396	2394.0	0.16472402833658858	3040.0
2701	27010001	3342	50	0	0.16679744816471762	44	0.17133216533363216	1634.0	0.17079723429765295	2248.0	0.16338377758207892	2741.0
2702	27020001	3671	50	0	0.17816560043970367	51	0.1826705652867102	1760.6666666666667	0.1852003191373605	2662.0	0.17862838873348189	3228.0
2703	27030001	2583	50	0	0.15635709390069	52	0.15789627519919483	826.6666666666666	0.1606633984620611	1373.0	0.15416119356634053	1951.3333333333333
2704	27040001	3401	50	0	0.18631191083553203	51	0.21914779329955172	1138.0	0.18029740601054067	1833.6666666666667	0.19263312427926968	2663.6666666666665
2705	27050001	2760	50	0	0.18334453104325352	54	0.18295575452901244	1211.3333333333333	0.19140319031384045	1732.3333333333333	0.18134518126555066	2314.3333333333335
2706	27060001	2872	50	0	0.1639118085210975	48	0.1860626620593233	966.3333333333334	0.16068352748668827	1665.3333333333333	0.16511294209631347	2293.6666666666665
2707	27070001	3846	50	0	0.14118643482274124	55	0.13486757587782836	1619.0	0.14245833462761517	2560.3333333333335	0.14340300477020038	3300.0
2708	27080001	3495	50	0	0.15020433617999385	48	0.1532788828058099	1756.3333333333333	0.14812438745026668	2493.3333333333335	0.14778090348381298	2999.3333333333335
2709	27090001	3295	50	0	0.17082203011046432	46	0.18924689021555016	1283.3333333333333	0.17274484266758983	1963.6666666666667	0.17186963821171644	2634.6666666666665
2710	27100001	4335	50	0	0.15951984462814528	48	0.16648720643815584	1759.3333333333333	0.15716830600912338	2659.3333333333335	0.1569053948090684	3563.3333333333335
2711	27110001	4715	50	0	0.13499428740454636	51	0.15110502705632214	1765.0	0.136471038328725	2868.0	0.13817546577977227	3816.6666666666665
2712	27120001	3599	50	0	0.20216225573408575	46	0.20432232759344202	1357.0	0.20282153145007653	2080.0	0.20708002486023488	2853.3333333333335
2713	27130001	3274	50	0	0.14960898597993602	54	0.15569511947665574	1349.3333333333333	0.15415171914553352	1941.6666666666667	0.1568229576007217	2542.6666666666665
2714	27140001	3867	50	0	0.16218860722235207	49	0.1729958955044418	1504.6666666666667	0.15976798159735028	2306.6666666666665	0.1681548890761335	3014.6666666666665
2715	27150001	3704	50	0	0.21718322746970167	43	0.23018925183048197	1517.6666666666667	0.20818931909244753	2416.0	0.21477669324235768	3148.3333333333335
2716	27160001	3868	50	0	0.11765082062200694	53	0.12656760782639256	1452.6666666666667	0.11916372657296508	2200.6666666666665	0.1189316641058652	2993.6666666666665
2717	27170001	4241	50	0	0.14301584036018392	48	0.15698213669829755	1385.6666666666667	0.1445573320882795	2345.3333333333335	0.14441777170389705	3353.0
2718	27180001	4128	50	0	0.2038803004416498	53	0.19550680871657145	1368.0	0.20484371345687843	2147.3333333333335	0.2007891440977064	3146.3333333333335
2719	27190001	3262	50	0	0.13469544524855823	55	0.1413315569625956	1369.3333333333333	0.1363447242910901	1954.0	0.1330753078192142	2629.6666666666665
2720	27200001	2721	50	0	0.1613625130739134	54	0.16337942697890595	781.6666666666666	0.1617555856992909	1443.3333333333333	0.164164461241688	2110.3333333333335
2721	27210001	3615	50	0	0.1257054111185417	50	0.13302882131914937	1444.6666666666667	0.12750628255976731	2066.0	0.12529523304803444	2846.6666666666665
2722	27220001	3918	50	0	0.13370441554421011	53	0.13088394889908872	1434.6666666666667	0.14143239026684776	2116.3333333333335	0.13341533279314932	2926.6666666666665
2723	27230001	3404	50	0	0.13693091763385962	46	0.13932470957729629	1714.0	0.1401652291751738	2313.0	0.1406909338579373	2825.0
2724	27240001	2577	50	0	0.12106449066280217	54	0.13320471007127196	1394.3333333333333	0.12577633380971528	1802.0	0.12340252990098154	2155.0
2725	27250001	4168	50	0	0.14179093830586026	52	0.1382465176417239	1591.6666666666667	0.14816274827394244	2191.0	0.14282498514622285	2801.6666666666665
2726	27260001	3490	50	0	0.15415567083617254	48	0.1697040360015134	1560.3333333333333	0.15214761270348762	2202.6666666666665	0.1559195994136723	2816.3333333333335
2727	27270001	3937	50	0	0.15342710297720488	48	0.16570566641781245	1819.3333333333333	0.15311643278705137	2523.3333333333335	0.15096577320504626	3157.3333333333335
2728	27280001	3752	50	0	0.1371791040464947	54	0.14114649987335584	1798.6666666666667	0.14291213093511626	2522.0	0.13868275725491777	3076.6666666666665
2729	27290001	4640	50	0	0.11712873713643633	54	0.13703760228199258	1565.6666666666667	0.11948089207450928	2460.3333333333335	0.11820123489807578	3410.3333333333335
2730	27300001	3369	50	0	0.16032890738598576	45	0.16355415860582187	849.6666666666666	0.16670839761650166	1512.3333333333333	0.1600996465340521	2257.3333333333335
2731	27310001	5002	50	0	0.1335160028020785	54	0.15077741086508797	1627.3333333333333	0.1347860368236575	2503.6666666666665	0.13345293387514257	3604.0
2732	27320001	3723	50	0	0.1276236664695545	54	0.15289104228663528	1581.6666666666667	0.1310826895400304	2275.6666666666665	0.12614323176267286	2970.0
2733	27330001	4289	50	0	0.20796472970711188	48	0.20325845159035585	1233.6666666666667	0.2139511291713797	2012.0	0.20554826172618382	2937.6666666666665
2734	27340001	4966	50	0	0.15303251887792454	53	0.15739532472072362	1491.6666666666667	0.15594674634834627	2490.0	0.14779635473845484	3486.0
2735	27350001	2852	50	0	0.18208650440867796	48	0.18716692645876631	1136.6666666666667	0.17353362670719807	1690.6666666666667	0.18299349069207915	2226.3333333333335
2736	27360001	3925	50	0	0.1323395970716237	48	0.14508232720022232	1374.3333333333333	0.1365758072644778	2032.0	0.1329995883617674	2797.6666666666665
2737	27370001	3253	50	0	0.1700390934347113	49	0.1982599731391906	1392.0	0.17284200681207326	2057.6666666666665	0.16875925728142127	2711.6666666666665
2738	27380001	3050	50	0	0.17925645455430234	43	0.21188718304075893	957.0	0.19340940468668136	1530.0	0.1790177586456656	2217.3333333333335
2739	27390001	3444	50	0	0.1524118290252239	45	0.1595818117402995	1281.0	0.15296522662487333	2026.0	0.15390155245321882	2689.0
2740	27400001	2975	50	0	0.2048095953784024	39	0.20791436639981487	722.6666666666666	0.20667755864458884	1387.3333333333333	0.2042122276424041	2183.0
2741	27410001	26	16	1	0.19891402774397374	21	0.3304871331476299	2.3333333333333335	0.22253968345236308	8.666666666666666	0.20841524907307593	19.0
2742	27420001	1446	50	0	0.15380422519155712	50	0.16438626452800398	316.0	0.15341342109727488	709.0	0.1568025761611175	1084.6666666666667
2743	27430001	21	3	1	0.4106568878092411	6	0.7071067811865476	0.3333333333333333	0.4866863312428977	3.0	0.47121003799007427	5.333333333333333
2744	27440001	2906	50	0	0.19563435260046003	45	0.19460088052772462	1114.3333333333333	0.19517655775437856	1877.3333333333333	0.19568201569263244	2460.0
2745	27450001	3465	50	0	0.1781842676530208	48	0.1745145263244101	1206.6666666666667	0.17742244637383733	1896.0	0.17902711771014948	2597.3333333333335
2746	27460001	3384	50	0	0.21920181236713918	45	0.2183686058692181	1288.6666666666667	0.22673295585682354	1974.3333333333333	0.22392505699662127	2683.3333333333335
2747	27470001	3491	50	0	0.1832237424381166	46	0.18781893007455877	1557.6666666666667	0.19185579895200652	2110.6666666666665	0.17919758348058934	2660.0
2748	27480001	3654	50	0	0.13003800960858716	53	0.13616419675991523	1713.6666666666667	0.13138237365839822	2362.6666666666665	0.12906198348593814	2915.6666666666665
2749	27490001	4034	50	0	0.1641213361515742	50	0.17729696504151002	1705.0	0.16687682165178475	2398.0	0.16373534387641833	3019.6666666666665
2750	27500001	3042	50	0	0.12779889687448873	47	0.13056757526062493	939.6666666666666	0.12571935810681292	1368.6666666666667	0.12725410398760137	1891.3333333333333
2751	27510001	3429	50	0	0.1563971308296144	56	0.1677426187275981	878.3333333333334	0.155965289425683	1605.6666666666667	0.15527617899795068	2522.6666666666665
2752	27520001	3835	50	0	0.13283403114077788	51	0.13025298673942776	1215.0	0.13191207331988059	1973.3333333333333	0.13311045856316042	2858.3333333333335
2753	27530001	4460	50	0	0.13786515311280562	47	0.1503901991520928	1464.3333333333333	0.13428034971911956	2395.0	0.1387443495415807	3441.3333333333335
2754	27540001	4474	50	0	0.1382138564604574	54	0.13922148291824893	1626.6666666666667	0.13193695289156468	2572.0	0.1390683817553473	3605.3333333333335
2755	27550001	1857	50	0	0.18642013072945007	47	0.21997965264324046	598.6666666666666	0.1941039733134179	1013.6666666666666	0.18937836970430047	1422.6666666666667
2756	27560001	1605	50	0	0.23502634243239015	39	0.23639655506622645	474.6666666666667	0.22773497147270075	813.0	0.24065283733466566	1212.0
2757	27570001	2420	50	0	0.21422897202586658	46	0.23106347158750054	862.6666666666666	0.21934826954192188	1322.6666666666667	0.21164769576454034	1804.3333333333333
2758	27580001	3749	50	0	0.13062314701131092	53	0.13619169869263384	1673.6666666666667	0.13076422869797785	2383.6666666666665	0.1329715984550931	3038.6666666666665
2759	27590001	4400	50	0	0.15013031160952353	48	0.151895471153544	1695.6666666666667	0.15563997119826006	2631.3333333333335	0.14767385386078827	3583.0
2760	27600001	4002	50	0	0.14866980121372103	55	0.1566723220531119	1583.0	0.15235158131372986	2364.0	0.14741802322198352	3197.0
2761	27610001	3621	50	0	0.17720785375257936	47	0.18734071914990927	1167.6666666666667	0.17863110447590158	1953.0	0.17679135822933145	2790.6666666666665
2762	27620001	3740	50	0	0.17025261143715	56	0.19475639509741693	1499.6666666666667	0.1716181724043635	2159.3333333333335	0.16752486848086837	2977.0
2763	27630001	2057	50	0	0.15236435015317584	62	0.1613521540816625	813.0	0.1506985905977949	1257.0	0.1507187901573431	1713.0
2764	27640001	2947	50	0	0.16278527564229817	51	0.1727326949979202	899.3333333333334	0.16520013924725543	1538.6666666666667	0.16096340517865448	2253.6666666666665
2765	27650001	3294	50	0	0.11646428352334066	56	0.1390014558949819	934.6666666666666	0.12380003620564357	1665.6666666666667	0.11665453635231797	2453.3333333333335
2766	27660001	3230	50	0	0.15503308356578602	47	0.1670504069940085	914.3333333333334	0.15580072568639558	1621.6666666666667	0.155513602084735	2465.0
2767	27670001	3522	50	0	0.13904476342555747	53	0.15213550958280764	1274.6666666666667	0.14520090327319032	1922.3333333333333	0.1381060115470452	2676.6666666666665
2768	27680001	3023	50	0	0.1720736767118158	43	0.17733308453640054	715.3333333333334	0.1740495597882353	1424.3333333333333	0.173780344481385	2178.3333333333335
2769	27690001	3410	50	0	0.21266884859202093	55	0.2103039011692297	1292.3333333333333	0.20737577466665416	1866.3333333333333	0.2183484274837307	2528.0
2770	27700001	3219	50	0	0.18329356965871982	40	0.2210615565672538	1262.6666666666667	0.1860046938584813	1915.6666666666667	0.1949207824671441	2532.3333333333335
2771	27710001	2619	50	0	0.15584383044699593	42	0.17933134144782512	947.6666666666666	0.1660111042306176	1425.6666666666667	0.15746878419116125	1957.3333333333333
2772	27720001	2926	50	0	0.15923501764457043	45	0.18115643473058907	1477.3333333333333	0.15810103536834882	1930.3333333333333	0.16336507275130138	2398.3333333333335
2773	27730001	3282	50	0	0.17079750656365436	49	0.17299312079853527	1640.0	0.16914019437868064	2273.6666666666665	0.17048787538266455	2732.6666666666665
2774	27740001	3277	50	0	0.21534861253222704	43	0.21299383781247358	761.0	0.21192563289141153	1466.3333333333333	0.2121637519905791	2369.3333333333335
2775	27750001	3256	50	0	0.15832390437982255	48	0.16043774123274537	769.3333333333334	0.15980442603281989	1554.6666666666667	0.15860152042942643	2443.6666666666665
2776	27760001	3880	50	0	0.15015929864442745	52	0.1664234330198234	1528.0	0.15084929307987657	2348.3333333333335	0.1513918443563198	3196.6666666666665
2777	27770001	4413	50	0	0.15628704624611828	53	0.16348827945255376	1649.6666666666667	0.16071532160693183	2594.3333333333335	0.15511573599919745	3407.3333333333335
2778	27780001	3917	50	0	0.15487572971249794	56	0.15226182355641601	1649.6666666666667	0.1571148172728465	2547.3333333333335	0.15213677624961938	3250.3333333333335
2779	27790001	3063	50	0	0.14729618743938122	42	0.1499398485517135	1474.3333333333333	0.15297040218245214	2055.0	0.14907698155942975	2513.0
2780	27800001	3377	50	0	0.12620071710797237	51	0.1330190300069629	1439.6666666666667	0.12615338808997215	2136.0	0.12991930452297748	2684.0
2781	27810001	3378	50	0	0.16859435300718031	42	0.17171575992443033	1517.3333333333333	0.173943033872526	2070.3333333333335	0.16949072097487994	2609.3333333333335
2782	27820001	2972	50	0	0.17191294673614888	44	0.18672815691462316	1400.3333333333333	0.1773366315459026	1891.0	0.1719880246493852	2364.6666666666665
2783	27830001	4306	50	0	0.17121763757127922	50	0.18449745590707534	1311.3333333333333	0.17858820254078248	2109.6666666666665	0.17295649226813048	3156.3333333333335
2784	27840001	4197	50	0	0.1601156224022571	47	0.16808110724887326	1529.0	0.1646439080800617	2328.0	0.1585873003951103	3141.0
2785	27850001	2497	50	0	0.17816811130801777	51	0.18451702331048003	807.3333333333334	0.18368076601095049	1310.3333333333333	0.18267177639699408	1885.6666666666667
2786	27860001	3365	50	0	0.15718152943913058	52	0.16140952152935234	1016.0	0.16146301302392108	1698.0	0.15527947652923688	2530.0
2787	27870001	3446	50	0	0.18688647271293432	43	0.18328405047404595	1310.3333333333333	0.19104268518559508	2206.0	0.18775580024016214	2987.3333333333335
2788	27880001	3935	50	0	0.11784659783143876	57	0.1283915262119781	1476.0	0.12442612443113792	2351.0	0.11869126568826689	3225.0
2789	27890001	1374	50	0	0.1513235175724533	51	0.16011178558288755	521.3333333333334	0.1571432403438674	843.0	0.15068904775578343	1149.0
2790	27900001	2993	50	0	0.15924873371128356	60	0.160848850962286	1069.6666666666667	0.15726266609714787	1872.6666666666667	0.16081947785930498	2484.6666666666665
2791	27910001	4298	50	0	0.15893371777096946	59	0.16347252702655293	1663.0	0.16526945703842819	2555.6666666666665	0.16183115393463451	3461.6666666666665
2792	27920001	3316	50	0	0.1526640415909972	52	0.15993062198949853	1736.0	0.1503831480681714	2328.6666666666665	0.15183184981115241	2891.6666666666665
2793	27930001	2528	50	0	0.15108456619726246	54	0.16482057030588904	957.6666666666666	0.1540421759072381	1493.0	0.14927023715362628	2044.6666666666667
2794	27940001	3890	50	0	0.1313898051794898	56	0.14569891610147032	1886.6666666666667	0.13372732367697024	2767.6666666666665	0.13263244138792354	3342.6666666666665
2795	27950001	3087	50	0	0.15672046869207915	54	0.16235493989096347	1522.0	0.15761426707475926	2050.6666666666665	0.16172845051333365	2553.6666666666665
2796	27960001	3761	50	0	0.14039454239065202	54	0.1447423930980765	1829.3333333333333	0.14186601299827262	2625.6666666666665	0.14198346291799124	3383.3333333333335
2797	27970001	2928	50	0	0.16414595905483637	54	0.17146170160460572	970.0	0.164180074366393	1570.3333333333333	0.16504893459852313	2198.3333333333335
2798	27980001	3874	50	0	0.18603096048148796	46	0.19807968629173586	1595.3333333333333	0.1829502211688657	2392.6666666666665	0.18301121978448784	3180.6666666666665
2799	27990001	4356	50	0	0.14172009136412347	53	0.1443992544017925	1980.3333333333333	0.14493612626778393	2983.6666666666665	0.14204822397187003	3761.6666666666665
2800	28000001	4401	50	0	0.12539514191765172	58	0.13306416320759798	1747.0	0.13177454325855728	2511.3333333333335	0.12553239627304275	3401.0
2801	28010001	3101	50	0	0.16281580993492045	49	0.16098877759835184	1647.3333333333333	0.1612262386460681	2228.3333333333335	0.16509752080037132	2718.0
2802	28020001	3507	50	0	0.15155724806774726	58	0.16174528528219792	1674.6666666666667	0.14833108944033038	2347.0	0.1455690857014191	2969.3333333333335
2803	28030001	3217	50	0	0.16457081936539897	54	0.17777561662570376	1315.0	0.16642266024209218	2018.0	0.1662372070922596	2655.6666666666665
2804	28040001	2611	49	0	0.30853465227497157	45	0.3213440899555294	469.6666666666667	0.3191939294621157	1137.6666666666667	0.317355069795473	1884.0
2805	28050001	3633	50	0	0.15619268120036095	47	0.18358883012063787	1081.0	0.16049739454399134	1803.6666666666667	0.15801722203719412	2690.6666666666665
2806	28060001	4141	50	0	0.1797769176402307	54	0.18354436888857031	1683.6666666666667	0.18285466033145434	2403.6666666666665	0.18201003257561496	3213.0
2807	28070001	3835	50	0	0.22722802474885548	56	0.2414201744860248	2019.3333333333333	0.22521500244472017	2652.3333333333335	0.22209405392036807	3191.3333333333335
2808	28080001	3068	50	0	0.17860635170677874	51	0.17596351519029618	1396.0	0.18073626728231898	2033.3333333333333	0.1868437969058696	2608.6666666666665
2809	28090001	3987	50	0	0.11963338546248961	55	0.11856853168346604	1691.0	0.1210114794698874	2414.0	0.11959726188583801	3189.0
2810	28100001	3908	50	0	0.17892126649937198	57	0.19099988819431757	1836.6666666666667	0.18346325155702067	2678.6666666666665	0.18333436400872702	3323.3333333333335
2811	28110001	3904	50	0	0.1536467944490651	62	0.15953507266293923	1817.6666666666667	0.1540997594916875	2672.0	0.15341140059228928	3374.3333333333335
2812	28120001	4055	50	0	0.13363744253722032	54	0.144988362271716	1809.3333333333333	0.13575760897574748	2722.6666666666665	0.13365010135179314	3524.6666666666665
2813	28130001	3866	50	0	0.17252792880149648	50	0.1700683198071792	1697.3333333333333	0.17205630140278258	2595.6666666666665	0.17436130608957298	3396.0
2814	28140001	2764	50	0	0.18293109319445594	53	0.16761495871394225	1064.6666666666667	0.1859926260554647	1696.0	0.18041712146698904	2301.6666666666665
2815	28150001	3212	50	0	0.13482012698396934	57	0.15038843457216636	1477.3333333333333	0.13375427561343334	2191.0	0.13719344566279693	2752.6666666666665
2816	28160001	2753	50	0	0.1608120542002783	54	0.15908378604866333	1438.0	0.15630862816253402	1947.3333333333333	0.16453632198961585	2352.6666666666665
2817	28170001	3099	50	0	0.15140559922165056	55	0.16567977427719685	1542.3333333333333	0.14106928952167344	2193.6666666666665	0.15597308803841584	2715.0
2818	28180001	3764	50	0	0.1357949523751069	50	0.15765178606155725	1757.0	0.1386437161063698	2564.6666666666665	0.13819968312854	3186.0
2819	28190001	3717	50	0	0.11919129679766595	51	0.12689531857468025	1659.3333333333333	0.1254318157245896	2379.6666666666665	0.12233596849016819	3010.6666666666665
2820	28200001	2663	50	0	0.14509239449055825	47	0.15308441552087393	1284.0	0.14402826655508927	1762.0	0.1458617635473778	2229.6666666666665
2821	28210001	3873	50	0	0.1642504919902083	49	0.1606245007466434	1537.6666666666667	0.1632019194481518	2326.0	0.16550020400382218	3076.6666666666665
2822	28220001	3045	50	0	0.16009820987195694	52	0.17033775897550654	1609.0	0.16263092294744227	2213.0	0.15466923725351372	2687.6666666666665
2823	28230001	3520	50	0	0.1536828790089479	46	0.15839824288883841	1341.0	0.15754124683187634	2063.3333333333335	0.15004309286646167	2807.0
2824	28240001	3596	50	0	0.1826908052124768	54	0.20132051498158568	1680.0	0.18577172586361113	2379.0	0.18049629464115743	3038.0
2825	28250001	4168	50	0	0.12740679115210143	46	0.1268705093658966	1489.3333333333333	0.12742333412302395	2464.3333333333335	0.1261608678665865	3312.3333333333335
2826	28260001	3244	50	0	0.14655463357687162	56	0.1660606023967218	1417.6666666666667	0.14894182578970414	2119.0	0.15055487748758054	2798.0
2827	28270001	4333	50	0	0.13363664240309142	50	0.1341635785539711	1642.6666666666667	0.13384896274376779	2501.0	0.13545238679837487	3364.6666666666665
2828	28280001	3340	50	0	0.14487261761660547	57	0.14984284308894041	1164.0	0.14536135928889762	1854.0	0.14478441620966453	2663.3333333333335
2829	28290001	2960	50	0	0.1524115055539655	45	0.15720403972945585	1213.6666666666667	0.1551580612280359	1837.6666666666667	0.1508362933916386	2366.3333333333335
2830	28300001	3715	50	0	0.13855459257582	54	0.1534633441981255	1831.0	0.14170278783884024	2510.6666666666665	0.14023632229520785	3094.3333333333335
2831	28310001	2517	50	0	0.1862098343196818	41	0.18956557409294408	1083.3333333333333	0.18367373805213058	1538.0	0.18545844764856487	1991.6666666666667
2832	28320001	2713	50	0	0.1792553816685492	50	0.18085945343031085	1059.0	0.17999903031830708	1565.3333333333333	0.18572272952333732	2108.3333333333335
2833	28330001	2131	50	0	0.14630289003043745	51	0.17494197859332586	821.0	0.1562492806637776	1276.6666666666667	0.1468847190256725	1744.0
2834	28340001	3488	50	0	0.1261077377159035	60	0.13605583076203728	1546.6666666666667	0.13466114257496495	2221.6666666666665	0.12718084060750054	2890.0
2835	28350001	4482	50	0	0.13111576846909878	52	0.1446818539223314	1751.0	0.1360131776752693	2686.0	0.13230384675018847	3638.6666666666665
2836	28360001	3545	50	0	0.17006183273637804	47	0.17861949445840963	1507.6666666666667	0.18597824478023062	2187.6666666666665	0.16888991554716845	2786.6666666666665
2837	28370001	3304	50	0	0.17768386190773106	47	0.1723896137080739	1301.0	0.18381887333253652	1997.3333333333333	0.1735331587981969	2660.3333333333335
2838	28380001	3761	50	0	0.149603675211106	49	0.16623598718380236	1265.0	0.1524218093676278	2090.6666666666665	0.1532641550031052	2937.0
2839	28390001	2944	50	0	0.15864409767926393	45	0.16925549016884336	1000.6666666666666	0.1589875595342177	1605.0	0.15781196147227708	2252.3333333333335
2840	28400001	4278	50	0	0.1358959682583672	52	0.15828861462269214	1906.6666666666667	0.14497317178307526	2871.0	0.1388602479445816	3665.6666666666665
2841	28410001	3940	50	0	0.16945868619788357	42	0.1942026517933452	1906.3333333333333	0.16749447600513867	2776.3333333333335	0.17470605261426722	3439.6666666666665
2842	28420001	3261	50	0	0.2120697168581056	41	0.20935127960417418	1109.3333333333333	0.2130387817993867	1906.3333333333333	0.20944695217015682	2575.0
2843	28430001	4253	50	0	0.15421698963359287	49	0.1566300203585496	1691.0	0.15876385270888738	2559.6666666666665	0.15458830111284202	3204.3333333333335
2844	28440001	3987	50	0	0.17723121979168852	46	0.18095424308128197	1354.0	0.18042511855682938	2227.0	0.177139807281298	3136.6666666666665
2845	28450001	3795	50	0	0.15603654725860966	50	0.17364589066048217	1638.0	0.15752402358793127	2330.3333333333335	0.1527317215167089	3012.6666666666665
2846	28460001	3632	50	0	0.14732117949079862	44	0.1603852817068616	1357.6666666666667	0.14973716219243596	2088.0	0.14877222884121802	2896.6666666666665
2847	28470001	3606	50	0	0.23107179266873798	47	0.25878075036688997	1456.6666666666667	0.25000882563197246	2163.0	0.21920750114318943	2863.3333333333335
2848	28480001	3909	50	0	0.18534881433743344	47	0.1960072713960291	1434.3333333333333	0.18964561930431756	2221.6666666666665	0.18466859619384812	3114.0
2849	28490001	4127	50	0	0.1276412167448744	57	0.13795798606875176	1500.0	0.129564715081394	2234.3333333333335	0.12698366936827152	3103.0
2850	28500001	2611	50	0	0.2164196907496843	34	0.21610975075090763	1069.3333333333333	0.2295693826143308	1632.0	0.2148058065932634	2207.3333333333335
2851	28510001	3651	50	0	0.19198235687316492	53	0.1929861058186538	1359.6666666666667	0.20042311585141306	2139.0	0.19437952924541893	2938.0
2852	28520001	2440	50	0	0.15682602284656313	47	0.16413234455012357	1020.6666666666666	0.16043071735013006	1583.3333333333333	0.15652648978866524	2054.3333333333335
2853	28530001	3058	50	0	0.18746469098373822	58	0.2055219393089797	1509.0	0.19105179248766527	2132.3333333333335	0.19191032076068545	2619.6666666666665
2854	28540001	3936	50	0	0.17557399695447523	50	0.16334744140814464	1895.6666666666667	0.1703538365884508	2801.0	0.17962649738471936	3466.6666666666665
2855	28550001	2777	50	0	0.1838950101792066	49	0.20999815923859536	1509.0	0.18631050166765417	2017.6666666666667	0.1923827326082057	2454.0
2856	28560001	3285	50	0	0.23178425861694704	37	0.22234595065650445	1508.0	0.2224543125616607	2180.0	0.228508046407919	2795.0
2857	28570001	3047	50	0	0.1192634956166045	61	0.16217121488813957	1575.0	0.12170901264176363	2048.0	0.11898775089978471	2500.3333333333335
2858	28580001	4597	50	0	0.16652147823282037	55	0.17508819119452954	1609.6666666666667	0.17533703974650705	2612.6666666666665	0.17137032427321106	3680.0
2859	28590001	3174	50	0	0.1463134290644722	49	0.14920035935753093	1353.0	0.1451252805042064	2004.6666666666667	0.14829995894451362	2656.3333333333335
2860	28600001	4235	50	0	0.15272185170816366	59	0.14785230849717665	1648.0	0.15519398329524395	2579.6666666666665	0.1491884782043567	3518.3333333333335
2861	28610001	2504	50	0	0.13599386109667733	54	0.14448001034631242	1453.6666666666667	0.1390430397350105	1770.3333333333333	0.1368674130479745	2109.0
2862	28620001	2683	50	0	0.15152126123344714	51	0.16487653243624553	1261.0	0.15670580207415977	1741.6666666666667	0.1532401068646417	2231.6666666666665
2863	28630001	2923	50	0	0.14437226881889972	47	0.14608353455578235	1165.3333333333333	0.14327651910303377	1754.3333333333333	0.14349799778483038	2347.6666666666665
2864	28640001	3717	50	0	0.1504085627801818	50	0.1536924408938826	1666.0	0.1512709787056308	2371.0	0.15286240373484833	3036.0
2865	28650001	3221	50	0	0.16249028419330852	47	0.16023404131730482	1571.3333333333333	0.17410973751681943	2159.6666666666665	0.1681062329725713	2698.0
2866	28660001	3304	50	0	0.15565220805380844	51	0.15577645415744376	1746.0	0.15908020375995405	2317.3333333333335	0.15590623211813437	2853.3333333333335
2867	28670001	4077	50	0	0.12841674668820496	60	0.13905317504624978	1828.6666666666667	0.1286708359026457	2744.3333333333335	0.12944783995068088	3461.3333333333335
2868	28680001	3439	50	0	0.2525839845286079	41	0.2792401038679399	1176.3333333333333	0.25547854150509713	2085.3333333333335	0.2494415398999503	2841.6666666666665
2869	28690001	4544	50	0	0.1649720893915809	56	0.15368409077720688	1946.3333333333333	0.16788898431983582	3018.0	0.16422569082809027	3851.0
2870	28700001	3243	50	0	0.1507566396836361	51	0.16025470283484824	1272.6666666666667	0.15369578479136242	1939.3333333333333	0.15211820272007012	2648.6666666666665
2871	28710001	3853	50	0	0.1365567187912322	50	0.15207860244222987	1696.3333333333333	0.13975004666467797	2479.0	0.13825579503734026	3277.6666666666665
2872	28720001	4194	50	0	0.16825433241934806	54	0.16783977424051844	1642.0	0.1732440728376792	2506.0	0.16953289615972555	3410.3333333333335
2873	28730001	3236	50	0	0.1502640853172651	52	0.16363026493933805	1410.3333333333333	0.15052941241691767	2085.3333333333335	0.15090618261565258	2815.0
2874	28740001	3216	50	0	0.15019643854130676	48	0.17936224964577963	1171.3333333333333	0.14668501488071342	1863.0	0.14982420627880266	2583.3333333333335
2875	28750001	3483	50	0	0.16707163734990094	46	0.19164376421607057	1458.6666666666667	0.17379088116374006	2213.6666666666665	0.16395807437609125	2957.0
2876	28760001	4131	50	0	0.1786530884218201	58	0.17085019295908066	1653.6666666666667	0.17952214925508195	2560.3333333333335	0.17334441590842362	3500.3333333333335
2877	28770001	3248	50	0	0.1645613793383641	54	0.16713682854725243	1495.6666666666667	0.17088222848709336	2146.6666666666665	0.16284472913535822	2802.6666666666665
2878	28780001	2122	50	0	0.16983429110115786	58	0.18278570896812263	901.0	0.17274331877782576	1378.0	0.17379151774411597	1798.6666666666667
2879	28790001	1181	50	0	0.19163552562344274	34	0.22190416828429507	267.6666666666667	0.19662736298257122	547.6666666666666	0.20263556628985901	884.3333333333334
2881	28810001	3	1	1	0.7071067811865476	2		0.0		0.0	0.7071067811865476	1.6666666666666667
2884	28840001	1980	50	0	0.20500450515927046	41	0.20780837329764204	845.3333333333334	0.19925835486117008	1285.0	0.21403251975472704	1683.3333333333333
2885	28850001	3997	50	0	0.16390447565285082	61	0.1960480525367857	1832.6666666666667	0.14963118499791214	2837.6666666666665	0.16915012658210726	3481.0
2886	28860001	3629	50	0	0.15344523196466495	45	0.1579626381260264	1437.0	0.14948251170184648	2281.6666666666665	0.1545968489496352	3084.0
2887	28870001	3592	50	0	0.1654654839663128	53	0.1558674919969059	1520.0	0.1659263983334365	2292.0	0.1673622014415271	3010.3333333333335
2888	28880001	2689	50	0	0.17594462100588257	49	0.1870481874084188	839.6666666666666	0.17854342183688665	1306.0	0.17435313873043792	1881.3333333333333
2889	28890001	2536	50	0	0.2359526508618176	53	0.22312931937095962	948.6666666666666	0.2398753063150756	1404.0	0.24269888386996938	1834.6666666666667
2890	28900001	3561	50	0	0.2029033809254443	47	0.19727887095114727	1501.6666666666667	0.19684575536809953	2242.0	0.2047256449246723	2906.3333333333335
2891	28910001	2362	50	0	0.171458845391246	37	0.1866727786756057	1034.6666666666667	0.1724600467019842	1534.3333333333333	0.17281801471381933	2013.6666666666667
2892	28920001	4123	50	0	0.13560534663943313	48	0.14339222496478868	1675.6666666666667	0.13854618150363038	2591.3333333333335	0.1367436874083947	3465.0
2893	28930001	2287	50	0	0.18345074772671896	44	0.18361667796300432	469.0	0.18282642415779934	976.6666666666666	0.18134742257069292	1640.0
2894	28940001	3239	50	0	0.17807292453174442	53	0.18631027140225576	1161.6666666666667	0.18447530567172685	1849.0	0.17986489226275673	2628.6666666666665
2895	28950001	2846	50	0	0.1804806485322258	46	0.21416400132695598	1236.0	0.18058978504566284	1796.6666666666667	0.18148123627883675	2294.3333333333335
2896	28960001	3097	50	0	0.17507869999402492	47	0.1780118970108112	1162.0	0.18003065024229406	1766.3333333333333	0.1761904260565943	2410.6666666666665
2897	28970001	4424	50	0	0.20037980338032663	45	0.18688433410898808	1844.3333333333333	0.19209816279080116	2780.6666666666665	0.20189236567238053	3668.6666666666665
2898	28980001	4333	50	0	0.14505461549168308	58	0.14811202860330328	1559.3333333333333	0.1405232758311861	2499.3333333333335	0.1443490504284903	3546.6666666666665
2899	28990001	1347	50	0	0.2221071898029346	40	0.24673241915774594	510.3333333333333	0.21486533584957934	795.0	0.22551588564985456	1077.0
2900	29000001	2862	50	0	0.1767830015921756	51	0.19710713938070634	1195.6666666666667	0.17303285442421604	1727.3333333333333	0.1754781840042413	2204.0
2901	29010001	3135	50	0	0.2104940188783949	44	0.20304341609517848	1467.6666666666667	0.2105666694753688	2001.6666666666667	0.21318754561955	2439.6666666666665
2902	29020001	3785	50	0	0.14442529230889248	55	0.1551869011792529	1966.0	0.14585243144555046	2589.6666666666665	0.14810593492011928	3088.3333333333335
2903	29030001	3250	50	0	0.16575462265794833	56	0.17927534185395766	1518.3333333333333	0.1612497542785255	2098.3333333333335	0.16685247916856646	2545.3333333333335
2904	29040001	3099	50	0	0.1655971779379961	49	0.1772185883012876	1549.3333333333333	0.17635751542409336	2201.0	0.16758897104998272	2675.3333333333335
2905	29050001	3440	50	0	0.2107705967392775	36	0.20495896167341865	1606.3333333333333	0.21597562366845088	2164.6666666666665	0.21265740872271424	2600.6666666666665
2906	29060001	3721	50	0	0.14463424227457053	44	0.15244117523601278	1393.0	0.15012368145693425	2064.0	0.14683375632243753	2777.0
2907	29070001	2817	50	0	0.14832640084978443	46	0.1664805117998085	1048.3333333333333	0.14718423341960593	1651.0	0.15004395251513972	2192.0
2908	29080001	3275	50	0	0.1922370593089759	47	0.19636177678079014	1652.3333333333333	0.20218531472961887	2307.0	0.19592304903705257	2805.3333333333335
2909	29090001	1600	50	0	0.32271318061359533	25	0.312537104239597	647.3333333333334	0.3073639615548844	952.0	0.31690023838213005	1282.0
2910	29100001	2848	50	0	0.21474526148098602	45	0.19816243442789458	1484.0	0.21832124651262733	2030.0	0.21003158110929665	2472.6666666666665
2911	29110001	2748	50	0	0.1766443008078928	48	0.18449408382730237	1615.0	0.1818127870371257	2024.3333333333333	0.178668556091879	2402.6666666666665
2912	29120001	3199	50	0	0.19121857040685836	51	0.18162852137388916	1577.3333333333333	0.19849989665167633	2103.6666666666665	0.18888727021708282	2683.3333333333335
2913	29130001	2678	50	0	0.25060378849958176	30	0.26941078672967333	1137.0	0.2560702180919872	1745.3333333333333	0.2488222408538363	2296.0
2914	29140001	3975	50	0	0.1517104455563722	57	0.15775672991546355	1999.3333333333333	0.15509679359064835	2845.0	0.1517458188365209	3518.6666666666665
2915	29150001	3858	50	0	0.15101320573708096	55	0.16050683442012617	1727.0	0.16090648977049316	2515.3333333333335	0.14460892289868185	3289.6666666666665
2916	29160001	3701	50	0	0.151530124634983	48	0.14687044927388135	1571.0	0.1601976003682699	2398.6666666666665	0.15156368675605528	3178.0
2917	29170001	2760	50	0	0.19570736983774506	49	0.19208522790593405	1240.0	0.19656094509157165	1779.3333333333333	0.19399635671093127	2338.0
2918	29180001	3141	50	0	0.1555340066749922	49	0.16381662524486684	1323.6666666666667	0.15426343047758878	2011.6666666666667	0.15858199038430196	2623.0
2919	29190001	3379	50	0	0.16163051448148716	51	0.15759277587907247	1278.0	0.16809376141432542	2032.3333333333333	0.16600235728959642	2744.3333333333335
2920	29200001	2925	50	0	0.22473332311374716	44	0.2330833229924767	1180.0	0.23235522289279384	1820.0	0.2265000357772606	2394.3333333333335
2921	29210001	4038	50	0	0.1255341368825085	58	0.1376191053977259	1392.3333333333333	0.13803734629861958	2338.3333333333335	0.12333601413195645	3233.3333333333335
2922	29220001	2605	50	0	0.16778891297456897	53	0.17781614456222342	986.3333333333334	0.16753370830814704	1596.0	0.16839794254313636	2175.6666666666665
2923	29230001	2730	50	0	0.19960121089592195	43	0.21528798889987918	1128.0	0.19783865496883515	1645.0	0.20282495963148758	2171.3333333333335
2924	29240001	3355	50	0	0.14321690468518405	43	0.16298363591032508	1264.0	0.1533469903022809	2071.0	0.1466096583607589	2814.6666666666665
2925	29250001	3033	50	0	0.17827115209072641	48	0.17412769311230214	1392.6666666666667	0.17710254005611573	1997.0	0.18112685331523984	2588.0
2926	29260001	2240	50	0	0.20169544247511925	47	0.22405791027807911	1042.3333333333333	0.21153428934608268	1480.0	0.19686357567738136	1886.0
2927	29270001	3944	50	0	0.20443177977764848	47	0.19910231193365172	1489.6666666666667	0.2000642818479544	2282.3333333333335	0.20410522090578112	3086.3333333333335
2928	29280001	4142	50	0	0.18133717463774676	31	0.20488828144814056	1385.6666666666667	0.19511507470046321	2257.3333333333335	0.1827016013675581	3246.6666666666665
2929	29290001	4005	50	0	0.1492813536893733	45	0.16023445807888648	1379.3333333333333	0.15215803586188303	2109.3333333333335	0.15023535525402545	3012.0
2930	29300001	386	35	0	0.22931084137769603	43	0.16179891560255782	59.0	0.1983378263185773	151.33333333333334	0.22765467013352225	256.6666666666667
2931	29310001	3240	50	0	0.18755858361406957	47	0.1866084298066587	1021.3333333333334	0.18739745229691615	1680.3333333333333	0.1850871791286842	2368.6666666666665
2932	29320001	3723	50	0	0.16551667520180874	52	0.17272252626590467	1435.6666666666667	0.16767740440722076	2253.0	0.16617865358747527	2898.3333333333335
2933	29330001	3375	50	0	0.1932924706601862	38	0.19578637348084083	1554.0	0.18639548554419413	2168.6666666666665	0.19244313505762514	2771.6666666666665
2934	29340001	3000	50	0	0.16670506580047095	46	0.16511166968128424	1100.6666666666667	0.1661434554888991	1678.3333333333333	0.16494597083282528	2208.6666666666665
2935	29350001	2434	50	0	0.18859124443378086	42	0.20238080143143813	1057.0	0.19482567087384464	1511.3333333333333	0.1878636132530597	1952.3333333333333
2936	29360001	2849	50	0	0.15206262453812602	42	0.16254359483084205	922.0	0.1496298060446942	1604.0	0.1520673624738657	2263.0
2937	29370001	2785	50	0	0.13777385594615255	43	0.15641528370236066	1116.0	0.1463904699183171	1757.3333333333333	0.13619847800736418	2308.6666666666665
2938	29380001	3473	50	0	0.2000565422295158	45	0.2194185422921505	1279.3333333333333	0.20089301659687667	2139.6666666666665	0.19954840862121148	2893.6666666666665
2939	29390001	4940	50	0	0.15408201895307652	53	0.1667686121145667	1865.6666666666667	0.15182687235451708	3029.0	0.15554915531623184	4105.666666666667
2940	29400001	3827	50	0	0.1377937041280604	54	0.15049816176785755	1726.6666666666667	0.13763509344745045	2492.0	0.13945297658582076	3161.0
2941	29410001	4269	50	0	0.2139153205478201	50	0.21224480388417552	1543.3333333333333	0.20630303387273297	2442.0	0.21401623380100498	3370.0
2942	29420001	3709	50	0	0.1508261392792613	44	0.16112279084829842	1451.3333333333333	0.1601588461535968	2284.0	0.1502426565987426	3066.0
2943	29430001	5346	50	0	0.1781974871855701	44	0.1923479864728738	2121.3333333333335	0.17702333515579996	3490.3333333333335	0.18009016522467056	4615.666666666667
2944	29440001	3519	50	0	0.17556281717041283	42	0.17898835071143926	1151.0	0.1718377110944432	2031.0	0.17667043631203624	2837.0
2945	29450001	3931	50	0	0.15346332036725327	59	0.1574272351442615	1676.0	0.15565890871797097	2643.3333333333335	0.1539329049004399	3392.3333333333335
2946	29460001	2677	50	0	0.1711804033824111	48	0.16902899855150952	954.3333333333334	0.1723323982370323	1525.6666666666667	0.17607202401524313	2087.0
2947	29470001	651	50	0	0.2036161537927265	43	0.19168125016289264	299.3333333333333	0.18016720534877828	417.6666666666667	0.2125899402088299	530.0
2948	29480001	2665	50	0	0.15320075836413471	46	0.1471219457027139	951.6666666666666	0.15535983853550114	1592.6666666666667	0.14998484516524382	2154.0
2949	29490001	4039	50	0	0.1383364938240425	53	0.14672251556667518	1285.6666666666667	0.1359236853655805	2185.0	0.13862663991142624	3162.3333333333335
2950	29500001	5563	50	0	0.1370174973455986	58	0.1515427452570918	2039.0	0.12443960495404331	3098.6666666666665	0.1434919604147331	4198.333333333333
2951	29510001	3813	50	0	0.15455815383799765	47	0.16522223585084378	1321.3333333333333	0.15569736039098245	2091.3333333333335	0.15174181542825468	2686.3333333333335
2952	29520001	3568	50	0	0.13611684513415526	45	0.15928502960865462	1149.0	0.15180531523764493	1908.3333333333333	0.1401492255479124	2676.6666666666665
2953	29530001	4904	50	0	0.1351946904521277	59	0.13831060697028782	2017.0	0.14367516589967727	3057.6666666666665	0.1336523719147649	3984.6666666666665
2954	29540001	4406	50	0	0.11910038195842076	54	0.12548199296804305	1930.3333333333333	0.12590625216580575	2738.6666666666665	0.1194985113513342	3514.3333333333335
2955	29550001	4226	50	0	0.1525654574065832	60	0.16494167940313034	1730.0	0.16471458425477528	2468.0	0.15118345664675137	3205.0
2956	29560001	3620	50	0	0.13866603720306594	43	0.14230309018608198	1593.6666666666667	0.13997408425964009	2292.0	0.13779079929905216	3013.6666666666665
2957	29570001	3038	50	0	0.1410333794833829	46	0.14817955539487462	1384.3333333333333	0.14042573817229234	1951.0	0.14114673189244623	2520.6666666666665
2958	29580001	4028	50	0	0.1386453742100654	57	0.14820060165200025	1764.6666666666667	0.14011128181396518	2579.0	0.14232988458835263	3316.3333333333335
2959	29590001	3109	50	0	0.14346422061168332	58	0.14496914120780427	1452.3333333333333	0.1466479707414822	2213.0	0.1430651169659133	2737.3333333333335
2960	29600001	3666	50	0	0.16042801787145206	47	0.1632982982404028	1505.0	0.1650087913999102	2367.0	0.1631777156181689	3019.3333333333335
2961	29610001	3863	50	0	0.17763819559817412	55	0.1811104109155571	1779.3333333333333	0.1770513400279324	2573.3333333333335	0.17847996234800378	3253.0
2962	29620001	4335	50	0	0.1498881776377948	52	0.1563197598225146	1909.3333333333333	0.1493179170540705	2784.6666666666665	0.15214350533414886	3616.0
2963	29630001	3232	50	0	0.12613591514538408	51	0.13384576527269423	1222.3333333333333	0.13187562526485444	1992.3333333333333	0.1258537681339007	2691.3333333333335
2964	29640001	2919	50	0	0.211940535201066	42	0.20646624770828134	1060.0	0.21269032076563774	1762.6666666666667	0.21625154640796326	2433.6666666666665
2965	29650001	3510	50	0	0.14697637945045014	65	0.15828237757401592	1401.0	0.1523103380587881	2220.0	0.15171778675623576	2969.0
2966	29660001	3529	50	0	0.14103353159988508	59	0.13328628233369358	1462.6666666666667	0.14679680690387872	2225.0	0.1402441209629762	2938.0
2967	29670001	3664	50	0	0.15673840497609465	56	0.1586524683163508	1598.3333333333333	0.16053786736517328	2326.0	0.1588953240409848	3061.6666666666665
2968	29680001	4476	50	0	0.1355249508351658	63	0.14620431150499288	2029.0	0.13253171662805804	2942.6666666666665	0.1342674536831483	3778.3333333333335
2969	29690001	1899	50	0	0.17511243681104466	44	0.18693410913766953	699.0	0.1877843434872454	1061.3333333333333	0.1792102512170052	1474.0
2970	29700001	784	50	0	0.24963443622712395	25	0.24954274032768922	205.0	0.24421902750821656	343.0	0.24941628350937992	507.0
2971	29710001	3513	50	0	0.13920992489147319	55	0.15135153781298896	1532.3333333333333	0.1470443287308272	2195.3333333333335	0.1402380300974081	2878.3333333333335
2972	29720001	3234	50	0	0.13179386739255736	58	0.13871733881747916	1728.3333333333333	0.13053357842821223	2321.3333333333335	0.13606088742720196	2843.6666666666665
2973	29730001	3902	50	0	0.1437989509919816	53	0.13928272647477244	1866.0	0.1475623564811732	2637.0	0.14511361114534052	3343.3333333333335
2974	29740001	4568	50	0	0.13730514189112836	48	0.13472044401741548	1653.3333333333333	0.1419225744162716	2750.3333333333335	0.13650005918167904	3733.6666666666665
2975	29750001	3820	50	0	0.16061119235885493	52	0.17118540657322934	1489.0	0.155247987909082	2367.6666666666665	0.16240261144070225	3159.0
2976	29760001	2761	50	0	0.16462892285038108	59	0.16852250678126482	1051.0	0.17205834726112856	1602.3333333333333	0.17057149003613126	2171.3333333333335
2977	29770001	3089	50	0	0.17692618394180132	43	0.19870379482651254	1488.0	0.1777224434292416	2181.6666666666665	0.17914336658951693	2659.0
2978	29780001	3632	50	0	0.14969671769907128	45	0.15905999035620633	1207.0	0.1535500195684754	2022.3333333333333	0.1477352377417076	2818.6666666666665
2979	29790001	4525	50	0	0.1471733368392576	48	0.15108922204860922	1842.6666666666667	0.14574892235649728	2674.3333333333335	0.14718808300469097	3519.6666666666665
2980	29800001	3245	50	0	0.1804848175540275	38	0.18577601163579938	984.6666666666666	0.1881556662945787	1657.0	0.1799447902316961	2344.0
2981	29810001	4582	50	0	0.1341955531644406	47	0.13584398392907718	1849.3333333333333	0.1373238381164341	2817.6666666666665	0.13616188395491077	3574.0
2982	29820001	4831	50	0	0.16566623386219811	42	0.1757110132479739	2078.6666666666665	0.16620675100949187	3000.6666666666665	0.16501721850561282	3733.6666666666665
2983	29830001	3150	50	0	0.15666470626697426	46	0.15388238854521977	1159.3333333333333	0.15372258141140926	1875.6666666666667	0.1556963147090149	2522.0
2984	29840001	3242	50	0	0.21284642464668635	37	0.22802352076712293	1453.3333333333333	0.22720782605692139	2042.0	0.2130838162726174	2548.6666666666665
2985	29850001	4299	50	0	0.14612225477578084	53	0.14365061731298423	1647.3333333333333	0.15103937609585272	2571.6666666666665	0.145332001105652	3462.3333333333335
2986	29860001	3512	50	0	0.1440720453086555	56	0.1517423736110665	1590.6666666666667	0.1417187716370224	2178.6666666666665	0.14132057597209194	2743.3333333333335
2987	29870001	3698	50	0	0.15006692526903223	49	0.15400121012185616	1324.0	0.15622124348054817	2035.6666666666667	0.15254711342987223	2755.0
2988	29880001	3891	50	0	0.15385312744277774	53	0.15691071954172323	1490.3333333333333	0.14890693171635783	2093.3333333333335	0.1586051088562789	2729.3333333333335
2989	29890001	4555	50	0	0.13673084541947747	48	0.14723863587036098	1848.0	0.14761444915362426	2890.0	0.14090471060575918	3757.6666666666665
2990	29900001	4076	50	0	0.1322388781087857	54	0.14006885702796146	1410.6666666666667	0.1310117689473408	2254.6666666666665	0.1318565987892172	3217.3333333333335
2991	29910001	3270	50	0	0.12039052024626269	57	0.12560308415170932	1268.3333333333333	0.11911190985704684	1960.3333333333333	0.12189855926067354	2687.3333333333335
2992	29920001	2542	50	0	0.16565011845311928	55	0.17292882905536214	1019.6666666666666	0.16633191603156766	1511.3333333333333	0.16490385014542217	2026.6666666666667
2993	29930001	2941	50	0	0.17079676348007708	43	0.17682340295930007	1142.3333333333333	0.1709081145073228	1748.0	0.17529743317434987	2362.6666666666665
2994	29940001	3359	50	0	0.14499218142565667	51	0.15568931831053792	1333.6666666666667	0.14584838070527606	2007.0	0.1467250048255742	2726.6666666666665
2995	29950001	2839	50	0	0.12816197462241558	55	0.13167732614130503	1506.6666666666667	0.13186806784395186	1987.3333333333333	0.129541379857439	2477.3333333333335
2996	29960001	3690	50	0	0.1475989706129157	54	0.14724054871950418	1672.3333333333333	0.1500760836929057	2357.6666666666665	0.1489664858773432	3089.3333333333335
2997	29970001	3950	50	0	0.15351380014185645	53	0.1810637395911571	1848.0	0.15766088730902492	2746.6666666666665	0.15840766922451224	3430.3333333333335
2998	29980001	2683	50	0	0.10934872720691415	53	0.11761889973204513	1223.3333333333333	0.1129145944434462	1822.0	0.1062978231682767	2385.0
2999	29990001	3400	50	0	0.1497769526475656	48	0.1533762578741892	1489.6666666666667	0.1497111754427747	2202.6666666666665	0.14848017504665076	2879.6666666666665
3000	30000001	3573	50	0	0.15697985315546037	55	0.1637399367306733	1482.3333333333333	0.16204761597682615	2158.0	0.15472594478938803	2909.6666666666665
3001	30010001	3070	50	0	0.12971659589210355	53	0.13309300072758978	1431.0	0.1307430032577541	2089.6666666666665	0.13001375034274168	2624.6666666666665
3002	30020001	2370	50	0	0.17584505993676186	53	0.15227298614557885	596.6666666666666	0.16633157696089976	1186.3333333333333	0.17226431756771587	1809.0
3003	30030001	4602	50	0	0.12780943190004931	52	0.1349572798791562	2090.6666666666665	0.1312061113060363	3028.3333333333335	0.12809548001755164	3903.0
3004	30040001	3360	50	0	0.18158153733733995	52	0.19983523475229084	1488.3333333333333	0.17920604796439346	2123.0	0.18332792952115373	2725.3333333333335
3005	30050001	3454	50	0	0.180994307153033	49	0.1936508778764129	1499.6666666666667	0.18456240614356226	2314.6666666666665	0.1854959378118021	2974.0
3006	30060001	2923	50	0	0.22092019924165693	42	0.21099081711744813	1021.6666666666666	0.21641712224296147	1762.6666666666667	0.22557654118112766	2429.0
3007	30070001	3386	50	0	0.19873432220627052	46	0.1984682593641649	1516.0	0.1883081016870085	2267.3333333333335	0.19736418745295106	2927.0
3008	30080001	2534	50	0	0.19512533379783717	52	0.19729886285793363	1128.0	0.19190234531885816	1603.0	0.19872615166225047	2078.6666666666665
3009	30090001	3552	50	0	0.19033532159841113	48	0.20731759666748664	1675.3333333333333	0.19220709889520912	2378.6666666666665	0.19747796711480095	3023.0
3010	30100001	3336	50	0	0.19556869497694074	49	0.19161169113985252	1720.6666666666667	0.19904957822799607	2310.3333333333335	0.19805341283061353	2893.6666666666665
3011	30110001	3017	50	0	0.1950655800307482	54	0.19444792605995417	1293.3333333333333	0.2017450361655585	1880.6666666666667	0.20276881358952967	2489.0
3012	30120001	2265	50	0	0.17884775339952444	49	0.18459415168742352	1293.0	0.1806677434236111	1611.0	0.17974003297726834	1884.6666666666667
3013	30130001	3175	50	0	0.1509371961055806	52	0.16409477580534793	1171.6666666666667	0.15322305336888778	1821.6666666666667	0.15127664461594983	2454.0
3014	30140001	3242	50	0	0.1889002068952394	55	0.1979932555376597	1415.6666666666667	0.18935521724220247	2031.3333333333333	0.19289335076111516	2558.6666666666665
3015	30150001	1913	50	0	0.24444526571593322	49	0.24611948815310267	485.6666666666667	0.2553834615670097	942.3333333333334	0.24136915965791764	1397.6666666666667
3016	30160001	2746	50	0	0.22727549826345067	46	0.2615086800530028	988.0	0.22626573625808444	1659.0	0.22515088047602325	2259.0
3017	30170001	3734	50	0	0.20537499165450349	46	0.20376955368040228	1924.6666666666667	0.22159177593843182	2745.3333333333335	0.19932278787868252	3317.0
3018	30180001	2847	50	0	0.2477906684489338	51	0.24824086264093945	1272.3333333333333	0.2451024750720141	1923.0	0.25098955438662357	2438.3333333333335
3019	30190001	3997	50	0	0.15930036006146492	54	0.14893576102013306	1790.0	0.16741927216089436	2753.6666666666665	0.16352733983385956	3554.6666666666665
3020	30200001	3505	50	0	0.17398048449894016	60	0.1879112795526092	1406.6666666666667	0.18740092525408084	2285.0	0.17707215645041496	2996.6666666666665
3021	30210001	3716	50	0	0.18068958294801857	51	0.17369872525390018	1549.6666666666667	0.182614831035239	2333.3333333333335	0.17889616146602608	3081.0
3022	30220001	2646	50	0	0.1908015550421671	36	0.20044759275821708	1128.3333333333333	0.19096224703083176	1708.6666666666667	0.19236142856069352	2242.0
3023	30230001	3776	50	0	0.15582354758178088	50	0.17373965235912645	1672.0	0.1648145842857605	2479.6666666666665	0.15492200741740525	3283.6666666666665
3024	30240001	3430	50	0	0.3237007088773215	51	0.2879103495002131	1563.0	0.31996664250905277	2376.3333333333335	0.31394498140683663	3030.3333333333335
3025	30250001	868	50	0	0.23862995237029538	34	0.2633824303851204	315.3333333333333	0.241591763449452	517.6666666666666	0.23738624648617881	720.3333333333334
3026	30260001	2146	50	0	0.17635364357791056	46	0.19249989346535487	1140.3333333333333	0.16938745989476375	1598.6666666666667	0.17700676767543114	1951.3333333333333
3027	30270001	2904	50	0	0.15086982927073894	47	0.16423138759036945	1446.3333333333333	0.1513551808168053	2017.6666666666667	0.1531250728820586	2476.0
3028	30280001	3599	50	0	0.20695036124775545	55	0.2491651201315548	1725.3333333333333	0.19697060784882162	2439.0	0.20258634534134753	3038.6666666666665
3029	30290001	2919	50	0	0.16096232168953944	53	0.16215015458237567	1246.0	0.16744583392906884	1816.3333333333333	0.16167546180947326	2338.6666666666665
3030	30300001	3584	50	0	0.15348838470381032	42	0.1546250531098706	1771.6666666666667	0.14850954456045262	2377.0	0.15391013468291936	2945.0
3031	30310001	2276	50	0	0.16335815973987367	50	0.20077891636037157	1382.3333333333333	0.17894321960375725	1756.3333333333333	0.16832510928781685	2026.6666666666667
3032	30320001	2826	50	0	0.14586138238317448	40	0.16955521777722313	1333.0	0.14713250651554774	1863.6666666666667	0.1461971062723989	2311.3333333333335
3033	30330001	2279	50	0	0.2166435069763066	44	0.2435607084139549	1019.3333333333334	0.20726051678809357	1503.6666666666667	0.22511977469118735	1911.0
3034	30340001	2844	50	0	0.14578604186160254	43	0.14405494030615598	1107.6666666666667	0.14889716338404657	1679.6666666666667	0.147366931150509	2255.6666666666665
3035	30350001	3473	50	0	0.2411369024034391	40	0.28175898349326595	1451.3333333333333	0.24115122339556375	2246.0	0.23768760606022607	2914.3333333333335
3036	30360001	2671	50	0	0.19619578683604152	36	0.1919957081949907	1009.6666666666666	0.19725254372641468	1472.3333333333333	0.19605759465555903	2016.0
3037	30370001	3262	50	0	0.23223959660053517	36	0.24695861462211424	1612.3333333333333	0.23144086987451604	2244.3333333333335	0.2372737004544788	2721.3333333333335
3038	30380001	1617	50	0	0.23325863987567927	34	0.25164022951063975	620.6666666666666	0.23563545927818794	986.6666666666666	0.23423980431248892	1313.3333333333333
3039	30390001	2702	50	0	0.17116639801139683	35	0.16723738146579373	1228.3333333333333	0.1649344601019488	1817.3333333333333	0.1696419112792064	2368.0
3040	30400001	2685	50	0	0.1865985256024117	47	0.21077035220176565	953.6666666666666	0.2021270081767269	1547.6666666666667	0.18746152300141963	2206.0
3041	30410001	2440	50	0	0.1475866661486387	38	0.14624352253734454	1079.0	0.1523493029893023	1561.0	0.14859315190436198	2057.3333333333335
3042	30420001	1193	50	0	0.09670291576150664	78	0.09794620197526942	960.0	0.09592003304816453	1052.3333333333333	0.09659995945052258	1140.3333333333333
