1	291	0.041065
1	346	0.275447
1	349	0.009655
1	352	0.021036
1	353	0.076090
1	363	0.086773
1	395	0.053707
1	396	0.053707
1	419	0.064699
1	425	0.110619
1	434	0.006393
1	465	0.056043
1	471	0.106161
1	484	0.003781
1	502	0.403832
1	508	0.807632
1	524	0.004134
1	528	0.014128
1	530	0.021330
1	540	0.024086
1	542	0.011462
1	544	0.006974
1	597	0.025692
1	603	0.030580
1	607	0.025817
1	617	0.034898
1	626	0.025692
1	643	0.070049
1	645	0.024348
1	657	0.275447
1	667	0.021657
1	677	0.076090
1	687	0.009135
1	689	0.014220
1	692	0.003781
1	706	0.039235
1	723	0.055523
1	730	0.297070
1	737	0.013813
1	754	0.021870
1	755	0.707438
1	756	0.003781
1	757	0.011462
1	766	0.024348
1	774	0.021657
1	783	0.020402
1	785	0.003609
1	814	0.017836
1	821	0.006445
1	833	0.036535
1	880	0.008321
1	922	0.009435
1	929	0.033116
1	940	0.009435
1	987	0.003781
1	998	0.024348
1	1001	0.020402
1	1260	0.246798
1	1287	0.055845
1	1304	0.011462
1	1319	0.010268
1	1391	0.009435
1	1420	0.019086
1	1506	0.008025
1	1645	0.167816
1	1646	0.167816
1	1702	0.006445
1	1936	0.008825
1	1974	0.017799
1	1978	0.020402
1	1989	0.004134
1	2081	0.003747
1	2196	0.004497
1	2227	0.009435
1	2231	0.031857
1	2290	0.052395
1	2309	0.250482
1	2310	0.250482
1	2321	0.004888
1	2358	0.032086
1	2389	0.072605
1	2391	0.010056
1	2407	0.007444
1	2454	0.024348
1	2520	0.025817
1	2533	0.018011
1	2554	0.086773
1	2652	0.008825
1	2654	0.008825
1	2673	0.111451
1	2740	0.017836
1	2748	0.030580
1	2784	0.005394
1	2793	0.005394
1	2826	0.030580
1	2881	0.030580
1	2968	0.021657
1	2989	0.015072
1	3030	0.032086
1	3032	0.031857
1	3084	0.041896
1	3102	0.285503
1	3107	0.006974
1	3126	0.025817
1	3229	0.004134
1	3230	0.004134
1	3231	0.008125
1	3324	0.021657
1	3377	0.006445
1	3384	0.011462
1	3415	0.031857
1	3454	0.025817
1	3531	0.003194
1	4006	0.009628
1	4412	0.034898
1	4551	0.021657
1	4648	0.278350
1	4654	0.056227
1	4880	0.187741
1	4963	0.004134
1	5024	0.023885
1	5149	0.029159
1	5427	0.057362
1	5435	0.037503
1	5501	0.025817
1	5639	0.010472
1	5685	0.063966
1	5725	0.020871
1	5731	0.006445
1	5835	0.006974
1	5836	0.028956
1	5936	0.099068
1	5966	0.005394
1	5975	0.098294
1	6059	0.279433
1	6063	0.807632
1	6272	0.016296
1	6322	0.007738
1	6405	0.021657
1	6410	0.016296
1	6449	0.106161
1	6474	0.007828
1	6514	0.468630
1	6522	0.010268
1	6528	0.152136
1	6539	0.086773
1	6550	0.009435
1	6603	0.250482
1	6644	0.010268
1	6688	0.003171
1	6726	0.036637
1	6768	0.182774
1	6771	0.066688
1	6812	0.003859
1	6814	0.004888
1	7020	0.006445
1	7035	0.004888
1	7073	0.004234
1	7121	0.030580
1	7202	0.153722
1	7203	0.157241
1	7206	0.153722
1	7341	0.024348
1	7362	0.024348
1	7457	0.006974
1	7463	0.029019
1	7464	0.209476
1	7465	0.022334
1	7468	0.076090
1	7572	0.054289
1	7601	0.030580
1	7779	0.007738
1	7829	0.003781
1	7931	0.066688
1	8013	0.009435
1	8022	0.006974
1	8054	0.003781
1	8173	0.020402
1	8176	0.015756
1	8193	0.272041
1	8232	0.034898
1	8329	0.106161
1	8370	0.007738
1	8526	0.005394
1	8617	0.030580
1	8781	0.010268
1	8799	0.032086
1	8821	0.014238
1	8886	0.006974
1	8927	0.052395
1	8935	0.010268
1	8943	0.034898
1	8965	0.021657
1	8982	0.038881
1	8990	0.016391
1	9026	0.021657
1	9039	0.009135
1	9174	0.061180
1	9250	0.329313
1	9279	0.021657
1	9472	0.034898
1	9498	0.004910
1	9577	0.034898
1	9579	0.034898
1	9846	0.510405
1	9872	0.028664
1	9936	0.004888
1	9942	0.028956
1	9952	0.030580
1	10028	0.009435
1	10055	0.052395
1	10067	0.031857
1	10088	0.006445
1	10134	0.022299
1	10219	0.150688
1	10264	0.067714
1	10271	0.067714
1	10294	0.017799
1	10318	0.024348
1	10330	0.020402
1	10360	0.707438
1	10449	0.030580
1	10532	0.004888
1	10599	0.143981
1	10600	0.025239
1	10680	0.008500
1	10681	0.008500
1	10925	0.025817
1	10927	0.025817
1	10969	0.182774
1	11139	0.002269
1	11210	0.024348
1	11248	0.005394
1	11286	0.025692
1	11293	0.128292
1	11331	0.020871
1	11378	0.021657
1	11493	0.472348
1	11494	0.010472
1	11535	0.030580
1	11543	0.041896
1	11670	0.031857
1	11696	0.030580
1	11744	0.002950
1	11772	0.005426
1	11944	0.076090
1	12035	0.025692
1	12386	0.031857
1	12411	0.009435
1	12584	0.710428
1	12659	0.098294
1	12947	0.284368
1	13045	0.114133
1	13121	0.076090
1	13163	0.003432
1	13260	0.453386
1	13397	0.086773
1	13405	0.021657
1	13538	0.494978
1	13542	0.004888
1	13681	0.028956
1	13863	0.036824
1	13898	0.034907
1	13906	0.015209
1	13907	0.072871
1	13908	0.059558
1	13909	0.013365
1	14012	0.100195
1	14082	0.004134
1	14201	0.011462
1	14289	0.250482
1	14332	0.009435
1	14385	0.032086
1	14481	0.067714
1	14579	0.011840
1	14637	0.003438
1	14656	0.011840
1	14694	0.015224
1	14715	0.020871
1	14764	0.004910
1	14789	0.020402
1	14798	0.005394
1	14826	0.010268
1	14862	0.017799
1	14990	0.009776
1	14995	0.027297
1	14997	0.038758
1	14999	0.038758
1	15000	0.047560
1	15023	0.027297
1	15084	0.042999
1	15212	0.020871
1	15219	0.047560
1	15230	0.052697
1	15283	0.009435
1	15284	0.009435
1	15293	0.275447
1	15666	0.009655
1	15725	0.101841
1	15746	0.026556
1	15793	0.056227
1	15833	0.025692
1	15997	0.004888
1	16065	0.041896
1	16139	0.004888
1	16225	0.275447
1	16243	0.021657
1	16294	0.021657
1	16383	0.024348
1	16388	0.031857
1	16410	0.030580
1	16424	0.031857
1	16438	0.017836
1	16448	0.008825
1	16449	0.030580
1	16470	0.015285
1	16521	0.031857
1	16589	0.025817
1	16754	0.096208
1	16855	0.098294
1	16887	0.007473
1	16923	0.032086
1	16956	0.030580
1	16966	0.005426
1	16974	0.027860
1	16993	0.099744
1	18733	0.050386
1	18735	0.007408
1	18756	0.141396
1	18818	0.015285
1	18886	0.052395
1	18890	0.016970
1	18961	0.025692
1	19018	0.031857
1	19084	0.004888
1	19197	0.030071
1	19272	0.009045
1	19291	0.009925
1	19346	0.003781
1	19389	0.004888
1	19456	0.024348
1	19467	0.004888
1	19532	0.715259
1	19546	0.052395
1	19701	0.009435
1	19757	0.031857
1	19819	0.150688
1	19908	0.025692
1	19931	0.150688
1	19932	0.144295
1	19944	0.010268
1	19945	0.010268
1	19956	0.010268
1	20047	0.052395
1	20082	0.027972
1	20086	0.025483
1	20087	0.164297
1	20088	0.063061
1	20089	0.030858
1	20109	0.024348
1	20119	0.024677
1	20176	0.106161
1	20183	0.024348
1	20195	0.007444
1	20284	0.013530
1	20486	0.040555
1	20624	0.003474
1	20720	0.389283
1	20790	0.004888
1	20821	0.021184
1	20826	0.021657
1	20892	0.032086
1	20899	0.010268
1	21012	0.019428
1	21043	0.809067
1	21072	0.025692
1	21104	0.308335
1	21128	0.545676
1	21133	0.013441
1	21263	0.008825
1	21267	0.006974
1	21340	0.021614
1	21444	0.004720
1	21454	0.021657
1	21475	0.024348
1	21775	0.024677
1	21829	0.613939
1	21856	0.004888
1	21929	0.038192
1	21968	0.006445
1	22042	0.075983
1	22100	0.013441
1	22114	0.011462
1	22121	0.023411
1	22126	0.003474
1	22135	0.045533
1	22140	0.021657
1	22142	0.034821
1	22187	0.017736
1	22191	0.009925
1	22259	0.006445
1	22320	0.025692
1	22378	0.009135
1	22522	0.053743
1	22576	0.003718
1	22593	0.025504
1	22600	0.008025
1	22636	0.007738
1	22670	0.006732
1	22672	0.031790
1	22680	0.003474
1	22743	0.009435
1	22768	0.209182
1	22786	0.017799
1	23006	0.049488
1	23072	0.024348
1	23085	0.030580
1	23087	0.009135
1	23093	0.009435
1	23230	0.010020
1	23235	0.670255
1	23245	0.017836
1	23402	0.020537
1	23471	0.003747
1	23510	0.005394
1	23547	0.006732
1	23563	0.031857
1	23657	0.032264
1	23838	0.025692
1	24147	0.017799
1	24148	0.017799
1	24226	0.011462
1	24466	0.672493
1	24483	0.025692
1	24489	0.759277
1	24513	0.052395
1	24683	0.004910
1	24698	0.008025
1	24738	0.516838
1	24918	0.064699
1	25251	0.010268
1	25315	0.024348
1	25365	0.024348
1	25470	0.017836
1	25475	0.006445
1	25486	0.009435
1	25503	0.013365
1	25513	0.030580
1	25773	0.175366
1	26005	0.017736
1	26022	0.004134
1	26041	0.802665
1	26053	0.081057
1	26121	0.028978
1	26158	0.024348
1	26237	0.005965
1	26245	0.019394
1	26251	0.030580
1	26288	0.030580
1	26785	0.006445
1	27016	0.008500
1	27018	0.008500
1	27033	0.008081
1	27231	0.008825
1	27265	0.265179
1	27754	0.086773
1	28048	0.067714
1	28120	0.025817
1	28159	0.017836
1	28241	0.009435
1	28243	0.009435
1	28257	0.024348
1	28366	0.007738
1	28406	0.006445
1	28411	0.032264
1	28512	0.052193
1	28525	0.031117
1	28948	0.041539
1	28973	0.012094
1	28978	0.091740
1	29121	0.032235
1	29134	0.008825
1	29156	0.034898
1	29252	0.005426
1	29291	0.200095
1	29345	0.052193
1	29451	0.025692
1	29519	0.010472
1	29694	0.031790
1	29713	0.009435
1	29717	0.048153
1	29757	0.265179
1	29807	0.015051
1	29901	0.017799
1	29912	0.004134
1	30008	0.003781
1	30056	0.009684
1	30069	0.030580
1	30176	0.003432
1	30185	0.064307
1	30356	0.259672
1	30366	0.009435
1	30418	0.063319
1	30529	0.025692
1	30683	0.025692
1	30735	0.024677
1	30738	0.008081
1	30872	0.011462
1	30873	0.031790
1	30975	0.011462
1	31044	0.020871
1	31052	0.007738
1	31101	0.021657
1	31103	0.023885
1	31151	0.010020
1	31194	0.006445
1	31207	0.021657
1	31223	0.069390
1	31244	0.003980
1	31256	0.005394
1	31277	0.017662
1	31301	0.025692
1	31364	0.013421
1	31381	0.039074
1	31449	0.030580
1	31485	0.013530
1	31488	0.011462
1	31489	0.011462
1	31515	0.784997
1	31613	0.032086
1	31662	0.003781
1	31769	0.008825
1	31858	0.020402
1	31917	0.034898
1	31926	0.025692
1	31959	0.006445
1	32031	0.008494
1	32210	0.975117
1	32279	0.003781
1	32364	0.036006
1	32383	0.009435
1	32399	0.023411
1	32482	0.007738
1	32494	0.036006
1	32498	0.004847
1	32542	0.040847
1	32768	0.028919
1	32806	0.067714
1	32807	0.759156
1	32815	0.200095
1	32838	0.031857
1	32854	0.105546
1	33016	0.003781
1	33104	0.018011
1	33226	0.009735
1	33322	0.017799
1	33326	0.021511
1	33431	0.007738
1	33481	0.074369
1	33485	0.029182
1	33617	0.032086
1	33647	0.511489
1	33651	0.506654
1	33655	0.111312
1	33761	0.204402
1	33762	0.011462
1	33776	0.031857
1	33820	0.034898
1	33855	0.063407
1	33906	0.030580
1	33934	0.024677
1	33973	0.011785
1	34015	0.006445
1	34125	0.025692
1	34137	0.008825
1	34345	0.030580
1	34461	0.013530
1	34670	0.024348
1	34707	0.005394
1	34721	0.020871
1	34806	0.008886
1	35021	0.041896
1	35286	0.008500
1	35300	0.003781
1	35510	0.020402
1	35551	0.089592
1	35751	0.041896
1	35818	0.024348
1	35856	0.876295
1	35907	0.011462
1	35909	0.021657
1	35989	0.006445
1	36132	0.021511
1	36202	0.023885
1	36291	0.002950
1	36361	0.008500
1	36594	0.008025
1	36596	0.093987
1	36770	0.009135
1	36771	0.009135
1	36932	0.011462
1	36975	0.024677
1	37072	0.707892
1	37075	0.008500
1	37138	0.089592
1	37184	0.003980
1	37245	0.090468
1	37268	0.093987
1	37392	0.010472
1	37437	0.291322
1	37570	0.006445
1	37577	0.018011
1	37614	0.004888
1	37633	0.273991
1	37686	0.335714
1	37867	0.077602
1	37868	0.063407
1	37890	0.030580
1	38065	0.011462
1	38185	0.021657
1	38328	0.008825
1	38452	0.003474
1	38507	0.004835
1	38554	0.046121
1	38639	0.032086
1	38682	0.015285
1	38694	0.003608
1	38837	0.026292
1	38946	0.030580
1	39033	0.076090
1	39060	0.100151
1	39062	0.100151
1	39065	0.010268
1	39067	0.094523
1	39076	0.063943
1	39082	0.015703
1	39123	0.031857
1	39146	0.031790
1	39165	0.089962
1	39238	0.003194
1	39302	0.037622
1	39303	0.024348
1	39311	0.025817
1	39369	0.025692
1	39375	0.026565
1	39716	0.003574
1	39751	0.450509
1	39802	0.439947
1	39873	0.016970
1	39964	0.028482
1	39968	0.028482
1	40010	0.030580
1	40096	0.011462
1	40099	0.021657
1	40140	0.009380
1	40218	0.076090
1	40316	0.002786
1	40449	0.021815
1	40456	0.016970
1	40457	0.093987
1	40465	0.093987
1	40544	0.016391
1	40561	0.101725
1	40599	0.093987
1	40643	0.007848
1	40665	0.093987
1	40697	0.003444
1	40705	0.079834
1	40707	0.093987
1	40854	0.009893
1	40899	0.009684
1	40947	0.023411
1	41009	0.021657
1	41033	0.023885
1	41076	0.007981
1	41131	0.047689
1	41146	0.777333
1	41157	0.007981
1	41178	0.476771
1	41195	0.055426
1	41264	0.056227
1	41274	0.522984
1	41307	0.020537
1	41339	0.016245
1	41799	0.034898
1	41833	0.020402
1	41839	0.009684
1	41860	0.486007
1	41861	0.013530
1	41868	0.038057
1	41887	0.269485
1	41900	0.034898
1	41946	0.009195
1	41993	0.034898
1	42148	0.008443
1	42163	0.003194
1	42285	0.016970
1	42326	0.016970
1	42383	0.020871
1	42399	0.022028
1	42433	0.013435
1	42444	0.068105
1	42506	0.015703
1	42511	0.034898
1	42515	0.005628
1	42532	0.031595
1	42544	0.003608
1	42584	0.024348
1	42594	0.076090
1	42671	0.025692
1	42736	0.034898
1	42777	0.034898
1	42865	0.032086
1	42870	0.004393
1	42902	0.025692
1	42965	0.020537
1	42974	0.020537
1	43025	0.093987
1	43042	0.004458
1	43087	0.008825
1	43171	0.217728
1	43172	0.043768
1	43180	0.063407
1	43187	0.034898
1	43222	0.021657
1	43263	0.063407
1	43277	0.006445
1	43332	0.056227
1	43441	0.027297
1	43475	0.004888
1	43494	0.035726
1	43632	0.063407
1	43789	0.003781
1	43791	0.023440
1	43795	0.112606
1	43804	0.082013
1	43805	0.018606
1	43847	0.004134
1	43877	0.030071
1	43920	0.074812
1	43932	0.063407
1	43943	0.011462
1	43944	0.011462
1	43985	0.005972
1	44055	0.023440
1	44066	0.078481
1	44067	0.023440
1	44074	0.026429
1	44077	0.003781
1	44191	0.025692
1	44194	0.772177
1	44215	0.030580
1	44228	0.080105
1	44389	0.039074
1	44543	0.003781
1	44566	0.008825
1	44567	0.744161
1	44568	0.096419
1	44588	0.020814
1	44601	0.166255
1	44602	0.006974
1	44607	0.009362
1	44610	0.012823
1	44635	0.005904
1	44638	0.023411
1	44641	0.013731
1	44646	0.066348
1	44667	0.030580
1	44679	0.004888
1	44685	0.032086
1	44694	0.062958
1	44695	0.257610
1	44696	0.007750
1	44713	0.037627
1	44714	0.021484
1	44727	0.065102
1	44731	0.010811
1	44756	0.024608
1	44760	0.019086
1	44851	0.019086
1	44858	0.003349
1	44859	0.010268
1	44863	0.020402
1	44886	0.005394
1	44895	0.063407
1	44915	0.013530
1	44930	0.023440
1	44951	0.023440
1	44953	0.010268
1	44954	0.024677
1	45264	0.023440
1	45278	0.034898
1	45358	0.023440
1	45365	0.024608
1	45378	0.021657
1	45399	0.023440
1	45578	0.020402
1	45580	0.032086
1	45604	0.023440
1	45630	0.040494
1	45633	0.034898
1	45683	0.025253
1	45686	0.023440
1	45918	0.059850
1	46095	0.004395
1	46152	0.023440
1	46169	0.023440
1	46207	0.023440
1	46246	0.023440
1	46260	0.023440
1	46292	0.011462
1	46373	0.790590
1	46382	0.023440
1	46494	0.016970
1	46499	0.257610
1	46564	0.086930
1	46575	0.025692
1	46579	0.009135
1	46583	0.016296
1	46657	0.004134
1	46818	0.024677
1	46882	0.030580
1	46912	0.110324
1	46935	0.024348
1	46953	0.034898
1	46975	0.009925
1	47005	0.011462
1	47073	0.011609
1	47127	0.015137
1	47154	0.066348
1	47232	0.008253
1	47243	0.005380
1	47348	0.030580
1	47374	0.047689
1	47407	0.059660
1	47503	0.052124
1	47562	0.011462
1	47577	0.791242
1	47608	0.005426
1	47640	0.054582
1	47656	0.009655
1	47692	0.152325
1	47993	0.077993
1	47998	0.007981
1	48012	0.018606
1	48025	0.005394
1	48118	0.263003
1	48151	0.086930
1	48181	0.666121
1	48325	0.003015
1	48382	0.021164
1	48459	0.051567
1	48577	0.027747
1	48583	0.006618
1	48598	0.039745
1	48607	0.003015
1	48664	0.006618
1	48673	0.023440
1	48862	0.045138
1	48873	0.040811
1	48878	0.019755
1	48932	0.047172
1	48987	0.013435
1	49018	0.006582
1	49030	0.003015
1	49080	0.142278
1	49107	0.203758
1	49134	0.007093
1	49145	0.024348
1	49185	0.036824
1	49394	0.038376
1	49415	0.003781
1	49438	0.165823
1	49493	0.046269
1	49495	0.014918
1	49503	0.013530
1	49564	0.066723
1	49580	0.145289
1	49592	0.013365
1	49593	0.013365
1	49609	0.076049
1	49611	0.076049
1	49632	0.043462
1	49662	0.008825
1	49667	0.025644
1	49675	0.038744
1	49704	0.038744
1	49750	0.036675
1	49778	0.038744
1	49803	0.014237
1	49841	0.127494
1	49845	0.013435
1	49873	0.065409
1	49886	0.068973
1	49934	0.027297
1	49990	0.006650
1	50002	0.003986
1	50016	0.008492
1	50076	0.043073
1	50100	0.067017
1	50128	0.028482
1	50133	0.024348
1	50145	0.008492
1	50168	0.014918
1	50239	0.003781
1	50287	0.030879
1	50314	0.052537
1	50352	0.030150
1	50366	0.030150
1	50371	0.066000
1	50372	0.030150
1	50373	0.025315
1	50399	0.027285
1	50488	0.004888
1	50563	0.022581
1	50671	0.107210
1	50679	0.098718
1	50754	0.039745
1	50793	0.006226
1	50856	0.006582
1	51001	0.010628
1	51100	0.017893
1	51101	0.030252
1	51103	0.057680
1	51128	0.101741
1	51146	0.014918
1	51166	0.054248
1	51187	0.030252
1	51224	0.004505
1	51229	0.054920
1	51237	0.030252
1	51249	0.023411
1	51295	0.030252
1	51298	0.098063
1	51379	0.003658
1	51392	0.073652
1	51431	0.004888
1	51508	0.023411
1	51514	0.067427
1	51537	0.067427
1	51538	0.028482
1	51554	0.026105
1	51602	0.148099
1	51635	0.002508
1	51668	0.003658
1	51706	0.803554
1	51716	0.044739
1	51736	0.278675
1	51738	0.063585
1	51822	0.031304
1	51868	0.031304
1	51878	0.030252
1	51888	0.014918
1	51935	0.142822
1	51945	0.024348
1	51948	0.004134
1	51956	0.003658
1	51961	0.068687
1	51971	0.013435
1	51991	0.003877
1	52115	0.004134
1	52159	0.002508
1	52202	0.348591
1	52389	0.037657
1	52424	0.040840
1	52425	0.170207
1	52426	0.033514
1	52445	0.010684
1	52604	0.024120
1	52612	0.024120
1	52800	0.030252
1	52840	0.010472
1	52843	0.008492
1	52888	0.075030
1	52895	0.024348
1	52909	0.676802
1	52910	0.058030
1	52985	0.089363
1	53027	0.030252
1	53183	0.085504
1	53355	0.008825
1	53356	0.008825
1	53363	0.022387
1	53437	0.008825
1	53542	0.008825
1	53644	0.022387
1	53725	0.024462
1	53729	0.085504
1	53739	0.003015
1	53780	0.015636
1	53818	0.016239
1	53824	0.034089
1	53898	0.023743
1	53901	0.394550
1	53908	0.023743
1	53942	0.023743
1	53968	0.019832
1	53993	0.014918
1	54046	0.023743
1	54055	0.004134
1	54275	0.021657
1	54359	0.008494
1	54422	0.052870
1	54437	0.012987
1	54524	0.009763
1	54636	0.009763
1	54657	0.009195
1	54681	0.034089
1	54693	0.013435
1	54712	0.195222
1	54715	0.057199
1	54763	0.057680
1	54802	0.006226
1	54811	0.079144
1	54858	0.013745
1	54877	0.094594
1	54917	0.027101
1	55013	0.329831
1	55066	0.009598
1	55108	0.050511
1	55162	0.009598
1	55192	0.021657
1	55286	0.021657
1	55307	0.014948
1	55314	0.020882
1	55321	0.228528
1	55349	0.091769
1	55362	0.141034
1	55380	0.019086
1	55425	0.032699
1	55443	0.034898
1	55452	0.003432
1	55458	0.014002
1	55470	0.126461
1	55501	0.012439
1	55567	0.012563
1	55576	0.096209
1	55591	0.017729
1	55656	0.003432
1	55669	0.013530
1	55678	0.224308
1	55684	0.684451
1	55765	0.030483
1	55771	0.052122
1	56592	0.004888
1	56610	0.034089
1	56659	0.008825
1	56671	0.094915
1	56686	0.102059
1	56718	0.006974
1	56720	0.015694
1	56721	0.034089
1	56746	0.157031
1	56803	0.157031
1	56809	0.152139
1	56810	0.152139
1	56816	0.152139
1	56823	0.013435
1	56838	0.157031
1	56909	0.157031
1	56942	0.006974
1	56945	0.014948
1	56983	0.008825
1	56989	0.054289
1	57012	0.024348
1	57063	0.170137
1	57091	0.010628
1	57110	0.038658
1	57119	0.024348
1	57121	0.027860
1	57133	0.046462
1	57140	0.030252
1	57162	0.014046
1	57176	0.009893
1	57188	0.014948
1	57205	0.419795
1	57373	0.015605
1	57380	0.008825
1	57383	0.097908
1	57397	0.013435
1	57428	0.014948
1	57437	0.023447
1	57452	0.003015
1	57461	0.019284
1	57488	0.023447
1	57539	0.039745
1	57560	0.009135
1	57686	0.110510
1	57755	0.048846
1	57809	0.061515
1	57812	0.057768
1	57815	0.061515
1	57817	0.061515
1	57818	0.014948
1	57974	0.033013
1	57992	0.042960
1	58019	0.042960
1	58133	0.010628
1	58307	0.081996
1	58361	0.004134
1	58562	0.012563
1	58607	0.027860
1	58841	0.004134
1	58922	0.012733
1	58934	0.009735
1	58967	0.027297
1	59016	0.041911
1	59029	0.005468
1	59182	0.003504
1	59462	0.279678
1	59480	0.004842
1	59489	0.007298
1	59490	0.008825
1	59493	0.036122
1	59494	0.036122
1	59495	0.036122
1	59496	0.036122
1	59497	0.036122
1	59521	0.060080
1	59527	0.031283
1	59529	0.003658
1	59565	0.088789
1	59590	0.067223
1	59612	0.070831
1	59634	0.075722
1	59660	0.079709
1	59692	0.083950
1	59719	0.093051
1	59740	0.015756
1	59774	0.009355
1	59778	0.027860
1	59817	0.011472
1	59876	0.070449
1	59911	0.003658
1	59992	0.058234
1	60001	0.058234
1	60076	0.010268
1	60083	0.098733
1	60140	0.024348
1	60174	0.012980
1	60296	0.027860
1	60379	0.019086
1	60475	0.005394
1	60531	0.016307
1	60575	0.005394
1	60592	0.009735
1	60602	0.012925
1	60613	0.005394
1	60637	0.030252
1	60641	0.008825
1	60701	0.019086
1	60772	0.489940
1	60777	0.017759
1	60829	0.115006
1	61053	0.126529
1	61055	0.028683
1	61075	0.153199
1	61097	0.806002
1	61109	0.044677
1	61118	0.005258
1	61122	0.082853
1	61193	0.009762
1	61239	0.078019
1	61266	0.033650
1	61322	0.028683
1	61332	0.079644
1	61405	0.113336
1	61429	0.023411
1	61438	0.016307
1	61449	0.008825
1	61491	0.010730
1	61558	0.004134
1	61635	0.014002
1	61661	0.211274
1	61677	0.041052
1	61778	0.016307
1	61822	0.093514
1	61825	0.008177
1	61840	0.044677
1	61872	0.030252
1	61873	0.057097
1	61879	0.007899
1	61885	0.007899
1	61897	0.021657
1	61925	0.007899
1	61950	0.012733
1	61984	0.007899
1	62015	0.013435
1	62052	0.016307
1	62072	0.016307
1	62107	0.010268
1	62110	0.016307
1	62176	0.016307
1	62195	0.474639
1	62247	0.003432
1	62248	0.030252
1	62251	0.012733
1	62287	0.012733
1	62326	0.016307
1	62379	0.011472
1	62390	0.016307
1	62395	0.016307
1	62414	0.007899
1	62421	0.477405
1	62423	0.021006
1	62430	0.008825
1	62447	0.085844
1	62512	0.085844
1	62516	0.016307
1	62527	0.002950
1	62542	0.003194
1	62546	0.011472
1	62547	0.011472
1	62548	0.011472
1	62566	0.049041
1	62567	0.049041
1	62641	0.025063
1	62649	0.005394
1	62656	0.102151
1	62664	0.102151
1	62753	0.016489
1	62758	0.091807
1	62806	0.044677
1	62826	0.015297
1	62906	0.392388
1	62915	0.104175
1	62919	0.029834
1	62935	0.042902
1	62954	0.002508
1	62998	0.009017
1	63030	0.102962
1	63037	0.005394
1	63084	0.769055
1	63089	0.029168
1	63106	0.005394
1	63188	0.012439
1	63283	0.003980
1	63319	0.013871
1	63334	0.003171
1	63456	0.004134
1	63457	0.009684
1	63460	0.015297
1	63520	0.012104
1	63521	0.012104
1	63526	0.615689
1	63527	0.613909
1	63528	0.030252
1	63565	0.024292
1	63620	0.042236
1	63644	0.505966
1	63645	0.501171
1	63668	0.015297
1	63757	0.673882
1	63759	0.678016
1	63769	0.003474
1	63854	0.045729
1	63915	0.588328
1	63980	0.024123
1	63990	0.015297
1	63997	0.013530
1	64044	0.024279
1	64050	0.003718
1	64108	0.453152
1	64149	0.817580
1	64167	0.015297
1	64173	0.200256
1	64184	0.200256
1	64257	0.012439
1	64304	0.102094
1	64372	0.049885
1	64379	0.049885
1	64482	0.012439
1	64500	0.088962
1	64513	0.101402
1	64517	0.096944
1	64518	0.101402
1	64551	0.029193
1	64627	0.005394
1	64651	0.087393
1	64696	0.012439
1	64712	0.012439
1	64742	0.012439
1	64743	0.012439
1	64817	0.322842
1	64818	0.022707
1	64864	0.012439
1	65031	0.005394
1	65074	0.028683
1	65116	0.007981
1	65247	0.022432
1	65258	0.013530
1	65285	0.004888
1	65297	0.013530
1	65317	0.023411
1	65475	0.049041
1	65495	0.023411
1	65592	0.009735
1	65658	0.252896
1	65916	0.006445
1	66024	0.050284
1	66115	0.004406
1	66193	0.026340
1	66247	0.013435
1	66253	0.021657
1	66764	0.082368
1	66798	0.005426
1	66799	0.005426
1	66801	0.082368
1	66807	0.026340
1	66819	0.004006
1	66827	0.086609
1	66878	0.050968
1	66902	0.224083
1	66943	0.018828
1	67013	0.307716
1	67063	0.838938
1	67119	0.021657
1	67140	0.021657
1	67143	0.049041
1	67200	0.442176
1	67202	0.572690
1	67218	0.035676
1	67282	0.089187
1	67519	0.374185
1	67536	0.077959
1	67589	0.021657
1	67663	0.585824
1	67673	0.549939
1	67718	0.575094
1	67775	0.016391
1	67827	0.013435
1	67861	0.008825
1	67910	0.021657
1	67913	0.427610
1	67914	0.709685
1	67997	0.021657
1	68017	0.037438
1	68028	0.755810
1	68031	0.021657
1	68036	0.755810
1	68043	0.013365
1	68070	0.004888
1	68077	0.039790
1	68103	0.800446
1	68249	0.004134
1	68250	0.032387
1	68251	0.032387
1	68339	0.284960
1	68340	0.438846
1	68369	0.347279
1	68412	0.013072
1	68522	0.021657
1	68531	0.347279
1	68533	0.755810
1	68545	0.047835
1	68550	0.030252
1	68551	0.016329
1	68558	0.021657
1	68561	0.058711
1	68584	0.008825
1	68679	0.032264
1	68707	0.345916
1	68709	0.005394
1	68734	0.347477
1	68758	0.350791
1	68765	0.350499
1	68769	0.354846
1	68771	0.008205
1	68834	0.010730
1	68844	0.021657
1	68873	0.004888
1	68880	0.350883
1	68886	0.024067
1	68921	0.009852
1	68922	0.009852
1	68926	0.009852
1	68947	0.015911
1	68953	0.006569
1	69022	0.005394
1	69026	0.005394
1	69028	0.005394
1	69039	0.336724
1	69047	0.089668
1	69055	0.004134
1	69108	0.017316
1	69111	0.006582
1	69120	0.391904
1	69134	0.028221
1	69137	0.361010
1	69151	0.013599
1	69153	0.013599
1	69176	0.367573
1	69198	0.005394
1	69259	0.005394
1	69260	0.367573
1	69281	0.012563
1	69712	0.367573
1	69718	0.386542
1	69731	0.377257
1	69773	0.382778
1	69796	0.672973
1	69805	0.385286
1	69813	0.024067
1	69869	0.009655
1	69876	0.003444
1	69999	0.030252
1	70058	0.050184
1	70091	0.028733
1	70394	0.027297
1	70442	0.005394
1	70528	0.013629
1	70708	0.345612
1	70710	0.030252
1	70722	0.430323
1	70804	0.035646
1	70812	0.035646
1	70817	0.024067
1	70853	0.018661
1	70891	0.008029
1	70906	0.283570
1	70933	0.423561
1	70985	0.005394
1	71107	0.003432
1	71111	0.030149
1	71296	0.013629
1	71313	0.039562
1	71326	0.821636
1	71348	0.320001
1	71450	0.010831
1	71475	0.043467
1	71593	0.033003
1	71604	0.006498
1	71609	0.016426
1	71793	0.034898
1	71819	0.193805
1	71830	0.022009
1	71834	0.028869
1	71844	0.217529
1	71852	0.025253
1	71865	0.012978
1	71868	0.696820
1	71917	0.007981
1	72000	0.030252
1	72045	0.172654
1	72055	0.004888
1	72138	0.030252
1	72221	0.032264
1	72269	0.393970
1	72382	0.003519
1	72394	0.021657
1	72521	0.400872
1	72571	0.009684
1	72624	0.012186
1	72684	0.003432
1	72721	0.008029
1	72727	0.024067
1	72756	0.396798
1	72757	0.004888
1	72849	0.225226
1	72871	0.024067
1	72894	0.425719
1	72924	0.088165
1	72929	0.346655
1	72946	0.034898
1	72955	0.083198
1	72956	0.433988
1	72976	0.006498
1	72997	0.084031
1	73047	0.449826
1	73187	0.004847
1	73213	0.003406
1	73238	0.061383
1	73241	0.008496
1	73264	0.025261
1	73280	0.008473
1	73359	0.113000
1	73386	0.207968
1	73399	0.009893
1	73467	0.222565
1	73674	0.024067
1	73691	0.070626
1	73750	0.004888
1	73779	0.007981
1	73783	0.017274
1	73818	0.012816
1	73823	0.004045
1	73838	0.003474
1	73851	0.194998
1	73886	0.004888
1	73935	0.111967
1	73989	0.194998
1	74006	0.092903
1	74061	0.087900
1	74162	0.057648
1	74169	0.329663
1	74291	0.030252
1	74327	0.042692
1	74328	0.038944
1	74329	0.042692
1	74332	0.041453
1	74333	0.038944
1	74360	0.010268
1	74398	0.005394
1	74470	0.032559
1	74515	0.391184
1	74597	0.003781
1	74622	0.017116
1	74634	0.018243
1	74638	0.009893
1	74707	0.030252
1	74831	0.011126
1	74868	0.003444
1	74900	0.027297
1	74905	0.030252
1	75032	0.002822
1	75090	0.008582
1	75107	0.008582
1	75213	0.019737
1	75223	0.046486
1	75231	0.205944
1	75250	0.231205
1	75284	0.008825
1	75302	0.024572
1	75306	0.032109
1	75332	0.025261
1	75378	0.007815
1	75449	0.180449
1	75481	0.146607
1	75552	0.207914
1	75574	0.099792
1	75708	0.054516
1	75721	0.117344
1	75750	0.041057
1	75769	0.037483
1	75778	0.062674
1	75793	0.321167
1	75845	0.042077
1	75899	0.444940
1	75986	0.042077
1	76004	0.008825
1	76055	0.054516
1	76106	0.386821
1	76217	0.194998
1	76248	0.113000
1	76258	0.035695
1	76313	0.198984
1	76361	0.245686
1	76370	0.198984
1	76412	0.046702
1	76415	0.046702
1	76416	0.046702
1	76541	0.046702
1	76552	0.146550
1	76569	0.194998
1	76591	0.241699
1	76786	0.011388
1	76811	0.013365
1	76813	0.008408
1	76814	0.027001
1	77354	0.008494
1	77379	0.008494
1	77400	0.011756
1	77763	0.013169
1	77774	0.198396
1	77825	0.009141
1	77876	0.008727
1	77877	0.008727
1	77882	0.373436
1	77897	0.118629
1	77924	0.057049
1	77971	0.334906
1	77977	0.005394
1	77990	0.011944
1	78004	0.005394
1	78018	0.006974
1	78036	0.488498
1	78044	0.488498
1	78063	0.008177
1	78065	0.005394
1	78119	0.085395
1	78142	0.151677
1	78147	0.143974
1	78233	0.248555
1	78265	0.442971
1	78272	0.430531
1	78310	0.039223
1	78326	0.004892
1	78341	0.024067
1	78354	0.070863
1	78537	0.023644
1	78542	0.005394
1	78548	0.007768
1	78555	0.009135
1	78560	0.124730
1	78569	0.014440
1	78658	0.290247
1	78670	0.290247
1	78718	0.215969
1	78723	0.009893
1	78728	0.063291
1	78756	0.060162
1	78757	0.060162
1	78768	0.063291
1	78803	0.689502
1	78818	0.021657
1	78975	0.671539
1	79081	0.004742
1	79101	0.033584
1	79222	0.048856
1	79302	0.120148
1	79339	0.217209
1	79417	0.009135
1	79418	0.513669
1	79540	0.009893
1	79685	0.120148
1	79756	0.022247
1	79774	0.009925
1	79802	0.102094
1	79813	0.034898
1	79816	0.022247
1	79821	0.015072
1	79879	0.219853
1	79881	0.211161
1	79888	0.223600
1	79889	0.223600
1	79892	0.049066
1	79897	0.120148
1	79901	0.223600
1	79902	0.223600
1	79918	0.174534
1	79919	0.120148
1	79949	0.024067
1	79977	0.266972
1	79997	0.009893
1	80041	0.278898
1	80061	0.278898
1	80081	0.307998
1	80167	0.009135
1	80216	0.698159
1	80229	0.008825
1	80241	0.012439
1	80277	0.405508
1	80289	0.124135
1	80291	0.124135
1	80335	0.410400
1	80355	0.012439
1	80374	0.790768
1	80400	0.248050
1	80403	0.047478
1	80428	0.063891
1	80452	0.040566
1	80487	0.078704
1	80560	0.034898
1	80677	0.004888
1	80734	0.014002
1	80760	0.494063
1	80761	0.012439
1	80817	0.007981
1	80822	0.012439
1	80825	0.012439
1	80838	0.012439
1	80842	0.012439
1	80844	0.012439
1	80850	0.784522
1	80872	0.012439
1	80887	0.011165
1	80927	0.012439
1	80929	0.012563
1	80933	0.012439
1	80934	0.012439
1	80955	0.011926
1	80961	0.012439
1	80983	0.199533
1	81030	0.113000
1	81033	0.026754
1	81068	0.135245
1	81167	0.009135
1	81186	0.120148
1	81187	0.012439
1	81204	0.012439
1	81210	0.012439
1	81333	0.101115
1	81362	0.008828
1	81363	0.024067
1	81382	0.008828
1	81414	0.004842
1	81476	0.008828
1	81490	0.008828
1	81496	0.229195
1	81502	0.129873
1	81518	0.121045
1	81524	0.108605
1	81569	0.165282
1	81675	0.170898
1	81682	0.083815
1	81689	0.018661
1	81691	0.013409
1	81765	0.170898
1	81854	0.419444
1	81869	0.207837
1	81959	0.004842
1	82007	0.012439
1	82035	0.170898
1	82036	0.170898
1	82053	0.170898
1	82060	0.008825
1	82090	0.170898
1	82098	0.170898
1	82116	0.170898
1	82153	0.011926
1	82179	0.158459
1	82197	0.161652
1	82223	0.019775
1	82269	0.016167
1	82271	0.016167
1	82306	0.100906
1	82342	0.170898
1	82386	0.206610
1	82439	0.009135
1	82521	0.021574
1	82554	0.203036
1	82579	0.021574
1	82584	0.021574
1	82616	0.007398
1	82622	0.072233
1	82648	0.011926
1	82697	0.158643
1	82698	0.003444
1	82710	0.161152
1	82722	0.107439
1	82732	0.245527
1	82781	0.129013
1	82783	0.129013
1	82785	0.008025
1	82816	0.129013
1	82845	0.040566
1	82871	0.014002
1	82874	0.071405
1	82879	0.132362
1	82909	0.129013
1	82923	0.016167
1	82924	0.129013
1	82930	0.023411
1	82959	0.003444
1	82974	0.016818
1	83000	0.021574
1	83005	0.107439
1	83011	0.107439
1	83023	0.124555
1	83117	0.133310
1	83177	0.133310
1	83212	0.016167
1	83219	0.040566
1	83225	0.006609
1	83231	0.129013
1	83306	0.129013
1	83315	0.129013
1	83399	0.021574
1	83423	0.129013
1	83543	0.007398
1	83547	0.103866
1	83599	0.004842
1	83632	0.571279
1	83694	0.021574
1	83720	0.111221
1	83749	0.040566
1	83754	0.111221
1	83769	0.132795
1	83810	0.021574
1	83836	0.132795
1	83874	0.129221
1	83878	0.021574
1	83911	0.103866
1	83916	0.011926
1	83997	0.021574
1	84021	0.014380
1	84025	0.132795
1	84037	0.103866
1	84082	0.103866
1	84144	0.107439
1	84242	0.125440
1	84250	0.125440
1	84379	0.040566
1	84419	0.012563
1	84445	0.009684
1	84558	0.149014
1	84595	0.072233
1	84621	0.043972
1	84697	0.028777
1	84721	0.017827
1	84974	0.018444
1	85041	0.040566
1	85122	0.351627
1	85157	0.023465
1	85259	0.027297
1	85260	0.203415
1	85263	0.004842
1	85264	0.203415
1	85276	0.027297
1	85277	0.203415
1	85352	0.310724
1	85416	0.315116
1	85427	0.040566
1	85453	0.306617
1	85473	0.194998
1	85561	0.236542
1	85571	0.012563
1	85576	0.128468
1	85622	0.194998
1	85629	0.023411
1	85644	0.004134
1	85667	0.455510
1	85679	0.024067
1	85680	0.024067
1	85729	0.023343
1	85745	0.264497
1	85769	0.701154
1	85774	0.009135
1	85783	0.011926
1	85817	0.111242
1	85860	0.040566
1	85871	0.009374
1	85897	0.221430
1	85960	0.009893
1	86032	0.007981
1	86044	0.012563
1	86114	0.011926
1	86152	0.573944
1	86163	0.125000
1	86201	0.040566
1	86344	0.010831
1	86365	0.793794
1	86411	0.004892
1	86422	0.027410
1	86508	0.278038
1	86591	0.552703
1	86622	0.557545
1	86656	0.556787
1	86799	0.469604
1	86820	0.460827
1	86830	0.009135
1	86916	0.021657
1	86925	0.003432
1	86948	0.017799
1	86957	0.154973
1	86961	0.159107
1	86986	0.159107
1	87036	0.159107
1	87060	0.158321
1	87069	0.162108
1	87072	0.158321
1	87179	0.191457
1	87184	0.194644
1	87197	0.127124
1	87212	0.103866
1	87317	0.560361
1	87387	0.103866
1	87539	0.005444
1	87602	0.034898
1	87607	0.103866
1	87614	0.103866
1	87622	0.035141
1	87627	0.084726
1	87682	0.617058
1	87713	0.003432
1	87728	0.621215
1	87740	0.009191
1	87777	0.028977
1	87791	0.622210
1	87862	0.108107
1	87985	0.030252
1	88087	0.109937
1	88099	0.009135
1	88104	0.035141
1	88229	0.028977
1	88298	0.448571
1	88300	0.911192
1	88419	0.569586
1	88424	0.008494
1	88433	0.040566
1	88498	0.229215
1	88624	0.004713
1	88633	0.361292
1	88658	0.314888
1	88742	0.003432
1	88754	0.242964
1	88828	0.060159
1	88954	0.010831
1	89312	0.763595
1	89406	0.028211
1	89433	0.007298
1	89567	0.027297
1	89584	0.009135
1	89586	0.017340
1	89596	0.020947
1	89608	0.025625
1	89630	0.142516
1	89635	0.040566
1	89638	0.011255
1	89639	0.016147
1	89644	0.011255
1	89754	0.145921
1	89771	0.002269
1	89986	0.095862
1	90018	0.095760
1	90036	0.103866
1	90053	0.103866
1	90054	0.103866
1	90172	0.009135
1	90225	0.009135
1	90249	0.145025
1	90340	0.097242
1	90343	0.040566
1	90346	0.008825
1	90459	0.025261
1	90491	0.050640
1	90571	0.797848
1	90606	0.927801
1	90677	0.023411
1	90809	0.506605
1	90818	0.003432
1	90864	0.149813
1	90945	0.120484
1	91020	0.305708
1	91112	0.025261
1	91151	0.058423
1	91172	0.142516
1	91188	0.022153
1	91253	0.017911
1	91265	0.017911
1	91267	0.056274
1	91282	0.014480
1	91369	0.406056
1	91395	0.003444
1	91439	0.040566
1	91610	0.007673
1	91674	0.055988
1	91707	0.040566
1	91709	0.065123
1	91716	0.004842
1	91745	0.057057
1	92087	0.040566
1	92122	0.004888
1	92165	0.057906
1	92194	0.019874
1	92239	0.061514
1	92264	0.004045
1	92270	0.061514
1	92273	0.099471
1	92281	0.061514
1	92353	0.285147
1	92437	0.066406
1	92507	0.690755
1	92532	0.061514
1	92606	0.061514
1	92618	0.009135
1	92687	0.004241
1	92807	0.099378
1	92866	0.061514
1	92879	0.061514
1	92907	0.017340
1	92965	0.061514
1	92987	0.061514
1	92999	0.061514
1	93036	0.314124
1	93170	0.057906
1	93180	0.027297
1	93193	0.017340
1	93207	0.314092
1	93221	0.057056
1	93234	0.061514
1	93236	0.061514
1	93249	0.061514
1	93329	0.057056
1	93383	0.034898
1	93513	0.003859
1	93555	0.003474
1	93562	0.061514
1	93578	0.061514
1	93608	0.061514
1	93726	0.061514
1	93740	0.061514
1	93773	0.020022
1	93800	0.163205
1	93884	0.061514
1	93923	0.061514
1	93985	0.061514
1	94111	0.030252
1	94127	0.061514
1	94295	0.657952
1	94307	0.061514
1	94394	0.061514
1	94435	0.003877
1	94613	0.011563
1	94741	0.006498
1	94839	0.028977
1	94872	0.061514
1	95013	0.009925
1	95018	0.061514
1	95057	0.061514
1	95106	0.061514
1	95120	0.142516
1	95153	0.061514
1	95157	0.010831
1	95225	0.660027
1	95267	0.055898
1	95301	0.057767
1	95386	0.307182
1	95477	0.061514
1	95608	0.106718
1	95649	0.034898
1	95653	0.061514
1	95674	0.009093
1	95747	0.021456
1	95749	0.061514
1	95879	0.004742
1	95962	0.061514
1	96024	0.061514
1	96026	0.061514
1	96210	0.061514
1	96232	0.141993
1	96253	0.061514
1	96274	0.061514
1	96303	0.061514
1	96305	0.061514
1	96309	0.008825
1	96323	0.061514
1	96337	0.052409
1	96376	0.012563
1	96387	0.009281
1	96444	0.071489
1	96449	0.791328
1	96459	0.036548
1	96521	0.153832
1	96660	0.061514
1	96703	0.061514
1	96726	0.061514
1	96745	0.061514
1	96770	0.069056
1	96870	0.009650
1	96886	0.017131
1	96915	0.017340
1	96918	0.012882
1	96924	0.017340
1	97265	0.009034
1	97279	0.009034
1	97390	0.034715
1	97393	0.006445
1	97434	0.018748
1	97435	0.048103
1	97444	0.009034
1	97472	0.006402
1	97473	0.305440
1	97547	0.009034
1	97606	0.003406
1	97610	0.003406
1	97816	0.005426
1	97843	0.013169
1	97990	0.107474
1	97994	0.008825
1	97996	0.012133
1	98182	0.009655
1	98205	0.005426
1	98215	0.667445
1	98315	0.004892
1	98317	0.312443
1	98359	0.028977
1	98385	0.009655
1	98388	0.028977
1	98393	0.008825
1	98617	0.125141
1	98679	0.042941
1	98777	0.007540
1	98783	0.004842
1	98843	0.023411
1	98917	0.007540
1	98987	0.008825
1	99001	0.378578
1	99092	0.005426
1	99297	0.125141
1	99303	0.008825
1	99351	0.032766
1	99411	0.032484
1	99413	0.032766
1	99456	0.691310
1	99488	0.017643
1	99572	0.054418
1	99604	0.286622
1	99678	0.022418
1	99681	0.286622
1	99726	0.023411
1	99757	0.288917
1	99773	0.281036
1	99774	0.286622
1	99783	0.369806
1	99785	0.374389
1	99805	0.373554
1	99929	0.021456
1	99956	0.255381
1	100013	0.283014
1	100027	0.281730
1	100099	0.395218
1	100144	0.286622
1	100223	0.125141
1	100267	0.721693
1	100314	0.741121
1	100351	0.009135
1	100370	0.746401
1	100377	0.173193
1	100399	0.004134
1	100424	0.009925
1	100471	0.007566
1	100501	0.552660
1	100541	0.027141
1	100547	0.095040
1	100816	0.183619
1	100832	0.420898
1	100847	0.069056
1	100849	0.069056
1	100873	0.010831
1	100898	0.751083
1	101306	0.025261
1	101549	0.008569
1	101706	0.003474
1	101899	0.010831
1	102019	0.113000
1	102022	0.027297
1	102086	0.018344
1	102157	0.186499
1	102284	0.017643
1	102287	0.004888
1	102292	0.186336
1	102344	0.036581
1	102492	0.005426
1	102526	0.003432
1	102574	0.017799
1	102589	0.025261
1	102634	0.060987
1	102662	0.003658
1	102678	0.021657
1	102770	0.009135
1	102835	0.090645
1	102849	0.008825
1	102871	0.009135
1	103012	0.112380
1	103059	0.165928
1	103073	0.009925
1	103094	0.006498
1	103096	0.112380
1	103097	0.003781
1	103139	0.010279
1	103170	0.018950
1	103175	0.183415
1	103216	0.028977
1	103233	0.006498
1	103276	0.018003
1	103453	0.232700
1	103610	0.058423
1	103654	0.154974
1	103682	0.044884
1	103715	0.023411
1	103749	0.144143
1	103766	0.007213
1	103799	0.009893
1	103802	0.030516
1	103803	0.030516
1	103804	0.030516
1	103829	0.064565
1	103840	0.030516
1	103861	0.008825
1	103916	0.069406
1	103963	0.200971
1	104011	0.079079
1	104058	0.009655
1	104149	0.012563
1	104162	0.009135
1	104192	0.162560
1	104211	0.013592
1	104216	0.013592
1	104243	0.005507
1	104250	0.102395
1	104296	0.013592
1	104301	0.005145
1	104321	0.044305
1	104326	0.013592
1	104357	0.098648
1	104388	0.071586
1	104424	0.013592
1	104429	0.013592
1	104440	0.013592
1	104445	0.039790
1	104545	0.022846
1	104623	0.030533
1	104740	0.027568
1	104831	0.430357
1	104848	0.006445
1	104888	0.008825
1	105029	0.025692
1	105064	0.678798
1	105136	0.133244
1	105163	0.029656
1	105234	0.013365
1	105269	0.006498
1	105276	0.141585
1	105282	0.113587
1	105320	0.010786
1	105323	0.153770
1	105481	0.006498
1	105555	0.003911
1	105567	0.018748
1	105604	0.259243
1	105661	0.009135
1	105788	0.167915
1	105894	0.317427
1	105898	0.018519
1	105924	0.160396
1	105948	0.016101
1	105980	0.020935
1	105986	0.097469
1	106014	0.241273
1	106025	0.014833
1	106031	0.010020
1	106037	0.020935
1	106044	0.008825
1	106060	0.101171
1	106080	0.148923
1	106085	0.157521
1	106128	0.880304
1	106129	0.880304
1	106158	0.020935
1	106162	0.242048
1	106212	0.153948
1	106224	0.157521
1	106226	0.007049
1	106252	0.157521
1	106280	0.005030
1	106345	0.161427
1	106351	0.011643
1	106374	0.103960
1	106408	0.096138
1	106470	0.157521
1	106479	0.012563
1	106490	0.157521
1	106508	0.016101
1	106521	0.108353
1	106568	0.199403
1	106606	0.032766
1	106611	0.092532
1	106649	0.010831
1	106683	0.009893
1	106781	0.013731
1	106826	0.007049
1	106894	0.016101
1	106905	0.008825
1	106907	0.016101
1	106915	0.007657
1	106920	0.027568
1	106959	0.023411
1	107032	0.045081
1	107090	0.241301
1	107145	0.010929
1	107207	0.207164
1	107242	0.014833
1	107322	0.207164
1	107418	0.003432
1	107442	0.003432
1	107500	0.033542
1	107510	0.207164
1	107521	0.008825
1	107559	0.207164
1	107598	0.207164
1	107599	0.207164
1	107611	0.033542
1	107615	0.149475
1	107643	0.025529
1	107661	0.189304
1	107674	0.007703
1	107698	0.041349
1	107710	0.162409
1	107713	0.047661
1	107714	0.053906
1	107727	0.187394
1	107734	0.187394
1	107857	0.058423
1	107878	0.046573
1	107924	0.038836
1	107954	0.054747
1	107984	0.023411
1	108005	0.020365
1	108056	0.006498
1	108071	0.020365
1	108072	0.020365
1	108078	0.020365
1	108107	0.023292
1	108119	0.003432
1	108129	0.028172
1	108216	0.024408
1	108358	0.091396
1	108371	0.091396
1	108372	0.091396
1	108399	0.693342
1	108400	0.152229
1	108403	0.129071
1	108421	0.141996
1	108613	0.066286
1	108632	0.305615
1	108673	0.015611
1	108689	0.112803
1	108696	0.869451
1	108722	0.046908
1	108736	0.017799
1	108738	0.036482
1	108757	0.009986
1	108807	0.008825
1	108839	0.021657
1	108869	0.042122
1	108887	0.138140
1	108908	0.020161
1	108934	0.082741
1	108990	0.385088
1	109152	0.025692
1	109201	0.004842
1	109218	0.054747
1	109257	0.608834
1	109292	0.009730
1	109312	0.608834
1	109325	0.613725
1	109328	0.021815
1	109335	0.060157
1	109379	0.009730
1	109380	0.009730
1	109405	0.600667
1	109472	0.798456
1	109550	0.044199
1	109610	0.043960
1	109627	0.563397
1	109695	0.009893
1	109720	0.065291
1	109804	0.555586
1	109855	0.079203
1	109888	0.006637
1	109984	0.547148
1	110059	0.676258
1	110197	0.006637
1	110269	0.042122
1	110425	0.007807
1	110437	0.012563
1	110458	0.007703
1	110812	0.010643
1	110950	0.010831
1	110977	0.018681
1	111091	0.013365
1	111321	0.013169
1	111343	0.008825
1	111506	0.008825
1	111523	0.009061
1	111548	0.008825
1	111559	0.010831
1	111609	0.025692
1	111720	0.009135
1	111810	0.007807
1	111827	0.032727
1	111864	0.871375
1	111962	0.012563
1	111997	0.171233
1	112002	0.007807
1	112070	0.005426
1	112134	0.524733
1	112149	0.003677
1	112217	0.004892
1	112267	0.003474
1	112343	0.008825
1	112360	0.036482
1	112437	0.023220
1	112482	0.004892
1	112544	0.023879
1	112561	0.039740
1	112771	0.130593
1	112773	0.036335
1	112907	0.533329
1	112984	0.004967
1	113034	0.009254
1	113076	0.071451
1	113202	0.051806
1	113210	0.010831
1	113216	0.025692
1	113219	0.057983
1	113238	0.009449
1	113339	0.018039
1	113363	0.008825
1	113380	0.007807
1	113383	0.007807
1	113414	0.007807
1	113440	0.018681
1	113540	0.008825
1	113629	0.007807
1	113650	0.007807
1	113658	0.007807
1	113677	0.007807
1	113722	0.007807
1	113769	0.011643
1	113810	0.003574
1	113812	0.003574
1	113830	0.007807
1	113839	0.007807
1	113848	0.007807
1	113877	0.011293
1	113961	0.003432
1	114034	0.115128
1	114042	0.042411
1	114056	0.006498
1	114076	0.040433
1	114115	0.013072
1	114135	0.062500
1	114167	0.011539
1	114170	0.004045
1	114172	0.021300
1	114173	0.006732
1	114179	0.004233
1	114187	0.165789
1	114245	0.007807
1	114259	0.013251
1	114261	0.044843
1	114262	0.044843
1	114264	0.044843
1	114267	0.007807
1	114275	0.007807
1	114333	0.284457
1	114388	0.006498
1	114481	0.034898
1	114574	0.005149
1	114582	0.007807
1	114648	0.875619
1	114681	0.018681
1	114701	0.174890
1	114737	0.322129
1	114764	0.017157
1	114792	0.174890
1	114800	0.017533
1	114847	0.012699
1	114915	0.179127
1	114999	0.007807
1	115005	0.007807
1	115062	0.006498
1	115242	0.006498
1	115320	0.183113
1	115566	0.628798
1	115593	0.119666
1	115608	0.013072
1	115688	0.419176
1	115769	0.006609
1	115778	0.052781
1	116017	0.009684
1	116086	0.034898
1	116167	0.228749
1	116183	0.119666
1	116354	0.021657
1	116377	0.003432
1	116452	0.030615
1	116484	0.075369
1	116486	0.003444
1	116509	0.011410
1	116647	0.021657
1	116660	0.132097
1	116808	0.008254
1	116831	0.021072
1	116849	0.013629
1	116851	0.013629
1	116886	0.047349
1	116906	0.155880
1	117004	0.015454
1	117024	0.057195
1	117199	0.420119
1	117223	0.167746
1	117226	0.167746
1	117229	0.167746
1	117234	0.167746
1	117241	0.167746
1	117247	0.167746
1	117262	0.025692
1	117277	0.013969
1	117286	0.162855
1	117328	0.686245
1	117329	0.676660
1	117331	0.675709
1	117375	0.450512
1	117379	0.677418
1	117391	0.013801
1	117511	0.706593
1	117592	0.726300
1	117650	0.009655
1	117778	0.020106
1	117787	0.163499
1	117799	0.008825
1	117892	0.003432
1	117947	0.040702
1	117955	0.030199
1	117994	0.026285
1	117997	0.462127
1	118036	0.008748
1	118039	0.026285
1	118048	0.025260
1	118192	0.365916
1	118441	0.345275
1	118507	0.194489
1	118550	0.190848
1	118551	0.194489
1	118582	0.005267
1	118583	0.037271
1	118615	0.174383
1	118627	0.239672
1	118709	0.012563
1	118784	0.023330
1	118811	0.194489
1	118836	0.003781
1	118857	0.194489
1	118888	0.020106
1	118902	0.008825
1	118908	0.604953
1	118910	0.601479
1	118917	0.194489
1	118919	0.056156
1	118926	0.250645
1	118948	0.194489
1	119003	0.250645
1	119072	0.049190
1	119083	0.842034
1	119137	0.194489
1	119155	0.194489
1	119179	0.194489
1	119191	0.198723
1	119207	0.025791
1	119297	0.014238
1	119298	0.028919
1	119309	0.020093
1	119318	0.028919
1	119359	0.080437
1	119421	0.509520
1	119470	0.169119
1	119479	0.195404
1	119481	0.020106
1	119488	0.049190
1	119662	0.007093
1	119668	0.015295
1	119735	0.060980
1	119815	0.008825
1	119952	0.005922
1	120049	0.845637
1	120259	0.005946
1	120328	0.651383
1	120370	0.179011
1	120376	0.179011
1	120449	0.005497
1	120456	0.270792
1	120471	0.177660
1	120540	0.037271
1	120631	0.284612
1	120661	0.296044
1	120754	0.015295
1	120787	0.304793
1	120796	0.008825
1	120894	0.056156
1	121010	0.003432
1	121015	0.050197
1	121077	0.852135
1	121115	0.129306
1	121126	0.115862
1	121140	0.129306
1	121154	0.004653
1	121171	0.129306
1	121184	0.126798
1	121249	0.089990
1	121307	0.009300
1	121343	0.137679
1	121364	0.100089
1	121389	0.129306
1	121436	0.009135
1	121442	0.129381
1	121468	0.015187
1	121560	0.134273
1	121630	0.110018
1	121750	0.134273
1	121792	0.008825
1	122005	0.087526
1	122410	0.009135
1	122455	0.003432
1	122503	0.332201
1	122510	0.009093
1	122610	0.008825
1	122707	0.008825
1	122713	0.015071
1	122719	0.134273
1	122809	0.100089
1	123051	0.004967
1	123276	0.152726
1	123291	0.010029
1	123313	0.329974
1	123331	0.098358
1	123413	0.033930
1	123517	0.130596
1	123537	0.037271
1	123657	0.013365
1	123666	0.134273
1	123838	0.173542
1	123912	0.131804
1	123924	0.179011
1	123971	0.134273
1	124073	0.129438
1	124173	0.017643
1	124192	0.134273
1	124481	0.008825
1	124667	0.023710
1	124904	0.033930
1	124924	0.134273
1	124981	0.005149
1	125155	0.334941
1	125158	0.129426
1	125258	0.013072
1	125310	0.134273
1	125344	0.126479
1	125374	0.009555
1	125868	0.039269
1	126016	0.131313
1	126251	0.152726
1	126260	0.030149
1	126504	0.018210
1	126520	0.331334
1	126609	0.087526
1	126631	0.005586
1	126819	0.134273
1	126927	0.039269
1	127076	0.021657
1	127093	0.848149
1	127122	0.004892
1	127283	0.039269
1	127394	0.016419
1	127529	0.090915
1	127535	0.123753
1	127644	0.021657
1	127705	0.134273
1	127739	0.021657
1	127740	0.015518
1	127891	0.179011
1	127895	0.095376
1	127984	0.009135
1	128095	0.021657
1	128116	0.669156
1	128141	0.003474
1	128173	0.669156
1	128182	0.669156
1	128324	0.004888
1	128331	0.029575
1	128352	0.037271
1	128366	0.669156
1	128367	0.012515
1	128394	0.034135
1	128485	0.018344
1	128584	0.009135
1	128603	0.010131
1	128640	0.058928
1	128668	0.003432
1	128689	0.034898
1	128728	0.599216
1	128742	0.021657
1	128804	0.039790
1	128821	0.034898
1	128883	0.013072
1	129004	0.058928
1	129025	0.188695
1	129060	0.031991
1	129099	0.074935
1	129112	0.007804
1	129114	0.009893
1	129125	0.186508
1	129141	0.153142
1	129156	0.017932
1	129157	0.188695
1	129158	0.185122
1	129171	0.188695
1	129176	0.037271
1	129192	0.188695
1	129312	0.192830
1	129372	0.188695
1	129395	0.010831
1	129419	0.185122
1	129441	0.178565
1	129517	0.184454
1	129524	0.152726
1	129539	0.184454
1	129564	0.039269
1	129573	0.024832
1	129589	0.005922
1	129590	0.005922
1	129607	0.464838
1	129647	0.004888
1	129681	0.007896
1	129690	0.006966
1	129709	0.006966
1	129749	0.006966
1	129771	0.052879
1	129805	0.021657
1	129841	0.840092
1	129842	0.006966
1	129850	0.006966
1	129942	0.010482
1	129957	0.013146
1	129994	0.078251
1	130108	0.253512
1	130139	0.213105
1	130275	0.009135
1	130312	0.016598
1	130355	0.060205
1	130421	0.146309
1	130423	0.146309
1	130461	0.060668
1	130515	0.008443
1	130857	0.116989
1	130870	0.087971
1	130921	0.212957
1	131070	0.174400
1	131281	0.747731
1	131301	0.074171
1	131408	0.042469
1	131456	0.274683
1	131470	0.030927
1	131486	0.018993
1	131494	0.574696
1	131514	0.045678
1	131523	0.094609
1	131541	0.021657
1	131565	0.029441
1	131788	0.268907
1	131792	0.163063
1	131883	0.092867
1	131889	0.089259
1	131903	0.009692
1	131977	0.089259
1	132080	0.031991
1	132160	0.013547
1	132165	0.013811
1	132190	0.630418
1	132268	0.623000
1	132276	0.550561
1	132288	0.623000
1	132414	0.013146
1	132430	0.132889
1	132637	0.054925
1	132773	0.732422
1	132803	0.147774
1	132818	0.143639
1	132825	0.143639
1	132898	0.147774
1	132949	0.037271
1	133021	0.147774
1	133090	0.143378
1	133117	0.147774
1	133144	0.147774
1	133186	0.164855
1	133321	0.168204
1	133357	0.163361
1	133360	0.168989
1	133498	0.009154
1	133555	0.168989
1	133591	0.168989
1	133607	0.754473
1	133616	0.168989
1	133626	0.168989
1	133701	0.168989
1	133776	0.004045
1	133790	0.164855
1	133794	0.594217
1	133809	0.159227
1	133827	0.154839
1	133835	0.164855
1	133845	0.164855
1	133847	0.168989
1	133880	0.164855
1	133887	0.013811
1	133893	0.164855
1	133902	0.164855
1	133922	0.168989
1	133979	0.168989
1	134063	0.168989
1	134218	0.037271
1	134454	0.006376
1	134753	0.010786
1	134849	0.069042
1	135133	0.754473
1	135402	0.286416
1	135420	0.008443
1	135490	0.020700
1	135493	0.286416
1	135500	0.286416
1	135519	0.286416
1	135548	0.057245
1	135563	0.024690
1	135587	0.754473
1	135822	0.034898
1	135853	0.085391
1	135855	0.034898
1	135972	0.034045
1	135986	0.081083
1	135997	0.003474
1	136113	0.006134
1	136117	0.009181
1	136129	0.027568
1	136175	0.046182
1	136188	0.583209
1	136211	0.740237
1	136214	0.009355
1	136217	0.078373
1	136227	0.005946
1	136232	0.019523
1	136241	0.025778
1	136267	0.019523
1	136361	0.055103
1	136382	0.050563
1	136383	0.728951
1	136393	0.006255
1	136399	0.050563
1	136409	0.006255
1	136416	0.363603
1	136467	0.535807
1	136538	0.022882
1	136588	0.081149
1	136717	0.716624
1	136773	0.383785
1	136774	0.333247
1	136775	0.069754
1	136778	0.337492
1	136780	0.020746
1	136781	0.020746
1	136793	0.337492
1	136834	0.304827
1	136866	0.333097
1	136919	0.017434
1	136955	0.043478
1	137008	0.014312
1	137104	0.257863
1	137106	0.020746
1	137134	0.257863
1	137137	0.060668
1	137216	0.027924
1	137230	0.004842
1	137446	0.081083
1	137545	0.727328
1	137554	0.020746
1	137795	0.214729
1	137801	0.211826
1	137805	0.512096
1	137819	0.506178
1	137820	0.723922
1	137821	0.211826
1	137826	0.503098
1	138060	0.214729
1	138086	0.214729
1	138094	0.157685
1	138129	0.023411
1	138162	0.214729
1	138165	0.218477
1	138195	0.218477
1	138196	0.214729
1	138240	0.265292
1	138242	0.265292
1	138249	0.061043
1	138250	0.265292
1	138254	0.265292
1	138258	0.021657
1	138300	0.265292
1	138325	0.265292
1	138335	0.265292
1	138393	0.265292
1	138417	0.084830
1	138420	0.084830
1	138467	0.344699
1	138474	0.006732
1	138627	0.084830
1	138800	0.010272
1	138833	0.021657
1	138875	0.740237
1	138951	0.088897
1	138989	0.088897
1	139034	0.021657
1	139040	0.055103
1	139163	0.003747
1	139174	0.003747
1	139226	0.081083
1	139251	0.081083
1	139294	0.021913
1	139323	0.020746
1	139393	0.722992
1	139589	0.464269
1	139620	0.469115
1	139641	0.006376
1	139690	0.034898
1	139701	0.469115
1	139730	0.010831
1	139732	0.727941
1	139742	0.122379
1	139831	0.475517
1	139832	0.469115
1	139948	0.071097
1	139954	0.014762
1	139971	0.010786
1	139991	0.459191
1	140030	0.509629
1	140041	0.744549
1	140090	0.459191
1	140209	0.032772
1	140216	0.055103
1	140245	0.021657
1	140259	0.451893
1	140287	0.744549
1	140298	0.017729
1	140323	0.021076
1	140352	0.009655
1	140411	0.917741
1	140423	0.018332
1	140459	0.021963
1	140561	0.042783
1	140614	0.055103
1	140671	0.722497
1	140686	0.006376
1	140713	0.174414
1	140722	0.012882
1	140738	0.034898
1	140847	0.050563
1	140848	0.013146
1	140881	0.061704
1	140908	0.139558
1	140969	0.261660
1	141036	0.017277
1	141044	0.046626
1	141079	0.055806
1	141097	0.003474
1	141125	0.263986
1	141153	0.113540
1	141156	0.263986
1	141160	0.010831
1	141191	0.023710
1	141411	0.133174
1	141466	0.006376
1	141523	0.004888
1	141556	0.770583
1	141612	0.015858
1	141683	0.021657
1	141693	0.104763
1	141710	0.206226
1	141782	0.006376
1	141801	0.009135
1	141838	0.004653
1	141852	0.024027
1	141855	0.016897
1	141863	0.030404
1	141897	0.028028
1	142088	0.003474
1	142124	0.157528
1	142137	0.091835
1	142147	0.021657
1	142157	0.126655
1	142379	0.003474
1	142421	0.005897
1	142453	0.134156
1	142537	0.011523
1	142567	0.011523
1	142636	0.416720
1	142906	0.005946
1	142940	0.344165
1	142971	0.009677
1	143038	0.020908
1	143138	0.011526
1	143185	0.005030
1	143189	0.009181
1	143199	0.084360
1	143272	0.065315
1	143366	0.003658
1	143389	0.740236
1	143391	0.010355
1	143392	0.010355
1	143422	0.027406
1	143436	0.279221
1	143468	0.082743
1	143471	0.733154
1	143477	0.013146
1	143486	0.021657
1	143509	0.762287
1	143604	0.758714
1	143605	0.145369
1	143629	0.729804
1	143632	0.724970
1	143679	0.003781
1	143704	0.573951
1	143847	0.009355
1	143854	0.057765
1	143883	0.058907
1	143915	0.055299
1	143941	0.366365
1	143943	0.368624
1	143988	0.038038
1	144140	0.058103
1	144200	0.024948
1	144238	0.020746
1	144251	0.026824
1	144331	0.025833
1	144361	0.052835
1	144392	0.025833
1	144397	0.028551
1	144410	0.762287
1	144726	0.005627
1	144796	0.058103
1	144806	0.130036
1	144810	0.762287
1	144829	0.014237
1	144832	0.758714
1	144872	0.164043
1	144922	0.039928
1	145125	0.021657
1	145268	0.022590
1	145269	0.022590
1	145358	0.087623
1	145412	0.009135
1	145437	0.021657
1	145457	0.623529
1	145567	0.091356
1	145637	0.006376
1	145696	0.021657
1	145734	0.118378
1	145767	0.004458
1	145897	0.021645
1	145903	0.032266
1	145942	0.013146
1	145998	0.006094
1	146010	0.014109
1	146011	0.014109
1	146012	0.013146
1	146025	0.009677
1	146103	0.037259
1	146123	0.004888
1	146167	0.003604
1	146182	0.245920
1	146220	0.355699
1	146236	0.040300
1	146242	0.008026
1	146280	0.249701
1	146308	0.003574
1	146318	0.036432
1	146347	0.009135
1	146471	0.496505
1	146473	0.024601
1	146498	0.091847
1	146511	0.009355
1	146606	0.023411
1	146618	0.014012
1	146717	0.015283
1	146734	0.864191
1	146853	0.141794
1	147106	0.022590
1	147110	0.624960
1	147131	0.006376
1	147220	0.028634
1	147236	0.017137
1	147291	0.007915
1	147298	0.025707
1	147305	0.022302
1	147380	0.007392
1	147402	0.006974
1	147513	0.062162
1	148082	0.029621
1	148101	0.011296
1	148108	0.100807
1	148118	0.026244
1	148166	0.016792
1	148217	0.010784
1	148221	0.016792
1	148228	0.016792
1	148230	0.005626
1	148231	0.016792
1	148232	0.010784
1	148257	0.004888
1	148345	0.264919
1	148357	0.724884
1	148504	0.009355
1	148601	0.600022
1	148775	0.026244
1	148788	0.026244
1	148877	0.021657
1	148888	0.039640
1	148895	0.026244
1	148919	0.026244
1	148990	0.055531
1	149123	0.008177
1	149201	0.006974
1	149285	0.003658
1	149294	0.559674
1	149306	0.009677
1	149320	0.003444
1	149330	0.021657
1	149414	0.009135
1	149437	0.730374
1	149475	0.009677
1	149539	0.136974
1	149551	0.010504
1	149719	0.005922
1	149770	0.014256
1	149822	0.015867
1	149839	0.021657
1	149905	0.055531
1	149992	0.645390
1	150086	0.040878
1	150130	0.021657
1	150186	0.040878
1	150210	0.154132
1	150225	0.068275
1	150357	0.746718
1	150430	0.629301
1	150457	0.625001
1	150626	0.006245
1	150662	0.015767
1	150684	0.009677
1	150691	0.004234
1	150694	0.006245
1	150716	0.006903
1	150846	0.055531
1	150866	0.094101
1	150919	0.084349
1	150971	0.012395
1	150992	0.708200
1	151074	0.012395
1	151088	0.012395
1	151096	0.004891
1	151180	0.124648
1	151216	0.013409
1	151278	0.022590
1	151293	0.006901
1	151374	0.023411
1	151491	0.023914
1	151494	0.058507
1	151497	0.006376
1	151617	0.802394
1	151639	0.996154
1	151942	0.168619
1	151968	0.003781
1	151971	0.118203
1	152174	0.084392
1	152210	0.011681
1	152269	0.005946
1	152276	0.008636
1	152345	0.013146
1	152367	0.024102
1	152399	0.013250
1	152462	0.022087
1	152500	0.009181
1	152530	0.024102
1	152553	0.021657
1	152671	0.015360
1	152678	0.018320
1	152679	0.018320
1	152684	0.009677
1	152685	0.162974
1	152792	0.047439
1	152804	0.008788
1	152829	0.008887
1	152861	0.006376
1	152890	0.026321
1	152934	0.026321
1	153028	0.019148
1	153047	0.055531
1	153104	0.250265
1	153109	0.037648
1	153131	0.005946
1	153153	0.024102
1	153232	0.911140
1	153335	0.076259
1	153371	0.003781
1	153521	0.023577
1	153692	0.047142
1	153710	0.037133
1	153765	0.076259
1	153790	0.009072
1	153917	0.006376
1	154085	0.051409
1	154104	0.003654
1	154200	0.023577
1	154293	0.002269
1	154299	0.020460
1	154325	0.009191
1	154361	0.049319
1	154367	0.161619
1	154466	0.023577
1	154478	0.020460
1	154497	0.004888
1	154578	0.004157
1	154679	0.737928
1	154817	0.021657
1	154887	0.133785
1	154994	0.055531
1	155085	0.029621
1	155124	0.005946
1	155148	0.028469
1	155199	0.014237
1	155272	0.023577
1	155429	0.018826
1	155442	0.038271
1	155481	0.020460
1	155504	0.009677
1	155519	0.029621
1	155595	0.100085
1	155610	0.050753
1	155626	0.014237
1	155678	0.232177
1	155730	0.004835
1	155776	0.020460
1	155777	0.019926
1	155778	0.018826
1	155914	0.146744
1	155921	0.242126
1	155984	0.241739
1	156039	0.011850
1	156048	0.011850
1	156078	0.146744
1	156127	0.002269
1	156191	0.003574
1	156204	0.018971
1	156211	0.021657
1	156298	0.015078
1	156372	0.028452
1	156414	0.008026
1	156456	0.438284
1	156487	0.012037
1	156556	0.009135
1	156559	0.005922
1	156564	0.018332
1	156619	0.139114
1	156628	0.116997
1	156660	0.089883
1	156784	0.028452
1	156786	0.084991
1	156801	0.005904
1	156807	0.022500
1	156828	0.083459
1	156871	0.095131
1	156999	0.006376
1	157110	0.013146
1	157144	0.012395
1	157165	0.020460
1	157184	0.020460
1	157344	0.006376
1	157426	0.009692
1	157491	0.222002
1	157538	0.019926
1	157702	0.020460
1	157767	0.060278
1	157804	0.003574
1	157808	0.020460
1	157936	0.086441
1	157941	0.086441
1	157974	0.220755
1	157994	0.020460
1	157996	0.020460
1	158015	0.020460
1	158060	0.020460
1	158134	0.029385
1	158162	0.034553
1	158164	0.053754
1	158173	0.029661
1	158191	0.009135
1	158203	0.003991
1	158229	0.021657
1	158230	0.021657
1	158233	0.758594
1	158305	0.734912
1	158341	0.029621
1	158474	0.006732
1	158554	0.153685
1	158596	0.137855
1	158626	0.017028
1	158640	0.873536
1	158680	0.281972
1	158716	0.071898
1	158809	0.009154
1	158821	0.029621
1	158842	0.851879
1	158863	0.004434
1	158910	0.259648
1	158963	0.029621
1	158976	0.009692
1	159007	0.005444
1	159061	0.011747
1	159122	0.814077
1	159152	0.009135
1	159210	0.145884
1	159213	0.006376
1	159234	0.049984
1	159245	0.047252
1	159340	0.014215
1	159434	0.369540
1	159450	0.013281
1	159712	0.020460
1	159748	0.008623
1	159758	0.019068
1	159783	0.051712
1	159806	0.137945
1	159858	0.023974
1	159941	0.869097
1	160043	0.317281
1	160515	0.071175
1	160517	0.003444
1	160612	0.048532
1	160675	0.019068
1	160864	0.011850
1	161081	0.046259
1	161216	0.006376
1	161220	0.025383
1	161227	0.050764
1	161231	0.015424
1	161349	0.015424
1	161513	0.012395
1	161527	0.108808
1	161812	0.028452
1	162028	0.156421
1	162239	0.033589
1	162241	0.011609
1	162337	0.004892
1	162389	0.036079
1	162469	0.010086
1	162473	0.009135
1	162530	0.036079
1	162616	0.464692
1	162634	0.036079
1	162640	0.024488
1	162684	0.004306
1	162687	0.010784
1	162708	0.048576
1	162713	0.009181
1	162764	0.044505
1	162829	0.012020
1	162915	0.055531
1	162925	0.055531
1	162993	0.021657
1	163010	0.104226
1	163082	0.125153
1	163088	0.015858
1	163203	0.014744
1	163221	0.015767
1	163225	0.004561
1	163228	0.035214
1	163306	0.128300
1	163307	0.054315
1	163309	0.024873
1	163333	0.364652
1	163364	0.009135
1	163371	0.259519
1	163398	0.056952
1	163459	0.056952
1	163465	0.009677
1	163492	0.895298
1	163495	0.035214
1	163555	0.147429
1	163569	0.727347
1	163659	0.035214
1	163681	0.243485
1	163686	0.247059
1	163688	0.006974
1	163699	0.006376
1	163716	0.129459
1	163740	0.006094
1	163750	0.129459
1	163766	0.115994
1	163770	0.129459
1	163815	0.129459
1	163890	0.129459
1	163953	0.021657
1	163984	0.010831
1	164085	0.129459
1	164111	0.129459
1	164158	0.124484
1	164270	0.009677
1	164296	0.129459
1	164310	0.129459
1	164375	0.225357
1	164393	0.095897
1	164413	0.095897
1	164414	0.225357
1	164423	0.225357
1	164432	0.225357
1	164435	0.019068
1	164474	0.225357
1	164495	0.129459
1	164553	0.130994
1	164638	0.023866
1	164679	0.129459
1	164708	0.129459
1	164775	0.039553
1	164815	0.129459
1	164834	0.008788
1	164841	0.009135
1	164961	0.014109
1	164969	0.129459
1	165017	0.129459
1	165023	0.129459
1	165037	0.129459
1	165082	0.039553
1	165153	0.129459
1	165162	0.129459
1	165164	0.129459
1	165168	0.129459
1	165208	0.010655
1	165386	0.111446
1	165440	0.008173
1	165541	0.012395
1	165542	0.028857
1	165625	0.115994
1	165642	0.005922
1	165700	0.058306
1	165720	0.013557
1	165766	0.206569
1	165797	0.009677
1	165893	0.210178
1	165913	0.210178
1	165930	0.215215
1	165984	0.129459
1	166019	0.173558
1	166030	0.210178
1	166071	0.210178
1	166133	0.206734
1	166150	0.206734
1	166156	0.206734
1	166179	0.206734
1	166221	0.019068
1	166251	0.019068
1	166271	0.010784
1	166304	0.010575
1	166330	0.025407
1	166334	0.036923
1	166346	0.013557
1	166349	0.013557
1	166386	0.199231
1	166465	0.129459
1	166637	0.035823
1	166753	0.005922
1	166850	0.898218
1	166865	0.072684
1	166921	0.013146
1	166971	0.009135
1	166988	0.009677
1	167040	0.010655
1	167130	0.010655
1	167132	0.018332
1	167151	0.033176
1	167252	0.129459
1	167256	0.033176
1	167316	0.033176
1	167402	0.033176
1	167445	0.428949
1	167463	0.425791
1	167476	0.051313
1	167493	0.129459
1	167541	0.033176
1	167573	0.005946
1	167679	0.033176
1	167692	0.134160
1	167698	0.046259
1	167724	0.011850
1	167766	0.134351
1	167791	0.039650
1	167810	0.027255
1	167815	0.012395
1	167883	0.027255
1	167935	0.006376
1	167958	0.014109
1	168026	0.184315
1	168048	0.004306
1	168063	0.014109
1	168085	0.003444
1	168096	0.004888
1	168100	0.014109
1	168152	0.016037
1	168259	0.022435
1	168285	0.014109
1	168327	0.005904
1	168383	0.014109
1	168392	0.014109
1	168451	0.196033
1	168462	0.028227
1	168532	0.012395
1	168568	0.060661
1	168597	0.003781
1	168599	0.006974
1	168647	0.025383
1	168700	0.656965
1	168720	0.012339
1	168745	0.178174
1	168923	0.040113
1	168958	0.136829
1	169106	0.041986
1	169172	0.036268
1	169282	0.006393
1	169306	0.136693
1	169313	0.011609
1	169336	0.005946
1	169429	0.622173
1	169516	0.023411
1	169538	0.020460
1	169540	0.011350
1	169686	0.006974
1	169729	0.011350
1	169785	0.207042
1	169788	0.207042
1	169798	0.006376
1	169877	0.004888
1	169883	0.207042
1	170009	0.008399
1	170028	0.006903
1	170066	0.198831
1	170122	0.198831
1	170218	0.289594
1	170260	0.065202
1	170271	0.169269
1	170279	0.280459
1	170284	0.459162
1	170319	0.169269
1	170359	0.023411
1	170378	0.008887
1	170530	0.020460
1	170599	0.456872
1	170728	0.201178
1	170834	0.331064
1	170863	0.009677
1	170869	0.326566
1	171236	0.040417
1	171250	0.687534
1	171298	0.018332
1	171352	0.101440
1	171361	0.130067
1	171407	0.069780
1	171413	0.065202
1	171441	0.009677
1	171474	0.013146
1	171481	0.038609
1	171501	0.012020
1	171505	0.023411
1	171512	0.004742
1	171538	0.278533
1	171573	0.876800
1	171606	0.023411
1	171610	0.274876
1	171611	0.274876
1	171616	0.274876
1	171622	0.274876
1	171626	0.274876
1	171664	0.270634
1	171772	0.194558
1	171801	0.028873
1	171835	0.018332
1	171845	0.005627
1	171891	0.013033
1	171893	0.058794
1	171899	0.069337
1	171900	0.013694
1	171918	0.014945
1	171924	0.719166
1	172000	0.020460
1	172014	0.003658
1	172016	0.028873
1	172031	0.034416
1	172039	0.003781
1	172053	0.203276
1	172079	0.023411
1	172182	0.151028
1	172196	0.010548
1	172256	0.018010
1	172262	0.034568
1	172270	0.054763
1	172389	0.014109
1	172532	0.014700
1	172555	0.023411
1	172588	0.018336
1	172589	0.018336
1	172591	0.008399
1	172594	0.041171
1	172597	0.018336
1	172608	0.011037
1	172713	0.008137
1	172737	0.008399
1	172791	0.053442
1	172797	0.047814
1	172837	0.046967
1	172843	0.053442
1	172853	0.003618
1	172865	0.011216
1	172909	0.006376
1	172932	0.028944
1	173042	0.583466
1	173055	0.002960
1	173104	0.588358
1	173157	0.587749
1	173162	0.593192
1	173168	0.018010
1	173307	0.012532
1	173310	0.007629
1	173344	0.034795
1	173351	0.060130
1	173359	0.060130
1	173373	0.060130
1	173387	0.060130
1	173392	0.057170
1	173405	0.006744
1	173416	0.039150
1	173421	0.023411
1	173422	0.023411
1	173428	0.024813
1	173494	0.003444
1	173526	0.021657
1	173529	0.054219
1	173531	0.087446
1	173544	0.088958
1	173564	0.091917
1	173642	0.006376
1	173644	0.114349
1	173649	0.014982
1	173653	0.107956
1	173700	0.067223
1	173704	0.067223
1	173722	0.096435
1	173730	0.005497
1	173786	0.072850
1	173789	0.066457
1	173799	0.072850
1	173809	0.015858
1	173813	0.072850
1	173819	0.090857
1	173824	0.072850
1	173826	0.072850
1	173827	0.196626
1	173839	0.198561
1	173852	0.263680
1	173858	0.267467
1	173942	0.022244
1	173991	0.189946
1	174009	0.014982
1	174016	0.029548
1	174022	0.209013
1	174024	0.286321
1	174037	0.286321
1	174065	0.015727
1	174087	0.854665
1	174090	0.274598
1	174132	0.034167
1	174179	0.286321
1	174207	0.283361
1	174218	0.006903
1	174262	0.275636
1	174266	0.003781
1	174268	0.291949
1	174294	0.003604
1	174307	0.006903
1	174329	0.065202
1	174332	0.072836
1	174344	0.006974
1	174354	0.023932
1	174359	0.012532
1	174408	0.023411
1	174411	0.296084
1	174413	0.015727
1	174418	0.288266
1	174454	0.293124
1	174458	0.291949
1	174468	0.012532
1	174470	0.013146
1	174491	0.067551
1	174544	0.005946
1	174605	0.313145
1	174655	0.313145
1	174659	0.067551
1	174666	0.313145
1	174745	0.161760
1	174748	0.059135
1	174751	0.245287
1	174757	0.299923
1	174758	0.232756
1	174775	0.232756
1	174776	0.067167
1	174777	0.299923
1	174778	0.067167
1	174790	0.038343
1	174791	0.249422
1	174816	0.065202
1	174818	0.038343
1	174829	0.313145
1	174838	0.135755
1	174849	0.146232
1	174893	0.139329
1	174910	0.041186
1	174919	0.019068
1	174920	0.019068
1	174945	0.041186
1	174949	0.291487
1	175036	0.287029
1	175101	0.131539
1	175125	0.283282
1	175126	0.159948
1	175151	0.287914
1	175158	0.287601
1	175181	0.287601
1	175213	0.016686
1	175293	0.275550
1	175294	0.275550
1	175300	0.270715
1	175366	0.039285
1	175405	0.004842
1	175442	0.096051
1	175480	0.271415
1	175489	0.143053
1	175609	0.029782
1	175613	0.186722
1	175619	0.085144
1	175634	0.190406
1	175680	0.032051
1	175681	0.088530
1	175683	0.016686
1	175707	0.015938
1	175747	0.284430
1	175806	0.032051
1	175822	0.017520
1	175825	0.080686
1	175833	0.020905
1	175834	0.023287
1	175835	0.023565
1	175852	0.080686
1	175854	0.266393
1	175855	0.080686
1	175881	0.264358
1	175893	0.177196
1	175987	0.264358
1	176008	0.287029
1	176031	0.080686
1	176098	0.080686
1	176104	0.139801
1	176184	0.206343
1	176197	0.080686
1	176218	0.080686
1	176351	0.009677
1	176382	0.278060
1	176407	0.034171
1	176431	0.016686
1	176570	0.014982
1	176622	0.012623
1	176636	0.266957
1	176654	0.009801
1	176655	0.009801
1	176656	0.186272
1	176720	0.186272
1	176769	0.004045
1	176799	0.019172
1	176800	0.202209
1	176801	0.202209
1	176837	0.026254
1	176865	0.202209
1	176904	0.050233
1	176943	0.287029
1	176945	0.202209
1	176954	0.202209
1	176955	0.202209
1	176960	0.202209
1	176962	0.009135
1	176969	0.202209
1	176973	0.202209
1	177000	0.004842
1	177009	0.202209
1	177089	0.317741
1	177090	0.202209
1	177117	0.287029
1	177121	0.287029
1	177136	0.278745
1	177139	0.282895
1	177157	0.206343
1	177202	0.287029
1	177208	0.009135
1	177232	0.698254
1	177263	0.186272
1	177323	0.016686
1	177337	0.186272
1	177348	0.076293
1	177355	0.024465
1	177361	0.015767
1	177400	0.210736
1	177455	0.009135
1	177478	0.205108
1	177559	0.282895
1	177593	0.076293
1	177611	0.287029
1	177655	0.076293
1	177741	0.287029
1	177881	0.009135
1	177909	0.206341
1	178070	0.227422
1	178080	0.227422
1	178083	0.012188
1	178087	0.023411
1	178094	0.227422
1	178129	0.015727
1	178136	0.030573
1	178142	0.227422
1	178153	0.223288
1	178155	0.223288
1	178165	0.016686
1	178206	0.080875
1	178217	0.003781
1	178249	0.016686
1	178286	0.050233
1	178315	0.023650
1	178323	0.105629
1	178362	0.050233
1	178383	0.096603
1	178392	0.003781
1	178424	0.096603
1	178456	0.060019
1	178461	0.019026
1	178512	0.096603
1	178516	0.096603
1	178545	0.093588
1	178567	0.098046
1	178575	0.098046
1	178584	0.098046
1	178587	0.019026
1	178612	0.170917
1	178661	0.019067
1	178683	0.016686
1	178695	0.005497
1	178786	0.082723
1	178797	0.016686
1	178830	0.082898
1	178892	0.003986
1	178893	0.425385
1	178931	0.077411
1	178995	0.023650
1	178996	0.023650
1	179054	0.088765
1	179095	0.073137
1	179120	0.068648
1	179137	0.023650
1	179152	0.044998
1	179175	0.168421
1	179209	0.250767
1	179264	0.085333
1	179287	0.040540
1	179298	0.012044
1	179308	0.012044
1	179312	0.004234
1	179314	0.012044
1	179332	0.124965
1	179354	0.008329
1	179355	0.008329
1	179357	0.008329
1	179366	0.023650
1	179385	0.012013
1	179475	0.003574
1	179493	0.080875
1	179503	0.003574
1	179520	0.044466
1	179561	0.009141
1	179597	0.092485
1	179629	0.086504
1	179638	0.024253
1	179640	0.020060
1	179658	0.077861
1	179664	0.077861
1	179666	0.016686
1	179706	0.077861
1	179717	0.005497
1	179753	0.854327
1	179761	0.080875
1	179852	0.004234
1	180001	0.158091
1	180016	0.152475
1	180022	0.152811
1	180039	0.150303
1	180050	0.008609
1	180062	0.158091
1	180084	0.158091
1	180085	0.158091
1	180092	0.158091
1	180094	0.005946
1	180099	0.158091
1	180119	0.007915
1	180122	0.005497
1	180123	0.158091
1	180148	0.077421
1	180172	0.239090
1	180197	0.021454
1	180322	0.228135
1	180336	0.230734
1	180374	0.016686
1	180540	0.016175
1	180599	0.016686
1	180812	0.675035
1	180816	0.050224
1	180862	0.039321
1	180865	0.238503
1	180869	0.019026
1	180871	0.019026
1	180899	0.019026
1	180912	0.019026
1	180925	0.114364
1	180967	0.012623
1	180978	0.034416
1	181039	0.181463
1	181040	0.181463
1	181058	0.005904
1	181073	0.186354
1	181083	0.186354
1	181143	0.003574
1	181144	0.008286
1	181175	0.202439
1	181180	0.034416
1	181202	0.011543
1	181218	0.003574
1	181235	0.006974
1	181238	0.011543
1	181249	0.024400
1	181257	0.250186
1	181258	0.250186
1	181261	0.174396
1	181366	0.013169
1	181393	0.162300
1	181401	0.162300
1	181466	0.183566
1	181478	0.181058
1	181486	0.495529
1	181496	0.181058
1	181567	0.185949
1	181570	0.003781
1	181602	0.030565
1	181614	0.007127
1	181622	0.015727
1	181632	0.174003
1	181637	0.013146
1	181654	0.023650
1	181729	0.032677
1	181781	0.045841
1	181782	0.085785
1	181791	0.081202
1	181836	0.077378
1	181886	0.003781
1	181903	0.022174
1	181933	0.057243
1	181943	0.085785
1	181975	0.171855
1	181976	0.110154
1	181986	0.032412
1	181992	0.204267
1	182057	0.696840
1	182122	0.160768
1	182138	0.165393
1	182139	0.169851
1	182225	0.019068
1	182250	0.011543
1	182409	0.145309
1	182567	0.056288
1	182573	0.019026
1	182618	0.067828
1	182624	0.021824
1	182642	0.008583
1	182696	0.101255
1	182717	0.003574
1	182728	0.004045
1	182743	0.150433
1	182751	0.150433
1	182762	0.007915
1	182764	0.049028
1	183099	0.068653
1	183172	0.060255
1	183261	0.012782
1	183262	0.009376
1	183353	0.053333
1	183402	0.052395
1	183431	0.034416
1	183449	0.013146
1	183465	0.219336
1	183473	0.019026
1	183506	0.005497
1	183615	0.010784
1	183623	0.008577
1	183655	0.255029
1	183690	0.165951
1	183848	0.457231
1	183905	0.003604
1	183913	0.003194
1	183925	0.053128
1	184016	0.019026
1	184074	0.057494
1	184293	0.011543
1	184556	0.047617
1	184635	0.014653
1	184740	0.022415
1	184743	0.017580
1	184756	0.017580
1	184795	0.003781
1	184821	0.019026
1	184829	0.009135
1	184847	0.846248
1	184905	0.013735
1	185008	0.004888
1	185019	0.028847
1	185233	0.552259
1	185234	0.099509
1	185252	0.099509
1	185253	0.090476
1	185254	0.090476
1	185264	0.031675
1	185428	0.013146
1	185481	0.034105
1	185661	0.051836
1	185705	0.037056
1	185783	0.550471
1	185924	0.002757
1	185928	0.037056
1	185969	0.027400
1	186112	0.020155
1	186160	0.010225
1	186178	0.034105
1	186322	0.051836
1	186381	0.006649
1	186385	0.010225
1	186516	0.051836
1	186591	0.011747
1	186634	0.037056
1	186838	0.027400
1	186842	0.010225
1	186861	0.325183
1	186874	0.051836
1	186910	0.038639
1	186942	0.013146
1	187008	0.012623
1	187070	0.004241
1	187110	0.005922
1	187144	0.019054
1	187298	0.112719
1	187345	0.093313
1	187544	0.045443
1	187618	0.047365
1	187712	0.002757
1	187735	0.013169
1	187832	0.038639
1	188215	0.009135
1	188248	0.037056
1	188275	0.008748
1	188297	0.021814
1	188479	0.081318
1	188505	0.004801
1	188564	0.051836
1	188630	0.199240
1	188680	0.053896
1	188759	0.008332
1	188832	0.019026
1	188930	0.052736
1	188938	0.071094
1	189068	0.032735
1	189262	0.056886
1	189305	0.028857
1	189381	0.005946
1	189548	0.020155
1	189692	0.013146
1	189707	0.008332
1	189818	0.012623
1	189903	0.031675
1	189920	0.053524
1	189923	0.019026
1	189945	0.005922
1	189983	0.041336
1	190007	0.015858
1	190048	0.032735
1	190075	0.007049
1	190232	0.081318
1	190241	0.056886
1	190346	0.018275
1	190413	0.003478
1	190435	0.005922
1	190437	0.006649
1	190469	0.037776
1	190471	0.005922
1	190481	0.194405
1	190618	0.037056
1	190673	0.052546
1	190689	0.005946
1	190697	0.032291
1	190877	0.019026
1	190931	0.071094
1	191031	0.004150
1	191058	0.019026
1	191062	0.108399
1	191083	0.043412
1	191191	0.009135
1	191275	0.008643
1	191293	0.027307
1	191372	0.013169
1	191419	0.019026
1	191480	0.020155
1	191501	0.009135
1	191539	0.010225
1	191615	0.004306
1	191640	0.006743
1	191714	0.041336
1	191742	0.013169
1	191746	0.002757
1	191969	0.004801
1	192020	0.199240
1	192205	0.016622
1	192213	0.020155
1	192251	0.029684
1	192286	0.047365
1	192388	0.045862
1	192523	0.586180
1	192545	0.052645
1	192605	0.023128
1	192606	0.026484
1	192639	0.027307
1	192654	0.029684
1	192682	0.029684
1	192732	0.019067
1	192889	0.042086
1	193207	0.037056
1	193288	0.112691
1	193321	0.012188
1	193333	0.043174
1	193334	0.050717
1	193336	0.100283
1	193346	0.050717
1	193353	0.013484
1	193391	0.049567
1	193396	0.009181
1	193422	0.048710
1	193431	0.027400
1	193435	0.007321
1	193443	0.004742
1	193461	0.061013
1	193531	0.006245
1	193545	0.009135
1	193552	0.012773
1	193553	0.846248
1	193588	0.003781
1	193617	0.013146
1	193630	0.008951
1	193664	0.002757
1	193666	0.005279
1	193672	0.037056
1	193688	0.033792
1	193694	0.011747
1	193735	0.024573
1	193740	0.004892
1	193764	0.386132
1	193816	0.012577
1	193829	0.005922
1	193834	0.234098
1	193873	0.004157
1	193944	0.010986
1	193954	0.008239
1	193969	0.010081
1	194038	0.012577
1	194045	0.010354
1	194057	0.010081
1	194059	0.005897
1	194075	0.239726
1	194098	0.108891
1	194132	0.009135
1	194280	0.039977
1	194300	0.039977
1	194346	0.013758
1	194356	0.098864
1	194461	0.009154
1	194470	0.003781
1	194471	0.003677
1	194500	0.007915
1	194506	0.027800
1	194551	0.241215
1	194552	0.241215
1	194565	0.028654
1	194569	0.008332
1	194674	0.019026
1	194675	0.019026
1	194676	0.019026
1	194689	0.021657
1	194720	0.029283
1	194761	0.617598
1	194776	0.028445
1	194808	0.004801
1	194819	0.003677
1	194851	0.024023
1	194908	0.011747
1	194911	0.041336
1	194936	0.027400
1	194967	0.003781
1	195178	0.022711
1	195228	0.027400
1	195235	0.002757
1	195240	0.012577
1	195275	0.022114
1	195338	0.016483
1	195484	0.002757
1	195591	0.004801
1	195607	0.004801
1	195685	0.008951
1	195742	0.013146
1	195865	0.008443
1	196084	0.012827
1	196152	0.009135
1	196184	0.015405
1	196339	0.010354
1	196468	0.013338
1	196483	0.041336
1	196634	0.013338
1	196709	0.018344
1	196743	0.016807
1	196774	0.008768
1	196851	0.004448
1	196934	0.216700
1	196940	0.216700
1	196958	0.216700
1	197003	0.216700
1	197008	0.264807
1	197020	0.216700
1	197028	0.055446
1	197035	0.091154
1	197037	0.013338
1	197086	0.032735
1	197101	0.216000
1	197163	0.220834
1	197205	0.216700
1	197217	0.031675
1	197238	0.032735
1	197242	0.220834
1	197252	0.021657
1	197260	0.013338
1	197270	0.216700
1	197275	0.216700
1	197289	0.053524
1	197293	0.225154
1	197324	0.216700
1	197366	0.220834
1	197462	0.220834
1	197480	0.220834
1	197624	0.013169
1	197787	0.587361
1	197919	0.016639
1	197928	0.183965
1	197929	0.183965
1	197947	0.183965
1	197955	0.183965
1	197963	0.587361
1	198030	0.188099
1	198087	0.145831
1	198193	0.189153
1	198196	0.195398
1	198205	0.053511
1	198236	0.195398
1	198240	0.004801
1	198253	0.008788
1	198254	0.195398
1	198327	0.009135
1	198329	0.192438
1	198347	0.145831
1	198376	0.145831
1	198384	0.029684
1	198389	0.120011
1	198466	0.027307
1	198502	0.028857
1	198549	0.145831
1	198736	0.019026
1	198747	0.032735
1	198807	0.056245
1	198860	0.056245
1	198885	0.027307
1	198980	0.145831
1	199129	0.011747
1	199135	0.145831
1	199141	0.145831
1	199151	0.145831
1	199152	0.145831
1	199179	0.012596
1	199192	0.145831
1	199193	0.145831
1	199199	0.145831
1	199206	0.043434
1	199214	0.013338
1	199301	0.009034
1	199337	0.003886
1	199352	0.004801
1	199366	0.040003
1	199431	0.024414
1	199485	0.351160
1	199514	0.078957
1	199521	0.034105
1	199529	0.005904
1	199601	0.028445
1	199606	0.133140
1	199647	0.133140
1	199650	0.133140
1	199655	0.004742
1	199670	0.133140
1	199671	0.133140
1	199685	0.008443
1	199688	0.133140
1	199789	0.044993
1	199809	0.056245
1	199818	0.004801
1	199822	0.013338
1	199904	0.019454
1	199918	0.004742
1	199932	0.065159
1	199973	0.019026
1	200014	0.008768
1	200018	0.021514
1	200023	0.107848
1	200030	0.010225
1	200065	0.192320
1	200067	0.023120
1	200084	0.172792
1	200089	0.172792
1	200121	0.088083
1	200126	0.007944
1	200130	0.112833
1	200148	0.096381
1	200151	0.103799
1	200168	0.006245
1	200205	0.087026
1	200257	0.011020
1	200272	0.011020
1	200314	0.011202
1	200351	0.011747
1	200352	0.005279
1	200402	0.108725
1	200471	0.013338
1	200506	0.027400
1	200582	0.108725
1	200612	0.168908
1	200621	0.039515
1	200873	0.108725
1	200879	0.108725
1	201086	0.108725
1	201116	0.108725
1	201144	0.108725
1	201161	0.042636
1	201179	0.078957
1	201230	0.108725
1	201240	0.108725
1	201322	0.108725
1	201362	0.110203
1	201372	0.105152
1	201383	0.112244
1	201400	0.006649
1	201419	0.108725
1	201486	0.010813
1	201526	0.108725
1	201535	0.108725
1	201536	0.108725
1	201581	0.010986
1	201586	0.091814
1	201590	0.091814
1	201605	0.091814
1	201608	0.029684
1	201650	0.332108
1	201652	0.027307
1	201754	0.095387
1	201757	0.010430
1	201759	0.018746
1	201791	0.004742
1	201834	0.013338
1	201836	0.003574
1	201942	0.841196
1	201946	0.015321
1	201994	0.019067
1	202044	0.041336
1	202113	0.009135
1	202122	0.011747
1	202123	0.009135
1	202213	0.016481
1	202274	0.045205
1	202287	0.089142
1	202318	0.085162
1	202324	0.095387
1	202340	0.095387
1	202350	0.095387
1	202353	0.016807
1	202356	0.032735
1	202358	0.095387
1	202392	0.150808
1	202416	0.095387
1	202431	0.095387
1	202458	0.095387
1	202498	0.015943
1	202514	0.095387
1	202527	0.095387
1	202536	0.040348
1	202556	0.038602
1	202565	0.095387
1	202575	0.095387
1	202582	0.095387
1	202618	0.014807
1	202628	0.095387
1	202629	0.095387
1	202634	0.226995
1	202637	0.004582
1	202681	0.095387
1	202722	0.095387
1	202730	0.095387
1	202743	0.003677
1	202797	0.014807
1	202863	0.023776
1	202893	0.022096
1	202913	0.018746
1	203023	0.095387
1	203108	0.110152
1	203146	0.003574
1	203150	0.003574
1	203164	0.003574
1	203186	0.016639
1	203204	0.016686
1	203216	0.014677
1	203244	0.008032
1	203249	0.008032
1	203251	0.008032
1	203253	0.008032
1	203254	0.008032
1	203257	0.010663
1	203365	0.008032
1	203605	0.013338
1	203939	0.019026
1	203974	0.841196
1	204234	0.033944
1	204280	0.042725
1	204384	0.361211
1	204504	0.023899
1	204600	0.038602
1	204605	0.038602
1	204627	0.329199
1	204736	0.032946
1	204749	0.027400
1	204788	0.011747
1	204811	0.005904
1	204838	0.011747
1	204864	0.013941
1	204880	0.019026
1	204882	0.114951
1	204946	0.029684
1	204982	0.003781
1	205016	0.003677
1	205028	0.003183
1	205034	0.057394
1	205036	0.057394
1	205072	0.042008
1	205076	0.080688
1	205203	0.032735
1	205227	0.010986
1	205393	0.107585
1	205562	0.021657
1	205622	0.065793
1	205710	0.705345
1	205796	0.029283
1	205865	0.004635
1	205871	0.032337
1	205906	0.048162
1	205935	0.165569
1	206069	0.064483
1	206100	0.031701
1	206118	0.097775
1	206179	0.007915
1	206212	0.055506
1	206236	0.031736
1	206237	0.090231
1	206260	0.010592
1	206278	0.045886
1	206285	0.029283
1	206297	0.024684
1	206311	0.024684
1	206327	0.030619
1	206416	0.015421
1	206470	0.029684
1	206483	0.008951
1	206555	0.010169
1	206558	0.003781
1	206565	0.009135
1	206614	0.025637
1	206616	0.025637
1	206623	0.019510
1	206642	0.011489
1	206826	0.012827
1	206921	0.025662
1	206950	0.019510
1	206994	0.006974
1	207062	0.027307
1	207099	0.102960
1	207154	0.072728
1	207173	0.005922
1	207187	0.654413
1	207257	0.102960
1	207287	0.247350
1	207308	0.198700
1	207322	0.031675
1	207327	0.027307
1	207347	0.046000
1	207348	0.050349
1	207358	0.013338
1	207456	0.017336
1	207461	0.013202
1	207533	0.012827
1	207572	0.063176
1	207634	0.080687
1	207651	0.006649
1	207658	0.081853
1	207687	0.083476
1	207691	0.087118
1	207703	0.022847
1	207706	0.046559
1	207709	0.005110
1	207711	0.151159
1	207712	0.011618
1	207856	0.996154
1	207859	0.012827
1	207870	0.091197
1	207938	0.047324
1	208017	0.003183
1	208047	0.019510
1	208102	0.021657
1	208147	0.050349
1	208209	0.050349
1	208227	0.056297
1	208246	0.025428
1	208251	0.729900
1	208270	0.056175
1	208271	0.008580
1	208362	0.056253
1	208404	0.155987
1	208413	0.003781
1	208415	0.079186
1	208435	0.049509
1	208439	0.049509
1	208532	0.011202
1	208624	0.003183
1	208726	0.010086
1	208754	0.009135
1	208774	0.010086
1	208794	0.009135
1	208803	0.033593
1	208804	0.006284
1	208831	0.015981
1	208835	0.010086
1	208847	0.023907
1	208851	0.826639
1	208856	0.013833
1	208861	0.019510
1	208864	0.015981
1	208903	0.524129
1	208979	0.025216
1	208983	0.064871
1	208997	0.019510
1	209013	0.019067
1	209026	0.092858
1	209035	0.064871
1	209042	0.012043
1	209056	0.019510
1	209076	0.005030
1	209110	0.004458
1	209117	0.010712
1	209275	0.003609
1	209314	0.019510
1	209317	0.007599
1	209333	0.017579
1	209379	0.011384
1	209384	0.019510
1	209493	0.019510
1	209514	0.041293
1	209638	0.008951
1	209647	0.024488
1	209670	0.081078
1	209689	0.080124
1	209706	0.111390
1	209720	0.843907
1	209730	0.019510
1	209737	0.109441
1	209792	0.110205
1	209832	0.110205
1	209840	0.004801
1	209870	0.024798
1	209891	0.013244
1	209892	0.013244
1	209903	0.019026
1	209943	0.014440
1	210172	0.021657
1	210185	0.010253
1	210319	0.048635
1	210337	0.004306
1	210372	0.021036
1	210424	0.063842
1	210532	0.124224
1	210596	0.012654
1	210597	0.015981
1	210665	0.038602
1	210699	0.112675
1	210730	0.025644
1	210739	0.011278
1	210776	0.115554
1	210808	0.110774
1	210828	0.015122
1	210832	0.009135
1	210851	0.003980
1	210874	0.130284
1	210880	0.130284
1	210895	0.019133
1	211018	0.101425
1	211020	0.101425
1	211030	0.074288
1	211038	0.060118
1	211197	0.015981
1	211291	0.061039
1	211416	0.038602
1	211428	0.015981
1	211431	0.065834
1	211442	0.003677
1	211725	0.083748
1	211728	0.014012
1	211729	0.077355
1	211732	0.082073
1	211747	0.074908
1	211764	0.123421
1	211787	0.019510
1	211796	0.026908
1	211842	0.007542
1	211861	0.103666
1	211868	0.033760
1	212068	0.010548
1	212275	0.016311
1	212296	0.011278
1	212395	0.037561
1	212440	0.108304
1	212487	0.017579
1	212509	0.043649
1	212569	0.015308
1	212619	0.008768
1	212702	0.028500
1	212729	0.010880
1	212828	0.112409
1	212832	0.030443
1	212930	0.005497
1	212938	0.034733
1	213017	0.009135
1	213065	0.010880
1	213087	0.019873
1	213108	0.019067
1	213140	0.015981
1	213144	0.039605
1	213157	0.009135
1	213189	0.093340
1	213201	0.092897
1	213223	0.019147
1	213252	0.019026
1	213293	0.027541
1	213304	0.016288
1	213323	0.003980
1	213336	0.003980
1	213357	0.436791
1	213386	0.008758
1	213415	0.015981
1	213451	0.024488
1	213478	0.012458
1	213520	0.078533
1	213529	0.004045
1	213541	0.016465
1	213543	0.087202
1	213599	0.003432
1	213614	0.033632
1	213616	0.020704
1	213623	0.004045
1	213633	0.026908
1	213641	0.019133
1	213662	0.020704
1	213665	0.013022
1	213680	0.004458
1	213687	0.025339
1	213700	0.020704
1	213708	0.005627
1	213725	0.004635
1	213734	0.052134
1	213736	0.024110
1	213747	0.065621
1	213756	0.023910
1	214068	0.008332
1	214074	0.021657
1	214089	0.003886
1	214114	0.055775
1	214135	0.074959
1	214136	0.074959
1	214155	0.010364
1	214178	0.020704
1	214181	0.048051
1	214183	0.048649
1	214267	0.010548
1	214398	0.047123
1	214422	0.020704
1	214628	0.031519
1	214638	0.024488
1	214804	0.021657
1	214841	0.022707
1	214868	0.021916
1	214887	0.029283
1	214917	0.004045
1	214987	0.020704
1	215025	0.055775
1	215061	0.022707
1	215075	0.059432
1	215105	0.651459
1	215130	0.014861
1	215174	0.652460
1	215177	0.019147
1	215186	0.019175
1	215206	0.110770
1	215211	0.025232
1	215235	0.003886
1	215259	0.011384
1	215279	0.015981
1	215281	0.025075
1	215288	0.022707
1	215325	0.019947
1	215354	0.009135
1	215488	0.048833
1	215507	0.007163
1	215558	0.010880
1	215591	0.022707
1	215611	0.112409
1	215625	0.060765
1	215690	0.015981
1	215739	0.004045
1	215760	0.511152
1	215789	0.022707
1	215807	0.055775
1	215877	0.014861
1	215890	0.017822
1	215958	0.044663
1	216065	0.020631
1	216202	0.021657
1	216232	0.013146
1	216233	0.022707
1	216263	0.027682
1	216265	0.035668
1	216311	0.049157
1	216379	0.010880
1	216430	0.019147
1	216507	0.008443
1	216643	0.025075
1	216644	0.020704
1	216654	0.060530
1	216875	0.030704
1	216898	0.003609
1	216903	0.009135
1	216923	0.004045
1	216969	0.053121
1	216978	0.055695
1	217035	0.013546
1	217056	0.003886
1	217200	0.065497
1	217228	0.003980
1	217247	0.025487
1	217262	0.052901
1	217277	0.065497
1	217303	0.061039
1	217391	0.021657
1	217438	0.092897
1	217523	0.015981
1	217602	0.060530
1	217626	0.021569
1	217643	0.052134
1	217721	0.051289
1	217745	0.065444
1	217792	0.056072
1	217793	0.008443
1	217794	0.008443
1	217796	0.012814
1	217797	0.011384
1	217815	0.056072
1	217873	0.029940
1	217874	0.013146
1	217878	0.245390
1	217883	0.056072
1	217919	0.056072
1	217930	0.003980
1	217933	0.020926
1	217949	0.051237
1	218002	0.010548
1	218026	0.046253
1	218191	0.009408
1	218209	0.036991
1	218220	0.036991
1	218242	0.036991
1	218253	0.050888
1	218259	0.050746
1	218261	0.010548
1	218363	0.042620
1	218433	0.027584
1	218446	0.027298
1	218459	0.030704
1	218471	0.022903
1	218479	0.010880
1	218501	0.010548
1	218510	0.003886
1	218512	0.030571
1	218519	0.033977
1	218523	0.010548
1	218538	0.031325
1	218628	0.031325
1	218635	0.009135
1	218705	0.003886
1	218710	0.042620
1	218745	0.021657
1	218814	0.042620
1	218936	0.056374
1	218956	0.842652
1	218968	0.038225
1	218991	0.003015
1	219000	0.042620
1	219065	0.248561
1	219076	0.020704
1	219077	0.020704
1	219098	0.240400
1	219120	0.243594
1	219150	0.243594
1	219152	0.025487
1	219167	0.216889
1	219168	0.174269
1	219185	0.042620
1	219412	0.062560
1	219619	0.020704
1	219685	0.358812
1	219776	0.010548
1	219840	0.092272
1	219881	0.116676
1	219890	0.032238
1	219923	0.065280
1	220082	0.041822
1	220083	0.052134
1	220127	0.084001
1	220235	0.084001
1	220238	0.084001
1	220278	0.020704
1	220337	0.023033
1	220350	0.116676
1	220425	0.088213
1	220756	0.037093
1	220757	0.846084
1	220808	0.016182
1	220860	0.328344
1	220934	0.004306
1	220937	0.027298
1	221007	0.013338
1	221056	0.013338
1	221060	0.024488
1	221071	0.030571
1	221073	0.033971
1	221089	0.020766
1	221127	0.030121
1	221204	0.359430
1	221268	0.038250
1	221295	0.020769
1	221311	0.010548
1	221391	0.024488
1	221430	0.008606
1	221441	0.146849
1	221452	0.054390
1	221467	0.010880
1	221606	0.300131
1	221668	0.020704
1	221682	0.304111
1	221683	0.014730
1	221700	0.304111
1	221702	0.304111
1	221712	0.304111
1	221714	0.304111
1	221761	0.173249
1	221792	0.146849
1	221800	0.004045
1	221864	0.044663
1	221965	0.022707
1	222010	0.019102
1	222019	0.009135
1	222175	0.044663
1	222223	0.029308
1	222226	0.020704
1	222379	0.003886
1	222391	0.542250
1	222444	0.316424
1	222445	0.316424
1	222475	0.314628
1	222487	0.323729
1	222488	0.318762
1	222501	0.299096
1	222502	0.303731
1	222540	0.328382
1	222553	0.116676
1	222563	0.005523
1	222592	0.003986
1	222595	0.322612
1	222598	0.026346
1	222603	0.133703
1	222616	0.325211
1	222782	0.327435
1	222797	0.327435
1	222800	0.327435
1	222821	0.450004
1	222932	0.037093
1	223037	0.304559
1	223102	0.051533
1	223138	0.052734
1	223142	0.084820
1	223147	0.445519
1	223160	0.445519
1	223171	0.213442
1	223181	0.219687
1	223192	0.221476
1	223286	0.454475
1	223306	0.846571
1	223337	0.015981
1	223349	0.003609
1	223409	0.015981
1	223471	0.013776
1	223473	0.013776
1	223506	0.009135
1	223507	0.150457
1	223516	0.150457
1	223527	0.146849
1	223623	0.275857
1	223722	0.006677
1	223725	0.006677
1	223752	0.424956
1	223779	0.006677
1	223794	0.004888
1	223800	0.570268
1	223827	0.009299
1	223852	0.010987
1	223885	0.006649
1	223979	0.024488
1	224178	0.013146
1	224372	0.007944
1	224464	0.050277
1	224466	0.084290
1	224505	0.051728
1	224534	0.043885
1	224538	0.010705
1	224576	0.008443
1	224659	0.032281
1	224743	0.032496
1	224934	0.032049
1	224978	0.095919
1	224985	0.019147
1	225000	0.655752
1	225039	0.013146
1	225129	0.583556
1	225350	0.004320
1	225410	0.003474
1	225442	0.019147
1	225543	0.028732
1	225566	0.045249
1	225595	0.004842
1	225625	0.007746
1	225675	0.027408
1	225762	0.359362
1	225782	0.017895
1	225884	0.025522
1	225936	0.177158
1	225959	0.172191
1	226046	0.164342
1	226067	0.183725
1	226165	0.117972
1	226288	0.113514
1	226366	0.532459
1	226581	0.032049
1	226591	0.007398
1	226618	0.003574
1	226741	0.114198
1	226821	0.288567
1	226826	0.015651
1	226841	0.054907
1	227123	0.061416
1	227129	0.007983
1	227238	0.007894
1	227286	0.561893
1	227337	0.009395
1	227359	0.400229
1	227482	0.090925
1	227496	0.086330
1	227526	0.100109
1	227532	0.100109
1	227534	0.044255
1	227535	0.044255
1	227553	0.034265
1	227560	0.034451
1	227599	0.025782
1	227616	0.008443
1	227715	0.020060
1	227736	0.004306
1	227742	0.010831
1	227743	0.016785
1	227747	0.012925
1	227772	0.003474
1	227796	0.023387
1	227807	0.009109
1	227809	0.019127
1	227848	0.009732
1	227851	0.004306
1	227882	0.425541
1	227924	0.009135
1	227951	0.175835
1	228010	0.102088
1	228052	0.008643
1	228087	0.085774
1	228146	0.007315
1	228152	0.004134
1	228155	0.833669
1	228156	0.009320
1	228190	0.012782
1	228193	0.012928
1	228271	0.057301
1	228304	0.038333
1	228318	0.082320
1	228320	0.012264
1	228412	0.050852
1	228431	0.048987
1	228434	0.009135
1	228453	0.046718
1	228464	0.046718
1	228511	0.007894
1	228651	0.018020
1	228656	0.036685
1	228705	0.060594
1	228706	0.023411
1	228779	0.020926
1	228791	0.047684
1	229110	0.017054
1	229163	0.014858
1	229166	0.247580
1	229202	0.008443
1	229239	0.033785
1	229349	0.108539
1	229373	0.092889
1	229402	0.010617
1	229443	0.020676
1	229570	0.013567
1	229618	0.464977
1	229672	0.019760
1	229716	0.047811
1	229748	0.108539
1	229749	0.040482
1	229751	0.081597
1	229773	0.005110
1	229794	0.004892
1	229842	0.008547
1	229963	0.006094
1	230085	0.256497
1	230259	0.037967
1	230280	0.018244
1	230317	0.013768
1	230319	0.013768
1	230325	0.017174
1	230338	0.027170
1	230392	0.020926
1	230393	0.009135
1	230450	0.009135
1	230507	0.039960
1	230595	0.026492
1	230618	0.020060
1	230633	0.017315
1	230659	0.007894
1	230676	0.040739
1	230766	0.032802
1	230768	0.041385
1	230781	0.041385
1	230828	0.096753
1	230858	0.809176
1	230873	0.041385
1	230877	0.004875
1	230937	0.041385
1	231023	0.032593
1	231078	0.007894
1	231094	0.020060
1	231152	0.007398
1	231163	0.028990
1	231263	0.007894
1	231279	0.011274
1	231503	0.054189
1	231581	0.007894
1	231674	0.101087
1	231683	0.101087
1	231744	0.157456
1	231750	0.157456
1	231774	0.157456
1	231810	0.157175
1	231873	0.004045
1	231928	0.063673
1	231941	0.063673
1	231984	0.063673
1	231985	0.100098
1	231988	0.073336
1	231991	0.063673
1	232039	0.078866
1	232048	0.114672
1	232049	0.114672
1	232079	0.051941
1	232084	0.011618
1	232107	0.071071
1	232121	0.075963
1	232164	0.045377
1	232196	0.033242
1	232258	0.033915
1	232287	0.098584
1	232292	0.202499
1	232303	0.261557
1	232318	0.003609
1	232319	0.003609
1	232334	0.167798
1	232407	0.084508
1	232419	0.016692
1	232510	0.169373
1	232531	0.645682
1	232536	0.007398
1	232546	0.157463
1	232547	0.156254
1	232592	0.082519
1	232609	0.024855
1	232610	0.080496
1	232666	0.149961
1	232672	0.018092
1	232695	0.170600
1	232698	0.030292
1	232704	0.016638
1	232705	0.016638
1	232706	0.170600
1	232722	0.170600
1	232723	0.170600
1	232740	0.170600
1	232746	0.020060
1	232754	0.170600
1	232757	0.170600
1	232785	0.170600
1	232790	0.170600
1	232832	0.299150
1	232846	0.170600
1	232860	0.007398
1	232862	0.018092
1	232953	0.009975
1	232968	0.004635
1	233094	0.833451
1	233199	0.039541
1	233313	0.787676
1	233403	0.013003
1	233534	0.685856
1	233645	0.022166
1	233740	0.016692
1	233825	0.058658
1	233835	0.069771
1	233852	0.833451
1	233904	0.089550
1	233938	0.003980
1	233972	0.018092
1	234058	0.041966
1	234059	0.024785
1	234068	0.004320
1	234171	0.055747
1	234223	0.007894
1	234321	0.024855
1	234452	0.004888
1	234489	0.008013
1	234508	0.009585
1	234692	0.005110
1	234710	0.272107
1	234807	0.153740
1	234860	0.004888
1	234880	0.099685
1	234911	0.041966
1	235005	0.097821
1	235015	0.005110
1	235018	0.082488
1	235031	0.017195
1	235100	0.013003
1	235116	0.003609
1	235122	0.081139
1	235189	0.271219
1	235369	0.086990
1	235521	0.005904
1	235579	0.008013
1	235675	0.032749
1	236043	0.787676
1	236047	0.003684
1	236241	0.003684
1	236315	0.015591
1	236355	0.013169
1	236392	0.039600
1	236573	0.018092
1	236635	0.099685
1	236680	0.360842
1	236889	0.013169
1	237189	0.089475
1	237228	0.005904
1	237306	0.008013
1	237440	0.008013
1	237473	0.005507
1	237500	0.417442
1	237788	0.039968
1	237838	0.373918
1	237881	0.009034
1	237925	0.009975
1	237930	0.005110
1	237990	0.041966
1	238008	0.003684
1	238042	0.016692
1	238052	0.028990
1	238060	0.008443
1	238083	0.007894
1	238088	0.021657
1	238096	0.003684
1	238105	0.007894
1	238109	0.007090
1	238148	0.041966
1	238241	0.016289
1	238244	0.021149
1	238259	0.006498
1	238263	0.013188
1	238275	0.028990
1	238278	0.010753
1	238280	0.161631
1	238282	0.385007
1	238296	0.089158
1	238327	0.758076
1	238330	0.041936
1	238338	0.003609
1	238344	0.041966
1	238347	0.012915
1	238348	0.109293
1	238351	0.713405
1	238357	0.003684
1	238359	0.007252
1	238364	0.020980
1	238367	0.055609
1	238368	0.008443
1	238369	0.004458
1	238383	0.825438
1	238397	0.034115
1	238414	0.032749
1	238423	0.020663
1	238424	0.774673
1	238425	0.104862
1	238426	0.003684
1	238427	0.009975
1	238444	0.003609
1	238447	0.005904
1	238481	0.003684
1	238500	0.027994
1	238525	0.024855
1	238560	0.014291
1	238561	0.019860
1	238572	0.005110
1	238587	0.024562
1	238588	0.016882
1	238600	0.003684
1	238610	0.007665
1	238612	0.045581
1	238614	0.034606
1	238635	0.003609
1	238645	0.845603
1	238654	0.841764
1	238670	0.069222
1	238708	0.033458
1	238741	0.013845
1	238752	0.810680
1	238756	0.003684
1	238792	0.114772
1	238837	0.005507
1	238839	0.016692
1	238854	0.005904
1	238863	0.051373
1	238866	0.003684
1	238869	0.030626
1	238870	0.016692
1	238913	0.033227
1	238927	0.009944
1	238928	0.067577
1	238929	0.009212
1	238968	0.004320
1	238969	0.009212
1	238983	0.028990
1	238993	0.082185
1	239002	0.028990
1	239008	0.038792
1	239028	0.020995
1	239063	0.090972
1	239068	0.007665
1	239079	0.008443
1	239109	0.029677
1	239124	0.069222
1	239155	0.005110
1	239168	0.003684
1	239170	0.035761
1	239171	0.003684
1	239187	0.006360
1	239193	0.023877
1	239196	0.026494
1	239197	0.004320
1	239203	0.069222
1	239213	0.028990
1	239219	0.082185
1	239224	0.008306
1	239228	0.077980
1	239238	0.016692
1	239250	0.026057
1	239262	0.073542
1	239264	0.004320
1	239265	0.099848
1	239270	0.077620
1	239305	0.014398
1	239323	0.005507
1	239324	0.090537
1	239348	0.040006
1	239350	0.012458
1	239354	0.100731
1	239378	0.016674
1	239385	0.006402
1	239396	0.003684
1	239492	0.028990
1	239610	0.064426
1	239657	0.364159
1	239669	0.005110
1	239680	0.109293
1	239695	0.086682
1	239739	0.059984
1	239778	0.007435
1	240018	0.144631
1	240040	0.141006
1	240061	0.361623
1	240090	0.003171
1	240180	0.184605
1	240290	0.184605
1	240345	0.184605
1	240440	0.016692
1	240462	0.010332
1	240478	0.016692
1	240503	0.009852
1	240511	0.033181
1	240619	0.008035
1	240654	0.070854
1	240686	0.279047
1	240703	0.279047
1	240704	0.279047
1	240709	0.089550
1	240721	0.070854
1	240840	0.003183
1	240927	0.016470
1	241158	0.003684
1	241166	0.024855
1	241262	0.010446
1	241264	0.024855
1	241299	0.184605
1	241395	0.037327
1	241496	0.184605
1	241628	0.184605
1	241723	0.184605
1	241750	0.184605
1	241788	0.184605
1	241928	0.004349
1	241956	0.013169
1	241968	0.187798
1	241992	0.184605
1	242064	0.184605
1	242140	0.184605
1	242160	0.184605
1	242197	0.184605
1	242250	0.216992
1	242310	0.020663
1	242323	0.184605
1	242395	0.184605
1	242422	0.028292
1	242429	0.068173
1	242437	0.189738
1	242438	0.184605
1	242504	0.184605
1	242559	0.003183
1	242603	0.056855
1	242626	0.184605
1	242640	0.219500
1	242678	0.602693
1	242844	0.012153
1	242881	0.016470
1	242911	0.223108
1	243012	0.184605
1	243221	0.181655
1	243225	0.223108
1	243303	0.184605
1	243322	0.184605
1	243373	0.184605
1	243399	0.023940
1	243447	0.028990
1	243470	0.184605
1	243503	0.180256
1	243511	0.180256
1	243520	0.019558
1	243574	0.184605
1	243619	0.184605
1	243666	0.184605
1	243759	0.007435
1	243779	0.184605
1	243829	0.184605
1	243831	0.018638
1	243851	0.013530
1	243902	0.184605
1	243914	0.184605
1	244114	0.005507
1	244152	0.006532
1	244174	0.014180
1	244330	0.022944
1	244383	0.004888
1	244479	0.008035
1	244536	0.006974
1	244555	0.058879
1	244623	0.003609
1	244737	0.013530
1	244757	0.003684
1	244848	0.002950
1	244919	0.018092
1	244975	0.109293
1	245038	0.184605
1	245061	0.004888
1	245086	0.007665
1	245112	0.176025
1	245363	0.002950
1	245416	0.174857
1	245419	0.174857
1	245432	0.174857
1	245435	0.110592
1	245439	0.046495
1	245484	0.184605
1	245546	0.012483
1	245551	0.006418
1	245558	0.070854
1	245783	0.184605
1	245788	0.369208
1	245801	0.184605
1	245804	0.180256
1	245815	0.021657
1	245820	0.180256
1	245844	0.184605
1	245871	0.179638
1	245885	0.179638
1	245916	0.018092
1	245932	0.003684
1	245957	0.179638
1	245959	0.179638
1	246004	0.003684
1	246059	0.020998
1	246084	0.179638
1	246087	0.179638
1	246110	0.179638
1	246164	0.005110
1	246165	0.080539
1	246174	0.179638
1	246294	0.175918
1	246305	0.162468
1	246308	0.162468
1	246309	0.162468
1	246414	0.004505
1	246425	0.267039
1	246450	0.601498
1	246561	0.603241
1	246794	0.458114
1	246805	0.458114
1	246808	0.005507
1	246914	0.273916
1	247065	0.457688
1	247092	0.453554
1	247120	0.449096
1	247121	0.457688
1	247154	0.453554
1	247157	0.721295
1	247175	0.003684
1	247213	0.445656
1	247216	0.012688
1	247277	0.453554
1	247284	0.054957
1	247295	0.089550
1	247312	0.453895
1	247323	0.461094
1	247357	0.461094
1	247396	0.003684
1	247400	0.453318
1	247410	0.456959
1	247484	0.552613
1	247527	0.004892
1	247533	0.012408
1	247583	0.548627
1	247683	0.195727
1	247721	0.724614
1	247789	0.724614
1	247814	0.715513
1	247850	0.716750
1	247919	0.716750
1	247920	0.716750
1	248237	0.003432
1	248261	0.819056
1	248275	0.008758
1	248437	0.837890
1	248600	0.014440
1	248695	0.013485
1	248701	0.015591
1	248718	0.089550
1	248737	0.728600
1	248754	0.025954
1	248756	0.025954
1	248773	0.017887
1	248782	0.085852
1	248794	0.008830
1	248831	0.091166
1	248852	0.073622
1	248863	0.007894
1	248868	0.082065
1	248873	0.082065
1	248895	0.082065
1	248921	0.082065
1	248931	0.044118
1	248939	0.082065
1	248950	0.008443
1	248960	0.044118
1	248982	0.007315
1	249083	0.728600
1	249112	0.027198
1	249153	0.082065
1	249201	0.082065
1	249256	0.695125
1	249322	0.082065
1	249376	0.010831
1	249384	0.639425
1	249426	0.005953
1	249435	0.039600
1	249475	0.716717
1	249479	0.620659
1	249518	0.077607
1	249525	0.707368
1	249667	0.629251
1	249686	0.009135
1	249701	0.014848
1	249734	0.723633
1	249795	0.012541
1	249796	0.012541
1	249866	0.625117
1	249885	0.634218
1	249886	0.012032
1	249891	0.634218
1	249936	0.071491
1	249937	0.634218
1	250017	0.606657
1	250096	0.605648
1	250264	0.020060
1	250291	0.696591
1	250295	0.696591
1	250339	0.004320
1	250348	0.009093
1	250356	0.012541
1	250396	0.692457
1	250405	0.386580
1	250421	0.687490
1	250478	0.696591
1	250479	0.693850
1	250560	0.082148
1	250624	0.696591
1	250634	0.272213
1	250636	0.696591
1	250637	0.696591
1	250648	0.696591
1	250650	0.696591
1	250704	0.066931
1	250718	0.696591
1	250844	0.008373
1	250860	0.696591
1	250868	0.696591
1	250874	0.696591
1	250882	0.690234
1	250891	0.696591
1	250914	0.696591
1	250918	0.690198
1	250934	0.696591
1	250951	0.614852
1	251006	0.693850
1	251010	0.089550
1	251030	0.019469
1	251041	0.693991
1	251071	0.696591
1	251087	0.019469
1	251102	0.066931
1	251145	0.590372
1	251168	0.057287
1	251210	0.073047
1	251227	0.590372
1	251256	0.584011
1	251361	0.036289
1	251426	0.013730
1	251514	0.014848
1	251584	0.590372
1	251615	0.021657
1	251634	0.039493
1	251688	0.051861
1	251692	0.584995
1	251858	0.590372
1	251878	0.585745
1	251902	0.066165
1	251905	0.590372
1	251913	0.011286
1	251971	0.512358
1	251972	0.512358
1	252028	0.012032
1	252033	0.512358
1	252040	0.512358
1	252087	0.016649
1	252095	0.512358
1	252118	0.039052
1	252194	0.057346
1	252209	0.024785
1	252212	0.078014
1	252243	0.517325
1	252322	0.011286
1	252342	0.019469
1	252344	0.019469
1	252347	0.590372
1	252349	0.590372
1	252351	0.019469
1	252367	0.005507
1	252489	0.586036
1	252500	0.016649
1	252563	0.590372
1	252568	0.012688
1	252672	0.057346
1	252722	0.147342
1	252738	0.501734
1	252751	0.492814
1	252754	0.084124
1	252768	0.492375
1	252786	0.366122
1	252790	0.506035
1	252796	0.014560
1	252800	0.802559
1	252818	0.012458
1	252838	0.009135
1	252840	0.012831
1	252841	0.204287
1	252879	0.133827
1	252911	0.131783
1	252953	0.138176
1	252964	0.012032
1	252967	0.138176
1	253061	0.133396
1	253125	0.554113
1	253135	0.115139
1	253153	0.012541
1	253201	0.024785
1	253264	0.031940
1	253289	0.520352
1	253327	0.074112
1	253330	0.564292
1	253352	0.003171
1	253378	0.012458
1	253464	0.009585
1	253484	0.009135
1	253519	0.005904
1	253520	0.005904
1	253588	0.070399
1	253601	0.837890
1	253606	0.822299
1	253628	0.009585
1	253741	0.111111
1	253742	0.086356
1	253832	0.111111
1	253929	0.278357
1	253932	0.278357
1	253933	0.278357
1	253936	0.021797
1	254004	0.670867
1	254018	0.027717
1	254117	0.036289
1	254311	0.077105
1	254325	0.028990
1	254329	0.023927
1	254380	0.077105
1	254427	0.020060
1	254478	0.009135
1	254527	0.054812
1	254536	0.111111
1	254556	0.138256
1	254558	0.138256
1	254577	0.148402
1	254638	0.003171
1	254640	0.011539
1	254646	0.077105
1	254683	0.070399
1	254712	0.011636
1	254718	0.130746
1	254841	0.004458
1	254848	0.021797
1	254873	0.014171
1	254932	0.071797
1	254933	0.067402
1	254962	0.071041
1	255056	0.054812
1	255103	0.006974
1	255131	0.009252
1	255151	0.009585
1	255284	0.070399
1	255333	0.687695
1	255335	0.035345
1	255349	0.068090
1	255355	0.837890
1	255370	0.023459
1	255754	0.008794
1	255770	0.016070
1	255797	0.021797
1	255835	0.009585
1	255838	0.019558
1	255849	0.695802
1	255868	0.008335
1	255869	0.705603
1	255885	0.194110
1	255894	0.011501
1	255901	0.009548
1	255913	0.012458
1	255920	0.023025
1	255927	0.705603
1	255935	0.012242
1	255953	0.154620
1	255957	0.064006
1	256002	0.429652
1	256030	0.063048
1	256039	0.485085
1	256080	0.014848
1	256092	0.016070
1	256174	0.022047
1	256615	0.009251
1	256622	0.019259
1	256626	0.063673
1	256627	0.053085
1	256635	0.084982
1	256644	0.020159
1	256645	0.009902
1	256651	0.012464
1	256670	0.004458
1	256672	0.038882
1	256677	0.024650
1	256689	0.024034
1	256692	0.135478
1	256705	0.834589
1	256708	0.044048
1	256722	0.019469
1	256732	0.003432
1	256747	0.044048
1	256774	0.046424
1	256796	0.755029
1	256810	0.019469
1	256843	0.016070
1	256897	0.019430
1	256951	0.011285
1	256969	0.050032
1	256998	0.020220
1	257074	0.009251
1	257128	0.223497
1	257153	0.004157
1	257354	0.106218
1	257431	0.028836
1	257448	0.031739
1	257464	0.012458
1	257483	0.049633
1	257516	0.004349
1	257554	0.028836
1	257555	0.009667
1	257560	0.040068
1	257569	0.004349
1	257573	0.009251
1	257585	0.004596
1	257612	0.028836
1	257624	0.014088
1	257638	0.024650
1	257649	0.009251
1	258759	0.057702
1	258760	0.057702
1	258761	0.010831
1	258762	0.010831
1	258764	0.010831
1	258776	0.013084
1	258899	0.061936
1	258960	0.003574
1	259124	0.028990
1	259200	0.051971
1	259248	0.023459
1	259259	0.003395
1	259281	0.015848
1	259328	0.019469
1	259353	0.014262
1	259412	0.013592
1	259418	0.116258
1	259439	0.009135
1	259456	0.004241
1	259513	0.175006
1	259514	0.049715
1	259547	0.040432
1	259548	0.027198
1	259753	0.139630
1	259801	0.026126
1	259953	0.189092
1	259973	0.013592
1	260010	0.392762
1	260115	0.044786
1	260128	0.021777
1	260132	0.021777
1	260344	0.021777
1	260347	0.004569
1	260377	0.027937
1	260496	0.263848
1	260593	0.136231
1	260611	0.004320
1	260709	0.118958
1	260767	0.048559
1	260832	0.136231
1	260887	0.021657
1	260888	0.020498
1	260958	0.120701
1	260999	0.004569
1	261000	0.004569
1	261036	0.120701
1	261041	0.120701
1	261078	0.120191
1	261079	0.120191
1	261080	0.120191
1	261114	0.114476
1	261167	0.021797
1	261197	0.095750
1	261206	0.124586
1	261217	0.009865
1	261240	0.124586
1	261272	0.004320
1	261283	0.006094
1	261312	0.036858
1	261322	0.124586
1	261331	0.124586
1	261356	0.124586
1	261357	0.124586
1	261358	0.124586
1	261389	0.009251
1	261395	0.009135
1	261407	0.044786
1	261416	0.124586
1	261433	0.124586
1	261446	0.124586
1	261447	0.124586
1	261496	0.154884
1	261540	0.013084
1	261549	0.015002
1	261602	0.011860
1	261654	0.011274
1	261665	0.011701
1	261768	0.003574
1	261773	0.368265
1	261830	0.264577
1	261869	0.032954
1	261898	0.837890
1	261932	0.302071
1	262034	0.021797
1	262148	0.134373
1	262187	0.020496
1	262228	0.081096
1	262277	0.061943
1	262287	0.021797
1	262360	0.003400
1	262362	0.043318
1	262384	0.004306
1	262390	0.258037
1	262391	0.251567
1	262419	0.043776
1	262424	0.026179
1	262449	0.105562
1	262459	0.058335
1	262462	0.023566
1	262572	0.026179
1	262585	0.008443
1	262628	0.003574
1	262629	0.003574
1	262631	0.333717
1	262666	0.325419
1	262667	0.024912
1	262864	0.173799
1	262947	0.173799
1	262976	0.119428
1	262996	0.168355
1	263033	0.003574
1	263164	0.071259
1	263200	0.008643
1	263223	0.005145
1	263246	0.009135
1	263266	0.014557
1	263308	0.014341
1	263377	0.027937
1	263657	0.032092
1	263662	0.020496
1	263665	0.009667
1	263787	0.575813
1	263812	0.071793
1	263831	0.048559
1	263834	0.009135
1	263880	0.388593
1	263887	0.021025
1	263895	0.388593
1	263958	0.010831
1	263964	0.388593
1	263971	0.032092
1	264051	0.005145
1	264053	0.026920
1	264185	0.155018
1	264236	0.023032
1	264249	0.361968
1	264331	0.009251
1	264356	0.003574
1	264401	0.010332
1	264419	0.032092
1	264441	0.014947
1	264474	0.003574
1	264485	0.012718
1	264511	0.361968
1	264571	0.004888
1	264581	0.010831
1	264594	0.361968
1	264600	0.361968
1	264623	0.169917
1	264624	0.845182
1	264625	0.845182
1	264633	0.771355
1	264715	0.032092
1	264725	0.003574
1	264749	0.515493
1	264771	0.004320
1	264845	0.366935
1	264908	0.004320
1	264971	0.366935
1	264983	0.038350
1	265042	0.048017
1	265099	0.361968
1	265147	0.038779
1	265161	0.031786
1	265278	0.048017
1	265282	0.032092
1	265303	0.371496
1	265324	0.009667
1	265489	0.127622
1	265554	0.520053
1	265611	0.845182
1	265649	0.127622
1	265667	0.008586
1	265684	0.123642
1	265703	0.009251
1	265740	0.027937
1	265877	0.010332
1	265895	0.023032
1	265927	0.146637
1	266006	0.004134
1	266013	0.115785
1	266061	0.008022
1	266063	0.127622
1	266078	0.044786
1	266111	0.121229
1	266144	0.008586
1	266159	0.807069
1	266186	0.038350
1	266191	0.081096
1	266233	0.021657
1	266246	0.003574
1	266254	0.200685
1	266263	0.117674
1	266330	0.036984
1	266331	0.036984
1	266444	0.004888
1	266462	0.014250
1	266510	0.039808
1	266535	0.027937
1	266545	0.007961
1	266592	0.028990
1	266716	0.020496
1	266722	0.020496
1	266733	0.478130
1	266771	0.136757
1	266780	0.027937
1	266808	0.136757
1	266815	0.128798
1	266834	0.122507
1	266838	0.132516
1	266846	0.511134
1	266890	0.136757
1	266893	0.136757
1	266894	0.136757
1	266912	0.136757
1	266922	0.136757
1	266931	0.014046
1	266939	0.131130
1	266943	0.128978
1	267022	0.124959
1	267054	0.006360
1	267072	0.118944
1	267238	0.004320
1	267251	0.470426
1	267265	0.016070
1	267280	0.132437
1	267281	0.132437
1	267295	0.136757
1	267352	0.453359
1	267394	0.136757
1	267413	0.047362
1	267458	0.136757
1	267471	0.136757
1	267503	0.023334
1	267577	0.132308
1	267584	0.013730
1	267588	0.143963
1	267613	0.143963
1	267695	0.132871
1	267718	0.005145
1	267788	0.027937
1	267817	0.071942
1	267822	0.008586
1	267828	0.004320
1	267868	0.071043
1	267881	0.094763
1	267892	0.071043
1	267894	0.027937
1	267913	0.061375
1	267925	0.853759
1	267933	0.019685
1	267956	0.016882
1	267982	0.788726
1	267986	0.133183
1	267998	0.133183
1	268004	0.133183
1	268014	0.031113
1	268024	0.133183
1	268124	0.133183
1	268129	0.009251
1	268234	0.031361
1	268235	0.133183
1	268262	0.133183
1	268291	0.003574
1	268324	0.007983
1	268378	0.133183
1	268413	0.024459
1	268641	0.081096
1	268652	0.012718
1	268653	0.017067
1	268656	0.125927
1	268664	0.133183
1	268665	0.011274
1	268677	0.133183
1	268686	0.133183
1	268829	0.075652
1	268853	0.133183
1	268892	0.004320
1	268895	0.017315
1	268967	0.033696
1	269024	0.138150
1	269029	0.016070
1	269038	0.014046
1	269051	0.128788
1	269059	0.133183
1	269130	0.133183
1	269135	0.129203
1	269248	0.009135
1	269259	0.091420
1	269283	0.853759
1	269343	0.031786
1	269382	0.133183
1	269445	0.039132
1	269449	0.006094
1	269514	0.081096
1	269515	0.130168
1	269516	0.133183
1	269520	0.124494
1	269524	0.174435
1	269547	0.174435
1	269564	0.133183
1	269595	0.004320
1	269596	0.307618
1	269628	0.302651
1	269680	0.169468
1	269697	0.169468
1	269706	0.012718
1	269729	0.139428
1	269797	0.006472
1	269835	0.021918
1	269888	0.035360
1	269908	0.014046
1	269916	0.004320
1	269944	0.012718
1	270131	0.042299
1	270148	0.020020
1	270458	0.850458
1	270473	0.036067
1	270630	0.012718
1	270633	0.003886
1	270642	0.022751
1	270645	0.078707
1	270737	0.038797
1	270746	0.051516
1	270794	0.004320
1	270818	0.049870
1	270821	0.004306
1	270822	0.005145
1	270823	0.009975
1	270839	0.004653
1	270845	0.780440
1	270922	0.009135
1	270933	0.010332
1	270982	0.008586
1	271007	0.013145
1	271034	0.013730
1	271050	0.539014
1	271075	0.081571
1	271108	0.028990
1	271130	0.234806
1	271144	0.234806
1	271317	0.016070
1	271327	0.049386
1	271330	0.010332
1	271358	0.016070
1	271407	0.078707
1	271416	0.780440
1	271459	0.004320
1	271678	0.041437
1	271774	0.032573
1	271873	0.078707
1	271878	0.005953
1	271916	0.017195
1	271917	0.075003
1	272028	0.031770
1	272101	0.780440
1	272122	0.028990
1	272420	0.011860
1	272470	0.031786
1	272472	0.016070
1	272488	0.010112
1	272496	0.004320
1	272514	0.041437
1	272637	0.016070
1	272907	0.013025
1	273005	0.010831
1	273016	0.074822
1	273363	0.069757
1	273416	0.003609
1	273654	0.004967
1	273714	0.004219
1	273746	0.023334
1	273777	0.012718
1	273787	0.027937
1	273872	0.008067
1	273989	0.078707
1	274034	0.003886
1	274110	0.063433
1	274180	0.078707
1	274270	0.008586
1	274342	0.074822
1	274364	0.078707
1	274468	0.047362
1	274481	0.017315
1	274492	0.078707
1	274514	0.031647
1	274527	0.074822
1	274541	0.003886
1	274562	0.010446
1	274629	0.780440
1	274650	0.045986
1	274652	0.031786
1	274805	0.017195
1	274842	0.078707
1	274913	0.009667
1	274976	0.016070
1	274991	0.041437
1	275000	0.003886
1	275021	0.078707
1	275043	0.078707
1	275073	0.016882
1	275087	0.006974
1	275147	0.275253
1	275154	0.009667
1	275285	0.781136
1	275286	0.012718
1	275291	0.510410
1	275324	0.083449
1	275345	0.031770
1	275356	0.070892
1	275460	0.078707
1	275473	0.004306
1	275488	0.078707
1	275504	0.510410
1	275539	0.078707
1	275602	0.078707
1	275624	0.839721
1	275703	0.003886
1	275915	0.017195
1	275930	0.078707
1	275938	0.780440
1	276043	0.011528
1	276097	0.006445
1	276208	0.003886
1	276216	0.003886
1	276223	0.075133
1	276225	0.078707
1	276240	0.078707
1	276284	0.074822
1	276310	0.074822
1	276326	0.074822
1	276343	0.074822
1	276373	0.074822
1	276423	0.027484
1	276493	0.078707
1	276543	0.016070
1	276590	0.023441
1	276649	0.078707
1	276678	0.074822
1	276698	0.033165
1	276722	0.006445
1	276727	0.074822
1	276750	0.074822
1	276760	0.006360
1	276803	0.078707
1	277010	0.027937
1	277014	0.078707
1	277046	0.008586
1	277207	0.028226
1	277226	0.078707
1	277301	0.075133
1	277322	0.036132
1	277333	0.078707
1	277389	0.078707
1	277453	0.078707
1	277486	0.078707
1	277609	0.041437
1	277613	0.566718
1	277614	0.078707
1	277628	0.078707
1	277637	0.078707
1	277639	0.070892
1	277645	0.078707
1	277648	0.078707
1	277659	0.769051
1	277663	0.004497
1	277713	0.078707
1	277738	0.012718
1	277742	0.078707
1	277751	0.078707
1	277772	0.078707
1	277779	0.078707
1	277807	0.078707
1	277810	0.017315
1	277847	0.626730
1	277867	0.078707
1	277874	0.078707
1	277908	0.078707
1	278008	0.075003
1	278080	0.078707
1	278083	0.075003
1	278084	0.075003
1	278090	0.071436
1	278192	0.031770
1	278229	0.027937
1	278298	0.014046
1	278312	0.019431
1	278319	0.078707
1	278320	0.527587
1	278363	0.012718
1	278383	0.042299
1	278486	0.009827
1	278556	0.785022
1	278566	0.153710
1	278572	0.009135
1	278575	0.004320
1	278674	0.078707
1	278711	0.021657
1	278712	0.148082
1	278734	0.153710
1	278754	0.078707
1	278777	0.078707
1	278781	0.078707
1	278825	0.010446
1	278842	0.069374
1	278843	0.078707
1	278846	0.078707
1	278849	0.004306
1	278851	0.011701
1	278861	0.078707
1	278872	0.005904
1	278897	0.078707
1	278905	0.078707
1	278911	0.013025
1	279000	0.148082
1	279045	0.120145
1	279049	0.033265
1	279113	0.075003
1	279126	0.150144
1	279135	0.153710
1	279139	0.153710
1	279160	0.075003
1	279170	0.078707
1	279188	0.153710
1	279193	0.010112
1	279208	0.075003
1	279256	0.075003
1	279301	0.028990
1	279382	0.078707
1	279395	0.028990
1	279435	0.150760
1	279462	0.153710
1	279469	0.075003
1	279478	0.148082
1	279497	0.008586
1	279531	0.078707
1	279550	0.069374
1	279655	0.075757
1	279694	0.078707
1	279701	0.074466
1	279707	0.074466
1	279770	0.011274
1	279772	0.065808
1	279841	0.071436
1	279847	0.071436
1	279859	0.081096
1	279917	0.071436
1	279919	0.071436
1	280139	0.153710
1	280148	0.041437
1	280175	0.075003
1	280217	0.075003
1	280276	0.153710
1	280394	0.153710
1	280410	0.153710
1	280417	0.075003
1	280430	0.079352
1	280441	0.078707
1	280584	0.081571
1	280596	0.153710
1	280603	0.014046
1	280609	0.153710
1	280636	0.075003
1	280702	0.153710
1	280712	0.075003
1	280725	0.012718
1	280786	0.158602
1	280800	0.045890
1	280815	0.075003
1	280851	0.145132
1	280930	0.150760
1	280939	0.078707
1	281034	0.043382
1	281038	0.153710
1	281132	0.078707
1	281160	0.148082
1	281203	0.153710
1	281210	0.078707
1	281265	0.780440
1	281268	0.010831
1	281312	0.153710
1	281352	0.149825
1	281364	0.026078
1	281366	0.149825
1	281370	0.149825
1	281485	0.045024
1	281495	0.153710
1	281496	0.075003
1	281533	0.075003
1	281542	0.153710
1	281547	0.153710
1	281568	0.024459
1	281612	0.153710
1	281614	0.075003
1	281655	0.153710
1	281727	0.144508
1	281735	0.022654
1	281754	0.148082
1	281775	0.148082
1	281782	0.148082
1	281863	0.153710
1	281902	0.078707
1	281914	0.153710
1	281930	0.153710
1	281932	0.153710
1	281933	0.566718
1	282030	0.012718
1	282055	0.075003
1	282061	0.075003
1	282068	0.009667
1	282074	0.028836
1	282080	0.027198
1	282164	0.006677
1	282175	0.003574
1	282236	0.071516
1	282251	0.008334
1	282264	0.004320
1	282280	0.153710
1	282313	0.075003
1	282346	0.078707
1	282356	0.153710
1	282357	0.075003
1	282427	0.153710
1	282476	0.153710
1	282577	0.078707
1	282683	0.027937
1	282689	0.153710
1	282713	0.022654
1	282757	0.153710
1	282805	0.153710
1	282827	0.070893
1	283029	0.075003
1	283060	0.075003
1	283077	0.075003
1	283094	0.003886
1	283155	0.320762
1	283252	0.084804
1	283376	0.033165
1	283377	0.084804
1	283382	0.084804
1	283418	0.084804
1	283426	0.084804
1	283485	0.078707
1	283540	0.004134
1	283565	0.163512
1	283577	0.004134
1	283580	0.159626
1	283582	0.163512
1	283616	0.074466
1	283619	0.070018
1	283621	0.074466
1	283631	0.069374
1	283634	0.078707
1	283645	0.004134
1	283681	0.003574
1	283695	0.045998
1	283699	0.210235
1	283718	0.078707
1	283723	0.614420
1	283751	0.078707
1	283796	0.157883
1	283900	0.163512
1	283968	0.006360
1	284043	0.043382
1	284094	0.614420
1	284148	0.024059
1	284187	0.784596
1	284196	0.012718
1	284239	0.084804
1	284269	0.022751
1	284280	0.003574
1	284311	0.003574
1	284328	0.157883
1	284330	0.163512
1	284347	0.163512
1	284411	0.163512
1	284419	0.163512
1	284444	0.163512
1	284486	0.075757
1	284495	0.075757
1	284539	0.012718
1	284546	0.084804
1	284585	0.079176
1	284593	0.089045
1	284594	0.004241
1	284600	0.091302
1	284609	0.008127
1	284641	0.092931
1	284671	0.084804
1	284672	0.079176
1	284678	0.075003
1	284692	0.010112
1	284708	0.016070
1	284719	0.084804
1	284722	0.008127
1	284766	0.013146
1	284768	0.075003
1	284815	0.081571
1	284862	0.067630
1	284881	0.084804
1	284892	0.008127
1	284904	0.083034
1	284909	0.084804
1	284989	0.518313
1	285004	0.006498
1	285034	0.084804
1	285039	0.084804
1	285041	0.084804
1	285069	0.008127
1	285111	0.567413
1	285132	0.031786
1	285137	0.079176
1	285142	0.079176
1	285145	0.079176
1	285151	0.079176
1	285160	0.022654
1	285196	0.033165
1	285216	0.036989
1	285254	0.014046
1	285257	0.079176
1	285345	0.084804
1	285384	0.084804
1	285392	0.079176
1	285393	0.084804
1	285416	0.079176
1	285418	0.079176
1	285432	0.079176
1	285525	0.087303
1	285596	0.012718
1	285658	0.027937
1	285716	0.084804
1	285729	0.781396
1	285812	0.092931
1	285820	0.087927
1	285857	0.031786
1	285871	0.009667
1	285874	0.084804
1	285888	0.092931
1	285998	0.092931
1	286029	0.773240
1	286044	0.084804
1	286089	0.005922
1	286142	0.008127
1	286157	0.084804
1	286208	0.008127
1	286314	0.006677
1	286335	0.004439
1	286336	0.004439
1	286361	0.016070
1	286390	0.063833
1	286403	0.084804
1	286520	0.084804
1	286605	0.008127
1	286609	0.084804
1	286648	0.228957
1	286652	0.023441
1	286696	0.084804
1	286846	0.008127
1	286856	0.055024
1	286895	0.092931
1	287147	0.027937
1	287160	0.781396
1	287178	0.084804
1	287194	0.027937
1	287365	0.084804
1	287386	0.017263
1	287556	0.498896
1	287569	0.006744
1	287574	0.017195
1	287913	0.009135
1	287930	0.012718
1	287963	0.079176
1	288030	0.003886
1	288363	0.008067
1	288381	0.017195
1	288548	0.596107
1	288555	0.084804
1	288556	0.008127
1	288561	0.063833
1	288570	0.008586
1	288748	0.014046
1	289037	0.091197
1	289135	0.027937
1	289155	0.084804
1	289164	0.042299
1	289175	0.084804
1	289260	0.513122
1	289422	0.003609
1	289627	0.003886
1	289652	0.092931
1	289687	0.017195
1	289688	0.003574
1	289690	0.013730
1	289782	0.031786
1	289857	0.839721
1	289861	0.092931
1	289871	0.063433
1	289902	0.092931
1	290022	0.012718
1	290043	0.012718
1	290158	0.010831
1	290386	0.008127
1	290441	0.023459
1	290554	0.681789
1	290689	0.683883
1	290788	0.692010
1	290823	0.008127
1	290885	0.022654
1	290910	0.008127
1	290938	0.004134
1	290993	0.017195
1	291008	0.587521
1	291049	0.008127
1	291081	0.017195
1	291086	0.008127
1	291122	0.008127
1	291135	0.682469
1	291136	0.682469
1	291184	0.016070
1	291208	0.027937
1	291236	0.012718
1	291245	0.017195
1	291333	0.008758
1	291334	0.008758
1	291363	0.733447
1	291378	0.063833
1	291408	0.008127
1	291506	0.008127
1	291578	0.006677
1	291602	0.776814
1	291680	0.003886
1	291689	0.059257
1	291737	0.193616
1	291751	0.016070
1	291765	0.776814
1	291772	0.021657
1	291796	0.839721
1	291810	0.027937
1	291814	0.576447
1	291817	0.063433
1	291827	0.010112
1	291835	0.040656
1	291843	0.004157
1	291863	0.014473
1	291869	0.026863
1	291874	0.043367
1	291875	0.016978
1	291891	0.004306
1	291896	0.090183
1	291898	0.143984
1	291903	0.024059
1	291915	0.031786
1	291917	0.007249
1	291928	0.003886
1	291931	0.022386
1	291933	0.016364
1	291938	0.031410
1	291945	0.030683
1	291950	0.014368
1	291957	0.012176
1	291960	0.004320
1	291968	0.040113
1	291971	0.003886
1	291981	0.038987
1	291986	0.031770
1	291989	0.055024
1	291992	0.008764
1	291994	0.035655
1	292001	0.003886
1	292011	0.003886
1	292015	0.012718
1	292034	0.037050
1	292038	0.031786
1	292048	0.036310
1	292055	0.013730
1	292058	0.061339
1	292079	0.010136
1	292084	0.021534
1	292101	0.008541
1	292103	0.063833
1	292110	0.601019
1	292115	0.024261
1	292120	0.016466
1	292124	0.031770
1	292133	0.024261
1	292138	0.712348
1	292147	0.038989
1	292170	0.003574
1	292179	0.029914
1	292184	0.009667
1	292193	0.010446
1	292202	0.016070
1	292206	0.022751
1	292209	0.003574
1	292216	0.008127
1	292218	0.002508
1	292239	0.020173
1	292250	0.007520
1	292252	0.038231
1	292256	0.003886
1	292258	0.017794
1	292269	0.018439
1	292277	0.592802
1	292278	0.501574
1	292288	0.017195
1	292306	0.031770
1	292309	0.013709
1	292336	0.027884
1	292338	0.019431
1	292340	0.151723
1	292362	0.013485
1	292365	0.004320
1	292368	0.081913
1	292381	0.084286
1	292384	0.027013
1	292386	0.006498
1	292387	0.784553
1	292393	0.025321
1	292409	0.003574
1	292415	0.013730
1	292417	0.010112
1	292421	0.018827
1	292426	0.063433
1	292436	0.004439
1	292448	0.008127
1	292453	0.012961
1	292459	0.031652
1	292464	0.031770
1	292468	0.029388
1	292475	0.008716
1	292479	0.004320
1	292483	0.028990
1	292484	0.139572
1	292485	0.008443
1	292487	0.059257
1	292495	0.745045
1	292502	0.008127
1	292503	0.069086
1	292504	0.007597
1	292508	0.020669
1	292510	0.003886
1	292513	0.063833
1	292520	0.781396
1	292522	0.051433
1	292524	0.283200
1	292550	0.009948
1	292551	0.004306
1	292554	0.004134
1	292556	0.008586
1	292569	0.059257
1	292576	0.031786
1	292583	0.008586
1	292592	0.043367
1	292598	0.016070
1	292619	0.003574
1	292631	0.021657
1	292637	0.088221
1	292661	0.032876
1	292664	0.005145
1	292666	0.156179
1	292670	0.011735
1	292671	0.776814
1	292698	0.092320
1	292708	0.016070
1	292718	0.016070
1	292737	0.039664
1	292739	0.027937
1	292767	0.008127
1	292840	0.043382
1	292896	0.087927
1	292901	0.265987
1	292907	0.003886
1	292925	0.004320
1	292995	0.004320
1	292997	0.002960
1	293058	0.004320
1	293071	0.031786
1	293103	0.167408
1	293220	0.009251
1	293261	0.021657
1	293263	0.037742
1	293266	0.017540
1	293313	0.209517
1	293348	0.020446
1	293391	0.037023
1	293423	0.012718
1	293558	0.019431
1	293698	0.028990
1	293722	0.102550
1	293727	0.077644
1	293768	0.099535
1	293800	0.094711
1	293803	0.098230
1	293809	0.102550
1	293810	0.102550
1	293873	0.009975
1	294019	0.071424
1	294050	0.004320
1	294051	0.012718
1	294063	0.004320
1	294093	0.184292
1	294124	0.015589
1	294164	0.071424
1	294216	0.095633
1	294397	0.050653
1	294464	0.006677
1	294494	0.008500
1	294503	0.023422
1	294523	0.003609
1	294545	0.106933
1	294579	0.019431
1	294665	0.022654
1	294695	0.010946
1	294708	0.023459
1	294756	0.023459
1	294889	0.067120
1	294891	0.067120
1	294896	0.063714
1	294899	0.401604
1	294913	0.094412
1	294969	0.996154
1	295031	0.009697
1	295112	0.012718
1	295164	0.048894
1	295179	0.007894
1	295207	0.012464
1	295213	0.013796
1	295294	0.036110
1	295355	0.007894
1	295442	0.007571
1	295463	0.010112
1	295561	0.040973
1	295694	0.008807
1	295753	0.021657
1	295817	0.012718
1	295836	0.022654
1	295867	0.073849
1	295937	0.006498
1	295980	0.051335
1	295996	0.027345
1	296021	0.014054
1	296125	0.022035
1	296205	0.063583
1	296271	0.007923
1	296314	0.169616
1	296341	0.003574
1	296388	0.036110
1	296582	0.013025
1	296590	0.021657
1	296610	0.014312
1	296616	0.014046
1	296724	0.685562
1	296725	0.316420
1	296776	0.173125
1	296785	0.013617
1	296800	0.013617
1	296945	0.009975
1	297043	0.146571
1	297107	0.008586
1	297143	0.013409
1	297284	0.019642
1	297381	0.005377
1	297457	0.013191
1	297462	0.009135
1	297488	0.017373
1	297497	0.012718
1	297517	0.011688
1	297566	0.004320
1	297738	0.019642
1	297769	0.010831
1	297791	0.013191
1	297814	0.219466
1	297835	0.019642
1	297897	0.004157
1	297913	0.014054
1	297946	0.685562
1	297998	0.021657
1	298081	0.021657
1	298086	0.380397
1	298121	0.004134
1	298181	0.005616
1	298221	0.685562
1	298275	0.036110
1	298287	0.036110
1	298290	0.050718
1	298299	0.020480
1	298376	0.004823
1	298499	0.021025
1	298528	0.009975
1	298531	0.003609
1	298533	0.009726
1	298554	0.014246
1	298560	0.013025
1	298563	0.053286
1	298588	0.008500
1	298614	0.681878
1	298669	0.021657
1	298752	0.019642
1	298759	0.019642
1	298773	0.014054
1	298800	0.045890
1	298854	0.014054
1	298907	0.027937
1	298944	0.004320
1	298998	0.012718
1	299009	0.010114
1	299088	0.004134
1	299106	0.008586
1	299234	0.011688
1	299330	0.005377
1	299338	0.083845
1	299439	0.685562
1	299440	0.685562
