locus_id,arm,rep,chrom,pos,ins_bp,hits_obs,hits_exp,hits_enrich,hits_p,any_sites_obs,any_sites_exp,any_sites_enrich,any_sites_p,fam_sites_obs,fam_sites_exp,fam_sites_enrich,fam_sites_p
Chr3_11895525,genomic,1,Chr3,1026288,54,1,4.27,0.23,0.8317,1,1.11,0.9,0.8317,1,1.76,0.57,0.8317
Chr3_11895525,genomic,2,Chr5,2506413,54,3,4.81,0.62,0.4752,2,1.07,1.87,0.2475,3,1.84,1.63,0.2772
Chr3_11895525,genomic,3,Chr5,12684129,54,10,4.96,2.02,0.198,1,1.15,0.87,0.8515,2,2.2,0.91,0.6238
Chr3_11895525,te,1,Chr5,16642332,54,7,4.3,1.63,0.2574,2,1.11,1.8,0.2178,4,1.99,2.01,0.1683
Chr3_11895525,te,2,Chr1,25245681,54,1,6.06,0.17,0.9109,1,1.23,0.81,0.9109,1,2.05,0.49,0.9109
Chr3_11895525,te,3,Chr5,13055705,54,3,7.12,0.42,0.7525,1,1.27,0.79,0.9307,3,3.02,0.99,0.5545
Chr3_16279305,genomic,1,Chr2,11726865,672,159,79.18,2.01,0.0396,16,13.98,1.14,0.2772,34,28.77,1.18,0.2079
Chr3_16279305,genomic,2,Chr2,4858430,672,93,76.86,1.21,0.2772,16,14.52,1.1,0.3267,27,30.26,0.89,0.6832
Chr3_16279305,genomic,3,Chr3,19723848,672,90,73.84,1.22,0.2475,11,13.67,0.8,0.9307,39,27.47,1.42,0.0297
Chr3_16279305,te,1,Chr4,11112042,672,143,85.32,1.68,0.0792,14,13.35,1.05,0.4356,30,26.34,1.14,0.2772
Chr3_16279305,te,2,Chr3,5839187,672,96,98.74,0.97,0.5644,16,14.86,1.08,0.3861,32,36.22,0.88,0.7624
Chr3_16279305,te,3,Chr5,13545553,672,99,72.45,1.37,0.1287,11,15.02,0.73,0.9802,61,30.82,1.98,0.0099
Chr3_17476013,genomic,1,Chr1,12707013,1012,133,132.51,1.0,0.505,17,22.26,0.76,0.9802,42,50.19,0.84,0.8416
Chr3_17476013,genomic,2,Chr4,9577764,1012,66,115.27,0.57,0.9604,21,21.48,0.98,0.6337,40,41.6,0.96,0.6238
Chr3_17476013,genomic,3,Chr2,18155639,1012,151,111.21,1.36,0.0792,22,21.22,1.04,0.4653,53,43.13,1.23,0.0891
Chr3_17476013,te,1,Chr1,5530850,1012,138,126.9,1.09,0.3069,22,22.01,1.0,0.5545,46,49.26,0.93,0.703
Chr3_17476013,te,2,Chr5,20418627,1012,160,126.38,1.27,0.2079,22,21.77,1.01,0.5248,47,48.18,0.98,0.5842
Chr3_17476013,te,3,Chr5,12157206,1012,114,112.45,1.01,0.4554,17,20.53,0.83,0.9406,48,42.86,1.12,0.198
Chr2_18114766,genomic,1,Chr1,1019970,777,75,86.19,0.87,0.6337,13,16.36,0.79,0.9505,31,32.77,0.95,0.6337
Chr2_18114766,genomic,2,Chr5,23220241,777,80,85.85,0.93,0.495,17,15.98,1.06,0.396,36,32.81,1.1,0.3564
Chr2_18114766,genomic,3,Chr1,13044309,777,90,114.63,0.79,0.8713,15,16.77,0.89,0.802,40,43.79,0.91,0.7327
Chr2_18114766,te,1,Chr1,9807427,777,89,93.35,0.95,0.5545,15,16.42,0.91,0.7723,38,35.64,1.07,0.3663
Chr2_18114766,te,2,Chr1,24798210,777,78,107.45,0.73,0.8416,17,17.07,1.0,0.604,33,40.31,0.82,0.8614
Chr2_18114766,te,3,Chr1,14370833,777,39,73.59,0.53,0.9109,14,15.48,0.9,0.8317,24,28.63,0.84,0.7921
Chr4_4995761,genomic,1,Chr2,2677767,4530,891,520.12,1.71,0.0099,92,93.76,0.98,0.6337,255,186.4,1.37,0.0099
Chr4_4995761,genomic,2,Chr2,5627866,4530,498,494.72,1.01,0.4554,90,94.19,0.96,0.7822,210,184.96,1.14,0.0495
Chr4_4995761,genomic,3,Chr1,12826959,4530,493,550.85,0.89,0.7921,90,97.68,0.92,0.9505,199,207.25,0.96,0.6931
Chr4_4995761,te,1,Chr3,14823542,4530,477,510.78,0.93,0.6337,103,94.7,1.09,0.0396,221,188.28,1.17,0.0297
Chr4_4995761,te,2,Chr2,6423605,4530,473,468.72,1.01,0.4554,101,93.18,1.08,0.1683,214,179.67,1.19,0.0396
Chr4_4995761,te,3,Chr2,1781555,4530,567,464.53,1.22,0.099,82,93.14,0.88,0.9802,185,172.99,1.07,0.1584
Chr5_12385518,genomic,1,Chr2,11684724,719,291,87.29,3.33,0.0099,14,15.35,0.91,0.7822,54,33.64,1.61,0.0297
Chr5_12385518,genomic,2,Chr4,17463959,719,104,93.47,1.11,0.2871,16,15.69,1.02,0.5248,42,34.99,1.2,0.1881
Chr5_12385518,genomic,3,Chr5,4594793,719,69,72.41,0.95,0.4851,16,14.35,1.11,0.2871,28,26.84,1.04,0.4455
Chr5_12385518,te,1,Chr2,8414665,719,87,86.12,1.01,0.4752,17,15.72,1.08,0.3564,37,35.07,1.06,0.3663
Chr5_12385518,te,2,Chr5,8404353,719,124,102.08,1.21,0.2574,14,15.98,0.88,0.8911,43,37.21,1.16,0.2673
Chr5_12385518,te,3,Chr2,8437653,719,91,100.08,0.91,0.5743,15,16.0,0.94,0.7327,44,38.29,1.15,0.1881
Chr4_6273282,genomic,1,Chr2,14908342,7341,1283,802.16,1.6,0.0099,156,153.91,1.01,0.396,373,306.58,1.22,0.0099
Chr4_6273282,genomic,2,Chr3,9969686,7341,1156,890.09,1.3,0.0198,157,155.5,1.01,0.495,428,334.08,1.28,0.0099
Chr4_6273282,genomic,3,Chr1,987239,7341,1090,811.26,1.34,0.0198,157,155.11,1.01,0.4356,377,305.11,1.24,0.0099
Chr4_6273282,te,1,Chr5,14204518,7341,1084,843.08,1.29,0.0198,157,154.71,1.01,0.4158,381,317.3,1.2,0.0099
Chr4_6273282,te,2,Chr1,26365260,7341,989,835.54,1.18,0.0396,159,154.36,1.03,0.2871,392,322.74,1.21,0.0099
Chr4_6273282,te,3,Chr2,4392659,7341,840,792.0,1.06,0.2673,141,151.79,0.93,0.9406,325,292.96,1.11,0.0594
Chr4_7319259,genomic,1,Chr3,7058362,4566,473,470.8,1.0,0.495,102,94.07,1.08,0.0693,208,178.62,1.16,0.0396
Chr4_7319259,genomic,2,Chr1,29659669,4566,719,517.87,1.39,0.0198,96,95.67,1.0,0.4851,254,192.56,1.32,0.0099
Chr4_7319259,genomic,3,Chr4,17786965,4566,590,520.54,1.13,0.1683,94,96.78,0.97,0.703,243,200.1,1.21,0.0198
Chr4_7319259,te,1,Chr3,12479334,4566,787,514.46,1.53,0.0198,83,90.14,0.92,0.9109,188,172.31,1.09,0.1386
Chr4_7319259,te,2,Chr5,10254919,4566,688,542.7,1.27,0.0396,97,96.14,1.01,0.4752,253,195.46,1.29,0.0099
Chr4_7319259,te,3,Chr1,15551639,4566,585,477.83,1.22,0.0693,97,93.76,1.03,0.3366,201,183.35,1.1,0.0891
Chr2_7032778,genomic,1,Chr1,21671745,5252,897,686.45,1.31,0.0297,106,114.77,0.92,0.9604,281,261.36,1.08,0.1287
Chr2_7032778,genomic,2,Chr1,2298597,5252,940,622.21,1.51,0.0099,105,113.32,0.93,0.8911,311,237.71,1.31,0.0099
Chr2_7032778,genomic,3,Chr2,8656206,5252,776,631.28,1.23,0.0495,114,111.44,1.02,0.3663,288,233.25,1.23,0.0099
Chr2_7032778,te,1,Chr5,19853488,5252,677,557.59,1.21,0.0693,113,108.19,1.04,0.2178,218,208.15,1.05,0.2277
Chr2_7032778,te,2,Chr4,3538831,5252,653,522.5,1.25,0.0594,100,104.97,0.95,0.802,231,194.01,1.19,0.0099
Chr2_7032778,te,3,Chr2,5863157,5252,1064,607.99,1.75,0.0099,101,111.68,0.9,0.9703,270,229.68,1.18,0.0099
Chr3_10492271,genomic,1,Chr1,28001323,51,2,6.85,0.29,0.6931,2,1.04,1.92,0.2178,2,2.19,0.91,0.6238
Chr3_10492271,genomic,2,Chr2,7828591,51,14,6.15,2.28,0.1188,1,1.12,0.89,0.9406,5,2.91,1.72,0.1683
Chr3_10492271,genomic,3,Chr1,6704220,51,19,3.97,4.79,0.0396,2,0.93,2.15,0.1287,5,1.76,2.84,0.0495
Chr3_10492271,te,1,Chr3,18268529,51,46,4.61,9.98,0.0099,1,1.03,0.97,0.8515,6,1.95,3.08,0.0396
Chr3_10492271,te,2,Chr3,8027977,51,3,7.29,0.41,0.7327,1,1.16,0.86,0.9505,3,2.77,1.08,0.5347
Chr3_10492271,te,3,Chr2,11161265,51,1,5.38,0.19,0.8218,1,0.99,1.01,0.8218,1,2.12,0.47,0.8218
Chr1_1522909,genomic,1,Chr1,25700909,1195,341,163.35,2.09,0.0099,21,26.14,0.8,0.9703,100,61.15,1.64,0.0099
Chr1_1522909,genomic,2,Chr5,24650103,1195,123,138.04,0.89,0.6436,22,24.39,0.9,0.7921,45,52.05,0.86,0.8317
Chr1_1522909,genomic,3,Chr2,767509,1195,156,161.01,0.97,0.5347,28,26.63,1.05,0.3762,55,62.73,0.88,0.8317
Chr1_1522909,te,1,Chr4,11103331,1195,211,137.85,1.53,0.0396,28,24.65,1.14,0.1881,65,48.21,1.35,0.0198
Chr1_1522909,te,2,Chr2,10062190,1195,184,170.71,1.08,0.3663,26,26.36,0.99,0.6535,73,62.63,1.17,0.1089
Chr1_1522909,te,3,Chr1,15590639,1195,101,119.79,0.84,0.6634,34,24.94,1.36,0.0198,60,46.19,1.3,0.0495
Chr4_6982683,genomic,1,Chr1,17057650,2001,225,216.37,1.04,0.4356,41,41.48,0.99,0.5446,77,81.1,0.95,0.6733
Chr4_6982683,genomic,2,Chr2,7104689,2001,258,231.99,1.11,0.2376,47,42.54,1.1,0.099,86,88.95,0.97,0.604
Chr4_6982683,genomic,3,Chr2,17865696,2001,297,215.75,1.38,0.0792,37,41.74,0.89,0.8911,96,81.27,1.18,0.0891
Chr4_6982683,te,1,Chr4,1676316,2001,198,220.85,0.9,0.6733,34,40.96,0.83,0.9802,77,79.98,0.96,0.6337
Chr4_6982683,te,2,Chr4,963783,2001,246,285.82,0.86,0.8416,39,43.2,0.9,0.9208,98,107.63,0.91,0.8218
Chr4_6982683,te,3,Chr3,16449973,2001,304,302.59,1.0,0.4653,39,44.07,0.88,0.9208,125,111.81,1.12,0.1485
Chr2_13127635,genomic,1,Chr2,15934930,5128,1068,627.2,1.7,0.0099,109,109.44,1.0,0.5545,274,230.09,1.19,0.0099
Chr2_13127635,genomic,2,Chr2,10188471,5128,825,652.12,1.27,0.0396,105,112.17,0.94,0.8713,298,245.26,1.22,0.0099
Chr2_13127635,genomic,3,Chr1,18261797,5128,749,560.45,1.34,0.0099,103,105.94,0.97,0.7327,218,209.47,1.04,0.3267
Chr2_13127635,te,1,Chr2,5848849,5128,801,567.46,1.41,0.0297,101,107.48,0.94,0.8614,260,210.96,1.23,0.0099
Chr2_13127635,te,2,Chr1,17842224,5128,894,580.62,1.54,0.0099,114,107.41,1.06,0.1386,326,221.62,1.47,0.0099
Chr2_13127635,te,3,Chr3,12426985,5128,762,569.69,1.34,0.0198,124,105.47,1.18,0.0099,274,212.59,1.29,0.0099
Chr5_16372359,genomic,1,Chr2,5721613,159,13,18.23,0.71,0.6436,2,3.49,0.57,0.9604,3,7.22,0.42,0.9604
Chr5_16372359,genomic,2,Chr3,5032272,159,7,16.34,0.43,0.7921,5,3.12,1.6,0.1485,5,5.55,0.9,0.6733
Chr5_16372359,genomic,3,Chr3,9542453,159,4,19.59,0.2,0.9802,4,3.65,1.1,0.5842,4,7.53,0.53,0.8812
Chr5_16372359,te,1,Chr2,10546591,159,17,22.35,0.76,0.6337,2,3.46,0.58,0.9901,6,8.63,0.7,0.8218
Chr5_16372359,te,2,Chr3,12817390,159,31,18.94,1.64,0.1485,5,3.47,1.44,0.1782,12,7.24,1.66,0.1188
Chr5_16372359,te,3,Chr5,13399384,159,9,16.3,0.55,0.6931,4,3.26,1.23,0.4554,6,6.21,0.97,0.5545
Chr4_8350462,genomic,1,Chr4,2179573,489,77,69.14,1.11,0.3663,12,10.43,1.15,0.2673,29,24.76,1.17,0.2376
Chr4_8350462,genomic,2,Chr4,17273527,489,80,46.9,1.71,0.1188,10,9.89,1.01,0.5545,33,18.95,1.74,0.0099
Chr4_8350462,genomic,3,Chr1,13662326,489,39,43.51,0.9,0.5842,11,9.21,1.19,0.2673,19,16.34,1.16,0.3069
Chr4_8350462,te,1,Chr5,24703275,489,35,68.87,0.51,0.9703,11,10.85,1.01,0.6337,23,25.69,0.9,0.7426
Chr4_8350462,te,2,Chr4,1861399,489,83,70.45,1.18,0.297,10,10.39,0.96,0.7129,30,25.56,1.17,0.198
Chr4_8350462,te,3,Chr5,14176030,489,87,60.95,1.43,0.0891,9,10.11,0.89,0.7822,26,23.36,1.11,0.3762
Chr5_19636028,genomic,1,Chr4,9133592,423,75,49.48,1.52,0.1089,10,9.23,1.08,0.4257,17,19.53,0.87,0.703
Chr5_19636028,genomic,2,Chr4,5452503,423,64,49.53,1.29,0.2079,10,9.38,1.07,0.4752,22,18.54,1.19,0.2574
Chr5_19636028,genomic,3,Chr4,7322805,423,22,54.71,0.4,0.9802,7,9.21,0.76,0.9703,14,20.31,0.69,0.9604
Chr5_19636028,te,1,Chr5,15122051,423,64,59.04,1.08,0.4059,9,9.53,0.94,0.6931,30,22.27,1.35,0.1287
Chr5_19636028,te,2,Chr4,2755402,423,70,52.2,1.34,0.2178,9,8.89,1.01,0.5347,23,19.67,1.17,0.2475
Chr5_19636028,te,3,Chr3,17899320,423,54,62.57,0.86,0.6535,13,9.45,1.38,0.0198,28,23.44,1.19,0.2079
Chr2_5081660,genomic,1,Chr1,22524243,1233,174,147.83,1.18,0.1584,20,26.33,0.76,0.9901,62,57.88,1.07,0.3762
Chr2_5081660,genomic,2,Chr5,3011614,1233,196,142.31,1.38,0.0891,34,26.04,1.31,0.0099,82,54.78,1.5,0.0099
Chr2_5081660,genomic,3,Chr3,13863179,1233,124,128.46,0.97,0.5743,21,25.37,0.83,0.9703,37,50.37,0.73,0.9802
Chr2_5081660,te,1,Chr2,2285161,1233,145,182.14,0.8,0.8515,20,26.66,0.75,1.0,64,67.18,0.95,0.6238
Chr2_5081660,te,2,Chr1,10154787,1233,190,176.14,1.08,0.3861,26,27.04,0.96,0.6337,64,65.0,0.98,0.5842
Chr2_5081660,te,3,Chr2,2658709,1233,147,192.63,0.76,0.8515,26,26.95,0.96,0.7129,73,72.07,1.01,0.4356
Chr1_16443594,genomic,1,Chr2,3437979,230,27,21.52,1.25,0.2871,5,4.38,1.14,0.4752,9,8.45,1.07,0.4455
Chr1_16443594,genomic,2,Chr2,12015628,230,11,24.55,0.45,0.8713,2,4.63,0.43,0.9901,8,9.31,0.86,0.6535
Chr1_16443594,genomic,3,Chr2,13064817,230,38,34.03,1.12,0.396,8,5.19,1.54,0.0198,16,13.4,1.19,0.2277
Chr1_16443594,te,1,Chr2,4151688,230,21,22.55,0.93,0.5248,4,4.53,0.88,0.7822,13,8.96,1.45,0.1782
Chr1_16443594,te,2,Chr5,13608537,230,28,34.44,0.81,0.6436,5,4.86,1.03,0.5743,16,12.16,1.32,0.2178
Chr1_16443594,te,3,Chr4,4297348,230,14,20.19,0.69,0.6337,7,4.22,1.66,0.0396,9,8.16,1.1,0.4653
Chr2_5681837,genomic,1,Chr1,9558291,8521,1175,966.85,1.22,0.0297,162,179.28,0.9,0.9901,411,360.68,1.14,0.0396
Chr2_5681837,genomic,2,Chr3,16931758,8521,1430,1130.06,1.27,0.0099,182,184.57,0.99,0.6832,474,428.47,1.11,0.0594
Chr2_5681837,genomic,3,Chr2,12391271,8521,1556,1027.39,1.51,0.0099,185,185.23,1.0,0.5149,502,397.19,1.26,0.0099
Chr2_5681837,te,1,Chr2,5282792,8521,1328,891.39,1.49,0.0099,179,174.69,1.02,0.3564,465,339.98,1.37,0.0099
Chr2_5681837,te,2,Chr4,2246118,8521,1338,947.65,1.41,0.0099,172,176.82,0.97,0.7525,436,349.54,1.25,0.0099
Chr2_5681837,te,3,Chr4,3698007,8521,1220,900.1,1.36,0.0099,171,174.97,0.98,0.6733,405,336.49,1.2,0.0099
Chr1_15954877,genomic,1,Chr5,11576857,59,3,5.37,0.56,0.5248,2,1.14,1.75,0.2772,3,1.86,1.61,0.2772
Chr1_15954877,genomic,2,Chr2,12347559,59,7,5.45,1.28,0.297,1,1.15,0.87,0.8317,3,2.01,1.49,0.3564
Chr1_15954877,genomic,3,Chr3,14111973,59,2,6.75,0.3,0.802,2,1.38,1.45,0.4455,2,2.73,0.73,0.7327
Chr1_15954877,te,1,Chr3,14945851,59,21,6.24,3.37,0.0891,1,1.12,0.89,0.8416,6,2.04,2.94,0.0198
Chr1_15954877,te,2,Chr4,13444022,59,5,6.14,0.81,0.4554,1,1.22,0.82,0.8515,2,2.19,0.91,0.6733
Chr1_15954877,te,3,Chr3,15066027,59,1,5.11,0.2,0.8713,1,1.16,0.86,0.8713,1,2.12,0.47,0.8713
Chr3_10204785,genomic,1,Chr1,3887505,187,14,23.75,0.59,0.8713,5,4.12,1.21,0.4158,6,9.75,0.62,0.901
Chr3_10204785,genomic,2,Chr3,21447074,187,7,20.58,0.34,0.901,3,3.64,0.82,0.8416,5,8.29,0.6,0.8515
Chr3_10204785,genomic,3,Chr3,5207328,187,22,22.38,0.98,0.4257,3,4.01,0.75,0.9208,7,8.08,0.87,0.6733
Chr3_10204785,te,1,Chr3,8784820,187,12,29.42,0.41,0.901,6,4.19,1.43,0.1089,9,10.47,0.86,0.7129
Chr3_10204785,te,2,Chr2,4547270,187,21,19.78,1.06,0.4257,5,3.84,1.3,0.2475,13,7.95,1.64,0.0891
Chr3_10204785,te,3,Chr5,12908335,187,7,18.19,0.38,0.8119,3,3.56,0.84,0.8515,6,6.97,0.86,0.6436
Chr2_2767142,genomic,1,Chr2,16235229,270,32,33.58,0.95,0.4752,4,5.71,0.7,0.9406,7,12.29,0.57,0.9604
Chr2_2767142,genomic,2,Chr2,2955729,270,53,24.17,2.19,0.0792,4,5.43,0.74,0.9307,22,9.83,2.24,0.0099
Chr2_2767142,genomic,3,Chr5,18699264,270,85,35.22,2.41,0.0099,7,5.68,1.23,0.2673,18,12.43,1.45,0.1485
Chr2_2767142,te,1,Chr4,8898809,270,27,33.26,0.81,0.5644,6,5.58,1.08,0.5149,8,11.69,0.68,0.8614
Chr2_2767142,te,2,Chr1,19316300,270,11,28.43,0.39,0.9604,6,6.01,1.0,0.6436,7,12.42,0.56,0.9703
Chr2_2767142,te,3,Chr3,17042447,270,36,27.0,1.33,0.2178,6,5.63,1.07,0.5644,15,11.24,1.33,0.1782
Chr5_9207553,genomic,1,Chr3,15596001,236,20,21.46,0.93,0.4158,5,4.48,1.12,0.5446,10,7.98,1.25,0.3267
Chr5_9207553,genomic,2,Chr3,18896818,236,66,25.65,2.57,0.0297,6,5.11,1.17,0.4158,13,9.44,1.38,0.1881
Chr5_9207553,genomic,3,Chr4,3665271,236,32,16.07,1.99,0.0891,5,4.24,1.18,0.4257,14,7.09,1.97,0.0396
Chr5_9207553,te,1,Chr3,13113852,236,43,26.51,1.62,0.1287,3,4.89,0.61,0.9604,14,10.76,1.3,0.2079
Chr5_9207553,te,2,Chr3,7898089,236,4,26.16,0.15,1.0,2,4.88,0.41,1.0,2,8.78,0.23,1.0
Chr5_9207553,te,3,Chr2,13540646,236,85,37.14,2.29,0.0297,5,4.68,1.07,0.5248,12,13.55,0.89,0.6436
Chr4_4679115,genomic,1,Chr3,11213467,1162,205,128.81,1.59,0.0297,20,24.77,0.81,0.9703,70,49.73,1.41,0.0099
Chr4_4679115,genomic,2,Chr5,14206392,1162,108,121.45,0.89,0.6337,23,23.86,0.96,0.6733,40,47.78,0.84,0.8218
Chr4_4679115,genomic,3,Chr2,13469555,1162,179,115.39,1.55,0.0495,22,23.66,0.93,0.8119,58,44.97,1.29,0.0396
Chr4_4679115,te,1,Chr2,4869495,1162,180,163.02,1.1,0.3663,25,25.65,0.97,0.6436,71,62.51,1.14,0.1683
Chr4_4679115,te,2,Chr3,14002426,1162,155,144.27,1.07,0.3663,25,24.96,1.0,0.5149,74,55.7,1.33,0.0297
Chr4_4679115,te,3,Chr1,3250827,1162,137,176.44,0.78,0.8515,17,25.83,0.66,1.0,50,65.74,0.76,0.9703
Chr3_15669781,genomic,1,Chr5,25527579,399,91,43.7,2.08,0.0495,11,8.63,1.27,0.1386,31,16.66,1.86,0.0198
Chr3_15669781,genomic,2,Chr4,8675834,399,90,41.09,2.19,0.0396,8,7.76,1.03,0.5941,19,15.27,1.24,0.2475
Chr3_15669781,genomic,3,Chr4,13846943,399,97,48.15,2.01,0.0396,8,8.3,0.96,0.6931,21,18.59,1.13,0.3465
Chr3_15669781,te,1,Chr3,22540718,399,32,51.23,0.62,0.8416,7,8.7,0.8,0.9109,11,19.11,0.58,0.9703
Chr3_15669781,te,2,Chr3,15335134,399,73,55.31,1.32,0.198,8,8.94,0.89,0.8614,23,21.4,1.07,0.3762
Chr3_15669781,te,3,Chr4,5655677,399,38,39.55,0.96,0.4356,6,8.21,0.73,0.9406,15,15.61,0.96,0.604
Chr3_16050773,genomic,1,Chr3,1413883,351,21,31.13,0.67,0.6634,7,6.55,1.07,0.5248,17,11.8,1.44,0.099
Chr3_16050773,genomic,2,Chr5,24691558,351,54,41.29,1.31,0.2376,7,7.7,0.91,0.8119,22,16.48,1.33,0.1188
Chr3_16050773,genomic,3,Chr5,26267567,351,46,44.27,1.04,0.4257,8,8.27,0.97,0.7426,14,17.5,0.8,0.8416
Chr3_16050773,te,1,Chr2,3214529,351,21,34.32,0.61,0.7921,6,7.14,0.84,0.8515,12,12.67,0.95,0.6139
Chr3_16050773,te,2,Chr1,17910983,351,41,38.8,1.06,0.3762,5,7.82,0.64,0.9901,13,15.53,0.84,0.7426
Chr3_16050773,te,3,Chr2,6768561,351,33,34.79,0.95,0.4752,8,6.9,1.16,0.3069,16,13.28,1.2,0.3069
Chr3_9632650,genomic,1,Chr1,11672502,2421,950,271.59,3.5,0.0099,52,50.77,1.02,0.4455,146,103.12,1.42,0.0099
Chr3_9632650,genomic,2,Chr5,18924541,2421,530,267.04,1.98,0.0099,45,50.42,0.89,0.9307,157,99.81,1.57,0.0099
Chr3_9632650,genomic,3,Chr1,25160746,2421,288,243.55,1.18,0.2178,44,49.27,0.89,0.8812,115,93.47,1.23,0.0099
Chr3_9632650,te,1,Chr1,13912819,2421,278,245.5,1.13,0.2475,49,48.86,1.0,0.5743,114,93.8,1.22,0.0198
Chr3_9632650,te,2,Chr3,14353612,2421,238,270.25,0.88,0.7822,53,51.56,1.03,0.4455,110,105.03,1.05,0.3069
Chr3_9632650,te,3,Chr4,6413087,2421,302,314.18,0.96,0.5644,50,52.47,0.95,0.7426,128,120.54,1.06,0.3564
Chr1_15244913,genomic,1,Chr1,5352277,170,19,19.29,0.98,0.4059,4,3.66,1.09,0.5842,5,7.34,0.68,0.8416
Chr1_15244913,genomic,2,Chr5,3235188,170,95,20.01,4.75,0.0099,5,3.43,1.46,0.1287,10,7.47,1.34,0.2871
Chr1_15244913,genomic,3,Chr2,4861060,170,18,20.98,0.86,0.4851,3,3.47,0.86,0.8515,10,7.75,1.29,0.2871
Chr1_15244913,te,1,Chr2,12316012,170,31,19.56,1.58,0.1683,4,3.42,1.17,0.4356,12,7.2,1.67,0.0792
Chr1_15244913,te,2,Chr5,9849830,170,27,23.56,1.15,0.3168,3,3.61,0.83,0.8218,12,9.11,1.32,0.2178
Chr1_15244913,te,3,Chr1,4193926,170,18,28.3,0.64,0.7921,4,3.86,1.04,0.5842,5,10.7,0.47,0.9901
Chr1_8724890,genomic,1,Chr1,20246797,1081,178,113.23,1.57,0.0495,19,21.9,0.87,0.8812,57,41.18,1.38,0.0198
Chr1_8724890,genomic,2,Chr2,628301,1081,154,123.61,1.25,0.2178,22,22.92,0.96,0.6832,59,46.18,1.28,0.0693
Chr1_8724890,genomic,3,Chr3,11350807,1081,189,119.81,1.58,0.0495,29,22.92,1.27,0.0396,59,45.99,1.28,0.0198
Chr1_8724890,te,1,Chr1,19219414,1081,136,145.89,0.93,0.5644,18,22.71,0.79,0.9703,53,53.64,0.99,0.5644
Chr1_8724890,te,2,Chr3,11655360,1081,234,121.03,1.93,0.0099,19,22.46,0.85,0.9406,63,42.0,1.5,0.0099
Chr1_8724890,te,3,Chr2,3180124,1081,218,154.72,1.41,0.0396,21,23.74,0.88,0.8614,70,58.36,1.2,0.0891
Chr4_10182956,genomic,1,Chr5,13186805,151,163,19.32,8.44,0.0099,3,2.94,1.02,0.6535,9,6.16,1.46,0.1881
Chr4_10182956,genomic,2,Chr3,13285079,151,10,15.65,0.64,0.6733,3,3.23,0.93,0.7723,7,5.84,1.2,0.3366
Chr4_10182956,genomic,3,Chr4,12538233,151,3,14.46,0.21,0.9604,2,3.07,0.65,0.9406,2,6.26,0.32,0.9802
Chr4_10182956,te,1,Chr2,3513061,151,3,17.09,0.18,0.9901,1,3.17,0.32,1.0,2,6.82,0.29,0.9901
Chr4_10182956,te,2,Chr3,17418487,151,62,18.86,3.29,0.0198,3,3.29,0.91,0.7327,13,6.5,2.0,0.0297
Chr4_10182956,te,3,Chr1,17607289,151,16,21.87,0.73,0.6436,3,3.37,0.89,0.7921,10,8.26,1.21,0.3663
Chr2_1983286,genomic,1,Chr3,22327442,226,17,28.48,0.6,0.7426,6,4.8,1.25,0.2871,8,10.76,0.74,0.8218
Chr2_1983286,genomic,2,Chr1,19898596,226,34,28.56,1.19,0.3465,4,4.67,0.86,0.8218,13,10.99,1.18,0.3663
Chr2_1983286,genomic,3,Chr1,2575559,226,18,26.08,0.69,0.6733,6,4.63,1.3,0.2277,8,9.51,0.84,0.703
Chr2_1983286,te,1,Chr2,4546788,226,21,21.06,1.0,0.4554,4,4.58,0.87,0.8317,7,8.62,0.81,0.7327
Chr2_1983286,te,2,Chr2,10873483,226,12,21.44,0.56,0.7723,6,4.46,1.35,0.2079,9,8.15,1.1,0.4059
Chr2_1983286,te,3,Chr5,15945860,226,42,28.81,1.46,0.198,4,4.8,0.83,0.8812,9,11.22,0.8,0.7624
Chr4_2849670,genomic,1,Chr5,24716324,227,12,21.56,0.56,0.703,3,4.75,0.63,0.9505,9,8.7,1.03,0.505
Chr4_2849670,genomic,2,Chr1,8239549,227,43,23.55,1.83,0.0792,5,4.79,1.04,0.6337,16,9.9,1.62,0.0594
Chr4_2849670,genomic,3,Chr2,8664539,227,142,23.63,6.01,0.0099,3,4.34,0.69,0.9505,16,8.81,1.82,0.0594
Chr4_2849670,te,1,Chr4,5220466,227,69,29.64,2.33,0.0495,5,4.87,1.03,0.604,23,11.07,2.08,0.0099
Chr4_2849670,te,2,Chr2,4650194,227,51,74.9,0.68,0.8416,2,2.87,0.7,0.9406,8,17.61,0.45,1.0
Chr4_2849670,te,3,Chr1,12263965,227,14,30.48,0.46,0.9208,5,4.81,1.04,0.6337,9,11.94,0.75,0.8317
Chr1_11321620,genomic,1,Chr5,706120,70,3,7.92,0.38,0.802,1,1.46,0.68,0.9604,3,3.39,0.88,0.6436
Chr1_11321620,genomic,2,Chr1,13419977,70,6,5.76,1.04,0.3267,1,1.34,0.75,0.8713,2,2.33,0.86,0.6634
Chr1_11321620,genomic,3,Chr4,13429832,70,10,5.68,1.76,0.1584,2,1.24,1.61,0.3267,6,2.07,2.9,0.0198
Chr1_11321620,te,1,Chr2,6657032,70,15,7.4,2.03,0.1584,2,1.49,1.34,0.5248,4,3.58,1.12,0.4851
Chr1_11321620,te,2,Chr2,546037,70,13,9.61,1.35,0.2871,2,1.6,1.25,0.505,5,3.66,1.37,0.3069
Chr1_11321620,te,3,Chr1,2632468,70,57,19.09,2.99,0.0198,1,1.27,0.79,1.0,10,6.63,1.51,0.1287
Chr1_23168563,genomic,1,Chr2,6920179,54,57,32.58,1.75,0.1386,1,1.08,0.93,1.0,8,6.87,1.16,0.297
Chr1_23168563,genomic,2,Chr4,17125464,54,3,4.29,0.7,0.4554,1,0.95,1.05,0.7624,2,1.66,1.2,0.4554
Chr1_23168563,genomic,3,Chr3,20536017,54,7,6.2,1.13,0.2277,1,0.96,1.04,0.8119,2,1.8,1.11,0.4752
Chr1_23168563,te,1,Chr1,16090452,54,0,2.62,0.0,1.0,0,0.83,0.0,1.0,0,1.18,0.0,1.0
Chr1_23168563,te,2,Chr5,11716274,54,4,3.2,1.25,0.2772,1,0.88,1.14,0.7129,1,1.34,0.75,0.7129
Chr1_23168563,te,3,Chr3,13673815,54,1,3.06,0.33,0.7525,1,0.97,1.03,0.7525,1,1.38,0.72,0.7525
Chr2_6809089,genomic,1,Chr2,12470052,326,24,40.28,0.6,0.7921,8,7.06,1.13,0.4158,15,15.57,0.96,0.5941
Chr2_6809089,genomic,2,Chr5,12770678,326,35,38.06,0.92,0.4356,7,6.67,1.05,0.5545,14,12.82,1.09,0.4455
Chr2_6809089,genomic,3,Chr3,16510769,326,30,39.21,0.77,0.7228,6,7.11,0.84,0.8614,17,15.65,1.09,0.4356
Chr2_6809089,te,1,Chr5,25892037,326,62,42.69,1.45,0.2079,9,7.14,1.26,0.1881,25,15.8,1.58,0.0594
Chr2_6809089,te,2,Chr1,12919824,326,21,33.03,0.64,0.7327,5,6.75,0.74,0.9505,9,12.71,0.71,0.8911
Chr2_6809089,te,3,Chr3,3263917,326,13,41.39,0.31,0.9802,6,7.13,0.84,0.8812,7,15.51,0.45,0.9901
Chr4_6481309,genomic,1,Chr3,18123895,427,23,46.66,0.49,0.9109,10,9.35,1.07,0.4554,19,17.15,1.11,0.3861
Chr4_6481309,genomic,2,Chr3,969137,427,157,54.24,2.89,0.0099,9,9.17,0.98,0.6733,39,20.66,1.89,0.0099
Chr4_6481309,genomic,3,Chr5,3838635,427,73,50.52,1.44,0.1485,9,8.99,1.0,0.6238,22,19.79,1.11,0.2772
Chr4_6481309,te,1,Chr4,4162414,427,58,53.45,1.09,0.4059,8,9.37,0.85,0.8416,24,19.94,1.2,0.2079
Chr4_6481309,te,2,Chr5,4795908,427,59,46.36,1.27,0.2376,11,8.7,1.26,0.1881,19,17.34,1.1,0.4455
Chr4_6481309,te,3,Chr5,11565529,427,26,43.88,0.59,0.7723,6,8.41,0.71,0.9703,14,15.75,0.89,0.6832
Chr4_4700985,genomic,1,Chr1,11908635,166,40,19.02,2.1,0.0693,3,3.42,0.88,0.8713,14,7.25,1.93,0.0396
Chr4_4700985,genomic,2,Chr4,8616482,166,30,14.65,2.05,0.1287,4,3.16,1.27,0.3861,10,5.94,1.68,0.1188
Chr4_4700985,genomic,3,Chr4,12574959,166,24,17.08,1.41,0.2376,4,3.16,1.27,0.4257,12,6.41,1.87,0.0693
Chr4_4700985,te,1,Chr5,12630079,166,17,15.12,1.12,0.3069,4,3.33,1.2,0.4455,6,6.39,0.94,0.5446
Chr4_4700985,te,2,Chr5,14182674,166,32,50.02,0.64,0.8218,4,2.49,1.61,0.1683,10,14.4,0.69,0.8812
Chr4_4700985,te,3,Chr5,12121308,166,34,12.37,2.75,0.0495,4,3.35,1.19,0.4653,8,5.55,1.44,0.1782
Chr4_4618270,genomic,1,Chr3,19441455,4332,753,552.17,1.36,0.0297,102,93.98,1.09,0.0594,249,206.64,1.2,0.0297
Chr4_4618270,genomic,2,Chr5,364964,4332,674,453.27,1.49,0.0099,103,88.58,1.16,0.0099,204,169.71,1.2,0.0198
Chr4_4618270,genomic,3,Chr3,4622058,4332,694,527.74,1.32,0.0099,91,92.19,0.99,0.5941,221,197.91,1.12,0.0693
Chr4_4618270,te,1,Chr5,12120803,4332,461,442.86,1.04,0.3762,93,89.07,1.04,0.2871,190,167.65,1.13,0.0594
Chr4_4618270,te,2,Chr2,2435930,4332,691,499.58,1.38,0.0099,87,91.07,0.96,0.7921,236,189.74,1.24,0.0099
Chr4_4618270,te,3,Chr2,4584725,4332,540,466.65,1.16,0.099,84,90.29,0.93,0.9208,208,177.37,1.17,0.0297
Chr2_880263,genomic,1,Chr5,5000248,233,15,20.17,0.74,0.604,4,4.73,0.85,0.8119,10,8.35,1.2,0.3168
Chr2_880263,genomic,2,Chr5,22585929,233,19,28.08,0.68,0.6832,5,4.77,1.05,0.5347,13,10.36,1.25,0.2673
Chr2_880263,genomic,3,Chr5,14003018,233,100,44.45,2.25,0.0099,2,4.7,0.43,1.0,21,15.3,1.37,0.1188
Chr2_880263,te,1,Chr2,10573574,233,18,32.27,0.56,0.8119,4,5.04,0.79,0.8812,7,12.1,0.58,0.9505
Chr2_880263,te,2,Chr3,19537563,233,27,30.44,0.89,0.604,6,5.19,1.16,0.4554,9,12.22,0.74,0.802
Chr2_880263,te,3,Chr4,9369115,233,96,35.0,2.74,0.0198,7,5.2,1.35,0.1386,13,12.12,1.07,0.4356
Chr5_12393045,genomic,1,Chr2,7516762,845,190,96.08,1.98,0.0198,23,18.0,1.28,0.0396,51,35.76,1.43,0.0099
Chr5_12393045,genomic,2,Chr2,19496721,845,109,81.71,1.33,0.1584,21,16.93,1.24,0.0693,40,31.85,1.26,0.1287
Chr5_12393045,genomic,3,Chr2,827386,845,180,90.36,1.99,0.0099,16,17.79,0.9,0.8317,58,35.37,1.64,0.0099
Chr5_12393045,te,1,Chr5,11383994,845,97,97.54,0.99,0.4455,18,18.17,0.99,0.5941,43,39.94,1.08,0.3663
Chr5_12393045,te,2,Chr3,21552142,845,105,114.52,0.92,0.6733,16,18.89,0.85,0.9208,39,43.23,0.9,0.802
Chr5_12393045,te,3,Chr4,15563388,845,48,84.76,0.57,0.901,17,17.08,1.0,0.604,27,31.17,0.87,0.8119
Chr1_3824152,genomic,1,Chr4,1596532,136,16,18.27,0.88,0.4653,2,3.1,0.65,0.9703,11,6.58,1.67,0.0693
Chr1_3824152,genomic,2,Chr4,16105517,136,16,14.6,1.1,0.297,5,2.79,1.79,0.0792,7,5.22,1.34,0.297
Chr1_3824152,genomic,3,Chr5,24729390,136,4,18.85,0.21,0.9505,2,2.64,0.76,0.9109,3,6.74,0.45,0.9604
Chr1_3824152,te,1,Chr4,5178545,136,22,15.42,1.43,0.2277,3,2.86,1.05,0.6337,8,6.35,1.26,0.3861
Chr1_3824152,te,2,Chr5,15462506,136,15,17.12,0.88,0.5545,2,2.94,0.68,0.9406,6,6.7,0.9,0.6337
Chr1_3824152,te,3,Chr5,15039802,136,41,16.01,2.56,0.0297,3,3.02,0.99,0.7921,7,6.37,1.1,0.4653
Chr1_2326953,genomic,1,Chr2,19454423,104,14,10.47,1.34,0.2475,3,2.23,1.35,0.396,8,4.39,1.82,0.0792
Chr1_2326953,genomic,2,Chr4,1642872,104,12,9.06,1.32,0.2574,2,2.12,0.94,0.7525,3,3.91,0.77,0.7525
Chr1_2326953,genomic,3,Chr4,3371774,104,14,11.05,1.27,0.2475,2,1.97,1.02,0.7327,2,3.59,0.56,0.8614
Chr1_2326953,te,1,Chr1,21676175,104,17,18.11,0.94,0.4653,2,2.37,0.84,0.9208,3,6.79,0.44,0.9802
Chr1_2326953,te,2,Chr3,16241121,104,1,11.33,0.09,1.0,1,2.37,0.42,1.0,1,4.89,0.2,1.0
Chr1_2326953,te,3,Chr5,11488873,104,17,16.85,1.01,0.4059,2,2.09,0.96,0.7228,9,6.01,1.5,0.1782
Chr3_9582317,genomic,1,Chr2,12861673,143,14,15.47,0.9,0.4356,4,2.97,1.35,0.3168,7,6.08,1.15,0.4356
Chr3_9582317,genomic,2,Chr5,314426,143,41,14.26,2.88,0.0594,4,2.75,1.45,0.2079,11,4.89,2.25,0.0396
Chr3_9582317,genomic,3,Chr5,6405515,143,4,9.91,0.4,0.7327,2,2.6,0.77,0.7921,2,4.26,0.47,0.8812
Chr3_9582317,te,1,Chr1,11137049,143,25,19.94,1.25,0.3663,4,3.22,1.24,0.4257,6,7.62,0.79,0.7327
Chr3_9582317,te,2,Chr3,3686280,143,4,22.19,0.18,1.0,2,3.03,0.66,0.9604,4,8.01,0.5,0.9604
Chr3_9582317,te,3,Chr2,2730385,143,59,23.6,2.5,0.0297,2,3.16,0.63,0.9307,21,8.67,2.42,0.0099
Chr5_8177632,genomic,1,Chr4,1794564,4529,637,484.94,1.31,0.0693,97,90.43,1.07,0.1683,210,171.47,1.22,0.0099
Chr5_8177632,genomic,2,Chr2,18253755,4529,817,500.81,1.63,0.0099,87,93.87,0.93,0.8911,242,184.16,1.31,0.0099
Chr5_8177632,genomic,3,Chr5,17164948,4529,803,545.43,1.47,0.0099,100,95.38,1.05,0.2376,255,201.43,1.27,0.0099
Chr5_8177632,te,1,Chr2,5360333,4529,397,480.01,0.83,0.9307,93,93.95,0.99,0.6139,189,184.21,1.03,0.3663
Chr5_8177632,te,2,Chr5,17849702,4529,826,537.38,1.54,0.0099,94,96.64,0.97,0.7129,268,202.25,1.33,0.0099
Chr5_8177632,te,3,Chr1,17708226,4529,720,572.63,1.26,0.0198,100,99.13,1.01,0.505,247,218.25,1.13,0.0495
Chr1_3824170,genomic,1,Chr4,17300518,174,12,19.08,0.63,0.6337,4,3.68,1.09,0.5842,9,6.8,1.32,0.297
Chr1_3824170,genomic,2,Chr2,9687304,174,34,28.48,1.19,0.3168,3,3.65,0.82,0.8812,11,10.71,1.03,0.5347
Chr1_3824170,genomic,3,Chr2,7119648,174,5,16.75,0.3,0.9703,3,3.41,0.88,0.8515,4,6.15,0.65,0.8812
Chr1_3824170,te,1,Chr2,18651654,174,45,19.25,2.34,0.0594,3,3.5,0.86,0.8119,10,6.35,1.57,0.1485
Chr1_3824170,te,2,Chr5,11353036,174,15,13.19,1.14,0.3366,3,3.45,0.87,0.7129,9,5.48,1.64,0.1683
Chr1_3824170,te,3,Chr3,15418301,174,24,19.59,1.23,0.3069,3,3.76,0.8,0.901,12,8.08,1.49,0.1287
Chr3_15614960,genomic,1,Chr4,2456884,504,29,51.49,0.56,0.8416,11,10.05,1.09,0.4257,14,19.58,0.72,0.9208
Chr3_15614960,genomic,2,Chr3,13080744,504,46,64.23,0.72,0.7723,12,10.51,1.14,0.2772,17,22.67,0.75,0.9307
Chr3_15614960,genomic,3,Chr2,5129736,504,35,45.23,0.77,0.6337,7,10.39,0.67,0.9604,10,17.81,0.56,0.9901
Chr3_15614960,te,1,Chr4,5194236,504,61,79.28,0.77,0.7129,11,11.06,0.99,0.6436,24,29.59,0.81,0.8416
Chr3_15614960,te,2,Chr5,10288626,504,55,69.71,0.79,0.7525,8,11.49,0.7,0.9901,27,27.17,0.99,0.5545
Chr3_15614960,te,3,Chr2,7013910,504,95,63.83,1.49,0.1287,11,10.62,1.04,0.5842,29,22.08,1.31,0.099
Chr3_14504217,genomic,1,Chr5,14200617,7993,1156,926.05,1.25,0.0297,166,168.91,0.98,0.703,397,345.02,1.15,0.0099
Chr3_14504217,genomic,2,Chr5,3438896,7993,1490,876.62,1.7,0.0099,151,167.35,0.9,0.9604,440,333.38,1.32,0.0099
Chr3_14504217,genomic,3,Chr5,12786445,7993,874,824.56,1.06,0.3465,181,163.34,1.11,0.0396,358,310.38,1.15,0.0198
Chr3_14504217,te,1,Chr1,8925092,7993,773,796.05,0.97,0.5644,154,161.97,0.95,0.8416,328,312.45,1.05,0.2277
Chr3_14504217,te,2,Chr5,13249703,7993,843,892.73,0.94,0.7228,165,167.29,0.99,0.7129,332,337.86,0.98,0.6337
Chr3_14504217,te,3,Chr3,13368577,7993,1566,923.88,1.7,0.0099,161,166.75,0.97,0.802,460,348.25,1.32,0.0099
Chr5_12317520,genomic,1,Chr1,18360353,102,35,10.93,3.2,0.0792,2,1.96,1.02,0.6634,11,3.5,3.14,0.0198
Chr5_12317520,genomic,2,Chr5,21526852,102,23,13.65,1.68,0.1683,2,2.19,0.91,0.8218,10,4.87,2.05,0.0297
Chr5_12317520,genomic,3,Chr5,12746358,102,4,8.79,0.46,0.6337,2,1.81,1.1,0.6139,3,3.05,0.98,0.5842
Chr5_12317520,te,1,Chr2,1257797,102,77,9.63,8.0,0.0099,3,2.23,1.35,0.396,6,4.0,1.5,0.2277
Chr5_12317520,te,2,Chr5,12075965,102,23,9.69,2.37,0.0792,2,1.84,1.09,0.6535,6,3.98,1.51,0.2376
Chr5_12317520,te,3,Chr5,9871912,102,7,17.75,0.39,0.8515,2,2.08,0.96,0.7723,2,6.11,0.33,0.9901
Chr3_10181022,genomic,1,Chr3,22591290,347,44,48.7,0.9,0.6139,8,7.52,1.06,0.495,18,18.08,1.0,0.5248
Chr3_10181022,genomic,2,Chr2,8381878,347,119,135.2,0.88,0.7327,3,3.23,0.93,0.7525,13,26.91,0.48,1.0
Chr3_10181022,genomic,3,Chr4,876609,347,54,38.89,1.39,0.2376,8,7.32,1.09,0.4851,19,15.03,1.26,0.1881
Chr3_10181022,te,1,Chr1,21199134,347,34,41.18,0.83,0.6436,6,7.63,0.79,0.9208,9,16.84,0.53,0.9703
Chr3_10181022,te,2,Chr4,6183590,347,52,48.57,1.07,0.3663,8,7.57,1.06,0.5347,21,18.74,1.12,0.3366
Chr3_10181022,te,3,Chr5,19434154,347,18,47.86,0.38,0.9604,4,7.28,0.55,1.0,8,18.18,0.44,1.0
Chr1_15244709,genomic,1,Chr2,12955255,710,138,94.66,1.46,0.099,17,15.51,1.1,0.3465,41,35.52,1.15,0.2178
Chr1_15244709,genomic,2,Chr1,14237685,710,77,77.1,1.0,0.4455,12,14.95,0.8,0.9307,26,29.44,0.88,0.7723
Chr1_15244709,genomic,3,Chr2,10443449,710,111,88.9,1.25,0.2178,20,14.74,1.36,0.0594,43,33.8,1.27,0.1287
Chr1_15244709,te,1,Chr2,5328739,710,90,75.56,1.19,0.3168,14,14.45,0.97,0.6139,26,27.07,0.96,0.6634
Chr1_15244709,te,2,Chr3,15130596,710,168,93.34,1.8,0.0099,14,15.46,0.91,0.7822,49,35.98,1.36,0.0396
Chr1_15244709,te,3,Chr2,8707441,710,65,95.51,0.68,0.8614,16,15.5,1.03,0.505,31,35.24,0.88,0.7624
Chr1_25659812,genomic,1,Chr2,14143733,88,5,7.03,0.71,0.5743,2,1.56,1.28,0.5644,4,2.8,1.43,0.3861
Chr1_25659812,genomic,2,Chr4,9747147,88,15,9.98,1.5,0.198,2,1.95,1.03,0.7426,5,3.81,1.31,0.3366
Chr1_25659812,genomic,3,Chr4,12339402,88,10,10.01,1.0,0.3465,1,1.8,0.56,0.9307,1,3.17,0.32,0.9307
Chr1_25659812,te,1,Chr1,8461396,88,17,6.78,2.51,0.099,2,1.71,1.17,0.6139,7,2.64,2.65,0.0297
Chr1_25659812,te,2,Chr3,15367022,88,6,10.61,0.57,0.7228,2,1.91,1.05,0.6535,2,4.28,0.47,0.8911
Chr1_25659812,te,3,Chr1,20045952,88,3,9.04,0.33,0.8317,2,1.7,1.18,0.604,3,3.7,0.81,0.6832
Chr2_1642522,genomic,1,Chr3,16064223,105,15,12.91,1.16,0.3168,3,2.34,1.28,0.4158,6,4.85,1.24,0.3762
Chr2_1642522,genomic,2,Chr1,27629219,105,3,11.11,0.27,0.9208,2,2.45,0.82,0.8812,2,5.25,0.38,0.9703
Chr2_1642522,genomic,3,Chr4,2881366,105,37,9.94,3.72,0.0396,2,1.98,1.01,0.703,2,3.42,0.58,0.8515
Chr2_1642522,te,1,Chr5,15041500,105,6,8.78,0.68,0.505,3,1.89,1.59,0.2376,5,3.36,1.49,0.3069
Chr2_1642522,te,2,Chr4,3093596,105,1,7.58,0.13,0.9307,1,1.74,0.57,0.9307,1,2.94,0.34,0.9307
Chr2_1642522,te,3,Chr4,6822585,105,5,12.9,0.39,0.8218,2,2.28,0.88,0.8218,2,5.36,0.37,0.9208
Chr3_22285162,genomic,1,Chr5,16211354,131,22,16.08,1.37,0.2376,1,2.76,0.36,1.0,7,6.02,1.16,0.3564
Chr3_22285162,genomic,2,Chr1,15800190,131,8,16.92,0.47,0.7624,3,2.62,1.15,0.5347,4,6.11,0.65,0.7921
Chr3_22285162,genomic,3,Chr2,9385231,131,23,11.61,1.98,0.1287,5,2.52,1.98,0.0396,5,4.13,1.21,0.3762
Chr3_22285162,te,1,Chr2,176808,131,45,14.65,3.07,0.0099,2,2.77,0.72,0.9703,11,5.99,1.84,0.0891
Chr3_22285162,te,2,Chr5,17958885,131,17,17.79,0.96,0.4158,4,2.79,1.43,0.2376,8,6.69,1.2,0.3762
Chr3_22285162,te,3,Chr5,19751956,131,8,14.61,0.55,0.7921,1,2.79,0.36,1.0,2,5.7,0.35,0.9604
Chr5_26208974,genomic,1,Chr3,8828870,276,16,32.6,0.49,0.8614,5,5.53,0.9,0.802,9,11.74,0.77,0.8416
Chr5_26208974,genomic,2,Chr4,11414111,276,40,34.36,1.16,0.3168,6,5.84,1.03,0.6337,13,12.46,1.04,0.4851
Chr5_26208974,genomic,3,Chr4,17292165,276,50,27.61,1.81,0.099,6,5.41,1.11,0.4455,12,11.42,1.05,0.4653
Chr5_26208974,te,1,Chr4,12094752,276,53,38.41,1.38,0.1782,5,6.02,0.83,0.8614,22,14.79,1.49,0.0693
Chr5_26208974,te,2,Chr2,4075216,276,15,31.6,0.47,0.8614,4,5.68,0.7,0.9307,6,10.76,0.56,0.9703
Chr5_26208974,te,3,Chr5,18371307,276,11,38.05,0.29,1.0,4,6.13,0.65,0.9802,7,14.61,0.48,0.9901
Chr1_20079101,genomic,1,Chr4,8212849,803,99,89.7,1.1,0.3663,17,16.28,1.04,0.4455,42,33.94,1.24,0.1782
Chr1_20079101,genomic,2,Chr3,12173368,803,139,95.47,1.46,0.1287,11,16.88,0.65,1.0,39,34.96,1.12,0.297
Chr1_20079101,genomic,3,Chr5,24185944,803,75,125.63,0.6,0.9505,18,17.3,1.04,0.4653,40,45.76,0.87,0.7624
Chr1_20079101,te,1,Chr1,11818094,803,83,97.99,0.85,0.604,17,18.29,0.93,0.7921,39,38.33,1.02,0.505
Chr1_20079101,te,2,Chr3,17554475,803,102,119.16,0.86,0.7228,22,17.91,1.23,0.0891,43,44.12,0.97,0.6139
Chr1_20079101,te,3,Chr5,9289355,803,169,109.95,1.54,0.0594,15,17.53,0.86,0.9208,49,41.54,1.18,0.1485
Chr1_15129255,genomic,1,Chr5,23232724,4388,700,489.57,1.43,0.0099,92,92.02,1.0,0.5743,232,185.88,1.25,0.0099
Chr1_15129255,genomic,2,Chr2,10683910,4388,889,494.48,1.8,0.0099,88,92.86,0.95,0.8416,223,185.02,1.21,0.0297
Chr1_15129255,genomic,3,Chr4,4582794,4388,262,543.53,0.48,1.0,73,93.96,0.78,1.0,140,208.11,0.67,1.0
Chr1_15129255,te,1,Chr5,9737387,4388,869,559.31,1.55,0.0099,89,96.07,0.93,0.901,267,206.1,1.3,0.0099
Chr1_15129255,te,2,Chr1,15270948,4388,596,540.83,1.1,0.2673,100,90.89,1.1,0.0495,247,193.68,1.28,0.0099
Chr1_15129255,te,3,Chr3,11616824,4388,581,511.4,1.14,0.1881,94,94.37,1.0,0.5248,220,195.64,1.12,0.099
Chr4_1258303,genomic,1,Chr5,4361910,55,10,5.48,1.82,0.1683,1,1.07,0.93,0.8317,2,1.96,1.02,0.5941
Chr4_1258303,genomic,2,Chr1,39200,55,0,4.76,0.0,1.0,0,1.0,0.0,1.0,0,1.77,0.0,1.0
Chr4_1258303,genomic,3,Chr2,3391073,55,1,4.08,0.25,0.7327,1,1.01,0.99,0.7327,1,1.45,0.69,0.7327
Chr4_1258303,te,1,Chr1,16380078,55,0,4.39,0.0,1.0,0,1.03,0.0,1.0,0,1.72,0.0,1.0
Chr4_1258303,te,2,Chr5,23249783,55,6,2.66,2.26,0.1386,2,0.85,2.35,0.1287,4,1.33,3.01,0.0792
Chr4_1258303,te,3,Chr4,706422,55,7,5.42,1.29,0.3069,1,1.12,0.89,0.8911,3,2.2,1.36,0.4158
Chr5_21496909,genomic,1,Chr4,2161259,440,132,49.47,2.67,0.0099,8,8.93,0.9,0.7624,44,19.57,2.25,0.0099
Chr5_21496909,genomic,2,Chr5,9942700,440,62,53.63,1.16,0.3366,12,9.53,1.26,0.1485,18,19.42,0.93,0.6436
Chr5_21496909,genomic,3,Chr3,6873586,440,50,49.24,1.02,0.4455,11,9.31,1.18,0.297,22,18.96,1.16,0.2772
Chr5_21496909,te,1,Chr2,5792499,440,110,55.92,1.97,0.0198,7,9.61,0.73,0.9505,30,22.74,1.32,0.1188
Chr5_21496909,te,2,Chr2,17484046,440,76,58.56,1.3,0.2079,10,9.26,1.08,0.4356,30,21.45,1.4,0.1089
Chr5_21496909,te,3,Chr2,11097915,440,59,75.1,0.79,0.802,10,9.63,1.04,0.5347,23,27.1,0.85,0.802
Chr5_25793637,genomic,1,Chr1,14020663,113,12,11.4,1.05,0.4158,2,2.02,0.99,0.7129,7,4.33,1.62,0.2079
Chr5_25793637,genomic,2,Chr5,6012018,113,11,11.4,0.96,0.4455,3,2.35,1.28,0.4653,7,5.02,1.39,0.297
Chr5_25793637,genomic,3,Chr3,2071952,113,21,12.17,1.73,0.1584,6,2.52,2.38,0.0099,6,4.44,1.35,0.2772
Chr5_25793637,te,1,Chr3,13781279,113,5,11.52,0.43,0.7228,2,2.15,0.93,0.8119,5,3.98,1.26,0.3564
Chr5_25793637,te,2,Chr3,15968092,113,25,13.1,1.91,0.1485,2,2.54,0.79,0.8713,5,5.2,0.96,0.5545
Chr5_25793637,te,3,Chr5,14821735,113,4,15.24,0.26,0.9208,3,2.34,1.28,0.3861,3,5.47,0.55,0.9109
Chr2_11865879,genomic,1,Chr5,20307926,58,5,5.92,0.84,0.3366,2,1.09,1.83,0.2772,3,2.11,1.42,0.3564
Chr2_11865879,genomic,2,Chr5,23350599,58,23,4.52,5.09,0.0297,1,1.05,0.95,0.8218,4,1.91,2.09,0.1683
Chr2_11865879,genomic,3,Chr4,7833329,58,9,5.76,1.56,0.2079,1,1.27,0.79,0.901,4,2.24,1.79,0.2178
Chr2_11865879,te,1,Chr3,14216213,58,2,3.0,0.67,0.4653,2,0.95,2.11,0.2079,2,1.4,1.43,0.3762
Chr2_11865879,te,2,Chr1,16599388,58,4,7.21,0.55,0.505,1,1.15,0.87,0.8614,3,2.46,1.22,0.4257
Chr2_11865879,te,3,Chr3,21305274,58,6,11.01,0.54,0.6139,2,1.28,1.56,0.3069,3,4.28,0.7,0.7327
Chr1_13155889,genomic,1,Chr1,7780366,1000,261,106.15,2.46,0.0099,25,20.49,1.22,0.1287,73,41.81,1.75,0.0099
Chr1_13155889,genomic,2,Chr4,17931950,1000,89,115.12,0.77,0.8218,19,21.29,0.89,0.8713,35,42.43,0.82,0.8713
Chr1_13155889,genomic,3,Chr3,931980,1000,97,124.35,0.78,0.802,25,21.2,1.18,0.1287,40,42.78,0.94,0.6634
Chr1_13155889,te,1,Chr3,11990379,1000,134,136.62,0.98,0.4851,25,22.99,1.09,0.297,61,52.42,1.16,0.1386
Chr1_13155889,te,2,Chr3,12171569,1000,155,111.2,1.39,0.099,23,20.79,1.11,0.2772,55,41.49,1.33,0.0396
Chr1_13155889,te,3,Chr1,14166267,1000,191,129.53,1.47,0.0594,24,21.83,1.1,0.297,72,48.79,1.48,0.0099
Chr3_16318627,genomic,1,Chr5,22462446,314,38,36.83,1.03,0.4554,7,6.9,1.01,0.5842,15,13.83,1.08,0.4554
Chr3_16318627,genomic,2,Chr3,12433183,314,19,38.8,0.49,0.9109,7,6.67,1.05,0.5446,10,14.67,0.68,0.901
Chr3_16318627,genomic,3,Chr1,22863945,314,55,29.02,1.9,0.0594,8,6.21,1.29,0.2178,20,11.97,1.67,0.0594
Chr3_16318627,te,1,Chr1,21128364,314,29,48.15,0.6,0.9109,6,7.11,0.84,0.8416,11,17.98,0.61,0.9703
Chr3_16318627,te,2,Chr5,13689517,314,71,46.4,1.53,0.1089,9,6.8,1.32,0.1188,21,16.26,1.29,0.1287
Chr3_16318627,te,3,Chr5,22267287,314,34,45.87,0.74,0.7228,8,7.15,1.12,0.4554,16,18.21,0.88,0.7129
Chr1_16404245,genomic,1,Chr3,7644146,276,60,32.06,1.87,0.0594,7,5.66,1.24,0.2871,15,11.58,1.3,0.1881
Chr1_16404245,genomic,2,Chr4,6243711,276,29,39.13,0.74,0.6832,5,6.01,0.83,0.8713,11,14.63,0.75,0.8713
Chr1_16404245,genomic,3,Chr1,18026959,276,29,27.5,1.05,0.3861,6,5.83,1.03,0.604,7,10.36,0.68,0.8614
Chr1_16404245,te,1,Chr3,15921071,276,34,30.12,1.13,0.3366,5,5.8,0.86,0.8317,10,11.26,0.89,0.6634
Chr1_16404245,te,2,Chr5,15372784,276,42,31.2,1.35,0.2277,7,5.94,1.18,0.3366,17,12.6,1.35,0.1584
Chr1_16404245,te,3,Chr1,14917520,276,55,31.49,1.75,0.0693,8,5.57,1.44,0.099,18,12.39,1.45,0.1683
Chr4_5702291,genomic,1,Chr5,17802353,462,48,46.77,1.03,0.4257,11,9.71,1.13,0.3069,28,18.65,1.5,0.0297
Chr4_5702291,genomic,2,Chr2,19675566,462,55,48.66,1.13,0.3267,13,9.43,1.38,0.0792,30,18.59,1.61,0.0396
Chr4_5702291,genomic,3,Chr3,1035540,462,89,51.34,1.73,0.1089,13,9.11,1.43,0.0693,27,17.05,1.58,0.0594
Chr4_5702291,te,1,Chr1,14427057,462,38,54.69,0.69,0.7624,11,9.8,1.12,0.3465,23,19.98,1.15,0.297
Chr4_5702291,te,2,Chr2,3929995,462,93,67.38,1.38,0.1683,11,10.34,1.06,0.4653,34,26.04,1.31,0.0891
Chr4_5702291,te,3,Chr3,3750485,462,64,68.01,0.94,0.495,11,10.33,1.06,0.495,22,25.64,0.86,0.7723
Chr4_2692712,genomic,1,Chr1,11975775,2178,370,231.82,1.6,0.0099,48,44.67,1.07,0.2376,134,85.46,1.57,0.0099
Chr4_2692712,genomic,2,Chr5,11781968,2178,283,229.8,1.23,0.1287,49,45.17,1.08,0.2376,104,85.85,1.21,0.0297
Chr4_2692712,genomic,3,Chr2,2260736,2178,471,290.48,1.62,0.0099,46,47.07,0.98,0.604,126,108.36,1.16,0.0594
Chr4_2692712,te,1,Chr1,13011270,2178,274,224.43,1.22,0.1386,49,44.77,1.09,0.1584,99,85.77,1.15,0.1287
Chr4_2692712,te,2,Chr1,21524503,2178,589,260.08,2.26,0.0099,48,45.81,1.05,0.3168,129,97.44,1.32,0.0198
Chr4_2692712,te,3,Chr5,13105146,2178,456,232.22,1.96,0.0099,46,44.91,1.02,0.4554,122,85.03,1.43,0.0099
Chr1_23125810,genomic,1,Chr1,8826903,70,3,4.9,0.61,0.5347,1,1.2,0.83,0.8911,3,2.18,1.38,0.3168
Chr1_23125810,genomic,2,Chr5,12114980,70,1,5.51,0.18,0.9109,1,1.44,0.69,0.9109,1,2.33,0.43,0.9109
Chr1_23125810,genomic,3,Chr3,20680069,70,8,6.07,1.32,0.2574,2,1.32,1.52,0.4257,4,2.36,1.69,0.2376
Chr1_23125810,te,1,Chr2,2511862,70,3,4.09,0.73,0.396,2,1.0,2.0,0.2277,2,1.62,1.23,0.4653
Chr1_23125810,te,2,Chr3,4927553,70,16,8.04,1.99,0.1287,2,1.55,1.29,0.5248,2,3.06,0.65,0.8218
Chr1_23125810,te,3,Chr3,12443838,70,5,6.93,0.72,0.5149,1,1.42,0.7,0.9307,3,2.64,1.14,0.4653
Chr3_13827339,genomic,1,Chr4,5561339,808,148,129.62,1.14,0.2772,16,17.41,0.92,0.8119,42,48.0,0.88,0.8713
Chr3_13827339,genomic,2,Chr5,13910735,808,174,78.86,2.21,0.0099,16,15.81,1.01,0.5842,44,29.33,1.5,0.0297
Chr3_13827339,genomic,3,Chr1,26863903,808,78,93.58,0.83,0.6139,17,17.3,0.98,0.5941,42,35.84,1.17,0.198
Chr3_13827339,te,1,Chr5,13656398,808,79,102.86,0.77,0.7327,17,17.13,0.99,0.5644,32,38.12,0.84,0.8317
Chr3_13827339,te,2,Chr1,11656420,808,132,119.88,1.1,0.3267,17,17.82,0.95,0.7129,31,46.11,0.67,0.9802
Chr3_13827339,te,3,Chr1,22231452,808,104,87.06,1.19,0.2574,16,16.34,0.98,0.6634,39,30.28,1.29,0.1485
Chr4_12137420,genomic,1,Chr5,13407988,4886,673,505.99,1.33,0.0297,90,99.68,0.9,0.9901,239,193.42,1.24,0.0099
Chr4_12137420,genomic,2,Chr2,3139746,4886,613,554.47,1.11,0.2079,107,101.36,1.06,0.2277,229,204.2,1.12,0.0396
Chr4_12137420,genomic,3,Chr5,6502334,4886,725,551.89,1.31,0.0297,102,103.25,0.99,0.5842,249,210.23,1.18,0.0198
Chr4_12137420,te,1,Chr2,3223719,4886,485,508.1,0.95,0.604,103,98.69,1.04,0.297,197,188.24,1.05,0.3663
Chr4_12137420,te,2,Chr2,4070533,4886,650,552.98,1.18,0.1188,93,102.19,0.91,0.9208,250,209.49,1.19,0.0297
Chr4_12137420,te,3,Chr3,17980502,4886,615,528.75,1.16,0.1485,98,101.97,0.96,0.7426,218,199.45,1.09,0.1386
Chr4_8266941,genomic,1,Chr5,3571786,57,8,4.45,1.8,0.1683,2,0.89,2.25,0.1683,4,1.41,2.84,0.099
Chr4_8266941,genomic,2,Chr4,693272,57,5,4.64,1.08,0.3168,1,1.11,0.9,0.8614,2,1.74,1.15,0.4455
Chr4_8266941,genomic,3,Chr4,9657171,57,8,5.98,1.34,0.2376,1,1.04,0.96,0.8317,4,2.1,1.9,0.2178
Chr4_8266941,te,1,Chr3,17034998,57,6,4.29,1.4,0.2475,1,1.13,0.88,0.8713,1,1.84,0.54,0.8713
Chr4_8266941,te,2,Chr4,5159817,57,9,7.83,1.15,0.3663,1,1.31,0.76,0.9109,2,2.6,0.77,0.703
Chr4_8266941,te,3,Chr3,10561784,57,2,3.41,0.59,0.604,1,1.05,0.95,0.7822,1,1.63,0.61,0.7822
Chr2_1027540,genomic,1,Chr5,5234011,103,30,10.67,2.81,0.0495,2,2.21,0.9,0.8218,7,4.52,1.55,0.2079
Chr2_1027540,genomic,2,Chr5,11047322,103,24,9.49,2.53,0.0495,2,1.98,1.01,0.7228,7,3.82,1.83,0.1089
Chr2_1027540,genomic,3,Chr1,3226858,103,1,13.79,0.07,1.0,1,2.21,0.45,1.0,1,5.46,0.18,1.0
Chr2_1027540,te,1,Chr1,12307091,103,18,14.03,1.28,0.3168,3,2.3,1.3,0.4158,9,5.4,1.67,0.1188
Chr2_1027540,te,2,Chr4,5420963,103,7,11.07,0.63,0.703,5,2.2,2.27,0.0198,7,4.73,1.48,0.2178
Chr2_1027540,te,3,Chr4,1864444,103,12,15.14,0.79,0.6535,3,2.09,1.44,0.297,6,5.55,1.08,0.495
Chr5_12249307,genomic,1,Chr3,7296569,93,2,14.46,0.14,0.9901,1,2.07,0.48,0.9901,1,4.93,0.2,0.9901
Chr5_12249307,genomic,2,Chr4,10597603,93,4,15.1,0.26,0.8713,1,1.97,0.51,1.0,1,5.51,0.18,1.0
Chr5_12249307,genomic,3,Chr3,10698882,93,3,8.35,0.36,0.802,2,1.93,1.04,0.7129,3,3.65,0.82,0.6931
Chr5_12249307,te,1,Chr4,7863954,93,11,14.38,0.76,0.5545,3,1.98,1.52,0.2178,6,4.75,1.26,0.297
Chr5_12249307,te,2,Chr4,6072611,93,22,9.06,2.43,0.0594,2,1.88,1.06,0.6634,6,3.6,1.67,0.1881
Chr5_12249307,te,3,Chr3,12404158,93,31,8.15,3.8,0.0198,2,1.92,1.04,0.703,10,3.25,3.08,0.0297
Chr1_14432177,genomic,1,Chr5,14169567,89,3,7.78,0.39,0.7723,1,1.85,0.54,0.9703,3,3.23,0.93,0.6436
Chr1_14432177,genomic,2,Chr5,7950469,89,7,8.08,0.87,0.4356,2,1.8,1.11,0.6337,5,3.43,1.46,0.2673
Chr1_14432177,genomic,3,Chr1,8640306,89,25,8.7,2.87,0.0693,2,1.75,1.14,0.604,10,3.66,2.73,0.0297
Chr1_14432177,te,1,Chr3,9049099,89,78,12.88,6.06,0.0099,2,1.93,1.04,0.703,6,4.12,1.46,0.2277
Chr1_14432177,te,2,Chr5,10148568,89,9,7.59,1.19,0.2772,3,1.64,1.83,0.1485,5,3.11,1.61,0.2376
Chr1_14432177,te,3,Chr2,1642907,89,18,9.79,1.84,0.1386,2,1.86,1.08,0.6733,7,3.77,1.86,0.1386
Chr4_6890596,genomic,1,Chr5,17979216,138,29,17.03,1.7,0.1287,4,3.05,1.31,0.3366,17,6.99,2.43,0.0099
Chr4_6890596,genomic,2,Chr4,18005845,138,134,39.74,3.37,0.0099,1,2.64,0.38,1.0,16,14.56,1.1,0.4554
Chr4_6890596,genomic,3,Chr2,5163123,138,39,15.89,2.45,0.0693,1,2.9,0.34,0.9901,11,6.37,1.73,0.0594
Chr4_6890596,te,1,Chr5,12790722,138,8,12.79,0.63,0.6238,3,2.84,1.06,0.5941,5,5.44,0.92,0.6337
Chr4_6890596,te,2,Chr1,15849037,138,17,18.62,0.91,0.495,3,3.24,0.93,0.7921,7,7.01,1.0,0.5545
Chr4_6890596,te,3,Chr3,12242874,138,23,63.71,0.36,0.9802,2,1.54,1.3,0.505,7,12.28,0.57,0.9703
Chr1_11313258,genomic,1,Chr4,10058145,318,103,44.03,2.34,0.0099,8,6.94,1.15,0.4158,27,16.69,1.62,0.0198
Chr1_11313258,genomic,2,Chr1,1971539,318,46,33.91,1.36,0.2178,7,6.28,1.11,0.4356,19,12.95,1.47,0.0792
Chr1_11313258,genomic,3,Chr5,11102655,318,18,30.45,0.59,0.7822,10,6.32,1.58,0.0198,14,12.13,1.15,0.3267
Chr1_11313258,te,1,Chr3,28916,318,19,30.93,0.61,0.8416,8,6.52,1.23,0.2871,9,12.33,0.73,0.8614
Chr1_11313258,te,2,Chr1,6707318,318,42,35.34,1.19,0.3069,6,6.68,0.9,0.7822,16,14.56,1.1,0.4257
Chr1_11313258,te,3,Chr5,14870648,318,56,43.15,1.3,0.2376,7,6.89,1.02,0.5743,20,15.87,1.26,0.1881
Chr5_16369120,genomic,1,Chr2,3764576,272,46,18.86,2.44,0.0594,4,5.04,0.79,0.8416,8,7.94,1.01,0.5644
Chr5_16369120,genomic,2,Chr4,14675417,272,59,32.64,1.81,0.099,6,5.77,1.04,0.5644,10,12.34,0.81,0.7723
Chr5_16369120,genomic,3,Chr5,1497070,272,110,30.77,3.57,0.0198,4,5.6,0.71,0.9307,15,11.8,1.27,0.2574
Chr5_16369120,te,1,Chr5,4799656,272,129,23.13,5.58,0.0099,5,5.65,0.88,0.7228,20,9.44,2.12,0.0099
Chr5_16369120,te,2,Chr4,2755579,272,37,35.65,1.04,0.4158,6,5.91,1.02,0.6337,11,14.14,0.78,0.7624
Chr5_16369120,te,3,Chr5,7070378,272,20,31.8,0.63,0.7921,6,5.98,1.0,0.6238,15,12.5,1.2,0.3069
Chr1_15203829,genomic,1,Chr1,11902843,2238,260,258.61,1.01,0.5149,48,47.01,1.02,0.495,106,94.61,1.12,0.1584
Chr1_15203829,genomic,2,Chr4,8158146,2238,253,234.49,1.08,0.3069,50,46.47,1.08,0.2277,102,89.3,1.14,0.0891
Chr1_15203829,genomic,3,Chr4,2416921,2238,516,289.0,1.79,0.0099,45,48.23,0.93,0.8416,136,107.08,1.27,0.0099
Chr1_15203829,te,1,Chr4,2844123,2238,216,254.17,0.85,0.7921,47,47.14,1.0,0.5347,107,94.64,1.13,0.1287
Chr1_15203829,te,2,Chr4,11103698,2238,374,240.45,1.56,0.0099,49,46.91,1.04,0.3663,120,92.34,1.3,0.0198
Chr1_15203829,te,3,Chr2,1786836,2238,515,292.26,1.76,0.0099,43,47.53,0.9,0.8614,141,108.83,1.3,0.0297
Chr1_15203677,genomic,1,Chr3,6477509,2396,453,248.51,1.82,0.0099,49,48.58,1.01,0.505,148,98.13,1.51,0.0099
Chr1_15203677,genomic,2,Chr2,1001602,2396,384,296.65,1.29,0.0792,54,51.59,1.05,0.297,138,113.65,1.21,0.0594
Chr1_15203677,genomic,3,Chr5,22726884,2396,443,278.6,1.59,0.0099,49,50.93,0.96,0.7327,142,105.53,1.35,0.0099
Chr1_15203677,te,1,Chr2,7182984,2396,321,316.5,1.01,0.4554,48,52.43,0.92,0.8614,116,119.75,0.97,0.5545
Chr1_15203677,te,2,Chr5,26275177,2396,252,343.78,0.73,0.9604,46,51.86,0.89,0.9307,109,126.12,0.86,0.9307
Chr1_15203677,te,3,Chr3,14987928,2396,434,346.22,1.25,0.0297,54,53.08,1.02,0.4752,171,128.15,1.33,0.0099
Chr5_15199487,genomic,1,Chr2,17261791,213,53,24.09,2.2,0.0495,5,4.59,1.09,0.5545,13,9.59,1.36,0.2079
Chr5_15199487,genomic,2,Chr1,23483537,213,19,18.47,1.03,0.396,5,3.9,1.28,0.3168,11,7.84,1.4,0.2079
Chr5_15199487,genomic,3,Chr2,6849206,213,46,21.59,2.13,0.0495,3,4.28,0.7,0.9208,14,9.42,1.49,0.1287
Chr5_15199487,te,1,Chr5,14441212,213,22,26.89,0.82,0.5842,5,4.68,1.07,0.5545,10,11.03,0.91,0.6337
Chr5_15199487,te,2,Chr5,19893667,213,26,24.2,1.07,0.3663,5,4.45,1.12,0.5248,11,9.08,1.21,0.297
Chr5_15199487,te,3,Chr1,20834484,213,25,26.05,0.96,0.4851,3,4.65,0.65,0.9604,10,10.65,0.94,0.6634
Chr2_17268890,genomic,1,Chr3,21561561,617,128,72.19,1.77,0.0396,11,12.9,0.85,0.8812,34,26.64,1.28,0.0891
Chr2_17268890,genomic,2,Chr2,18430649,617,138,66.77,2.07,0.0396,10,12.72,0.79,0.9505,44,25.23,1.74,0.0099
Chr2_17268890,genomic,3,Chr4,7845499,617,83,76.22,1.09,0.3861,15,12.91,1.16,0.2475,32,26.67,1.2,0.198
Chr2_17268890,te,1,Chr4,4882216,617,55,99.95,0.55,0.9901,15,13.31,1.13,0.3267,29,36.54,0.79,0.8911
Chr2_17268890,te,2,Chr3,115267,617,63,78.57,0.8,0.7228,13,13.33,0.98,0.6634,29,28.63,1.01,0.5446
Chr2_17268890,te,3,Chr5,13188987,617,85,79.34,1.07,0.3762,11,13.58,0.81,0.9307,29,30.48,0.95,0.5842
Chr2_8580436,genomic,1,Chr1,12823184,77,4,7.24,0.55,0.5941,1,1.44,0.69,0.9505,2,2.9,0.69,0.703
Chr2_8580436,genomic,2,Chr2,10624037,77,58,10.99,5.28,0.0198,1,1.52,0.66,0.9802,9,3.16,2.85,0.0099
Chr2_8580436,genomic,3,Chr1,12358648,77,184,7.89,23.32,0.0099,1,1.31,0.76,0.9109,8,2.54,3.15,0.0396
Chr2_8580436,te,1,Chr5,6422919,77,10,8.03,1.25,0.3069,3,1.69,1.78,0.1782,5,3.22,1.55,0.1782
Chr2_8580436,te,2,Chr2,3884110,77,17,5.12,3.32,0.0495,2,1.44,1.39,0.4455,3,2.46,1.22,0.4257
Chr2_8580436,te,3,Chr2,2377303,77,8,8.4,0.95,0.4455,2,1.36,1.47,0.396,4,2.55,1.57,0.297
Chr3_11694827,genomic,1,Chr2,9501994,380,43,42.27,1.02,0.4851,8,7.7,1.04,0.5248,16,15.41,1.04,0.4752
Chr3_11694827,genomic,2,Chr5,21194110,380,37,58.99,0.63,0.901,10,8.77,1.14,0.3168,16,22.71,0.7,0.9307
Chr3_11694827,genomic,3,Chr2,9764206,380,58,41.09,1.41,0.1683,9,7.97,1.13,0.3762,20,15.95,1.25,0.2178
Chr3_11694827,te,1,Chr5,22353628,380,54,48.18,1.12,0.3564,8,8.16,0.98,0.6634,20,19.19,1.04,0.495
Chr3_11694827,te,2,Chr1,14233784,380,36,35.96,1.0,0.4257,7,7.58,0.92,0.7525,12,14.2,0.85,0.7129
Chr3_11694827,te,3,Chr4,3661237,380,61,46.06,1.32,0.198,5,7.96,0.63,0.9901,25,17.66,1.42,0.0594
Chr2_18089620,genomic,1,Chr5,23095213,283,68,37.98,1.79,0.0792,7,6.15,1.14,0.3861,10,14.27,0.7,0.8911
Chr2_18089620,genomic,2,Chr3,22541086,283,29,41.15,0.7,0.7822,7,6.41,1.09,0.4554,16,15.75,1.02,0.5347
Chr2_18089620,genomic,3,Chr2,10730075,283,43,29.97,1.43,0.2277,8,6.27,1.28,0.2277,13,12.41,1.05,0.5347
Chr2_18089620,te,1,Chr5,23763362,283,81,41.96,1.93,0.0396,4,6.41,0.62,0.9901,22,15.35,1.43,0.0693
Chr2_18089620,te,2,Chr3,16716046,283,27,33.26,0.81,0.604,9,5.92,1.52,0.0693,16,13.59,1.18,0.3069
Chr2_18089620,te,3,Chr1,25022389,283,36,40.8,0.88,0.5644,5,5.46,0.92,0.7624,13,14.11,0.92,0.6436
Chr5_11481464,genomic,1,Chr1,30037094,137,19,15.34,1.24,0.2673,2,2.76,0.72,0.901,9,5.77,1.56,0.1188
Chr5_11481464,genomic,2,Chr4,14840285,137,20,15.33,1.3,0.2871,2,2.89,0.69,0.9406,4,5.94,0.67,0.8317
Chr5_11481464,genomic,3,Chr4,15454741,137,23,24.6,0.93,0.505,3,3.18,0.94,0.7624,11,8.88,1.24,0.2772
Chr5_11481464,te,1,Chr3,8614762,137,12,20.93,0.57,0.7723,2,3.02,0.66,0.9901,7,7.66,0.91,0.6238
Chr5_11481464,te,2,Chr2,10254939,137,29,15.93,1.82,0.1287,3,2.89,1.04,0.703,8,6.38,1.25,0.297
Chr5_11481464,te,3,Chr1,15199524,137,15,14.92,1.01,0.4059,3,2.7,1.11,0.505,10,5.15,1.94,0.0495
Chr5_772246,genomic,1,Chr1,21537242,229,43,32.37,1.33,0.198,5,5.04,0.99,0.6337,11,12.71,0.87,0.7228
Chr5_772246,genomic,2,Chr3,9264738,229,23,21.69,1.06,0.4059,4,4.55,0.88,0.7624,13,8.21,1.58,0.0891
Chr5_772246,genomic,3,Chr5,26902528,229,26,27.93,0.93,0.505,5,5.13,0.97,0.7129,13,11.37,1.14,0.396
Chr5_772246,te,1,Chr2,7616513,229,17,31.21,0.54,0.7822,5,4.9,1.02,0.604,11,12.23,0.9,0.6337
Chr5_772246,te,2,Chr1,24573924,229,42,33.6,1.25,0.2673,4,4.6,0.87,0.8416,17,12.23,1.39,0.1485
Chr5_772246,te,3,Chr3,16152464,229,12,26.73,0.45,0.9505,2,4.91,0.41,0.9901,6,10.53,0.57,0.9208
Chr5_6195904,genomic,1,Chr5,22716925,62,18,5.68,3.17,0.0693,2,1.2,1.67,0.3366,5,2.11,2.37,0.0891
Chr5_6195904,genomic,2,Chr3,2117142,62,4,6.26,0.64,0.5347,1,1.29,0.78,0.9406,3,2.5,1.2,0.4554
Chr5_6195904,genomic,3,Chr5,13880388,62,0,8.08,0.0,1.0,0,1.48,0.0,1.0,0,2.94,0.0,1.0
Chr5_6195904,te,1,Chr5,18538953,62,9,9.51,0.95,0.4356,1,1.37,0.73,0.9703,3,3.44,0.87,0.6436
Chr5_6195904,te,2,Chr2,19528229,62,18,8.17,2.2,0.099,1,1.45,0.69,0.9505,4,3.28,1.22,0.4257
Chr5_6195904,te,3,Chr2,12725467,62,29,30.64,0.95,0.4851,1,1.16,0.86,1.0,7,6.84,1.02,0.5842
Chr5_18697015,genomic,1,Chr1,22509314,428,22,43.36,0.51,0.9109,9,9.04,1.0,0.5743,15,17.79,0.84,0.7327
Chr5_18697015,genomic,2,Chr1,6112557,428,31,51.88,0.6,0.9208,6,9.12,0.66,0.9802,11,20.17,0.55,0.9901
Chr5_18697015,genomic,3,Chr5,22647334,428,62,44.99,1.38,0.1683,7,8.81,0.79,0.9307,21,16.76,1.25,0.2178
Chr5_18697015,te,1,Chr3,16210938,428,29,42.45,0.68,0.7723,8,8.49,0.94,0.7228,21,16.42,1.28,0.2178
Chr5_18697015,te,2,Chr2,2205101,428,33,44.93,0.73,0.6634,4,8.13,0.49,1.0,11,15.28,0.72,0.8317
Chr5_18697015,te,3,Chr4,5110015,428,80,54.27,1.47,0.1089,8,9.24,0.87,0.8515,33,20.48,1.61,0.0198
Chr4_10183460,genomic,1,Chr5,15513956,168,86,24.76,3.47,0.0198,5,3.16,1.58,0.1089,13,9.38,1.39,0.1881
Chr4_10183460,genomic,2,Chr1,25224186,168,18,17.77,1.01,0.4257,5,3.41,1.47,0.1485,9,7.02,1.28,0.2772
Chr4_10183460,genomic,3,Chr4,14007890,168,7,19.28,0.36,0.8713,3,3.4,0.88,0.802,4,6.37,0.63,0.8911
Chr4_10183460,te,1,Chr4,7956500,168,13,23.54,0.55,0.8515,3,3.88,0.77,0.9307,4,9.13,0.44,0.9802
Chr4_10183460,te,2,Chr3,15279474,168,21,15.88,1.32,0.2574,3,3.5,0.86,0.8416,9,6.47,1.39,0.2079
Chr4_10183460,te,3,Chr1,18745872,168,9,19.47,0.46,0.8515,3,3.67,0.82,0.8614,7,7.51,0.93,0.5446
Chr5_18523472,genomic,1,Chr1,26119942,566,72,68.25,1.05,0.4059,12,12.16,0.99,0.6535,31,26.7,1.16,0.2475
Chr5_18523472,genomic,2,Chr4,14589092,566,87,57.3,1.52,0.1386,12,11.73,1.02,0.5842,30,23.39,1.28,0.1584
Chr5_18523472,genomic,3,Chr1,26008193,566,94,59.13,1.59,0.0891,14,11.33,1.24,0.1881,30,22.45,1.34,0.1089
Chr5_18523472,te,1,Chr5,13677176,566,57,78.43,0.73,0.8416,16,12.39,1.29,0.0693,34,30.86,1.1,0.3267
Chr5_18523472,te,2,Chr4,12948967,566,62,93.98,0.66,0.9208,13,12.16,1.07,0.4257,26,34.53,0.75,0.9703
Chr5_18523472,te,3,Chr4,2639618,566,74,66.29,1.12,0.396,12,12.31,0.97,0.6337,24,25.18,0.95,0.5941
Chr2_11752540,genomic,1,Chr4,2458027,375,34,44.92,0.76,0.6634,10,8.34,1.2,0.2475,19,17.06,1.11,0.4158
Chr2_11752540,genomic,2,Chr2,10167032,375,29,41.56,0.7,0.6535,4,8.01,0.5,1.0,13,15.92,0.82,0.7822
Chr2_11752540,genomic,3,Chr1,11591729,375,78,48.74,1.6,0.0891,7,8.41,0.83,0.8812,20,18.98,1.05,0.4455
Chr2_11752540,te,1,Chr2,9058184,375,77,47.3,1.63,0.1188,10,8.34,1.2,0.2574,23,17.63,1.3,0.1089
Chr2_11752540,te,2,Chr5,10118250,375,63,45.82,1.37,0.2079,9,7.94,1.13,0.3564,22,17.69,1.24,0.1584
Chr2_11752540,te,3,Chr5,14732014,375,180,57.87,3.11,0.0099,8,8.12,0.99,0.6337,27,18.82,1.43,0.0594
Chr2_5077103,genomic,1,Chr1,1025320,670,47,70.87,0.66,0.8416,12,13.68,0.88,0.8614,26,26.21,0.99,0.5248
Chr2_5077103,genomic,2,Chr1,21735274,670,89,72.58,1.23,0.297,11,13.46,0.82,0.8812,21,25.8,0.81,0.8218
Chr2_5077103,genomic,3,Chr3,5487441,670,158,87.73,1.8,0.0198,18,14.31,1.26,0.0693,33,32.58,1.01,0.5347
Chr2_5077103,te,1,Chr1,14236945,670,56,76.12,0.74,0.7525,18,14.29,1.26,0.1089,32,28.06,1.14,0.3168
Chr2_5077103,te,2,Chr2,3777827,670,105,93.61,1.12,0.3168,12,14.67,0.82,0.9109,42,35.2,1.19,0.1584
Chr2_5077103,te,3,Chr5,13791318,670,112,82.8,1.35,0.1683,14,14.6,0.96,0.703,34,30.75,1.11,0.2772
Chr5_15421061,genomic,1,Chr3,5235417,259,32,29.68,1.08,0.3861,6,5.34,1.12,0.4554,16,10.43,1.53,0.0792
Chr5_15421061,genomic,2,Chr2,16453918,259,20,29.68,0.67,0.7129,7,5.52,1.27,0.2178,11,11.09,0.99,0.5545
Chr5_15421061,genomic,3,Chr5,16289098,259,48,29.65,1.62,0.1188,4,5.5,0.73,0.9406,14,10.97,1.28,0.2475
Chr5_15421061,te,1,Chr5,7319740,259,41,37.98,1.08,0.4158,8,5.66,1.41,0.0495,20,14.1,1.42,0.1188
Chr5_15421061,te,2,Chr5,12515181,259,9,26.44,0.34,0.8812,2,5.27,0.38,1.0,4,9.41,0.43,0.9604
Chr5_15421061,te,3,Chr5,19966221,259,52,35.43,1.47,0.1584,5,5.61,0.89,0.802,17,13.36,1.27,0.2178
Chr3_16135030,genomic,1,Chr4,7601234,518,36,53.48,0.67,0.7327,13,10.82,1.2,0.2277,20,21.55,0.93,0.6238
Chr3_16135030,genomic,2,Chr4,14128843,518,76,63.16,1.2,0.2574,11,11.13,0.99,0.6436,25,24.27,1.03,0.4554
Chr3_16135030,genomic,3,Chr1,21369405,518,41,73.02,0.56,0.9505,10,11.26,0.89,0.802,21,26.77,0.78,0.8614
Chr3_16135030,te,1,Chr5,12537366,518,41,67.13,0.61,0.8317,10,10.8,0.93,0.7525,18,26.48,0.68,0.9307
Chr3_16135030,te,2,Chr5,15239099,518,61,56.74,1.08,0.3861,11,10.74,1.02,0.5545,26,20.39,1.28,0.1584
Chr3_16135030,te,3,Chr1,16360861,518,73,60.64,1.2,0.2475,10,11.07,0.9,0.7624,29,24.44,1.19,0.2079
Chr5_16272738,genomic,1,Chr3,21101167,1251,148,143.67,1.03,0.4257,26,26.38,0.99,0.5941,58,51.88,1.12,0.2673
Chr5_16272738,genomic,2,Chr5,20481816,1251,161,142.91,1.13,0.2673,20,25.61,0.78,0.9703,46,50.82,0.91,0.703
Chr5_16272738,genomic,3,Chr3,19452811,1251,383,142.33,2.69,0.0099,25,26.08,0.96,0.7129,75,53.08,1.41,0.0099
Chr5_16272738,te,1,Chr3,14645420,1251,193,145.79,1.32,0.1485,22,26.05,0.84,0.9307,47,51.55,0.91,0.7327
Chr5_16272738,te,2,Chr4,2592310,1251,214,182.05,1.18,0.1782,27,28.01,0.96,0.7129,68,69.12,0.98,0.6139
Chr5_16272738,te,3,Chr2,7093916,1251,162,166.81,0.97,0.5149,25,27.43,0.91,0.8416,70,65.01,1.08,0.2871
Chr3_11718952,genomic,1,Chr5,20605110,1244,103,134.52,0.77,0.8119,29,25.82,1.12,0.1485,55,51.95,1.06,0.3267
Chr3_11718952,genomic,2,Chr1,27522889,1244,233,137.61,1.69,0.0594,26,25.16,1.03,0.4554,56,50.86,1.1,0.2475
Chr3_11718952,genomic,3,Chr1,19845062,1244,184,145.9,1.26,0.1089,25,26.7,0.94,0.7525,61,55.66,1.1,0.2673
Chr3_11718952,te,1,Chr3,11145036,1244,212,131.75,1.61,0.0495,31,25.21,1.23,0.0396,57,48.98,1.16,0.2178
Chr3_11718952,te,2,Chr3,15556444,1244,170,124.53,1.37,0.1287,23,25.13,0.92,0.8119,45,48.24,0.93,0.6733
Chr3_11718952,te,3,Chr1,15767788,1244,156,148.34,1.05,0.4158,23,26.42,0.87,0.9307,72,56.19,1.28,0.0396
Chr1_11922070,genomic,1,Chr5,5058166,58,3,4.86,0.62,0.5149,2,1.19,1.68,0.3465,3,1.93,1.55,0.297
Chr1_11922070,genomic,2,Chr2,348600,58,31,5.81,5.34,0.0099,1,1.23,0.81,0.9307,8,2.9,2.76,0.0099
Chr1_11922070,genomic,3,Chr5,11663286,58,21,3.69,5.69,0.0198,1,1.02,0.98,0.7921,7,1.89,3.7,0.0198
Chr1_11922070,te,1,Chr5,15267021,58,0,6.49,0.0,1.0,0,1.24,0.0,1.0,0,2.54,0.0,1.0
Chr1_11922070,te,2,Chr1,5268557,58,24,4.1,5.85,0.0297,1,1.07,0.93,0.8317,7,1.92,3.65,0.0198
Chr1_11922070,te,3,Chr2,13251258,58,3,4.75,0.63,0.505,1,1.1,0.91,0.8416,3,1.92,1.56,0.2871
Chr3_14225085,genomic,1,Chr4,5754979,489,66,48.28,1.37,0.2376,11,9.53,1.15,0.3465,31,18.09,1.71,0.0099
Chr3_14225085,genomic,2,Chr4,498317,489,52,66.92,0.78,0.7129,8,10.51,0.76,0.9901,18,24.65,0.73,0.9307
Chr3_14225085,genomic,3,Chr4,10438783,489,57,51.12,1.12,0.3861,13,10.09,1.29,0.0891,26,18.94,1.37,0.0792
Chr3_14225085,te,1,Chr3,23108667,489,78,56.78,1.37,0.1584,16,10.16,1.57,0.0099,25,21.45,1.17,0.3267
Chr3_14225085,te,2,Chr1,22851176,489,68,68.76,0.99,0.495,10,10.87,0.92,0.7624,23,26.2,0.88,0.7228
Chr3_14225085,te,3,Chr5,19966513,489,92,67.99,1.35,0.1782,10,10.79,0.93,0.7624,30,25.19,1.19,0.2673
Chr2_2454504,genomic,1,Chr5,14408831,1512,220,201.26,1.09,0.3267,36,32.94,1.09,0.2376,79,75.78,1.04,0.396
Chr2_2454504,genomic,2,Chr3,13885181,1512,213,159.21,1.34,0.1287,30,30.9,0.97,0.6634,66,59.81,1.1,0.2673
Chr2_2454504,genomic,3,Chr3,23283273,1512,243,166.03,1.46,0.0594,39,31.34,1.24,0.0099,90,59.99,1.5,0.0099
Chr2_2454504,te,1,Chr4,3222509,1512,177,194.39,0.91,0.5743,37,31.37,1.18,0.099,81,67.44,1.2,0.1188
Chr2_2454504,te,2,Chr1,16104854,1512,303,171.66,1.77,0.0099,35,31.3,1.12,0.1485,75,65.01,1.15,0.1782
Chr2_2454504,te,3,Chr5,12459311,1512,142,146.11,0.97,0.5248,32,31.34,1.02,0.4653,55,58.85,0.93,0.7327
Chr1_8282838,genomic,1,Chr4,2451180,432,34,52.71,0.65,0.8416,11,9.02,1.22,0.1683,23,19.6,1.17,0.2178
Chr1_8282838,genomic,2,Chr1,5905996,432,60,45.71,1.31,0.2475,10,9.06,1.1,0.4455,16,17.18,0.93,0.6238
Chr1_8282838,genomic,3,Chr2,15697896,432,107,44.35,2.41,0.0198,7,9.2,0.76,0.9208,26,17.39,1.5,0.0495
Chr1_8282838,te,1,Chr1,7857217,432,33,59.06,0.56,0.9307,8,9.38,0.85,0.8317,21,22.59,0.93,0.6634
Chr1_8282838,te,2,Chr2,2655349,432,58,58.1,1.0,0.4554,10,9.3,1.08,0.4653,26,22.05,1.18,0.2871
Chr1_8282838,te,3,Chr3,8872140,432,47,58.09,0.81,0.6733,10,9.36,1.07,0.5149,21,22.82,0.92,0.6337
Chr3_14388223,genomic,1,Chr1,13229851,985,326,120.11,2.71,0.0099,17,21.0,0.81,0.9406,86,46.35,1.86,0.0099
Chr3_14388223,genomic,2,Chr1,12690901,985,416,146.03,2.85,0.0099,20,21.18,0.94,0.7426,63,54.07,1.17,0.1683
Chr3_14388223,genomic,3,Chr2,10416974,985,168,93.68,1.79,0.0396,20,20.09,1.0,0.6337,36,37.58,0.96,0.6337
Chr3_14388223,te,1,Chr1,10597168,985,176,147.17,1.2,0.1881,17,21.88,0.78,0.9703,63,53.95,1.17,0.198
Chr3_14388223,te,2,Chr4,12070647,985,119,144.06,0.83,0.7723,28,21.46,1.3,0.0099,54,52.67,1.03,0.4752
Chr3_14388223,te,3,Chr3,16365408,985,170,146.31,1.16,0.2772,21,21.51,0.98,0.6535,61,54.44,1.12,0.2079
Chr1_28793212,genomic,1,Chr2,12394936,140,13,18.2,0.71,0.6634,3,3.19,0.94,0.7228,8,6.59,1.21,0.3168
Chr1_28793212,genomic,2,Chr1,19451548,140,10,15.35,0.65,0.6535,2,2.78,0.72,0.9307,7,6.11,1.15,0.3465
Chr1_28793212,genomic,3,Chr1,17178287,140,5,16.55,0.3,0.8911,3,2.89,1.04,0.6337,4,5.96,0.67,0.802
Chr1_28793212,te,1,Chr2,4117923,140,6,13.98,0.43,0.8218,4,2.91,1.37,0.3069,4,5.79,0.69,0.8119
Chr1_28793212,te,2,Chr5,11367486,140,13,12.41,1.05,0.3564,4,2.86,1.4,0.3069,4,4.88,0.82,0.6832
Chr1_28793212,te,3,Chr4,6356237,140,22,19.42,1.13,0.3465,2,3.02,0.66,0.9208,9,7.08,1.27,0.3366
Chr1_23984628,genomic,1,Chr3,16084220,130,49,19.1,2.57,0.0396,1,2.99,0.33,1.0,12,6.98,1.72,0.1089
Chr1_23984628,genomic,2,Chr2,2956113,130,18,14.65,1.23,0.2871,4,2.58,1.55,0.1782,7,4.94,1.42,0.2376
Chr1_23984628,genomic,3,Chr5,324785,130,33,16.39,2.01,0.1386,1,2.4,0.42,0.9802,6,5.39,1.11,0.4356
Chr1_23984628,te,1,Chr5,13979612,130,29,12.1,2.4,0.099,2,2.67,0.75,0.8911,3,4.88,0.61,0.802
Chr1_23984628,te,2,Chr4,9441758,130,14,14.4,0.97,0.4752,3,2.79,1.08,0.6337,3,5.92,0.51,0.8911
Chr1_23984628,te,3,Chr5,15184465,130,15,14.12,1.06,0.396,4,2.79,1.43,0.2871,5,5.67,0.88,0.6436
Chr4_6768133,genomic,1,Chr4,15001635,735,78,78.69,0.99,0.4653,13,15.61,0.83,0.8614,27,29.7,0.91,0.7327
Chr4_6768133,genomic,2,Chr1,28646539,735,202,100.73,2.01,0.0099,17,15.86,1.07,0.3564,41,37.55,1.09,0.3267
Chr4_6768133,genomic,3,Chr3,12189202,735,43,66.02,0.65,0.8119,14,14.09,0.99,0.5743,29,25.26,1.15,0.2673
Chr4_6768133,te,1,Chr1,14154343,735,143,100.65,1.42,0.0594,19,16.35,1.16,0.1386,63,38.67,1.63,0.0099
Chr4_6768133,te,2,Chr5,8748975,735,127,101.51,1.25,0.1683,15,15.96,0.94,0.7921,36,38.74,0.93,0.6832
Chr4_6768133,te,3,Chr2,1537594,735,100,110.46,0.91,0.6535,15,16.43,0.91,0.8317,48,41.91,1.15,0.198
Chr3_11300856,genomic,1,Chr3,17595807,215,36,21.1,1.71,0.1287,5,4.49,1.11,0.5347,12,8.81,1.36,0.2475
Chr3_11300856,genomic,2,Chr2,16113299,215,38,29.33,1.3,0.2574,8,4.53,1.77,0.0099,18,10.09,1.78,0.0297
Chr3_11300856,genomic,3,Chr4,9316665,215,13,30.09,0.43,0.7921,4,4.56,0.88,0.802,5,8.89,0.56,0.9208
Chr3_11300856,te,1,Chr1,26465301,215,44,24.39,1.8,0.1386,4,4.5,0.89,0.7921,10,8.89,1.12,0.3861
Chr3_11300856,te,2,Chr2,2303165,215,21,26.73,0.79,0.505,3,4.4,0.68,0.9307,9,10.68,0.84,0.703
Chr3_11300856,te,3,Chr2,4263502,215,28,31.9,0.88,0.4653,6,4.52,1.33,0.1782,13,10.98,1.18,0.3267
Chr1_13154163,genomic,1,Chr1,19498559,904,118,105.79,1.12,0.3366,20,19.08,1.05,0.4356,49,40.99,1.2,0.1485
Chr1_13154163,genomic,2,Chr1,21566821,904,143,100.9,1.42,0.0792,10,18.99,0.53,1.0,50,39.73,1.26,0.0792
Chr1_13154163,genomic,3,Chr1,13693866,904,156,96.22,1.62,0.0495,20,18.2,1.1,0.3168,57,34.02,1.68,0.0099
Chr1_13154163,te,1,Chr2,9424592,904,130,119.72,1.09,0.3465,20,19.89,1.01,0.5347,49,44.27,1.11,0.2871
Chr1_13154163,te,2,Chr5,10456804,904,71,119.42,0.59,0.9604,17,19.94,0.85,0.9703,40,46.49,0.86,0.8614
Chr1_13154163,te,3,Chr3,14793701,904,88,106.69,0.82,0.6931,21,19.24,1.09,0.3069,40,37.75,1.06,0.396
Chr2_9736633,genomic,1,Chr3,13739396,126,14,12.51,1.12,0.3762,2,2.53,0.79,0.8218,8,5.44,1.47,0.2079
Chr2_9736633,genomic,2,Chr3,11036596,126,19,13.95,1.36,0.2772,3,2.74,1.09,0.5743,4,5.44,0.74,0.8119
Chr2_9736633,genomic,3,Chr4,3916870,126,1,12.41,0.08,0.9901,1,2.6,0.38,0.9901,1,4.74,0.21,0.9901
Chr2_9736633,te,1,Chr1,11204491,126,0,17.54,0.0,1.0,0,2.56,0.0,1.0,0,5.15,0.0,1.0
Chr2_9736633,te,2,Chr4,14550891,126,8,13.77,0.58,0.6436,3,2.64,1.14,0.5347,3,5.81,0.52,0.8515
Chr2_9736633,te,3,Chr5,9994196,126,11,11.24,0.98,0.4851,4,2.51,1.59,0.1287,6,5.05,1.19,0.3267
Chr5_394192,genomic,1,Chr4,5386989,56,17,5.8,2.93,0.099,1,1.14,0.88,0.8515,4,1.87,2.14,0.1188
Chr5_394192,genomic,2,Chr4,10279382,56,9,7.59,1.19,0.2772,1,1.22,0.82,0.901,3,2.44,1.23,0.4356
Chr5_394192,genomic,3,Chr1,19112331,56,5,7.18,0.7,0.4158,1,1.14,0.88,0.8713,1,2.73,0.37,0.8713
Chr5_394192,te,1,Chr2,1662852,56,11,7.42,1.48,0.2574,2,1.08,1.85,0.2673,5,2.44,2.05,0.1782
Chr5_394192,te,2,Chr3,2090859,56,18,5.21,3.45,0.0594,1,1.15,0.87,0.901,3,2.11,1.42,0.3168
Chr5_394192,te,3,Chr1,29064710,56,13,5.53,2.35,0.1188,1,1.24,0.81,0.9208,4,2.27,1.76,0.2178
Chr1_13464880,genomic,1,Chr3,1842476,1467,296,167.54,1.77,0.0099,29,30.64,0.95,0.802,79,64.33,1.23,0.0693
Chr1_13464880,genomic,2,Chr5,24498668,1467,265,160.54,1.65,0.0297,36,29.49,1.22,0.0693,66,58.61,1.13,0.2376
Chr1_13464880,genomic,3,Chr4,2542620,1467,282,172.7,1.63,0.0198,31,31.05,1.0,0.5743,76,66.04,1.15,0.198
Chr1_13464880,te,1,Chr3,11717787,1467,196,201.43,0.97,0.5149,30,32.18,0.93,0.7525,81,76.12,1.06,0.3168
Chr1_13464880,te,2,Chr3,11626321,1467,239,214.69,1.11,0.3168,33,32.25,1.02,0.4752,84,79.54,1.06,0.3366
Chr1_13464880,te,3,Chr3,12866201,1467,187,201.22,0.93,0.6337,33,32.25,1.02,0.4257,90,75.03,1.2,0.0792
Chr1_13154736,genomic,1,Chr3,7594952,468,77,61.5,1.25,0.2673,11,10.07,1.09,0.4257,21,22.41,0.94,0.6337
Chr1_13154736,genomic,2,Chr4,3052087,468,38,50.49,0.75,0.7129,7,9.56,0.73,0.9802,18,18.56,0.97,0.5644
Chr1_13154736,genomic,3,Chr5,16911479,468,172,51.86,3.32,0.0099,5,9.43,0.53,1.0,33,19.26,1.71,0.0099
Chr1_13154736,te,1,Chr1,29841139,468,82,61.88,1.33,0.1782,10,10.34,0.97,0.7228,26,23.9,1.09,0.3861
Chr1_13154736,te,2,Chr3,10449762,468,82,58.81,1.39,0.1485,14,10.1,1.39,0.0495,29,23.08,1.26,0.2178
Chr1_13154736,te,3,Chr4,3937214,468,63,45.25,1.39,0.1782,8,9.33,0.86,0.7921,19,17.68,1.07,0.4653
Chr2_17831245,genomic,1,Chr1,20079789,150,11,13.96,0.79,0.4752,4,2.91,1.37,0.2475,8,5.0,1.6,0.198
Chr2_17831245,genomic,2,Chr4,12885415,150,15,11.94,1.26,0.2772,4,2.96,1.35,0.3069,9,5.0,1.8,0.0693
Chr2_17831245,genomic,3,Chr3,11749882,150,35,21.56,1.62,0.1584,4,3.22,1.24,0.396,7,7.45,0.94,0.6238
Chr2_17831245,te,1,Chr2,17905593,150,26,18.29,1.42,0.2079,3,3.26,0.92,0.7426,9,6.79,1.33,0.2376
Chr2_17831245,te,2,Chr3,13533126,150,36,20.98,1.72,0.1683,2,3.13,0.64,0.9703,15,6.86,2.19,0.0099
Chr2_17831245,te,3,Chr3,17707785,150,6,18.37,0.33,0.9307,5,3.41,1.47,0.1683,5,7.35,0.68,0.8218
Chr1_24470448,genomic,1,Chr5,2052011,283,29,31.04,0.93,0.505,6,5.73,1.05,0.5842,14,11.58,1.21,0.3069
Chr1_24470448,genomic,2,Chr3,6841085,283,32,32.32,0.99,0.4356,6,6.22,0.96,0.6238,16,13.08,1.22,0.2574
Chr1_24470448,genomic,3,Chr3,3476358,283,24,31.39,0.76,0.6238,8,5.75,1.39,0.0891,17,11.48,1.48,0.0693
Chr1_24470448,te,1,Chr4,5936818,283,56,40.1,1.4,0.1683,9,6.26,1.44,0.0693,21,14.38,1.46,0.0792
Chr1_24470448,te,2,Chr2,5151991,283,11,29.98,0.37,0.9505,7,5.79,1.21,0.2871,8,11.54,0.69,0.9109
Chr1_24470448,te,3,Chr1,1519520,283,45,35.31,1.27,0.2475,5,5.98,0.84,0.8614,18,13.93,1.29,0.2277
Chr3_13060051,genomic,1,Chr4,3059173,418,59,42.43,1.39,0.198,10,8.43,1.19,0.2475,15,16.52,0.91,0.6337
Chr3_13060051,genomic,2,Chr5,525743,418,44,58.89,0.75,0.7327,9,9.05,0.99,0.6139,21,22.2,0.95,0.604
Chr3_13060051,genomic,3,Chr3,16571529,418,70,45.53,1.54,0.1188,12,8.49,1.41,0.0297,39,17.97,2.17,0.0099
Chr3_13060051,te,1,Chr4,3566273,418,46,43.87,1.05,0.4059,9,7.85,1.15,0.4059,16,15.01,1.07,0.4455
Chr3_13060051,te,2,Chr1,12166285,418,121,44.5,2.72,0.0099,7,8.97,0.78,0.9208,20,17.22,1.16,0.3069
Chr3_13060051,te,3,Chr3,15637142,418,47,57.71,0.81,0.6931,7,9.37,0.75,0.9604,23,22.14,1.04,0.4851
Chr1_9433186,genomic,1,Chr2,1071804,189,26,16.34,1.59,0.1683,3,3.78,0.79,0.8416,9,7.16,1.26,0.3168
Chr1_9433186,genomic,2,Chr4,13708051,189,7,19.47,0.36,0.8713,3,3.83,0.78,0.8713,6,7.3,0.82,0.7228
Chr1_9433186,genomic,3,Chr1,18509386,189,20,18.57,1.08,0.3465,3,3.93,0.76,0.8812,6,6.82,0.88,0.6337
Chr1_9433186,te,1,Chr3,12614382,189,6,24.33,0.25,0.9307,4,3.62,1.1,0.505,5,8.14,0.61,0.8515
Chr1_9433186,te,2,Chr5,11485095,189,7,18.5,0.38,0.8911,4,3.81,1.05,0.604,4,7.08,0.56,0.9604
Chr1_9433186,te,3,Chr5,14521978,189,11,21.07,0.52,0.7129,4,3.93,1.02,0.6634,4,7.77,0.51,0.8911
Chr2_2486953,genomic,1,Chr3,4723226,72,0,4.92,0.0,1.0,0,1.31,0.0,1.0,0,2.19,0.0,1.0
Chr2_2486953,genomic,2,Chr3,4746564,72,63,10.4,6.06,0.0198,1,1.53,0.65,0.9604,7,2.94,2.38,0.0396
Chr2_2486953,genomic,3,Chr1,12444061,72,18,8.93,2.02,0.1188,1,1.53,0.65,0.9604,4,3.68,1.09,0.5347
Chr2_2486953,te,1,Chr3,22579224,72,0,5.01,0.0,1.0,0,1.37,0.0,1.0,0,2.15,0.0,1.0
Chr2_2486953,te,2,Chr4,7861641,72,15,10.05,1.49,0.2277,1,1.69,0.59,0.9703,7,3.97,1.76,0.0792
Chr2_2486953,te,3,Chr1,19692365,72,18,7.83,2.3,0.1386,2,1.52,1.32,0.5248,7,2.97,2.36,0.0693
Chr1_8255790,genomic,1,Chr2,16439015,66,3,4.83,0.62,0.5347,1,1.16,0.86,0.802,3,1.99,1.51,0.3069
Chr1_8255790,genomic,2,Chr3,19102401,66,0,5.59,0.0,1.0,0,1.21,0.0,1.0,0,1.99,0.0,1.0
Chr1_8255790,genomic,3,Chr2,9922161,66,1,8.22,0.12,0.9307,1,1.4,0.71,0.9307,1,3.32,0.3,0.9307
Chr1_8255790,te,1,Chr3,13725382,66,3,4.27,0.7,0.4653,2,0.94,2.13,0.198,2,1.62,1.23,0.4752
Chr1_8255790,te,2,Chr5,11032395,66,4,7.49,0.53,0.6337,2,1.49,1.34,0.495,3,3.1,0.97,0.6238
Chr1_8255790,te,3,Chr2,4340786,66,11,9.06,1.21,0.2871,2,1.48,1.35,0.495,5,3.38,1.48,0.2475
Chr3_22170559,genomic,1,Chr1,6974508,2053,272,236.03,1.15,0.2079,38,43.08,0.88,0.9505,95,88.13,1.08,0.2079
Chr3_22170559,genomic,2,Chr2,12624599,2053,335,243.7,1.37,0.0396,46,43.77,1.05,0.3465,115,92.51,1.24,0.0396
Chr3_22170559,genomic,3,Chr3,4385353,2053,217,194.56,1.12,0.2871,42,40.64,1.03,0.4158,90,73.49,1.22,0.0495
Chr3_22170559,te,1,Chr1,22101226,2053,666,270.33,2.46,0.0099,41,42.45,0.97,0.6832,102,87.72,1.16,0.0891
Chr3_22170559,te,2,Chr5,12356917,2053,301,216.3,1.39,0.0396,34,41.89,0.81,0.9703,86,82.14,1.05,0.3465
Chr3_22170559,te,3,Chr5,12797070,2053,271,238.65,1.14,0.2178,45,43.61,1.03,0.4158,105,88.8,1.18,0.0891
Chr4_1929388,genomic,1,Chr4,7939092,84,16,9.04,1.77,0.1386,3,1.66,1.81,0.1188,6,3.36,1.79,0.1089
Chr4_1929388,genomic,2,Chr2,8003757,84,8,7.72,1.04,0.3564,2,1.64,1.22,0.5248,3,2.97,1.01,0.5842
Chr4_1929388,genomic,3,Chr1,27869134,84,1,11.33,0.09,0.9901,1,1.86,0.54,0.9901,1,4.2,0.24,0.9901
Chr4_1929388,te,1,Chr1,16650385,84,43,6.43,6.69,0.0099,2,1.65,1.21,0.5644,5,2.72,1.84,0.1485
Chr4_1929388,te,2,Chr1,19593851,84,4,11.43,0.35,0.8119,2,1.89,1.06,0.703,2,3.87,0.52,0.9208
Chr4_1929388,te,3,Chr5,8221071,84,15,9.45,1.59,0.2376,1,1.71,0.58,0.9505,5,3.67,1.36,0.3267
Chr5_19695454,genomic,1,Chr4,8780556,126,18,16.57,1.09,0.4059,2,2.6,0.77,0.9208,6,6.44,0.93,0.5941
Chr5_19695454,genomic,2,Chr1,24617829,126,14,14.71,0.95,0.4257,3,2.67,1.12,0.5149,9,5.67,1.59,0.1089
Chr5_19695454,genomic,3,Chr3,9023960,126,14,13.6,1.03,0.3762,3,2.46,1.22,0.495,5,5.08,0.98,0.5347
Chr5_19695454,te,1,Chr5,20696030,126,26,13.94,1.87,0.1089,2,2.82,0.71,0.9505,9,5.63,1.6,0.1485
Chr5_19695454,te,2,Chr4,4571914,126,9,13.91,0.65,0.6535,4,2.61,1.53,0.1782,6,5.4,1.11,0.505
Chr5_19695454,te,3,Chr4,9048899,126,14,14.89,0.94,0.4851,3,2.63,1.14,0.5347,7,5.94,1.18,0.4158
Chr5_12251214,genomic,1,Chr3,16971380,756,41,77.02,0.53,0.9802,18,15.62,1.15,0.1584,25,30.86,0.81,0.8218
Chr5_12251214,genomic,2,Chr5,10899475,756,91,89.66,1.01,0.4455,14,16.27,0.86,0.8911,39,34.43,1.13,0.2178
Chr5_12251214,genomic,3,Chr3,16629921,756,347,91.85,3.78,0.0099,13,15.7,0.83,0.9307,70,33.46,2.09,0.0099
Chr5_12251214,te,1,Chr1,23520809,756,136,95.21,1.43,0.1089,14,16.62,0.84,0.9109,45,36.25,1.24,0.1386
Chr5_12251214,te,2,Chr4,8591107,756,192,94.81,2.03,0.0099,16,16.14,0.99,0.6535,43,36.32,1.18,0.1782
Chr5_12251214,te,3,Chr3,21694054,756,108,115.99,0.93,0.6139,11,16.59,0.66,0.9901,37,42.9,0.86,0.802
Chr5_17234493,genomic,1,Chr1,41443,676,107,88.31,1.21,0.2376,17,15.0,1.13,0.2376,42,34.29,1.22,0.099
Chr5_17234493,genomic,2,Chr4,13714275,676,48,77.73,0.62,0.9109,11,14.44,0.76,0.9901,26,29.57,0.88,0.7426
Chr5_17234493,genomic,3,Chr4,7279704,676,108,73.4,1.47,0.099,15,13.9,1.08,0.4455,38,28.48,1.33,0.0891
Chr5_17234493,te,1,Chr5,10546363,676,117,85.0,1.38,0.1386,14,14.62,0.96,0.703,33,31.63,1.04,0.4653
Chr5_17234493,te,2,Chr2,933603,676,111,85.57,1.3,0.1584,14,13.87,1.01,0.5941,36,31.03,1.16,0.2079
Chr5_17234493,te,3,Chr4,4296222,676,60,68.62,0.87,0.5644,11,13.05,0.84,0.7921,24,24.19,0.99,0.505
Chr4_10576896,genomic,1,Chr1,14508252,182,21,19.8,1.06,0.396,4,3.59,1.11,0.505,12,7.61,1.58,0.1287
Chr4_10576896,genomic,2,Chr4,16454417,182,75,19.73,3.8,0.0297,4,3.85,1.04,0.6436,15,8.17,1.84,0.0495
Chr4_10576896,genomic,3,Chr4,8344558,182,122,17.05,7.16,0.0099,3,3.84,0.78,0.8614,16,6.89,2.32,0.0198
Chr4_10576896,te,1,Chr3,16149594,182,23,24.79,0.93,0.5347,5,3.97,1.26,0.297,10,9.91,1.01,0.5545
Chr4_10576896,te,2,Chr1,11020999,182,13,17.34,0.75,0.5941,2,3.75,0.53,0.9802,4,6.88,0.58,0.8812
Chr4_10576896,te,3,Chr5,10750240,182,4,22.79,0.18,1.0,4,4.0,1.0,0.6634,4,8.31,0.48,0.9802
Chr1_17116658,genomic,1,Chr1,9579205,163,4,11.9,0.34,0.7921,3,2.93,1.02,0.6436,4,4.67,0.86,0.6238
Chr1_17116658,genomic,2,Chr2,7085661,163,11,19.24,0.57,0.7426,4,3.58,1.12,0.5743,6,7.22,0.83,0.7525
Chr1_17116658,genomic,3,Chr5,4145445,163,16,18.07,0.89,0.4158,3,3.25,0.92,0.7327,6,5.82,1.03,0.5446
Chr1_17116658,te,1,Chr1,20233763,163,11,20.4,0.54,0.8218,3,3.63,0.83,0.8713,8,8.19,0.98,0.6436
Chr1_17116658,te,2,Chr4,2450332,163,33,17.77,1.86,0.1089,5,3.28,1.52,0.1287,12,6.78,1.77,0.0495
Chr1_17116658,te,3,Chr1,12302979,163,41,24.66,1.66,0.1584,4,3.37,1.19,0.4653,9,8.72,1.03,0.5149
Chr1_20164871,genomic,1,Chr3,16902190,84,0,10.04,0.0,1.0,0,1.99,0.0,1.0,0,4.64,0.0,1.0
Chr1_20164871,genomic,2,Chr3,15267437,84,8,8.41,0.95,0.3267,3,1.59,1.89,0.1485,5,3.13,1.6,0.2376
Chr1_20164871,genomic,3,Chr4,5376626,84,10,9.35,1.07,0.3069,2,1.79,1.12,0.6832,3,3.19,0.94,0.6436
Chr1_20164871,te,1,Chr5,10088464,84,5,9.11,0.55,0.604,2,1.65,1.21,0.5644,3,3.16,0.95,0.604
Chr1_20164871,te,2,Chr3,14169584,84,4,5.21,0.77,0.5743,1,1.6,0.62,0.8713,2,2.65,0.75,0.7723
Chr1_20164871,te,3,Chr2,10760978,84,7,6.7,1.04,0.4059,1,1.6,0.62,0.901,3,2.72,1.1,0.495
Chr2_4978566,genomic,1,Chr2,15575983,68,12,6.48,1.85,0.1683,2,1.34,1.49,0.3762,8,2.51,3.19,0.0198
Chr2_4978566,genomic,2,Chr4,9954396,68,13,8.01,1.62,0.1782,3,1.33,2.26,0.0495,4,2.39,1.67,0.2673
Chr2_4978566,genomic,3,Chr1,2611748,68,9,4.51,2.0,0.1386,1,1.35,0.74,0.8614,6,2.26,2.65,0.0594
Chr2_4978566,te,1,Chr4,7623361,68,6,6.66,0.9,0.4455,1,1.21,0.83,0.8713,2,2.45,0.82,0.6634
Chr2_4978566,te,2,Chr5,19964292,68,11,8.23,1.34,0.2673,1,1.48,0.68,0.9307,6,3.01,1.99,0.1089
Chr2_4978566,te,3,Chr5,12864967,68,1,4.55,0.22,0.8119,1,1.14,0.88,0.8119,1,1.79,0.56,0.8119
Chr2_2368628,genomic,1,Chr2,9520977,58,13,4.59,2.83,0.1089,2,1.09,1.83,0.2277,4,1.82,2.2,0.1188
Chr2_2368628,genomic,2,Chr4,5027409,58,0,4.71,0.0,1.0,0,1.08,0.0,1.0,0,1.7,0.0,1.0
Chr2_2368628,genomic,3,Chr1,15186456,58,0,2.04,0.0,1.0,0,0.83,0.0,1.0,0,1.08,0.0,1.0
Chr2_2368628,te,1,Chr1,2887150,58,4,6.75,0.59,0.6337,2,1.24,1.61,0.3069,2,2.78,0.72,0.7525
Chr2_2368628,te,2,Chr3,12298366,58,10,5.11,1.96,0.1683,1,1.1,0.91,0.7921,2,1.84,1.09,0.5941
Chr2_2368628,te,3,Chr4,1786478,58,7,6.73,1.04,0.3762,2,1.1,1.82,0.2673,4,2.31,1.73,0.2574
Chr4_8279304,genomic,1,Chr4,1771492,596,126,89.6,1.41,0.1287,14,13.28,1.05,0.4554,32,32.69,0.98,0.5644
Chr4_8279304,genomic,2,Chr1,11674421,596,82,68.51,1.2,0.2871,14,12.48,1.12,0.2871,25,25.29,0.99,0.5842
Chr4_8279304,genomic,3,Chr1,10337260,596,130,72.24,1.8,0.0297,10,11.91,0.84,0.8713,49,27.34,1.79,0.0099
Chr4_8279304,te,1,Chr1,23126159,596,160,74.4,2.15,0.0099,12,12.97,0.93,0.802,41,28.69,1.43,0.0396
Chr4_8279304,te,2,Chr2,7678106,596,69,89.0,0.78,0.802,12,12.91,0.93,0.7525,26,32.27,0.81,0.9208
Chr4_8279304,te,3,Chr2,8299675,596,66,90.85,0.73,0.8218,16,13.27,1.21,0.0891,31,32.78,0.95,0.6832
Chr4_6322337,genomic,1,Chr2,744085,652,86,90.25,0.95,0.5248,13,14.27,0.91,0.7921,39,35.03,1.11,0.2871
Chr4_6322337,genomic,2,Chr5,8981675,652,97,74.52,1.3,0.2277,12,13.26,0.9,0.8218,35,27.36,1.28,0.0792
Chr4_6322337,genomic,3,Chr2,1549562,652,56,71.91,0.78,0.7129,14,13.21,1.06,0.4554,21,26.2,0.8,0.802
Chr4_6322337,te,1,Chr5,19758201,652,107,82.77,1.29,0.1584,14,14.13,0.99,0.5446,45,32.35,1.39,0.0495
Chr4_6322337,te,2,Chr3,8231377,652,73,70.07,1.04,0.3861,12,13.27,0.9,0.7822,36,28.5,1.26,0.1287
Chr4_6322337,te,3,Chr3,11412235,652,91,75.16,1.21,0.2376,18,13.86,1.3,0.0693,40,28.34,1.41,0.0297
Chr1_15254498,genomic,1,Chr4,1472028,1160,124,130.81,0.95,0.5446,20,23.7,0.84,0.9109,43,47.08,0.91,0.7426
Chr1_15254498,genomic,2,Chr3,4806026,1160,193,132.36,1.46,0.0792,28,24.16,1.16,0.1386,61,49.99,1.22,0.0792
Chr1_15254498,genomic,3,Chr3,5648732,1160,203,131.6,1.54,0.0792,27,24.18,1.12,0.198,70,49.33,1.42,0.0198
Chr1_15254498,te,1,Chr5,12446502,1160,222,141.56,1.57,0.0198,23,25.53,0.9,0.8713,61,56.1,1.09,0.2574
Chr1_15254498,te,2,Chr5,12095002,1160,183,140.0,1.31,0.1386,25,24.64,1.01,0.5446,60,52.85,1.14,0.2079
Chr1_15254498,te,3,Chr3,11766592,1160,121,158.3,0.76,0.7822,28,25.27,1.11,0.2079,60,56.91,1.05,0.4653
Chr2_19309838,genomic,1,Chr4,973382,488,53,55.88,0.95,0.5248,8,10.16,0.79,0.8812,21,20.96,1.0,0.495
Chr2_19309838,genomic,2,Chr5,17572368,488,51,48.85,1.04,0.3762,10,9.59,1.04,0.5248,20,17.87,1.12,0.396
Chr2_19309838,genomic,3,Chr4,1506569,488,36,59.0,0.61,0.8812,11,10.3,1.07,0.4851,21,22.91,0.92,0.6337
Chr2_19309838,te,1,Chr4,8725119,488,40,60.74,0.66,0.8218,11,10.8,1.02,0.5545,20,24.19,0.83,0.8614
Chr2_19309838,te,2,Chr3,9577338,488,77,66.66,1.16,0.297,13,10.46,1.24,0.1386,29,24.67,1.18,0.2673
Chr2_19309838,te,3,Chr2,559214,488,71,77.59,0.92,0.5347,10,10.6,0.94,0.7426,25,27.31,0.92,0.6733
Chr2_2398934,genomic,1,Chr5,13447443,59,5,4.95,1.01,0.4158,2,1.23,1.63,0.3267,3,2.14,1.4,0.3762
Chr2_2398934,genomic,2,Chr2,11742518,59,0,3.83,0.0,1.0,0,1.06,0.0,1.0,0,1.75,0.0,1.0
Chr2_2398934,genomic,3,Chr5,18522867,59,9,5.86,1.54,0.2475,2,1.22,1.64,0.3168,4,2.23,1.79,0.2574
Chr2_2398934,te,1,Chr5,15821069,59,6,5.14,1.17,0.3168,1,1.02,0.98,0.8119,2,1.87,1.07,0.505
Chr2_2398934,te,2,Chr1,16140313,59,36,5.42,6.64,0.0099,1,1.1,0.91,0.8812,7,2.23,3.14,0.0297
Chr2_2398934,te,3,Chr1,8779399,59,1,5.52,0.18,0.7723,1,0.98,1.02,0.7723,1,1.85,0.54,0.7723
Chr5_26073037,genomic,1,Chr2,11556767,179,34,18.89,1.8,0.1188,3,3.61,0.83,0.8416,6,7.39,0.81,0.703
Chr5_26073037,genomic,2,Chr3,7263308,179,16,25.36,0.63,0.7822,5,3.93,1.27,0.2772,10,9.59,1.04,0.4653
Chr5_26073037,genomic,3,Chr4,6572531,179,16,20.3,0.79,0.5842,4,3.9,1.03,0.6535,12,8.46,1.42,0.1782
Chr5_26073037,te,1,Chr2,11940764,179,83,23.82,3.48,0.0099,3,3.82,0.79,0.8713,19,8.5,2.24,0.0099
Chr5_26073037,te,2,Chr1,13860888,179,13,25.87,0.5,0.7921,3,3.72,0.81,0.9208,6,9.21,0.65,0.8713
Chr5_26073037,te,3,Chr3,15627102,179,18,24.14,0.75,0.6931,3,3.89,0.77,0.901,4,9.65,0.41,1.0
Chr5_8008583,genomic,1,Chr2,4150380,64,12,4.47,2.68,0.099,2,1.05,1.9,0.2574,2,1.55,1.29,0.4752
Chr5_8008583,genomic,2,Chr4,8391366,64,0,5.11,0.0,1.0,0,1.3,0.0,1.0,0,2.28,0.0,1.0
Chr5_8008583,genomic,3,Chr1,5248982,64,7,4.36,1.61,0.2277,2,1.2,1.67,0.3168,4,2.04,1.96,0.1683
Chr5_8008583,te,1,Chr4,692668,64,0,4.91,0.0,1.0,0,0.94,0.0,1.0,0,1.75,0.0,1.0
Chr5_8008583,te,2,Chr5,26497702,64,39,24.82,1.57,0.1881,1,1.23,0.81,1.0,7,6.36,1.1,0.495
Chr5_8008583,te,3,Chr5,12348266,64,0,2.98,0.0,1.0,0,0.97,0.0,1.0,0,1.31,0.0,1.0
Chr2_6028260,genomic,1,Chr5,14941620,190,39,24.56,1.59,0.1881,7,4.06,1.72,0.0198,12,8.47,1.42,0.1683
Chr2_6028260,genomic,2,Chr5,6869307,190,28,25.72,1.09,0.3663,4,4.11,0.97,0.6832,12,10.04,1.2,0.3465
Chr2_6028260,genomic,3,Chr2,17040740,190,55,23.48,2.34,0.0495,2,4.06,0.49,1.0,13,8.93,1.46,0.1584
Chr2_6028260,te,1,Chr5,15387225,190,11,24.03,0.46,0.8614,3,4.29,0.7,0.9406,7,9.37,0.75,0.7822
Chr2_6028260,te,2,Chr1,17249652,190,17,23.25,0.73,0.5149,4,3.65,1.1,0.505,7,7.19,0.97,0.5842
Chr2_6028260,te,3,Chr3,18436954,190,20,22.26,0.9,0.4059,4,4.17,0.96,0.6931,6,8.22,0.73,0.802
Chr3_5927152,genomic,1,Chr3,15415146,796,196,89.85,2.18,0.0099,17,16.62,1.02,0.5446,44,34.44,1.28,0.0594
Chr3_5927152,genomic,2,Chr1,27659248,796,221,95.07,2.32,0.0099,16,16.73,0.96,0.7228,64,36.7,1.74,0.0099
Chr3_5927152,genomic,3,Chr5,15482379,796,210,96.42,2.18,0.0198,14,17.3,0.81,0.9307,50,37.92,1.32,0.0594
Chr3_5927152,te,1,Chr1,15132484,796,81,90.19,0.9,0.6238,20,16.34,1.22,0.0792,35,34.76,1.01,0.4851
Chr3_5927152,te,2,Chr3,14731258,796,106,86.68,1.22,0.2277,20,16.48,1.21,0.1287,35,32.39,1.08,0.3663
Chr3_5927152,te,3,Chr5,12260050,796,147,116.4,1.26,0.1683,14,17.76,0.79,0.9604,43,42.46,1.01,0.4752
Chr4_8220198,genomic,1,Chr4,17372347,326,16,41.18,0.39,0.9604,6,6.96,0.86,0.8515,8,15.15,0.53,0.9604
Chr4_8220198,genomic,2,Chr4,1688804,326,37,28.16,1.31,0.2475,9,6.22,1.45,0.1089,15,11.76,1.28,0.2772
Chr4_8220198,genomic,3,Chr1,22523708,326,66,34.68,1.9,0.0594,6,6.61,0.91,0.7426,16,11.92,1.34,0.1386
Chr4_8220198,te,1,Chr3,17205314,326,49,36.71,1.33,0.2277,6,7.03,0.85,0.8218,20,13.76,1.45,0.1188
Chr4_8220198,te,2,Chr3,12326855,326,48,37.47,1.28,0.2574,8,6.59,1.21,0.2673,20,14.02,1.43,0.1188
Chr4_8220198,te,3,Chr1,15133588,326,74,38.37,1.93,0.0693,8,6.63,1.21,0.297,17,14.19,1.2,0.2673
Chr2_9140325,genomic,1,Chr5,537020,905,141,112.96,1.25,0.1782,15,19.33,0.78,0.9901,59,43.17,1.37,0.0198
Chr2_9140325,genomic,2,Chr3,21908515,905,75,100.12,0.75,0.7822,21,19.11,1.1,0.3168,37,38.77,0.95,0.6436
Chr2_9140325,genomic,3,Chr2,1142875,905,217,106.38,2.04,0.0297,17,19.22,0.88,0.802,54,41.17,1.31,0.0594
Chr2_9140325,te,1,Chr2,4321098,905,181,103.66,1.75,0.0297,16,19.59,0.82,0.901,49,40.5,1.21,0.1782
Chr2_9140325,te,2,Chr1,16113365,905,90,106.99,0.84,0.6733,21,18.96,1.11,0.2772,42,38.78,1.08,0.3267
Chr2_9140325,te,3,Chr4,6208235,905,98,131.54,0.75,0.8713,23,19.68,1.17,0.099,52,50.82,1.02,0.4554
Chr1_16213793,genomic,1,Chr3,17768481,475,70,56.95,1.23,0.2079,12,10.13,1.18,0.2277,20,20.61,0.97,0.5941
Chr1_16213793,genomic,2,Chr1,203909,475,30,51.2,0.59,0.9109,10,10.33,0.97,0.7129,15,20.13,0.75,0.8911
Chr1_16213793,genomic,3,Chr1,9933226,475,90,60.74,1.48,0.1188,14,9.82,1.43,0.0495,22,22.66,0.97,0.5743
Chr1_16213793,te,1,Chr1,26044160,475,77,66.01,1.17,0.2772,13,10.16,1.28,0.1089,23,25.58,0.9,0.703
Chr1_16213793,te,2,Chr3,538714,475,39,65.1,0.6,0.8911,13,10.49,1.24,0.1089,24,25.12,0.96,0.7129
Chr1_16213793,te,3,Chr5,11753220,475,21,52.56,0.4,0.9406,10,10.13,0.99,0.5941,15,19.81,0.76,0.8614
Chr4_314269,genomic,1,Chr3,1172942,314,56,31.48,1.78,0.1089,8,6.28,1.27,0.2079,19,11.53,1.65,0.0297
Chr4_314269,genomic,2,Chr3,22364088,314,26,42.89,0.61,0.8218,8,6.89,1.16,0.3564,12,15.32,0.78,0.8119
Chr4_314269,genomic,3,Chr3,16192121,314,60,48.45,1.24,0.2574,6,6.37,0.94,0.7624,20,19.16,1.04,0.4851
Chr4_314269,te,1,Chr2,3088808,314,36,42.31,0.85,0.5743,6,6.38,0.94,0.7327,16,16.78,0.95,0.5941
Chr4_314269,te,2,Chr1,15890722,314,161,41.31,3.9,0.0099,8,6.94,1.15,0.3564,18,15.81,1.14,0.3366
Chr4_314269,te,3,Chr2,3944957,314,45,36.09,1.25,0.2574,6,6.62,0.91,0.7624,17,14.33,1.19,0.3168
Chr1_16443578,genomic,1,Chr2,16725831,153,25,19.4,1.29,0.2475,3,3.22,0.93,0.7723,13,8.37,1.55,0.1188
Chr1_16443578,genomic,2,Chr5,14940008,153,35,23.13,1.51,0.2079,2,3.42,0.58,0.9802,12,8.27,1.45,0.1485
Chr1_16443578,genomic,3,Chr1,23062241,153,22,16.32,1.35,0.2277,4,3.45,1.16,0.4356,12,6.88,1.74,0.0198
Chr1_16443578,te,1,Chr3,18792947,153,25,14.03,1.78,0.099,3,3.23,0.93,0.7723,6,6.11,0.98,0.5842
Chr1_16443578,te,2,Chr3,22013223,153,9,17.08,0.53,0.7426,3,3.27,0.92,0.7525,5,6.54,0.76,0.7525
Chr1_16443578,te,3,Chr3,11378926,153,43,14.17,3.03,0.0297,3,2.97,1.01,0.6535,10,5.56,1.8,0.0792
Chr4_7141595,genomic,1,Chr1,10098705,73,24,6.38,3.76,0.0297,3,1.54,1.95,0.1386,3,2.54,1.18,0.4653
Chr4_7141595,genomic,2,Chr4,8075876,73,5,6.26,0.8,0.495,2,1.38,1.45,0.4257,2,2.44,0.82,0.703
Chr4_7141595,genomic,3,Chr3,1273459,73,10,7.84,1.28,0.2277,2,1.44,1.39,0.4554,4,2.64,1.52,0.2673
Chr4_7141595,te,1,Chr1,8290480,73,2,9.48,0.21,0.9307,1,1.63,0.61,0.9802,2,3.89,0.51,0.8812
Chr4_7141595,te,2,Chr5,8400551,73,44,7.27,6.05,0.0099,1,1.33,0.75,0.8614,3,2.76,1.09,0.495
Chr4_7141595,te,3,Chr1,17194870,73,6,6.82,0.88,0.4257,2,1.56,1.28,0.5545,3,2.53,1.19,0.4752
Chr1_8224955,genomic,1,Chr1,28273669,51,4,4.61,0.87,0.4455,1,1.1,0.91,0.8713,3,1.87,1.6,0.297
Chr1_8224955,genomic,2,Chr3,22410037,51,1,4.63,0.22,0.7525,1,0.82,1.22,0.7525,1,1.84,0.54,0.7525
Chr1_8224955,genomic,3,Chr5,698401,51,2,4.62,0.43,0.5446,2,0.97,2.06,0.1782,2,1.62,1.23,0.4653
Chr1_8224955,te,1,Chr1,12679731,51,5,4.76,1.05,0.3069,1,0.93,1.08,0.7525,4,1.69,2.37,0.1386
Chr1_8224955,te,2,Chr1,25275511,51,0,13.63,0.0,1.0,0,1.04,0.0,1.0,0,4.24,0.0,1.0
Chr1_8224955,te,3,Chr1,26720742,51,12,5.5,2.18,0.1683,2,1.12,1.79,0.2376,6,2.29,2.62,0.0396
Chr2_2233344,genomic,1,Chr1,26840747,142,14,14.32,0.98,0.396,3,2.87,1.05,0.6535,4,5.49,0.73,0.7723
Chr2_2233344,genomic,2,Chr4,9842245,142,17,21.87,0.78,0.6535,4,3.2,1.25,0.3762,13,8.44,1.54,0.0891
Chr2_2233344,genomic,3,Chr4,16166838,142,18,16.72,1.08,0.4059,3,3.17,0.95,0.7624,7,6.15,1.14,0.4158
Chr2_2233344,te,1,Chr1,12330294,142,19,23.12,0.82,0.5347,2,2.98,0.67,0.9604,9,8.22,1.09,0.4554
Chr2_2233344,te,2,Chr5,20170271,142,21,19.08,1.1,0.3465,3,2.99,1.0,0.7525,9,6.91,1.3,0.3168
Chr2_2233344,te,3,Chr2,18593720,142,13,16.46,0.79,0.604,3,3.08,0.97,0.7327,8,6.69,1.2,0.3564
Chr2_6409342,genomic,1,Chr1,25886676,5144,1019,595.87,1.71,0.0099,104,107.9,0.96,0.7723,287,227.41,1.26,0.0198
Chr2_6409342,genomic,2,Chr2,15632205,5144,903,605.56,1.49,0.0099,108,110.75,0.98,0.7525,278,229.31,1.21,0.0099
Chr2_6409342,genomic,3,Chr2,4451115,5144,643,593.17,1.08,0.2871,108,107.61,1.0,0.4851,239,220.01,1.09,0.1683
Chr2_6409342,te,1,Chr1,20086176,5144,527,525.36,1.0,0.4653,103,104.4,0.99,0.5941,207,195.31,1.06,0.2178
Chr2_6409342,te,2,Chr2,4451065,5144,654,598.32,1.09,0.2376,108,109.38,0.99,0.604,242,223.96,1.08,0.1287
Chr2_6409342,te,3,Chr2,4550128,5144,776,674.25,1.15,0.099,109,112.21,0.97,0.7228,286,251.43,1.14,0.0495
Chr4_6280048,genomic,1,Chr2,2758932,880,195,108.84,1.79,0.0198,20,19.12,1.05,0.4257,52,40.71,1.28,0.0693
Chr4_6280048,genomic,2,Chr2,4775302,880,66,109.93,0.6,0.9703,19,18.7,1.02,0.5446,38,39.8,0.95,0.6634
Chr4_6280048,genomic,3,Chr2,12480514,880,110,122.97,0.89,0.703,22,19.68,1.12,0.2475,50,47.43,1.05,0.4059
Chr4_6280048,te,1,Chr3,11597983,880,151,94.88,1.59,0.0495,19,18.51,1.03,0.4554,53,37.4,1.42,0.0297
Chr4_6280048,te,2,Chr4,4252106,880,141,101.82,1.38,0.1287,22,18.17,1.21,0.099,47,36.06,1.3,0.0198
Chr4_6280048,te,3,Chr1,28505261,880,94,112.04,0.84,0.7327,21,18.69,1.12,0.2376,48,40.64,1.18,0.1287
Chr1_3131477,genomic,1,Chr1,15587618,728,137,85.89,1.6,0.0495,19,15.33,1.24,0.0594,53,31.38,1.69,0.0099
Chr1_3131477,genomic,2,Chr3,19092453,728,150,84.42,1.78,0.0495,16,15.09,1.06,0.4554,54,32.52,1.66,0.0099
Chr1_3131477,genomic,3,Chr2,12206383,728,90,90.42,1.0,0.5248,15,16.23,0.92,0.7723,29,34.07,0.85,0.8515
Chr1_3131477,te,1,Chr1,16314809,728,42,86.64,0.48,0.9901,16,14.57,1.1,0.3564,25,30.69,0.81,0.8614
Chr1_3131477,te,2,Chr4,11377288,728,79,98.55,0.8,0.7228,20,15.68,1.28,0.0693,45,37.75,1.19,0.1782
Chr1_3131477,te,3,Chr2,1749143,728,88,85.24,1.03,0.4257,13,15.6,0.83,0.9307,31,32.69,0.95,0.6634
Chr4_6020951,genomic,1,Chr5,2813806,317,100,42.04,2.38,0.0297,8,6.37,1.26,0.297,25,15.79,1.58,0.0792
Chr4_6020951,genomic,2,Chr1,23665146,317,30,35.69,0.84,0.6139,8,6.45,1.24,0.2475,16,13.24,1.21,0.2178
Chr4_6020951,genomic,3,Chr1,5561480,317,22,35.33,0.62,0.7426,8,6.52,1.23,0.2772,15,12.56,1.19,0.3267
Chr4_6020951,te,1,Chr2,2473371,317,33,46.67,0.71,0.6733,7,6.63,1.06,0.5347,18,13.99,1.29,0.1782
Chr4_6020951,te,2,Chr4,12561554,317,29,40.54,0.72,0.7624,8,7.26,1.1,0.4554,10,15.97,0.63,0.9505
Chr4_6020951,te,3,Chr5,25716393,317,320,61.65,5.19,0.0099,4,6.23,0.64,0.9703,37,18.61,1.99,0.0099
Chr4_2442850,genomic,1,Chr2,7989691,358,21,36.46,0.58,0.7624,7,6.99,1.0,0.6139,13,13.46,0.97,0.5545
Chr4_2442850,genomic,2,Chr1,29706404,358,29,36.85,0.79,0.6535,8,7.46,1.07,0.5149,12,15.17,0.79,0.7624
Chr4_2442850,genomic,3,Chr1,18184220,358,211,42.15,5.01,0.0099,7,7.64,0.92,0.7723,27,15.29,1.77,0.0099
Chr4_2442850,te,1,Chr4,3438142,358,31,36.8,0.84,0.5347,4,7.15,0.56,0.9901,10,12.79,0.78,0.8119
Chr4_2442850,te,2,Chr1,15838809,358,60,39.31,1.53,0.1683,5,7.08,0.71,0.9703,12,13.64,0.88,0.7525
Chr4_2442850,te,3,Chr1,13624131,358,65,59.59,1.09,0.3762,9,7.68,1.17,0.3267,27,21.16,1.28,0.1683
Chr1_27595228,genomic,1,Chr4,3990842,287,64,29.68,2.16,0.0693,6,5.67,1.06,0.5644,18,10.34,1.74,0.0495
Chr1_27595228,genomic,2,Chr5,4328846,287,37,31.09,1.19,0.3366,8,5.93,1.35,0.198,16,11.12,1.44,0.099
Chr1_27595228,genomic,3,Chr2,17094445,287,67,35.84,1.87,0.0891,6,6.18,0.97,0.6733,19,13.16,1.44,0.099
Chr1_27595228,te,1,Chr4,2268985,287,23,51.14,0.45,0.9208,3,5.52,0.54,0.9901,9,17.04,0.53,0.9802
Chr1_27595228,te,2,Chr5,11206190,287,90,41.41,2.17,0.0495,4,5.62,0.71,0.9604,21,14.42,1.46,0.0594
Chr1_27595228,te,3,Chr1,18791500,287,36,38.97,0.92,0.5347,7,6.2,1.13,0.4554,11,14.81,0.74,0.8416
Chr5_20989988,genomic,1,Chr4,17982738,241,97,25.16,3.86,0.0099,4,4.99,0.8,0.9406,26,9.91,2.62,0.0099
Chr5_20989988,genomic,2,Chr1,30329420,241,65,26.75,2.43,0.0495,3,4.64,0.65,0.9505,18,8.61,2.09,0.0198
Chr5_20989988,genomic,3,Chr1,21808922,241,15,30.4,0.49,0.8713,5,4.89,1.02,0.6139,8,11.38,0.7,0.8515
Chr5_20989988,te,1,Chr3,22683514,241,22,30.78,0.71,0.7525,6,5.25,1.14,0.4653,11,11.98,0.92,0.6733
Chr5_20989988,te,2,Chr4,16862898,241,43,31.87,1.35,0.2178,4,5.39,0.74,0.9307,13,11.86,1.1,0.4653
Chr5_20989988,te,3,Chr5,17378170,241,16,30.55,0.52,0.8911,2,5.31,0.38,1.0,6,12.14,0.49,0.9901
Chr4_6934090,genomic,1,Chr4,6116261,139,44,20.57,2.14,0.0594,3,3.07,0.98,0.7525,12,7.44,1.61,0.1089
Chr4_6934090,genomic,2,Chr4,7371558,139,26,15.92,1.63,0.1485,2,3.19,0.63,0.9703,12,6.69,1.79,0.0594
Chr4_6934090,genomic,3,Chr3,17550123,139,6,14.83,0.4,0.7426,4,2.66,1.5,0.1683,6,4.77,1.26,0.3069
Chr4_6934090,te,1,Chr5,14264705,139,5,21.0,0.24,0.9604,3,3.07,0.98,0.7129,4,7.66,0.52,0.9208
Chr4_6934090,te,2,Chr3,12473354,139,27,17.3,1.56,0.1287,5,3.16,1.58,0.1089,9,6.92,1.3,0.3069
Chr4_6934090,te,3,Chr5,12332865,139,6,13.93,0.43,0.6832,4,2.78,1.44,0.2277,5,4.91,1.02,0.5347
Chr2_11263207,genomic,1,Chr3,2056254,1014,183,127.06,1.44,0.0594,20,21.54,0.93,0.7624,70,47.67,1.47,0.0099
Chr2_11263207,genomic,2,Chr5,10644517,1014,153,125.25,1.22,0.2178,18,21.65,0.83,0.9505,60,46.5,1.29,0.0693
Chr2_11263207,genomic,3,Chr3,4594956,1014,214,113.34,1.89,0.0198,21,20.97,1.0,0.5743,75,43.86,1.71,0.0099
Chr2_11263207,te,1,Chr2,13043621,1014,141,135.42,1.04,0.4059,17,22.68,0.75,1.0,59,51.99,1.13,0.2277
Chr2_11263207,te,2,Chr5,7073036,1014,133,132.69,1.0,0.4158,29,21.77,1.33,0.0099,55,51.2,1.07,0.3465
Chr2_11263207,te,3,Chr5,10742357,1014,78,103.62,0.75,0.7624,23,20.31,1.13,0.2079,32,38.31,0.84,0.8119
Chr5_17811147,genomic,1,Chr4,15595881,432,80,50.23,1.59,0.1386,9,9.19,0.98,0.6634,28,19.59,1.43,0.0792
Chr5_17811147,genomic,2,Chr4,2627005,432,72,52.4,1.37,0.2277,11,8.97,1.23,0.2079,32,19.73,1.62,0.0297
Chr5_17811147,genomic,3,Chr3,13390084,432,63,48.78,1.29,0.2277,8,8.88,0.9,0.7822,28,17.74,1.58,0.0396
Chr5_17811147,te,1,Chr4,6767467,432,49,59.55,0.82,0.6436,10,9.87,1.01,0.604,20,22.28,0.9,0.6337
Chr5_17811147,te,2,Chr3,2661048,432,76,65.63,1.16,0.297,9,9.35,0.96,0.7228,30,26.02,1.15,0.2772
Chr5_17811147,te,3,Chr1,28936084,432,32,62.58,0.51,0.9604,9,9.27,0.97,0.6832,12,23.55,0.51,0.9901
Chr4_7204359,genomic,1,Chr5,6875203,312,65,37.04,1.75,0.1089,6,6.22,0.96,0.6931,13,11.34,1.15,0.3861
Chr4_7204359,genomic,2,Chr1,29473875,312,108,35.4,3.05,0.0198,5,6.53,0.77,0.9208,16,13.81,1.16,0.3861
Chr4_7204359,genomic,3,Chr1,24492941,312,30,42.94,0.7,0.7723,10,7.34,1.36,0.099,18,17.02,1.06,0.4455
Chr4_7204359,te,1,Chr5,832566,312,555,43.85,12.66,0.0099,6,6.26,0.96,0.7228,35,13.81,2.53,0.0099
Chr4_7204359,te,2,Chr2,6695841,312,32,35.62,0.9,0.5446,5,6.51,0.77,0.8911,11,12.51,0.88,0.6832
Chr4_7204359,te,3,Chr5,15389444,312,83,35.28,2.35,0.0495,6,6.15,0.98,0.6436,21,13.46,1.56,0.0594
Chr4_1143262,genomic,1,Chr2,6831240,333,57,39.27,1.45,0.1782,4,6.78,0.59,0.9802,16,14.97,1.07,0.4356
Chr4_1143262,genomic,2,Chr4,4068412,333,56,35.23,1.59,0.1584,8,7.15,1.12,0.4455,25,13.58,1.84,0.0099
Chr4_1143262,genomic,3,Chr3,13277378,333,53,42.22,1.26,0.2178,6,6.9,0.87,0.8317,18,15.99,1.13,0.3366
Chr4_1143262,te,1,Chr5,13224068,333,39,49.57,0.79,0.6931,8,7.06,1.13,0.4158,19,17.89,1.06,0.396
Chr4_1143262,te,2,Chr5,24904262,333,54,40.96,1.32,0.2277,7,6.99,1.0,0.5941,19,15.47,1.23,0.2376
Chr4_1143262,te,3,Chr2,11759789,333,42,44.97,0.93,0.505,8,7.62,1.05,0.5446,20,17.94,1.11,0.297
Chr2_9686790,genomic,1,Chr1,12714573,584,168,74.05,2.27,0.0198,10,12.15,0.82,0.8713,34,24.7,1.38,0.0693
Chr2_9686790,genomic,2,Chr3,21680534,584,379,76.59,4.95,0.0099,11,12.06,0.91,0.8317,40,23.99,1.67,0.0099
Chr2_9686790,genomic,3,Chr4,3374017,584,36,56.44,0.64,0.8317,11,11.27,0.98,0.6733,18,21.36,0.84,0.802
Chr2_9686790,te,1,Chr4,10492452,584,119,76.69,1.55,0.0792,14,12.84,1.09,0.3564,31,29.06,1.07,0.396
Chr2_9686790,te,2,Chr2,4641253,584,65,78.0,0.83,0.5743,13,12.62,1.03,0.5347,34,29.04,1.17,0.2772
Chr2_9686790,te,3,Chr1,17523415,584,33,58.7,0.56,0.8713,11,11.69,0.94,0.6832,19,22.21,0.86,0.7426
Chr5_9142711,genomic,1,Chr1,3078899,356,68,40.06,1.7,0.1386,6,7.2,0.83,0.7921,17,13.42,1.27,0.2574
Chr5_9142711,genomic,2,Chr2,8858854,356,39,34.77,1.12,0.2871,11,7.67,1.43,0.0594,15,14.8,1.01,0.4653
Chr5_9142711,genomic,3,Chr3,10201012,356,83,52.39,1.58,0.0792,7,7.37,0.95,0.7525,27,19.19,1.41,0.0792
Chr5_9142711,te,1,Chr1,28864886,356,63,53.63,1.17,0.2871,5,7.46,0.67,0.9802,25,19.31,1.29,0.1386
Chr5_9142711,te,2,Chr5,13042753,356,58,33.33,1.74,0.1188,10,7.29,1.37,0.1089,24,13.9,1.73,0.0396
Chr5_9142711,te,3,Chr2,2914946,356,58,51.66,1.12,0.3663,8,7.91,1.01,0.5347,16,18.96,0.84,0.7525
Chr5_12493534,genomic,1,Chr1,4177818,125,19,14.81,1.28,0.297,3,2.73,1.1,0.6139,8,6.01,1.33,0.2376
Chr5_12493534,genomic,2,Chr1,22771366,125,7,12.33,0.57,0.6634,3,2.67,1.12,0.5347,4,5.14,0.78,0.7624
Chr5_12493534,genomic,3,Chr1,18189212,125,23,15.38,1.5,0.1881,2,2.75,0.73,0.9208,5,6.19,0.81,0.7327
Chr5_12493534,te,1,Chr1,17525126,125,5,17.71,0.28,0.9703,1,2.55,0.39,1.0,2,6.94,0.29,0.9901
Chr5_12493534,te,2,Chr5,9031766,125,13,12.69,1.02,0.4059,3,2.43,1.23,0.4851,6,4.25,1.41,0.3564
Chr5_12493534,te,3,Chr5,14362852,125,96,15.25,6.3,0.0099,2,2.57,0.78,0.8614,13,5.33,2.44,0.0099
Chr4_11364138,genomic,1,Chr1,14076235,453,44,56.4,0.78,0.7525,10,9.71,1.03,0.495,17,21.74,0.78,0.901
Chr4_11364138,genomic,2,Chr5,4326725,453,77,47.53,1.62,0.0792,9,9.33,0.96,0.703,25,17.54,1.43,0.0891
Chr4_11364138,genomic,3,Chr1,20660428,453,68,51.64,1.32,0.2178,8,9.33,0.86,0.8515,22,19.37,1.14,0.3366
Chr4_11364138,te,1,Chr5,10049584,453,114,55.97,2.04,0.0099,10,9.78,1.02,0.5347,35,20.95,1.67,0.0198
Chr4_11364138,te,2,Chr2,1678670,453,50,57.44,0.87,0.604,11,9.63,1.14,0.3465,19,22.19,0.86,0.8119
Chr4_11364138,te,3,Chr3,16717113,453,61,54.28,1.12,0.3564,10,8.97,1.11,0.4158,16,18.28,0.88,0.7228
Chr3_12590054,genomic,1,Chr3,1723763,342,72,38.31,1.88,0.0594,6,7.11,0.84,0.8515,21,13.97,1.5,0.0693
Chr3_12590054,genomic,2,Chr1,21826729,342,34,44.89,0.76,0.6634,5,7.41,0.67,0.9802,11,17.1,0.64,0.9109
Chr3_12590054,genomic,3,Chr3,19552952,342,58,42.7,1.36,0.2178,6,7.27,0.83,0.901,25,15.11,1.65,0.0198
Chr3_12590054,te,1,Chr2,7650673,342,60,51.77,1.16,0.3564,6,7.23,0.83,0.901,21,18.89,1.11,0.3564
Chr3_12590054,te,2,Chr2,8877048,342,53,45.79,1.16,0.2673,8,7.43,1.08,0.4158,16,17.5,0.91,0.6139
Chr3_12590054,te,3,Chr5,12487323,342,26,40.78,0.64,0.8119,9,7.66,1.17,0.2475,14,16.49,0.85,0.7624
Chr1_8622634,genomic,1,Chr5,7333947,866,135,88.42,1.53,0.099,20,17.67,1.13,0.198,55,34.86,1.58,0.0099
Chr1_8622634,genomic,2,Chr3,124321,866,126,101.56,1.24,0.1881,18,18.14,0.99,0.604,40,37.0,1.08,0.3267
Chr1_8622634,genomic,3,Chr5,8453242,866,158,99.17,1.59,0.0693,20,18.33,1.09,0.3564,60,38.51,1.56,0.0099
Chr1_8622634,te,1,Chr2,12539763,866,167,118.2,1.41,0.1089,18,17.47,1.03,0.4851,50,43.92,1.14,0.2475
Chr1_8622634,te,2,Chr1,3544184,866,110,121.47,0.91,0.6337,22,18.94,1.16,0.0891,36,45.7,0.79,0.9703
Chr1_8622634,te,3,Chr2,61544,866,119,101.37,1.17,0.2772,21,17.62,1.19,0.1386,47,35.28,1.33,0.0495
Chr5_8036567,genomic,1,Chr4,77838,285,69,36.46,1.89,0.0495,4,5.84,0.68,0.9505,15,14.7,1.02,0.4653
Chr5_8036567,genomic,2,Chr2,12926048,285,18,24.67,0.73,0.7228,6,5.73,1.05,0.5446,13,10.65,1.22,0.2772
Chr5_8036567,genomic,3,Chr4,2510784,285,31,33.44,0.93,0.5545,5,6.07,0.82,0.8614,15,12.44,1.21,0.2871
Chr5_8036567,te,1,Chr4,5923179,285,77,34.79,2.21,0.0297,5,5.9,0.85,0.8317,14,13.21,1.06,0.4752
Chr5_8036567,te,2,Chr4,11038968,285,15,33.35,0.45,0.8218,8,5.8,1.38,0.099,13,10.95,1.19,0.3069
Chr5_8036567,te,3,Chr2,2019277,285,7,34.78,0.2,0.9901,4,6.3,0.63,0.9703,5,13.14,0.38,0.9901
Chr5_15716523,genomic,1,Chr1,9908612,158,21,15.86,1.32,0.2673,2,3.33,0.6,0.9406,6,6.11,0.98,0.5743
Chr5_15716523,genomic,2,Chr3,5713241,158,11,13.98,0.79,0.5446,2,3.11,0.64,0.9109,5,6.11,0.82,0.7426
Chr5_15716523,genomic,3,Chr4,18457125,158,12,17.79,0.67,0.604,3,3.49,0.86,0.8119,5,6.54,0.76,0.7624
Chr5_15716523,te,1,Chr2,3039416,158,3,20.21,0.15,0.9901,2,3.55,0.56,0.9901,2,7.16,0.28,1.0
Chr5_15716523,te,2,Chr5,14360580,158,34,16.68,2.04,0.1089,4,2.96,1.35,0.3267,13,5.89,2.21,0.0297
Chr5_15716523,te,3,Chr5,9382426,158,29,26.32,1.1,0.3861,4,3.53,1.13,0.5149,15,9.74,1.54,0.0693
Chr4_9016267,genomic,1,Chr5,20628091,71,3,7.47,0.4,0.7525,1,1.46,0.68,0.9208,3,2.99,1.0,0.5347
Chr4_9016267,genomic,2,Chr3,9390009,71,11,7.69,1.43,0.2871,2,1.49,1.34,0.4851,3,3.11,0.96,0.6139
Chr4_9016267,genomic,3,Chr5,18749373,71,2,7.7,0.26,0.8614,1,1.46,0.68,0.9307,2,3.05,0.66,0.802
Chr4_9016267,te,1,Chr2,17059697,71,2,9.69,0.21,0.9406,1,1.51,0.66,0.9604,2,3.69,0.54,0.8911
Chr4_9016267,te,2,Chr5,12602283,71,7,4.76,1.47,0.2475,2,1.31,1.53,0.3762,2,1.94,1.03,0.5347
Chr4_9016267,te,3,Chr3,6381486,71,4,6.21,0.64,0.5743,1,1.66,0.6,0.9604,4,2.81,1.42,0.3267
Chr3_15603870,genomic,1,Chr5,15917621,101,8,13.12,0.61,0.6238,2,2.2,0.91,0.8119,6,4.82,1.24,0.4158
Chr3_15603870,genomic,2,Chr1,25542734,101,22,12.57,1.75,0.1386,1,2.16,0.46,0.9901,4,4.78,0.84,0.6733
Chr3_15603870,genomic,3,Chr4,11981982,101,24,11.98,2.0,0.1089,3,2.12,1.42,0.3366,13,4.47,2.91,0.0099
Chr3_15603870,te,1,Chr3,10302097,101,11,9.76,1.13,0.297,1,2.1,0.48,0.9604,5,3.87,1.29,0.3366
Chr3_15603870,te,2,Chr4,6561673,101,10,10.46,0.96,0.4257,1,2.09,0.48,0.9901,3,4.28,0.7,0.802
Chr3_15603870,te,3,Chr4,7923160,101,20,8.62,2.32,0.0693,3,2.16,1.39,0.3267,7,3.81,1.84,0.099
Chr5_23346212,genomic,1,Chr2,12296870,247,34,32.72,1.04,0.4059,5,5.25,0.95,0.7129,18,12.08,1.49,0.1089
Chr5_23346212,genomic,2,Chr1,25453344,247,43,30.71,1.4,0.2277,7,5.39,1.3,0.1782,15,11.74,1.28,0.2871
Chr5_23346212,genomic,3,Chr5,13151774,247,7,29.76,0.24,0.9604,4,5.09,0.79,0.8713,6,9.58,0.63,0.9208
Chr5_23346212,te,1,Chr5,19062749,247,60,32.06,1.87,0.0396,5,5.54,0.9,0.7723,24,13.24,1.81,0.0198
Chr5_23346212,te,2,Chr2,4838227,247,29,29.89,0.97,0.4257,6,5.17,1.16,0.396,15,10.85,1.38,0.1881
Chr5_23346212,te,3,Chr1,12021457,247,57,36.36,1.57,0.1386,4,5.35,0.75,0.901,17,13.38,1.27,0.1683
Chr1_24474617,genomic,1,Chr1,11709230,139,19,12.59,1.51,0.2277,3,2.7,1.11,0.5941,7,4.95,1.41,0.3069
Chr1_24474617,genomic,2,Chr2,13869928,139,7,13.94,0.5,0.802,4,3.03,1.32,0.3465,5,5.56,0.9,0.6931
Chr1_24474617,genomic,3,Chr2,18783669,139,20,14.79,1.35,0.2079,2,2.83,0.71,0.9307,12,5.72,2.1,0.0396
Chr1_24474617,te,1,Chr5,13180607,139,17,17.97,0.95,0.396,1,2.94,0.34,0.9901,2,6.18,0.32,0.9604
Chr1_24474617,te,2,Chr4,4792812,139,15,15.81,0.95,0.4752,2,3.09,0.65,0.9406,7,6.66,1.05,0.4851
Chr1_24474617,te,3,Chr5,18131767,139,6,14.83,0.4,0.8416,2,2.94,0.68,0.9406,4,5.75,0.7,0.8218
Chr1_4584348,genomic,1,Chr4,6797957,52,3,5.99,0.5,0.5842,1,1.05,0.95,0.8812,3,2.07,1.45,0.3267
Chr1_4584348,genomic,2,Chr3,2383784,52,13,3.94,3.3,0.0693,2,0.94,2.13,0.1881,4,1.45,2.76,0.0792
Chr1_4584348,genomic,3,Chr3,14206920,52,1,4.15,0.24,0.8614,1,1.04,0.96,0.8614,1,2.02,0.5,0.8614
Chr1_4584348,te,1,Chr4,3111591,52,1,4.17,0.24,0.6931,1,0.82,1.22,0.6931,1,1.4,0.71,0.6931
Chr1_4584348,te,2,Chr1,16110543,52,0,2.7,0.0,1.0,0,0.89,0.0,1.0,0,1.31,0.0,1.0
Chr1_4584348,te,3,Chr1,15172335,52,0,4.03,0.0,1.0,0,0.99,0.0,1.0,0,1.54,0.0,1.0
Chr2_7690952,genomic,1,Chr2,10538601,404,45,62.65,0.72,0.8317,8,8.89,0.9,0.8218,26,22.34,1.16,0.2475
Chr2_7690952,genomic,2,Chr2,8623052,404,59,46.81,1.26,0.2574,11,8.77,1.25,0.1782,33,17.96,1.84,0.0198
Chr2_7690952,genomic,3,Chr2,18311024,404,39,43.23,0.9,0.505,10,8.07,1.24,0.1584,16,15.23,1.05,0.4158
Chr2_7690952,te,1,Chr3,5982273,404,88,62.41,1.41,0.1089,10,8.58,1.17,0.3168,22,23.2,0.95,0.6436
Chr2_7690952,te,2,Chr4,3925302,404,64,45.58,1.4,0.2475,7,7.8,0.9,0.7525,20,15.41,1.3,0.2178
Chr2_7690952,te,3,Chr5,13904634,404,47,65.79,0.71,0.7822,8,8.58,0.93,0.6931,19,23.79,0.8,0.8119
Chr2_793497,genomic,1,Chr5,20586456,135,12,15.97,0.75,0.6436,3,2.93,1.02,0.703,5,6.67,0.75,0.7426
Chr2_793497,genomic,2,Chr5,20450541,135,74,15.51,4.77,0.0099,2,2.69,0.74,0.8911,9,6.31,1.43,0.1782
Chr2_793497,genomic,3,Chr3,14559471,135,19,16.62,1.14,0.297,2,2.96,0.68,0.9307,10,6.71,1.49,0.1485
Chr2_793497,te,1,Chr4,6378601,135,24,16.35,1.47,0.2178,4,2.94,1.36,0.2871,11,5.85,1.88,0.0693
Chr2_793497,te,2,Chr3,11023728,135,15,12.61,1.19,0.3168,2,2.79,0.72,0.901,7,5.46,1.28,0.3564
Chr2_793497,te,3,Chr1,9996588,135,30,19.45,1.54,0.1881,4,2.87,1.39,0.2079,9,7.14,1.26,0.297
Chr5_25535894,genomic,1,Chr4,14904006,164,22,17.23,1.28,0.2574,3,3.27,0.92,0.7624,7,6.27,1.12,0.4653
Chr5_25535894,genomic,2,Chr1,16393464,164,14,16.4,0.85,0.495,5,3.11,1.61,0.099,10,5.74,1.74,0.0792
Chr5_25535894,genomic,3,Chr5,16974621,164,92,18.92,4.86,0.0099,2,3.57,0.56,0.9802,12,6.69,1.79,0.0594
Chr5_25535894,te,1,Chr2,4641510,164,9,22.1,0.41,0.8416,4,3.5,1.14,0.495,5,7.8,0.64,0.8911
Chr5_25535894,te,2,Chr4,17776528,164,9,21.18,0.42,0.8911,3,3.68,0.82,0.8713,7,8.15,0.86,0.6733
Chr5_25535894,te,3,Chr3,12170059,164,11,20.56,0.54,0.7624,4,3.45,1.16,0.4554,6,7.18,0.84,0.6931
Chr2_985703,genomic,1,Chr4,4884777,342,42,45.83,0.92,0.5248,7,7.22,0.97,0.6832,18,16.81,1.07,0.4257
Chr2_985703,genomic,2,Chr3,11358057,342,37,47.77,0.77,0.6436,7,7.72,0.91,0.7723,16,17.47,0.92,0.6139
Chr2_985703,genomic,3,Chr2,8388347,342,39,33.62,1.16,0.3069,4,7.24,0.55,0.9901,9,13.73,0.66,0.9208
Chr2_985703,te,1,Chr5,21425163,342,31,48.05,0.65,0.8713,10,7.55,1.32,0.1287,19,19.02,1.0,0.5545
Chr2_985703,te,2,Chr4,3962498,342,50,44.25,1.13,0.3366,8,7.11,1.13,0.4356,18,15.63,1.15,0.3465
Chr2_985703,te,3,Chr5,10676844,342,24,37.77,0.64,0.7624,9,7.07,1.27,0.198,17,15.88,1.07,0.4158
Chr3_11445721,genomic,1,Chr2,9697049,158,22,20.35,1.08,0.3762,3,3.54,0.85,0.8218,4,8.04,0.5,0.9307
Chr3_11445721,genomic,2,Chr5,17808786,158,27,17.97,1.5,0.2079,3,3.22,0.93,0.7129,13,6.0,2.17,0.0198
Chr3_11445721,genomic,3,Chr4,7227313,158,5,14.66,0.34,0.8614,2,3.15,0.63,0.9505,2,5.95,0.34,0.9703
Chr3_11445721,te,1,Chr5,17565024,158,32,21.98,1.46,0.2376,5,3.43,1.46,0.1683,13,8.8,1.48,0.1485
Chr3_11445721,te,2,Chr4,7838046,158,30,23.07,1.3,0.2178,4,3.62,1.1,0.5347,11,8.36,1.32,0.2376
Chr3_11445721,te,3,Chr3,22963793,158,24,16.49,1.46,0.2178,4,3.38,1.18,0.4851,7,6.74,1.04,0.5149
Chr3_8976520,genomic,1,Chr1,12078175,294,63,37.39,1.68,0.1089,7,6.5,1.08,0.4554,20,14.27,1.4,0.1386
Chr3_8976520,genomic,2,Chr4,2825243,294,36,40.75,0.88,0.5248,9,6.43,1.4,0.0693,21,14.87,1.41,0.1188
Chr3_8976520,genomic,3,Chr4,10197382,294,15,28.57,0.53,0.8317,6,5.79,1.04,0.5842,8,11.56,0.69,0.802
Chr3_8976520,te,1,Chr2,7090874,294,35,39.12,0.89,0.495,5,6.29,0.79,0.8416,13,14.0,0.93,0.6337
Chr3_8976520,te,2,Chr4,4597197,294,34,43.14,0.79,0.6238,9,6.18,1.46,0.0495,16,15.2,1.05,0.4653
Chr3_8976520,te,3,Chr2,2265515,294,33,38.71,0.85,0.604,5,6.55,0.76,0.9406,11,15.04,0.73,0.8911
Chr4_671971,genomic,1,Chr1,6262831,185,11,20.63,0.53,0.6832,5,3.64,1.37,0.2376,6,6.98,0.86,0.6337
Chr4_671971,genomic,2,Chr2,3601435,185,4,15.6,0.26,0.9109,3,3.44,0.87,0.8119,3,6.22,0.48,0.9406
Chr4_671971,genomic,3,Chr3,20149552,185,23,21.64,1.06,0.3762,5,3.84,1.3,0.297,9,8.22,1.09,0.4653
Chr4_671971,te,1,Chr4,4920778,185,14,18.52,0.76,0.5941,5,3.81,1.31,0.3168,6,7.18,0.84,0.7525
Chr4_671971,te,2,Chr5,9707419,185,42,26.08,1.61,0.1188,4,3.99,1.0,0.6436,13,10.06,1.29,0.2277
Chr4_671971,te,3,Chr5,24305067,185,31,26.04,1.19,0.3267,5,3.98,1.26,0.3267,12,10.21,1.18,0.3366
Chr1_15961035,genomic,1,Chr2,12156182,74,20,6.64,3.01,0.0495,1,1.48,0.68,0.9307,8,3.02,2.65,0.0297
Chr1_15961035,genomic,2,Chr2,9654152,74,22,6.37,3.45,0.0495,2,1.41,1.42,0.4257,5,2.63,1.9,0.1485
Chr1_15961035,genomic,3,Chr3,5939266,74,2,6.03,0.33,0.6733,2,1.2,1.67,0.3267,2,2.04,0.98,0.5743
Chr1_15961035,te,1,Chr2,8279715,74,2,9.52,0.21,0.9307,1,1.63,0.61,0.9802,2,3.58,0.56,0.8713
Chr1_15961035,te,2,Chr4,15848501,74,12,5.64,2.13,0.1287,2,1.48,1.35,0.495,5,2.79,1.79,0.1683
Chr1_15961035,te,3,Chr1,24605139,74,7,8.86,0.79,0.5248,1,1.45,0.69,0.9406,4,3.44,1.16,0.495
Chr1_29065743,genomic,1,Chr3,7548909,85,6,10.03,0.6,0.5545,1,1.49,0.67,0.9703,3,3.45,0.87,0.5941
Chr1_29065743,genomic,2,Chr2,6736700,85,42,24.09,1.74,0.1485,1,1.64,0.61,0.9901,14,7.75,1.81,0.0594
Chr1_29065743,genomic,3,Chr3,12479735,85,6,11.11,0.54,0.5149,3,1.56,1.92,0.1089,4,3.16,1.27,0.4158
Chr1_29065743,te,1,Chr5,9085121,85,16,9.43,1.7,0.1782,2,1.73,1.16,0.6337,4,3.91,1.02,0.5248
Chr1_29065743,te,2,Chr4,1753520,85,24,10.34,2.32,0.0792,2,1.69,1.18,0.604,7,3.96,1.77,0.1386
Chr1_29065743,te,3,Chr3,17226124,85,55,12.24,4.49,0.0099,1,1.83,0.55,0.9901,13,4.8,2.71,0.0297
Chr4_7409493,genomic,1,Chr4,3520487,75,6,11.27,0.53,0.7129,2,1.63,1.23,0.5743,4,4.28,0.93,0.5644
Chr4_7409493,genomic,2,Chr1,1053318,75,1,7.87,0.13,0.901,1,1.48,0.68,0.901,1,2.6,0.38,0.901
Chr4_7409493,genomic,3,Chr2,5895012,75,13,8.7,1.49,0.2178,1,1.54,0.65,0.9802,3,2.93,1.02,0.4851
Chr4_7409493,te,1,Chr4,3370948,75,9,8.18,1.1,0.3366,1,1.42,0.7,0.9703,4,3.22,1.24,0.4059
Chr4_7409493,te,2,Chr3,13752465,75,7,6.55,1.07,0.3267,1,1.38,0.72,0.8416,4,2.17,1.84,0.2178
Chr4_7409493,te,3,Chr3,9609214,75,5,6.93,0.72,0.5248,2,1.61,1.24,0.5248,2,3.2,0.62,0.7822
Chr5_26073562,genomic,1,Chr4,3123753,199,35,22.37,1.56,0.2079,6,4.18,1.44,0.1881,16,8.72,1.83,0.0495
Chr5_26073562,genomic,2,Chr3,15408595,199,51,20.93,2.44,0.0693,3,4.07,0.74,0.8812,8,7.52,1.06,0.4455
Chr5_26073562,genomic,3,Chr2,3319867,199,33,14.94,2.21,0.1089,4,3.5,1.14,0.4554,7,5.85,1.2,0.396
Chr5_26073562,te,1,Chr3,19740391,199,28,29.65,0.94,0.4554,7,4.09,1.71,0.0297,13,10.24,1.27,0.2178
Chr5_26073562,te,2,Chr3,12657004,199,34,22.53,1.51,0.1386,3,4.17,0.72,0.901,9,8.9,1.01,0.5545
Chr5_26073562,te,3,Chr3,16146287,199,20,25.01,0.8,0.5347,5,4.34,1.15,0.4257,11,9.71,1.13,0.3366
Chr4_6978538,genomic,1,Chr3,12392726,123,56,12.88,4.35,0.0297,3,2.28,1.32,0.3762,6,4.15,1.45,0.2574
Chr4_6978538,genomic,2,Chr2,9079787,123,7,14.08,0.5,0.7129,3,2.54,1.18,0.5149,5,5.57,0.9,0.6238
Chr4_6978538,genomic,3,Chr4,5501584,123,11,15.06,0.73,0.6436,2,2.59,0.77,0.9109,8,5.71,1.4,0.198
Chr4_6978538,te,1,Chr1,19240531,123,12,12.83,0.94,0.4752,2,2.59,0.77,0.9208,7,5.11,1.37,0.2475
Chr4_6978538,te,2,Chr1,10144089,123,11,13.47,0.82,0.5644,3,2.72,1.1,0.604,6,5.45,1.1,0.5149
Chr4_6978538,te,3,Chr3,18460183,123,21,13.6,1.54,0.2178,2,2.52,0.79,0.8515,11,5.01,2.2,0.0198
Chr3_10652790,genomic,1,Chr4,4709086,270,20,25.13,0.8,0.5644,8,5.38,1.49,0.0396,16,9.97,1.6,0.0792
Chr3_10652790,genomic,2,Chr5,9368652,270,48,40.08,1.2,0.3267,4,5.81,0.69,0.9505,13,13.82,0.94,0.6238
Chr3_10652790,genomic,3,Chr1,8059724,270,40,38.89,1.03,0.4158,8,5.94,1.35,0.1287,19,14.53,1.31,0.1683
Chr3_10652790,te,1,Chr1,15310521,270,44,28.1,1.57,0.1782,6,5.45,1.1,0.4851,20,11.17,1.79,0.0297
Chr3_10652790,te,2,Chr5,12964020,270,67,37.01,1.81,0.0396,5,6.12,0.82,0.8911,15,14.73,1.02,0.4554
Chr3_10652790,te,3,Chr5,13575081,270,25,31.44,0.8,0.604,4,5.57,0.72,0.9604,8,12.5,0.64,0.9109
Chr2_5481187,genomic,1,Chr3,15022625,2395,546,334.46,1.63,0.0099,46,51.93,0.89,0.9208,159,126.92,1.25,0.0198
Chr2_5481187,genomic,2,Chr2,8764693,2395,479,308.37,1.55,0.0099,52,51.86,1.0,0.4752,132,118.53,1.11,0.1386
Chr2_5481187,genomic,3,Chr2,18852293,2395,288,284.29,1.01,0.5149,52,50.91,1.02,0.4158,118,110.14,1.07,0.2673
Chr2_5481187,te,1,Chr2,9311036,2395,357,319.69,1.12,0.1782,42,52.25,0.8,0.9901,120,121.82,0.99,0.5941
Chr2_5481187,te,2,Chr2,5878099,2395,361,269.02,1.34,0.0792,43,49.13,0.88,0.9505,100,96.42,1.04,0.3762
Chr2_5481187,te,3,Chr2,9185141,2395,371,329.1,1.13,0.2475,51,51.75,0.99,0.6733,131,123.93,1.06,0.2772
Chr5_18342672,genomic,1,Chr2,8407787,406,42,49.32,0.85,0.5842,8,8.55,0.94,0.7822,24,18.17,1.32,0.0891
Chr5_18342672,genomic,2,Chr3,1775230,406,108,43.96,2.46,0.0099,6,8.63,0.7,0.9901,28,17.89,1.57,0.0495
Chr5_18342672,genomic,3,Chr1,23150579,406,58,62.99,0.92,0.5743,12,8.94,1.34,0.0792,26,23.69,1.1,0.3762
Chr5_18342672,te,1,Chr1,18858423,406,75,55.1,1.36,0.1584,10,8.85,1.13,0.297,28,21.27,1.32,0.1089
Chr5_18342672,te,2,Chr1,17866337,406,57,49.32,1.16,0.2871,9,8.61,1.05,0.505,22,17.93,1.23,0.2673
Chr5_18342672,te,3,Chr1,14044436,406,26,39.52,0.66,0.7822,10,8.53,1.17,0.3168,15,16.29,0.92,0.6733
Chr3_13816426,genomic,1,Chr3,2321801,1067,140,117.75,1.19,0.2673,18,21.76,0.83,0.901,47,43.39,1.08,0.3564
Chr3_13816426,genomic,2,Chr1,12898426,1067,90,158.9,0.57,1.0,26,23.83,1.09,0.2475,52,59.35,0.88,0.8614
Chr3_13816426,genomic,3,Chr5,1488649,1067,160,149.14,1.07,0.297,22,23.17,0.95,0.7525,52,55.66,0.93,0.703
Chr3_13816426,te,1,Chr5,13679541,1067,134,164.49,0.81,0.7723,23,23.58,0.98,0.6238,63,60.81,1.04,0.4356
Chr3_13816426,te,2,Chr1,13458034,1067,223,146.36,1.52,0.0495,23,23.34,0.99,0.6634,60,54.59,1.1,0.2574
Chr3_13816426,te,3,Chr5,13728240,1067,152,155.01,0.98,0.495,22,23.58,0.93,0.7624,56,59.05,0.95,0.6832
Chr1_28160738,genomic,1,Chr5,16638957,537,176,60.33,2.92,0.0099,11,11.17,0.98,0.6436,32,21.46,1.49,0.0396
Chr1_28160738,genomic,2,Chr1,3552147,537,83,92.52,0.9,0.6238,12,11.65,1.03,0.5446,30,33.38,0.9,0.8119
Chr1_28160738,genomic,3,Chr5,1110485,537,25,53.86,0.46,0.9604,9,10.77,0.84,0.8812,17,21.05,0.81,0.8317
Chr1_28160738,te,1,Chr5,15727161,537,108,63.07,1.71,0.0396,9,11.3,0.8,0.9406,32,23.91,1.34,0.099
Chr1_28160738,te,2,Chr3,7375307,537,57,56.55,1.01,0.4059,14,11.03,1.27,0.099,24,22.79,1.05,0.4257
Chr1_28160738,te,3,Chr4,4915220,537,112,73.01,1.53,0.0495,15,12.18,1.23,0.1782,32,28.95,1.11,0.2871
Chr1_26245608,genomic,1,Chr3,15005368,102,4,10.3,0.39,0.8416,3,2.16,1.39,0.3069,3,4.41,0.68,0.8218
Chr1_26245608,genomic,2,Chr5,473604,102,17,12.57,1.35,0.2871,3,2.01,1.49,0.297,7,5.16,1.36,0.3069
Chr1_26245608,genomic,3,Chr2,3009236,102,15,11.28,1.33,0.2574,2,2.24,0.89,0.8515,3,4.16,0.72,0.7921
Chr1_26245608,te,1,Chr3,9697761,102,13,8.79,1.48,0.2475,2,2.04,0.98,0.7525,4,3.86,1.04,0.5347
Chr1_26245608,te,2,Chr1,24508152,102,13,15.74,0.83,0.5743,2,2.29,0.87,0.8416,6,5.47,1.1,0.4752
Chr1_26245608,te,3,Chr3,17470295,102,6,14.88,0.4,0.8515,4,2.13,1.88,0.0594,4,5.85,0.68,0.8218
Chr5_25931490,genomic,1,Chr3,20225778,100,5,13.63,0.37,0.7921,2,2.03,0.99,0.7327,4,4.89,0.82,0.7129
Chr5_25931490,genomic,2,Chr1,5717924,100,4,9.03,0.44,0.7426,1,1.97,0.51,0.9703,2,3.52,0.57,0.8911
Chr5_25931490,genomic,3,Chr5,6096884,100,56,14.24,3.93,0.0198,1,2.15,0.47,1.0,9,5.2,1.73,0.1188
Chr5_25931490,te,1,Chr5,8611664,100,13,10.64,1.22,0.3564,3,2.14,1.4,0.3267,8,4.13,1.94,0.0495
Chr5_25931490,te,2,Chr1,13705140,100,42,8.84,4.75,0.0198,1,1.91,0.52,0.9604,5,3.38,1.48,0.2673
Chr5_25931490,te,3,Chr1,24112192,100,19,12.14,1.57,0.2079,2,2.14,0.93,0.7822,10,4.94,2.02,0.0495
Chr5_425843,genomic,1,Chr4,13769018,122,15,14.84,1.01,0.3861,2,2.47,0.81,0.9208,3,5.98,0.5,0.8713
Chr5_425843,genomic,2,Chr5,26288321,122,26,20.11,1.29,0.2871,2,2.75,0.73,0.9109,7,6.08,1.15,0.4158
Chr5_425843,genomic,3,Chr5,9624918,122,5,12.99,0.38,0.7426,3,2.41,1.24,0.4554,4,4.82,0.83,0.6832
Chr5_425843,te,1,Chr2,10535965,122,3,15.62,0.19,0.9406,2,2.63,0.76,0.8911,2,5.66,0.35,0.9505
Chr5_425843,te,2,Chr1,3388017,122,35,40.04,0.87,0.5644,3,1.74,1.72,0.1485,15,10.81,1.39,0.099
Chr5_425843,te,3,Chr5,14353983,122,18,11.47,1.57,0.1881,3,2.39,1.26,0.4257,9,4.14,2.17,0.0396
Chr2_7708937,genomic,1,Chr4,13500490,145,7,12.86,0.54,0.703,4,2.9,1.38,0.2574,4,5.25,0.76,0.7327
Chr2_7708937,genomic,2,Chr4,14312312,145,31,33.27,0.93,0.4851,2,2.62,0.76,0.9208,14,11.51,1.22,0.297
Chr2_7708937,genomic,3,Chr5,9567140,145,29,12.93,2.24,0.0792,3,2.96,1.01,0.6733,11,5.68,1.94,0.0693
Chr2_7708937,te,1,Chr2,6205510,145,10,18.49,0.54,0.7921,2,3.34,0.6,0.9901,4,7.43,0.54,0.9505
Chr2_7708937,te,2,Chr1,13430779,145,39,13.96,2.79,0.0594,3,2.74,1.09,0.5842,9,5.43,1.66,0.1188
Chr2_7708937,te,3,Chr5,17864226,145,32,20.22,1.58,0.1683,3,3.12,0.96,0.7624,12,7.62,1.57,0.0891
Chr1_9433190,genomic,1,Chr5,11183874,90,8,7.62,1.05,0.3564,2,1.56,1.28,0.505,4,2.59,1.54,0.2772
Chr1_9433190,genomic,2,Chr1,8723680,90,5,10.96,0.46,0.6931,2,1.84,1.09,0.6634,4,4.78,0.84,0.6337
Chr1_9433190,genomic,3,Chr4,5533839,90,5,10.29,0.49,0.6337,1,1.78,0.56,0.9406,1,3.35,0.3,0.9406
Chr1_9433190,te,1,Chr3,12016462,90,0,11.33,0.0,1.0,0,1.76,0.0,1.0,0,3.93,0.0,1.0
Chr1_9433190,te,2,Chr1,7286180,90,19,21.26,0.89,0.4851,2,1.65,1.21,0.5644,8,6.87,1.16,0.3267
Chr1_9433190,te,3,Chr1,23124927,90,24,9.02,2.66,0.0792,2,1.9,1.05,0.703,7,3.76,1.86,0.0891
Chr1_18385788,genomic,1,Chr3,12244700,60,0,4.75,0.0,1.0,0,1.21,0.0,1.0,0,2.26,0.0,1.0
Chr1_18385788,genomic,2,Chr3,6427664,60,4,4.91,0.81,0.4752,1,1.19,0.84,0.8515,3,2.35,1.28,0.4158
Chr1_18385788,genomic,3,Chr2,8802675,60,3,5.8,0.52,0.6139,1,1.35,0.74,0.8713,1,2.43,0.41,0.8713
Chr1_18385788,te,1,Chr3,9217363,60,13,7.01,1.85,0.1782,2,1.28,1.56,0.3168,4,2.58,1.55,0.2277
Chr1_18385788,te,2,Chr4,5908975,60,1,5.7,0.18,0.8911,1,1.35,0.74,0.8911,1,2.47,0.4,0.8911
Chr1_18385788,te,3,Chr1,18605318,60,5,5.84,0.86,0.4752,1,1.27,0.79,0.9109,4,2.59,1.54,0.297
Chr3_12501385,genomic,1,Chr2,17435170,113,18,10.95,1.64,0.1881,2,2.06,0.97,0.7822,10,3.65,2.74,0.0297
Chr3_12501385,genomic,2,Chr2,339702,113,19,9.1,2.09,0.1287,1,2.02,0.5,0.9703,1,3.37,0.3,0.9703
Chr3_12501385,genomic,3,Chr3,17411774,113,8,15.14,0.53,0.802,2,2.39,0.84,0.901,6,6.08,0.99,0.5149
Chr3_12501385,te,1,Chr3,18155320,113,28,15.65,1.79,0.1287,2,2.33,0.86,0.8515,12,6.68,1.8,0.0693
Chr3_12501385,te,2,Chr2,3691196,113,32,13.07,2.45,0.0792,2,2.55,0.78,0.8812,7,5.23,1.34,0.2871
Chr3_12501385,te,3,Chr3,18085499,113,2,12.02,0.17,0.9802,1,2.27,0.44,0.9901,2,5.05,0.4,0.9604
Chr4_4196780,genomic,1,Chr3,18927364,55,9,9.48,0.95,0.5248,1,1.43,0.7,0.9802,4,3.61,1.11,0.495
Chr4_4196780,genomic,2,Chr3,21740246,55,2,3.93,0.51,0.6535,2,1.2,1.67,0.3168,2,1.95,1.03,0.5941
Chr4_4196780,genomic,3,Chr2,17125506,55,2,3.95,0.51,0.5545,1,0.97,1.03,0.7624,1,1.47,0.68,0.7624
Chr4_4196780,te,1,Chr1,12730888,55,9,4.49,2.0,0.1584,1,1.09,0.92,0.8317,2,1.8,1.11,0.604
Chr4_4196780,te,2,Chr5,10076963,55,7,7.64,0.92,0.4752,1,1.17,0.85,0.9406,4,2.58,1.55,0.2673
Chr4_4196780,te,3,Chr3,16333215,55,0,6.62,0.0,1.0,0,1.2,0.0,1.0,0,2.32,0.0,1.0
Chr5_6884502,genomic,1,Chr2,16000393,60,41,7.45,5.5,0.0099,1,1.38,0.72,0.9604,7,2.89,2.42,0.0792
Chr5_6884502,genomic,2,Chr2,17065677,60,3,4.81,0.62,0.495,2,1.17,1.71,0.3465,2,1.79,1.12,0.5248
Chr5_6884502,genomic,3,Chr3,23227529,60,10,6.64,1.51,0.2475,1,1.19,0.84,0.8416,3,2.26,1.33,0.4455
Chr5_6884502,te,1,Chr4,41729,60,2,3.93,0.51,0.5941,1,0.95,1.05,0.7525,1,1.87,0.53,0.7525
Chr5_6884502,te,2,Chr5,26258653,60,10,8.31,1.2,0.2277,2,1.29,1.55,0.396,5,2.59,1.93,0.1287
Chr5_6884502,te,3,Chr1,13931497,60,2,2.98,0.67,0.5941,2,1.01,1.98,0.2277,2,1.43,1.4,0.4554
Chr5_22757963,genomic,1,Chr4,11746816,60,4,5.3,0.75,0.4851,1,1.29,0.78,0.8911,4,2.48,1.61,0.2871
Chr5_22757963,genomic,2,Chr4,6800524,60,24,6.73,3.57,0.0396,1,1.41,0.71,0.9505,6,2.69,2.23,0.0693
Chr5_22757963,genomic,3,Chr3,15100208,60,12,11.99,1.0,0.2673,3,1.38,2.17,0.0396,3,3.01,1.0,0.5248
Chr5_22757963,te,1,Chr3,14144332,60,7,5.0,1.4,0.2475,2,1.09,1.83,0.2277,5,1.88,2.66,0.0792
Chr5_22757963,te,2,Chr3,12809764,60,1,7.16,0.14,0.9406,1,1.39,0.72,0.9406,1,3.05,0.33,0.9406
Chr5_22757963,te,3,Chr3,15282026,60,1,7.63,0.13,0.9505,1,1.33,0.75,0.9505,1,2.86,0.35,0.9505
