pool	true_n	cov	block	n_nz_kmers	n_panel_kmers	would_fallback	cosine	pearson	jaccard_topN	mass_on_true	eff_n	h_rmse
cov10_n10_g0_s42_hotspots_p80_chr1	10	10	0	3304	5984	0	0.4813871900122617	0.40067357723540625	0.3333333333333333	0.4457883834838867	11.660887718200684	0.034748938444626405
cov10_n10_g0_s42_hotspots_p80_chr1	10	10	1	3503	6361	0	0.5361650306312583	0.4541717840064487	0.25	0.43691563606262207	15.059195518493652	0.031428785402378784
cov10_n10_g0_s42_hotspots_p80_chr1	10	10	2	2049	6027	0	0.25957786389465815	0.16791619844471936	0.25	0.2940288782119751	7.793909549713135	0.04602981912212776
cov10_n10_g0_s42_hotspots_p80_chr1	10	10	3	3787	7125	0	0.5372213673048628	0.4530041153800309	0.3333333333333333	0.4240604341030121	16.049114227294922	0.031124076960752225
cov10_n10_g0_s42_hotspots_p80_chr1	10	10	4	5030	8782	0	0.5721704159316332	0.48622259170902943	0.42857142857142855	0.3906625509262085	21.45098304748535	0.02925863041586939
cov10_n10_g0_s42_hotspots_p80_chr1	10	10	5	3990	7073	0	0.6955050628387934	0.6418735229171104	0.42857142857142855	0.5411583185195923	16.517789840698242	0.025570767063167778
cov10_n10_g0_s42_hotspots_p80_chr1	10	10	6	4410	7203	0	0.45329332730602934	0.33626976613704035	0.25	0.30540114641189575	22.030149459838867	0.032463848226257974
cov10_n10_g0_s42_hotspots_p80_chr1	10	10	7	3884	7816	0	0.6945592412659463	0.6437397158362308	0.42857142857142855	0.5921988487243652	13.755725860595703	0.026042568972771324
cov10_n10_g0_s42_hotspots_p80_chr1	10	10	8	3823	8348	0	0.7006912592690381	0.6491590326547186	0.5384615384615384	0.5667582750320435	15.284724235534668	0.02551301985018905
cov10_n10_g0_s42_hotspots_p80_chr1	10	10	9	2578	7499	0	0.7852429340589231	0.753286693831564	0.5384615384615384	0.7558586001396179	10.792624473571777	0.022771736960271
cov10_n10_g0_s42_hotspots_p80_chr1	10	10	10	1568	6425	0	0.6506960360337641	0.6041809882842704	0.42857142857142855	0.6900678277015686	8.891454696655273	0.03050696021011256
cov10_n10_g0_s42_hotspots_p80_chr1	10	10	11	1658	5196	0	0.6632050965487734	0.6300706385112508	0.5384615384615384	0.8640452027320862	5.891458511352539	0.03480808444167215
cov10_n10_g0_s42_hotspots_p80_chr1	10	10	12	3736	6415	0	0.49053038257779935	0.40580775357098714	0.25	0.4266926646232605	13.216043472290039	0.03360191352215465
cov10_n10_g0_s42_hotspots_p80_chr1	10	10	13	3180	5868	0	0.5523352812419562	0.4737008341524747	0.25	0.4522286057472229	14.917274475097656	0.030941607579049235
cov10_n10_g0_s42_hotspots_p80_chr1	10	10	14	3261	6433	0	0.5617539041804009	0.4842944969126038	0.42857142857142855	0.45619505643844604	15.163203239440918	0.030559391259106915
cov10_n10_g0_s42_hotspots_p80_chr1	10	10	15	2972	6310	0	0.21055617539764013	0.08611885384853095	0.1111111111111111	0.19321545958518982	11.875508308410645	0.04265615994025633
cov10_n10_g0_s42_hotspots_p80_chr1	10	10	16	3680	5330	0	0.28241996476251874	0.13637852723943805	0.1111111111111111	0.20680487155914307	18.64959144592285	0.03745989665798501
cov10_n10_g0_s42_hotspots_p80_chr1	10	10	17	3140	6822	0	0.4107700036511744	0.3165948943799042	0.3333333333333333	0.37159979343414307	12.219305038452148	0.03666022340741939
cov10_n10_g0_s42_hotspots_p80_chr1	10	10	18	3173	7648	0	0.6014900238236894	0.5273159999911469	0.3333333333333333	0.453133761882782	17.619924545288086	0.028750474096569535
cov10_n10_g0_s42_hotspots_p80_chr1	10	10	19	3617	7811	0	0.3841231530842092	0.261921693503703	0.25	0.2843283712863922	18.2515811920166	0.03498644250346988
cov10_n10_g0_s42_hotspots_p80_chr1	10	10	20	4011	8190	0	0.5059067150195524	0.4337395332880696	0.25	0.49611708521842957	10.398544311523438	0.03481089930479721
cov10_n10_g0_s42_hotspots_p80_chr1	10	10	21	1052	2865	0	0.359258027412556	0.2530996374038195	0.17647058823529413	0.31486600637435913	13.018516540527344	0.037722749985641325
cov10_n10_g0_s42_hotspots_p80_chr1	10	10	22	3809	7684	0	0.5791851902842544	0.4957888039694053	0.3333333333333333	0.40199902653694153	20.75797462463379	0.02910636859431242
cov10_n10_g0_s42_hotspots_p80_chr1	10	10	23	3576	7976	0	0.5102984658143046	0.4391358494590228	0.25	0.5026853084564209	10.305191040039062	0.034731362371150695
cov10_n10_g0_s42_hotspots_p80_chr1	10	10	24	4298	9593	0	0.5796712546412128	0.49377127858788583	0.3333333333333333	0.37948378920555115	23.333351135253906	0.02893102989711279
cov10_n10_g0_s42_hotspots_p80_chr1	10	10	25	4065	7863	0	0.6696710536207948	0.6083955208568518	0.3333333333333333	0.47206518054008484	20.124223709106445	0.026286479547515354
cov10_n10_g0_s42_hotspots_p80_chr1	10	10	26	2096	3905	0	0.393271660416412	0.2976107077212402	0.25	0.3602679669857025	11.916096687316895	0.03739426867471946
cov10_n10_g0_s42_hotspots_p80_chr1	10	10	27	2676	5812	0	0.4390015008384188	0.32209018713727655	0.17647058823529413	0.30594298243522644	20.58974838256836	0.033049067150442625
cov10_n10_g0_s42_hotspots_p80_chr1	10	10	28	4326	8184	0	0.5034302103084373	0.4077651022194665	0.3333333333333333	0.37556979060173035	17.967893600463867	0.03172949320740476
cov10_n10_g0_s42_hotspots_p80_chr1	10	10	29	3076	7093	0	0.368047027828232	0.2655616351472211	0.1111111111111111	0.3288084864616394	12.529119491577148	0.0377578419711668
cov10_n10_g0_s42_hotspots_p80_chr1	10	10	30	3412	7727	0	0.3991016369510454	0.2963793528675449	0.25	0.3395031690597534	13.819087982177734	0.036135690559498126
cov10_n10_g0_s42_hotspots_p80_chr1	10	10	31	3209	6796	0	0.46388833181141104	0.3597980067589182	0.17647058823529413	0.34620440006256104	17.95401954650879	0.032874183115142626
cov10_n10_g0_s42_hotspots_p80_chr1	10	10	32	4042	7341	0	0.6796534567292246	0.6233125134056162	0.3333333333333333	0.5365573763847351	16.045108795166016	0.0262232736940808
cov10_n10_g0_s42_hotspots_p80_chr1	10	10	33	3566	7049	0	0.5182545893192669	0.4180126588262213	0.17647058823529413	0.34992489218711853	21.934951782226562	0.030741739523210253
cov10_n10_g0_s42_hotspots_p80_chr1	10	10	34	4191	7741	0	0.3620700647508792	0.24118538881961046	0.1111111111111111	0.2805633544921875	16.654184341430664	0.03604377491927221
cov10_n10_g0_s42_hotspots_p80_chr1	10	10	35	4072	6871	0	0.5754685246457673	0.4932643551078046	0.25	0.41514211893081665	19.215408325195312	0.029371149882452718
cov10_n10_g0_s42_hotspots_p80_chr1	10	10	36	4306	6940	0	0.6991644324533267	0.6449984533083197	0.42857142857142855	0.5060103535652161	19.09149169921875	0.025292609380927613
cov10_n10_g0_s42_hotspots_p80_chr1	10	10	37	3904	6567	0	0.42512647449963725	0.32509509377623486	0.25	0.35524892807006836	14.320914268493652	0.03513868116283398
cov10_n10_g0_s42_hotspots_p80_chr1	10	10	38	3824	7553	0	0.5001156667774425	0.3958931391762883	0.17647058823529413	0.34029141068458557	21.599262237548828	0.031272910454812224
cov10_n10_g0_s42_hotspots_p80_chr1	10	10	39	2411	3925	0	0.22814930823585108	0.11042157833388495	0.25	0.21544308960437775	11.214326858520508	0.04273216451507041
cov10_n10_g0_s42_hotspots_p80_chr1	10	10	40	5719	8588	0	0.45459454410516326	0.3161842924196456	0.25	0.247175395488739	33.82501220703125	0.03164823116550756
cov10_n10_g0_s42_hotspots_p80_chr1	10	10	41	4751	6957	0	0.5060818242368798	0.4219216755612661	0.3333333333333333	0.4294961392879486	13.884268760681152	0.032810960886433295
cov10_n10_g0_s42_hotspots_p80_chr1	10	10	42	3867	7472	0	0.5954084062842908	0.5242264614951968	0.42857142857142855	0.4832647144794464	15.179580688476562	0.029416202232458787
cov10_n10_g0_s42_hotspots_p80_chr1	10	10	43	4523	7437	0	0.5746348616616833	0.49238855359278844	0.3333333333333333	0.4156073331832886	19.11690330505371	0.029408387532214492
cov10_n10_g0_s42_hotspots_p80_chr1	10	10	44	4530	6713	0	0.6086705374068087	0.5436583576466969	0.3333333333333333	0.526138424873352	13.383338928222656	0.029472885333234486
cov10_n10_g0_s42_hotspots_p80_chr1	10	10	45	3952	7361	0	0.5655874841982487	0.48181638085267436	0.25	0.41252636909484863	18.797327041625977	0.029726623411841933
cov10_n10_g0_s42_hotspots_p80_chr1	10	10	46	2374	5178	0	0.7026218439348378	0.6554334743742514	0.5384615384615384	0.6337710022926331	12.290754318237305	0.026126558994266167
cov10_n10_g0_s42_hotspots_p80_chr1	10	10	47	3564	7336	0	0.40976767542863657	0.2859518895435118	0.17647058823529413	0.28586462140083313	20.547292709350586	0.033818502786592056
cov10_n10_g0_s42_hotspots_p80_chr1	10	10	48	3172	6101	0	0.5282315426240829	0.46969991349493717	0.25	0.5941029787063599	7.905426502227783	0.03668698760135747
cov10_n10_g0_s42_hotspots_p80_chr1	10	10	49	3907	6955	0	0.6380933165210326	0.5755926458609755	0.42857142857142855	0.5250734686851501	14.76822280883789	0.027995146679842788
cov10_n10_g0_s42_hotspots_p80_chr1	10	10	50	4308	7706	0	0.5753199087822156	0.5019762054839448	0.25	0.47842562198638916	14.460721015930176	0.030304232964011038
cov10_n10_g0_s42_hotspots_p80_chr1	10	10	51	4003	6542	0	0.5965540235231866	0.5149093299430506	0.42857142857142855	0.3864378035068512	23.83089256286621	0.028432986319495514
cov10_n10_g0_s42_hotspots_p80_chr1	10	10	52	3722	6385	0	0.5651574841601986	0.477862282550269	0.3333333333333333	0.3887464702129364	21.13518524169922	0.029488381588358422
cov10_n10_g0_s42_hotspots_p80_chr1	10	10	53	4195	6900	0	0.6335652379335313	0.5653923924931723	0.42857142857142855	0.4682714343070984	18.30574607849121	0.027607375282031495
cov10_n10_g0_s42_hotspots_p80_chr1	10	10	54	5291	8551	0	0.5580061020525465	0.4701133973639746	0.3333333333333333	0.39143186807632446	20.32196044921875	0.029774461018331002
cov10_n10_g0_s42_hotspots_p80_chr1	10	10	55	4658	8158	0	0.5570012134599541	0.4759621922886022	0.3333333333333333	0.4353146255016327	16.372150421142578	0.030417183388280658
cov10_n10_g0_s42_hotspots_p80_chr1	10	10	56	4118	7817	0	0.632971612580426	0.5768964576661437	0.42857142857142855	0.5952186584472656	11.308770179748535	0.02944979019466236
cov10_n10_g0_s42_hotspots_p80_chr1	10	10	57	4293	8343	0	0.3836670433664561	0.27153234966479145	0.25	0.30823811888694763	15.493029594421387	0.03586389842714923
cov10_n10_g0_s42_hotspots_p80_chr1	10	10	58	3305	7366	0	0.6019096610582262	0.5333724514458601	0.3333333333333333	0.5004604458808899	14.465152740478516	0.02937676780847419
cov10_n10_g0_s42_hotspots_p80_chr1	10	10	59	4096	7155	0	0.49726390248471813	0.41866472349393025	0.42857142857142855	0.45846831798553467	11.764005661010742	0.034152488744023775
cov10_n10_g0_s42_hotspots_p80_chr1	10	10	60	3788	6817	0	0.6489994291995944	0.585708796588395	0.3333333333333333	0.5004960298538208	16.814632415771484	0.027242614734138998
cov10_n10_g0_s42_hotspots_p80_chr1	10	10	61	4954	9772	0	0.7771377157200515	0.739940514319095	0.5384615384615384	0.5872114896774292	17.51487159729004	0.022263212130186744
cov10_n10_g0_s42_hotspots_p80_chr1	10	10	62	4106	8327	0	0.5655526821357365	0.48319994041450265	0.3333333333333333	0.4220191240310669	17.9589900970459	0.029849329753655146
cov10_n10_g0_s42_hotspots_p80_chr1	10	10	63	3015	6052	0	0.48328488773962647	0.4006026439830065	0.25	0.43614962697029114	12.278221130371094	0.034317469112550916
cov10_n10_g0_s42_hotspots_p80_chr1	10	10	64	3128	7117	0	0.38129720208416384	0.2781992364936386	0.17647058823529413	0.3322620689868927	13.169391632080078	0.03699345183996211
cov10_n10_g0_s42_hotspots_p80_chr1	10	10	65	4929	9181	0	0.5976728436866997	0.5506979856997583	0.42857142857142855	0.7018762230873108	7.25113582611084	0.03491672069083408
cov10_n10_g0_s42_hotspots_p80_chr1	10	10	66	4407	8108	0	0.5328424992327798	0.44844165410674264	0.3333333333333333	0.42429399490356445	15.771172523498535	0.03133449157939156
cov10_n10_g0_s42_hotspots_p80_chr1	10	10	67	3610	6056	0	0.6313735162181969	0.565892201164215	0.3333333333333333	0.5016424655914307	15.841054916381836	0.0280175416756361
cov10_n10_g0_s42_hotspots_p80_chr1	10	10	68	3971	6776	0	0.5460203367082838	0.468086347916074	0.3333333333333333	0.45844602584838867	14.185386657714844	0.03138587818127106
cov10_n10_g0_s42_hotspots_p80_chr1	10	10	69	3964	7050	0	0.580591752722357	0.5021029656604643	0.3333333333333333	0.4380370080471039	17.567913055419922	0.0294352170289497
cov10_n10_g0_s42_hotspots_p80_chr1	10	10	70	3903	6832	0	0.5146433866441977	0.4185592792130752	0.25	0.3707672655582428	19.26681900024414	0.031174760348807607
cov10_n10_g0_s42_hotspots_p80_chr1	10	10	71	4245	7209	0	0.6974528636992229	0.6486966809352984	0.5384615384615384	0.6183747053146362	12.721144676208496	0.02620456330057716
cov10_n10_g0_s42_hotspots_p80_chr1	10	10	72	2447	5347	0	0.6195674512474542	0.5531639303775125	0.3333333333333333	0.5051788687705994	15.041350364685059	0.028602364443158508
cov10_n10_g0_s42_hotspots_p80_chr1	10	10	73	2919	7074	0	0.6445847058416699	0.5850581670077116	0.42857142857142855	0.5499022006988525	13.740072250366211	0.02801770987064067
cov10_n10_g0_s42_hotspots_p80_chr1	10	10	74	3816	7526	0	0.5328524793747811	0.45385542764385745	0.3333333333333333	0.4548485279083252	13.72398853302002	0.0319951948116759
cov10_n10_g0_s42_hotspots_p80_chr1	10	10	75	3413	6238	0	0.5359989551379776	0.44479943438777947	0.25	0.3863562047481537	19.24651527404785	0.030554504090531114
cov10_n10_g0_s42_hotspots_p80_chr1	10	10	76	2923	5617	0	0.5844333025226304	0.5227422620444147	0.3333333333333333	0.5647483468055725	10.709273338317871	0.03170712649451106
cov10_n10_g0_s42_hotspots_p80_chr1	10	10	77	3374	6240	0	0.7249367291040726	0.6782980635819276	0.42857142857142855	0.5940644145011902	14.891318321228027	0.024581583073205824
cov10_n10_g0_s42_hotspots_p80_chr1	10	10	78	3673	7837	0	0.49788009564160546	0.40596175764407416	0.3333333333333333	0.39299479126930237	16.050031661987305	0.0323469877656516
cov10_n10_g0_s42_hotspots_p80_chr1	10	10	79	2871	7328	0	0.5618989965647466	0.4849879836005788	0.25	0.459741473197937	14.937886238098145	0.030617719829355496
cov10_n10_g0_s42_hotspots_p80_chr1	10	10	80	3173	7158	0	0.5102838530894201	0.4343237709702822	0.3333333333333333	0.4738549292087555	11.596658706665039	0.03381211924412595
cov10_n10_g0_s42_hotspots_p80_chr1	10	10	81	3742	6796	0	0.6919799233289351	0.6382745441040477	0.42857142857142855	0.5504058599472046	15.805963516235352	0.02578422459606351
cov10_n10_g0_s42_hotspots_p80_chr1	10	10	82	3176	5747	0	0.46586970784189313	0.3790820056011832	0.25	0.4146164655685425	12.625129699707031	0.03469218484158575
cov10_n10_g0_s42_hotspots_p80_chr1	10	10	83	3734	7435	0	0.4552463177088275	0.36266354129706013	0.17647058823529413	0.3884369432926178	13.735733032226562	0.0344810491394821
cov10_n10_g0_s42_hotspots_p80_chr1	10	10	84	4252	8295	0	0.6488886109001263	0.5856020094700265	0.3333333333333333	0.5007495284080505	16.791873931884766	0.02724947363706377
cov10_n10_g0_s42_hotspots_p80_chr1	10	10	85	3518	8196	0	0.4376458841452016	0.3407454651797914	0.3333333333333333	0.36887261271476746	14.076436996459961	0.03486871323738073
cov10_n10_g0_s42_hotspots_p80_chr1	10	10	86	2076	5319	0	0.28554390525491574	0.1842087979678987	0.25	0.28734248876571655	9.875205039978027	0.04239623071714037
cov10_n10_g0_s42_hotspots_p80_chr1	10	10	87	3894	8427	0	0.6406151828673665	0.5745643481837406	0.42857142857142855	0.4811195731163025	17.729167938232422	0.02742724658402359
cov10_n10_g0_s42_hotspots_p80_chr1	10	10	88	2981	8308	0	0.6670892748854769	0.60957968480934	0.42857142857142855	0.5444202423095703	15.0141019821167	0.026860751585883514
cov10_n10_g0_s42_hotspots_p80_chr1	10	10	89	3197	5457	0	0.3941219683581581	0.2642838735464689	0.25	0.27023181319236755	21.271018981933594	0.034089213443034685
cov10_n10_g0_s42_hotspots_p80_chr1	10	10	90	3215	5801	0	0.5500400622468633	0.4611753411135845	0.25	0.39139485359191895	19.749603271484375	0.030073857335535033
cov10_n10_g0_s42_hotspots_p80_chr1	10	10	91	3136	6537	0	0.6910264442931883	0.6374649675073687	0.42857142857142855	0.5554174184799194	15.479268074035645	0.02586480821554262
cov10_n10_g0_s42_hotspots_p80_chr1	10	10	92	3350	8579	0	0.6263872589476891	0.5788648759230914	0.3333333333333333	0.6889814138412476	8.265533447265625	0.03224671758849302
cov10_n10_g0_s42_hotspots_p80_chr1	10	10	93	3441	6351	0	0.41333129001196267	0.3000125950285669	0.17647058823529413	0.3127025365829468	17.47164535522461	0.034404775713410954
cov10_n10_g0_s42_hotspots_p80_chr1	10	10	94	4097	7776	0	0.5816374301188626	0.5222810450714958	0.42857142857142855	0.5851370096206665	9.880743026733398	0.03243831952616992
cov10_n10_g0_s42_hotspots_p80_chr1	10	10	95	3669	7938	0	0.46195511797140043	0.37759868291929877	0.42857142857142855	0.42501145601272583	11.814034461975098	0.03529213623567139
cov10_n10_g0_s42_hotspots_p80_chr1	10	10	96	2845	6814	0	0.5163260817692644	0.44136809897338275	0.17647058823529413	0.47981488704681396	11.579788208007812	0.03361442731506997
cov10_n10_g0_s42_hotspots_p80_chr1	10	10	97	4177	7419	0	0.5165013691686491	0.44104644764067563	0.3333333333333333	0.47687435150146484	11.730999946594238	0.0335166661098604
cov10_n10_g0_s42_hotspots_p80_chr1	10	10	98	3365	7093	0	0.4983046948378275	0.4396942027379261	0.3333333333333333	0.588245153427124	7.175847053527832	0.03900437960017514
cov10_n10_g0_s42_hotspots_p80_chr1	10	10	99	3534	6774	0	0.3664419345541098	0.2905822878167606	0.17647058823529413	0.4261142313480377	7.39534330368042	0.043300893701502745
cov10_n10_g0_s42_hotspots_p80_chr1	10	10	100	4512	9549	0	0.6746358078515156	0.6159381043489756	0.3333333333333333	0.4142265319824219	26.525463104248047	0.026185472521477356
cov10_n10_g0_s42_hotspots_p80_chr1	10	10	101	3837	7762	0	0.5318282372205606	0.4345771480027642	0.3333333333333333	0.3566114902496338	22.24088478088379	0.030339729772327205
cov10_n10_g0_s42_hotspots_p80_chr1	10	10	102	5084	8534	0	0.5410550594903575	0.4446247860861706	0.25	0.3536325991153717	23.40876007080078	0.029998445160180066
cov10_n10_g0_s42_hotspots_p80_chr1	10	10	103	4055	7434	0	0.5841709653553779	0.5133204167972032	0.3333333333333333	0.492507666349411	14.068699836730957	0.030120225696651477
cov10_n10_g0_s42_hotspots_p80_chr1	10	10	104	4332	6705	0	0.49605696342080974	0.4038901957737844	0.25	0.3920379877090454	16.010570526123047	0.03241356533364113
cov10_n10_g0_s42_hotspots_p80_chr1	10	10	105	4431	7222	0	0.5218273348535849	0.42164736910932826	0.25	0.34821775555610657	22.45700454711914	0.030595339538004022
cov10_n10_g0_s42_hotspots_p80_chr1	10	10	106	4793	7421	0	0.6900223771563083	0.6341380910457234	0.42857142857142855	0.5104895830154419	18.270591735839844	0.025650256410898617
cov10_n10_g0_s42_hotspots_p80_chr1	10	10	107	4086	6718	0	0.554112155762863	0.47105910015830577	0.3333333333333333	0.4241933822631836	17.063478469848633	0.030365690995647787
cov10_n10_g0_s42_hotspots_p80_chr1	10	10	108	4153	7495	0	0.5311685061066616	0.4447356519594229	0.3333333333333333	0.41372743248939514	16.482988357543945	0.031209599365943357
cov10_n10_g0_s42_hotspots_p80_chr1	10	10	109	3501	6929	0	0.4910617297314964	0.39865802161056146	0.3333333333333333	0.3913087546825409	15.748272895812988	0.03264147481184758
cov10_n10_g0_s42_hotspots_p80_chr1	10	10	110	2756	6478	0	0.3747321853176056	0.2813310241298	0.3333333333333333	0.3602936863899231	10.81754207611084	0.038791700911612007
cov10_n10_g0_s42_hotspots_p80_chr1	10	10	111	3154	5751	0	0.6232312221431802	0.5579698430285279	0.42857142857142855	0.512578010559082	14.783540725708008	0.028532260010020093
cov10_n10_g0_s42_hotspots_p80_chr1	10	10	112	4436	8148	0	0.7337943447908734	0.6894818060988587	0.5384615384615384	0.6178849935531616	14.103713989257812	0.024322396233535812
cov10_n10_g0_s42_hotspots_p80_chr1	10	10	113	2353	4878	0	0.6510929367358462	0.5922463235891242	0.42857142857142855	0.5502822995185852	13.999577522277832	0.02769798486022972
cov10_n10_g0_s42_hotspots_p80_chr1	10	10	114	1803	4596	0	0.18336050018081856	0.05934635188503075	0.1111111111111111	0.17383186519145966	11.126355171203613	0.04403270502669267
cov10_n10_g0_s42_hotspots_p80_chr1	10	10	115	4050	6949	0	0.3477957075157925	0.24444863427367783	0.25	0.31733259558677673	12.012104034423828	0.03869477318218317
cov10_n10_g0_s42_hotspots_p80_chr1	10	10	116	2908	5256	0	0.6203458347751212	0.5480847635781263	0.42857142857142855	0.4449954330921173	19.433752059936523	0.02794140797025227
cov10_n10_g0_s42_hotspots_p80_chr1	10	10	117	3723	6710	0	0.695135299722604	0.6399063118205282	0.42857142857142855	0.4941941797733307	19.785337448120117	0.025422344211080326
cov10_n10_g0_s42_hotspots_p80_chr1	10	10	118	2950	7816	0	0.6692257433248795	0.6124200062138503	0.5384615384615384	0.5502892732620239	14.78982925415039	0.026822603438110083
cov10_n10_g0_s42_hotspots_p80_chr1	10	10	119	4414	8715	0	0.6872253622394552	0.630430857207112	0.42857142857142855	0.49942895770072937	18.934375762939453	0.025721636584642764
cov10_n10_g0_s42_hotspots_p80_chr1	10	10	120	2072	4632	0	0.6068825155080784	0.5596898033176326	0.3333333333333333	0.6979016661643982	7.5617241859436035	0.03403392486789308
cov10_n10_g0_s42_hotspots_p80_chr1	10	10	121	3766	7462	0	0.5331748133999116	0.4367914624397895	0.3333333333333333	0.36030149459838867	21.898134231567383	0.03033267537091501
cov10_n10_g0_s42_hotspots_p80_chr1	10	10	122	2986	7464	0	0.370490838920282	0.2740237967654706	0.25	0.3482311964035034	11.319299697875977	0.038519223782455494
cov10_n10_g0_s42_hotspots_p80_chr1	10	10	123	2372	5684	0	0.635761011016918	0.5733593913213909	0.3333333333333333	0.5286417007446289	14.46321964263916	0.028154164553593423
cov10_n10_g0_s42_hotspots_p80_chr1	10	10	124	4216	8746	0	0.6334272987536533	0.5844112537007935	0.42857142857142855	0.6696663498878479	8.946981430053711	0.031192197783546358
cov10_n10_g0_s42_hotspots_p80_chr1	10	10	125	4205	7731	0	0.6817728638287565	0.6301477466867124	0.42857142857142855	0.6008472442626953	12.875121116638184	0.026809450777326695
cov10_n10_g0_s42_hotspots_p80_chr1	10	10	126	2700	6810	0	0.5558213929280051	0.4841767289910703	0.5384615384615384	0.4967728853225708	12.51856803894043	0.031726714598078146
cov10_n10_g0_s42_hotspots_p80_chr1	10	10	127	2791	6137	0	0.4309907347416737	0.34819465243132464	0.3333333333333333	0.42408356070518494	10.328397750854492	0.03741719651616628
cov10_n10_g0_s42_hotspots_p80_chr1	10	10	128	4747	9446	0	0.6444448041571496	0.5807333747670527	0.5384615384615384	0.5030690431594849	16.410289764404297	0.02745987248082463
cov10_n10_g0_s42_hotspots_p80_chr1	10	10	129	3541	7621	0	0.5965271588232908	0.5237711689200409	0.42857142857142855	0.46970054507255554	16.12940216064453	0.029167290732710027
cov10_n10_g0_s42_hotspots_p80_chr1	10	10	130	2656	5820	0	0.6755340645673039	0.620410746366927	0.42857142857142855	0.5627367496490479	14.410662651062012	0.02665654583881502
cov10_n10_g0_s42_hotspots_p80_chr1	10	10	131	3835	8064	0	0.7538142102465598	0.7123515297125866	0.42857142857142855	0.6116769909858704	15.187435150146484	0.02332072902932631
cov10_n10_g0_s42_hotspots_p80_chr1	10	10	132	3843	7284	0	0.6587616817940147	0.6008444902704816	0.42857142857142855	0.5516242384910583	14.261655807495117	0.02733890081247283
cov10_n10_g0_s42_hotspots_p80_chr1	10	10	133	4570	8328	0	0.6205133566733766	0.5543229240731217	0.42857142857142855	0.5062975287437439	15.020719528198242	0.02857341595451569
cov10_n10_g0_s42_hotspots_p80_chr1	10	10	134	4097	8317	0	0.8252800245731946	0.7975998917685988	0.5384615384615384	0.6428243517875671	16.48230743408203	0.02003317458166379
cov10_n10_g0_s42_hotspots_p80_chr1	10	10	135	4278	8096	0	0.6007495866470214	0.5240173521413956	0.25	0.4310261309146881	19.425838470458984	0.028564094993115383
cov10_n10_g0_s42_hotspots_p80_chr1	10	10	136	3986	7693	0	0.6861125971221044	0.6327104438688155	0.3333333333333333	0.5686855912208557	14.556142807006836	0.026211256884437994
cov10_n10_g0_s42_hotspots_p80_chr1	10	10	137	4346	9356	0	0.4646210338577832	0.3781231702091603	0.3333333333333333	0.41572168469429016	12.490859985351562	0.03480556669459614
cov10_n10_g0_s42_hotspots_p80_chr1	10	10	138	4199	9743	0	0.45877496381198796	0.34207223373647355	0.25	0.30585241317749023	22.499643325805664	0.03226349856285961
cov10_n10_g0_s42_hotspots_p80_chr1	10	10	139	2394	4513	0	0.5237693034789176	0.42167991174930275	0.25	0.3374207019805908	24.09554100036621	0.030417370541742702
cov10_n10_g0_s42_hotspots_p80_chr1	10	10	140	3627	8053	0	0.3015103324290515	0.15207717339743945	0.17647058823529413	0.2108069360256195	20.456653594970703	0.036524386206496
cov10_n10_g0_s42_hotspots_p80_chr1	10	10	141	4196	6674	0	0.37298250417167905	0.2275561534601617	0.17647058823529413	0.23822377622127533	24.513580322265625	0.03412274898202218
cov10_n10_g0_s42_hotspots_p80_chr1	10	10	142	4051	7778	0	0.6907868989147681	0.635663063610282	0.42857142857142855	0.5260033011436462	17.246910095214844	0.025685780558541094
cov10_n10_g0_s42_hotspots_p80_chr1	10	10	143	3595	8181	0	0.6146846609748478	0.5425192807290056	0.3333333333333333	0.45543941855430603	18.215600967407227	0.028242279475181098
cov10_n10_g0_s42_hotspots_p80_chr1	10	10	144	2968	7758	0	0.5808375559776511	0.5007531198609113	0.3333333333333333	0.4259042739868164	18.598819732666016	0.029280111969470234
cov10_n10_g0_s42_hotspots_p80_chr1	10	10	145	2753	6056	0	0.6329202031241049	0.5630928220033276	0.42857142857142855	0.4477919340133667	19.977691650390625	0.027499418130173578
cov10_n10_g0_s42_hotspots_p80_chr1	10	10	146	3473	7109	0	0.6783918602300126	0.6190972212259572	0.42857142857142855	0.47467124462127686	20.425626754760742	0.025986500107489423
cov10_n10_g0_s42_hotspots_p80_chr1	10	10	147	3181	6811	0	0.6182175136237353	0.5459350785163065	0.25	0.44865357875823975	18.9871768951416	0.028048264532694645
cov10_n10_g0_s42_hotspots_p80_chr1	10	10	148	3849	8260	0	0.4260295851428727	0.3204397698384358	0.25	0.3374849557876587	15.935684204101562	0.03450638645259842
cov10_n10_g0_s42_hotspots_p80_chr1	10	10	149	3040	7490	0	0.5315611444599216	0.4582199057631129	0.25	0.4891778826713562	11.807905197143555	0.03294947814055543
cov10_n10_g0_s42_hotspots_p80_chr1	10	10	150	3732	7687	0	0.4746956323159142	0.37563577485316063	0.25	0.36453181505203247	16.957412719726562	0.03279956165241382
cov10_n10_g0_s42_hotspots_p80_chr1	10	10	151	3264	7034	0	0.6076386231705846	0.5390042142458744	0.25	0.4953855872154236	15.04541015625	0.029023337599892614
cov10_n10_g0_s42_hotspots_p80_chr1	10	10	152	3841	7052	0	0.5878595785723034	0.5070094843402578	0.42857142857142855	0.41189855337142944	20.36885643005371	0.02887794293477692
cov10_n10_g0_s42_hotspots_p80_chr1	10	10	153	1764	4662	0	0.2984348208397598	0.22578846322539292	0.3333333333333333	0.39269524812698364	5.775476455688477	0.0493212498143319
cov10_n10_g0_s42_hotspots_p80_chr1	10	10	154	1830	5296	0	0.38297210440468726	0.2804483668243412	0.17647058823529413	0.3345835208892822	13.101624488830566	0.0369813645488063
cov10_n10_g0_s42_hotspots_p80_chr1	10	10	155	2685	5996	0	0.6401316134922139	0.6010834400160067	0.42857142857142855	0.7877763509750366	6.602869510650635	0.03425894919947
cov10_n10_g0_s42_hotspots_p80_chr1	10	10	156	3860	7245	0	0.38552454984460277	0.2876151369017494	0.17647058823529413	0.34985801577568054	12.142842292785645	0.037480233191703204
cov10_n10_g0_s42_hotspots_p80_chr1	10	10	157	4621	7499	0	0.6047703792895665	0.543699770358954	0.3333333333333333	0.5628215074539185	11.546215057373047	0.03042288725180428
cov10_n10_g0_s42_hotspots_p80_chr1	10	10	158	4920	8252	0	0.611739372870029	0.5382149458011358	0.25	0.44608741998672485	18.805845260620117	0.02827487078517589
cov10_n10_g0_s42_hotspots_p80_chr1	10	10	159	4667	9330	0	0.45332097309069364	0.34279029034762626	0.17647058823529413	0.3249310553073883	19.463865280151367	0.03286164864226168
cov10_n10_g0_s42_hotspots_p80_chr1	10	10	160	4818	8028	0	0.4421251287906023	0.3503148720746179	0.25	0.3890686333179474	12.91331958770752	0.0352891079413804
cov10_n10_g0_s42_hotspots_p80_chr1	10	10	161	5255	9188	0	0.6573969902319855	0.593613861441313	0.3333333333333333	0.47170233726501465	19.423137664794922	0.026726513383010193
cov10_n10_g0_s42_hotspots_p80_chr1	10	10	162	4165	8862	0	0.5927049831694216	0.5168963594499537	0.3333333333333333	0.44826826453208923	17.482404708862305	0.0290574254813726
cov10_n10_g0_s42_hotspots_p80_chr1	10	10	163	4256	8259	0	0.5001434811662863	0.4021880911071538	0.3333333333333333	0.36632096767425537	18.640846252441406	0.031698074568243084
cov10_n10_g0_s42_hotspots_p80_chr1	10	10	164	4797	9176	0	0.6361745033978313	0.565635003368551	0.3333333333333333	0.4200017750263214	22.943008422851562	0.02729146322730149
cov10_n10_g0_s42_hotspots_p80_chr1	10	10	165	54	143	1	0.35724396518415563	0.2731098071965878	0.25	0.3853379189968109	8.59500789642334	0.04172514480302571
cov10_n10_g0_s42_hotspots_p80_chr1	10	10	167	1	3	1	0.22360680157584636	0.18156825980063976	0.1111111111111111	0.5	2.0	0.07905694150420949
cov10_n10_g0_s42_hotspots_p80_chr1	10	10	169	211	505	0	0.33085176806929734	0.1969573851466072	0.17647058823529413	0.24466025829315186	18.28689956665039	0.03635792612196976
cov10_n10_g0_s42_hotspots_p80_chr1	10	10	170	2705	5398	0	0.5046317409311413	0.41643936981514296	0.3333333333333333	0.40969574451446533	15.171420097351074	0.03239873916466839
cov10_n10_g0_s42_hotspots_p80_chr1	10	10	171	4091	7101	0	0.30589054246618735	0.1690417561254085	0.1111111111111111	0.2298317849636078	17.713809967041016	0.037162948436196074
cov10_n10_g0_s42_hotspots_p80_chr1	10	10	172	3881	8862	0	0.39265734158740506	0.278838964967075	0.17647058823529413	0.3065648674964905	16.405241012573242	0.03529219982202156
cov10_n10_g0_s42_hotspots_p80_chr1	10	10	173	3323	7828	0	0.4375756948068034	0.3264570736592678	0.25	0.3223904073238373	18.42222785949707	0.03350450935908902
cov10_n10_g0_s42_hotspots_p80_chr1	10	10	174	2809	7189	0	0.4865456267467933	0.39781784471513704	0.25	0.407739520072937	14.239067077636719	0.033294409660036085
cov10_n10_g0_s42_hotspots_p80_chr1	10	10	175	2763	7826	0	0.4424864965524644	0.3475445351097934	0.25	0.3770560324192047	13.771723747253418	0.03485709207128469
cov10_n10_g0_s42_hotspots_p80_chr1	10	10	176	2661	6901	0	0.49598050652192277	0.40037762025795204	0.25	0.37704387307167053	17.303956985473633	0.03209000416053384
cov10_n10_g0_s42_hotspots_p80_chr1	10	10	177	1770	4819	0	0.5484747803638832	0.4689648700876057	0.3333333333333333	0.4480883479118347	14.982558250427246	0.031049679099572472
cov10_n10_g0_s42_hotspots_p80_chr1	10	10	178	2414	4780	0	0.6660754215188087	0.6149029899893836	0.42857142857142855	0.6241229176521301	11.389547348022461	0.028056908895249907
cov10_n10_g0_s42_hotspots_p80_chr1	10	10	179	4363	9133	0	0.5709953551866777	0.49005631475857214	0.3333333333333333	0.42780402302742004	17.81456756591797	0.029701224694003582
cov10_n10_g0_s42_hotspots_p80_chr1	10	10	180	4000	7829	0	0.5489383921285352	0.467597824431115	0.25	0.43682241439819336	15.792009353637695	0.030813688953317493
cov10_n10_g0_s42_hotspots_p80_chr1	10	10	181	3969	8271	0	0.4557978085880234	0.36448249674379285	0.25	0.39365676045417786	13.406303405761719	0.03461582535126218
cov10_n10_g0_s42_hotspots_p80_chr1	10	10	182	2344	4569	0	0.4666918377182174	0.37217085894091023	0.25	0.38202160596847534	14.923974990844727	0.03365299991073513
cov10_n10_g0_s42_hotspots_p80_chr1	10	10	183	3083	6780	0	0.5772048298073685	0.5000529855437074	0.3333333333333333	0.45019015669822693	16.438718795776367	0.02974768075714886
cov10_n10_g0_s42_hotspots_p80_chr1	10	10	184	3929	7243	0	0.5021568261496537	0.39361484483472514	0.3333333333333333	0.3217361867427826	24.360092163085938	0.030964397220146916
cov10_n10_g0_s42_hotspots_p80_chr1	10	10	185	3927	8362	0	0.6287008478469798	0.558043219453333	0.25	0.44695138931274414	19.786434173583984	0.027647197880137062
cov10_n10_g0_s42_hotspots_p80_chr1	10	10	186	3331	6306	0	0.5392775526895568	0.45370408691847475	0.25	0.41577258706092834	16.823366165161133	0.03088013333862744
cov10_n10_g0_s42_hotspots_p80_chr1	10	10	187	4687	8689	0	0.5560488235920514	0.4713070333874133	0.3333333333333333	0.412718266248703	18.151744842529297	0.030113838145245316
cov10_n10_g0_s42_hotspots_p80_chr1	10	10	188	2568	5775	0	0.5032704861701316	0.4143444604274842	0.25	0.4063185155391693	15.341567039489746	0.03238801637437627
cov10_n10_g0_s42_hotspots_p80_chr1	10	10	189	2750	3956	0	0.4304198140520029	0.30924049838661455	0.17647058823529413	0.2942701578140259	21.393999099731445	0.03314514331164487
cov10_n10_g0_s42_hotspots_p80_chr1	10	10	190	4246	6879	0	0.5748563510134981	0.4947118443461377	0.25	0.43051114678382874	17.829938888549805	0.02957685157543084
cov10_n10_g0_s42_hotspots_p80_chr1	10	10	191	2197	5386	0	0.5151212219740383	0.42980655200283396	0.25	0.42285236716270447	14.840254783630371	0.03217409898026778
cov10_n10_g0_s42_hotspots_p80_chr1	10	10	192	3042	6323	0	0.7254174940238606	0.6771639504500109	0.6666666666666666	0.5278681516647339	18.88535499572754	0.024335532970990194
cov10_n10_g0_s42_hotspots_p80_chr1	10	10	193	3621	7885	0	0.6071782468029143	0.5280523926416064	0.25	0.3847978413105011	24.898157119750977	0.028107839299732627
cov10_n10_g0_s42_hotspots_p80_chr1	10	10	194	1870	3973	0	0.5739939824401034	0.4961322183750607	0.3333333333333333	0.44719672203063965	16.47469711303711	0.02984539299449398
cov10_n10_g0_s42_hotspots_p80_chr1	10	10	195	2592	6569	0	0.5928800863409812	0.5272724384447911	0.42857142857142855	0.529566764831543	12.534075736999512	0.03038691324788089
cov10_n10_g0_s42_hotspots_p80_chr1	10	10	196	3905	8874	0	0.6610163329247488	0.6029901148672484	0.42857142857142855	0.5471717715263367	14.594091415405273	0.02717685771304466
cov10_n10_g0_s42_hotspots_p80_chr1	10	10	197	4321	8339	0	0.45958405068273767	0.331101139444191	0.17647058823529413	0.2720060646533966	28.54780387878418	0.03174660326158263
cov10_n10_g0_s42_hotspots_p80_chr1	10	10	198	4085	7243	0	0.5604285493428428	0.4759987620591267	0.3333333333333333	0.4119034707546234	18.5118408203125	0.02992465219052775
cov10_n10_g0_s42_hotspots_p80_chr1	10	10	199	3839	6615	0	0.4908737204120025	0.3972458880061048	0.3333333333333333	0.38600364327430725	16.171737670898438	0.032526054789686294
cov10_n10_g0_s42_hotspots_p80_chr1	10	10	200	4338	7660	0	0.4554712767955765	0.36253266779517884	0.3333333333333333	0.38704830408096313	13.848146438598633	0.0344242226849322
cov10_n10_g0_s42_hotspots_p80_chr1	10	10	201	3812	9094	0	0.5420906298159643	0.46117815663440725	0.3333333333333333	0.4415995478630066	15.069072723388672	0.03123322994961548
cov10_n10_g0_s42_hotspots_p80_chr1	10	10	202	3696	8976	0	0.5033579567719457	0.40926131688477885	0.25	0.3825393617153168	17.31416893005371	0.031868537415120295
cov10_n10_g0_s42_hotspots_p80_chr1	10	10	203	3872	7860	0	0.5791303750734084	0.4948692894385606	0.3333333333333333	0.3949921131134033	21.496904373168945	0.029051659517821214
cov10_n10_g0_s42_hotspots_p80_chr1	10	10	204	3307	6642	0	0.4790186901992053	0.3867359214501433	0.17647058823529413	0.3919163644313812	14.938885688781738	0.03327088150562147
cov10_n10_g0_s42_hotspots_p80_chr1	10	10	205	2772	5384	0	0.5685567367375437	0.4937018688930687	0.25	0.47082847356796265	14.582172393798828	0.03049819491091261
cov10_n10_g0_s42_hotspots_p80_chr1	10	10	206	2678	6167	0	0.6985593290663759	0.6475355259495233	0.42857142857142855	0.5809100866317749	14.46068286895752	0.02573203568853967
cov10_n10_g0_s42_hotspots_p80_chr1	10	10	207	1988	4959	0	0.639715493499146	0.5793618584391652	0.42857142857142855	0.5459946393966675	13.72767448425293	0.028206077156538226
cov10_n10_g0_s42_hotspots_p80_chr1	10	10	208	3788	7193	0	0.6733717336981944	0.6157791611521094	0.42857142857142855	0.5312522649765015	16.06601333618164	0.026455795833417495
cov10_n10_g0_s42_hotspots_p80_chr1	10	10	209	2228	5544	0	0.5045288195776163	0.430810185980892	0.3333333333333333	0.4866654574871063	10.747584342956543	0.034588847367283945
cov10_n10_g0_s42_hotspots_p80_chr1	10	10	210	3747	6907	0	0.5802666236415116	0.5041634056846352	0.3333333333333333	0.4557795524597168	16.208602905273438	0.029694218559656527
cov10_n10_g0_s42_hotspots_p80_chr1	10	10	211	3876	7383	0	0.36077451353216516	0.2313996381440359	0.3333333333333333	0.26297610998153687	18.820850372314453	0.035450202152718095
cov10_n10_g0_s42_hotspots_p80_chr1	10	10	212	4707	7821	0	0.5406539551766355	0.4474324706773558	0.3333333333333333	0.3725025951862335	21.06590461730957	0.03020131397900289
cov10_n10_g0_s42_hotspots_p80_chr1	10	10	213	3604	6928	0	0.5227811156760704	0.4345625429829742	0.3333333333333333	0.40663179755210876	16.528636932373047	0.03145923839171398
cov10_n10_g0_s42_hotspots_p80_chr1	10	10	214	2606	5036	0	0.5962341680519627	0.5188922790256195	0.3333333333333333	0.4315382242202759	19.089529037475586	0.028739584461487347
cov10_n10_g0_s42_hotspots_p80_chr1	10	10	215	1829	5006	0	0.5571916372786443	0.4730541775396117	0.3333333333333333	0.41580599546432495	17.95674705505371	0.030109835336806882
cov10_n10_g0_s42_hotspots_p80_chr1	10	10	216	2731	5618	0	0.43103081824001965	0.31786866654139023	0.17647058823529413	0.3158276081085205	18.625865936279297	0.03363838166320686
cov10_n10_g0_s42_hotspots_p80_chr1	10	10	217	4251	8450	0	0.5942868519581221	0.5167440791493126	0.3333333333333333	0.4321762025356293	18.909086227416992	0.02882043267171079
cov10_n10_g0_s42_hotspots_p80_chr1	10	10	218	4316	8487	0	0.5310282144447928	0.44376776408870977	0.25	0.40934625267982483	16.828813552856445	0.03113531765530421
cov10_n10_g0_s42_hotspots_p80_chr1	10	10	219	3969	7093	0	0.6387004386378632	0.5718873840157414	0.3333333333333333	0.47520264983177185	18.064950942993164	0.027457987195446933
cov10_n10_g0_s42_hotspots_p80_chr1	10	10	220	2796	4930	0	0.43006255933149157	0.3378357609303724	0.3333333333333333	0.38453125953674316	12.50834846496582	0.03588877780595078
cov10_n10_g0_s42_hotspots_p80_chr1	10	10	221	2985	5726	0	0.5606602641992692	0.4745359589443937	0.25	0.4007693827152252	19.570884704589844	0.029778858553156394
cov10_n10_g0_s42_hotspots_p80_chr1	10	10	222	5109	9465	0	0.7251092176945366	0.676896460433298	0.42857142857142855	0.5412662625312805	17.94671630859375	0.02435858608892786
cov10_n10_g0_s42_hotspots_p80_chr1	10	10	223	4918	8868	0	0.5861622189200084	0.5159886592551127	0.3333333333333333	0.4966639578342438	13.928693771362305	0.03009598221141839
cov10_n10_g0_s42_hotspots_p80_chr1	10	10	224	3714	6421	0	0.584749878368509	0.5076919676786031	0.42857142857142855	0.4454154372215271	17.234935760498047	0.029355278063317784
cov10_n10_g0_s42_hotspots_p80_chr1	10	10	225	5290	9295	0	0.48757777859855655	0.40220344168262145	0.25	0.42340800166130066	13.2608003616333	0.03367651852669907
cov10_n10_g0_s42_hotspots_p80_chr1	10	10	226	2612	6561	0	0.4912571500178032	0.39525115623180007	0.25	0.3758668601512909	17.08243179321289	0.03228124476856126
cov10_n10_g0_s42_hotspots_p80_chr1	10	10	227	3629	7187	0	0.6100008764202668	0.5598643078030641	0.5384615384615384	0.6657042503356934	8.396498680114746	0.03277887992184037
cov10_n10_g0_s42_hotspots_p80_chr1	10	10	228	3287	7598	0	0.48366641015261563	0.38305770801777833	0.3333333333333333	0.3580465018749237	18.247905731201172	0.03224738578532443
cov10_n10_g0_s42_hotspots_p80_chr1	10	10	229	2692	5986	0	0.40000943335762545	0.3007739536706982	0.17647058823529413	0.3507876992225647	13.00324535369873	0.03652847084936768
cov10_n10_g0_s42_hotspots_p80_chr1	10	10	230	4567	8057	0	0.5193683654786707	0.41591424937258076	0.25	0.33391645550727844	24.192197799682617	0.030527109260264477
cov10_n10_g0_s42_hotspots_p80_chr1	10	10	231	1752	5449	0	0.4359608161744106	0.3220046888036757	0.25	0.3140396177768707	19.2719669342041	0.03336931916848597
cov10_n10_g0_s42_hotspots_p80_chr1	10	10	232	5482	9755	0	0.5410112078269459	0.4453451223539985	0.3333333333333333	0.3581962287425995	22.8123722076416	0.03004093314016801
cov10_n10_g0_s42_hotspots_p80_chr1	10	10	233	3925	8376	0	0.38984952989136606	0.2694260973944401	0.17647058823529413	0.28980007767677307	18.096603393554688	0.034874592462119075
cov10_n10_g0_s42_hotspots_p80_chr1	10	10	234	3137	7165	0	0.6652961125388596	0.6120676231300891	0.42857142857142855	0.6001954674720764	12.286965370178223	0.02769205063263
cov10_n10_g0_s42_hotspots_p80_chr1	10	10	235	4029	7676	0	0.5446560499763803	0.464063999084221	0.25	0.4427451491355896	15.133413314819336	0.031130753895549486
cov10_n10_g0_s42_hotspots_p80_chr1	10	10	236	4491	7622	0	0.37924827802863764	0.2595695353103052	0.17647058823529413	0.2886611521244049	17.261184692382812	0.03539089304659166
cov10_n10_g0_s42_hotspots_p80_chr1	10	10	237	3686	6721	0	0.4468216210773564	0.3453433265338554	0.25	0.354179322719574	15.91556167602539	0.03391086209076274
cov10_n10_g0_s42_hotspots_p80_chr1	10	10	238	3687	8516	0	0.6126138589867568	0.5395215847013513	0.3333333333333333	0.44913509488105774	18.604568481445312	0.028267298771905817
cov10_n10_g0_s42_hotspots_p80_chr1	10	10	239	3605	7369	0	0.5873068656724576	0.5151734625048604	0.3333333333333333	0.48103564977645874	14.906501770019531	0.029765268275485236
cov10_n10_g0_s42_hotspots_p80_chr1	10	10	240	4356	7993	0	0.54810048694648	0.4537420124511376	0.25	0.3592812120914459	23.27294921875	0.029814447764481992
cov10_n10_g0_s42_hotspots_p80_chr1	10	10	241	3005	5881	0	0.5154927205507492	0.43570441583428476	0.25	0.45219218730926514	12.995677947998047	0.03288430822201438
cov10_n10_g0_s42_hotspots_p80_chr1	10	10	242	3322	7406	0	0.6498597996548711	0.5890560501180847	0.42857142857142855	0.5293416380882263	15.071874618530273	0.02749555032275717
cov10_n10_g0_s42_hotspots_p80_chr1	10	10	243	2629	6038	0	0.5445789812659709	0.476424150832888	0.3333333333333333	0.5224723219871521	10.8641357421875	0.03308162397618187
cov10_n10_g0_s42_hotspots_p80_chr1	10	10	244	3899	7715	0	0.7004222705489526	0.6482812086556914	0.42857142857142855	0.5557430982589722	15.884435653686523	0.025447517684263853
cov10_n10_g0_s42_hotspots_p80_chr1	10	10	245	3915	7572	0	0.39045071243826424	0.25579071561526545	0.17647058823529413	0.2600611746311188	22.541427612304688	0.033976191311133205
cov10_n10_g0_s42_hotspots_p80_chr1	10	10	246	3789	6402	0	0.5551609481787358	0.46695021873897385	0.25	0.3916945457458496	20.088279724121094	0.02988339016857589
cov10_n10_g0_s42_hotspots_p80_chr1	10	10	247	3669	8264	0	0.7053683160973293	0.6525387497811286	0.42857142857142855	0.5050544142723083	19.505430221557617	0.02506414118975556
cov10_n10_g0_s42_hotspots_p80_chr1	10	10	248	3267	5833	0	0.4372507154708088	0.33440267203604435	0.17647058823529413	0.348213255405426	15.767778396606445	0.03423773986778316
cov10_n10_g0_s42_hotspots_p80_chr1	10	10	249	4026	6808	0	0.5240967006240846	0.4323309496698349	0.25	0.38836613297462463	18.211265563964844	0.031072060605032058
cov10_n10_g0_s42_hotspots_p80_chr1	10	10	250	3637	6865	0	0.2121268029758434	0.08005085674814602	0.17647058823529413	0.18450789153575897	13.21785831451416	0.04164637495305673
cov10_n10_g0_s42_hotspots_p80_chr1	10	10	251	4256	7393	0	0.41709904990222324	0.2816226748411147	0.25	0.26104459166526794	25.52989387512207	0.03296984404953246
cov10_n10_g0_s42_hotspots_p80_chr1	10	10	252	3642	7089	0	0.46487910567713214	0.36216661654225596	0.17647058823529413	0.3510652780532837	17.534940719604492	0.03294236134658059
cov10_n10_g0_s42_hotspots_p80_chr1	10	10	253	4284	7764	0	0.5940215787294092	0.5189583246316075	0.3333333333333333	0.45309674739837646	17.187889099121094	0.029060529337531577
cov10_n10_g0_s42_hotspots_p80_chr1	10	10	254	3485	5842	0	0.4957152843550707	0.38647985502682913	0.25	0.32198765873908997	23.702068328857422	0.03118350527298624
cov10_n10_g0_s42_hotspots_p80_chr1	10	10	255	4071	5301	0	0.46350972966715653	0.3575872725644976	0.42857142857142855	0.3398885726928711	18.59707260131836	0.032747936827319614
cov10_n10_g0_s42_hotspots_p80_chr1	10	10	256	4219	6605	0	0.6621951790550329	0.6079447115519008	0.42857142857142855	0.5912543535232544	12.543633460998535	0.027719768040884003
cov10_n10_g0_s42_hotspots_p80_chr1	10	10	257	3639	6673	0	0.2320309073368207	0.12638129407606255	0.17647058823529413	0.23981204628944397	9.361591339111328	0.04456133954117914
cov10_n10_g0_s42_hotspots_p80_chr1	10	10	258	3479	6839	0	0.6218272781821719	0.5623294507764751	0.42857142857142855	0.568328857421875	11.971267700195312	0.02955240536681872
cov10_n10_g0_s42_hotspots_p80_chr1	10	10	259	3057	7406	0	0.47976663080937415	0.3709316499769555	0.25	0.3282049894332886	21.368289947509766	0.03185069156706594
cov10_n10_g0_s42_hotspots_p80_chr1	10	10	260	2533	5290	0	0.4509854147215791	0.35272090708389575	0.25	0.36610573530197144	15.174410820007324	0.034036609901167296
cov10_n10_g0_s42_hotspots_p80_chr1	10	10	261	3510	6941	0	0.3553519936841333	0.2234536419238252	0.17647058823529413	0.25661739706993103	19.175437927246094	0.03550115664729566
cov10_n10_g0_s42_hotspots_p80_chr1	10	10	262	4683	7644	0	0.5066370639771219	0.3947545449828944	0.42857142857142855	0.30421409010887146	27.735448837280273	0.030661890356004848
cov10_n10_g0_s42_hotspots_p80_chr1	10	10	263	4377	7240	0	0.6987337489970881	0.6446747611895409	0.42857142857142855	0.465215802192688	22.55872344970703	0.025319357386704103
cov10_n10_g0_s42_hotspots_p80_chr1	10	10	264	3654	7010	0	0.5464022558635087	0.47227337274427394	0.42857142857142855	0.48227399587631226	12.836220741271973	0.031908019957043496
cov10_n10_g0_s42_hotspots_p80_chr1	10	10	265	3209	6830	0	0.6140758146862868	0.5400448748894828	0.3333333333333333	0.4368109703063965	19.7631893157959	0.02811514999454811
cov10_n10_g0_s42_hotspots_p80_chr1	10	10	266	3643	8219	0	0.4337057081118371	0.3057976166174106	0.05263157894736842	0.27770912647247314	24.3898983001709	0.032683856312896886
cov10_n10_g0_s42_hotspots_p80_chr1	10	10	267	2721	4532	0	0.44032542225410454	0.35473606371293176	0.25	0.41447365283966064	11.286351203918457	0.03635035381681553
cov10_n10_g0_s42_hotspots_p80_chr1	10	10	268	2736	5403	0	0.7011394293870528	0.6539521425954322	0.42857142857142855	0.6360257267951965	12.152329444885254	0.026240145723182527
cov10_n10_g0_s42_hotspots_p80_chr1	10	10	269	2852	6467	0	0.43643945361795633	0.332658430517086	0.25	0.3450218439102173	16.00128173828125	0.034185271510150474
cov10_n10_g0_s42_hotspots_p80_chr1	10	10	270	3768	7083	0	0.2765548441174098	0.10319455796564439	0.05263157894736842	0.176136776804924	24.652584075927734	0.03628642028216448
cov10_n10_g0_s42_hotspots_p80_chr1	10	10	271	4338	8185	0	0.6802463303448412	0.6252459722749217	0.5384615384615384	0.5560560822486877	14.965635299682617	0.02636487400708045
cov10_n10_g0_s42_hotspots_p80_chr1	10	10	272	3630	8400	0	0.4910566108191613	0.3877215738742832	0.17647058823529413	0.3463164269924164	20.1055965423584	0.03171634237290167
cov10_n10_g0_s42_hotspots_p80_chr1	10	10	273	2773	5930	0	0.47082602057533035	0.40747215804176967	0.25	0.5457924008369446	7.441592693328857	0.039563455137789985
cov10_n10_g0_s42_hotspots_p80_chr1	10	10	274	4132	8414	0	0.37243878963028865	0.23009955768871562	0.17647058823529413	0.24309034645557404	23.473312377929688	0.03427526489822531
cov10_n10_g0_s42_hotspots_p80_chr1	10	10	275	2944	7846	0	0.5758556296317886	0.5028227806977259	0.3333333333333333	0.4804084300994873	14.36832046508789	0.03031416110155878
cov10_n10_g0_s42_hotspots_p80_chr1	10	10	276	1285	3590	0	0.5079125840448511	0.42876374733033373	0.17647058823529413	0.45587849617004395	12.413084030151367	0.03342612253917415
cov10_n10_g0_s42_hotspots_p80_chr1	10	10	277	4332	9725	0	0.595022284202286	0.5255075853113422	0.3333333333333333	0.4969027638435364	14.339158058166504	0.029656058827544542
cov10_n10_g0_s42_hotspots_p80_chr1	10	10	278	4380	9362	0	0.46751999842138325	0.36767858147383076	0.25	0.3615570366382599	16.720401763916016	0.03307109148240534
cov10_n10_g0_s42_hotspots_p80_chr1	10	10	279	2959	8299	0	0.37516204617878685	0.26388173432342976	0.17647058823529413	0.3076123893260956	14.874080657958984	0.0363504768504027
cov10_n10_g0_s42_hotspots_p80_chr1	10	10	280	4932	9150	0	0.5925841088754199	0.5213400882694612	0.3333333333333333	0.48466622829437256	14.949078559875488	0.029572053843671373
cov10_n10_g0_s42_hotspots_p80_chr1	10	10	281	4313	8411	0	0.5520109222728874	0.47080530206077253	0.3333333333333333	0.43645408749580383	15.996247291564941	0.030664279565587888
cov10_n10_g0_s42_hotspots_p80_chr1	10	10	282	2857	7449	0	0.4462400599803876	0.35800569443506336	0.25	0.40459465980529785	12.164569854736328	0.03558212591538296
cov10_n10_g0_s42_hotspots_p80_chr1	10	10	283	3349	8904	0	0.4470775916007298	0.35134857541592723	0.3333333333333333	0.374920129776001	14.219627380371094	0.03452196706483731
cov10_n10_g0_s42_hotspots_p80_chr1	10	10	284	2177	5689	0	0.5369607268761015	0.4695566092722872	0.3333333333333333	0.5281344652175903	10.337037086486816	0.0337477088771643
cov10_n10_g0_s42_hotspots_p80_chr1	10	10	285	2926	5866	0	0.4763068432927098	0.3643005040573316	0.3333333333333333	0.31794995069503784	22.44171905517578	0.0318138877106395
cov10_n10_g0_s42_hotspots_p80_chr1	10	10	286	4094	7904	0	0.5342516693118639	0.4321927402915352	0.17647058823529413	0.3268684446811676	26.71442413330078	0.03001234611148166
cov10_n10_g0_s42_hotspots_p80_chr1	10	10	287	3595	7886	0	0.5883908617921287	0.5064785768422901	0.3333333333333333	0.4016115069389343	21.464441299438477	0.02878071932599174
cov10_n10_g0_s42_hotspots_p80_chr1	10	10	288	3844	9198	0	0.3072164214369007	0.17500936914782933	0.1111111111111111	0.23761455714702606	16.716402053833008	0.037466414048201745
cov10_n10_g0_s42_hotspots_p80_chr1	10	10	289	3206	7334	0	0.48464134410823767	0.4070113533179961	0.3333333333333333	0.46234551072120667	10.987720489501953	0.03509657727697064
cov10_n10_g0_s42_hotspots_p80_chr1	10	10	290	3551	7105	0	0.7163440950964867	0.6666599031917039	0.42857142857142855	0.5505627393722534	16.928937911987305	0.02473810459845626
cov10_n10_g0_s42_hotspots_p80_chr1	10	10	291	4259	8864	0	0.7003087839607445	0.6488484690776902	0.5384615384615384	0.5691043138504028	15.142422676086426	0.025548670915317945
cov10_n10_g0_s42_hotspots_p80_chr1	10	10	292	3853	6938	0	0.4952951625590431	0.3879754633262432	0.25	0.32962268590927124	22.57844352722168	0.031298062204469776
cov10_n10_g0_s42_hotspots_p80_chr1	10	10	293	1900	5036	0	0.4548298117326907	0.3646565624956077	0.17647058823529413	0.3982042074203491	13.0462646484375	0.034822667460706204
cov10_n10_g0_s42_hotspots_p80_chr1	10	10	294	3570	7386	0	0.39464705308002623	0.26391233320099355	0.25	0.2684934437274933	21.60480499267578	0.034019720024752564
cov10_n10_g0_s42_hotspots_p80_chr1	10	10	295	1671	4921	0	0.562963223281084	0.4781303681474749	0.25	0.40746110677719116	19.089200973510742	0.029768570149979922
cov10_n10_g0_s42_hotspots_p80_chr1	10	10	296	2735	6373	0	0.6056846979533739	0.5642914802837882	0.42857142857142855	0.7653775811195374	6.262413501739502	0.03650467973133739
cov10_n10_g0_s42_hotspots_p80_chr1	10	10	297	3668	8012	0	0.5644967055393283	0.5041169555867291	0.3333333333333333	0.5792835354804993	9.495994567871094	0.03343853420427046
cov10_n10_g0_s42_hotspots_p80_chr1	10	10	298	2640	5834	0	0.4908726328573714	0.44713936096152035	0.42857142857142855	0.723318874835968	4.605512619018555	0.04643103728519375
cov10_n10_g0_s42_hotspots_p80_chr1	10	10	299	3172	6975	0	0.5892820076938038	0.5206770084479985	0.3333333333333333	0.5072779655456543	13.494423866271973	0.030134921994717824
cov10_n10_g0_s42_hotspots_p80_chr1	10	10	300	2727	5271	0	0.31662149465454764	0.18026209646737903	0.17647058823529413	0.23510155081748962	18.137182235717773	0.036761911266695084
cov10_n10_g0_s42_hotspots_p80_chr1	10	10	301	4073	7414	0	0.38004594617501514	0.25780241054592573	0.17647058823529413	0.2831498384475708	18.015222549438477	0.035156551289361654
cov10_n10_g0_s42_hotspots_p80_chr1	10	10	302	3493	6917	0	0.4737893750571705	0.3697369599075543	0.17647058823529413	0.34600257873535156	18.750465393066406	0.03242905717061092
cov10_n10_g0_s42_hotspots_p80_chr1	10	10	303	3808	7127	0	0.35901272086980884	0.20378388937197808	0.17647058823529413	0.22116611897945404	26.35011100769043	0.03422668588846958
cov10_n10_g0_s42_hotspots_p80_chr1	10	10	304	4580	7988	0	0.6025270677152962	0.540913751241733	0.3333333333333333	0.5590393543243408	11.616315841674805	0.030470876996332785
cov10_n10_g0_s42_hotspots_p80_chr1	10	10	305	5095	8025	0	0.4688437486808821	0.379202382716834	0.3333333333333333	0.4024721086025238	13.57015323638916	0.034131494064823666
cov10_n10_g0_s42_hotspots_p80_chr1	10	10	306	4404	8533	0	0.4978643187658974	0.4100869558719974	0.25	0.41208863258361816	14.596230506896973	0.032804936507726826
cov10_n10_g0_s42_hotspots_p80_chr1	10	10	307	3845	7666	0	0.5975598484531897	0.5239780678013242	0.3333333333333333	0.46203964948654175	16.726472854614258	0.029021014080094082
cov10_n10_g0_s42_hotspots_p80_chr1	10	10	308	3905	6810	0	0.3591365967403373	0.2594578781864397	0.25	0.33313462138175964	11.62197208404541	0.038635637879697544
cov10_n10_g0_s42_hotspots_p80_chr1	10	10	309	1589	2984	0	0.17556353442034758	0.037901900234610035	0.05263157894736842	0.15330873429775238	13.11398983001709	0.0426603885978322
cov10_n10_g0_s42_hotspots_p80_chr1	10	10	310	1906	2810	0	0.3260078561695122	0.16134222530936243	0.1111111111111111	0.20153233408927917	26.167774200439453	0.03498365382364168
cov10_n10_g0_s42_hotspots_p80_chr1	10	10	311	2338	4997	0	0.41337347875686337	0.27419554050792644	0.17647058823529413	0.25357407331466675	26.575143814086914	0.03296102601083781
cov10_n10_g0_s42_hotspots_p80_chr1	10	10	312	3865	6545	0	0.603630940455052	0.5278759908341298	0.3333333333333333	0.43614619970321655	19.15485191345215	0.028499309273294582
cov10_n10_g0_s42_hotspots_p80_chr1	10	10	313	1585	3172	0	0.476567808730546	0.38329959541048486	0.1111111111111111	0.3876928985118866	15.110322952270508	0.03328688641183104
cov10_n10_g0_s42_hotspots_p80_chr1	10	10	314	3996	7415	0	0.3269252509448101	0.20405031388805434	0.17647058823529413	0.2627873420715332	15.477044105529785	0.03742564999679296
cov10_n10_g0_s42_hotspots_p80_chr1	10	10	315	3755	7231	0	0.5400515822354591	0.44086074864208824	0.25	0.33763229846954346	25.58482551574707	0.029908027082539826
cov10_n10_g0_s42_hotspots_p80_chr1	10	10	316	2821	7208	0	0.41480691994504515	0.32268227073472217	0.3333333333333333	0.38042962551116943	11.888946533203125	0.03674673783631983
cov10_n10_g0_s42_hotspots_p80_chr1	10	10	317	3668	5690	0	0.5072076286024619	0.40650041899526707	0.3333333333333333	0.352600634098053	20.692134857177734	0.031186416519623797
cov10_n10_g0_s42_hotspots_p80_chr1	10	10	318	3612	6725	0	0.30121147392930275	0.13105842402298581	0.1111111111111111	0.18811161816120148	25.639636993408203	0.035598418561356975
cov10_n10_g0_s42_hotspots_p80_chr1	10	10	319	2784	5486	0	0.3311505034146813	0.21229945327895328	0.25	0.2726898789405823	14.747307777404785	0.03762828236033689
cov10_n10_g0_s42_hotspots_p80_chr1	10	10	320	2728	4695	0	0.3715811915908855	0.2514741124358872	0.17647058823529413	0.2853828966617584	16.95319366455078	0.035691271773337
cov10_n10_g0_s42_hotspots_p80_chr1	10	10	321	2926	6970	0	0.4226692248363604	0.29169328262260363	0.17647058823529413	0.27074605226516724	24.371204376220703	0.03295504912627421
cov10_n10_g0_s42_hotspots_p80_chr1	10	10	322	1511	4090	0	0.4105960662985508	0.33199931515913583	0.25	0.4357760548591614	8.877750396728516	0.03960523067994255
cov10_n10_g0_s42_hotspots_p80_chr1	10	10	323	2066	5395	0	0.27934094461071807	0.19499479674637776	0.25	0.33191022276878357	7.083175182342529	0.046743661917222214
cov10_n10_g0_s42_hotspots_p80_chr1	10	10	324	3995	8749	0	0.489436483312163	0.4121614558414083	0.25	0.46490147709846497	11.083346366882324	0.034864947006918924
cov10_n10_g0_s42_hotspots_p80_chr1	10	10	325	4226	8558	0	0.701971804900138	0.6518945712487313	0.42857142857142855	0.5893544554710388	14.186854362487793	0.025645878484091535
cov10_n10_g0_s42_hotspots_p80_chr1	10	10	326	4438	6052	0	0.5878203821476945	0.506182950308948	0.25	0.40502482652664185	21.063276290893555	0.028825124424776503
cov10_n10_g0_s42_hotspots_p80_chr1	10	10	327	3801	6814	0	0.49615761430398436	0.39574754768924497	0.3333333333333333	0.35691511631011963	19.324554443359375	0.03169475852749529
cov10_n10_g0_s42_hotspots_p80_chr1	10	10	328	2936	5063	0	0.2667280141041307	0.10207566808514423	0.1111111111111111	0.17980219423770905	22.006309509277344	0.03699342368752138
cov10_n10_g0_s42_hotspots_p80_chr1	10	10	329	2018	3785	0	0.6440772377603524	0.5761964616576173	0.3333333333333333	0.44254541397094727	21.18166732788086	0.027088176700106586
cov10_n10_g0_s42_hotspots_p80_chr1	10	10	330	3679	6588	0	0.5621873879972943	0.4870951818304925	0.3333333333333333	0.4717104434967041	14.204019546508789	0.03083433912232939
cov10_n10_g0_s42_hotspots_p80_chr1	10	10	331	3212	6104	0	0.5269499090265409	0.43866731854317775	0.25	0.40519484877586365	16.91261863708496	0.03124269530435904
cov10_n10_g0_s42_hotspots_p80_chr1	10	10	332	2899	5665	0	0.49615636730986223	0.4256061461409004	0.42857142857142855	0.5048755407333374	9.657584190368652	0.03580685396142199
cov10_n10_g0_s42_hotspots_p80_chr1	10	10	333	3457	6818	0	0.48031875868436386	0.38882417110412026	0.25	0.3953271508216858	14.762018203735352	0.033293389233718225
cov10_n10_g0_s42_hotspots_p80_chr1	10	10	334	3725	7135	0	0.47504077603940414	0.3699401687924584	0.25	0.3421337902545929	19.278348922729492	0.03229646002042411
cov10_n10_g0_s42_hotspots_p80_chr1	10	10	335	1709	3241	0	0.5372476263221055	0.4489803998461888	0.25	0.4016701877117157	17.889978408813477	0.030733365787236393
cov10_n10_g0_s42_hotspots_p80_chr1	10	10	336	3341	5392	0	0.49847647261513695	0.405291039433537	0.25	0.3872780203819275	16.566991806030273	0.032191883297837905
cov10_n10_g0_s42_hotspots_p80_chr1	10	10	337	3940	6307	0	0.5460442255265944	0.4700302189117058	0.3333333333333333	0.47036728262901306	13.476634979248047	0.03164827052064407
cov10_n10_g0_s42_hotspots_p80_chr1	10	10	338	3010	4934	0	0.521946289101496	0.4233197417562393	0.25	0.35568681359291077	21.53357696533203	0.03068015328561885
cov10_n10_g0_s42_hotspots_p80_chr1	10	10	339	4681	7878	0	0.575779861568651	0.49893769253589576	0.3333333333333333	0.4532887935638428	16.13477897644043	0.029858030783438353
cov10_n10_g0_s42_hotspots_p80_chr1	10	10	340	4639	7925	0	0.4413290293870386	0.3121719889415401	0.17647058823529413	0.2741403579711914	25.916662216186523	0.032356828020707634
cov10_n10_g0_s42_hotspots_p80_chr1	10	10	341	3507	5878	0	0.4987238055343085	0.41304992049628275	0.25	0.42218029499053955	13.954821586608887	0.033019646505242826
cov10_n10_g0_s42_hotspots_p80_chr1	10	10	342	4916	8829	0	0.35975044283576174	0.23201770830154472	0.17647058823529413	0.26580846309661865	18.317453384399414	0.035607416946231304
cov10_n10_g0_s42_hotspots_p80_chr1	10	10	343	3163	7310	0	0.750399277043661	0.707672951740606	0.5384615384615384	0.5777449011802673	16.869901657104492	0.02337952737323363
cov10_n10_g0_s42_hotspots_p80_chr1	10	10	344	4011	8725	0	0.5701377131291385	0.5016682641185148	0.42857142857142855	0.5156313180923462	12.22590160369873	0.03135827030282616
cov10_n10_g0_s42_hotspots_p80_chr1	10	10	345	3678	5998	0	0.5614029324897707	0.4722408950614189	0.25	0.379652202129364	21.866411209106445	0.02953849187972765
cov10_n10_g0_s42_hotspots_p80_chr1	10	10	346	3817	6099	0	0.5181125860662716	0.41159483990097406	0.25	0.3197656571865082	26.253339767456055	0.0304420056160069
cov10_n10_g0_s42_hotspots_p80_chr1	10	10	347	4562	6982	0	0.48592670352340644	0.36166618249391785	0.17647058823529413	0.2701367139816284	32.35745620727539	0.0309994838353221
cov10_n10_g0_s42_hotspots_p80_chr1	10	10	348	3972	7802	0	0.5624795190206591	0.48605593124129015	0.3333333333333333	0.4627310335636139	14.775978088378906	0.03064539389041666
cov10_n10_g0_s42_hotspots_p80_chr1	10	10	349	3853	6586	0	0.5035166090403751	0.40673832400209614	0.25	0.37067490816116333	18.451908111572266	0.031634624388139944
cov10_n10_g0_s42_hotspots_p80_chr1	10	10	350	4304	7900	0	0.5921003850810348	0.519932364801596	0.25	0.477704256772995	15.362873077392578	0.0294854075976713
cov10_n10_g0_s42_hotspots_p80_chr1	10	10	351	2849	4372	0	0.2392041353554754	0.10401041734467288	0.1111111111111111	0.19766876101493835	14.644051551818848	0.04011753961144215
cov10_n10_g0_s42_hotspots_p80_chr1	10	10	352	3237	6477	0	0.5726300356146994	0.4828551485687173	0.3333333333333333	0.355298787355423	25.97531509399414	0.029034104174761766
cov10_n10_g0_s42_hotspots_p80_chr1	10	10	353	2385	4560	0	0.47525067647625735	0.3625477821702733	0.17647058823529413	0.31583163142204285	22.64301109313965	0.03181929653418721
cov10_n10_g0_s42_hotspots_p80_chr1	10	10	354	3890	7707	0	0.5161224195825368	0.4355408011276069	0.3333333333333333	0.44779959321022034	13.28427791595459	0.032733208170540574
cov10_n10_g0_s42_hotspots_p80_chr1	10	10	355	4741	8401	0	0.5141611282747479	0.41033886759040605	0.17647058823529413	0.33558663725852966	23.474117279052734	0.030717013159106448
cov10_n10_g0_s42_hotspots_p80_chr1	10	10	356	2667	5700	0	0.41800734356910935	0.2791501838807368	0.25	0.25419679284095764	27.041303634643555	0.032814078778928134
cov10_n10_g0_s42_hotspots_p80_chr1	10	10	357	3219	6841	0	0.26891488276032094	0.14488985949679256	0.17647058823529413	0.2312343716621399	13.524614334106445	0.03995190697028129
cov10_n10_g0_s42_hotspots_p80_chr1	10	10	358	3364	7620	0	0.6827878232062343	0.6322070262440963	0.5384615384615384	0.6134979724884033	12.386404037475586	0.02693373625410355
cov10_n10_g0_s42_hotspots_p80_chr1	10	10	359	2987	5388	0	0.4034069230938128	0.2850798093112476	0.25	0.2978474497795105	18.344205856323242	0.03444989776683936
cov10_n10_g0_s42_hotspots_p80_chr1	10	10	360	2051	4577	0	0.43648808285874174	0.32291666675256453	0.3333333333333333	0.31517457962036133	19.179731369018555	0.0333735414247872
cov10_n10_g0_s42_hotspots_p80_chr1	10	10	361	4023	8395	0	0.5845462406780381	0.5008512605805397	0.25	0.39146333932876587	22.297468185424805	0.028843429407341293
cov10_n10_g0_s42_hotspots_p80_chr1	10	10	362	2886	6479	0	0.6104549014862971	0.5346395999521497	0.3333333333333333	0.42375510931015015	20.75282096862793	0.02815918710469562
cov10_n10_g0_s42_hotspots_p80_chr1	10	10	363	4449	9262	0	0.6285801269391448	0.5654453494172171	0.42857142857142855	0.5282668471336365	14.158413887023926	0.028499125418492362
cov10_n10_g0_s42_hotspots_p80_chr1	10	10	364	3334	6870	0	0.3344589996895523	0.19976093603141135	0.1111111111111111	0.24467059969902039	18.68625259399414	0.03615611310744038
cov10_n10_g0_s42_hotspots_p80_chr1	10	10	365	3974	7551	0	0.49159551363843884	0.38541598711824304	0.25	0.33519646525382996	21.50883674621582	0.03151452522873608
cov10_n10_g0_s42_hotspots_p80_chr1	10	10	366	4744	8344	0	0.5681733199394546	0.5003185885260424	0.3333333333333333	0.5206913352012634	11.906962394714355	0.03159236700824001
cov10_n10_g0_s42_hotspots_p80_chr1	10	10	367	2037	5182	0	0.45463763140122504	0.3631286577143566	0.17647058823529413	0.3926774263381958	13.404753684997559	0.034652725451191906
cov10_n10_g0_s42_hotspots_p80_chr1	10	10	368	2356	5235	0	0.6631463770313656	0.6067510990834396	0.3333333333333333	0.5643811225891113	13.806191444396973	0.02728439556942507
cov10_n10_g0_s42_hotspots_p80_chr1	10	10	369	1438	3580	0	0.27878565170993164	0.17322903706550682	0.17647058823529413	0.2729334235191345	10.433436393737793	0.0420206821973907
cov10_n10_g0_s42_hotspots_p80_chr1	10	10	370	4266	7682	0	0.6181496865285979	0.5561233362053101	0.3333333333333333	0.5468912720680237	12.775721549987793	0.029346042657498243
cov10_n10_g0_s42_hotspots_p80_chr1	10	10	371	2685	4806	0	0.6815498983122993	0.6340347335772235	0.42857142857142855	0.6551483869552612	10.822210311889648	0.027697673562058836
cov10_n10_g0_s42_hotspots_p80_chr1	10	10	372	1420	3419	0	0.4397141274493274	0.36734520909184176	0.17647058823529413	0.4793284833431244	8.415392875671387	0.03920525728608777
cov10_n10_g0_s42_hotspots_p80_chr1	10	10	373	2482	6362	0	0.6873090894115832	0.6368563892073514	0.42857142857142855	0.6091679334640503	12.730051040649414	0.026627216699258147
cov10_n10_g0_s42_hotspots_p80_chr1	10	10	374	3825	7402	0	0.619841666527647	0.5670675166772743	0.3333333333333333	0.6353200078010559	9.518674850463867	0.031223516665365894
cov10_n10_g0_s42_hotspots_p80_chr1	10	10	375	3460	7304	0	0.7312304297285949	0.6845930259211686	0.5384615384615384	0.5102452635765076	20.537639617919922	0.024145919375515877
cov10_n10_g0_s42_hotspots_p80_chr1	10	10	376	2885	5935	0	0.4598006043045082	0.34522015700547654	0.25	0.3121553957462311	21.696884155273438	0.03233776561746363
cov10_n10_g0_s42_hotspots_p80_chr1	10	10	377	3120	6863	0	0.5907282560795932	0.5170440002367737	0.3333333333333333	0.46678420901298523	16.01559829711914	0.029385856266600494
cov10_n10_g0_s42_hotspots_p80_chr1	10	10	378	3444	6745	0	0.2976737247110096	0.1461222906240004	0.1111111111111111	0.20667409896850586	20.74478530883789	0.03654963521233453
cov10_n10_g0_s42_hotspots_p80_chr1	10	10	379	3210	7034	0	0.2872418126226409	0.09211399188087059	0.05263157894736842	0.16339831054210663	30.902969360351562	0.03529866979307445
cov10_n10_g0_s42_hotspots_p80_chr1	10	10	380	5361	9418	0	0.40295592683736514	0.3057454357633964	0.25	0.35846325755119324	12.636470794677734	0.0366475386999687
cov10_n10_g0_s42_hotspots_p80_chr1	10	10	381	3869	6182	0	0.41599757410240007	0.30780596625660966	0.17647058823529413	0.32763299345970154	16.12153434753418	0.0347315136600919
cov10_n10_g0_s42_hotspots_p80_chr1	10	10	382	4663	9980	0	0.3844284083037906	0.24956699921091036	0.17647058823529413	0.25859522819519043	22.099882125854492	0.034192482254534015
cov10_n10_g0_s42_hotspots_p80_chr1	10	10	383	2471	5524	0	0.615938745147153	0.5497585749093605	0.3333333333333333	0.510444164276123	14.560575485229492	0.02885085877016125
cov10_n10_g0_s42_hotspots_p80_chr1	10	10	384	3726	8003	0	0.45767847824747965	0.3476913795363522	0.3333333333333333	0.3266034424304962	19.637195587158203	0.0327114428951252
cov10_n10_g0_s42_hotspots_p80_chr1	10	10	385	2222	5290	0	0.6754159909530537	0.6219981776258526	0.3333333333333333	0.5857502818107605	13.295893669128418	0.026940008062669767
cov10_n10_g0_s42_hotspots_p80_chr1	10	10	386	2060	4992	0	0.39254478612981136	0.28365039552273674	0.17647058823529413	0.3195773959159851	15.087812423706055	0.03577065395551191
cov10_n10_g0_s42_hotspots_p80_chr1	10	10	387	2854	4883	0	0.4042297750831738	0.28903068446154734	0.25	0.3058779835700989	17.46466064453125	0.034655968710251735
cov10_n10_g0_s42_hotspots_p80_chr1	10	10	388	3427	6311	0	0.3657210588442113	0.21845076185013731	0.1111111111111111	0.2339119017124176	24.445297241210938	0.03430110834441748
cov10_n10_g0_s42_hotspots_p80_chr1	10	10	389	3559	7495	0	0.3669244030283799	0.26028688720532	0.3333333333333333	0.3167356252670288	13.42021369934082	0.03727722800941172
cov10_n10_g0_s42_hotspots_p80_chr1	10	10	390	3942	8697	0	0.6005293999959533	0.5282179391458092	0.25	0.4699861407279968	16.32670021057129	0.028993993996405114
cov10_n10_g0_s42_hotspots_p80_chr1	10	10	391	3445	7421	0	0.33293667964880763	0.2297452169542723	0.17647058823529413	0.3103799819946289	11.506306648254395	0.03950203623046865
cov10_n10_g0_s42_hotspots_p80_chr1	10	10	392	4475	8518	0	0.6112297392238767	0.5393350641604908	0.3333333333333333	0.4626213610172272	17.456518173217773	0.028451915865183287
cov10_n10_g0_s42_hotspots_p80_chr1	10	10	393	2754	6089	0	0.23066380576858453	0.08382765224515279	0.1111111111111111	0.1792723387479782	16.55512237548828	0.03945722355570557
cov10_n10_g0_s42_hotspots_p80_chr1	10	10	394	2648	7410	0	0.38198723640393073	0.27961230017924626	0.17647058823529413	0.33466026186943054	13.028348922729492	0.037051255508354565
cov10_n10_g0_s42_hotspots_p80_chr1	10	10	395	3784	7844	0	0.5649408556442048	0.4877310329436579	0.3333333333333333	0.45645976066589355	15.317961692810059	0.030411940740452014
cov10_n10_g0_s42_hotspots_p80_chr1	10	10	396	3570	8001	0	0.717621317946027	0.6685370120064709	0.42857142857142855	0.5618731379508972	16.31226348876953	0.02473078945636035
cov10_n10_g0_s42_hotspots_p80_chr1	10	10	397	3762	8028	0	0.7455622832742491	0.7021035385602662	0.5384615384615384	0.5880102515220642	16.07674217224121	0.023611332911404027
cov10_n10_g0_s42_hotspots_p80_chr1	10	10	398	2760	5703	0	0.3285865527733553	0.20021921969301515	0.25	0.25328874588012695	16.829368591308594	0.03687176898953312
cov10_n10_g0_s42_hotspots_p80_chr1	10	10	399	3350	7203	0	0.5961429534174255	0.5230346425346749	0.3333333333333333	0.4671468734741211	16.28523063659668	0.029149604603905
cov10_n10_g0_s42_hotspots_p80_chr1	10	10	400	4430	9306	0	0.52658931173998	0.43391738286094306	0.25	0.38290244340896606	18.91332244873047	0.030881284482597967
cov10_n10_g0_s42_hotspots_p80_chr1	10	10	401	3563	8613	0	0.7237040160778287	0.675074518293929	0.5384615384615384	0.5192415714263916	19.42598533630371	0.02440008433394638
cov10_n10_g0_s42_hotspots_p80_chr1	10	10	402	4372	9170	0	0.7752852653442431	0.738667132350876	0.5384615384615384	0.6641214489936829	13.627876281738281	0.022515196015806926
cov10_n10_g0_s42_hotspots_p80_chr1	10	10	403	4323	8512	0	0.7212505869617535	0.6723722920603203	0.5384615384615384	0.5465585589408875	17.414016723632812	0.024523788174143087
cov10_n10_g0_s42_hotspots_p80_chr1	10	10	404	4576	8885	0	0.7512850458791426	0.7092983968273154	0.5384615384615384	0.6078072786331177	15.278392791748047	0.023422865954586362
cov10_n10_g0_s42_hotspots_p80_chr1	10	10	405	3916	7894	0	0.49512931349478706	0.42505700186688233	0.25	0.5076828002929688	9.511573791503906	0.03598585133390993
cov10_n10_g0_s42_hotspots_p80_chr1	10	10	406	4352	9559	0	0.6644273159791411	0.6023547035929058	0.42857142857142855	0.47906118631362915	19.235919952392578	0.0264985467916886
cov10_n10_g0_s42_hotspots_p80_chr1	10	10	407	4437	8917	0	0.5949554499398853	0.5183626453513787	0.3333333333333333	0.439500629901886	18.32525062561035	0.028868104234856924
cov10_n10_g0_s42_hotspots_p80_chr1	10	10	408	2592	6162	0	0.6972106990434954	0.6429311628193898	0.42857142857142855	0.5172841548919678	18.16643714904785	0.02539432418485669
cov10_n10_g0_s42_hotspots_p80_chr1	10	10	409	5048	9236	0	0.7432357818768786	0.6989117304606721	0.5384615384615384	0.5465807318687439	18.490327835083008	0.023655385535044756
cov10_n10_g0_s42_hotspots_p80_chr1	10	10	410	3842	7419	0	0.6759550973199677	0.6246633494534637	0.42857142857142855	0.6124945878982544	12.179546356201172	0.027296047035553446
cov10_n10_g0_s42_hotspots_p80_chr1	10	10	411	4204	7444	0	0.6473279264779187	0.584020850582367	0.42857142857142855	0.503232479095459	16.546701431274414	0.02733782174835816
cov10_n10_g0_s42_hotspots_p80_chr1	10	10	412	4675	8862	0	0.6520465714282343	0.5952266037032916	0.5384615384615384	0.5720912218093872	12.990522384643555	0.027964474228089283
cov10_n10_g0_s42_hotspots_p80_chr1	10	10	413	2998	5777	0	0.6344592421465941	0.5742732104191552	0.42857142857142855	0.5525109171867371	13.186382293701172	0.028577442699097122
cov10_n10_g0_s42_hotspots_p80_chr1	10	10	414	3299	6956	0	0.6205519707438364	0.5493563338954983	0.42857142857142855	0.45656219124794006	18.473806381225586	0.028021924175980165
cov10_n10_g0_s42_hotspots_p80_chr1	10	10	415	4011	8652	0	0.6550363216518454	0.5899282130892212	0.42857142857142855	0.45213213562965393	20.989397048950195	0.026743380067621916
cov10_n10_g0_s42_hotspots_p80_chr1	10	10	416	4802	8597	0	0.6093401581572303	0.5514904583806995	0.42857142857142855	0.5900986194610596	10.662779808044434	0.030774269370859374
cov10_n10_g0_s42_hotspots_p80_chr1	10	10	417	2873	7563	0	0.6382158732428929	0.5821861288063586	0.42857142857142855	0.5922146439552307	11.613869667053223	0.02908200053073768
cov10_n10_g0_s42_hotspots_p80_chr1	10	10	418	1249	3092	0	0.6006340231074898	0.5498697065419729	0.42857142857142855	0.6614593267440796	8.24543571472168	0.033351791272219974
cov10_n10_g0_s42_hotspots_p80_chr1	10	10	419	2801	6860	0	0.6297536759750137	0.5764715672784865	0.42857142857142855	0.6257026195526123	10.129907608032227	0.030326776075220004
cov10_n10_g0_s42_hotspots_p80_chr1	10	10	420	2968	6146	0	0.6210140811975575	0.5504742658777596	0.42857142857142855	0.46284425258636475	18.002511978149414	0.02805774204648906
cov10_n10_g0_s42_hotspots_p80_chr1	10	10	421	3782	7035	0	0.592636182676271	0.5189526089527245	0.3333333333333333	0.46534156799316406	16.219322204589844	0.02928023036474011
cov10_n10_g0_s42_hotspots_p80_chr1	10	10	422	1946	3336	0	0.4012726076259697	0.2854752946524789	0.17647058823529413	0.30369147658348083	17.458778381347656	0.03473821444923089
cov10_n10_g0_s42_hotspots_p80_chr1	10	10	424	903	2523	0	0.65617275227958	0.6136895123131854	0.42857142857142855	0.7368624210357666	7.929823875427246	0.03137151047003494
cov10_n10_g0_s42_hotspots_p80_chr1	10	10	425	3222	6591	0	0.6216574258494569	0.5637288282206279	0.42857142857142855	0.5834739208221436	11.35165786743164	0.029874334375255083
cov10_n10_g0_s42_hotspots_p80_chr1	10	10	426	3349	7242	0	0.7168819748715344	0.6682055151827704	0.42857142857142855	0.5753187537193298	15.526670455932617	0.024834847210901238
cov10_n10_g0_s42_hotspots_p80_chr1	10	10	427	2895	6735	0	0.7086688356940359	0.6599621387295447	0.42857142857142855	0.5980706810951233	14.040470123291016	0.02539895569697809
cov10_n10_g0_s42_hotspots_p80_chr1	10	10	428	3705	7509	0	0.5621421394528114	0.4924068765058192	0.3333333333333333	0.5085790753364563	12.217303276062012	0.03164950901847774
cov10_n10_g0_s42_hotspots_p80_chr1	10	10	429	2433	6388	0	0.6653565904480008	0.6067932844868636	0.42857142857142855	0.533232569694519	15.569536209106445	0.026828503370633007
cov10_n10_g0_s42_hotspots_p80_chr1	10	10	430	4068	7777	0	0.6100856071978583	0.534532783953771	0.25	0.42749595642089844	20.366552352905273	0.028195948315282816
cov10_n10_g0_s42_hotspots_p80_chr1	10	10	431	4132	7810	0	0.6027651811339976	0.529183070760588	0.5384615384615384	0.4569353461265564	17.401508331298828	0.02874004607800842
cov10_n10_g0_s42_hotspots_p80_chr1	10	10	432	2545	5508	0	0.736786429806277	0.6962019744529131	0.5384615384615384	0.6844493746757507	11.587790489196777	0.024851523954390903
cov10_n10_g0_s42_hotspots_p80_chr1	10	10	433	3455	6754	0	0.6118884433339494	0.5422755808694497	0.3333333333333333	0.48293566703796387	16.053356170654297	0.028658577472062224
cov10_n10_g0_s42_hotspots_p80_chr1	10	10	434	3209	5920	0	0.5990940124898677	0.5231060060032501	0.5384615384615384	0.4399566948413849	18.542577743530273	0.028709448472749803
cov10_n10_g0_s42_hotspots_p80_chr1	10	10	435	3884	7995	0	0.5191831103724356	0.4445316695279466	0.25	0.48163431882858276	11.620002746582031	0.033490973880830985
cov10_n10_g0_s42_hotspots_p80_chr1	10	10	436	2384	5314	0	0.4386926876076182	0.3653094323186974	0.17647058823529413	0.4733857214450836	8.587969779968262	0.039013588717084276
cov10_n10_g0_s42_hotspots_p80_chr1	10	10	437	4196	8201	0	0.5237355144953934	0.4296713086332441	0.3333333333333333	0.37710273265838623	19.28877830505371	0.030907740541777935
cov10_n10_g0_s42_hotspots_p80_chr1	10	10	438	1341	2289	0	0.5393236873350868	0.45487727364767105	0.3333333333333333	0.4220942556858063	16.32600975036621	0.03099054196633678
cov10_n10_g0_s42_hotspots_p80_chr1	10	10	441	313	542	0	0.524032599447062	0.4455201887010201	0.25	0.45876577496528625	13.047718048095703	0.03257464347714428
cov10_n10_g0_s42_hotspots_p80_chr1	10	10	442	4031	8219	0	0.6406805163870402	0.5750914707822391	0.42857142857142855	0.48673945665359497	17.325664520263672	0.027470427886436808
cov10_n10_g0_s42_hotspots_p80_chr1	10	10	443	3251	7833	0	0.4263478116964813	0.32578658988407455	0.3333333333333333	0.35374805331230164	14.525796890258789	0.035016679788475245
cov10_n10_g0_s42_hotspots_p80_chr1	10	10	444	3444	9166	0	0.6343837314277001	0.5632234424306912	0.42857142857142855	0.41344374418258667	23.543502807617188	0.0273372015064135
cov10_n10_g0_s42_hotspots_p80_chr1	10	10	445	4674	9879	0	0.415282119069177	0.3061673924223617	0.17647058823529413	0.324805349111557	16.347078323364258	0.03467923480724107
cov10_n10_g0_s42_hotspots_p80_chr1	10	10	446	2257	5405	0	0.4053656116273924	0.30753127829782967	0.25	0.3571547865867615	12.881929397583008	0.03643438779316405
cov10_n10_g0_s42_hotspots_p80_chr1	10	10	447	3867	7463	0	0.5484399819678801	0.4838800918422128	0.25	0.5480584502220154	10.01392936706543	0.033587427424089246
cov10_n10_g0_s42_hotspots_p80_chr1	10	10	448	4021	7590	0	0.4940708379057517	0.3874056134843592	0.25	0.33258408308029175	22.06863784790039	0.03138398427588572
cov10_n10_g0_s42_hotspots_p80_chr1	10	10	449	2700	6952	0	0.47005732999862354	0.38623061014085186	0.3333333333333333	0.4288943409919739	12.011603355407715	0.03490593781404292
cov10_n10_g0_s42_hotspots_p80_chr1	10	10	450	555	1172	0	0.3852788480910155	0.2671118187652312	0.17647058823529413	0.2938686013221741	17.188739776611328	0.03524980588910895
cov10_n10_g0_s42_hotspots_p80_chr1	10	10	451	3978	7406	0	0.6075233567413956	0.5301430892177331	0.3333333333333333	0.4116381108760834	21.781848907470703	0.028191788940553582
cov10_n10_g0_s42_hotspots_p80_chr1	10	10	452	3826	7469	0	0.7199202965220793	0.6711046733542606	0.3333333333333333	0.5579734444618225	16.64722442626953	0.024615898419108814
cov10_n10_g0_s42_hotspots_p80_chr1	10	10	453	3500	7899	0	0.654223385879814	0.5904871963912439	0.42857142857142855	0.4826923906803131	18.370086669921875	0.02690210209779501
cov10_n10_g0_s42_hotspots_p80_chr1	10	10	454	3163	7391	0	0.6226811180729175	0.5590321298929717	0.3333333333333333	0.5284087657928467	13.886455535888672	0.028794718870398868
cov10_n10_g0_s42_hotspots_p80_chr1	10	10	455	4283	8663	0	0.5376956839384021	0.4553412440332884	0.3333333333333333	0.43445920944213867	15.317046165466309	0.031303931838110664
cov10_n10_g0_s42_hotspots_p80_chr1	10	10	456	1832	4711	0	0.6045562210515465	0.5293688087538866	0.25	0.4402269124984741	18.85906982421875	0.02849989149588043
cov10_n10_g0_s42_hotspots_p80_chr1	10	10	457	2910	5204	0	0.5118154628244925	0.4053064223415896	0.25	0.3247876465320587	24.832923889160156	0.03068216030583972
cov10_n10_g0_s42_hotspots_p80_chr1	10	10	458	2286	4682	0	0.4300863777246894	0.33351846319521194	0.17647058823529413	0.3684292435646057	13.627092361450195	0.035301802643516414
cov10_n10_g0_s42_hotspots_p80_chr1	10	10	459	3084	5843	0	0.5711112443176771	0.4951665177466132	0.3333333333333333	0.4621335566043854	15.272366523742676	0.03021816985330511
cov10_n10_g0_s42_hotspots_p80_chr1	10	10	460	3127	6550	0	0.4264773995349679	0.2859284897589119	0.1111111111111111	0.25027430057525635	29.03751564025879	0.03247755855353165
cov10_n10_g0_s42_hotspots_p80_chr1	10	10	461	2884	6647	0	0.5280448307732217	0.43996537153562787	0.25	0.40593206882476807	16.921342849731445	0.03120707992175941
cov10_n10_g0_s42_hotspots_p80_chr1	10	10	462	3002	8112	0	0.5589412876204164	0.4768698442434027	0.25	0.42782890796661377	17.068368911743164	0.030212190961273488
cov10_n10_g0_s42_hotspots_p80_chr1	10	10	463	2550	5159	0	0.5494430879302934	0.47603239047246393	0.17647058823529413	0.4863377511501312	12.763493537902832	0.03183569288863787
cov10_n10_g0_s42_hotspots_p80_chr1	10	10	464	3374	6708	0	0.49908225521022237	0.41059190602848733	0.25	0.4086695909500122	14.914189338684082	0.032656608324243004
cov10_n10_g0_s42_hotspots_p80_chr1	10	10	465	3838	8080	0	0.7138941265074651	0.6655214131176145	0.3333333333333333	0.5912028551101685	14.581244468688965	0.02508502667196227
cov10_n10_g0_s42_hotspots_p80_chr1	10	10	466	3129	8243	0	0.5134587773478789	0.4316674771078819	0.25	0.4414345324039459	13.529398918151855	0.03271585980295286
cov10_n10_g0_s42_hotspots_p80_chr1	10	10	467	2613	6149	0	0.5414053418994492	0.45823179897652305	0.17647058823529413	0.42865628004074097	15.952422142028809	0.031015146529839555
cov10_n10_g0_s42_hotspots_p80_chr1	10	10	468	1901	5658	0	0.6002337147335037	0.5288743585475986	0.3333333333333333	0.47819289565086365	15.755582809448242	0.029118503210385165
cov10_n10_g0_s42_hotspots_p80_chr1	10	10	469	2414	4652	0	0.5353581886508095	0.4650373012005865	0.25	0.508408784866333	11.088244438171387	0.03326105821447264
cov10_n10_g0_s42_hotspots_p80_chr1	10	10	470	2519	7729	0	0.6464606363454513	0.5874737827516894	0.42857142857142855	0.5538240671157837	13.625123977661133	0.027979683631160275
cov10_n10_g0_s42_hotspots_p80_chr1	10	10	471	4262	8302	0	0.36803013288825087	0.23373359615477526	0.17647058823529413	0.2559143602848053	20.6812801361084	0.03485147591034314
cov10_n10_g0_s42_hotspots_p80_chr1	10	10	472	2355	4626	0	0.44121576910146115	0.3456311800911881	0.25	0.3744041919708252	13.887389183044434	0.034843745469581563
cov10_n10_g0_s42_hotspots_p80_chr1	10	10	473	1127	3104	0	0.6367423925400096	0.5911524921957902	0.42857142857142855	0.7073460221290588	8.103331565856934	0.03200328500750491
cov10_n10_g0_s42_hotspots_p80_chr1	10	10	474	4318	8910	0	0.6731044849887557	0.6229617639528062	0.42857142857142855	0.6300185322761536	11.414535522460938	0.027749747697203887
cov10_n10_g0_s42_hotspots_p80_chr1	10	10	475	3788	7209	0	0.40342888115485637	0.28922003103960514	0.3333333333333333	0.30825915932655334	17.12781524658203	0.034772965891682536
cov10_n10_g0_s42_hotspots_p80_chr1	10	10	476	4038	7195	0	0.4055616578740986	0.29319449652612867	0.17647058823529413	0.3136162757873535	16.723093032836914	0.0348343034812582
cov10_n10_g0_s42_hotspots_p80_chr1	10	10	477	4013	6241	0	0.3558857897259446	0.18513231635080948	0.17647058823529413	0.20172463357448578	31.124568939208984	0.03387182272485096
cov10_n10_g0_s42_hotspots_p80_chr1	10	10	478	644	1454	0	0.2880007769511248	0.15623487917554388	0.1111111111111111	0.22919701039791107	15.789539337158203	0.038323241677692306
cov10_n10_g0_s42_hotspots_p80_chr1	10	10	479	1848	2899	0	0.29657699083209865	0.10082031273881738	0.1111111111111111	0.16586844623088837	31.970348358154297	0.03501879702561652
cov10_n10_g0_s42_hotspots_p80_chr1	10	10	480	3707	6405	0	0.5993690966745875	0.5284695215383488	0.3333333333333333	0.4826798737049103	15.419503211975098	0.029222628454876387
cov10_n10_g0_s42_hotspots_p80_chr1	10	10	481	3477	6149	0	0.6467580508564217	0.5864317486888404	0.3333333333333333	0.5387169718742371	14.41326904296875	0.027757236607758338
cov10_n10_g0_s42_hotspots_p80_chr1	10	10	482	5146	8461	0	0.6607185389675768	0.6007509125161224	0.3333333333333333	0.5226596593856812	15.980671882629395	0.02693595742704027
cov10_n10_g0_s42_hotspots_p80_chr1	10	10	483	4314	6427	0	0.4938283298819964	0.3853317103884604	0.25	0.32559147477149963	23.004138946533203	0.03129539610545661
cov10_n10_g0_s42_hotspots_p80_chr1	10	10	484	1456	3294	0	0.4835335293153228	0.38237147618413375	0.25	0.3559200167655945	18.456459045410156	0.032209776034120265
cov10_n10_g0_s42_hotspots_p80_chr1	10	10	485	3306	6612	0	0.504791756596584	0.41766713301625097	0.17647058823529413	0.4148416519165039	14.806750297546387	0.032513157758745304
cov10_n10_g0_s42_hotspots_p80_chr1	10	10	486	4567	8053	0	0.4598865234631679	0.35866351861171053	0.17647058823529413	0.35622745752334595	16.666587829589844	0.03330818256614822
cov10_n10_g0_s42_hotspots_p80_chr1	10	10	487	2751	6366	0	0.4778683596539517	0.3800733411149764	0.17647058823529413	0.36938610672950745	16.736146926879883	0.03276310564244686
cov10_n10_g0_s42_hotspots_p80_chr1	10	10	488	3437	8078	0	0.5018854748047052	0.39656053384468487	0.25	0.3351163864135742	22.429412841796875	0.03113700366815598
cov10_n10_g0_s42_hotspots_p80_chr1	10	10	489	3480	8576	0	0.6919280571464201	0.6422276876909147	0.5384615384615384	0.6130678653717041	12.738101959228516	0.02643176302691349
cov10_n10_g0_s42_hotspots_p80_chr1	10	10	490	2786	6557	0	0.4695648671661803	0.3718341862961942	0.17647058823529413	0.3695991337299347	16.140958786010742	0.033172723146092126
cov10_n10_g0_s42_hotspots_p80_chr1	10	10	491	3271	8263	0	0.6280166908293844	0.5701104662638229	0.42857142857142855	0.5799556374549866	11.726079940795898	0.02942976086169795
cov10_n10_g0_s42_hotspots_p80_chr1	10	10	492	3199	6294	0	0.6633248777562145	0.6044905726232035	0.42857142857142855	0.533171534538269	15.478134155273438	0.026919547412016312
cov10_n10_g0_s42_hotspots_p80_chr1	10	10	493	2991	7043	0	0.637964310865124	0.5819363084771801	0.3333333333333333	0.5924080610275269	11.597140312194824	0.02910037571540927
cov10_n10_g0_s42_hotspots_p80_chr1	10	10	494	2321	7485	0	0.5883568654292287	0.5169376710011472	0.42857142857142855	0.4858992099761963	14.66186809539795	0.029796034101389642
cov10_n10_g0_s42_hotspots_p80_chr1	10	10	495	1750	4829	0	0.5557623995205472	0.47187500498430435	0.3333333333333333	0.4181833863258362	17.662195205688477	0.030203769803150086
cov10_n10_g0_s42_hotspots_p80_chr1	10	10	496	3103	7349	0	0.6669985299308212	0.6065007541836502	0.42857142857142855	0.5003699064254761	17.76917839050293	0.02650547986322158
cov10_n10_g0_s42_hotspots_p80_chr1	10	10	497	3324	6448	0	0.3439475544710611	0.20765913221771823	0.1111111111111111	0.2453407347202301	19.653732299804688	0.035674355115323006
cov10_n10_g0_s42_hotspots_p80_chr1	10	10	498	3894	8913	0	0.6469531978685438	0.5866063126807493	0.5384615384615384	0.5382548570632935	14.44674015045166	0.02774184385764615
cov10_n10_g0_s42_hotspots_p80_chr1	10	10	499	4243	9842	0	0.512418048958263	0.4253260979186039	0.3333333333333333	0.4142214357852936	15.30324935913086	0.03211333717862615
cov10_n10_g0_s42_hotspots_p80_chr1	10	10	500	2377	6311	0	0.7063832488332682	0.6572496204648485	0.42857142857142855	0.5957676768302917	14.058107376098633	0.02549014311944234
cov10_n10_g0_s42_hotspots_p80_chr1	10	10	501	3017	7882	0	0.5777686658630499	0.5043696653960892	0.42857142857142855	0.47684380412101746	14.681000709533691	0.030155116481631848
cov10_n10_g0_s42_hotspots_p80_chr1	10	10	502	3164	7201	0	0.7123643022566402	0.66971706543937	0.42857142857142855	0.6886996030807495	10.699033737182617	0.02639281449444519
cov10_n10_g0_s42_hotspots_p80_chr1	10	10	503	2043	5653	0	0.6373182881237797	0.5763999479730035	0.3333333333333333	0.5424351096153259	13.804388046264648	0.02827404092509643
cov10_n10_g0_s42_hotspots_p80_chr1	10	10	504	3127	7561	0	0.5656502051257665	0.48570800902808337	0.3333333333333333	0.43794772028923035	16.6821231842041	0.03007383850802027
cov10_n10_g0_s42_hotspots_p80_chr1	10	10	505	1914	5720	0	0.5542514278221581	0.4989962177714277	0.42857142857142855	0.6233186721801758	7.906667232513428	0.03567418809099415
cov10_n10_g0_s42_hotspots_p80_chr1	10	10	506	2623	7192	0	0.6654515330002467	0.6079845006361284	0.3333333333333333	0.5476211905479431	14.766326904296875	0.026971610344760245
cov10_n10_g0_s42_hotspots_p80_chr1	10	10	507	2019	4804	0	0.6321599182881036	0.5697162842322138	0.42857142857142855	0.5318042039871216	14.130267143249512	0.028374554735491466
cov10_n10_g0_s42_hotspots_p80_chr1	10	10	508	2151	6192	0	0.3805156768738086	0.2834089799421516	0.25	0.350453644990921	11.789189338684082	0.037870296914614764
cov10_n10_g0_s42_hotspots_p80_chr1	10	10	509	3610	7847	0	0.44548427014787384	0.3565905980671029	0.17647058823529413	0.4016572833061218	12.30136775970459	0.035524693080664006
cov10_n10_g0_s42_hotspots_p80_chr1	10	10	510	3943	9304	0	0.5365659171549441	0.45205239381071677	0.42857142857142855	0.42260536551475525	16.120412826538086	0.031127173529944437
cov10_n10_g0_s42_hotspots_p80_chr1	10	10	511	2718	7431	0	0.5632543570748647	0.48018951042731556	0.25	0.4188627004623413	18.082805633544922	0.02990163390717037
cov10_n10_g0_s42_hotspots_p80_chr1	10	10	512	3491	7758	0	0.5593353306588003	0.4797996774189294	0.3333333333333333	0.44378361105918884	15.885540962219238	0.030453573170700517
cov10_n10_g0_s42_hotspots_p80_chr1	10	10	513	2273	5347	0	0.5285555601540207	0.4647313077343814	0.3333333333333333	0.5535167455673218	9.118424415588379	0.035171853041893145
cov10_n10_g0_s42_hotspots_p80_chr1	10	10	514	3448	6827	0	0.5825012884259411	0.49828896276124524	0.3333333333333333	0.39020246267318726	22.285057067871094	0.028903422167549285
cov10_n10_g0_s42_hotspots_p80_chr1	10	10	515	709	1773	0	0.34081652506473725	0.2299067462561945	0.17647058823529413	0.2947104871273041	13.373653411865234	0.038051245389730884
cov10_n10_g0_s42_hotspots_p80_chr1	10	10	516	1607	3343	0	0.4788825128420005	0.3925659948769805	0.3333333333333333	0.41834568977355957	13.10350227355957	0.03403056290462695
cov10_n10_g0_s42_hotspots_p80_chr1	10	10	517	1757	4360	0	0.5586769815310001	0.47424976378725076	0.25	0.41306865215301514	18.29266929626465	0.030011035164939234
cov10_n10_g0_s42_hotspots_p80_chr1	10	10	518	2723	6981	0	0.5422541118278995	0.4462766490650372	0.3333333333333333	0.35518860816955566	23.307069778442383	0.029972428042845493
cov10_n10_g0_s42_hotspots_p80_chr1	10	10	519	2868	6472	0	0.473754090287755	0.3715075822264118	0.25	0.35258471965789795	18.054229736328125	0.03257141047276992
cov10_n10_g0_s42_hotspots_p80_chr1	10	10	520	5634	10100	0	0.3539810386429287	0.19225488458415818	0.1111111111111111	0.21182508766651154	27.925769805908203	0.03417678287226643
cov10_n10_g0_s42_hotspots_p80_chr1	10	10	521	3479	8031	0	0.5417018023889573	0.4510226700218759	0.25	0.3861297369003296	19.68130874633789	0.030328137684649505
cov10_n10_g0_s42_hotspots_p80_chr1	10	10	522	2262	6321	0	0.6211303755175536	0.5461252335013831	0.3333333333333333	0.3979787230491638	24.358234405517578	0.027716901578920497
cov10_n10_g0_s42_hotspots_p80_chr1	10	10	523	3666	6837	0	0.5398644575971167	0.45945132874226874	0.25	0.4451272487640381	14.70960807800293	0.031416024790566
cov10_n10_g0_s42_hotspots_p80_chr1	10	10	524	4215	8250	0	0.4361456745705312	0.31036006339026995	0.17647058823529413	0.2827850878238678	23.78757667541504	0.03268825002419648
cov10_n10_g0_s42_hotspots_p80_chr1	10	10	525	3952	7042	0	0.41892631966554	0.2987740503178361	0.17647058823529413	0.29587143659591675	20.047916412353516	0.033672356953315656
cov10_n10_g0_s42_hotspots_p80_chr1	10	10	526	1173	2476	0	0.4831753431553452	0.3907081466313829	0.25	0.39120277762413025	15.254769325256348	0.03303647887554859
cov10_n10_g0_s42_hotspots_p80_chr1	10	10	527	4180	9246	0	0.5997602681472368	0.5300021429675273	0.3333333333333333	0.4918099641799927	14.871706008911133	0.029342756862999878
cov10_n10_g0_s42_hotspots_p80_chr1	10	10	528	4023	8092	0	0.6592353771692672	0.5949201284585508	0.3333333333333333	0.44518160820007324	21.928382873535156	0.026591041856583925
cov10_n10_g0_s42_hotspots_p80_chr1	10	10	529	2522	5893	0	0.6942522179028657	0.6397333499878789	0.42857142857142855	0.5259199142456055	17.4259033203125	0.02554453053197869
cov10_n10_g0_s42_hotspots_p80_chr1	10	10	530	1054	4056	0	0.6316623840554837	0.5769671618176592	0.42857142857142855	0.6101120710372925	10.718911170959473	0.029847660989041607
cov10_n10_g0_s42_hotspots_p80_chr1	10	10	531	3490	7762	0	0.6977929474052604	0.6431706844983884	0.3333333333333333	0.49505284428596497	19.86781120300293	0.025328368072834385
cov10_n10_g0_s42_hotspots_p80_chr1	10	10	532	3518	7567	0	0.6756022385308725	0.6177178195171682	0.3333333333333333	0.5211525559425354	16.805540084838867	0.02628537680807177
cov10_n10_g0_s42_hotspots_p80_chr1	10	10	533	3197	7566	0	0.5835894421271038	0.5108174144580738	0.42857142857142855	0.47836264967918396	14.883337020874023	0.02989914393301082
cov10_n10_g0_s42_hotspots_p80_chr1	10	10	534	2791	7625	0	0.6553903378640811	0.5943658727630318	0.3333333333333333	0.5182191133499146	15.994592666625977	0.02712869868206294
cov10_n10_g0_s42_hotspots_p80_chr1	10	10	535	3036	7054	0	0.5425345274681003	0.4800670506334424	0.3333333333333333	0.564010500907898	9.252951622009277	0.03450933083928166
cov10_n10_g0_s42_hotspots_p80_chr1	10	10	536	3675	7004	0	0.46858261656319855	0.37395976601020814	0.25	0.3817517161369324	15.066433906555176	0.033545187878727505
cov10_n10_g0_s42_hotspots_p80_chr1	10	10	537	4137	8093	0	0.41897416620818	0.2896491560187676	0.17647058823529413	0.2742777466773987	23.334217071533203	0.03316624128422273
cov10_n10_g0_s42_hotspots_p80_chr1	10	10	538	3445	6096	0	0.37305770193083937	0.23911634074267984	0.25	0.2578224241733551	20.936817169189453	0.034676769523635215
cov10_n10_g0_s42_hotspots_p80_chr1	10	10	539	4729	8013	0	0.6204006119063942	0.5450394095850525	0.3333333333333333	0.39049655199050903	25.24120330810547	0.027730501120257187
cov10_n10_g0_s42_hotspots_p80_chr1	10	10	540	3556	5927	0	0.3891566905516776	0.26131354952216873	0.25	0.27338942885398865	20.26215362548828	0.03440116474121193
cov10_n10_g0_s42_hotspots_p80_chr1	10	10	541	2808	6076	0	0.5761714983805925	0.510677426130621	0.42857142857142855	0.5364325642585754	11.536479949951172	0.03150298445589556
cov10_n10_g0_s42_hotspots_p80_chr1	10	10	542	3234	6686	0	0.5642171778313809	0.47908832726061806	0.25	0.40450212359428406	19.45587921142578	0.02968541545984718
cov10_n10_g0_s42_hotspots_p80_chr1	10	10	543	2910	6693	0	0.6584791072985446	0.5962557425493304	0.42857142857142855	0.49523866176605225	17.678884506225586	0.02681345731320612
cov10_n10_g0_s42_hotspots_p80_chr1	10	10	544	3727	7869	0	0.5901914337504608	0.5184183910987217	0.3333333333333333	0.48204663395881653	14.99021053314209	0.029643902418947342
cov10_n10_g0_s42_hotspots_p80_chr1	10	10	545	1902	5083	0	0.5832420387578584	0.5129184079830209	0.3333333333333333	0.4969464838504791	13.774580955505371	0.030250658659370135
cov10_n10_g0_s42_hotspots_p80_chr1	10	10	546	959	2706	0	0.6447542341006077	0.5858986087255987	0.42857142857142855	0.556979238986969	13.400171279907227	0.028113622121933943
cov10_n10_g0_s42_hotspots_p80_chr1	10	10	547	2657	8216	0	0.6945075782568787	0.6433813920650376	0.42857142857142855	0.5875524878501892	13.972067832946777	0.025995399971499734
cov10_n10_g0_s42_hotspots_p80_chr1	10	10	548	2173	5320	0	0.5847076025370804	0.5242091743427868	0.3333333333333333	0.5746973156929016	10.351402282714844	0.031950316756648625
cov10_n10_g0_s42_hotspots_p80_chr1	10	10	549	2350	6217	0	0.5360093946002749	0.46830273341398704	0.25	0.5260642766952515	10.381668090820312	0.03374736632463202
cov10_n10_g0_s42_hotspots_p80_chr1	10	10	550	711	2134	0	0.4928165310991834	0.4237028760903037	0.25	0.5133063793182373	9.217585563659668	0.03637083379161821
cov10_n10_g0_s42_hotspots_p80_chr1	10	10	551	1676	3344	0	0.2377318006654522	0.14618085384566673	0.3333333333333333	0.27653154730796814	7.3906941413879395	0.0474340303554648
cov10_n10_g0_s42_hotspots_p80_chr1	10	10	552	2040	4900	0	0.41183031333653064	0.317936405275275	0.25	0.37295669317245483	12.193258285522461	0.036643756546501115
cov10_n10_g0_s42_hotspots_p80_chr1	10	10	553	3198	8775	0	0.5528806705275343	0.47893661762011813	0.3333333333333333	0.4820817708969116	13.1528959274292	0.03154610279616345
cov10_n10_g0_s42_hotspots_p80_chr1	10	10	554	2193	5232	0	0.6573272655707745	0.5991165761677057	0.25	0.5499899387359619	14.284125328063965	0.027388362084150252
cov10_n10_g0_s42_hotspots_p80_chr1	10	10	555	1789	4552	0	0.520480525409687	0.4523740576609234	0.42857142857142855	0.5231243371963501	9.899176597595215	0.03471196314491756
cov10_n10_g0_s42_hotspots_p80_chr1	10	10	556	873	2818	0	0.5707554126504505	0.5256361375538959	0.42857142857142855	0.7238760590553284	6.216867446899414	0.03809158228408069
cov10_n10_g0_s42_hotspots_p80_chr1	10	10	557	2135	4593	0	0.7422741502790504	0.7002470825981921	0.42857142857142855	0.6431730389595032	13.319040298461914	0.02409509310918945
cov10_n10_g0_s42_hotspots_p80_chr1	10	10	558	1832	3794	0	0.4091267830078285	0.3135201254867205	0.25	0.36599236726760864	12.49602222442627	0.036542269642135285
cov10_n10_g0_s42_hotspots_p80_chr1	10	10	559	3731	8011	0	0.6443730924983541	0.5815531339826688	0.5384615384615384	0.513617753982544	15.73963737487793	0.027570434832117827
cov10_n10_g0_s42_hotspots_p80_chr1	10	10	560	2265	5352	0	0.5963898043287149	0.5282635221946409	0.42857142857142855	0.5073098540306091	13.820185661315918	0.029769102407539615
cov10_n10_g0_s42_hotspots_p80_chr1	10	10	561	1341	3041	0	0.383168273348588	0.28746862485767183	0.25	0.3561655580997467	11.57377815246582	0.03794223969599583
cov10_n10_g0_s42_hotspots_p80_chr1	10	10	562	2025	4498	0	0.5148971023894577	0.4217902758061559	0.25	0.3846157491207123	17.922014236450195	0.03139947333666157
cov10_n10_g0_s42_hotspots_p80_chr1	10	10	563	2678	6973	0	0.6341754932188713	0.5724999927145815	0.42857142857142855	0.5376634001731873	13.912267684936523	0.028360695313456256
cov10_n10_g0_s42_hotspots_p80_chr1	10	10	564	290	1050	0	0.4107827581677606	0.37098113901255786	0.3333333333333333	0.7253698110580444	3.207047462463379	0.057742893227673724
cov10_n10_g0_s42_hotspots_p80_chr1	10	10	566	1313	4081	0	0.4292729923077264	0.3526039793603461	0.3333333333333333	0.45270422101020813	8.991621017456055	0.03883841531399962
cov10_n10_g0_s42_hotspots_p80_chr1	10	10	567	1442	4556	0	0.45058331690617237	0.35404098827155095	0.25	0.37241408228874207	14.638547897338867	0.03424725663458537
cov10_n10_g0_s42_hotspots_p80_chr1	10	10	568	2762	7471	0	0.46540604206793074	0.3895415466307968	0.3333333333333333	0.46811679005622864	9.884520530700684	0.0366648558586575
cov10_n10_g0_s42_hotspots_p80_chr1	10	10	569	2285	7618	0	0.43899470298092064	0.36059702759169737	0.3333333333333333	0.44749629497528076	9.623644828796387	0.03781723672199421
cov10_n10_g0_s42_hotspots_p80_chr1	10	10	570	2286	5320	0	0.646722728329484	0.5943226783476969	0.42857142857142855	0.6252601742744446	10.698298454284668	0.029244823122650945
cov10_n10_g0_s42_hotspots_p80_chr1	10	10	571	2333	6430	0	0.5134007297382268	0.44966086455297305	0.42857142857142855	0.5527025461196899	8.628396987915039	0.03628978609820313
cov10_n10_g0_s42_hotspots_p80_chr1	10	10	572	1801	4259	0	0.533908092013114	0.48160507726494023	0.3333333333333333	0.6484709978103638	6.778785228729248	0.03837721541388573
cov10_n10_g0_s42_hotspots_p80_chr1	10	10	573	2407	5159	0	0.4155754205217704	0.33405294264987984	0.25	0.4242956340312958	9.593181610107422	0.038629907158445595
cov10_n10_g0_s42_hotspots_p80_chr1	10	10	574	626	1326	0	0.34672610095480244	0.24004423127973953	0.17647058823529413	0.3079409897327423	12.677627563476562	0.03829015993263797
cov10_n10_g0_s42_hotspots_p80_chr1	10	10	575	63	264	1	0.40609652444817296	0.27962891385559585	0.17647058823529413	0.27933552861213684	21.135194778442383	0.03380964059213231
cov10_n10_g0_s42_hotspots_p80_chr1	10	10	576	1764	4642	0	0.6054417413534422	0.5339673604079461	0.25	0.47263702750205994	16.409269332885742	0.028812705397364358
cov10_n10_g0_s42_hotspots_p80_chr1	10	10	577	2754	6308	0	0.45948402458570425	0.3809109718557591	0.3333333333333333	0.45250579714775085	10.31080436706543	0.036483641667330854
cov10_n10_g0_s42_hotspots_p80_chr1	10	10	578	2749	5912	0	0.7259157731023581	0.6850502635859768	0.5384615384615384	0.6979802846908569	10.816486358642578	0.02570394152633665
cov10_n10_g0_s42_hotspots_p80_chr1	10	10	579	1401	4903	0	0.42664696079624254	0.35706758360580826	0.25	0.4898543655872345	7.58583402633667	0.040904428372489275
cov10_n10_g0_s42_hotspots_p80_chr1	10	10	580	2186	5326	0	0.41295752980547756	0.3101302019794266	0.3333333333333333	0.34316179156303406	14.481481552124023	0.03542974711848659
cov10_n10_g0_s42_hotspots_p80_chr1	10	10	581	3807	8490	0	0.6074310483187635	0.5346681692919212	0.42857142857142855	0.4590710699558258	17.50790023803711	0.028570713903562275
cov10_n10_g0_s42_hotspots_p80_chr1	10	10	582	1675	4102	0	0.5666176715146046	0.4978895502827845	0.25	0.5146947503089905	12.119386672973633	0.031538363007695566
cov10_n10_g0_s42_hotspots_p80_chr1	10	10	583	2204	5135	0	0.48510272217345096	0.40861425499392867	0.3333333333333333	0.46861082315444946	10.716248512268066	0.03528350781702162
cov10_n10_g0_s42_hotspots_p80_chr1	10	10	584	1910	4995	0	0.6647385178979902	0.6145934500087654	0.42857142857142855	0.637617290019989	10.86879825592041	0.02839080651632409
cov10_n10_g0_s42_hotspots_p80_chr1	10	10	585	1412	3785	0	0.3980527549302431	0.30581810110135516	0.3333333333333333	0.3741149604320526	11.320643424987793	0.037668159277313186
cov10_n10_g0_s42_hotspots_p80_chr1	10	10	586	1647	3690	0	0.4555794876982337	0.348089623825258	0.25	0.33465731143951416	18.53223419189453	0.03298268121694077
cov10_n10_g0_s42_hotspots_p80_chr1	10	10	587	2141	6973	0	0.4930098928909972	0.4510416657210919	0.42857142857142855	0.7438696622848511	4.392558574676514	0.04728686555907734
cov10_n10_g0_s42_hotspots_p80_chr1	10	10	588	2701	5619	0	0.6133217292517046	0.5419111865206919	0.42857142857142855	0.464652419090271	17.42289924621582	0.028386892676893732
cov10_n10_g0_s42_hotspots_p80_chr1	10	10	589	2207	4902	0	0.6730009378409321	0.6144301175831917	0.42857142857142855	0.5164992809295654	16.97821044921875	0.026362656439699858
cov10_n10_g0_s42_hotspots_p80_chr1	10	10	590	573	1504	0	0.3920909680376849	0.3241170749447155	0.25	0.48178601264953613	6.623159885406494	0.043964206958488586
cov10_n10_g0_s42_hotspots_p80_chr1	10	10	591	1561	4363	0	0.31161659768655614	0.20567095380715	0.17647058823529413	0.29185640811920166	11.399944305419922	0.04021014137144088
cov10_n10_g0_s42_hotspots_p80_chr1	10	10	592	2966	5341	0	0.6690680559594918	0.6110559639410793	0.42857142857142855	0.5339651107788086	15.700547218322754	0.02666904225378856
cov10_n10_g0_s42_hotspots_p80_chr1	10	10	593	1954	4132	0	0.612427765095133	0.5581863121174805	0.42857142857142855	0.6234105825424194	9.650754928588867	0.03141192330809401
cov10_n10_g0_s42_hotspots_p80_chr1	10	10	594	1072	2283	0	0.6622904797772552	0.6114397726438289	0.42857142857142855	0.6312678456306458	11.007019996643066	0.028416006592072187
cov10_n10_g0_s42_hotspots_p80_chr1	10	10	595	1074	2777	0	0.6872514936888885	0.6469080438617909	0.5384615384615384	0.7465336322784424	8.474862098693848	0.029302153133003123
cov10_n10_g0_s42_hotspots_p80_chr1	10	10	596	2966	5883	0	0.7478568855051738	0.7048034625110556	0.42857142857142855	0.5876283645629883	16.19688606262207	0.02350919874509191
cov10_n10_g0_s42_hotspots_p80_chr1	10	10	597	1284	3897	0	0.4136482317917779	0.31528974176962965	0.25	0.3579101264476776	13.35716724395752	0.03593120866497161
cov10_n10_g0_s42_hotspots_p80_chr1	10	10	598	2094	5438	0	0.4142914864074665	0.30327497870505266	0.17647058823529413	0.3192099630832672	16.84453582763672	0.03455510735297497
cov10_n10_g0_s42_hotspots_p80_chr1	10	10	599	636	2105	0	0.4952625363254675	0.4046778848476987	0.25	0.3991994559764862	15.391860008239746	0.032620836708992865
cov10_n10_g0_s42_hotspots_p80_chr1	10	10	600	930	2861	0	0.5046675146026013	0.4277372500174059	0.3333333333333333	0.46811336278915405	11.62274169921875	0.03398814863047268
cov10_n10_g0_s42_hotspots_p80_chr1	10	10	601	1078	1928	0	0.6499029404281266	0.5881868602626419	0.42857142857142855	0.5184789299964905	15.712122917175293	0.02737456441161699
cov10_n10_g0_s42_hotspots_p80_chr1	10	10	602	2826	6021	0	0.700056982532057	0.6505651880778148	0.42857142857142855	0.6027134656906128	13.49102783203125	0.025879685722200604
cov10_n10_g0_s42_hotspots_p80_chr1	10	10	603	2748	5481	0	0.5035223266789094	0.4306928998050901	0.25	0.49188709259033203	10.478681564331055	0.034830740291701946
cov10_n10_g0_s42_hotspots_p80_chr1	10	10	604	2224	4653	0	0.6018678319114538	0.5336552262873662	0.3333333333333333	0.5032036900520325	14.305882453918457	0.029423754484775036
cov10_n10_g0_s42_hotspots_p80_chr1	10	10	605	3757	9436	0	0.5782309313154447	0.5000747880366719	0.25	0.44226446747779846	17.09379768371582	0.029590508319889762
cov10_n10_g0_s42_hotspots_p80_chr1	10	10	606	2560	6726	0	0.6307823707772645	0.5751986012207588	0.3333333333333333	0.6015395522117615	10.995896339416504	0.029714284278856893
cov10_n10_g0_s42_hotspots_p80_chr1	10	10	607	2639	5656	0	0.5725030373694759	0.49995277744029126	0.3333333333333333	0.4853183627128601	13.915604591369629	0.030577379571268402
cov10_n10_g0_s42_hotspots_p80_chr1	10	10	608	601	1452	0	0.36936890144303114	0.280549332719935	0.25	0.3739796578884125	9.754942893981934	0.03995563291472846
cov10_n10_g0_s42_hotspots_p80_chr1	10	10	609	1084	3292	0	0.6208815521202298	0.5538252303576815	0.42857142857142855	0.49770331382751465	15.562396049499512	0.0284422216544819
cov10_n10_g0_s42_hotspots_p80_chr1	10	10	610	3025	6763	0	0.3462476959070211	0.2404231364098298	0.25	0.30995604395866394	12.478819847106934	0.03842924830112342
cov10_n10_g0_s42_hotspots_p80_chr1	10	10	611	9	9	1	0.3705241319707634	0.13959140520052515	0.05263157894736842	0.152542382478714	58.99998092651367	0.0328710888063023
cov10_n10_g0_s42_hotspots_p80_chr1	10	10	612	741	2054	0	0.6442196006301428	0.5872690624436608	0.42857142857142855	0.5778931975364685	12.427184104919434	0.028480280974414764
cov10_n10_g0_s42_hotspots_p80_chr1	10	10	613	853	3290	0	0.5135002565793342	0.41873288536042935	0.25	0.3772188723087311	18.53081703186035	0.03132897865337192
cov10_n10_g0_s42_hotspots_p80_chr1	10	10	614	346	818	0	0.5580154122239235	0.48920010632523153	0.3333333333333333	0.5159932374954224	11.695112228393555	0.032075526404064365
cov10_n10_g0_s42_hotspots_p80_chr1	10	10	619	428	1834	0	0.5263991867931849	0.4526382318316443	0.3333333333333333	0.4868605136871338	11.690180778503418	0.03319822400916154
cov10_n10_g0_s42_hotspots_p80_chr1	10	10	620	566	1403	0	0.44394549829411994	0.3490632032516041	0.3333333333333333	0.37755849957466125	13.825815200805664	0.034788065547998584
cov10_n10_g0_s42_hotspots_p80_chr1	10	10	621	1772	5972	0	0.62629332990507	0.5680123518548819	0.42857142857142855	0.5773480534553528	11.767389297485352	0.029476897457884503
cov10_n10_g0_s42_hotspots_p80_chr1	10	10	622	1690	5250	0	0.5132437376872009	0.43861949407126544	0.3333333333333333	0.48175397515296936	11.350021362304688	0.03386642198400682
cov10_n10_g0_s42_hotspots_p80_chr1	10	10	623	2492	4764	0	0.5983666021186976	0.5323124268935778	0.42857142857142855	0.5232360363006592	13.077942848205566	0.029961937976186726
cov10_n10_g0_s42_hotspots_p80_chr1	10	10	624	2820	5403	0	0.6699013422231219	0.6136651366456497	0.42857142857142855	0.5567854642868042	14.475911140441895	0.026861493174679146
cov10_n10_g0_s42_hotspots_p80_chr1	10	10	625	2	5	1	0.22360680157584636	0.18156825980063976	0.1111111111111111	0.5	2.0	0.07905694150420949
cov10_n10_g0_s42_hotspots_p80_chr1	10	10	626	1047	4056	0	0.3916236464491788	0.31064321016598695	0.25	0.41632044315338135	8.848758697509766	0.04027190549310325
cov10_n10_g0_s42_hotspots_p80_chr1	10	10	627	1589	5466	0	0.56500157357822	0.5047961160073817	0.3333333333333333	0.580656886100769	9.46804141998291	0.03344530776464113
cov10_n10_g0_s42_hotspots_p80_chr1	10	10	629	355	2536	0	0.14643485994945704	0.006917616494055606	0.1111111111111111	0.13028301298618317	12.633200645446777	0.04374641472429073
cov10_n10_g0_s42_hotspots_p80_chr1	10	10	630	260	977	0	0.5232892209880684	0.43754778344674183	0.3333333333333333	0.419320285320282	15.573699951171875	0.03169123673945633
cov10_n10_g0_s42_hotspots_p80_chr1	10	10	632	830	1969	0	0.5671037620241332	0.5059056484793946	0.3333333333333333	0.5722994804382324	9.81925106048584	0.03304937022857655
cov10_n10_g0_s42_hotspots_p80_chr1	10	10	633	1	5	1	0.22360680157584636	0.18156825980063976	0.1111111111111111	0.5	2.0	0.07905694150420949
cov10_n10_g0_s42_hotspots_p80_chr1	10	10	634	1341	3839	0	0.7170956754777741	0.6734396632741432	0.5384615384615384	0.6661742329597473	11.587199211120605	0.02575540452127068
cov10_n10_g0_s42_hotspots_p80_chr1	10	10	635	1035	2783	0	0.4741561919962535	0.4059547940825315	0.25	0.5148918032646179	8.480294227600098	0.03790482830047502
cov10_n10_g0_s42_hotspots_p80_chr1	10	10	636	321	991	0	0.4767437091353205	0.396828539004569	0.3333333333333333	0.4491814374923706	11.264872550964355	0.03516661021436481
cov10_n10_g0_s42_hotspots_p80_chr1	10	10	637	1119	2913	0	0.725994012887765	0.6908213293597678	0.5384615384615384	0.790427565574646	8.436104774475098	0.027489227030359487
cov10_n10_g0_s42_hotspots_p80_chr1	10	10	638	242	425	0	0.43532661261281375	0.34151783332352204	0.25	0.37980973720550537	13.137062072753906	0.03538335952120759
cov10_n10_g0_s42_hotspots_p80_chr1	10	10	639	2	3	1	0.22360680157584636	0.18156825980063976	0.1111111111111111	0.5	2.0	0.07905694150420949
cov10_n10_g0_s42_hotspots_p80_chr1	10	10	642	2	5	1	0.22360680157584636	0.18156825980063976	0.1111111111111111	0.5	2.0	0.07905694150420949
cov10_n10_g0_s42_hotspots_p80_chr1	10	10	643	170	887	1	0.4868998078451942	0.439454728579644	0.25	0.6831315159797668	5.080081462860107	0.04475222922407843
cov10_n10_g0_s42_hotspots_p80_chr1	10	10	644	864	2457	0	0.462398911101786	0.38968188655665703	0.3333333333333333	0.4847263991832733	9.099977493286133	0.03757411161175941
cov10_n10_g0_s42_hotspots_p80_chr1	10	10	645	1661	3292	0	0.5069810814117031	0.43020835515233297	0.3333333333333333	0.46909981966018677	11.680270195007324	0.033873750994052536
cov10_n10_g0_s42_hotspots_p80_chr1	10	10	646	964	2458	0	0.46544464221285836	0.3960561275382402	0.25	0.5051344633102417	8.490281105041504	0.03820255760236867
cov10_n10_g0_s42_hotspots_p80_chr1	10	10	647	1147	3195	0	0.6018374656230842	0.5403715831359701	0.42857142857142855	0.560628354549408	11.524133682250977	0.030546837328609258
cov10_n10_g0_s42_hotspots_p80_chr1	10	10	648	821	2670	0	0.4449989407745182	0.3606652922916073	0.25	0.4212818443775177	11.15764331817627	0.036291923405074
cov10_n10_g0_s42_hotspots_p80_chr1	10	10	649	943	2482	0	0.5982410855404819	0.5481134982367378	0.42857142857142855	0.668445885181427	8.009767532348633	0.03375617978123202
cov10_n10_g0_s42_hotspots_p80_chr1	10	10	650	3	6	1	0.22360680157584636	0.18156825980063976	0.1111111111111111	0.5	2.0	0.07905694150420949
cov10_n10_g0_s42_hotspots_p80_chr1	10	10	651	672	1759	0	0.7090996049775371	0.6813790057193604	0.5384615384615384	0.9297110438346863	5.817260265350342	0.032779569068812485
cov10_n10_g0_s42_hotspots_p80_chr1	10	10	652	319	926	0	0.5790175024195298	0.5402535775192355	0.5384615384615384	0.799846351146698	5.240469932556152	0.040443375889064416
cov10_n10_g0_s42_hotspots_p80_chr1	10	10	653	841	1428	0	0.4825582238652954	0.4072243208170395	0.25	0.4745829701423645	10.338920593261719	0.03567304796765007
cov10_n10_g0_s42_hotspots_p80_chr1	10	10	654	1835	4447	0	0.5626043937637932	0.4904161280772116	0.3333333333333333	0.4913024604320526	13.113190650939941	0.031224710082484043
cov10_n10_g0_s42_hotspots_p80_chr1	10	10	655	548	1842	0	0.3939826451387432	0.32459181357066635	0.42857142857142855	0.47485101222991943	6.883978366851807	0.043343777131969505
cov10_n10_g0_s42_hotspots_p80_chr1	10	10	656	1050	2081	0	0.5889374940542491	0.5157727439607512	0.25	0.472082257270813	15.563346862792969	0.029545955830129353
cov10_n10_g0_s42_hotspots_p80_chr1	10	10	657	363	1514	0	0.5682090519316203	0.5052099579329417	0.3333333333333333	0.5577207207679749	10.379650115966797	0.03255729974035212
cov10_n10_g0_s42_hotspots_p80_chr1	10	10	658	5	108	1	0.18257417570343107	0.1243411828254985	0.05263157894736842	0.3333333432674408	2.999999761581421	0.06770032168941854
cov10_n10_g0_s42_hotspots_p80_chr1	10	10	659	1071	3007	0	0.4318914053195949	0.35854110736149847	0.3333333333333333	0.47099846601486206	8.408336639404297	0.03948574076747179
cov10_n10_g0_s42_hotspots_p80_chr1	10	10	660	954	2205	0	0.629748026963654	0.5710185948777411	0.3333333333333333	0.5706770420074463	12.177350997924805	0.02915138510328306
cov10_n10_g0_s42_hotspots_p80_chr1	10	10	661	795	2082	0	0.34376736274766695	0.25959477247303037	0.3333333333333333	0.37733423709869385	8.299978256225586	0.04257572521141344
cov10_n10_g0_s42_hotspots_p80_chr1	10	10	663	353	912	0	0.3354147784027227	0.20675713226715223	0.1111111111111111	0.2554832100868225	17.236125946044922	0.03655835049095611
cov10_n10_g0_s42_hotspots_p80_chr1	10	10	664	121	236	1	0.3746932110440438	0.30906869494985845	0.25	0.4849397838115692	5.970023155212402	0.04616757325678907
cov10_n10_g0_s42_hotspots_p80_chr1	10	10	665	100	606	1	0.579941127295694	0.5147471246081861	0.3333333333333333	0.537683367729187	11.633612632751465	0.03130917343185739
cov10_n10_g0_s42_hotspots_p80_chr1	10	10	666	559	1640	0	0.4632287380057482	0.3864687204405397	0.3333333333333333	0.4628145098686218	10.017909049987793	0.03661596882589544
cov10_n10_g0_s42_hotspots_p80_chr1	10	10	667	1114	2289	0	0.6168394476015786	0.5454024922124298	0.42857142857142855	0.4597104787826538	18.004270553588867	0.02819580810398964
cov10_n10_g0_s42_hotspots_p80_chr1	10	10	668	1262	3081	0	0.5849318905274231	0.5172369711117317	0.42857142857142855	0.5163561701774597	12.83251667022705	0.030548281024973797
cov10_n10_g0_s42_hotspots_p80_chr1	10	10	669	2	6	1	0.22360680157584636	0.18156825980063976	0.1111111111111111	0.5	2.0	0.07905694150420949
cov10_n10_g0_s42_hotspots_p80_chr1	10	10	671	3	29	1	0.22360680157584636	0.18156825980064012	0.1111111111111111	0.5	2.0	0.07905694150420949
cov10_n10_g0_s42_hotspots_p80_chr1	10	10	672	819	2656	0	0.5871272663625062	0.5208962028263205	0.42857142857142855	0.5269731879234314	12.41330623626709	0.030652095561769756
cov10_n10_g0_s42_hotspots_p80_chr1	10	10	673	308	1402	0	0.4259260814254135	0.37867110426507006	0.3333333333333333	0.6558837294578552	4.217109203338623	0.05073861266513518
cov10_n10_g0_s42_hotspots_p80_chr1	10	10	675	1	3	1	0.22360680157584636	0.18156825980063976	0.1111111111111111	0.5	2.0	0.07905694150420949
cov10_n10_g0_s42_hotspots_p80_chr1	10	10	676	1957	4513	0	0.5975324690727013	0.5279164148320457	0.3333333333333333	0.4944925010204315	14.601705551147461	0.02949293375603289
cov10_n10_g0_s42_hotspots_p80_chr1	10	10	677	2801	7009	0	0.5530262794871605	0.4939092935325637	0.3333333333333333	0.590396523475647	8.774129867553711	0.034621546934701077
cov10_n10_g0_s42_hotspots_p80_chr1	10	10	678	86	341	1	0.5267279968192453	0.42698263999835107	0.25	0.34719157218933105	23.01624298095703	0.030415716040237985
cov10_n10_g0_s42_hotspots_p80_chr1	10	10	679	234	1132	0	0.42030596272599186	0.35848176058599873	0.17647058823529413	0.5352290868759155	6.166682720184326	0.04403349747860016
cov10_n10_g0_s42_hotspots_p80_chr1	10	10	680	84	437	1	0.4499202319401779	0.38972108077285894	0.3333333333333333	0.5603414177894592	6.447117805480957	0.04228471639236599
cov10_n10_g0_s42_hotspots_p80_chr1	10	10	682	990	1568	0	0.46305587079451443	0.38365342866160806	0.3333333333333333	0.4491487145423889	10.62885570526123	0.03609947434188696
cov10_n10_g0_s42_hotspots_p80_chr1	10	10	683	593	1662	0	0.48222072664025895	0.4131500514260575	0.42857142857142855	0.5114333629608154	8.890244483947754	0.03711404363833682
cov10_n10_g0_s42_hotspots_p80_chr1	10	10	684	1047	2255	0	0.5226885907376272	0.43264871592099025	0.42857142857142855	0.39744067192077637	17.295827865600586	0.03129082729765398
cov10_n10_g0_s42_hotspots_p80_chr1	10	10	685	2482	6896	0	0.6949133891204723	0.651877870191095	0.42857142857142855	0.7025699019432068	9.78322982788086	0.027771781528956038
cov10_n10_g0_s42_hotspots_p80_chr1	10	10	686	1826	5451	0	0.5422571620990003	0.46027622945412777	0.3333333333333333	0.43529224395751953	15.518465042114258	0.03110082776120594
cov10_n10_g0_s42_hotspots_p80_chr1	10	10	687	3036	6998	0	0.5714238712084999	0.49847839082912215	0.42857142857142855	0.4829537868499756	13.999273300170898	0.03058625465068015
cov10_n10_g0_s42_hotspots_p80_chr1	10	10	688	371	700	0	0.5168235261594428	0.4353827576600226	0.3333333333333333	0.4430757164955139	13.605945587158203	0.03257340554080888
cov10_n10_g0_s42_hotspots_p80_chr1	10	10	689	5	14	1	0.2272223202581128	0.17175359309319943	0.05263157894736842	0.4074074327945709	3.1105990409851074	0.06519202886741154
cov10_n10_g0_s42_hotspots_p80_chr1	10	10	690	1796	4543	0	0.7125218604437958	0.6643290328849097	0.5384615384615384	0.5982056856155396	14.187153816223145	0.025210405175983424
cov10_n10_g0_s42_hotspots_p80_chr1	10	10	691	1128	3468	0	0.5475522465979551	0.47475266163157853	0.3333333333333333	0.4907005727291107	12.451395988464355	0.03204921474627333
cov10_n10_g0_s42_hotspots_p80_chr1	10	10	692	376	1154	0	0.5765616174828304	0.5168034617484281	0.42857142857142855	0.5827100276947021	9.79008674621582	0.03271126424396954
cov10_n10_g0_s42_hotspots_p80_chr1	10	10	693	37	131	1	0.4693343288059364	0.4099683700349815	0.42857142857142855	0.5739099979400635	6.687704086303711	0.041040551026367104
cov10_n10_g0_s42_hotspots_p80_chr1	10	10	694	417	1177	0	0.34613816765044	0.27879476113623625	0.3333333333333333	0.4558050334453583	5.766878128051758	0.047728796716069395
cov10_n10_g0_s42_hotspots_p80_chr1	10	10	695	120	375	1	0.3850244108289746	0.3198140000549745	0.17647058823529413	0.4938468635082245	6.078435897827148	0.04551738602621473
cov10_n10_g0_s42_hotspots_p80_chr1	10	10	696	5	10	1	0.36514835140686214	0.3232870753462959	0.17647058823529413	0.6666666865348816	2.999999761581421	0.061237245191812416
cov10_n10_g0_s42_hotspots_p80_chr1	10	10	699	153	489	1	0.4015034311810851	0.33970004215805655	0.25	0.5251244306564331	5.845936298370361	0.04555684859568292
cov10_n10_g0_s42_hotspots_p80_chr1	10	10	700	894	2325	0	0.49561027936912555	0.4504891949647831	0.3333333333333333	0.7100508809089661	4.871938228607178	0.04517285557989754
cov10_n10_g0_s42_hotspots_p80_chr1	10	10	701	1321	2477	0	0.5760853226459159	0.5024287199568371	0.42857142857142855	0.47581765055656433	14.658600807189941	0.03021915793294671
cov10_n10_g0_s42_hotspots_p80_chr1	10	10	702	25	180	1	0.33007224652197603	0.2721632546444114	0.42857142857142855	0.5	4.357907772064209	0.05355696834488483
cov10_n10_g0_s42_hotspots_p80_chr1	10	10	703	337	1391	0	0.46310984223312085	0.37845722161355383	0.25	0.42385825514793396	11.937865257263184	0.03517730388404966
cov10_n10_g0_s42_hotspots_p80_chr1	10	10	704	50	189	1	0.42386496552742586	0.3694351588634253	0.25	0.5915824174880981	5.133629322052002	0.04696773697540095
cov10_n10_g0_s42_hotspots_p80_chr1	10	10	705	187	606	1	0.5254071249342108	0.46756089424355785	0.42857142857142855	0.599330484867096	7.685270309448242	0.037123602679407904
cov10_n10_g0_s42_hotspots_p80_chr1	10	10	706	332	1597	0	0.4586686350634858	0.3895337371161728	0.3333333333333333	0.5045981407165527	8.262411117553711	0.03874764736038101
cov10_n10_g0_s42_hotspots_p80_chr1	10	10	707	1435	4304	0	0.45476916448735955	0.3769802762348994	0.3333333333333333	0.45528674125671387	9.977278709411621	0.036940897300403897
cov10_n10_g0_s42_hotspots_p80_chr1	10	10	708	2609	5556	0	0.6455794920211708	0.5901863013250052	0.42857142857142855	0.5934980511665344	11.832071304321289	0.028682842767610447
cov10_n10_g0_s42_hotspots_p80_chr1	10	10	709	284	381	0	0.44926902115417044	0.3946031554873847	0.42857142857142855	0.6024930477142334	5.5604376792907715	0.04462949992151603
cov10_n10_g0_s42_hotspots_p80_chr1	10	10	710	701	952	0	0.4426026013287166	0.3319804753402505	0.25	0.3242707848548889	18.629974365234375	0.03332093594315842
cov10_n10_g0_s42_hotspots_p80_chr1	10	10	711	21	192	1	0.26076846807399856	0.21491922001177607	0.42857142857142855	0.5178799033164978	2.5354321002960205	0.06989582388669538
cov10_n10_g0_s42_hotspots_p80_chr1	10	10	712	1056	2322	0	0.6021078360146339	0.5345296145103328	0.3333333333333333	0.508358359336853	14.028416633605957	0.02949834983567124
cov10_n10_g0_s42_hotspots_p80_chr1	10	10	713	418	1519	0	0.5769264380293061	0.5211081060514732	0.42857142857142855	0.6169959902763367	8.743316650390625	0.033722002434417815
cov10_n10_g0_s42_hotspots_p80_chr1	10	10	714	509	1541	0	0.512635851919063	0.4298871527156021	0.25	0.4364146888256073	13.798099517822266	0.03263257772079648
cov10_n10_g0_s42_hotspots_p80_chr1	10	10	715	1440	2808	0	0.6681766378754724	0.6192293000444523	0.5384615384615384	0.6492328643798828	10.59208869934082	0.028408520038385475
cov10_n10_g0_s42_hotspots_p80_chr1	10	10	716	1324	2239	0	0.4920226548106071	0.40798061679258296	0.3333333333333333	0.43008533120155334	13.087624549865723	0.03361379607535456
cov10_n10_g0_s42_hotspots_p80_chr1	10	10	717	172	507	1	0.10830520024266152	0.0017339385378941413	0.1111111111111111	0.12681041657924652	7.294386386871338	0.0514453167641382
cov10_n10_g0_s42_hotspots_p80_chr1	10	10	719	1454	1938	0	0.6432540508981192	0.5848832073520943	0.5384615384615384	0.5635995864868164	13.02638053894043	0.02829474030611409
cov10_n10_g0_s42_hotspots_p80_chr1	10	10	720	1513	1795	0	0.17971555504614042	0.10136326154065455	0.25	0.2556431293487549	4.9420037269592285	0.05603775927704645
cov10_n10_g0_s42_hotspots_p80_chr1	10	10	721	1204	1314	0	0.6142954641010423	0.5546346732315696	0.42857142857142855	0.5710079073905945	11.573651313781738	0.030041965381276587
cov10_n10_g0_s42_hotspots_p80_chr1	10	10	722	1539	1824	0	0.6178671499216598	0.5419238746845343	0.42857142857142855	0.39531242847442627	24.429197311401367	0.027810099945040096
cov10_n10_g0_s42_hotspots_p80_chr1	10	10	723	2648	3360	0	0.486305657607982	0.3714995007496674	0.3333333333333333	0.3051288425922394	25.40106964111328	0.031293498762943066
cov10_n10_g0_s42_hotspots_p80_chr1	10	10	724	3914	4935	0	0.6283956152855247	0.555662682342542	0.42857142857142855	0.38015663623809814	27.32380485534668	0.027515176721945908
cov10_n10_g0_s42_hotspots_p80_chr1	10	10	725	1145	1512	0	0.5414329432572978	0.43856072957170933	0.3333333333333333	0.2859418988227844	35.85368347167969	0.029728512752987272
cov10_n10_g0_s42_hotspots_p80_chr1	10	10	726	391	731	0	0.5555518846628875	0.45925333111664923	0.3333333333333333	0.3314349055290222	28.09653663635254	0.029433101094411118
cov10_n10_g0_s42_hotspots_p80_chr1	10	10	727	1353	1982	0	0.4926614454077591	0.3862725501288447	0.3333333333333333	0.33408695459365845	21.745935440063477	0.031457950177578825
cov10_n10_g0_s42_hotspots_p80_chr1	10	10	729	3756	5576	0	0.3591428639694491	0.24762978523113738	0.42857142857142855	0.30105769634246826	14.230984687805176	0.03709070835613683
cov10_n10_g0_s42_hotspots_p80_chr1	10	10	730	2016	2128	0	0.4833300609303645	0.3525231380940198	0.25	0.22869610786437988	44.66526794433594	0.030953499999208337
cov10_n10_g0_s42_hotspots_p80_chr1	10	10	744	1195	2878	0	0.3572223115889935	0.05543110311148917	0.05263157894736842	0.12721921503543854	78.84455871582031	0.033022594544752606
cov10_n10_g0_s42_hotspots_p80_chr1	10	10	745	522	2442	0	0.35604322456120857	0.06052275326688023	0.05263157894736842	0.1260550320148468	79.77835845947266	0.03303856115700228
cov10_n10_g0_s42_hotspots_p80_chr1	10	10	746	1733	3020	0	0.3579476658072648	0.06006112740188669	0.05263157894736842	0.1278461366891861	78.39058685302734	0.033012764191798966
cov10_n10_g0_s42_hotspots_p80_chr1	10	10	747	213	390	0	0.3578865454784196	0.060522753266880266	0.05263157894736842	0.12757377326488495	78.69876098632812	0.03301361911118768
cov10_n10_g0_s42_hotspots_p80_chr1	10	10	748	32	32	1	0.36037497886250536	0.07460470969529912	0.05263157894736842	0.12987014651298523	76.99999237060547	0.03297972616111812
cov10_n10_g0_s42_hotspots_p80_chr1	10	10	750	32	32	1	0.3603750047056557	0.0746047096952989	0.05263157894736842	0.12987014651298523	76.99999237060547	0.03297972616111815
cov10_n10_g0_s42_hotspots_p80_chr1	10	10	751	32	32	1	0.36037499785861465	0.07460470969420069	0.05263157894736842	0.12987011671066284	77.00000762939453	0.03297972616112219
cov10_n10_g0_s42_hotspots_p80_chr1	10	10	752	1948	1948	0	0.35728518675689563	0.055907095531909826	0.05263157894736842	0.12725722789764404	78.8252182006836	0.03302174517143475
cov10_n10_g0_s42_hotspots_p80_chr1	10	10	753	819	819	0	0.35578404157559784	0.04252432555625638	0.05263157894736842	0.12658226490020752	79.00003051757812	0.03304197560526211
cov10_n10_g0_s42_hotspots_p80_chr1	10	10	754	1306	1572	0	0.16806973681858017	-0.06810836589290094	0.1111111111111111	0.09628244489431381	30.47086524963379	0.0376765420616243
cov10_n10_g0_s42_hotspots_p80_chr1	10	10	755	699	755	0	0.4409645789607348	0.28953849805726417	0.17647058823529413	0.17893214523792267	60.733829498291016	0.03175666432850401
cov10_n10_g0_s42_hotspots_p80_chr1	10	10	756	593	950	0	0.1485570770438778	-0.06058973120170011	0.05263157894736842	0.09486235678195953	24.524431228637695	0.03901973808086752
cov10_n10_g0_s42_hotspots_p80_chr1	10	10	757	2856	4313	0	0.4500203618171568	0.29798915228492545	0.17647058823529413	0.20756983757019043	47.004112243652344	0.03157545828283287
cov10_n10_g0_s42_hotspots_p80_chr1	10	10	758	1485	2427	0	0.45473185845167724	0.3063967907804622	0.25	0.21442735195159912	44.97285461425781	0.03149407960204643
cov10_n10_g0_s42_hotspots_p80_chr1	10	10	759	564	758	0	0.4136287545970665	0.2825888844524105	0.25	0.2701985538005829	23.43448829650879	0.03328521508043599
cov10_n10_g0_s42_hotspots_p80_chr1	10	10	760	1944	2195	0	0.2012213447902604	0.043513073298341115	0.1111111111111111	0.15222139656543732	17.474178314208984	0.03980939377786684
cov10_n10_g0_s42_hotspots_p80_chr1	10	10	761	54	54	1	0.3557840258622586	0.04252432555625624	0.05263157894736842	0.1265822947025299	78.9999771118164	0.03304197560526234
cov10_n10_g0_s42_hotspots_p80_chr1	10	10	762	232	260	0	0.3161500372861304	0.165395265727831	0.17647058823529413	0.21471232175827026	21.680662155151367	0.035913365614670074
cov10_n10_g0_s42_hotspots_p80_chr1	10	10	765	188	431	1	0.40674471646639426	0.342448232786482	0.1111111111111111	0.5119609832763672	6.312046527862549	0.04416376400218615
cov10_n10_g0_s42_hotspots_p80_chr1	10	10	766	682	1247	0	0.5014736306601812	0.43474747302209577	0.3333333333333333	0.5302891135215759	8.942741394042969	0.0363601257041172
cov10_n10_g0_s42_hotspots_p80_chr1	10	10	767	1145	1584	0	0.3488513743094948	0.2748940825854601	0.25	0.4240749776363373	6.766990661621094	0.045133300035499306
cov10_n10_g0_s42_hotspots_p80_chr1	10	10	768	650	793	0	0.47080453585846793	0.4091139608253735	0.25	0.5574384927749634	7.133249759674072	0.04010936025237133
cov10_n10_g0_s42_hotspots_p80_chr1	10	10	769	102	614	1	0.42126988425193146	0.3443064533760269	0.25	0.4481188654899597	8.837601661682129	0.039295213647555
cov10_n10_g0_s42_hotspots_p80_chr1	10	10	770	817	1281	0	0.3601849011492518	0.2437449246202314	0.25	0.28975796699523926	15.451836585998535	0.036531770549592196
cov10_n10_g0_s42_hotspots_p80_chr1	10	10	771	1331	1419	0	0.5003678338088651	0.39698059866072993	0.3333333333333333	0.3436223864555359	21.203903198242188	0.031312267272456104
cov10_n10_g0_s42_hotspots_p80_chr1	10	10	772	4032	4509	0	0.4348630871448867	0.3368611702996656	0.3333333333333333	0.3643682599067688	14.243736267089844	0.03488062544136296
cov10_n10_g0_s42_hotspots_p80_chr1	10	10	773	232	233	0	0.43752034476937046	0.3363120660466218	0.25	0.3537529408931732	15.296649932861328	0.03439171367996112
cov10_n10_g0_s42_hotspots_p80_chr1	10	10	774	3910	4571	0	0.23295623941240554	0.10545877589637047	0.17647058823529413	0.20406001806259155	13.03265380859375	0.041218674903162736
cov10_n10_g0_s42_hotspots_p80_chr1	10	10	775	5360	6033	0	0.44190573442015507	0.33180477690192706	0.3333333333333333	0.32579725980758667	18.397733688354492	0.03339069144320009
cov10_n10_g0_s42_hotspots_p80_chr1	10	10	776	4650	6325	0	0.49890874668421864	0.38957963179498056	0.17647058823529413	0.32017090916633606	24.28166961669922	0.03105421703824941
cov10_n10_g0_s42_hotspots_p80_chr1	10	10	777	1477	2749	0	0.5726882220232491	0.5142070351862903	0.42857142857142855	0.5941673517227173	9.290068626403809	0.033318231659494844
cov10_n10_g0_s42_hotspots_p80_chr1	10	10	778	1091	1455	0	0.47166130738949946	0.38139672828946036	0.25	0.40007761120796204	13.898629188537598	0.033899487051197136
cov10_n10_g0_s42_hotspots_p80_chr1	10	10	779	284	811	0	0.5155004581235713	0.45560540292172	0.3333333333333333	0.5816570520401001	7.8546013832092285	0.03724622561452358
cov10_n10_g0_s42_hotspots_p80_chr1	10	10	780	1489	3205	0	0.44361947282305364	0.34106218721965387	0.17647058823529413	0.3500961363315582	16.05634117126465	0.033959803392612085
cov10_n10_g0_s42_hotspots_p80_chr1	10	10	781	12	83	1	0.2867558180662522	0.23451055973511228	0.25	0.49793383479118347	3.3165090084075928	0.06143442633940452
cov10_n10_g0_s42_hotspots_p80_chr1	10	10	782	667	1380	0	0.28608217885669474	0.20915778771155485	0.3333333333333333	0.3644614815711975	6.161385536193848	0.04865809976159546
cov10_n10_g0_s42_hotspots_p80_chr1	10	10	783	2292	4918	0	0.5550608825846663	0.4732332527240412	0.3333333333333333	0.4312973618507385	16.56256675720215	0.03043797818412984
cov10_n10_g0_s42_hotspots_p80_chr1	10	10	784	2738	5060	0	0.5524912427559108	0.4580042762110284	0.3333333333333333	0.3530289828777313	24.492328643798828	0.029627545620728328
cov10_n10_g0_s42_hotspots_p80_chr1	10	10	785	12	24	1	0.08687445366195572	-0.36968590042027843	0.0	0.03773584961891174	53.0	0.037302941433422436
cov10_n10_g0_s42_hotspots_p80_chr1	10	10	786	2131	3452	0	0.6261753827802236	0.5607032926668148	0.42857142857142855	0.5076125264167786	15.21694278717041	0.028327045740784356
cov10_n10_g0_s42_hotspots_p80_chr1	10	10	787	3256	4746	0	0.36514031350240317	0.09756867897631054	0.05263157894736842	0.13318875432014465	75.15961456298828	0.03291414385718915
cov10_n10_g0_s42_hotspots_p80_chr1	10	10	788	3719	4991	0	0.3651483678372011	0.09759000718638845	0.05263157894736842	0.13333313167095184	75.0002212524414	0.032914029430664626
cov10_n10_g0_s42_hotspots_p80_chr1	10	10	789	1688	2297	0	0.5017443352053564	0.39012725664738396	0.25	0.30916184186935425	26.3386287689209	0.03084936819261901
cov10_n10_g0_s42_hotspots_p80_chr1	10	10	790	3230	5554	0	0.6491375440365662	0.5826013531436974	0.5384615384615384	0.44844186305999756	20.953720092773438	0.026934144490085563
cov10_n10_g0_s42_hotspots_p80_chr1	10	10	791	6	12	1	0.08770580526491924	-0.3565929832876472	0.0	0.03846153989434242	51.99999237060547	0.03733939988214606
cov10_n10_g0_s42_hotspots_p80_chr1	10	10	792	221	419	0	0.5572269511750557	0.4924903768031561	0.42857142857142855	0.545927882194519	10.418222427368164	0.0329393532091722
cov10_n10_g0_s42_hotspots_p80_chr1	10	10	793	2796	4295	0	0.5659563126318945	0.4820373842283054	0.3333333333333333	0.41124773025512695	18.93907356262207	0.029696662776056818
cov10_n10_g0_s42_hotspots_p80_chr1	10	10	794	1166	4030	0	0.3935312704575132	0.35587906112993706	0.42857142857142855	0.7386569380760193	2.838395595550537	0.06170295056700011
cov10_n10_g0_s42_hotspots_p80_chr1	10	10	795	27	151	1	0.22360680719430825	0.18156824629657517	0.05263157894736842	0.49999988079071045	2.0000009536743164	0.07905692445612438
cov10_n10_g0_s42_hotspots_p80_chr1	10	10	796	1363	4390	0	0.5457927841704149	0.478754761206578	0.3333333333333333	0.5302332639694214	10.59550666809082	0.0332289377977916
cov10_n10_g0_s42_hotspots_p80_chr1	10	10	797	2	11	1	0.22360680157584636	0.18156825980063976	0.1111111111111111	0.5	2.0	0.07905694150420949
cov10_n10_g0_s42_hotspots_p80_chr1	10	10	798	883	2229	0	0.5595747665898404	0.48411444494942335	0.25	0.47017258405685425	14.164511680603027	0.03093631639734683
cov10_n10_g0_s42_hotspots_p80_chr1	10	10	799	1463	3038	0	0.591520044667901	0.5383770295044132	0.42857142857142855	0.6396785378456116	8.550970077514648	0.03335605140206502
cov10_n10_g0_s42_hotspots_p80_chr1	10	10	800	217	581	0	0.43978100579832224	0.30143230805037113	0.1111111111111111	0.25279414653778076	30.264875411987305	0.03210972824710685
cov10_n10_g0_s42_hotspots_p80_chr1	10	10	801	418	952	0	0.43409558165542994	0.28821444788460887	0.17647058823529413	0.23785915970802307	33.3066520690918	0.0321037774275465
cov10_n10_g0_s42_hotspots_p80_chr1	10	10	802	168	506	1	0.3742452007874554	0.1886451282695259	0.17647058823529413	0.18791736662387848	39.66236877441406	0.03309632590080444
cov10_n10_g0_s42_hotspots_p80_chr1	10	10	803	317	714	0	0.4461677672783657	0.31249037192357965	0.17647058823529413	0.26228877902030945	28.935897827148438	0.032035408646388534
cov10_n10_g0_s42_hotspots_p80_chr1	10	10	804	677	1527	0	0.3588091697401092	0.14412617624932908	0.17647058823529413	0.1641303151845932	47.79136657714844	0.03318475152217863
cov10_n10_g0_s42_hotspots_p80_chr1	10	10	805	823	1906	0	0.4312580716829416	0.3403341855284975	0.1111111111111111	0.3899141550064087	12.233099937438965	0.03601433663628544
cov10_n10_g0_s42_hotspots_p80_chr1	10	10	806	1301	3668	0	0.761651857781516	0.726391295808168	0.6666666666666666	0.7376076579093933	10.662577629089355	0.02404797987496643
cov10_n10_g0_s42_hotspots_p80_chr1	10	10	807	543	1997	0	0.6127268233283606	0.5463958346884553	0.3333333333333333	0.5116577744483948	14.340840339660645	0.029025713004743835
cov10_n10_g0_s42_hotspots_p80_chr1	10	10	808	211	683	0	0.4338082049554436	0.3012458571706068	0.1111111111111111	0.2668341100215912	26.430950164794922	0.032493770330393815
cov10_n10_g0_s42_hotspots_p80_chr1	10	10	809	64	260	1	0.4452060396550658	0.34554709152165647	0.25	0.36031603813171387	15.26704216003418	0.034175533012978765
cov10_n10_g0_s42_hotspots_p80_chr1	10	10	810	270	765	0	0.5596672863004031	0.5147810890019847	0.3333333333333333	0.7259693741798401	5.943240165710449	0.03922124953071922
cov10_n10_g0_s42_hotspots_p80_chr1	10	10	811	1626	3401	0	0.6235448086970659	0.5575326489411213	0.42857142857142855	0.5050395131111145	15.24349594116211	0.028415191288866652
cov10_n10_g0_s42_hotspots_p80_chr1	10	10	812	380	838	0	0.5386677942745757	0.45858169662729836	0.25	0.4473341107368469	14.500335693359375	0.03152322523979685
cov10_n10_g0_s42_hotspots_p80_chr1	10	10	813	1711	4233	0	0.7374420646838069	0.6969406599158571	0.42857142857142855	0.6847067475318909	11.599695205688477	0.024816276369169096
cov10_n10_g0_s42_hotspots_p80_chr1	10	10	814	31	93	1	0.36523780711824294	0.32328834102526494	0.17647058823529413	0.6657970547676086	3.0093157291412354	0.06114961861879303
cov10_n10_g0_s42_hotspots_p80_chr1	10	10	815	343	1045	0	0.4738225966954983	0.3880799285106591	0.25	0.42045992612838745	12.699374198913574	0.03439695704119822
cov10_n10_g0_s42_hotspots_p80_chr1	10	10	816	3	3	1	0.22360680157584636	0.18156825980063976	0.1111111111111111	0.5	2.0	0.07905694150420949
cov10_n10_g0_s42_hotspots_p80_chr1	10	10	823	1012	2928	0	0.6484307957737188	0.6020677803843824	0.42857142857142855	0.6930424571037292	8.754020690917969	0.03074587877763913
cov10_n10_g0_s42_hotspots_p80_chr1	10	10	824	1420	2919	0	0.522577794491457	0.4330208312360777	0.3333333333333333	0.3998996615409851	17.076541900634766	0.03134085586210755
cov10_n10_g0_s42_hotspots_p80_chr1	10	10	825	1	5	1	0.22360680157584636	0.18156825980063976	0.1111111111111111	0.5	2.0	0.07905694150420949
cov10_n10_g0_s42_hotspots_p80_chr1	10	10	826	30	61	1	0.22360680157584636	0.18156825980064062	0.1111111111111111	0.5	2.0	0.07905694150420949
cov10_n10_g0_s42_hotspots_p80_chr1	10	10	827	405	822	0	0.4710725926933261	0.40209420084405917	0.3333333333333333	0.5092299580574036	8.557517051696777	0.037916079553520186
cov10_n10_g0_s42_hotspots_p80_chr1	10	10	828	978	2558	0	0.6970421216975966	0.6446893512100749	0.5384615384615384	0.561413586139679	15.415305137634277	0.025638807277379806
cov10_n10_g0_s42_hotspots_p80_chr1	10	10	829	78	419	1	0.44598704219836416	0.38482436319918106	0.25	0.5518260598182678	6.53190803527832	0.042238815474910034
cov10_n10_g0_s42_hotspots_p80_chr1	10	10	830	664	1460	0	0.46458351467975845	0.4027763801587196	0.25	0.5545011162757874	7.019766807556152	0.04055161019799337
cov10_n10_g0_s42_hotspots_p80_chr1	10	10	831	994	2169	0	0.5844357853687344	0.5068274490576952	0.25	0.44149041175842285	17.52391242980957	0.029318680803786478
cov10_n10_g0_s42_hotspots_p80_chr1	10	10	832	1734	4632	0	0.6594928483397008	0.6027167399430298	0.3333333333333333	0.5643655061721802	13.65523910522461	0.02746790511164903
cov10_n10_g0_s42_hotspots_p80_chr1	10	10	833	104	413	1	0.5481575373823036	0.504601468357949	0.3333333333333333	0.7396627068519592	5.492162227630615	0.040948917931575346
cov10_n10_g0_s42_hotspots_p80_chr1	10	10	834	3	3	1	0.18257417570343107	0.12434118282549807	0.1111111111111111	0.3333333432674408	2.999999761581421	0.06770032168941854
cov10_n10_g0_s42_hotspots_p80_chr1	10	10	835	692	1592	0	0.5691273591910112	0.507506190630141	0.3333333333333333	0.56857830286026	10.019320487976074	0.032804630092042056
cov10_n10_g0_s42_hotspots_p80_chr1	10	10	838	1643	3920	0	0.7257598871911952	0.6816974537632763	0.42857142857142855	0.6435096263885498	12.719670295715332	0.024979106875964177
cov10_n10_g0_s42_hotspots_p80_chr1	10	10	839	2796	6269	0	0.7295033114127752	0.6841249065479351	0.6666666666666666	0.6075779795646667	14.416190147399902	0.02445681357520107
cov10_n10_g0_s42_hotspots_p80_chr1	10	10	840	860	2375	0	0.722299398862102	0.6849735886953173	0.42857142857142855	0.7596304416656494	9.041275978088379	0.02708269120025488
cov10_n10_g0_s42_hotspots_p80_chr1	10	10	841	1456	3511	0	0.6397328945818817	0.595232444261663	0.42857142857142855	0.7191147804260254	7.914089202880859	0.03211969303453204
cov10_n10_g0_s42_hotspots_p80_chr1	10	10	842	1160	2075	0	0.6034758800575784	0.5269987026166206	0.3333333333333333	0.42939871549606323	19.751420974731445	0.028449412756541774
cov10_n10_g0_s42_hotspots_p80_chr1	10	10	843	701	1216	0	0.6081998363222698	0.5450056612678945	0.3333333333333333	0.5423621535301208	12.575170516967773	0.029801291734269476
cov10_n10_g0_s42_hotspots_p80_chr1	10	10	844	676	1741	0	0.33738340556002266	0.28519772950021155	0.25	0.5476225018501282	3.795637369155884	0.05634002116872583
cov10_n10_g0_s42_hotspots_p80_chr1	10	10	845	2996	7330	0	0.6449164560458058	0.5851443433293879	0.3333333333333333	0.5468880534172058	13.906248092651367	0.027958116753889446
cov10_n10_g0_s42_hotspots_p80_chr1	10	10	846	1751	4899	0	0.45516768238364486	0.38134998230403616	0.25	0.476483017206192	9.125316619873047	0.03779692956417645
cov10_n10_g0_s42_hotspots_p80_chr1	10	10	847	538	1142	0	0.48717804501186057	0.4006551511430025	0.17647058823529413	0.4179461896419525	13.587347030639648	0.03354263100190592
cov10_n10_g0_s42_hotspots_p80_chr1	10	10	848	2683	5488	0	0.6421395796767502	0.5816782212255067	0.3333333333333333	0.5423917770385742	14.016280174255371	0.028032851079440032
cov10_n10_g0_s42_hotspots_p80_chr1	10	10	849	1067	2047	0	0.3621704675273361	0.2615587516433874	0.17647058823529413	0.3317442536354065	11.918435096740723	0.038333207862662484
cov10_n10_g0_s42_hotspots_p80_chr1	10	10	850	2011	3116	0	0.4723809332980085	0.3878930959258952	0.3333333333333333	0.4261210262775421	12.28906536102295	0.03466788005749085
cov10_n10_g0_s42_hotspots_p80_chr1	10	10	851	505	869	0	0.49618206251355035	0.4147474784926457	0.25	0.4434191882610321	12.521407127380371	0.03376007054654067
cov10_n10_g0_s42_hotspots_p80_chr1	10	10	852	995	2674	0	0.515114773032508	0.43023525446764377	0.3333333333333333	0.42508986592292786	14.684073448181152	0.03222635303519583
cov10_n10_g0_s42_hotspots_p80_chr1	10	10	853	1818	5304	0	0.6488777869712149	0.5860868570173485	0.3333333333333333	0.5070006251335144	16.37980842590332	0.027306282852988598
cov10_n10_g0_s42_hotspots_p80_chr1	10	10	854	1807	4977	0	0.6031980866719545	0.5352370136634658	0.3333333333333333	0.5044205784797668	14.299944877624512	0.02937818677592348
cov10_n10_g0_s42_hotspots_p80_chr1	10	10	855	503	1135	0	0.5518439615728572	0.4733371870555986	0.25	0.453190416097641	14.827610969543457	0.030984606333310686
cov10_n10_g0_s42_hotspots_p80_chr1	10	10	856	1899	4038	0	0.6671210131326097	0.6129700365612266	0.42857142857142855	0.586978554725647	12.917094230651855	0.02739093930528012
cov10_n10_g0_s42_hotspots_p80_chr1	10	10	857	2365	4397	0	0.5941878337387374	0.5178924133260593	0.25	0.4428116977214813	18.005672454833984	0.028934346336174838
cov10_n10_g0_s42_hotspots_p80_chr1	10	10	858	2314	5486	0	0.5522845946295357	0.4884244226553374	0.3333333333333333	0.5530345439910889	9.972895622253418	0.03347851282050004
cov10_n10_g0_s42_hotspots_p80_chr1	10	10	859	1926	4565	0	0.6530176826827038	0.5943514524378319	0.42857142857142855	0.5500627756118774	14.09371280670166	0.027600060396857147
cov10_n10_g0_s42_hotspots_p80_chr1	10	10	860	1345	3306	0	0.6879777429319117	0.6427107847328967	0.5384615384615384	0.6786397099494934	10.277088165283203	0.027743434830317153
cov10_n10_g0_s42_hotspots_p80_chr1	10	10	861	1761	4618	0	0.6038642273220429	0.532112379707923	0.3333333333333333	0.4717206060886383	16.387359619140625	0.02887008140345031
cov10_n10_g0_s42_hotspots_p80_chr1	10	10	862	341	1116	0	0.223231215884485	0.12661350614904973	0.3333333333333333	0.25193899869918823	7.850893497467041	0.04703539203946265
cov10_n10_g0_s42_hotspots_p80_chr1	10	10	863	735	1585	0	0.44494825979025576	0.36264763990308885	0.25	0.43056920170783997	10.679061889648438	0.036661858001065355
cov10_n10_g0_s42_hotspots_p80_chr1	10	10	864	902	3374	0	0.5197837470648701	0.4404635052251934	0.3333333333333333	0.45453205704689026	13.077247619628906	0.03270364554887015
cov10_n10_g0_s42_hotspots_p80_chr1	10	10	865	1852	3629	0	0.5005612476159849	0.4104364864400973	0.25	0.4009404182434082	15.58671760559082	0.03239774232314283
cov10_n10_g0_s42_hotspots_p80_chr1	10	10	866	1723	4490	0	0.7042548049481133	0.6541227394259961	0.5384615384615384	0.5831640362739563	14.584050178527832	0.025479217607751188
cov10_n10_g0_s42_hotspots_p80_chr1	10	10	867	1652	3952	0	0.6088309650891199	0.538046703467416	0.3333333333333333	0.4754209518432617	16.39973258972168	0.02869939196077739
cov10_n10_g0_s42_hotspots_p80_chr1	10	10	868	474	1603	0	0.32603489039373207	0.21711708381871628	0.25	0.2923741936683655	12.435120582580566	0.039042052840531166
cov10_n10_g0_s42_hotspots_p80_chr1	10	10	869	1145	3323	0	0.6987131735460259	0.6491752648642621	0.5384615384615384	0.604439377784729	13.362643241882324	0.02596815835377276
cov10_n10_g0_s42_hotspots_p80_chr1	10	10	870	341	1129	0	0.5419782452750728	0.4640356924387741	0.3333333333333333	0.4593634307384491	13.92037582397461	0.03161575262691286
cov10_n10_g0_s42_hotspots_p80_chr1	10	10	871	1689	4765	0	0.6602478182890622	0.6004809908723981	0.42857142857142855	0.526171088218689	15.745627403259277	0.026989690570577554
cov10_n10_g0_s42_hotspots_p80_chr1	10	10	872	1299	3868	0	0.6916025351549928	0.6423226303465681	0.5384615384615384	0.6195181012153625	12.462496757507324	0.026537029114291795
cov10_n10_g0_s42_hotspots_p80_chr1	10	10	873	1508	4996	0	0.6364677257898224	0.5715535686689043	0.42857142857142855	0.5011048913002014	16.13226890563965	0.027786368458725494
cov10_n10_g0_s42_hotspots_p80_chr1	10	10	874	2146	5063	0	0.564726323275261	0.48376066778799537	0.25	0.43171629309654236	17.111148834228516	0.0300204458459272
cov10_n10_g0_s42_hotspots_p80_chr1	10	10	875	1306	2939	0	0.42332165821093043	0.32913873574587627	0.3333333333333333	0.37535327672958374	12.719221115112305	0.03597751213341236
cov10_n10_g0_s42_hotspots_p80_chr1	10	10	876	1061	2818	0	0.3034642075778066	0.1719474987338669	0.17647058823529413	0.2370143085718155	16.393280029296875	0.037682513075862456
cov10_n10_g0_s42_hotspots_p80_chr1	10	10	877	448	1056	0	0.48042150789109755	0.39273619947172805	0.25	0.41218894720077515	13.58476734161377	0.033759086850822025
cov10_n10_g0_s42_hotspots_p80_chr1	10	10	878	1767	4220	0	0.5582131201132302	0.47019278486494187	0.25	0.3904288113117218	20.44167137145996	0.029756074801883983
cov10_n10_g0_s42_hotspots_p80_chr1	10	10	879	423	1605	0	0.6143902527631769	0.5536339088745393	0.3333333333333333	0.5608533024787903	12.000243186950684	0.02982469086645605
cov10_n10_g0_s42_hotspots_p80_chr1	10	10	880	831	1793	0	0.5185338620040647	0.4477187244102184	0.3333333333333333	0.5053442716598511	10.528816223144531	0.03426160126297534
cov10_n10_g0_s42_hotspots_p80_chr1	10	10	881	1587	3053	0	0.5200304682752497	0.4200746466826232	0.3333333333333333	0.3503294587135315	22.03455924987793	0.030683336746253353
cov10_n10_g0_s42_hotspots_p80_chr1	10	10	882	1429	2952	0	0.6891882414796234	0.6325325841152358	0.42857142857142855	0.4635586738586426	22.1037654876709	0.025624554337140382
cov10_n10_g0_s42_hotspots_p80_chr1	10	10	883	170	270	1	0.3999259304810721	0.30511632169682357	0.17647058823529413	0.36564570665359497	11.962944984436035	0.03715883207350623
cov10_n10_g0_s42_hotspots_p80_chr1	10	10	884	1780	5004	0	0.5776591279916243	0.5104363066720643	0.25	0.5226788520812988	12.214436531066895	0.03109151149035152
cov10_n10_g0_s42_hotspots_p80_chr1	10	10	885	1970	4789	0	0.6077407443016812	0.5370754571427386	0.42857142857142855	0.4775412380695343	16.196266174316406	0.02877376787497564
cov10_n10_g0_s42_hotspots_p80_chr1	10	10	886	3037	6107	0	0.6360979834009038	0.5665617801573981	0.25	0.4427187442779541	20.6439208984375	0.02736253491137214
cov10_n10_g0_s42_hotspots_p80_chr1	10	10	887	4034	7765	0	0.333600006168489	0.19890157079335172	0.1111111111111111	0.24435502290725708	18.638444900512695	0.036190735345571066
cov10_n10_g0_s42_hotspots_p80_chr1	10	10	888	3937	8926	0	0.5378541887863401	0.45003345300535075	0.25	0.40386414527893066	17.736112594604492	0.0307427440312142
cov10_n10_g0_s42_hotspots_p80_chr1	10	10	889	2963	7905	0	0.6365118548669805	0.5689296307834213	0.3333333333333333	0.469815731048584	18.355148315429688	0.027503973787961815
cov10_n10_g0_s42_hotspots_p80_chr1	10	10	890	2954	6744	0	0.528325741171707	0.43435930808652007	0.17647058823529413	0.37560275197029114	19.78545570373535	0.030704564862408513
cov10_n10_g0_s42_hotspots_p80_chr1	10	10	891	2382	4288	0	0.6570713953516913	0.592388746896796	0.25	0.4511914849281311	21.20817756652832	0.026672393595443992
cov10_n10_g0_s42_hotspots_p80_chr1	10	10	892	961	1949	0	0.465999756968212	0.3643169163428101	0.25	0.3547728657722473	17.253236770629883	0.032978319750854065
cov10_n10_g0_s42_hotspots_p80_chr1	10	10	894	2777	5884	0	0.6380018766752853	0.5778340491204416	0.3333333333333333	0.549561619758606	13.477553367614746	0.028347203998369652
cov10_n10_g0_s42_hotspots_p80_chr1	10	10	895	3146	6725	0	0.7029044204693172	0.6501344257654135	0.42857142857142855	0.5307856202125549	17.536956787109375	0.025215400235901728
cov10_n10_g0_s42_hotspots_p80_chr1	10	10	896	2698	6994	0	0.7317649439175593	0.6882279925129581	0.42857142857142855	0.6397631764411926	13.082924842834473	0.02461779975555298
cov10_n10_g0_s42_hotspots_p80_chr1	10	10	897	2746	6410	0	0.5818380395591057	0.5009822070876766	0.3333333333333333	0.41900739073753357	19.28238868713379	0.029167472274475113
cov10_n10_g0_s42_hotspots_p80_chr1	10	10	898	2705	5569	0	0.577592213492033	0.5086779743238302	0.3333333333333333	0.5099090933799744	12.830899238586426	0.03081295181045035
cov10_n10_g0_s42_hotspots_p80_chr1	10	10	899	2866	5872	0	0.5606286697829965	0.4880575437507943	0.3333333333333333	0.48924461007118225	13.131023406982422	0.03128630052883259
cov10_n10_g0_s42_hotspots_p80_chr1	10	10	900	532	1152	0	0.41687397746561383	0.29903726710063083	0.25	0.3014433681964874	19.124853134155273	0.03391152301737144
cov10_n10_g0_s42_hotspots_p80_chr1	10	10	901	2937	7514	0	0.5253196212523817	0.44977690169655477	0.3333333333333333	0.4760775864124298	12.175640106201172	0.03296128122048546
cov10_n10_g0_s42_hotspots_p80_chr1	10	10	902	2066	5787	0	0.5963536230026494	0.5376952027092563	0.42857142857142855	0.5874162316322327	10.306608200073242	0.0315321018430994
cov10_n10_g0_s42_hotspots_p80_chr1	10	10	903	3664	9249	0	0.5936622537538014	0.515361804041725	0.17647058823529413	0.42639225721359253	19.384750366210938	0.028789861281093256
cov10_n10_g0_s42_hotspots_p80_chr1	10	10	904	2466	5396	0	0.6419862798260231	0.5901512580317686	0.42857142857142855	0.6344335675239563	10.239508628845215	0.0297435320374351
cov10_n10_g0_s42_hotspots_p80_chr1	10	10	905	2642	6706	0	0.6717346457489293	0.6267968664907153	0.42857142857142855	0.6964643001556396	9.302459716796875	0.02919879875396166
cov10_n10_g0_s42_hotspots_p80_chr1	10	10	906	1744	3824	0	0.5650733677729689	0.512622394612112	0.3333333333333333	0.6489080786705017	7.583038806915283	0.035723176874824
cov10_n10_g0_s42_hotspots_p80_chr1	10	10	907	2704	5182	0	0.6513292155194726	0.5860410763651054	0.3333333333333333	0.46519309282302856	19.603548049926758	0.026919453895986174
cov10_n10_g0_s42_hotspots_p80_chr1	10	10	908	2595	5678	0	0.7457345567707827	0.7025179185278326	0.5384615384615384	0.5967503190040588	15.61648178100586	0.02363388671981928
cov10_n10_g0_s42_hotspots_p80_chr1	10	10	909	2112	5991	0	0.390846173042507	0.30324489718629755	0.25	0.38858136534690857	10.116908073425293	0.0389114632336959
cov10_n10_g0_s42_hotspots_p80_chr1	10	10	910	3260	6160	0	0.36564921290316266	0.22775050911909409	0.17647058823529413	0.24897432327270508	21.568513870239258	0.03474352719911176
cov10_n10_g0_s42_hotspots_p80_chr1	10	10	911	1057	4470	0	0.4866308889817409	0.3994296787944746	0.3333333333333333	0.41475507616996765	13.766260147094727	0.033483272477515924
cov10_n10_g0_s42_hotspots_p80_chr1	10	10	912	2821	5716	0	0.5598445357101247	0.48250649976823434	0.42857142857142855	0.457760751247406	14.957456588745117	0.030680641083663536
cov10_n10_g0_s42_hotspots_p80_chr1	10	10	913	2161	4897	0	0.5355187591187721	0.46420164745245024	0.3333333333333333	0.5018519759178162	11.38670539855957	0.03306269023294291
cov10_n10_g0_s42_hotspots_p80_chr1	10	10	914	1754	3751	0	0.5238102758685025	0.4421674365083808	0.25	0.44121861457824707	14.094198226928711	0.03215343289671505
cov10_n10_g0_s42_hotspots_p80_chr1	10	10	915	1943	4775	0	0.5189522065016456	0.4346468082926964	0.25	0.4275810122489929	14.730514526367188	0.03208778836602756
cov10_n10_g0_s42_hotspots_p80_chr1	10	10	916	2600	6589	0	0.5544996695300833	0.47712756376773435	0.3333333333333333	0.45946818590164185	14.564371109008789	0.030977222795972564
cov10_n10_g0_s42_hotspots_p80_chr1	10	10	917	3507	7631	0	0.5336518962357913	0.4461392929845131	0.3333333333333333	0.40713322162628174	17.180784225463867	0.030979410385103365
cov10_n10_g0_s42_hotspots_p80_chr1	10	10	918	2999	6891	0	0.43827430380262516	0.34100976230524993	0.17647058823529413	0.36768093705177307	14.208551406860352	0.034792952629192304
cov10_n10_g0_s42_hotspots_p80_chr1	10	10	919	2039	3889	0	0.4925039578421214	0.3933742226875276	0.17647058823529413	0.362804651260376	18.427810668945312	0.031957955787916006
cov10_n10_g0_s42_hotspots_p80_chr1	10	10	920	2927	5998	0	0.546044641846165	0.48023992443591246	0.3333333333333333	0.539071261882782	10.260390281677246	0.033475348811168135
cov10_n10_g0_s42_hotspots_p80_chr1	10	10	921	2018	5564	0	0.5327727984952442	0.4532356670062074	0.3333333333333333	0.45172402262687683	13.910337448120117	0.03192651332492116
cov10_n10_g0_s42_hotspots_p80_chr1	10	10	922	2327	5013	0	0.5301599038274382	0.43543130037216604	0.25	0.3707887530326843	20.443758010864258	0.030568967583744413
cov10_n10_g0_s42_hotspots_p80_chr1	10	10	923	3461	9588	0	0.47967959787506803	0.38444677620344847	0.17647058823529413	0.37963777780532837	15.964804649353027	0.03292230070380319
cov10_n10_g0_s42_hotspots_p80_chr1	10	10	924	2857	7892	0	0.546084742880576	0.4564500215669922	0.3333333333333333	0.38943538069725037	19.66297721862793	0.03020139094084101
cov10_n10_g0_s42_hotspots_p80_chr1	10	10	925	3888	7324	0	0.36596679287847556	0.2616558940162557	0.3333333333333333	0.32274481654167175	12.857744216918945	0.037620667822573235
cov10_n10_g0_s42_hotspots_p80_chr1	10	10	926	3060	6000	0	0.4891490394438421	0.40501831487195095	0.25	0.42950671911239624	12.970070838928223	0.03376374356739274
cov10_n10_g0_s42_hotspots_p80_chr1	10	10	927	1924	5509	0	0.5204708510352938	0.44972446842405184	0.17647058823529413	0.5058442950248718	10.586664199829102	0.034148499325065224
cov10_n10_g0_s42_hotspots_p80_chr1	10	10	928	2926	7048	0	0.48316979430081236	0.37462829716189944	0.17647058823529413	0.32853811979293823	21.628578186035156	0.03172686156251142
cov10_n10_g0_s42_hotspots_p80_chr1	10	10	929	2361	4959	0	0.49676277853656603	0.3987473486688774	0.3333333333333333	0.36670994758605957	18.350704193115234	0.03184961379176005
cov10_n10_g0_s42_hotspots_p80_chr1	10	10	930	2645	5583	0	0.5191442939841879	0.42404150920856165	0.25	0.37381812930107117	19.286592483520508	0.031041478732633777
cov10_n10_g0_s42_hotspots_p80_chr1	10	10	931	2895	6879	0	0.6000236728966032	0.5318996195247068	0.3333333333333333	0.5051372051239014	14.109712600708008	0.029547785790220812
cov10_n10_g0_s42_hotspots_p80_chr1	10	10	932	2185	6228	0	0.7333927275515798	0.6934943453155192	0.5384615384615384	0.702564001083374	10.896862030029297	0.025312234684972023
cov10_n10_g0_s42_hotspots_p80_chr1	10	10	933	3853	7835	0	0.6896661358829306	0.6340847635855477	0.42857142857142855	0.5200016498565674	17.590103149414062	0.025702583334731927
cov10_n10_g0_s42_hotspots_p80_chr1	10	10	934	3500	7409	0	0.5076720969698024	0.4269822357317032	0.25	0.4475366771221161	12.867949485778809	0.03320487904269814
cov10_n10_g0_s42_hotspots_p80_chr1	10	10	935	3328	7755	0	0.5133358249942794	0.45963911214116127	0.3333333333333333	0.6323663592338562	6.589699745178223	0.039572512860640785
cov10_n10_g0_s42_hotspots_p80_chr1	10	10	936	2432	5486	0	0.4365279717999468	0.3442010489988703	0.25	0.38576894998550415	12.804704666137695	0.03552156089425542
cov10_n10_g0_s42_hotspots_p80_chr1	10	10	937	2483	6755	0	0.743045146787609	0.7014349096311148	0.5384615384615384	0.6500954627990723	13.063997268676758	0.024116166983744084
cov10_n10_g0_s42_hotspots_p80_chr1	10	10	938	2238	6224	0	0.6446044108437222	0.5962953768578393	0.5384615384615384	0.6723431944847107	9.191885948181152	0.03048011199032176
cov10_n10_g0_s42_hotspots_p80_chr1	10	10	939	3091	7466	0	0.4836038494141385	0.39043575749156595	0.25	0.38821449875831604	15.518011093139648	0.03293902450198835
cov10_n10_g0_s42_hotspots_p80_chr1	10	10	940	2140	5180	0	0.6478595350931218	0.5989777401418416	0.3333333333333333	0.6640294790267944	9.518904685974121	0.030051663518289286
cov10_n10_g0_s42_hotspots_p80_chr1	10	10	941	1175	2165	0	0.5271406412577647	0.4509203795528378	0.3333333333333333	0.47189968824386597	12.478249549865723	0.032741317430664905
cov10_n10_g0_s42_hotspots_p80_chr1	10	10	942	1274	2579	0	0.5117265932898145	0.45485826342876245	0.3333333333333333	0.6051144599914551	7.151562213897705	0.03853678482180636
cov10_n10_g0_s42_hotspots_p80_chr1	10	10	943	4118	8689	0	0.6375478052606397	0.5805846373750915	0.42857142857142855	0.5830106139183044	11.958389282226562	0.028944167300691763
cov10_n10_g0_s42_hotspots_p80_chr1	10	10	944	2375	6576	0	0.6313538002347173	0.5726207641981829	0.42857142857142855	0.5695154070854187	12.289511680603027	0.029040300065307577
cov10_n10_g0_s42_hotspots_p80_chr1	10	10	945	1229	2824	0	0.5246609189543417	0.4735066089549191	0.3333333333333333	0.6576777100563049	6.364014148712158	0.03962290595241499
cov10_n10_g0_s42_hotspots_p80_chr1	10	10	946	2123	4489	0	0.5836805541376268	0.5084586101209104	0.42857142857142855	0.46001529693603516	16.099258422851562	0.029603969032433643
cov10_n10_g0_s42_hotspots_p80_chr1	10	10	947	2903	7739	0	0.6169259139229432	0.5545772321893251	0.3333333333333333	0.5447153449058533	12.82705307006836	0.02937200302129733
cov10_n10_g0_s42_hotspots_p80_chr1	10	10	948	1698	3807	0	0.5419300269835298	0.4488840405738665	0.25	0.37259507179260254	21.15496253967285	0.030156097872317503
cov10_n10_g0_s42_hotspots_p80_chr1	10	10	949	2320	5085	0	0.6210780257264247	0.558268945433867	0.42857142857142855	0.5375661253929138	13.348381042480469	0.029026330447282592
cov10_n10_g0_s42_hotspots_p80_chr1	10	10	950	555	1095	0	0.5259723552152791	0.44059321272550866	0.25	0.42066890001296997	15.633095741271973	0.03158976836097085
cov10_n10_g0_s42_hotspots_p80_chr1	10	10	951	1353	3452	0	0.33090788915310726	0.24135253774999552	0.3333333333333333	0.35019826889038086	8.928658485412598	0.04212470424722841
cov10_n10_g0_s42_hotspots_p80_chr1	10	10	952	2293	5261	0	0.44731113801913136	0.3505352628920329	0.3333333333333333	0.3710542321205139	14.53264331817627	0.03438745390214246
cov10_n10_g0_s42_hotspots_p80_chr1	10	10	953	2683	5167	0	0.5389937593082745	0.4595872691499949	0.25	0.45126044750213623	14.266348838806152	0.03159171549498739
cov10_n10_g0_s42_hotspots_p80_chr1	10	10	954	1913	4799	0	0.737404529672117	0.6975481493384929	0.42857142857142855	0.6964403986930847	11.210981369018555	0.024977532257815804
cov10_n10_g0_s42_hotspots_p80_chr1	10	10	955	2971	5357	0	0.6758588419764484	0.6273659031159009	0.5384615384615384	0.6480806469917297	10.875616073608398	0.02791341196847214
cov10_n10_g0_s42_hotspots_p80_chr1	10	10	956	3662	6537	0	0.6528888152672324	0.5916003388483402	0.42857142857142855	0.5190394520759583	15.822591781616211	0.027247219454574107
cov10_n10_g0_s42_hotspots_p80_chr1	10	10	957	3668	6597	0	0.6261642053692695	0.5619308158227075	0.42857142857142855	0.5197522044181824	14.513891220092773	0.0284932170236976
cov10_n10_g0_s42_hotspots_p80_chr1	10	10	958	3377	8250	0	0.5813837554143241	0.49843213907991873	0.3333333333333333	0.4028005301952362	20.832704544067383	0.02903475032219469
cov10_n10_g0_s42_hotspots_p80_chr1	10	10	959	3850	6753	0	0.6169438503268899	0.5511698826501066	0.42857142857142855	0.5133260488510132	14.444571495056152	0.028845483486826792
cov10_n10_g0_s42_hotspots_p80_chr1	10	10	960	3478	7277	0	0.6150062667939393	0.5550097388671306	0.5384615384615384	0.5675254464149475	11.743250846862793	0.029927036613437756
cov10_n10_g0_s42_hotspots_p80_chr1	10	10	961	1427	3040	0	0.485539367729621	0.38425082149430095	0.25	0.3551962971687317	18.685813903808594	0.032108658732051355
cov10_n10_g0_s42_hotspots_p80_chr1	10	10	962	2159	4695	0	0.47980860070580755	0.39430434417212806	0.3333333333333333	0.4222181439399719	12.914041519165039	0.034093888738923654
cov10_n10_g0_s42_hotspots_p80_chr1	10	10	963	1660	4253	0	0.4127235284094296	0.30570686748111686	0.17647058823529413	0.3303455710411072	15.609228134155273	0.03499920548491504
cov10_n10_g0_s42_hotspots_p80_chr1	10	10	964	2304	5699	0	0.4289965802663155	0.3016883329785119	0.17647058823529413	0.2791997194290161	23.608999252319336	0.03288555546914021
cov10_n10_g0_s42_hotspots_p80_chr1	10	10	965	1994	4296	0	0.4552564623776969	0.36310062541217686	0.25	0.3901556730270386	13.615586280822754	0.03453514592670695
cov10_n10_g0_s42_hotspots_p80_chr1	10	10	966	1642	4665	0	0.6665383872738425	0.6061874222023549	0.3333333333333333	0.5041608214378357	17.47882080078125	0.026547111616286555
cov10_n10_g0_s42_hotspots_p80_chr1	10	10	967	992	2241	0	0.332781915387225	0.21127642001381106	0.17647058823529413	0.26800215244293213	15.418527603149414	0.03729219207640332
cov10_n10_g0_s42_hotspots_p80_chr1	10	10	968	1126	2712	0	0.5174962418309381	0.4322893743617809	0.25	0.4230903089046478	14.960576057434082	0.03205937833553036
cov10_n10_g0_s42_hotspots_p80_chr1	10	10	969	282	470	0	0.5074928331817856	0.4390247862338947	0.3333333333333333	0.5196222066879272	9.538594245910645	0.03551633587633341
cov10_n10_g0_s42_hotspots_p80_chr1	10	10	970	3737	7472	0	0.6717580497972256	0.6159070242961632	0.42857142857142855	0.5589807629585266	14.442158699035645	0.026796822972631747
cov10_n10_g0_s42_hotspots_p80_chr1	10	10	971	2388	6078	0	0.7142457583111878	0.6642916131927687	0.5384615384615384	0.5536859631538391	16.640575408935547	0.024838701302551818
cov10_n10_g0_s42_hotspots_p80_chr1	10	10	972	1679	4249	0	0.5403526936912044	0.4492548267673569	0.25	0.38457393646240234	19.742172241210938	0.030359966167885825
cov10_n10_g0_s42_hotspots_p80_chr1	10	10	973	1558	3685	0	0.5746446091529236	0.5060171478374109	0.3333333333333333	0.5130777359008789	12.54389476776123	0.031045232070454256
cov10_n10_g0_s42_hotspots_p80_chr1	10	10	974	3121	6497	0	0.6924859885177111	0.6435991829014586	0.5384615384615384	0.6238347291946411	12.322047233581543	0.02654910518379473
cov10_n10_g0_s42_hotspots_p80_chr1	10	10	975	3802	9546	0	0.7282999356001097	0.6869080324104134	0.5384615384615384	0.6854041814804077	11.29085922241211	0.02536887271476734
cov10_n10_g0_s42_hotspots_p80_chr1	10	10	976	1616	3797	0	0.5682622528903547	0.49842940419711573	0.42857142857142855	0.5062443614006042	12.600194931030273	0.031247997686761602
cov10_n10_g0_s42_hotspots_p80_chr1	10	10	977	870	3121	0	0.6740780096194403	0.6238077955112952	0.5384615384615384	0.6274440288543701	11.541712760925293	0.027648110008883224
cov10_n10_g0_s42_hotspots_p80_chr1	10	10	978	1666	5074	0	0.5237570691058003	0.4499958649274598	0.25	0.4869517385959625	11.5687894821167	0.033363361464714865
cov10_n10_g0_s42_hotspots_p80_chr1	10	10	979	2566	5348	0	0.6657612850632484	0.6031305929702386	0.42857142857142855	0.4353729784488678	23.383747100830078	0.026384216576788376
cov10_n10_g0_s42_hotspots_p80_chr1	10	10	980	4094	6687	0	0.45869233696500344	0.36792805053594446	0.3333333333333333	0.39638039469718933	13.39117431640625	0.034532587480168575
cov10_n10_g0_s42_hotspots_p80_chr1	10	10	981	1376	4046	0	0.733952028768671	0.689712369430961	0.5384615384615384	0.6190319657325745	14.057536125183105	0.024323299810277074
cov10_n10_g0_s42_hotspots_p80_chr1	10	10	982	3887	8293	0	0.6865843456272469	0.6341322542024959	0.42857142857142855	0.581936776638031	13.919903755187988	0.026327795593084787
cov10_n10_g0_s42_hotspots_p80_chr1	10	10	983	1856	4038	0	0.5667455569422097	0.4924178894775918	0.3333333333333333	0.4751890301704407	14.224709510803223	0.030672136612655592
cov10_n10_g0_s42_hotspots_p80_chr1	10	10	984	1922	5881	0	0.6456283708059468	0.6045670594490214	0.5384615384615384	0.7595822215080261	7.224629878997803	0.03288216606875841
cov10_n10_g0_s42_hotspots_p80_chr1	10	10	985	1333	4433	0	0.5247698431776375	0.4701526369904239	0.25	0.6264314651489258	7.017632961273193	0.038277262271547444
cov10_n10_g0_s42_hotspots_p80_chr1	10	10	986	503	1449	0	0.4785149314819518	0.39040274833489974	0.3333333333333333	0.4101185202598572	13.61357593536377	0.033806874262628454
cov10_n10_g0_s42_hotspots_p80_chr1	10	10	987	1304	3757	0	0.6184157918346652	0.556569305624494	0.42857142857142855	0.548384964466095	12.717157363891602	0.029359184171960973
cov10_n10_g0_s42_hotspots_p80_chr1	10	10	988	2228	5213	0	0.7335924653328005	0.6879980310056849	0.5384615384615384	0.5854735970497131	15.699834823608398	0.024135093374461878
cov10_n10_g0_s42_hotspots_p80_chr1	10	10	989	2759	6126	0	0.6197732529467681	0.553559387377762	0.42857142857142855	0.5067690014839172	14.957035064697266	0.02861476213202617
cov10_n10_g0_s42_hotspots_p80_chr1	10	10	990	2565	6320	0	0.5875888518753758	0.5152732870449148	0.3333333333333333	0.4794720411300659	15.018288612365723	0.02972605565671272
cov10_n10_g0_s42_hotspots_p80_chr1	10	10	991	1967	6186	0	0.537625455321199	0.486630513675465	0.42857142857142855	0.6611875295639038	6.611658573150635	0.03856981827398484
cov10_n10_g0_s42_hotspots_p80_chr1	10	10	992	3183	7836	0	0.6008248995396582	0.537117262286748	0.5384615384615384	0.5417343378067017	12.30051040649414	0.030197387592342917
cov10_n10_g0_s42_hotspots_p80_chr1	10	10	993	2642	5519	0	0.7725398085101565	0.735694693696869	0.5384615384615384	0.669637143611908	13.309528350830078	0.022695463026754306
cov10_n10_g0_s42_hotspots_p80_chr1	10	10	994	2707	7126	0	0.6269223444404707	0.5690139633687296	0.42857142857142855	0.5806149244308472	11.658724784851074	0.029506288132017427
cov10_n10_g0_s42_hotspots_p80_chr1	10	10	995	2907	6765	0	0.8031489380992336	0.7729952621380558	0.5384615384615384	0.7483680248260498	11.517593383789062	0.021549389614028865
cov10_n10_g0_s42_hotspots_p80_chr1	10	10	996	3817	7764	0	0.5371173375494509	0.46448277817053985	0.3333333333333333	0.4931942820549011	11.860482215881348	0.032725133659695
cov10_n10_g0_s42_hotspots_p80_chr1	10	10	997	3055	5443	0	0.5355050709304239	0.45584793907339155	0.25	0.45052170753479004	14.12848949432373	0.03175583209333472
cov10_n10_g0_s42_hotspots_p80_chr1	10	10	998	3070	6223	0	0.4596406388007835	0.3619533265938208	0.17647058823529413	0.36917269229888916	15.501640319824219	0.03366651915315291
cov10_n10_g0_s42_hotspots_p80_chr1	10	10	999	3138	6212	0	0.5620196423032863	0.48088166125513143	0.42857142857142855	0.4321349859237671	16.91469383239746	0.030144070489083387
cov10_n10_g0_s42_hotspots_p80_chr1	10	10	1000	3480	7127	0	0.6097702474001762	0.5341568376798546	0.3333333333333333	0.4274362027645111	20.351194381713867	0.028206809580535338
cov10_n10_g0_s42_hotspots_p80_chr1	10	10	1001	2714	5900	0	0.4618896003073744	0.3583694441575565	0.25	0.3481767773628235	17.598546981811523	0.03301278575667615
cov10_n10_g0_s42_hotspots_p80_chr1	10	10	1002	2176	5032	0	0.7000539573470117	0.6474524123305937	0.5384615384615384	0.5473357439041138	16.358951568603516	0.02541197249319301
cov10_n10_g0_s42_hotspots_p80_chr1	10	10	1003	3761	8057	0	0.508163111397061	0.4203120238817379	0.25	0.41099628806114197	15.287286758422852	0.03225185486593816
cov10_n10_g0_s42_hotspots_p80_chr1	10	10	1004	2351	4446	0	0.7563205160369597	0.7160041350036025	0.42857142857142855	0.6365163326263428	14.118635177612305	0.02332517697057986
cov10_n10_g0_s42_hotspots_p80_chr1	10	10	1005	1787	4161	0	0.44587273275519423	0.34387753883720656	0.3333333333333333	0.3522879481315613	16.01866340637207	0.033906046148952616
cov10_n10_g0_s42_hotspots_p80_chr1	10	10	1006	800	2521	0	0.43587320763074044	0.3523588313335739	0.25	0.42238593101501465	10.64881706237793	0.036984786423261945
cov10_n10_g0_s42_hotspots_p80_chr1	10	10	1007	1391	4236	0	0.5873863351405573	0.5205917588260912	0.3333333333333333	0.5224001407623291	12.642735481262207	0.03054029686736423
cov10_n10_g0_s42_hotspots_p80_chr1	10	10	1008	1582	3423	0	0.6436725086106061	0.5807845634197638	0.3333333333333333	0.5138261318206787	15.692699432373047	0.027604048647949183
cov10_n10_g0_s42_hotspots_p80_chr1	10	10	1009	3121	7096	0	0.4507939616787362	0.3541022439346747	0.3333333333333333	0.3718857169151306	14.693904876708984	0.03421956381075056
cov10_n10_g0_s42_hotspots_p80_chr1	10	10	1010	2809	7367	0	0.7264040587396937	0.6798269916105589	0.42857142857142855	0.5902003049850464	15.14808464050293	0.02448848913194216
cov10_n10_g0_s42_hotspots_p80_chr1	10	10	1011	3439	7430	0	0.43584501198902204	0.3394906579854141	0.25	0.37048378586769104	13.839670181274414	0.035028435099844955
cov10_n10_g0_s42_hotspots_p80_chr1	10	10	1012	2999	6650	0	0.6054566324342547	0.5405797154004728	0.42857142857142855	0.5292652249336243	13.086370468139648	0.02969897363486974
cov10_n10_g0_s42_hotspots_p80_chr1	10	10	1013	3486	5705	0	0.5861880721482172	0.5039593877795762	0.3333333333333333	0.4022101163864136	21.24065589904785	0.028861198386263862
cov10_n10_g0_s42_hotspots_p80_chr1	10	10	1014	4025	7681	0	0.4173636686053116	0.3011301418288339	0.25	0.30566316843032837	18.644174575805664	0.03400430626441445
cov10_n10_g0_s42_hotspots_p80_chr1	10	10	1015	1701	3594	0	0.31521673690438745	0.21209128500767205	0.17647058823529413	0.30094343423843384	10.971063613891602	0.04045988414657443
cov10_n10_g0_s42_hotspots_p80_chr1	10	10	1016	1931	4028	0	0.502019368565217	0.40858259774142	0.25	0.38570085167884827	16.94102668762207	0.03199377403495085
cov10_n10_g0_s42_hotspots_p80_chr1	10	10	1017	3724	6436	0	0.42820530556243724	0.3079294638694624	0.25	0.2964455187320709	20.864805221557617	0.0332863515073966
cov10_n10_g0_s42_hotspots_p80_chr1	10	10	1018	3420	6404	0	0.4496080590157795	0.3444873332117654	0.3333333333333333	0.34215110540390015	17.267614364624023	0.033444293393488006
cov10_n10_g0_s42_hotspots_p80_chr1	10	10	1019	3282	7597	0	0.5934734950286642	0.5370285833703491	0.42857142857142855	0.6082296967506409	9.520668029785156	0.032285581753129025
cov10_n10_g0_s42_hotspots_p80_chr1	10	10	1020	3077	6763	0	0.6702338944518811	0.6178558127408966	0.42857142857142855	0.6052747368812561	12.261617660522461	0.0275000842877508
cov10_n10_g0_s42_hotspots_p80_chr1	10	10	1021	1593	4463	0	0.491036230808219	0.4263278947341703	0.3333333333333333	0.5419396162033081	8.209663391113281	0.03765298261433934
cov10_n10_g0_s42_hotspots_p80_chr1	10	10	1022	3113	6197	0	0.4559359269748861	0.39876261678012637	0.3333333333333333	0.5854653120040894	6.064642429351807	0.042982134724412896
cov10_n10_g0_s42_hotspots_p80_chr1	10	10	1023	1704	4829	0	0.5976555936291573	0.5344067103418454	0.42857142857142855	0.5470786690711975	11.934452056884766	0.03049083885600924
cov10_n10_g0_s42_hotspots_p80_chr1	10	10	1024	1490	4307	0	0.600205575169192	0.5217725998833731	0.42857142857142855	0.4152580797672272	20.891223907470703	0.0284638740255499
cov10_n10_g0_s42_hotspots_p80_chr1	10	10	1025	2436	5864	0	0.6051365913599764	0.535965577610871	0.25	0.4927460551261902	15.082056999206543	0.029102135367164883
cov10_n10_g0_s42_hotspots_p80_chr1	10	10	1026	2476	6410	0	0.6869832573067935	0.6425206823004205	0.42857142857142855	0.6904013752937317	9.901226043701172	0.028044008894246585
cov10_n10_g0_s42_hotspots_p80_chr1	10	10	1027	3279	6759	0	0.6254761812168417	0.5554412769867343	0.42857142857142855	0.461119681596756	18.399005889892578	0.02786728346517556
cov10_n10_g0_s42_hotspots_p80_chr1	10	10	1028	3261	5887	0	0.6770280861411446	0.6288760433416993	0.3333333333333333	0.6513073444366455	10.805415153503418	0.027902671757770517
cov10_n10_g0_s42_hotspots_p80_chr1	10	10	1029	3775	6692	0	0.7472725270457132	0.7096348146714472	0.5384615384615384	0.7191358804702759	10.797821998596191	0.02469415458810909
cov10_n10_g0_s42_hotspots_p80_chr1	10	10	1030	3093	7119	0	0.7071937520383027	0.6589622996901752	0.5384615384615384	0.6093481779098511	13.469325065612793	0.02558640734858923
cov10_n10_g0_s42_hotspots_p80_chr1	10	10	1031	4042	6836	0	0.5389720770607841	0.45673920633252646	0.3333333333333333	0.43480318784713745	15.365516662597656	0.03124903108250827
cov10_n10_g0_s42_hotspots_p80_chr1	10	10	1032	3244	5318	0	0.5628398863432398	0.4792434301485648	0.42857142857142855	0.41566595435142517	18.334997177124023	0.029876268876614837
cov10_n10_g0_s42_hotspots_p80_chr1	10	10	1033	1956	4123	0	0.5092539407997925	0.4208692372259738	0.25	0.40827369689941406	15.558438301086426	0.03213624598906899
cov10_n10_g0_s42_hotspots_p80_chr1	10	10	1034	218	687	0	0.4332097422701149	0.3422825682992214	0.25	0.39041849970817566	12.312199592590332	0.035905528580352515
cov10_n10_g0_s42_hotspots_p80_chr1	10	10	1035	2311	4560	0	0.46491012434320544	0.3696487240923344	0.25	0.3789437711238861	15.051801681518555	0.033661639184575896
cov10_n10_g0_s42_hotspots_p80_chr1	10	10	1036	4213	7711	0	0.34350316777021384	0.2379344502848446	0.3333333333333333	0.3093368411064148	12.330997467041016	0.038605224321043095
cov10_n10_g0_s42_hotspots_p80_chr1	10	10	1037	3556	6091	0	0.4581014380456531	0.37043784951634745	0.3333333333333333	0.4094606041908264	12.516968727111816	0.034999898485898906
cov10_n10_g0_s42_hotspots_p80_chr1	10	10	1038	3153	6776	0	0.5986760756264934	0.5333508550916949	0.3333333333333333	0.5291447639465332	12.800729751586914	0.03006068853147036
cov10_n10_g0_s42_hotspots_p80_chr1	10	10	1039	2795	5427	0	0.5407248846655536	0.4504929670916031	0.3333333333333333	0.38918349146842957	19.303848266601562	0.03040691625391672
cov10_n10_g0_s42_hotspots_p80_chr1	10	10	1040	2343	5416	0	0.5995631398302672	0.5221821471084184	0.3333333333333333	0.42664724588394165	19.74839973449707	0.02857174347592699
cov10_n10_g0_s42_hotspots_p80_chr1	10	10	1041	1502	4944	0	0.43670408323713983	0.34714537356373415	0.3333333333333333	0.3968016803264618	12.112323760986328	0.03591660460510844
cov10_n10_g0_s42_hotspots_p80_chr1	10	10	1042	2882	6341	0	0.5629871024876367	0.49292723945381905	0.3333333333333333	0.5060705542564392	12.37584114074707	0.03154133695706152
cov10_n10_g0_s42_hotspots_p80_chr1	10	10	1043	3712	6818	0	0.5326614860399208	0.44034827937585524	0.25	0.3820767104625702	19.43575668334961	0.030626012963275415
cov10_n10_g0_s42_hotspots_p80_chr1	10	10	1044	3489	6287	0	0.48122684299518803	0.3946184182167717	0.17647058823529413	0.4171900749206543	13.305517196655273	0.033859779995016916
cov10_n10_g0_s42_hotspots_p80_chr1	10	10	1045	3246	7802	0	0.5356873549633688	0.45554566467224766	0.3333333333333333	0.44766679406166077	14.319008827209473	0.03168277707215847
cov10_n10_g0_s42_hotspots_p80_chr1	10	10	1046	2825	5452	0	0.6608388250826345	0.5968580324357861	0.42857142857142855	0.4353885054588318	23.03759765625	0.026535260195903625
cov10_n10_g0_s42_hotspots_p80_chr1	10	10	1047	2666	5435	0	0.7631929594516615	0.7234393522776187	0.5384615384615384	0.6168514490127563	15.307618141174316	0.02290105554353234
cov10_n10_g0_s42_hotspots_p80_chr1	10	10	1048	4203	7755	0	0.5709982210292783	0.49007846007538663	0.25	0.4279349148273468	17.803855895996094	0.02970282459928408
cov10_n10_g0_s42_hotspots_p80_chr1	10	10	1049	3167	5953	0	0.5725793374997744	0.5015195569899005	0.25	0.4959700107574463	13.327863693237305	0.03078895418245914
cov10_n10_g0_s42_hotspots_p80_chr1	10	10	1050	3144	5242	0	0.6752268752872407	0.6196780593138952	0.42857142857142855	0.5573567748069763	14.676852226257324	0.02661370697671043
cov10_n10_g0_s42_hotspots_p80_chr1	10	10	1051	2484	5986	0	0.7453555823352359	0.7019374789107695	0.42857142857142855	0.5913587808609009	15.886381149291992	0.02363134822764036
cov10_n10_g0_s42_hotspots_p80_chr1	10	10	1052	786	2868	0	0.5510718789940783	0.4854108632190242	0.3333333333333333	0.5397211313247681	10.425040245056152	0.03316222839730897
cov10_n10_g0_s42_hotspots_p80_chr1	10	10	1053	1235	3651	0	0.4992801446506558	0.42346857723701925	0.25	0.47407659888267517	11.091532707214355	0.034522373675465505
cov10_n10_g0_s42_hotspots_p80_chr1	10	10	1054	2425	6263	0	0.4417532010168388	0.3391949994328412	0.17647058823529413	0.3498443365097046	15.94446086883545	0.0340493842423436
cov10_n10_g0_s42_hotspots_p80_chr1	10	10	1055	871	2622	0	0.54849095657013	0.45874574797593665	0.3333333333333333	0.387197881937027	20.066564559936523	0.030082089270783735
cov10_n10_g0_s42_hotspots_p80_chr1	10	10	1056	1940	4847	0	0.610023699856994	0.5414163542364241	0.42857142857142855	0.49364471435546875	15.270891189575195	0.028886657331154263
cov10_n10_g0_s42_hotspots_p80_chr1	10	10	1057	2531	5643	0	0.6397304758605634	0.5727263753642003	0.3333333333333333	0.4705520570278168	18.48326873779297	0.02738443410591256
cov10_n10_g0_s42_hotspots_p80_chr1	10	10	1058	717	2905	0	0.4341446522622159	0.37305679795336105	0.25	0.5470605492591858	6.2979350090026855	0.043210255081091345
cov10_n10_g0_s42_hotspots_p80_chr1	10	10	1059	1934	5904	0	0.6171429206071141	0.5471177762937366	0.42857142857142855	0.4733090400695801	17.001293182373047	0.02831899870518895
cov10_n10_g0_s42_hotspots_p80_chr1	10	10	1060	1819	4676	0	0.5216003568517051	0.4350965515375793	0.3333333333333333	0.41569244861602783	15.744598388671875	0.031696877824653115
cov10_n10_g0_s42_hotspots_p80_chr1	10	10	1061	1745	4789	0	0.6131229204245542	0.555131281681389	0.3333333333333333	0.5871363878250122	10.904786109924316	0.030470391933723865
cov10_n10_g0_s42_hotspots_p80_chr1	10	10	1062	1625	4777	0	0.3074958387829442	0.21655708378900698	0.3333333333333333	0.33085909485816956	8.63758373260498	0.04324368425593156
cov10_n10_g0_s42_hotspots_p80_chr1	10	10	1063	668	2653	0	0.49103644489835646	0.4139349992185787	0.3333333333333333	0.46604132652282715	11.101420402526855	0.03479768143783619
cov10_n10_g0_s42_hotspots_p80_chr1	10	10	1065	1182	2816	0	0.5800789767772482	0.5294989975380135	0.42857142857142855	0.6662986278533936	7.5794291496276855	0.0351205670000543
cov10_n10_g0_s42_hotspots_p80_chr1	10	10	1066	1338	5040	0	0.4176422502697223	0.3084504523419004	0.25	0.3250691592693329	16.506587982177734	0.03456299281157465
cov10_n10_g0_s42_hotspots_p80_chr1	10	10	1067	332	937	0	0.2694189170573758	0.13602655323482088	0.1111111111111111	0.2171756625175476	15.3898344039917	0.03897801227620143
cov10_n10_g0_s42_hotspots_p80_chr1	10	10	1068	2165	5011	0	0.40982401509973093	0.3186458256760536	0.3333333333333333	0.3823159635066986	11.490791320800781	0.03717576728830198
cov10_n10_g0_s42_hotspots_p80_chr1	10	10	1069	2298	5041	0	0.6514623580039354	0.6055704287435683	0.42857142857142855	0.6971038579940796	8.733407020568848	0.03063537389270769
cov10_n10_g0_s42_hotspots_p80_chr1	10	10	1070	968	2655	0	0.5624769852436218	0.5029079868602305	0.3333333333333333	0.5861474871635437	9.208643913269043	0.03379425385380634
cov10_n10_g0_s42_hotspots_p80_chr1	10	10	1071	495	1256	0	0.5461335151278451	0.4781652317165035	0.25	0.5236371159553528	10.877693176269531	0.03301587370293217
cov10_n10_g0_s42_hotspots_p80_chr1	10	10	1072	604	1491	0	0.530014547119241	0.45364472213702867	0.3333333333333333	0.4707435965538025	12.676716804504395	0.03254536405917621
cov10_n10_g0_s42_hotspots_p80_chr1	10	10	1073	1314	3948	0	0.46589189739420644	0.38462647725908355	0.25	0.4404899477958679	11.186606407165527	0.03558346284128434
cov10_n10_g0_s42_hotspots_p80_chr1	10	10	1074	3629	8972	0	0.5159449309382225	0.4282923889847905	0.3333333333333333	0.41089484095573425	15.766865730285645	0.031867928481509725
cov10_n10_g0_s42_hotspots_p80_chr1	10	10	1075	1812	4925	0	0.6158689180253714	0.5455741142323091	0.3333333333333333	0.4722462296485901	17.007465362548828	0.02836116716628784
cov10_n10_g0_s42_hotspots_p80_chr1	10	10	1076	857	2095	0	0.5065413259400835	0.41262509448312473	0.25	0.3827745020389557	17.5123233795166	0.03173084930277768
cov10_n10_g0_s42_hotspots_p80_chr1	10	10	1077	2574	6342	0	0.6043323594944492	0.5351653458181769	0.25	0.4934022128582001	15.002013206481934	0.02914988966599926
cov10_n10_g0_s42_hotspots_p80_chr1	10	10	1078	4033	8697	0	0.5126499364949075	0.4386445965098401	0.3333333333333333	0.48542627692222595	11.153093338012695	0.03401763979779585
cov10_n10_g0_s42_hotspots_p80_chr1	10	10	1079	2919	5733	0	0.4670920639151819	0.3762871974653283	0.25	0.39731475710868835	13.820877075195312	0.03407553302699908
cov10_n10_g0_s42_hotspots_p80_chr1	10	10	1080	582	1274	0	0.5027758284211605	0.41147279412027704	0.25	0.39528048038482666	16.178489685058594	0.032162549114679785
cov10_n10_g0_s42_hotspots_p80_chr1	10	10	1081	1284	4030	0	0.5723022645614279	0.5004370436822024	0.3333333333333333	0.4902871549129486	13.625423431396484	0.03068688436057584
cov10_n10_g0_s42_hotspots_p80_chr1	10	10	1082	2336	7160	0	0.7393787916534835	0.6999192070061987	0.6666666666666666	0.7000231742858887	11.15601921081543	0.0249081026970027
cov10_n10_g0_s42_hotspots_p80_chr1	10	10	1083	2289	4920	0	0.5084621639842127	0.41932888132641216	0.25	0.4047621488571167	15.780381202697754	0.032097001373099454
cov10_n10_g0_s42_hotspots_p80_chr1	10	10	1084	991	2913	0	0.4916566426510443	0.40635582196639436	0.25	0.42393428087234497	13.450140953063965	0.03345926906276524
cov10_n10_g0_s42_hotspots_p80_chr1	10	10	1085	860	2249	0	0.5727392042810033	0.5263536979094886	0.3333333333333333	0.7100592255592346	6.506158351898193	0.03736453436684409
cov10_n10_g0_s42_hotspots_p80_chr1	10	10	1086	1118	2987	0	0.6503811666295845	0.5946011282776291	0.3333333333333333	0.5852434635162354	12.349882125854492	0.028267414776903733
cov10_n10_g0_s42_hotspots_p80_chr1	10	10	1087	2544	4747	0	0.5378185952236473	0.43329704804925073	0.3333333333333333	0.2859836220741272	35.36628341674805	0.029807466061690633
cov10_n10_g0_s42_hotspots_p80_chr1	10	10	1088	220	720	0	0.5570465487624435	0.4842289204870776	0.3333333333333333	0.4885384142398834	13.001263618469238	0.03146583962412564
cov10_n10_g0_s42_hotspots_p80_chr1	10	10	1089	216	733	0	0.24178002754522337	0.1635972948340763	0.1111111111111111	0.32052212953567505	5.690163612365723	0.05143411360760893
cov10_n10_g0_s42_hotspots_p80_chr1	10	10	1090	255	662	0	0.40642570613880336	0.35700296893101036	0.25	0.623611330986023	4.247509479522705	0.051321268070588406
cov10_n10_g0_s42_hotspots_p80_chr1	10	10	1091	311	719	0	0.30986595814955475	0.2546328325607209	0.17647058823529413	0.4999993145465851	3.8406875133514404	0.057049341419020974
cov10_n10_g0_s42_hotspots_p80_chr1	10	10	1092	112	894	1	0.5149206263920374	0.4510759231192915	0.42857142857142855	0.5521437525749207	8.697134971618652	0.03615100964759705
cov10_n10_g0_s42_hotspots_p80_chr1	10	10	1093	931	2535	0	0.4761867963720182	0.40207505153651973	0.25	0.48021432757377625	9.832962989807129	0.03634141322358439
cov10_n10_g0_s42_hotspots_p80_chr1	10	10	1094	1897	4801	0	0.6196018821585659	0.5601180159181246	0.42857142857142855	0.5697745084762573	11.825496673583984	0.029708615244771332
cov10_n10_g0_s42_hotspots_p80_chr1	10	10	1095	189	647	1	0.3042545534626638	0.18924962063333545	0.17647058823529413	0.2675072252750397	12.936095237731934	0.03933853688811043
cov10_n10_g0_s42_hotspots_p80_chr1	10	10	1096	122	498	1	0.3968023093783207	0.33298882701373267	0.17647058823529413	0.509433388710022	6.06699275970459	0.0451303131601088
cov10_n10_g0_s42_hotspots_p80_chr1	10	10	1097	1119	2504	0	0.6865693079881652	0.6366795231147413	0.5384615384615384	0.6179213523864746	12.345319747924805	0.02679040823225301
cov10_n10_g0_s42_hotspots_p80_chr1	10	10	1098	1562	4485	0	0.6637564121371056	0.6135559920215875	0.5384615384615384	0.6377724409103394	10.831432342529297	0.0284537790370159
cov10_n10_g0_s42_hotspots_p80_chr1	10	10	1099	1255	2856	0	0.5170859847335848	0.4265230648468553	0.3333333333333333	0.39629262685775757	17.025253295898438	0.03151938961632699
cov10_n10_g0_s42_hotspots_p80_chr1	10	10	1100	2140	4632	0	0.5374316360048796	0.4678138597992998	0.42857142857142855	0.5129795670509338	10.976058006286621	0.03326249515156906
cov10_n10_g0_s42_hotspots_p80_chr1	10	10	1101	2801	6644	0	0.6824198016132661	0.6292185360896444	0.42857142857142855	0.5781938433647156	13.930168151855469	0.026492424188640215
cov10_n10_g0_s42_hotspots_p80_chr1	10	10	1102	2498	6548	0	0.5107915150820043	0.42754059266756156	0.3333333333333333	0.43391183018684387	13.8574857711792	0.032668945054972386
cov10_n10_g0_s42_hotspots_p80_chr1	10	10	1103	1197	2900	0	0.5489346913314513	0.4772146207012231	0.25	0.49761056900024414	12.169201850891113	0.032142755349141044
cov10_n10_g0_s42_hotspots_p80_chr1	10	10	1104	2984	5483	0	0.4832033666267963	0.39060778017294295	0.17647058823529413	0.39065372943878174	15.299456596374512	0.03302102731968042
cov10_n10_g0_s42_hotspots_p80_chr1	10	10	1105	731	1671	0	0.45497481874716955	0.3579734513906103	0.25	0.37126803398132324	15.017568588256836	0.0339733482822731
cov10_n10_g0_s42_hotspots_p80_chr1	10	10	1106	2441	5874	0	0.5195608638533258	0.4440955027855714	0.25	0.47677290439605713	11.87544059753418	0.03332656942240445
cov10_n10_g0_s42_hotspots_p80_chr1	10	10	1107	3195	6894	0	0.4725454802851168	0.3871177039311214	0.25	0.4217558205127716	12.553503036499023	0.03451591477785988
cov10_n10_g0_s42_hotspots_p80_chr1	10	10	1108	423	851	0	0.28867089365575677	0.10490573511388768	0.1111111111111111	0.1721099615097046	28.131567001342773	0.03555370259757767
cov10_n10_g0_s42_hotspots_p80_chr1	10	10	1109	2985	5440	0	0.3642529017046997	0.23103307727902495	0.17647058823529413	0.25685086846351624	20.111480712890625	0.035062920473981886
cov10_n10_g0_s42_hotspots_p80_chr1	10	10	1110	3442	6392	0	0.6143664531673898	0.5536667751248312	0.42857142857142855	0.5613870024681091	11.976509094238281	0.02983692746571902
cov10_n10_g0_s42_hotspots_p80_chr1	10	10	1111	244	1017	0	0.535174737326748	0.4686639176825231	0.3333333333333333	0.5344192981719971	10.028291702270508	0.03406501500794463
cov10_n10_g0_s42_hotspots_p80_chr1	10	10	1112	2265	5106	0	0.5916551805814831	0.5182243856873333	0.3333333333333333	0.468086302280426	15.976640701293945	0.029362842217969195
cov10_n10_g0_s42_hotspots_p80_chr1	10	10	1113	2660	5487	0	0.6919683627205819	0.6382886205835362	0.42857142857142855	0.550900399684906	15.777068138122559	0.025788333581308217
cov10_n10_g0_s42_hotspots_p80_chr1	10	10	1114	1862	3007	0	0.573381090197754	0.5007056727686955	0.25	0.4840624928474426	14.030847549438477	0.03050799688805815
cov10_n10_g0_s42_hotspots_p80_chr1	10	10	1115	1476	2831	0	0.535825634805713	0.4597396019019382	0.3333333333333333	0.4717560410499573	12.900664329528809	0.03224208837935088
cov10_n10_g0_s42_hotspots_p80_chr1	10	10	1116	3532	6440	0	0.36510463605085486	0.2575677263819267	0.25	0.3136006295681	13.554417610168457	0.03725865002984045
cov10_n10_g0_s42_hotspots_p80_chr1	10	10	1117	3463	6110	0	0.40884966340767087	0.2978901812865237	0.25	0.3181998133659363	16.509254455566406	0.03480878630825578
cov10_n10_g0_s42_hotspots_p80_chr1	10	10	1118	1627	4198	0	0.6096625038766095	0.566497129803959	0.42857142857142855	0.7433434724807739	6.72666597366333	0.03535416580968029
cov10_n10_g0_s42_hotspots_p80_chr1	10	10	1119	1174	2763	0	0.6311194648511527	0.5680468885034446	0.25	0.5264869332313538	14.369709014892578	0.02834904073978
cov10_n10_g0_s42_hotspots_p80_chr1	10	10	1120	3	3	1	0.22360680157584636	0.18156825980063976	0.1111111111111111	0.5	2.0	0.07905694150420949
cov10_n10_g0_s42_hotspots_p80_chr1	10	10	1121	1470	4164	0	0.43237465071203646	0.34754357866462043	0.25	0.41548529267311096	10.829517364501953	0.03695320660368352
cov10_n10_g0_s42_hotspots_p80_chr1	10	10	1122	1740	4292	0	0.6222919743420774	0.5586922135180539	0.3333333333333333	0.5291905403137207	13.828156471252441	0.028826662035657088
cov10_n10_g0_s42_hotspots_p80_chr1	10	10	1123	3376	6890	0	0.697242934451157	0.6434854946740488	0.42857142857142855	0.5316555500030518	17.199169158935547	0.025448777923998522
cov10_n10_g0_s42_hotspots_p80_chr1	10	10	1124	2627	6267	0	0.6598660324662994	0.5959674859851761	0.3333333333333333	0.45638278126716614	20.905139923095703	0.026589136267850498
cov10_n10_g0_s42_hotspots_p80_chr1	10	10	1125	1258	3059	0	0.5613156835639193	0.48289052641846075	0.3333333333333333	0.45007193088531494	15.554302215576172	0.030470583481016205
cov10_n10_g0_s42_hotspots_p80_chr1	10	10	1126	1643	3803	0	0.4387707217884308	0.3459624979743456	0.42857142857142855	0.38442301750183105	13.027363777160645	0.03533357093815275
cov10_n10_g0_s42_hotspots_p80_chr1	10	10	1127	538	1505	0	0.48539036524176576	0.3945044214914303	0.17647058823529413	0.398074746131897	14.868017196655273	0.03309900228425772
cov10_n10_g0_s42_hotspots_p80_chr1	10	10	1129	2	4	1	0.19069252181239205	0.0685962060761977	0.05263157894736842	0.1818181872367859	11.0	0.043952454265993195
cov10_n10_g0_s42_hotspots_p80_chr1	10	10	1131	1225	3583	0	0.7349911289743287	0.6976602553249589	0.5384615384615384	0.74393630027771	9.76096248626709	0.025899239335411283
cov10_n10_g0_s42_hotspots_p80_chr1	10	10	1132	1246	3473	0	0.46273968887533057	0.3806548103858687	0.25	0.4358783960342407	11.270490646362305	0.035628569122710514
cov10_n10_g0_s42_hotspots_p80_chr1	10	10	1133	434	996	0	0.3755846548413305	0.2484583862995094	0.25	0.2716316282749176	19.118553161621094	0.03499623007719546
cov10_n10_g0_s42_hotspots_p80_chr1	10	10	1134	1260	2045	0	0.39629750876856396	0.29960783720597456	0.25	0.35790708661079407	12.260326385498047	0.03707803772166806
cov10_n10_g0_s42_hotspots_p80_chr1	10	10	1135	1791	4125	0	0.551482536049042	0.46957735718553556	0.3333333333333333	0.43240249156951904	16.2662410736084	0.030617912829026848
cov10_n10_g0_s42_hotspots_p80_chr1	10	10	1136	2039	4428	0	0.6856054155046084	0.6331676648605049	0.42857142857142855	0.5838033556938171	13.791621208190918	0.02639770886589638
cov10_n10_g0_s42_hotspots_p80_chr1	10	10	1137	2028	5219	0	0.5313868287867065	0.4516027217701236	0.25	0.450532466173172	13.911355018615723	0.031972103596886216
cov10_n10_g0_s42_hotspots_p80_chr1	10	10	1138	1419	3632	0	0.6171371085849321	0.5525342927670079	0.42857142857142855	0.523903489112854	13.87588882446289	0.029001458594017707
cov10_n10_g0_s42_hotspots_p80_chr1	10	10	1139	1796	4016	0	0.7200343483864308	0.6781504959734503	0.5384615384615384	0.6901130676269531	10.88593864440918	0.02594200247491626
cov10_n10_g0_s42_hotspots_p80_chr1	10	10	1140	1388	3826	0	0.5204144071149315	0.4423368277427038	0.3333333333333333	0.4615286886692047	12.714557647705078	0.03285275334045714
cov10_n10_g0_s42_hotspots_p80_chr1	10	10	1141	1611	4679	0	0.6590843249577791	0.6057219531015384	0.42857142857142855	0.6047030091285706	11.879487037658691	0.028115412120694357
cov10_n10_g0_s42_hotspots_p80_chr1	10	10	1142	830	1771	0	0.33211052148305437	0.23902329602615122	0.25	0.3393422067165375	9.578322410583496	0.04131191909470476
cov10_n10_g0_s42_hotspots_p80_chr1	10	10	1143	1979	5253	0	0.580620467435947	0.5159308646886666	0.42857142857142855	0.5414642691612244	11.498601913452148	0.031359655603470475
cov10_n10_g0_s42_hotspots_p80_chr1	10	10	1144	1087	3140	0	0.7679888616567657	0.7293476652306636	0.5384615384615384	0.630785346031189	14.823363304138184	0.02272223805652849
cov10_n10_g0_s42_hotspots_p80_chr1	10	10	1145	2788	5764	0	0.6858354142320889	0.6286034484749741	0.42857142857142855	0.4940834045410156	19.268117904663086	0.025759106317881048
cov10_n10_g0_s42_hotspots_p80_chr1	10	10	1146	2577	5658	0	0.670108333972142	0.6170961949531539	0.42857142857142855	0.5975626111030579	12.575439453125	0.027387852594181066
cov10_n10_g0_s42_hotspots_p80_chr1	10	10	1147	1401	2628	0	0.5012606349426685	0.40922794638514814	0.25	0.3921278715133667	16.34073829650879	0.032165813267279963
cov10_n10_g0_s42_hotspots_p80_chr1	10	10	1148	2284	5085	0	0.6029094343732914	0.5296942560479313	0.3333333333333333	0.45998916029930115	17.1794376373291	0.02876875338345094
cov10_n10_g0_s42_hotspots_p80_chr1	10	10	1149	2093	4646	0	0.7130846929572082	0.6689132649481442	0.5384615384615384	0.6641773581504822	11.52694320678711	0.025960981317372032
cov10_n10_g0_s42_hotspots_p80_chr1	10	10	1150	2102	5500	0	0.7042432274192535	0.664624118777253	0.6666666666666666	0.7427976131439209	8.988855361938477	0.027993159541281995
cov10_n10_g0_s42_hotspots_p80_chr1	10	10	1151	1640	4727	0	0.6034142031594772	0.536994183631552	0.3333333333333333	0.5173012614250183	13.606417655944824	0.02958768050629619
cov10_n10_g0_s42_hotspots_p80_chr1	10	10	1152	2734	6919	0	0.6647887835730726	0.6095928011234407	0.3333333333333333	0.5769782066345215	13.275426864624023	0.027370489932660096
cov10_n10_g0_s42_hotspots_p80_chr1	10	10	1153	1702	5043	0	0.6102913310321644	0.5429878753189209	0.3333333333333333	0.5049238801002502	14.609074592590332	0.029040023330938254
cov10_n10_g0_s42_hotspots_p80_chr1	10	10	1154	2000	4357	0	0.6830308746174506	0.6264844282863758	0.42857142857142855	0.5236891508102417	17.01114273071289	0.02599210568750212
cov10_n10_g0_s42_hotspots_p80_chr1	10	10	1155	2114	4634	0	0.5771811979872327	0.503055989679362	0.3333333333333333	0.4718996286392212	14.9597749710083	0.030096926154337563
cov10_n10_g0_s42_hotspots_p80_chr1	10	10	1156	1068	3215	0	0.5565960474688015	0.4841944557425894	0.3333333333333333	0.491457998752594	12.826478958129883	0.03155790788802969
cov10_n10_g0_s42_hotspots_p80_chr1	10	10	1157	751	2343	0	0.6733030422415099	0.6152833167472624	0.3333333333333333	0.5247494578361511	16.46331214904785	0.026408150396959016
cov10_n10_g0_s42_hotspots_p80_chr1	10	10	1158	714	2016	0	0.4496157846765995	0.36320939673109354	0.25	0.4132174551486969	11.83929443359375	0.035675797989973536
cov10_n10_g0_s42_hotspots_p80_chr1	10	10	1159	706	1795	0	0.5106892674811971	0.44058801740560827	0.25	0.5094148516654968	10.05009651184082	0.03493181989121922
cov10_n10_g0_s42_hotspots_p80_chr1	10	10	1160	1624	3323	0	0.5585389596932087	0.4901785770230215	0.3333333333333333	0.5191388726234436	11.575501441955566	0.032125062770042435
cov10_n10_g0_s42_hotspots_p80_chr1	10	10	1161	2527	4885	0	0.6431969980853491	0.5794205539188242	0.3333333333333333	0.5042514204978943	16.270233154296875	0.02752536379860583
cov10_n10_g0_s42_hotspots_p80_chr1	10	10	1162	1349	2978	0	0.46817686362701333	0.3714506257949467	0.17647058823529413	0.3734283447265625	15.718292236328125	0.03334187960695833
cov10_n10_g0_s42_hotspots_p80_chr1	10	10	1163	1502	3884	0	0.6265425265024175	0.5649241614884843	0.3333333333333333	0.5447638630867004	13.227707862854004	0.028863064315501254
cov10_n10_g0_s42_hotspots_p80_chr1	10	10	1164	1247	3449	0	0.4735209646472515	0.4115402413780954	0.3333333333333333	0.5562466979026794	7.246752738952637	0.039803185380859855
cov10_n10_g0_s42_hotspots_p80_chr1	10	10	1165	1670	3064	0	0.4185397152175718	0.3048423033074644	0.25	0.31261304020881653	17.924999237060547	0.03414406965949798
cov10_n10_g0_s42_hotspots_p80_chr1	10	10	1166	2015	4194	0	0.6788288103168905	0.6354175872953259	0.42857142857142855	0.7111073732376099	9.11276626586914	0.029050536241242292
cov10_n10_g0_s42_hotspots_p80_chr1	10	10	1167	2999	6644	0	0.4409486909386304	0.3496714528954124	0.25	0.39092111587524414	12.723243713378906	0.03542811181318831
cov10_n10_g0_s42_hotspots_p80_chr1	10	10	1168	2167	4913	0	0.46231624247979625	0.3758292599540616	0.25	0.41538986563682556	12.38701057434082	0.03493775877440826
cov10_n10_g0_s42_hotspots_p80_chr1	10	10	1169	1216	3517	0	0.36503321204133454	0.2740519724049067	0.25	0.3640788197517395	10.052496910095215	0.039790390297006276
cov10_n10_g0_s42_hotspots_p80_chr1	10	10	1170	2125	4647	0	0.5558414047609489	0.4762453434879995	0.3333333333333333	0.44489583373069763	15.609360694885254	0.030635958582539376
cov10_n10_g0_s42_hotspots_p80_chr1	10	10	1171	1101	3982	0	0.6277008673355088	0.5687009431601489	0.3333333333333333	0.5694020986557007	12.152547836303711	0.02924184830525703
cov10_n10_g0_s42_hotspots_p80_chr1	10	10	1172	1092	2840	0	0.6478227910537675	0.5861191882984538	0.25	0.5216688513755798	15.421359062194824	0.02750258137384796
cov10_n10_g0_s42_hotspots_p80_chr1	10	10	1173	2081	6283	0	0.7015434130743207	0.6521841513171134	0.3333333333333333	0.6020140051841736	13.579878807067871	0.025796208811520713
cov10_n10_g0_s42_hotspots_p80_chr1	10	10	1174	1827	4088	0	0.5658111053235737	0.5055419015161128	0.3333333333333333	0.5800422430038452	9.515328407287598	0.03337011321912912
cov10_n10_g0_s42_hotspots_p80_chr1	10	10	1175	1786	4863	0	0.642368722265459	0.5836815956555114	0.3333333333333333	0.5610520243644714	13.108787536621094	0.028300685057891302
cov10_n10_g0_s42_hotspots_p80_chr1	10	10	1176	2952	7451	0	0.6928580295507697	0.6477534754377753	0.3333333333333333	0.6759268641471863	10.507251739501953	0.02738315840668667
cov10_n10_g0_s42_hotspots_p80_chr1	10	10	1177	3511	7668	0	0.707279685238045	0.6588296754281111	0.42857142857142855	0.6055150032043457	13.643712043762207	0.025541837093603758
cov10_n10_g0_s42_hotspots_p80_chr1	10	10	1178	1629	4585	0	0.7382599399077022	0.6935673162787118	0.5384615384615384	0.5893213152885437	15.6933012008667	0.02394190802299685
cov10_n10_g0_s42_hotspots_p80_chr1	10	10	1179	2595	6669	0	0.8138079488317846	0.7858593141331174	0.6666666666666666	0.7756130695343018	11.009147644042969	0.02112786981754999
cov10_n10_g0_s42_hotspots_p80_chr1	10	10	1180	2762	7840	0	0.583250218400843	0.5153009466880009	0.42857142857142855	0.5150721073150635	12.822529792785645	0.030613171504359146
cov10_n10_g0_s42_hotspots_p80_chr1	10	10	1181	3081	7845	0	0.6390688624607005	0.5869027494917661	0.5384615384615384	0.6325342059135437	10.207684516906738	0.029886986684735425
cov10_n10_g0_s42_hotspots_p80_chr1	10	10	1182	2943	6282	0	0.728352957369277	0.6868391668291487	0.5384615384615384	0.6832404136657715	11.364143371582031	0.025334757178424705
cov10_n10_g0_s42_hotspots_p80_chr1	10	10	1183	2508	7031	0	0.511058194165451	0.43966149805115146	0.3333333333333333	0.5012794733047485	10.393954277038574	0.034632693405432104
cov10_n10_g0_s42_hotspots_p80_chr1	10	10	1184	1815	5065	0	0.6671536643361191	0.6291956266852498	0.5384615384615384	0.7918881773948669	7.097804546356201	0.03211522175698063
cov10_n10_g0_s42_hotspots_p80_chr1	10	10	1185	206	615	0	0.11359250891778014	0.02346195180392491	0.1111111111111111	0.15365494787693024	5.465202808380127	0.05615211992731738
cov10_n10_g0_s42_hotspots_p80_chr1	10	10	1186	1290	3288	0	0.49808376952839994	0.43844073022719116	0.25	0.5802149176597595	7.369314193725586	0.03867409829620224
cov10_n10_g0_s42_hotspots_p80_chr1	10	10	1187	2170	4737	0	0.5813670354949737	0.5011698475233844	0.3333333333333333	0.4245474338531494	18.752031326293945	0.029244243409705488
cov10_n10_g0_s42_hotspots_p80_chr1	10	10	1188	2344	4862	0	0.5204603792581327	0.4583101738235899	0.3333333333333333	0.5651857852935791	8.479944229125977	0.03620914315202677
cov10_n10_g0_s42_hotspots_p80_chr1	10	10	1189	2255	5488	0	0.5536018588244028	0.49201978731213253	0.42857142857142855	0.5705356001853943	9.415199279785156	0.033930832540015644
cov10_n10_g0_s42_hotspots_p80_chr1	10	10	1190	2588	6068	0	0.6424542676980792	0.5833232019627053	0.3333333333333333	0.5562611222267151	13.339116096496582	0.02822128329329722
cov10_n10_g0_s42_hotspots_p80_chr1	10	10	1191	2375	5127	0	0.4825380424480278	0.40579477852814555	0.17647058823529413	0.4668215811252594	10.684673309326172	0.03539556536099326
cov10_n10_g0_s42_hotspots_p80_chr1	10	10	1192	834	1812	0	0.5611448240426374	0.4822671544831938	0.3333333333333333	0.4472072422504425	15.744624137878418	0.030428665229986173
cov10_n10_g0_s42_hotspots_p80_chr1	10	10	1193	2527	7234	0	0.4027740264546007	0.291041234914171	0.17647058823529413	0.3146573007106781	16.38503074645996	0.03501782684638558
cov10_n10_g0_s42_hotspots_p80_chr1	10	10	1194	1642	4925	0	0.5093519489251166	0.43442581887696124	0.3333333333333333	0.47984224557876587	11.267794609069824	0.03405511310837493
cov10_n10_g0_s42_hotspots_p80_chr1	10	10	1195	2806	7793	0	0.6494911762001587	0.5884440574504447	0.42857142857142855	0.5270053744316101	15.188551902770996	0.027485900888879426
cov10_n10_g0_s42_hotspots_p80_chr1	10	10	1196	1736	3624	0	0.23028042492419887	0.11463929471761654	0.25	0.22034952044487	10.92169189453125	0.04293760284443501
cov10_n10_g0_s42_hotspots_p80_chr1	10	10	1197	3089	6310	0	0.6627982836587297	0.6014810167497582	0.25	0.4983854293823242	17.686100006103516	0.026660947291369457
cov10_n10_g0_s42_hotspots_p80_chr1	10	10	1198	2761	5307	0	0.6135749055390178	0.5476271823314689	0.3333333333333333	0.5144357085227966	14.225675582885742	0.029027635412614987
cov10_n10_g0_s42_hotspots_p80_chr1	10	10	1199	3787	7839	0	0.5075335701541914	0.3976323299677953	0.17647058823529413	0.31249698996543884	26.37775421142578	0.030702470204965134
cov10_n10_g0_s42_hotspots_p80_chr1	10	10	1200	2697	6633	0	0.6320630426955115	0.5853457579184723	0.3333333333333333	0.6960608959197998	8.245675086975098	0.03202801755025519
cov10_n10_g0_s42_hotspots_p80_chr1	10	10	1201	3795	8584	0	0.6011412027446128	0.5339570578897598	0.3333333333333333	0.5122607946395874	13.771169662475586	0.02961488718332083
cov10_n10_g0_s42_hotspots_p80_chr1	10	10	1202	3216	7183	0	0.5762365286094498	0.49784669992617264	0.3333333333333333	0.4419965445995331	16.996667861938477	0.029672325506732856
cov10_n10_g0_s42_hotspots_p80_chr1	10	10	1203	3970	8598	0	0.6037192294488465	0.5324054641738145	0.25	0.4756154417991638	16.112321853637695	0.028926893940273663
cov10_n10_g0_s42_hotspots_p80_chr1	10	10	1204	4148	8102	0	0.6555112940813095	0.5923401900253943	0.3333333333333333	0.4881415069103241	18.03304100036621	0.026885282135430316
cov10_n10_g0_s42_hotspots_p80_chr1	10	10	1205	2966	6793	0	0.4339113631806652	0.34353999482368663	0.25	0.392806738615036	12.202369689941406	0.03594960823996437
cov10_n10_g0_s42_hotspots_p80_chr1	10	10	1206	2160	5277	0	0.6009719338557428	0.5362760575476485	0.42857142857142855	0.5332648158073425	12.700551986694336	0.030017450077278407
cov10_n10_g0_s42_hotspots_p80_chr1	10	10	1207	1500	4287	0	0.4573614203516768	0.361225636037377	0.25	0.3748195469379425	14.889310836791992	0.033948188184868895
cov10_n10_g0_s42_hotspots_p80_chr1	10	10	1208	1571	4504	0	0.529805793388304	0.45019581730169844	0.3333333333333333	0.4517819881439209	13.752306938171387	0.03208556510585231
cov10_n10_g0_s42_hotspots_p80_chr1	10	10	1209	2893	6431	0	0.6278085821478944	0.5724575067665603	0.42857142857142855	0.605557918548584	10.748382568359375	0.02998451306091581
cov10_n10_g0_s42_hotspots_p80_chr1	10	10	1210	457	1126	0	0.5482382087150899	0.48340969809118794	0.42857142857142855	0.5460795760154724	10.079216003417969	0.03354067640028881
cov10_n10_g0_s42_hotspots_p80_chr1	10	10	1211	3	9	1	0.18257417570343107	0.1243411828254981	0.1111111111111111	0.3333333432674408	2.999999761581421	0.06770032168941854
cov10_n10_g0_s42_hotspots_p80_chr1	10	10	1212	1766	4462	0	0.541173498704694	0.46545835501819394	0.25	0.47319746017456055	13.079412460327148	0.03197978562524426
cov10_n10_g0_s42_hotspots_p80_chr1	10	10	1213	1390	3481	0	0.6324085910069355	0.5640748742181243	0.3333333333333333	0.46851086616516113	18.220325469970703	0.027654470741294266
cov10_n10_g0_s42_hotspots_p80_chr1	10	10	1214	1885	4186	0	0.4457441415203642	0.3496266045847412	0.25	0.37324291467666626	14.262251853942871	0.03454463972428303
cov10_n10_g0_s42_hotspots_p80_chr1	10	10	1215	3487	7930	0	0.4691595841753045	0.3837124219399411	0.3333333333333333	0.42119455337524414	12.407256126403809	0.03470574265954312
cov10_n10_g0_s42_hotspots_p80_chr1	10	10	1216	1798	5144	0	0.42625157503916195	0.33551303041226777	0.25	0.3892425298690796	11.991994857788086	0.03632155992849135
cov10_n10_g0_s42_hotspots_p80_chr1	10	10	1217	251	698	0	0.38763257460068046	0.28611066695241744	0.25	0.3393075466156006	13.051291465759277	0.036871273666891045
cov10_n10_g0_s42_hotspots_p80_chr1	10	10	1218	3085	7639	0	0.698751513656238	0.6450109841412872	0.42857142857142855	0.5248476266860962	17.724708557128906	0.02535963827100197
cov10_n10_g0_s42_hotspots_p80_chr1	10	10	1219	2988	7100	0	0.6984689456826184	0.6451394057462767	0.42857142857142855	0.5368505120277405	16.927291870117188	0.02542294597467283
cov10_n10_g0_s42_hotspots_p80_chr1	10	10	1220	1872	4485	0	0.5479357012626495	0.4712280363988662	0.3333333333333333	0.46556970477104187	13.851276397705078	0.03144073268944435
cov10_n10_g0_s42_hotspots_p80_chr1	10	10	1221	1885	4690	0	0.6260011834098343	0.5538461555159386	0.25	0.4329797923564911	20.903310775756836	0.027668428306148973
cov10_n10_g0_s42_hotspots_p80_chr1	10	10	1222	900	3614	0	0.4447520566779607	0.3502390531894471	0.25	0.37911078333854675	13.762700080871582	0.03479188173784451
cov10_n10_g0_s42_hotspots_p80_chr1	10	10	1223	1303	3888	0	0.5142254309957754	0.4250114945583918	0.25	0.40347275137901306	16.24346351623535	0.031793998893735735
cov10_n10_g0_s42_hotspots_p80_chr1	10	10	1224	2041	5352	0	0.5410104516771576	0.4614092510690878	0.25	0.44963493943214417	14.47741985321045	0.031453556127451064
cov10_n10_g0_s42_hotspots_p80_chr1	10	10	1225	1443	3403	0	0.5415698736840915	0.5005557575026742	0.3333333333333333	0.7682359218597412	4.969581604003906	0.04295011887667853
cov10_n10_g0_s42_hotspots_p80_chr1	10	10	1226	2163	5115	0	0.6263933809098388	0.5613804098722087	0.3333333333333333	0.5119079947471619	14.97305965423584	0.02837362888245774
cov10_n10_g0_s42_hotspots_p80_chr1	10	10	1227	2683	4907	0	0.6822356525219669	0.6321711227235338	0.5384615384615384	0.6210370659828186	12.067956924438477	0.027077816082475933
cov10_n10_g0_s42_hotspots_p80_chr1	10	10	1228	335	797	0	0.47947304433448257	0.38646907162256616	0.17647058823529413	0.3888797461986542	15.201892852783203	0.033167251136382955
cov10_n10_g0_s42_hotspots_p80_chr1	10	10	1229	988	2611	0	0.5135070485298012	0.44724046302611387	0.3333333333333333	0.5350101590156555	9.212311744689941	0.03562799806813458
cov10_n10_g0_s42_hotspots_p80_chr1	10	10	1230	1434	3063	0	0.44310097380914654	0.33513990215066664	0.17647058823529413	0.33248502016067505	17.7607479095459	0.03350502424585217
cov10_n10_g0_s42_hotspots_p80_chr1	10	10	1231	2647	6869	0	0.7870134932545785	0.7523349337101448	0.5384615384615384	0.6701525449752808	13.791675567626953	0.021930856325999934
cov10_n10_g0_s42_hotspots_p80_chr1	10	10	1232	1700	4685	0	0.6345270675608602	0.5711876730600629	0.42857142857142855	0.5202444791793823	14.87597370147705	0.028101068181434808
cov10_n10_g0_s42_hotspots_p80_chr1	10	10	1233	2188	5506	0	0.6895786255460619	0.6399202007622713	0.42857142857142855	0.6170408725738525	12.48934555053711	0.026612983758615122
cov10_n10_g0_s42_hotspots_p80_chr1	10	10	1234	1570	4108	0	0.45891329514701706	0.3735324023257274	0.25	0.4197413921356201	11.953573226928711	0.03530381001487785
cov10_n10_g0_s42_hotspots_p80_chr1	10	10	1235	1409	4673	0	0.5321251085066828	0.44893586047598566	0.3333333333333333	0.4311631917953491	15.231555938720703	0.031508043510787634
cov10_n10_g0_s42_hotspots_p80_chr1	10	10	1236	2450	4743	0	0.6869390131065164	0.6313427153083153	0.42857142857142855	0.5296772718429565	16.81952476501465	0.02586485586955016
cov10_n10_g0_s42_hotspots_p80_chr1	10	10	1237	1572	4959	0	0.4733698789163637	0.36811949888019785	0.17647058823529413	0.3417454659938812	19.186498641967773	0.03235948346686474
cov10_n10_g0_s42_hotspots_p80_chr1	10	10	1238	1956	5506	0	0.593117901461025	0.5291841445018273	0.3333333333333333	0.5432279706001282	11.92113971710205	0.030667368241587327
cov10_n10_g0_s42_hotspots_p80_chr1	10	10	1239	2155	5772	0	0.4608051912247881	0.3810730731179559	0.3333333333333333	0.44698309898376465	10.628024101257324	0.03617565569535259
cov10_n10_g0_s42_hotspots_p80_chr1	10	10	1240	2653	6843	0	0.5569109121138329	0.48160114015351907	0.3333333333333333	0.47202372550964355	13.920145034790039	0.031111408917747267
cov10_n10_g0_s42_hotspots_p80_chr1	10	10	1241	872	2660	0	0.3129853020082676	0.18380654100354862	0.1111111111111111	0.24520349502563477	16.292757034301758	0.037472701236697194
cov10_n10_g0_s42_hotspots_p80_chr1	10	10	1242	969	2732	0	0.4639438520592566	0.4037619582080171	0.42857142857142855	0.565951406955719	6.720051288604736	0.04117312789239305
cov10_n10_g0_s42_hotspots_p80_chr1	10	10	1243	2020	5010	0	0.4377361832345453	0.34534593859510426	0.25	0.3858067989349365	12.87315845489502	0.035447081935829426
cov10_n10_g0_s42_hotspots_p80_chr1	10	10	1244	3209	7401	0	0.6624243487277336	0.5997132748263176	0.3333333333333333	0.4735979735851288	19.56378936767578	0.026550718877222
cov10_n10_g0_s42_hotspots_p80_chr1	10	10	1245	1635	4423	0	0.594538507252749	0.5279944096818534	0.42857142857142855	0.5211615562438965	13.014135360717773	0.0301262396666469
cov10_n10_g0_s42_hotspots_p80_chr1	10	10	1246	2382	5534	0	0.5921663522671919	0.5381010567972226	0.42857142857142855	0.6307246685028076	8.814703941345215	0.033034426227932
cov10_n10_g0_s42_hotspots_p80_chr1	10	10	1247	2695	4681	0	0.7006087978177192	0.6472368548210917	0.5384615384615384	0.5254960060119629	17.775114059448242	0.025288149346804997
cov10_n10_g0_s42_hotspots_p80_chr1	10	10	1248	2338	5584	0	0.7027540685555379	0.6524425206229765	0.3333333333333333	0.58357173204422	14.50167465209961	0.025554647249797367
cov10_n10_g0_s42_hotspots_p80_chr1	10	10	1249	2424	4883	0	0.78307544000986	0.747098710700742	0.5384615384615384	0.5933042764663696	17.420164108276367	0.022006785359583426
cov10_n10_g0_s42_hotspots_p80_chr1	10	10	1250	1625	3624	0	0.500026158670191	0.44050739534925704	0.3333333333333333	0.5816117525100708	7.391270637512207	0.03856364599554313
cov10_n10_g0_s42_hotspots_p80_chr1	10	10	1251	1857	5355	0	0.6809706297066357	0.6299885359828756	0.42857142857142855	0.6104723215103149	12.442994117736816	0.02698889944473205
cov10_n10_g0_s42_hotspots_p80_chr1	10	10	1252	2024	5583	0	0.7389420729087164	0.6994607778243866	0.5384615384615384	0.7004178762435913	11.130289077758789	0.02494026923788351
cov10_n10_g0_s42_hotspots_p80_chr1	10	10	1253	3950	9721	0	0.6272607407066202	0.5573519400322245	0.3333333333333333	0.4593617022037506	18.646039962768555	0.027784516324538624
cov10_n10_g0_s42_hotspots_p80_chr1	10	10	1254	3469	8768	0	0.7261226694511747	0.6780621518749135	0.42857142857142855	0.5359939336776733	18.352710723876953	0.02431282466843987
cov10_n10_g0_s42_hotspots_p80_chr1	10	10	1255	2506	8394	0	0.515677462172322	0.43155571190067377	0.3333333333333333	0.42895177006721497	14.452381134033203	0.03228823356626868
cov10_n10_g0_s42_hotspots_p80_chr1	10	10	1256	2718	5122	0	0.6816677603386025	0.6341829184821873	0.42857142857142855	0.6554270386695862	10.816747665405273	0.02769562457734277
cov10_n10_g0_s42_hotspots_p80_chr1	10	10	1257	3681	8207	0	0.5494810679785732	0.4615442409777876	0.25	0.39729705452919006	19.12822914123535	0.030170213843371773
cov10_n10_g0_s42_hotspots_p80_chr1	10	10	1258	1629	4672	0	0.5758288030598642	0.5008317120129284	0.3333333333333333	0.46636661887168884	15.24515438079834	0.030066859737285467
cov10_n10_g0_s42_hotspots_p80_chr1	10	10	1259	3416	6243	0	0.5800840725328033	0.5071098554670183	0.42857142857142855	0.47876104712486267	14.68061351776123	0.030075910427749826
cov10_n10_g0_s42_hotspots_p80_chr1	10	10	1260	3773	6725	0	0.641190784532809	0.5825780513876873	0.3333333333333333	0.5629022121429443	12.975035667419434	0.028392479025688255
cov10_n10_g0_s42_hotspots_p80_chr1	10	10	1261	2993	6600	0	0.7223553008189919	0.6749116228461846	0.3333333333333333	0.5843425393104553	15.281526565551758	0.02463989953188303
cov10_n10_g0_s42_hotspots_p80_chr1	10	10	1262	3350	8026	0	0.47269929263633437	0.3686358229959024	0.25	0.34603410959243774	18.660877227783203	0.032477150250584126
cov10_n10_g0_s42_hotspots_p80_chr1	10	10	1263	1607	3994	0	0.5603478223961803	0.4785126879451621	0.3333333333333333	0.4285694658756256	17.095149993896484	0.030162523925868476
cov10_n10_g0_s42_hotspots_p80_chr1	10	10	1264	4233	6814	0	0.7115729431942838	0.6662700201336199	0.42857142857142855	0.6487550735473633	12.030323028564453	0.025829311728276155
cov10_n10_g0_s42_hotspots_p80_chr1	10	10	1265	2736	6604	0	0.7313725602689878	0.6845831876702773	0.5384615384615384	0.5185011625289917	19.896554946899414	0.024124605635750734
cov10_n10_g0_s42_hotspots_p80_chr1	10	10	1266	2588	6284	0	0.4675351353051791	0.3958515388763475	0.3333333333333333	0.49206840991973877	9.027709007263184	0.03747605841243086
cov10_n10_g0_s42_hotspots_p80_chr1	10	10	1268	4763	7499	0	0.642285683825707	0.576033635011633	0.42857142857142855	0.47505998611450195	18.27930450439453	0.02731636032653892
cov10_n10_g0_s42_hotspots_p80_chr1	10	10	1269	2891	5669	0	0.46235600796675	0.3587014629043324	0.17647058823529413	0.34771493077278137	17.680978775024414	0.032980101633664
cov10_n10_g0_s42_hotspots_p80_chr1	10	10	1270	2396	5751	0	0.5430388440388122	0.4542111571134936	0.25	0.3958229720592499	18.821741104125977	0.030406712508434502
cov10_n10_g0_s42_hotspots_p80_chr1	10	10	1271	3349	6866	0	0.5274917361957898	0.442048918522071	0.3333333333333333	0.4199865162372589	15.77468204498291	0.03150305765947358
cov10_n10_g0_s42_hotspots_p80_chr1	10	10	1272	3279	6966	0	0.734408511143529	0.6882873362321819	0.42857142857142855	0.5573389530181885	17.36347198486328	0.02401155398885069
cov10_n10_g0_s42_hotspots_p80_chr1	10	10	1273	3483	6627	0	0.522630477142592	0.41874165138000957	0.25	0.32914459705352783	25.212507247924805	0.030379667386317227
cov10_n10_g0_s42_hotspots_p80_chr1	10	10	1274	2923	4913	0	0.6098913985927471	0.5356191426189858	0.3333333333333333	0.44136732816696167	19.094341278076172	0.028305934849585875
cov10_n10_g0_s42_hotspots_p80_chr1	10	10	1275	3656	6441	0	0.41536873686966264	0.3174262331256875	0.3333333333333333	0.3598119914531708	13.326506614685059	0.03589498898227817
cov10_n10_g0_s42_hotspots_p80_chr1	10	10	1276	3866	7095	0	0.4665390323959384	0.3680733256333406	0.25	0.36668652296066284	16.187732696533203	0.033248658725678434
cov10_n10_g0_s42_hotspots_p80_chr1	10	10	1277	2924	7940	0	0.5716150975195895	0.49639280777359185	0.3333333333333333	0.46690434217453003	14.98827075958252	0.030277460877471005
cov10_n10_g0_s42_hotspots_p80_chr1	10	10	1278	2741	6811	0	0.5706004120585255	0.5138782922554693	0.42857142857142855	0.6096670627593994	8.759485244750977	0.033953743500232746
cov10_n10_g0_s42_hotspots_p80_chr1	10	10	1279	1992	3970	0	0.5465972524354099	0.4838697855669759	0.3333333333333333	0.5619543194770813	9.460908889770508	0.03415172583780583
cov10_n10_g0_s42_hotspots_p80_chr1	10	10	1280	2079	5035	0	0.3625367036854294	0.25941252988037555	0.25	0.32463622093200684	12.471251487731934	0.0379567465482778
cov10_n10_g0_s42_hotspots_p80_chr1	10	10	1281	2914	7294	0	0.44620161254432494	0.371666789158538	0.42857142857142855	0.469770222902298	9.021759986877441	0.03822451246639318
cov10_n10_g0_s42_hotspots_p80_chr1	10	10	1282	2028	4356	0	0.4733732187075275	0.39461505463366175	0.25	0.45455002784729004	10.84536361694336	0.035583583002902965
cov10_n10_g0_s42_hotspots_p80_chr1	10	10	1283	2920	6402	0	0.6350973497001676	0.5697524196102399	0.42857142857142855	0.49826544523239136	16.24647331237793	0.02781607750611295
cov10_n10_g0_s42_hotspots_p80_chr1	10	10	1284	2673	6502	0	0.5684545211852218	0.48815068388982924	0.3333333333333333	0.43385517597198486	17.167293548583984	0.029891315938584316
cov10_n10_g0_s42_hotspots_p80_chr1	10	10	1285	3346	6555	0	0.4388035387772997	0.3255359856648313	0.17647058823529413	0.31621208786964417	19.256763458251953	0.03329553043880998
cov10_n10_g0_s42_hotspots_p80_chr1	10	10	1286	2844	6499	0	0.40967932165405285	0.312275480474375	0.3333333333333333	0.3599647581577301	12.952929496765137	0.03626459179639845
cov10_n10_g0_s42_hotspots_p80_chr1	10	10	1287	3326	7022	0	0.6692244932114385	0.6099237873168695	0.42857142857142855	0.5142797827720642	16.933422088623047	0.026504444832444768
cov10_n10_g0_s42_hotspots_p80_chr1	10	10	1288	2603	5964	0	0.5454865336625927	0.4595387139096318	0.3333333333333333	0.41107797622680664	17.608386993408203	0.030531851850913762
cov10_n10_g0_s42_hotspots_p80_chr1	10	10	1289	3218	6692	0	0.5722155461829317	0.4897718840000891	0.25	0.4163302779197693	18.89049530029297	0.029510723628458198
cov10_n10_g0_s42_hotspots_p80_chr1	10	10	1290	3525	6717	0	0.5506517916810098	0.4581728531099418	0.25	0.36867955327033997	22.307762145996094	0.02981013595120705
cov10_n10_g0_s42_hotspots_p80_chr1	10	10	1291	3321	6562	0	0.4735338004999244	0.3659341450635857	0.17647058823529413	0.33348020911216736	20.16330909729004	0.0321906409790163
cov10_n10_g0_s42_hotspots_p80_chr1	10	10	1292	2269	4475	0	0.5126492225998357	0.40887332803469545	0.25	0.3366662561893463	23.186832427978516	0.030780407373843358
cov10_n10_g0_s42_hotspots_p80_chr1	10	10	1293	3266	5862	0	0.46549531659583804	0.3486092470670239	0.3333333333333333	0.30432528257369995	23.396703720092773	0.03199140731586296
cov10_n10_g0_s42_hotspots_p80_chr1	10	10	1294	3128	5123	0	0.35886513519719615	0.25123689928675746	0.25	0.31080710887908936	13.331550598144531	0.03755805631875423
cov10_n10_g0_s42_hotspots_p80_chr1	10	10	1295	3249	6836	0	0.5479217291002135	0.46003963069507203	0.42857142857142855	0.39855584502220154	18.899864196777344	0.03024881411610073
cov10_n10_g0_s42_hotspots_p80_chr1	10	10	1296	3524	6317	0	0.6093216530016081	0.5412027317761978	0.3333333333333333	0.49852776527404785	14.938762664794922	0.028990171078285696
cov10_n10_g0_s42_hotspots_p80_chr1	10	10	1297	3712	8138	0	0.4346265100078504	0.34314874525554273	0.3333333333333333	0.38861599564552307	12.50809383392334	0.03574651031842922
cov10_n10_g0_s42_hotspots_p80_chr1	10	10	1298	2113	4181	0	0.47671660096366186	0.37732792103632923	0.25	0.36321866512298584	17.225994110107422	0.03267416294422507
cov10_n10_g0_s42_hotspots_p80_chr1	10	10	1300	820	2715	0	0.29633084194968345	0.17932192080518278	0.17647058823529413	0.2592061758041382	13.069621086120605	0.03947658703088039
cov10_n10_g0_s42_hotspots_p80_chr1	10	10	1301	2642	5945	0	0.5390280807005964	0.47167878019042536	0.25	0.5284440517425537	10.404584884643555	0.03361968675715532
cov10_n10_g0_s42_hotspots_p80_chr1	10	10	1302	2424	6028	0	0.4440520156922979	0.3630046049530501	0.25	0.4362103343009949	10.362768173217773	0.036955587759397834
cov10_n10_g0_s42_hotspots_p80_chr1	10	10	1303	2232	5798	0	0.3676104597754685	0.24381116078745982	0.17647058823529413	0.27618852257728577	17.715951919555664	0.035568350050558036
cov10_n10_g0_s42_hotspots_p80_chr1	10	10	1304	3156	6827	0	0.5396298947569348	0.44882752439728335	0.25	0.38661885261535645	19.48166275024414	0.03041515966174202
cov10_n10_g0_s42_hotspots_p80_chr1	10	10	1305	1925	5694	0	0.5985504485930389	0.5358202172010347	0.3333333333333333	0.5511066913604736	11.79587459564209	0.030527458402190996
cov10_n10_g0_s42_hotspots_p80_chr1	10	10	1306	1662	5325	0	0.634645553978814	0.5880145720667271	0.42857142857142855	0.6960654854774475	8.313087463378906	0.03183534978188405
cov10_n10_g0_s42_hotspots_p80_chr1	10	10	1307	1150	3191	0	0.6178479578265544	0.5479415217880171	0.3333333333333333	0.47359925508499146	17.01927947998047	0.028292455112558908
cov10_n10_g0_s42_hotspots_p80_chr1	10	10	1308	1775	4551	0	0.6614668849903685	0.5989494017493476	0.42857142857142855	0.481420636177063	18.87847328186035	0.02661913314240016
cov10_n10_g0_s42_hotspots_p80_chr1	10	10	1309	2114	5150	0	0.7038637022514248	0.657002348470223	0.42857142857142855	0.6367994546890259	12.217203140258789	0.026098828659041853
cov10_n10_g0_s42_hotspots_p80_chr1	10	10	1310	2120	6876	0	0.6531403215938576	0.5904263481595846	0.25	0.5001411437988281	17.054059982299805	0.027066776013064446
cov10_n10_g0_s42_hotspots_p80_chr1	10	10	1311	1114	2888	0	0.29127692876233896	0.194886054912325	0.25	0.3040378987789154	9.178181648254395	0.04303290230135375
cov10_n10_g0_s42_hotspots_p80_chr1	10	10	1312	2635	6680	0	0.5924496745743644	0.5571785006812596	0.6666666666666666	0.8468126058578491	4.894725322723389	0.0410699179469178
cov10_n10_g0_s42_hotspots_p80_chr1	10	10	1313	3241	6195	0	0.4923935020045843	0.3891560343388716	0.17647058823529413	0.3464053273200989	20.204843521118164	0.03166465231557312
cov10_n10_g0_s42_hotspots_p80_chr1	10	10	1314	2445	4083	0	0.5897793506560874	0.5192590423982743	0.3333333333333333	0.49204304814338684	14.367226600646973	0.029831662101020628
cov10_n10_g0_s42_hotspots_p80_chr1	10	10	1315	3044	6520	0	0.6207874372894212	0.5511333284715438	0.42857142857142855	0.4723244607448578	17.27448272705078	0.028156698019853273
cov10_n10_g0_s42_hotspots_p80_chr1	10	10	1316	1805	4421	0	0.40853089070477205	0.29176070595153464	0.25	0.3027478754520416	18.20906639099121	0.03434532806479124
cov10_n10_g0_s42_hotspots_p80_chr1	10	10	1317	3164	6235	0	0.5744597758424517	0.493092391836964	0.3333333333333333	0.4221016466617584	18.52188491821289	0.029489375634200732
cov10_n10_g0_s42_hotspots_p80_chr1	10	10	1318	1986	3863	0	0.5502170243613296	0.4734484150218772	0.25	0.46458759903907776	14.02596664428711	0.03130072186618879
cov10_n10_g0_s42_hotspots_p80_chr1	10	10	1319	3084	5569	0	0.4605632580011565	0.34711459960939056	0.17647058823529413	0.31557363271713257	21.299882888793945	0.032371648586478376
cov10_n10_g0_s42_hotspots_p80_chr1	10	10	1320	4009	7736	0	0.6214298457399581	0.556346003854835	0.25	0.5159100294113159	14.508960723876953	0.028666383141131253
cov10_n10_g0_s42_hotspots_p80_chr1	10	10	1321	2743	6567	0	0.5656269150878167	0.48422769786212394	0.3333333333333333	0.42830121517181396	17.44060707092285	0.029932677644782336
cov10_n10_g0_s42_hotspots_p80_chr1	10	10	1322	3850	8729	0	0.5456082128790563	0.4501028498442206	0.25	0.3546563386917114	23.66716766357422	0.02985828145280754
cov10_n10_g0_s42_hotspots_p80_chr1	10	10	1323	3205	7392	0	0.625617127406123	0.5547728887107319	0.25	0.4513741731643677	19.210731506347656	0.027789252887148976
cov10_n10_g0_s42_hotspots_p80_chr1	10	10	1324	2863	6143	0	0.5786612386703769	0.4932920189306139	0.42857142857142855	0.3861895203590393	22.45162582397461	0.02900480550843382
cov10_n10_g0_s42_hotspots_p80_chr1	10	10	1325	3293	6861	0	0.5928576276945502	0.5210340776695286	0.42857142857142855	0.4799053370952606	15.261235237121582	0.02948398460769273
cov10_n10_g0_s42_hotspots_p80_chr1	10	10	1326	1395	3838	0	0.4089373325265285	0.2912650578355746	0.25	0.30054616928100586	18.513608932495117	0.034260962573846254
cov10_n10_g0_s42_hotspots_p80_chr1	10	10	1327	1321	2930	0	0.48608019090841176	0.4115466240356458	0.25	0.4796755015850067	10.268824577331543	0.035610221451532934
cov10_n10_g0_s42_hotspots_p80_chr1	10	10	1328	2172	6129	0	0.5065802923535999	0.4313380851505945	0.42857142857142855	0.47786328196525574	11.238003730773926	0.03417073162437422
cov10_n10_g0_s42_hotspots_p80_chr1	10	10	1329	3338	6833	0	0.5264867980528454	0.4286904033420488	0.3333333333333333	0.3572353720664978	21.72031021118164	0.030535385043250523
cov10_n10_g0_s42_hotspots_p80_chr1	10	10	1330	3062	6745	0	0.5677482623679682	0.4921095926062756	0.25	0.4658071994781494	14.855907440185547	0.03044500073275918
cov10_n10_g0_s42_hotspots_p80_chr1	10	10	1331	3140	7217	0	0.49653116663029995	0.4015648839929902	0.17647058823529413	0.3797122538089752	17.099517822265625	0.03212061931836557
cov10_n10_g0_s42_hotspots_p80_chr1	10	10	1332	2499	7311	0	0.640321879741439	0.5755516344223051	0.3333333333333333	0.4970962405204773	16.5926513671875	0.027579069334601556
cov10_n10_g0_s42_hotspots_p80_chr1	10	10	1333	3080	6164	0	0.4477051419956978	0.35405881333985906	0.25	0.3829847574234009	13.665365219116211	0.03474563942538118
cov10_n10_g0_s42_hotspots_p80_chr1	10	10	1334	3088	6289	0	0.48030847652505043	0.3771728422864311	0.17647058823529413	0.3487843871116638	18.963848114013672	0.03220540237903269
cov10_n10_g0_s42_hotspots_p80_chr1	10	10	1335	3823	9070	0	0.4604593959750254	0.3732695269837711	0.25	0.4119516909122467	12.493674278259277	0.03493747605383091
cov10_n10_g0_s42_hotspots_p80_chr1	10	10	1336	3339	7940	0	0.5266253985613426	0.438281418220004	0.17647058823529413	0.40496987104415894	16.910568237304688	0.03125312850546468
cov10_n10_g0_s42_hotspots_p80_chr1	10	10	1337	3075	7377	0	0.6257963770982463	0.5597912324997727	0.42857142857142855	0.5027490854263306	15.493999481201172	0.02828234880508573
cov10_n10_g0_s42_hotspots_p80_chr1	10	10	1338	3509	7642	0	0.3870482568937187	0.2702260265244368	0.25	0.29756587743759155	16.918581008911133	0.03528339389445221
cov10_n10_g0_s42_hotspots_p80_chr1	10	10	1339	5280	9202	0	0.5536591479305483	0.4740429397814331	0.25	0.4456269145011902	15.436262130737305	0.030752467132252933
cov10_n10_g0_s42_hotspots_p80_chr1	10	10	1340	3924	7864	0	0.502589528768595	0.4137924526046547	0.3333333333333333	0.40698692202568054	15.249863624572754	0.03243781996088954
cov10_n10_g0_s42_hotspots_p80_chr1	10	10	1341	3936	8289	0	0.6272591584694357	0.5578545191528492	0.5384615384615384	0.4651973843574524	18.181074142456055	0.027830463825716734
cov10_n10_g0_s42_hotspots_p80_chr1	10	10	1342	4353	7864	0	0.5087796826071632	0.4030853893233271	0.25	0.3302842080593109	23.72924041748047	0.030839352987780854
cov10_n10_g0_s42_hotspots_p80_chr1	10	10	1343	3953	7859	0	0.39219359961646555	0.30129746267490864	0.25	0.3766883909702301	10.840182304382324	0.03822821246614914
cov10_n10_g0_s42_hotspots_p80_chr1	10	10	1344	2776	4797	0	0.39515588810505753	0.2511417696421396	0.17647058823529413	0.24373318254947662	26.284975051879883	0.03340993717118929
cov10_n10_g0_s42_hotspots_p80_chr1	10	10	1345	2889	7739	0	0.221228057783544	0.10529580837225655	0.17647058823529413	0.21339648962020874	10.74746036529541	0.043354057282750616
cov10_n10_g0_s42_hotspots_p80_chr1	10	10	1346	3547	9133	0	0.4739631893960189	0.3537636103289293	0.17647058823529413	0.2917202413082123	26.397090911865234	0.03153151449737384
cov10_n10_g0_s42_hotspots_p80_chr1	10	10	1347	4538	8613	0	0.680729985062767	0.6233072524170697	0.42857142857142855	0.5140488743782043	17.536422729492188	0.026032288322943346
cov10_n10_g0_s42_hotspots_p80_chr1	10	10	1348	4115	7497	0	0.6322737098499231	0.5606943952334191	0.25	0.4173455536365509	22.951900482177734	0.027409000234044176
cov10_n10_g0_s42_hotspots_p80_chr1	10	10	1349	4226	7829	0	0.3884165425231061	0.2477349410181628	0.17647058823529413	0.24872413277626038	24.387069702148438	0.033775085589254364
cov10_n10_g0_s42_hotspots_p80_chr1	10	10	1350	3909	6942	0	0.48899185737814477	0.37070695608902754	0.25	0.29094550013542175	28.24749755859375	0.031066917273663588
cov10_n10_g0_s42_hotspots_p80_chr1	10	10	1351	3301	6254	0	0.4744174193333255	0.3853570370661698	0.17647058823529413	0.4055617153644562	13.683820724487305	0.03390550564177848
cov10_n10_g0_s42_hotspots_p80_chr1	10	10	1352	2729	6161	0	0.41484352882455644	0.27862634406618647	0.1111111111111111	0.259482741355896	25.55945587158203	0.03302043090422524
cov10_n10_g0_s42_hotspots_p80_chr1	10	10	1353	3282	6718	0	0.3901317734104757	0.2512149250113192	0.1111111111111111	0.2521149814128876	23.94558334350586	0.03378948844459686
cov10_n10_g0_s42_hotspots_p80_chr1	10	10	1354	3654	6790	0	0.42234040599658507	0.2971115596967019	0.1111111111111111	0.2838704288005829	22.13527488708496	0.03324204300168968
cov10_n10_g0_s42_hotspots_p80_chr1	10	10	1355	4752	9050	0	0.6285971238507474	0.5559938189050931	0.42857142857142855	0.37881696224212646	27.53505516052246	0.027512258647351663
cov10_n10_g0_s42_hotspots_p80_chr1	10	10	1356	3544	6873	0	0.38883045040090225	0.25756051067199326	0.1111111111111111	0.2663632333278656	21.309436798095703	0.034215296180693675
cov10_n10_g0_s42_hotspots_p80_chr1	10	10	1357	3803	7571	0	0.5919157050135152	0.5130569419289008	0.3333333333333333	0.4237642288208008	19.5106201171875	0.02883168531997778
cov10_n10_g0_s42_hotspots_p80_chr1	10	10	1358	3165	8109	0	0.6889469200424068	0.6341316200170725	0.3333333333333333	0.538502037525177	16.368043899536133	0.0258346280512484
cov10_n10_g0_s42_hotspots_p80_chr1	10	10	1359	3263	7390	0	0.570729967384757	0.4952789049832064	0.25	0.4657363295555115	15.016924858093262	0.030299392433004307
cov10_n10_g0_s42_hotspots_p80_chr1	10	10	1360	2813	6336	0	0.5915965604363279	0.513970168960331	0.42857142857142855	0.43452373147010803	18.536354064941406	0.028948941188247767
cov10_n10_g0_s42_hotspots_p80_chr1	10	10	1361	3511	7322	0	0.5999942435403108	0.5261498885580836	0.3333333333333333	0.4575304687023163	17.197057723999023	0.02886247357637533
cov10_n10_g0_s42_hotspots_p80_chr1	10	10	1362	3424	6745	0	0.6371833174735763	0.568136429142323	0.3333333333333333	0.44732245802879333	20.290252685546875	0.027345076818706005
cov10_n10_g0_s42_hotspots_p80_chr1	10	10	1363	4270	7427	0	0.5577142626503815	0.4832048207543019	0.25	0.47705429792404175	13.667461395263672	0.03117603544203145
cov10_n10_g0_s42_hotspots_p80_chr1	10	10	1364	3943	8392	0	0.6515604397343905	0.5850844718611243	0.3333333333333333	0.4230099320411682	23.725116729736328	0.026820570203221865
cov10_n10_g0_s42_hotspots_p80_chr1	10	10	1365	2863	8371	0	0.7337089452968738	0.6874622959584217	0.42857142857142855	0.5580954551696777	17.283458709716797	0.024041551466496808
cov10_n10_g0_s42_hotspots_p80_chr1	10	10	1366	3384	8012	0	0.6797223117494963	0.6230071651919121	0.42857142857142855	0.5301523804664612	16.4384765625	0.026173078629657936
cov10_n10_g0_s42_hotspots_p80_chr1	10	10	1367	3318	7818	0	0.6151878198476513	0.5507181723726713	0.3333333333333333	0.526559054851532	13.649642944335938	0.02914407674724863
cov10_n10_g0_s42_hotspots_p80_chr1	10	10	1368	3503	7178	0	0.6247406470253906	0.5661243113164979	0.42857142857142855	0.5750362873077393	11.803448677062988	0.02951985113236474
cov10_n10_g0_s42_hotspots_p80_chr1	10	10	1369	3103	6494	0	0.6376749551336925	0.5729282812609614	0.3333333333333333	0.5012805461883545	16.182180404663086	0.02773541538079544
cov10_n10_g0_s42_hotspots_p80_chr1	10	10	1370	1476	3001	0	0.4928217935022923	0.41635469340893283	0.3333333333333333	0.4697469472885132	11.006566047668457	0.03480399840355919
cov10_n10_g0_s42_hotspots_p80_chr1	10	10	1371	514	1467	0	0.5180226521995556	0.43155087742630627	0.3333333333333333	0.4165119528770447	15.46829605102539	0.031887687781793815
cov10_n10_g0_s42_hotspots_p80_chr1	10	10	1372	2908	6371	0	0.4441730993503544	0.3209493165220211	0.25	0.28891023993492126	23.636253356933594	0.03250496910337362
cov10_n10_g0_s42_hotspots_p80_chr1	10	10	1373	3586	6875	0	0.6215211359162479	0.5720047276696073	0.42857142857142855	0.6687859296798706	8.636494636535645	0.032021580520366855
cov10_n10_g0_s42_hotspots_p80_chr1	10	10	1374	4016	7688	0	0.5893263509048443	0.5105945240094356	0.3333333333333333	0.4279027581214905	18.967998504638672	0.02896977367291155
cov10_n10_g0_s42_hotspots_p80_chr1	10	10	1375	2596	6471	0	0.44622645569801017	0.3642426162807556	0.42857142857142855	0.43240121006965637	10.649686813354492	0.03664342200759825
cov10_n10_g0_s42_hotspots_p80_chr1	10	10	1376	3846	8295	0	0.7913126792307374	0.7570647103102941	0.5384615384615384	0.5990476012229919	17.44912338256836	0.021650621837681194
cov10_n10_g0_s42_hotspots_p80_chr1	10	10	1377	2787	6331	0	0.7051277504911155	0.6528162922839619	0.42857142857142855	0.5322126746177673	17.553558349609375	0.025131149041684644
cov10_n10_g0_s42_hotspots_p80_chr1	10	10	1378	1708	4025	0	0.1940639025155097	0.07419469440440192	0.17647058823529413	0.18734493851661682	10.730145454406738	0.04412006178006884
cov10_n10_g0_s42_hotspots_p80_chr1	10	10	1379	4001	8149	0	0.4500112252762029	0.355402069185546	0.17647058823529413	0.379657506942749	14.049560546875	0.03450454740411473
cov10_n10_g0_s42_hotspots_p80_chr1	10	10	1380	3690	7623	0	0.5095992491377979	0.4231817015037468	0.25	0.41790229082107544	14.869898796081543	0.0323398926452178
cov10_n10_g0_s42_hotspots_p80_chr1	10	10	1381	3036	5797	0	0.6794474773010061	0.6326446145076766	0.5384615384615384	0.6663740873336792	10.396222114562988	0.028043262682965114
cov10_n10_g0_s42_hotspots_p80_chr1	10	10	1382	2271	6241	0	0.6034826628134099	0.5371345509384075	0.42857142857142855	0.5178683996200562	13.579718589782715	0.02959424593431085
cov10_n10_g0_s42_hotspots_p80_chr1	10	10	1383	2968	6752	0	0.520847320182849	0.4313549325816487	0.25	0.4006732702255249	16.8981876373291	0.031433121324497416
cov10_n10_g0_s42_hotspots_p80_chr1	10	10	1384	2446	6433	0	0.3834960627392453	0.2923736783034531	0.3333333333333333	0.37218382954597473	10.617120742797852	0.03868958717138146
cov10_n10_g0_s42_hotspots_p80_chr1	10	10	1385	2885	5838	0	0.34189992263290925	0.2444646001281795	0.17647058823529413	0.3313354551792145	10.647855758666992	0.03994504496765728
cov10_n10_g0_s42_hotspots_p80_chr1	10	10	1386	3370	6208	0	0.6050129901465232	0.52699523036451	0.42857142857142855	0.4099137485027313	21.78434181213379	0.028266982052515984
cov10_n10_g0_s42_hotspots_p80_chr1	10	10	1387	2120	6533	0	0.5215239345666872	0.44573886548279723	0.3333333333333333	0.47481822967529297	12.064067840576172	0.033152514616433246
cov10_n10_g0_s42_hotspots_p80_chr1	10	10	1388	3946	8293	0	0.5911341122703849	0.520700595206757	0.3333333333333333	0.4919377863407135	14.439486503601074	0.029763019989276968
cov10_n10_g0_s42_hotspots_p80_chr1	10	10	1389	3890	6980	0	0.5408596271252927	0.4444740329546831	0.25	0.3540865480899811	23.331907272338867	0.030008842663731862
cov10_n10_g0_s42_hotspots_p80_chr1	10	10	1390	3403	6755	0	0.5811221397045422	0.5028149728880762	0.3333333333333333	0.43895819783210754	17.526227951049805	0.02942484002889269
cov10_n10_g0_s42_hotspots_p80_chr1	10	10	1391	3378	7278	0	0.6593463139664419	0.5959788155379518	0.42857142857142855	0.47248220443725586	19.474048614501953	0.026658477444713394
cov10_n10_g0_s42_hotspots_p80_chr1	10	10	1392	3038	6694	0	0.5746996562946045	0.5018296574496266	0.3333333333333333	0.4821016788482666	14.21034049987793	0.030403730994381744
cov10_n10_g0_s42_hotspots_p80_chr1	10	10	1393	3111	6811	0	0.6466700571600922	0.5866831096167385	0.3333333333333333	0.5425909161567688	14.204322814941406	0.027812524496839765
cov10_n10_g0_s42_hotspots_p80_chr1	10	10	1394	2213	5309	0	0.6457433590695583	0.5801298564550009	0.42857142857142855	0.4760250151157379	18.40180015563965	0.027188577431225557
cov10_n10_g0_s42_hotspots_p80_chr1	10	10	1395	2982	7291	0	0.5809332336466962	0.5076008856414017	0.25	0.4756770133972168	14.915162086486816	0.029981340481448748
cov10_n10_g0_s42_hotspots_p80_chr1	10	10	1396	3366	5844	0	0.5005911962982801	0.40409768905380966	0.17647058823529413	0.37249770760536194	18.0600643157959	0.03179450652963151
cov10_n10_g0_s42_hotspots_p80_chr1	10	10	1397	4185	6977	0	0.5575703481532681	0.4628701685032752	0.25	0.3423880338668823	26.51930809020996	0.029417419906132607
cov10_n10_g0_s42_hotspots_p80_chr1	10	10	1398	3020	6689	0	0.5701429149499169	0.48003517156144415	0.25	0.358212947845459	25.332897186279297	0.029118673305187803
cov10_n10_g0_s42_hotspots_p80_chr1	10	10	1399	3956	8230	0	0.5025007523732654	0.4242392330034761	0.3333333333333333	0.4606097340583801	11.901652336120605	0.03389321604584714
cov10_n10_g0_s42_hotspots_p80_chr1	10	10	1400	3998	7502	0	0.5938877639471134	0.5141036222939295	0.3333333333333333	0.41267403960227966	20.7106876373291	0.02866824134145813
cov10_n10_g0_s42_hotspots_p80_chr1	10	10	1401	3523	6724	0	0.5538330678178811	0.4605432331767342	0.3333333333333333	0.35973745584487915	23.702077865600586	0.02963167656789643
cov10_n10_g0_s42_hotspots_p80_chr1	10	10	1402	1782	6244	0	0.48265535454103875	0.4019566946497881	0.25	0.4460257291793823	11.709935188293457	0.034675717263346915
cov10_n10_g0_s42_hotspots_p80_chr1	10	10	1403	4580	7976	0	0.7120176487238368	0.660710362646526	0.42857142857142855	0.5053026080131531	19.855392456054688	0.024825299004968677
cov10_n10_g0_s42_hotspots_p80_chr1	10	10	1404	3704	7055	0	0.6699279135013374	0.6084423217819867	0.42857142857142855	0.4612360894680023	21.096464157104492	0.026256926507876237
cov10_n10_g0_s42_hotspots_p80_chr1	10	10	1405	5014	7812	0	0.5218833082904366	0.4279387620064591	0.17647058823529413	0.3784008026123047	19.02140998840332	0.031002454584519144
cov10_n10_g0_s42_hotspots_p80_chr1	10	10	1406	4465	7921	0	0.5214507801083134	0.42089533151799635	0.25	0.34662020206451416	22.63178825378418	0.030590356943555254
cov10_n10_g0_s42_hotspots_p80_chr1	10	10	1407	3207	5976	0	0.572691198054654	0.48389983385078345	0.42857142857142855	0.3656505048274994	24.530628204345703	0.02907646427758634
cov10_n10_g0_s42_hotspots_p80_chr1	10	10	1408	3519	5852	0	0.5303717566950454	0.4293596372372344	0.25	0.3374776840209961	24.698503494262695	0.03020611304537558
cov10_n10_g0_s42_hotspots_p80_chr1	10	10	1409	4156	7481	0	0.5554489882168758	0.47359016567990814	0.25	0.4309218227863312	16.614656448364258	0.03041452366506513
cov10_n10_g0_s42_hotspots_p80_chr1	10	10	1410	3386	6536	0	0.6623950198504603	0.5991140784365163	0.42857142857142855	0.4581639766693115	20.902212142944336	0.02650684574150495
cov10_n10_g0_s42_hotspots_p80_chr1	10	10	1411	3405	6565	0	0.6017025344264718	0.5261317977026103	0.3333333333333333	0.4404584765434265	18.661808013916016	0.0286124271172277
cov10_n10_g0_s42_hotspots_p80_chr1	10	10	1412	3906	7764	0	0.5201744007124536	0.4127355146108744	0.3333333333333333	0.3127637207508087	27.660831451416016	0.030331390579769222
cov10_n10_g0_s42_hotspots_p80_chr1	10	10	1413	3887	7577	0	0.5626731719023077	0.47340761546868	0.25	0.377460777759552	22.221261978149414	0.029476640245398113
cov10_n10_g0_s42_hotspots_p80_chr1	10	10	1414	3137	6300	0	0.6585597491044773	0.6011533985949196	0.5384615384615384	0.5580113530158997	13.928498268127441	0.027430134019051415
cov10_n10_g0_s42_hotspots_p80_chr1	10	10	1415	3533	6232	0	0.48968621381424254	0.4006677325577828	0.42857142857142855	0.4064577519893646	14.514594078063965	0.0330916573507717
cov10_n10_g0_s42_hotspots_p80_chr1	10	10	1416	2209	4844	0	0.4990820225346276	0.40361634645393696	0.25	0.3771989643573761	17.50663948059082	0.031953362140867525
cov10_n10_g0_s42_hotspots_p80_chr1	10	10	1417	4054	7970	0	0.518865699542648	0.4239610626090512	0.25	0.37486350536346436	19.158592224121094	0.031069116706180348
cov10_n10_g0_s42_hotspots_p80_chr1	10	10	1418	3352	6849	0	0.636958578207621	0.5703588265530188	0.3333333333333333	0.48109036684036255	17.529481887817383	0.02757459881772085
cov10_n10_g0_s42_hotspots_p80_chr1	10	10	1419	2790	6705	0	0.6560058869818294	0.5968845490599325	0.3333333333333333	0.540842592716217	14.712068557739258	0.027341107427155665
cov10_n10_g0_s42_hotspots_p80_chr1	10	10	1420	4070	8218	0	0.5986536105709455	0.5191924629289041	0.42857142857142855	0.40741685032844543	21.591022491455078	0.02846756400290001
cov10_n10_g0_s42_hotspots_p80_chr1	10	10	1421	3487	7514	0	0.6706346232096275	0.6187507659005905	0.42857142857142855	0.6109495759010315	12.04928207397461	0.027568681858731434
cov10_n10_g0_s42_hotspots_p80_chr1	10	10	1422	3903	7782	0	0.7820945957397368	0.745915572472271	0.5384615384615384	0.6326090693473816	15.284379005432129	0.02205234194445067
cov10_n10_g0_s42_hotspots_p80_chr1	10	10	1423	2955	7238	0	0.6306294543363584	0.5661684730509755	0.3333333333333333	0.5129898190498352	15.11231517791748	0.028189809973768003
cov10_n10_g0_s42_hotspots_p80_chr1	10	10	1424	3329	8036	0	0.46418445289245064	0.3739852346791767	0.25	0.3995247483253479	13.498756408691406	0.03431033998116381
cov10_n10_g0_s42_hotspots_p80_chr1	10	10	1425	2851	6262	0	0.6853557312466481	0.6356853213007246	0.5384615384615384	0.622456967830658	12.123093605041504	0.026924850353359255
cov10_n10_g0_s42_hotspots_p80_chr1	10	10	1426	3436	5498	0	0.5982844977559684	0.5263962964003424	0.3333333333333333	0.4753853976726532	15.838854789733887	0.029167360792446813
cov10_n10_g0_s42_hotspots_p80_chr1	10	10	1427	4005	6713	0	0.6789903277330587	0.6295146575329124	0.42857142857142855	0.6324020028114319	11.527647972106934	0.027447124286127805
cov10_n10_g0_s42_hotspots_p80_chr1	10	10	1428	3644	6332	0	0.6136224160840383	0.5468668750717853	0.42857142857142855	0.5071426630020142	14.640030860900879	0.028913086211305047
cov10_n10_g0_s42_hotspots_p80_chr1	10	10	1429	3515	7771	0	0.5750366009482658	0.513957972520631	0.3333333333333333	0.5719822645187378	10.107085227966309	0.03250846934309471
cov10_n10_g0_s42_hotspots_p80_chr1	10	10	1430	3373	6739	0	0.5714232644885523	0.49248580438253997	0.25	0.44131913781166077	16.7652587890625	0.029871249535687535
cov10_n10_g0_s42_hotspots_p80_chr1	10	10	1431	2728	5606	0	0.5578927134233592	0.4895667933554754	0.25	0.5195041298866272	11.532498359680176	0.03217348702662191
cov10_n10_g0_s42_hotspots_p80_chr1	10	10	1432	3607	6938	0	0.7127399475022675	0.6631454215530954	0.42857142857142855	0.5691211819648743	15.68385124206543	0.024983899084868217
cov10_n10_g0_s42_hotspots_p80_chr1	10	10	1433	3814	7381	0	0.5647070582887102	0.4915029760589195	0.3333333333333333	0.48364365100860596	13.633126258850098	0.03094794387566498
cov10_n10_g0_s42_hotspots_p80_chr1	10	10	1434	2937	7983	0	0.6315214332550217	0.5729097607857114	0.3333333333333333	0.5706064701080322	12.249062538146973	0.02905116362919345
cov10_n10_g0_s42_hotspots_p80_chr1	10	10	1435	3303	7096	0	0.4155786566975994	0.33851647934717066	0.42857142857142855	0.4452875256538391	8.710145950317383	0.03964705829706726
cov10_n10_g0_s42_hotspots_p80_chr1	10	10	1436	3442	7430	0	0.4980789979813664	0.3959641571140436	0.3333333333333333	0.3494987189769745	20.309782028198242	0.03149158899773536
cov10_n10_g0_s42_hotspots_p80_chr1	10	10	1437	3222	6699	0	0.3989833342121002	0.2896580709958246	0.25	0.3202421963214874	15.522167205810547	0.03542166530293155
cov10_n10_g0_s42_hotspots_p80_chr1	10	10	1438	3684	7379	0	0.561786603373118	0.4842245605216891	0.25	0.45550790429115295	15.210755348205566	0.030545327355517658
cov10_n10_g0_s42_hotspots_p80_chr1	10	10	1439	1309	3303	0	0.3512375238807339	0.237767550112421	0.17647058823529413	0.29315322637557983	14.355303764343262	0.037254196343400145
cov10_n10_g0_s42_hotspots_p80_chr1	10	10	1442	3639	5977	0	0.2607163126342481	0.12556892274887502	0.1111111111111111	0.21001751720905304	15.410805702209473	0.039192798307404596
cov10_n10_g0_s42_hotspots_p80_chr1	10	10	1443	3954	7221	0	0.47978942710400435	0.37309545589423226	0.25	0.3358263075351715	20.411359786987305	0.031981844631001496
cov10_n10_g0_s42_hotspots_p80_chr1	10	10	1444	2288	5225	0	0.5103757194183853	0.41848321150825496	0.25	0.39136332273483276	17.006685256958008	0.03172690787888695
cov10_n10_g0_s42_hotspots_p80_chr1	10	10	1445	3260	5923	0	0.5043651903792289	0.42861131503089245	0.3333333333333333	0.4747827649116516	11.284969329833984	0.03421565865827324
cov10_n10_g0_s42_hotspots_p80_chr1	10	10	1446	3049	6410	0	0.48192174987652914	0.3778011203528585	0.25	0.3449181020259857	19.52185821533203	0.03206263749201297
cov10_n10_g0_s42_hotspots_p80_chr1	10	10	1447	3105	6085	0	0.6285917590043845	0.5639773773294644	0.3333333333333333	0.513607382774353	14.978727340698242	0.028293082264055802
cov10_n10_g0_s42_hotspots_p80_chr1	10	10	1448	3936	7521	0	0.6026882650739342	0.5301745359436534	0.3333333333333333	0.4662781059741974	16.706884384155273	0.02885306461688293
cov10_n10_g0_s42_hotspots_p80_chr1	10	10	1449	2782	5680	0	0.515232528290317	0.4215936918410567	0.25	0.3820117115974426	18.19085693359375	0.03133893852047189
cov10_n10_g0_s42_hotspots_p80_chr1	10	10	1450	3555	5997	0	0.6580726141508709	0.5961962271141337	0.42857142857142855	0.5013954043388367	17.226102828979492	0.026872932531345275
cov10_n10_g0_s42_hotspots_p80_chr1	10	10	1451	4162	7035	0	0.4833390121750011	0.3813104944722286	0.25	0.35261771082878113	18.78864288330078	0.03215200169572686
cov10_n10_g0_s42_hotspots_p80_chr1	10	10	1452	3853	6539	0	0.5105199931131482	0.43542848887857677	0.3333333333333333	0.47891759872436523	11.363286018371582	0.0339520248353987
cov10_n10_g0_s42_hotspots_p80_chr1	10	10	1453	2763	6538	0	0.523204673960871	0.45502093268924293	0.3333333333333333	0.522733747959137	10.018027305603027	0.03450965521404515
cov10_n10_g0_s42_hotspots_p80_chr1	10	10	1454	2837	4875	0	0.5547568316768652	0.4837314509488931	0.3333333333333333	0.5012257099151611	12.250070571899414	0.03189573665754777
cov10_n10_g0_s42_hotspots_p80_chr1	10	10	1455	3770	5596	0	0.44089046559029654	0.32886090860919276	0.25	0.3199595808982849	18.987646102905273	0.03329299925219774
cov10_n10_g0_s42_hotspots_p80_chr1	10	10	1456	3187	5877	0	0.43470461729617366	0.33945673792683245	0.17647058823529413	0.3742903470993042	13.488733291625977	0.03522745211324612
cov10_n10_g0_s42_hotspots_p80_chr1	10	10	1457	5178	7833	0	0.6490985963626614	0.5858276700033828	0.3333333333333333	0.5005676746368408	16.814956665039062	0.027239065152322772
cov10_n10_g0_s42_hotspots_p80_chr1	10	10	1458	3758	6461	0	0.6748421196357518	0.6156307155249772	0.5384615384615384	0.4985550343990326	18.322221755981445	0.026188624641323353
cov10_n10_g0_s42_hotspots_p80_chr1	10	10	1459	3030	6520	0	0.384846783793836	0.272234313750986	0.17647058823529413	0.30738043785095215	15.675564765930176	0.03576266604722014
cov10_n10_g0_s42_hotspots_p80_chr1	10	10	1460	3272	6963	0	0.6617260612588454	0.600655453732012	0.3333333333333333	0.5049383044242859	17.174333572387695	0.02674854294782555
cov10_n10_g0_s42_hotspots_p80_chr1	10	10	1461	2481	5335	0	0.569539620870287	0.4941645302872607	0.3333333333333333	0.46681320667266846	14.8854398727417	0.030376203843049746
cov10_n10_g0_s42_hotspots_p80_chr1	10	10	1462	3539	6388	0	0.47170411134877294	0.3563850215808256	0.25	0.30801334977149963	23.453102111816406	0.03182680020368134
cov10_n10_g0_s42_hotspots_p80_chr1	10	10	1463	3072	6184	0	0.7060112032126423	0.6543904233961854	0.42857142857142855	0.547066330909729	16.654945373535156	0.025156748138353432
cov10_n10_g0_s42_hotspots_p80_chr1	10	10	1464	3464	8147	0	0.41482863128942515	0.31176863443015723	0.25	0.34291020035743713	14.634456634521484	0.03531108943865313
cov10_n10_g0_s42_hotspots_p80_chr1	10	10	1465	1579	3626	0	0.3061809085194357	0.20323994254041264	0.25	0.2961810827255249	10.686650276184082	0.04097841998074246
cov10_n10_g0_s42_hotspots_p80_chr1	10	10	1466	3755	7098	0	0.6154778007607947	0.551618504029225	0.42857142857142855	0.5318894982337952	13.39004135131836	0.02921995648659009
cov10_n10_g0_s42_hotspots_p80_chr1	10	10	1467	2847	5434	0	0.697868208071143	0.6482957742920835	0.42857142857142855	0.6053988337516785	13.28812313079834	0.026022921876893253
cov10_n10_g0_s42_hotspots_p80_chr1	10	10	1468	2691	5634	0	0.5265679668563306	0.43254048309569737	0.25	0.37609487771987915	19.60261344909668	0.030780396857281372
cov10_n10_g0_s42_hotspots_p80_chr1	10	10	1469	4240	8413	0	0.5604309652287217	0.4967221374701308	0.42857142857142855	0.5533509254455566	10.257534980773926	0.03294296760267274
cov10_n10_g0_s42_hotspots_p80_chr1	10	10	1470	3959	8096	0	0.631156487243877	0.5672604338464837	0.3333333333333333	0.5181536674499512	14.837372779846191	0.028232659714700205
cov10_n10_g0_s42_hotspots_p80_chr1	10	10	1471	4134	9055	0	0.6282923334099704	0.567311584719038	0.3333333333333333	0.5496066808700562	13.068310737609863	0.028852998674356214
cov10_n10_g0_s42_hotspots_p80_chr1	10	10	1472	3741	7450	0	0.6074704871352247	0.5461377296696547	0.42857142857142855	0.5592292547225952	11.799688339233398	0.030187360912692824
cov10_n10_g0_s42_hotspots_p80_chr1	10	10	1473	1554	3328	0	0.6317510924475246	0.573304450392229	0.3333333333333333	0.572093665599823	12.194321632385254	0.02906601105024305
cov10_n10_g0_s42_hotspots_p80_chr1	10	10	1474	2869	6704	0	0.6868292769517813	0.6313382825806279	0.42857142857142855	0.5320668816566467	16.66345977783203	0.025883918096386828
cov10_n10_g0_s42_hotspots_p80_chr1	10	10	1475	4134	9376	0	0.5178298504086566	0.44812798730539993	0.25	0.5124708414077759	10.21023941040039	0.03454105056145256
cov10_n10_g0_s42_hotspots_p80_chr1	10	10	1476	3850	8472	0	0.6591319446016609	0.5970701978933629	0.3333333333333333	0.4960966408252716	17.652740478515625	0.026792978599166038
cov10_n10_g0_s42_hotspots_p80_chr1	10	10	1477	4307	8632	0	0.5767581049482438	0.49636681042636266	0.17647058823529413	0.4272230565547943	18.225440979003906	0.029458392015588582
cov10_n10_g0_s42_hotspots_p80_chr1	10	10	1478	3958	6658	0	0.5486755568444163	0.4671740722086204	0.42857142857142855	0.4359505772590637	15.840058326721191	0.030810096806789457
cov10_n10_g0_s42_hotspots_p80_chr1	10	10	1479	4107	7137	0	0.539115100050845	0.4465554839763634	0.25	0.37720969319343567	20.426660537719727	0.030313712258040616
cov10_n10_g0_s42_hotspots_p80_chr1	10	10	1480	4741	7529	0	0.5377176624168211	0.45289210028185384	0.25	0.4204978942871094	16.352378845214844	0.031034980158683247
cov10_n10_g0_s42_hotspots_p80_chr1	10	10	1481	4076	7567	0	0.6285815724425193	0.5584661469662612	0.42857142857142855	0.45423761010169983	19.149484634399414	0.027697743447899124
cov10_n10_g0_s42_hotspots_p80_chr1	10	10	1482	3320	6429	0	0.5525927154599529	0.45909236011356175	0.25	0.3598248362541199	23.58458137512207	0.029672299378418466
cov10_n10_g0_s42_hotspots_p80_chr1	10	10	1483	4296	7193	0	0.6075727365029637	0.530457268235223	0.3333333333333333	0.4147733747959137	21.457286834716797	0.028206724218456505
cov10_n10_g0_s42_hotspots_p80_chr1	10	10	1484	3628	6375	0	0.5668957318323931	0.487547349084437	0.25	0.44120359420776367	16.5092830657959	0.030068932523052913
cov10_n10_g0_s42_hotspots_p80_chr1	10	10	1485	2254	4297	0	0.5274875526861014	0.43480460471180743	0.3333333333333333	0.3824823796749115	19.019609451293945	0.0308384589763389
cov10_n10_g0_s42_hotspots_p80_chr1	10	10	1486	4543	7136	0	0.4630164378763106	0.3597085708873074	0.25	0.34893879294395447	17.607362747192383	0.032978527682445
cov10_n10_g0_s42_hotspots_p80_chr1	10	10	1487	3989	8388	0	0.5866615667531081	0.5116176695250605	0.3333333333333333	0.4592658579349518	16.317245483398438	0.02946007317043577
cov10_n10_g0_s42_hotspots_p80_chr1	10	10	1488	3223	5850	0	0.5457206319390413	0.4733686820061298	0.42857142857142855	0.4939441978931427	12.20632553100586	0.03223660590075734
cov10_n10_g0_s42_hotspots_p80_chr1	10	10	1489	4371	8157	0	0.4709721745355939	0.37146659735424115	0.3333333333333333	0.36285874247550964	16.846717834472656	0.03293687011865265
cov10_n10_g0_s42_hotspots_p80_chr1	10	10	1490	3647	7827	0	0.580561180516976	0.5164860087242193	0.3333333333333333	0.5463743209838867	11.290559768676758	0.03148307141799696
cov10_n10_g0_s42_hotspots_p80_chr1	10	10	1491	4397	7981	0	0.6300710136382427	0.568504326678605	0.3333333333333333	0.542413592338562	13.493289947509766	0.028641793212262335
cov10_n10_g0_s42_hotspots_p80_chr1	10	10	1492	3761	7541	0	0.5634488996510667	0.48650222039466223	0.25	0.4588637351989746	15.077926635742188	0.03052649871062189
cov10_n10_g0_s42_hotspots_p80_chr1	10	10	1493	3890	7210	0	0.6327434038895302	0.5683271268199311	0.3333333333333333	0.5110860466957092	15.32735538482666	0.028068135043914966
cov10_n10_g0_s42_hotspots_p80_chr1	10	10	1494	4202	8446	0	0.5221997454970763	0.41900397827945385	0.25	0.3330470323562622	24.584545135498047	0.030427486159676654
cov10_n10_g0_s42_hotspots_p80_chr1	10	10	1495	4499	7346	0	0.4180441267238036	0.2933913638754733	0.17647058823529413	0.2848871946334839	21.532699584960938	0.033440910612595645
cov10_n10_g0_s42_hotspots_p80_chr1	10	10	1496	3131	5483	0	0.20295122649133066	0.04653177601545424	0.05263157894736842	0.1542953997850418	17.301244735717773	0.03983406602725897
cov10_n10_g0_s42_hotspots_p80_chr1	10	10	1497	3509	6198	0	0.5637529462659269	0.4733118624691596	0.3333333333333333	0.36718735098838806	23.572309494018555	0.02936519690468162
cov10_n10_g0_s42_hotspots_p80_chr1	10	10	1498	4689	7640	0	0.4004873943301549	0.286449387307799	0.17647058823529413	0.3080119788646698	16.90606117248535	0.03491919013007682
cov10_n10_g0_s42_hotspots_p80_chr1	10	10	1499	3427	6083	0	0.5287365101366327	0.44352112511341923	0.3333333333333333	0.4209079146385193	15.77991008758545	0.031462307323948314
cov10_n10_g0_s42_hotspots_p80_chr1	10	10	1500	3813	6643	0	0.7119989436788106	0.6673432478806349	0.42857142857142855	0.6582513451576233	11.699714660644531	0.025937884821616228
cov10_n10_g0_s42_hotspots_p80_chr1	10	10	1501	3421	6972	0	0.6579023116730172	0.5945096127193037	0.3333333333333333	0.477359414100647	18.994672775268555	0.02673351270424102
cov10_n10_g0_s42_hotspots_p80_chr1	10	10	1502	3520	6814	0	0.7368959720587885	0.6942379706000753	0.5384615384615384	0.6445028185844421	13.07262134552002	0.0243913852763994
cov10_n10_g0_s42_hotspots_p80_chr1	10	10	1503	3482	6309	0	0.40852220880398094	0.28870651068002995	0.17647058823529413	0.2951714098453522	19.155027389526367	0.034126846771353206
cov10_n10_g0_s42_hotspots_p80_chr1	10	10	1504	3191	6086	0	0.4243294938348832	0.2955315017320763	0.25	0.2756730914115906	23.692874908447266	0.032990940437788295
cov10_n10_g0_s42_hotspots_p80_chr1	10	10	1505	3557	6353	0	0.59133936882942	0.5167348890001673	0.3333333333333333	0.4590819478034973	16.591787338256836	0.02925200779332189
cov10_n10_g0_s42_hotspots_p80_chr1	10	10	1506	2937	5440	0	0.23897028304746282	0.12925158814716167	0.1111111111111111	0.23706290125846863	10.161563873291016	0.04344500262327612
cov10_n10_g0_s42_hotspots_p80_chr1	10	10	1507	2349	5155	0	0.6299321203059755	0.5659725422647116	0.42857142857142855	0.5187773704528809	14.744341850280762	0.028299104993851684
cov10_n10_g0_s42_hotspots_p80_chr1	10	10	1508	3420	6480	0	0.4612930367694382	0.39189501788972514	0.25	0.5038321614265442	8.382662773132324	0.03849145998732908
cov10_n10_g0_s42_hotspots_p80_chr1	10	10	1509	3570	6844	0	0.5094724303359423	0.39960458387442566	0.25	0.31110432744026184	26.81817626953125	0.030632351370886993
cov10_n10_g0_s42_hotspots_p80_chr1	10	10	1510	3688	7221	0	0.5415039766475369	0.4601822726261265	0.42857142857142855	0.4393662214279175	15.189725875854492	0.031217128356902917
cov10_n10_g0_s42_hotspots_p80_chr1	10	10	1511	3809	6422	0	0.6327125945211248	0.5679923763185617	0.25	0.5079631805419922	15.51488208770752	0.02803158992695972
cov10_n10_g0_s42_hotspots_p80_chr1	10	10	1512	2567	4298	0	0.498570151825049	0.4255020294943082	0.3333333333333333	0.4899374544620514	10.355504035949707	0.03510333267473233
cov10_n10_g0_s42_hotspots_p80_chr1	10	10	1513	3120	5050	0	0.5434732182437947	0.45558896660854664	0.25	0.40095025300979614	18.372798919677734	0.03046273063208605
cov10_n10_g0_s42_hotspots_p80_chr1	10	10	1514	3436	6518	0	0.5779112784973207	0.4905292106698153	0.3333333333333333	0.3682015538215637	24.634920120239258	0.028929327581464482
cov10_n10_g0_s42_hotspots_p80_chr1	10	10	1515	3438	5860	0	0.4058608839755506	0.251905166327249	0.0	0.227480947971344	31.832029342651367	0.032771693173305645
cov10_n10_g0_s42_hotspots_p80_chr1	10	10	1516	2991	5105	0	0.5257691629065958	0.42309425285807606	0.3333333333333333	0.33271104097366333	24.97214126586914	0.030311387400197346
cov10_n10_g0_s42_hotspots_p80_chr1	10	10	1517	2578	6317	0	0.5894225189095363	0.510775968801424	0.3333333333333333	0.428496390581131	18.921655654907227	0.02897201584508312
cov10_n10_g0_s42_hotspots_p80_chr1	10	10	1518	2623	5933	0	0.3801938939326608	0.29984840686161696	0.3333333333333333	0.4134342074394226	8.456629753112793	0.04116484582604702
cov10_n10_g0_s42_hotspots_p80_chr1	10	10	1519	2115	4319	0	0.5044078103425773	0.44948882279579344	0.3333333333333333	0.6197803020477295	6.623506546020508	0.0398467950366803
cov10_n10_g0_s42_hotspots_p80_chr1	10	10	1520	2544	5125	0	0.5714623991653007	0.5108511372318323	0.42857142857142855	0.5764558911323547	9.827500343322754	0.03287554072769856
cov10_n10_g0_s42_hotspots_p80_chr1	10	10	1521	1049	1193	0	0.3127940941557614	-0.16438344617894102	0.05263157894736842	0.11317519098520279	76.38614654541016	0.03362594630350126
