pool	true_n	cov	block	n_nz_kmers	n_panel_kmers	would_fallback	cosine	pearson	jaccard_topN	mass_on_true	eff_n	h_rmse
cov10_n5_g0_s42_hotspots_p80_chr1	5	10	0	657	1219	0	0.1273776722527467	0.006097139300868527	0.0	0.06513332575559616	19.12274169921875	0.053178993431141235
cov10_n5_g0_s42_hotspots_p80_chr1	5	10	1	1044	1819	0	0.5704084157045425	0.5340443562954805	0.42857142857142855	0.4361048638820648	8.553816795349121	0.04219966443871806
cov10_n5_g0_s42_hotspots_p80_chr1	5	10	2	1237	2115	0	0.42367358515005527	0.3723611033435103	0.25	0.31448131799697876	9.074925422668457	0.048010574858809156
cov10_n5_g0_s42_hotspots_p80_chr1	5	10	3	229	831	0	0.4348643296250046	0.39901304763507384	0.25	0.45527252554893494	4.561783790588379	0.05444073371065221
cov10_n5_g0_s42_hotspots_p80_chr1	5	10	4	208	986	0	0.2680503111057951	0.22443434340455626	0.1111111111111111	0.297405481338501	4.061671257019043	0.06395720091679556
cov10_n5_g0_s42_hotspots_p80_chr1	5	10	5	733	1310	0	0.3660815362242118	0.3315462903857387	0.25	0.43902263045310974	3.476576805114746	0.06245300467527206
cov10_n5_g0_s42_hotspots_p80_chr1	5	10	6	1127	2054	0	0.47271320847345305	0.42254513252387377	0.42857142857142855	0.31820353865623474	11.03457260131836	0.04518612300520979
cov10_n5_g0_s42_hotspots_p80_chr1	5	10	7	1202	2011	0	0.38588180582075093	0.30659288260763257	0.1111111111111111	0.17265501618385315	24.975849151611328	0.04622995164090612
cov10_n5_g0_s42_hotspots_p80_chr1	5	10	8	484	1603	0	0.4063948930923245	0.3626270319386714	0.25	0.36882033944129944	6.070671081542969	0.052105457754014664
cov10_n5_g0_s42_hotspots_p80_chr1	5	10	9	313	1137	0	0.4010560522654326	0.3413814903995619	0.1111111111111111	0.26197266578674316	11.718395233154297	0.047506163583855295
cov10_n5_g0_s42_hotspots_p80_chr1	5	10	10	715	1673	0	0.5200652614089476	0.47570758279833053	0.25	0.3563292324542999	10.650815963745117	0.04349681577915365
cov10_n5_g0_s42_hotspots_p80_chr1	5	10	11	548	1614	0	0.5004735383879287	0.46279790069948024	0.1111111111111111	0.4429124891757965	6.384052276611328	0.04736498321308987
cov10_n5_g0_s42_hotspots_p80_chr1	5	10	12	1073	2386	0	0.38464636002223773	0.3387820650745004	0.25	0.34548482298851013	6.197768688201904	0.05281506296284636
cov10_n5_g0_s42_hotspots_p80_chr1	5	10	13	798	1698	0	0.26481319869687453	0.17048752076581697	0.1111111111111111	0.13792511820793152	18.43157958984375	0.04988545176467197
cov10_n5_g0_s42_hotspots_p80_chr1	5	10	14	872	1563	0	0.5877042958948886	0.5510169287472954	0.25	0.4092600643634796	10.31071949005127	0.040817032274464975
cov10_n5_g0_s42_hotspots_p80_chr1	5	10	15	800	1478	0	0.5236912908580756	0.47672068268953505	0.25	0.31579717993736267	13.750046730041504	0.04277969119444038
cov10_n5_g0_s42_hotspots_p80_chr1	5	10	16	1204	2169	0	0.599117602293839	0.564575034569412	0.25	0.4396243393421173	9.286042213439941	0.04059537660550424
cov10_n5_g0_s42_hotspots_p80_chr1	5	10	17	1304	2301	0	0.6772359813518283	0.650395840605487	0.42857142857142855	0.42628195881843567	12.619905471801758	0.0368658229036839
cov10_n5_g0_s42_hotspots_p80_chr1	5	10	18	1557	2266	0	0.5900526014617377	0.5555185057356052	0.25	0.45123255252838135	8.549695014953613	0.04130227201015163
cov10_n5_g0_s42_hotspots_p80_chr1	5	10	19	1117	2046	0	0.6499489559248199	0.6240231542967952	0.25	0.5828520059585571	6.217444896697998	0.039952624430351046
cov10_n5_g0_s42_hotspots_p80_chr1	5	10	20	1110	1724	0	0.6031215726452874	0.5735006006549662	0.42857142857142855	0.5375489592552185	6.29424524307251	0.04240514292500857
cov10_n5_g0_s42_hotspots_p80_chr1	5	10	21	975	2167	0	0.6762343056155884	0.6492267778352334	0.42857142857142855	0.49234384298324585	9.432512283325195	0.03692539052175667
cov10_n5_g0_s42_hotspots_p80_chr1	5	10	22	932	1545	0	0.46247743424189625	0.41826006131800814	0.25	0.37348103523254395	7.666798114776611	0.04757101864806428
cov10_n5_g0_s42_hotspots_p80_chr1	5	10	23	1103	1637	0	0.7332458457447638	0.7166878366108621	0.6666666666666666	0.7800850868225098	4.417588710784912	0.037804396693147696
cov10_n5_g0_s42_hotspots_p80_chr1	5	10	24	1129	1624	0	0.3674995588216034	0.27876595180632646	0.25	0.14257977902889252	33.217567443847656	0.04651245007648998
cov10_n5_g0_s42_hotspots_p80_chr1	5	10	25	997	1565	0	0.6237841766842755	0.5903451043557282	0.25	0.40543049573898315	11.836026191711426	0.03910172923343652
cov10_n5_g0_s42_hotspots_p80_chr1	5	10	26	1180	1872	0	0.49456086190442833	0.44732515119213745	0.25	0.33790427446365356	10.710803985595703	0.0444693657871714
cov10_n5_g0_s42_hotspots_p80_chr1	5	10	27	1152	2142	0	0.5788448791621489	0.539203037804065	0.25	0.338365763425827	14.632599830627441	0.040772883503216326
cov10_n5_g0_s42_hotspots_p80_chr1	5	10	28	795	1792	0	0.20583777555464125	0.10288926304544277	0.1111111111111111	0.10901124030351639	17.82697296142578	0.05153764101347494
cov10_n5_g0_s42_hotspots_p80_chr1	5	10	29	1339	2083	0	0.5669474823606095	0.5332505977884677	0.25	0.48302847146987915	6.888270854949951	0.04358367209437747
cov10_n5_g0_s42_hotspots_p80_chr1	5	10	30	696	1643	0	0.5637478763694896	0.5289787813712067	0.42857142857142855	0.4670102894306183	7.28596305847168	0.04336561354198692
cov10_n5_g0_s42_hotspots_p80_chr1	5	10	31	988	2298	0	0.3934681269710479	0.34231428432837085	0.1111111111111111	0.311237096786499	7.9910969734191895	0.050080488178333875
cov10_n5_g0_s42_hotspots_p80_chr1	5	10	32	769	1740	0	0.5975393919252578	0.5605372134210632	0.42857142857142855	0.3528095483779907	14.342419624328613	0.0400935503995987
cov10_n5_g0_s42_hotspots_p80_chr1	5	10	33	951	2349	0	0.6895571318995909	0.666215824639773	0.42857142857142855	0.6049226522445679	6.496969699859619	0.0374080312011894
cov10_n5_g0_s42_hotspots_p80_chr1	5	10	34	624	1777	0	0.31125709405201446	0.24334696037842213	0.1111111111111111	0.21082311868667603	10.898634910583496	0.05091971150379334
cov10_n5_g0_s42_hotspots_p80_chr1	5	10	35	635	2482	0	0.3994754598681951	0.3371132980062702	0.25	0.24783459305763245	12.990514755249023	0.04714941742953092
cov10_n5_g0_s42_hotspots_p80_chr1	5	10	36	736	1765	0	0.3877657579291186	0.3393317967587359	0.25	0.32800960540771484	6.987726211547852	0.05146652243305969
cov10_n5_g0_s42_hotspots_p80_chr1	5	10	37	785	2189	0	0.29615536208322707	0.1928752346516853	0.0	0.12949058413505554	26.153682708740234	0.048275162328143904
cov10_n5_g0_s42_hotspots_p80_chr1	5	10	38	415	1688	0	0.4528915671608446	0.40713042215585216	0.25	0.35936683416366577	7.94113302230835	0.04772052418410144
cov10_n5_g0_s42_hotspots_p80_chr1	5	10	39	546	1857	0	0.5217077405068091	0.49321846277727754	0.25	0.5769872665405273	4.087822437286377	0.05170034972567872
cov10_n5_g0_s42_hotspots_p80_chr1	5	10	40	618	1818	0	0.539036008305266	0.5134583495191799	0.42857142857142855	0.6318181753158569	3.6393299102783203	0.052684036943366694
cov10_n5_g0_s42_hotspots_p80_chr1	5	10	41	655	2048	0	0.20819917470165633	0.13390584083904952	0.1111111111111111	0.15031787753105164	9.591943740844727	0.05524117561254837
cov10_n5_g0_s42_hotspots_p80_chr1	5	10	42	168	1179	1	0.35459525304798684	0.296896173541895	0.1111111111111111	0.26469162106513977	8.973367691040039	0.05069075839794191
cov10_n5_g0_s42_hotspots_p80_chr1	5	10	43	237	1380	0	0.5822838024702403	0.5547538417756749	0.25	0.5885410308837891	4.894247055053711	0.045949035377320396
cov10_n5_g0_s42_hotspots_p80_chr1	5	10	44	334	1290	0	0.24548174170086245	0.16763704815141453	0.1111111111111111	0.16070763766765594	11.666359901428223	0.052611011922571664
cov10_n5_g0_s42_hotspots_p80_chr1	5	10	45	465	1470	0	0.5264510361478532	0.48573103972927023	0.42857142857142855	0.3989655375480652	8.705930709838867	0.044056499118406825
cov10_n5_g0_s42_hotspots_p80_chr1	5	10	46	541	1685	0	0.5921853872539856	0.5587953183041352	0.42857142857142855	0.4715087115764618	7.886892318725586	0.04156157619185146
cov10_n5_g0_s42_hotspots_p80_chr1	5	10	47	210	751	0	0.31581697889667015	0.21641573557592877	0.1111111111111111	0.13585028052330017	27.02214813232422	0.047784224803949206
cov10_n5_g0_s42_hotspots_p80_chr1	5	10	48	800	1969	0	0.3009120050486668	0.22960731502230416	0.1111111111111111	0.19707663357257843	11.65678596496582	0.050862103820640645
cov10_n5_g0_s42_hotspots_p80_chr1	5	10	49	1189	1833	0	0.41846597435798005	0.3634187682433629	0.25	0.28933167457580566	10.459197044372559	0.047417951391830256
cov10_n5_g0_s42_hotspots_p80_chr1	5	10	50	1294	2290	0	0.36431718356084036	0.2906922701973938	0.25	0.20047248899936676	16.51276206970215	0.04748292158056779
cov10_n5_g0_s42_hotspots_p80_chr1	5	10	51	163	323	1	0.1321686926084536	0.011654225958609403	0.0	0.06752800196409225	19.15399742126465	0.053056246408191905
cov10_n5_g0_s42_hotspots_p80_chr1	5	10	52	946	1674	0	0.2610862505145834	0.15757967491180555	0.0	0.12435930222272873	22.038469314575195	0.049450920040747734
cov10_n5_g0_s42_hotspots_p80_chr1	5	10	53	375	978	0	0.42748002185075656	0.3914281765348329	0.42857142857142855	0.45057690143585205	4.50053071975708	0.054996049525546264
cov10_n5_g0_s42_hotspots_p80_chr1	5	10	54	295	830	0	0.32806815532302663	0.29349728217771476	0.1111111111111111	0.4140453636646271	3.1390790939331055	0.06642162631742463
cov10_n5_g0_s42_hotspots_p80_chr1	5	10	55	1278	2386	0	0.4178591418348002	0.3612285577199625	0.1111111111111111	0.2794308066368103	11.181015014648438	0.04712549680019547
cov10_n5_g0_s42_hotspots_p80_chr1	5	10	56	1622	2712	0	0.2553243925083544	0.17945883826101172	0.1111111111111111	0.16897477209568024	11.41591739654541	0.05244128570978316
cov10_n5_g0_s42_hotspots_p80_chr1	5	10	57	1094	1767	0	0.4718088376838855	0.4243177563374803	0.25	0.3424946069717407	9.488436698913574	0.04587940545913333
cov10_n5_g0_s42_hotspots_p80_chr1	5	10	58	250	862	0	0.28247812670146	0.20139146347113115	0.25	0.16685977578163147	14.329675674438477	0.05037873403393359
cov10_n5_g0_s42_hotspots_p80_chr1	5	10	59	258	1092	0	0.3751683870621258	0.33683862193575725	0.25	0.40504300594329834	4.289633750915527	0.05821328618625498
cov10_n5_g0_s42_hotspots_p80_chr1	5	10	60	414	1416	0	0.270000412255999	0.2269987294200504	0.25	0.3027283847332001	3.977339267730713	0.0642585613570191
cov10_n5_g0_s42_hotspots_p80_chr1	5	10	61	864	1639	0	0.18082622772192639	0.05434753735953654	0.1111111111111111	0.08262713998556137	23.946796417236328	0.05107694938992588
cov10_n5_g0_s42_hotspots_p80_chr1	5	10	62	772	1713	0	0.2963804663837707	0.20551239609315164	0.0	0.15028023719787598	19.447574615478516	0.04890145701480824
cov10_n5_g0_s42_hotspots_p80_chr1	5	10	63	840	1542	0	0.3965502451720883	0.3221668260035947	0.1111111111111111	0.19000953435897827	21.77788543701172	0.0460861061110319
cov10_n5_g0_s42_hotspots_p80_chr1	5	10	64	1247	1884	0	0.4148823742580215	0.37634563220064327	0.25	0.4196197986602783	4.887739181518555	0.0543996385585462
cov10_n5_g0_s42_hotspots_p80_chr1	5	10	65	891	1478	0	0.20660958838189242	0.07816162708674458	0.1111111111111111	0.08908744156360626	26.892921447753906	0.05019331777904761
cov10_n5_g0_s42_hotspots_p80_chr1	5	10	66	538	881	0	0.40476332641944435	0.32907783793047485	0.25	0.15719039738178253	33.152809143066406	0.045728437725216745
cov10_n5_g0_s42_hotspots_p80_chr1	5	10	67	607	1087	0	0.10861187917921142	0.03186752101566696	0.0	0.08554612100124359	8.059796333312988	0.06019283270501219
cov10_n5_g0_s42_hotspots_p80_chr1	5	10	68	657	1755	0	0.4350413796470177	0.3884095965506144	0.25	0.3509090542793274	7.684966564178467	0.04870325333334071
cov10_n5_g0_s42_hotspots_p80_chr1	5	10	69	882	1745	0	0.22323027413732036	0.1356370914273098	0.1111111111111111	0.1344873607158661	13.775684356689453	0.05229683628290503
cov10_n5_g0_s42_hotspots_p80_chr1	5	10	70	968	1713	0	0.23123855644337535	0.1393823281574842	0.1111111111111111	0.13130755722522736	15.506400108337402	0.05147408005487358
cov10_n5_g0_s42_hotspots_p80_chr1	5	10	71	473	1609	0	0.2881816840900881	0.21496334037732487	0.1111111111111111	0.1876135915517807	11.79707145690918	0.05120075229072477
cov10_n5_g0_s42_hotspots_p80_chr1	5	10	72	713	1788	0	0.45812293385607966	0.40689845087205584	0.25	0.31309252977371216	10.705049514770508	0.04584986955571689
cov10_n5_g0_s42_hotspots_p80_chr1	5	10	73	758	1911	0	0.5393083528490799	0.49744134940470414	0.25	0.3752311170101166	10.32872200012207	0.04282594784121013
cov10_n5_g0_s42_hotspots_p80_chr1	5	10	74	700	1581	0	0.35806880958612386	0.28505997680991235	0.25	0.20258644223213196	15.62004566192627	0.04782595095955191
cov10_n5_g0_s42_hotspots_p80_chr1	5	10	75	870	2368	0	0.34535326060278193	0.28153698559591567	0.25	0.23512914776802063	10.786591529846191	0.049831721977542404
cov10_n5_g0_s42_hotspots_p80_chr1	5	10	76	830	1989	0	0.07201439423881885	-0.008915938154238624	0.1111111111111111	0.05612720921635628	8.231173515319824	0.06113902996190981
cov10_n5_g0_s42_hotspots_p80_chr1	5	10	77	686	2214	0	0.43649251638904646	0.38303057732978224	0.25	0.2992662191390991	10.636733055114746	0.04667806510498289
cov10_n5_g0_s42_hotspots_p80_chr1	5	10	78	809	1539	0	0.15432733563442003	0.08692374723962949	0.1111111111111111	0.1304713636636734	6.995604515075684	0.06028664301623972
cov10_n5_g0_s42_hotspots_p80_chr1	5	10	79	971	2069	0	0.25666965492947696	0.1644771233003508	0.1111111111111111	0.13901613652706146	17.04467010498047	0.050381408525344853
cov10_n5_g0_s42_hotspots_p80_chr1	5	10	80	938	2192	0	0.22339551248907794	0.1307975755309533	0.1111111111111111	0.127438485622406	15.364472389221191	0.051733671472877954
cov10_n5_g0_s42_hotspots_p80_chr1	5	10	81	904	1741	0	0.1614033012624281	0.024742965794606258	0.0	0.0712089017033577	25.687761306762695	0.0512890687775322
cov10_n5_g0_s42_hotspots_p80_chr1	5	10	82	1226	2187	0	0.562247687250411	0.5235055578159826	0.25	0.4030016362667084	9.732216835021973	0.04206406814559581
cov10_n5_g0_s42_hotspots_p80_chr1	5	10	83	1051	2070	0	0.4105822192965744	0.36327112677217915	0.1111111111111111	0.3417617976665497	7.216445446014404	0.050232915927161864
cov10_n5_g0_s42_hotspots_p80_chr1	5	10	84	523	1339	0	0.5278155353620788	0.4870521984999581	0.1111111111111111	0.39776623249053955	8.803970336914062	0.043942952423034615
cov10_n5_g0_s42_hotspots_p80_chr1	5	10	85	262	878	0	0.05570768384158487	-0.02531233915399749	0.0	0.04409392923116684	7.980729103088379	0.06201453994708202
cov10_n5_g0_s42_hotspots_p80_chr1	5	10	86	78	146	1	0.2735134804019538	0.15467016208355458	0.1111111111111111	0.10892406105995178	31.526798248291016	0.04849605993477683
cov10_n5_g0_s42_hotspots_p80_chr1	5	10	87	152	502	1	0.462742288020617	0.432618888491499	0.1111111111111111	0.5395534634590149	3.6777267456054688	0.05657801086190861
cov10_n5_g0_s42_hotspots_p80_chr1	5	10	88	1354	2284	0	0.1445781416224339	0.02234231228201818	0.0	0.07177907973527908	20.285207748413086	0.052510162080736195
cov10_n5_g0_s42_hotspots_p80_chr1	5	10	89	664	1504	0	0.35957733171609585	0.297927653364527	0.25	0.24746082723140717	10.557027816772461	0.0494645446696393
cov10_n5_g0_s42_hotspots_p80_chr1	5	10	90	777	1764	0	0.4661298596289073	0.41143506760411674	0.1111111111111111	0.2814536988735199	13.714183807373047	0.0447682548437669
cov10_n5_g0_s42_hotspots_p80_chr1	5	10	91	678	2132	0	0.561343199635691	0.5241486854675512	0.42857142857142855	0.42935866117477417	8.546462059020996	0.04261220422572526
cov10_n5_g0_s42_hotspots_p80_chr1	5	10	92	618	1928	0	0.29236718554770413	0.230328332619101	0.1111111111111111	0.22406470775604248	8.512954711914062	0.05336690714153561
cov10_n5_g0_s42_hotspots_p80_chr1	5	10	93	956	2092	0	0.505140872957951	0.45888340463201077	0.42857142857142855	0.3430635929107666	10.840411186218262	0.04402016373384343
cov10_n5_g0_s42_hotspots_p80_chr1	5	10	94	822	1839	0	0.5272748419062637	0.4971343868856803	0.25	0.5493323802947998	4.606528282165527	0.04966767867712518
cov10_n5_g0_s42_hotspots_p80_chr1	5	10	95	794	2117	0	0.26315030251011073	0.20732061599321613	0.25	0.2330295890569687	6.376107692718506	0.057404668323734774
cov10_n5_g0_s42_hotspots_p80_chr1	5	10	96	790	2287	0	0.1306479856986653	0.057733202099150505	0.0	0.10535852611064911	7.688401222229004	0.05999194112375748
cov10_n5_g0_s42_hotspots_p80_chr1	5	10	97	1171	2647	0	0.7897218884373931	0.7740564181528993	0.42857142857142855	0.6855242252349854	6.635486125946045	0.0309223182746995
cov10_n5_g0_s42_hotspots_p80_chr1	5	10	98	903	2561	0	0.34515289740552385	0.2688628938166513	0.25	0.19112497568130493	16.30640411376953	0.04807229076704588
cov10_n5_g0_s42_hotspots_p80_chr1	5	10	99	944	2098	0	0.5355512424366632	0.48915240308641045	0.25	0.2875702679157257	17.341398239135742	0.04222519521646921
cov10_n5_g0_s42_hotspots_p80_chr1	5	10	100	863	2107	0	0.3397369179611619	0.2808272922238009	0.25	0.2545817196369171	8.904324531555176	0.05129233470752263
cov10_n5_g0_s42_hotspots_p80_chr1	5	10	101	1249	2461	0	0.529758047414112	0.48472490554459585	0.42857142857142855	0.33806049823760986	12.278242111206055	0.042752291587688326
cov10_n5_g0_s42_hotspots_p80_chr1	5	10	102	737	1779	0	0.5200383899114901	0.4713132911689223	0.25	0.28867262601852417	16.2266788482666	0.042743107239467545
cov10_n5_g0_s42_hotspots_p80_chr1	5	10	103	840	1516	0	0.4348496225072952	0.37941031065149156	0.25	0.28574857115745544	11.579239845275879	0.04637645188604801
cov10_n5_g0_s42_hotspots_p80_chr1	5	10	104	921	1765	0	0.3036727360478436	0.22712394643828068	0.1111111111111111	0.18340066075325012	13.70818042755127	0.04994858342011078
cov10_n5_g0_s42_hotspots_p80_chr1	5	10	105	308	834	0	0.12607190907359567	0.06955344764622914	0.1111111111111111	0.12971359491348267	4.723193168640137	0.06706673567729195
cov10_n5_g0_s42_hotspots_p80_chr1	5	10	106	100	168	1	0.23653767773505696	0.04516858645563454	0.1111111111111111	0.06911493837833405	58.5634651184082	0.04866075354617676
cov10_n5_g0_s42_hotspots_p80_chr1	5	10	107	510	1138	0	0.15414836441246607	0.025430909863320396	0.1111111111111111	0.0722651407122612	22.750459671020508	0.051847022342697516
cov10_n5_g0_s42_hotspots_p80_chr1	5	10	108	600	1558	0	0.4905282201912475	0.45521543208446635	0.25	0.47268348932266235	5.384645462036133	0.04957820324829747
cov10_n5_g0_s42_hotspots_p80_chr1	5	10	109	563	1324	0	0.2690794342047112	0.2128971664429281	0.1111111111111111	0.23497797548770905	6.556571006774902	0.05684711652881352
cov10_n5_g0_s42_hotspots_p80_chr1	5	10	110	404	1172	0	0.5839992188667319	0.5472783654601738	0.25	0.4144746661186218	9.926553726196289	0.041071588054484236
cov10_n5_g0_s42_hotspots_p80_chr1	5	10	111	492	1758	0	0.5316930067239652	0.4967802814747794	0.42857142857142855	0.47584232687950134	6.242603778839111	0.04607773677704347
cov10_n5_g0_s42_hotspots_p80_chr1	5	10	112	751	2086	0	0.42954570063801834	0.36861862392830397	0.25	0.25108447670936584	14.633528709411621	0.045812448110586546
cov10_n5_g0_s42_hotspots_p80_chr1	5	10	113	909	2013	0	0.4001273837276175	0.33253007190597345	0.25	0.22173991799354553	16.280912399291992	0.04646580009965552
cov10_n5_g0_s42_hotspots_p80_chr1	5	10	114	858	1670	0	0.4237929397958724	0.36778860126163443	0.25	0.28309524059295654	11.2050142288208	0.046905179734708015
cov10_n5_g0_s42_hotspots_p80_chr1	5	10	115	1248	2415	0	0.4600620143321199	0.41504080644432656	0.25	0.3660378158092499	7.898614406585693	0.04745910889925029
cov10_n5_g0_s42_hotspots_p80_chr1	5	10	116	919	2223	0	0.5409371889145597	0.4973330934389935	0.25	0.346224844455719	12.2052640914917	0.042344113111061336
cov10_n5_g0_s42_hotspots_p80_chr1	5	10	117	845	2070	0	0.40636181932682236	0.3691701733384001	0.1111111111111111	0.4303436577320099	4.458255767822266	0.05614328907505965
cov10_n5_g0_s42_hotspots_p80_chr1	5	10	118	415	1366	0	0.6049082984079728	0.5730901589226111	0.25	0.4911903142929077	7.583147048950195	0.04113928165700937
cov10_n5_g0_s42_hotspots_p80_chr1	5	10	119	434	1434	0	0.6142422595345883	0.5952047608583059	0.42857142857142855	0.7800478935241699	3.1003220081329346	0.05129911941317299
cov10_n5_g0_s42_hotspots_p80_chr1	5	10	120	689	2008	0	0.22682997095269122	0.17701159400353572	0.1111111111111111	0.2341715544462204	4.69140100479126	0.06319486820390535
cov10_n5_g0_s42_hotspots_p80_chr1	5	10	121	558	1472	0	0.4471241462215779	0.3888361249454693	0.25	0.2623470425605774	14.523589134216309	0.04526514813067333
cov10_n5_g0_s42_hotspots_p80_chr1	5	10	122	879	1942	0	0.550058175967008	0.5096519587780204	0.42857142857142855	0.38769209384918213	10.064990043640137	0.04246725985241747
cov10_n5_g0_s42_hotspots_p80_chr1	5	10	123	937	2305	0	0.6156562882535309	0.5838669133943737	0.42857142857142855	0.479557067155838	8.240737915039062	0.040237660767811496
cov10_n5_g0_s42_hotspots_p80_chr1	5	10	124	725	1596	0	0.41710737374012685	0.3548409296063963	0.1111111111111111	0.2462868094444275	14.341134071350098	0.04626213009154168
cov10_n5_g0_s42_hotspots_p80_chr1	5	10	125	631	1830	0	0.27918994864955404	0.20715371773154645	0.0	0.18760091066360474	11.07387638092041	0.05187271122265734
cov10_n5_g0_s42_hotspots_p80_chr1	5	10	126	819	1725	0	0.39075686000852655	0.3291509474334548	0.1111111111111111	0.2516368329524994	12.056876182556152	0.04773435450984949
cov10_n5_g0_s42_hotspots_p80_chr1	5	10	127	798	1645	0	0.5400209830999047	0.49490229064495744	0.25	0.31723809242248535	14.4884033203125	0.04214935785991339
cov10_n5_g0_s42_hotspots_p80_chr1	5	10	128	643	1170	0	0.5115549756165679	0.46584044077241527	0.25	0.3454197645187378	10.966303825378418	0.04373507294081207
cov10_n5_g0_s42_hotspots_p80_chr1	5	10	129	1170	2197	0	0.6186391034582833	0.5870236499680119	0.25	0.47956693172454834	8.320440292358398	0.04005608192647088
cov10_n5_g0_s42_hotspots_p80_chr1	5	10	130	883	1960	0	0.5792737295598499	0.5431241688787114	0.42857142857142855	0.431633323431015	9.005497932434082	0.04159175710029441
cov10_n5_g0_s42_hotspots_p80_chr1	5	10	131	1034	2014	0	0.6434701843930103	0.6132150278160557	0.42857142857142855	0.46914705634117126	9.406084060668945	0.03851222869236611
cov10_n5_g0_s42_hotspots_p80_chr1	5	10	132	1169	2643	0	0.4372276955285943	0.3867928376141835	0.42857142857142855	0.3212563097476959	9.261514663696289	0.04736443526667711
cov10_n5_g0_s42_hotspots_p80_chr1	5	10	133	928	1838	0	0.5095656301098155	0.46452934487458425	0.25	0.35458916425704956	10.32569694519043	0.04401847659726391
cov10_n5_g0_s42_hotspots_p80_chr1	5	10	134	319	791	0	0.5218522308218312	0.47565708019488157	0.42857142857142855	0.3302716016769409	12.48310375213623	0.043011572528219764
cov10_n5_g0_s42_hotspots_p80_chr1	5	10	135	715	1777	0	0.6331481169727564	0.6081172195398935	0.42857142857142855	0.619282066822052	5.226412296295166	0.04237083665138493
cov10_n5_g0_s42_hotspots_p80_chr1	5	10	136	1099	2108	0	0.41697174308787716	0.35070962035749514	0.1111111111111111	0.22354456782341003	17.396224975585938	0.045834745079936644
cov10_n5_g0_s42_hotspots_p80_chr1	5	10	137	1042	2057	0	0.39418543570320064	0.32048349844235613	0.1111111111111111	0.19455498456954956	20.52515411376953	0.046219410939747047
cov10_n5_g0_s42_hotspots_p80_chr1	5	10	138	745	1773	0	0.2012681350839577	0.12667990787941028	0.1111111111111111	0.14607025682926178	9.492844581604004	0.05555564716789987
cov10_n5_g0_s42_hotspots_p80_chr1	5	10	139	663	1803	0	0.3283474279743285	0.2633231536953009	0.1111111111111111	0.22602294385433197	10.551935195922852	0.05054208203135842
cov10_n5_g0_s42_hotspots_p80_chr1	5	10	140	987	2133	0	0.25328274767277686	0.1681798990278252	0.0	0.1497368961572647	14.306178092956543	0.05123537825871499
cov10_n5_g0_s42_hotspots_p80_chr1	5	10	141	1084	2179	0	0.6179860948899935	0.5841634964127512	0.25	0.41696876287460327	10.98298454284668	0.03941167810013751
cov10_n5_g0_s42_hotspots_p80_chr1	5	10	142	809	1381	0	0.4390145633224681	0.3771698022792472	0.25	0.24068698287010193	16.63499641418457	0.04525475715154344
cov10_n5_g0_s42_hotspots_p80_chr1	5	10	143	796	1178	0	0.49190400647985866	0.43763255043593186	0.1111111111111111	0.24987494945526123	19.376943588256836	0.04353988748338273
cov10_n5_g0_s42_hotspots_p80_chr1	5	10	144	1067	1457	0	0.6222273416863893	0.5890417429252403	0.42857142857142855	0.3553989827632904	15.326244354248047	0.03922498522530514
cov10_n5_g0_s42_hotspots_p80_chr1	5	10	145	801	1873	0	0.5446713700383454	0.5090696374061131	0.25	0.46234750747680664	6.939082145690918	0.04460553163748065
cov10_n5_g0_s42_hotspots_p80_chr1	5	10	146	1043	1651	0	0.38133822488677976	0.3386060892505276	0.25	0.36877599358558655	5.346449851989746	0.05471855638371492
cov10_n5_g0_s42_hotspots_p80_chr1	5	10	147	824	1959	0	0.4177337529354184	0.3492454750177291	0.25	0.2097577005624771	19.83048439025879	0.04562405179709926
cov10_n5_g0_s42_hotspots_p80_chr1	5	10	148	1140	1813	0	0.5187269574856347	0.4711627423970696	0.25	0.3139955699443817	13.64585018157959	0.04296570227365512
cov10_n5_g0_s42_hotspots_p80_chr1	5	10	149	1030	1798	0	0.5029979065383289	0.4585866105642107	0.25	0.364670991897583	9.512615203857422	0.04461714512407729
cov10_n5_g0_s42_hotspots_p80_chr1	5	10	150	769	1618	0	0.24724681111405603	0.17321759550947616	0.0	0.16972343623638153	10.610791206359863	0.05319237515163106
cov10_n5_g0_s42_hotspots_p80_chr1	5	10	151	882	1338	0	0.27568160868841274	0.1856618834738444	0.1111111111111111	0.1476384401321411	17.433584213256836	0.04978769574475638
cov10_n5_g0_s42_hotspots_p80_chr1	5	10	152	820	1713	0	0.5901012844773352	0.5593895799689909	0.42857142857142855	0.5240205526351929	6.340542316436768	0.04302716904981893
cov10_n5_g0_s42_hotspots_p80_chr1	5	10	153	713	1722	0	0.5006275655738355	0.45402700855174044	0.25	0.34171435236930847	10.7318115234375	0.044228833135435415
cov10_n5_g0_s42_hotspots_p80_chr1	5	10	154	1198	2287	0	0.41107925496269065	0.3515286136857045	0.25	0.2624591588973999	12.265849113464355	0.04697652264588399
cov10_n5_g0_s42_hotspots_p80_chr1	5	10	155	1011	1831	0	0.4014018690461956	0.33209658163830164	0.1111111111111111	0.213052898645401	17.748184204101562	0.046249680501620954
cov10_n5_g0_s42_hotspots_p80_chr1	5	10	156	412	730	0	0.31622948855000554	0.2579367230526382	0.1111111111111111	0.24885529279708862	8.073853492736816	0.05295215641206633
cov10_n5_g0_s42_hotspots_p80_chr1	5	10	157	298	724	0	0.43059587530296456	0.38765686172070996	0.25	0.38190439343452454	6.356243133544922	0.05056726835364569
cov10_n5_g0_s42_hotspots_p80_chr1	5	10	158	197	466	1	0.19259580763219383	0.13074833538885136	0.1111111111111111	0.16894495487213135	6.497902870178223	0.059824517380358884
cov10_n5_g0_s42_hotspots_p80_chr1	5	10	159	1353	2005	0	0.17761446395724464	0.12171317324624632	0.1111111111111111	0.17440630495548248	5.185638904571533	0.06354897108478434
cov10_n5_g0_s42_hotspots_p80_chr1	5	10	160	1272	1921	0	0.4374414088164911	0.380534498657622	0.1111111111111111	0.2753116190433502	12.622945785522461	0.045975015471169424
cov10_n5_g0_s42_hotspots_p80_chr1	5	10	161	1382	2250	0	0.12496282353416262	0.0732410546539703	0.1111111111111111	0.13986952602863312	3.9910340309143066	0.07023298851944365
cov10_n5_g0_s42_hotspots_p80_chr1	5	10	162	1380	2458	0	0.43602315571423245	0.383659996150773	0.25	0.30712515115737915	10.077627182006836	0.04695471877604811
cov10_n5_g0_s42_hotspots_p80_chr1	5	10	163	1260	1959	0	0.29446449664306035	0.24251306091345576	0.1111111111111111	0.26793158054351807	6.039320945739746	0.05683406808540676
cov10_n5_g0_s42_hotspots_p80_chr1	5	10	164	1199	1732	0	0.3338315003509424	0.2703591431074413	0.25	0.2335261106491089	10.21771240234375	0.05055427897815822
cov10_n5_g0_s42_hotspots_p80_chr1	5	10	165	1054	1689	0	0.5948844467671175	0.5675866845840635	0.25	0.5889164805412292	5.101851463317871	0.04478290411699492
cov10_n5_g0_s42_hotspots_p80_chr1	5	10	166	1123	1707	0	0.18458366775993	0.12680277021358063	0.1111111111111111	0.17429715394973755	5.6075849533081055	0.06210988354355081
cov10_n5_g0_s42_hotspots_p80_chr1	5	10	167	1315	1829	0	0.3319377181260812	0.2614676092461525	0.1111111111111111	0.20780257880687714	12.757960319519043	0.049404124318981536
cov10_n5_g0_s42_hotspots_p80_chr1	5	10	168	1167	1924	0	0.3805659825725232	0.3187008472013422	0.25	0.24966228008270264	11.617804527282715	0.04824544914479927
cov10_n5_g0_s42_hotspots_p80_chr1	5	10	169	781	1381	0	0.5775108509601161	0.5453202912430762	0.25	0.5036388635635376	6.574336051940918	0.04339514318241142
cov10_n5_g0_s42_hotspots_p80_chr1	5	10	170	1037	2395	0	0.38499865200604466	0.3213183604971625	0.1111111111111111	0.2413785308599472	12.720118522644043	0.04770537296313439
cov10_n5_g0_s42_hotspots_p80_chr1	5	10	171	502	1772	0	0.5568134179930271	0.5342155109258117	0.42857142857142855	0.6957262754440308	3.202672243118286	0.05407734538903359
cov10_n5_g0_s42_hotspots_p80_chr1	5	10	172	1041	1957	0	0.3390551257828898	0.27248856625951895	0.1111111111111111	0.22301918268203735	11.556498527526855	0.049664340102151205
cov10_n5_g0_s42_hotspots_p80_chr1	5	10	173	1254	1967	0	0.21452672214793195	0.13159357664122331	0.0	0.1380564272403717	12.073119163513184	0.05333925179314702
cov10_n5_g0_s42_hotspots_p80_chr1	5	10	174	828	1612	0	0.48724464658617705	0.4445173551094147	0.25	0.38666072487831116	7.939698219299316	0.04627162629539594
cov10_n5_g0_s42_hotspots_p80_chr1	5	10	175	971	1901	0	0.42530581342681956	0.3773960604706384	0.25	0.3396637439727783	7.839245319366455	0.04895122532700464
cov10_n5_g0_s42_hotspots_p80_chr1	5	10	176	1285	2031	0	0.06245525229325313	-0.012039103692162637	0.0	0.053039271384477615	6.932865619659424	0.06354376216747425
cov10_n5_g0_s42_hotspots_p80_chr1	5	10	177	893	1291	0	0.36012615145730265	0.28511444438713107	0.25	0.1956949681043625	16.93245506286621	0.047536852900729065
cov10_n5_g0_s42_hotspots_p80_chr1	5	10	178	867	1283	0	0.33603447856453017	0.2642428554190181	0.1111111111111111	0.2042502611875534	13.533574104309082	0.049014056190389725
cov10_n5_g0_s42_hotspots_p80_chr1	5	10	179	1155	2108	0	0.3922912099680896	0.3233495935204677	0.1111111111111111	0.21688824892044067	16.357431411743164	0.04668765762355907
cov10_n5_g0_s42_hotspots_p80_chr1	5	10	180	874	1759	0	0.48585379514319565	0.4373708338261841	0.25	0.3290958106517792	10.897744178771973	0.04473865759793117
cov10_n5_g0_s42_hotspots_p80_chr1	5	10	181	556	1476	0	0.250593337794925	0.17066643667284648	0.0	0.1585271656513214	12.49400520324707	0.05203694760181071
cov10_n5_g0_s42_hotspots_p80_chr1	5	10	182	700	1835	0	0.35674652706283044	0.30375291928115306	0.25	0.2899520695209503	7.56897497177124	0.05197805439613582
cov10_n5_g0_s42_hotspots_p80_chr1	5	10	183	1125	2291	0	0.39039519176644694	0.32617877748748547	0.25	0.23891064524650574	13.350818634033203	0.04734679403474916
cov10_n5_g0_s42_hotspots_p80_chr1	5	10	184	354	1096	0	0.5196885305482926	0.47889833926517505	0.25	0.40085741877555847	8.403815269470215	0.04453237803120742
cov10_n5_g0_s42_hotspots_p80_chr1	5	10	185	359	895	0	0.523010701265653	0.4816836848150839	0.25	0.39277827739715576	8.865357398986816	0.04411452308440733
cov10_n5_g0_s42_hotspots_p80_chr1	5	10	186	837	1839	0	0.5647142910897397	0.523656366150472	0.25	0.3524722456932068	12.834465026855469	0.04137123414596367
cov10_n5_g0_s42_hotspots_p80_chr1	5	10	187	813	1348	0	0.311649310248243	0.2263179236057927	0.25	0.16385091841220856	18.088581085205078	0.04870101662773379
cov10_n5_g0_s42_hotspots_p80_chr1	5	10	188	796	2039	0	0.16900194186904127	0.021637037247735913	0.1111111111111111	0.06931111216545105	29.726764678955078	0.05073402110361685
cov10_n5_g0_s42_hotspots_p80_chr1	5	10	189	918	1832	0	0.2731183216044131	0.2030385673405448	0.1111111111111111	0.19055184721946716	10.271770477294922	0.052575358046464724
cov10_n5_g0_s42_hotspots_p80_chr1	5	10	190	680	1918	0	0.17456287591737832	0.08686839941136702	0.0	0.11241918057203293	12.05571460723877	0.05454133004068985
cov10_n5_g0_s42_hotspots_p80_chr1	5	10	191	587	1547	0	0.01924723174117496	-0.04833591690038985	0.0	0.01866038516163826	5.319433212280273	0.06896790865039226
cov10_n5_g0_s42_hotspots_p80_chr1	5	10	192	934	1432	0	0.2581101892177483	0.15557753835533614	0.1111111111111111	0.12493779510259628	21.33991050720215	0.049609151228479295
cov10_n5_g0_s42_hotspots_p80_chr1	5	10	193	652	1773	0	0.23338188117824996	0.14477265870413797	0.1111111111111111	0.13685321807861328	14.540999412536621	0.05172400035397772
cov10_n5_g0_s42_hotspots_p80_chr1	5	10	194	664	1833	0	0.4991739989554043	0.45704974787706554	0.25	0.3911063075065613	8.144871711730957	0.045597988555084
cov10_n5_g0_s42_hotspots_p80_chr1	5	10	195	485	1063	0	0.3416789691531208	0.26185574203200396	0.1111111111111111	0.18044471740722656	17.92743492126465	0.04790648966606559
cov10_n5_g0_s42_hotspots_p80_chr1	5	10	196	1141	2067	0	0.5060682405859444	0.4600721120755506	0.1111111111111111	0.3454998731613159	10.727350234985352	0.04401984230819012
cov10_n5_g0_s42_hotspots_p80_chr1	5	10	197	673	1285	0	0.0715291679218776	0.001038404513459573	0.0	0.06335431337356567	6.373588562011719	0.06437737884126449
cov10_n5_g0_s42_hotspots_p80_chr1	5	10	198	749	1651	0	0.35517381397618214	0.3097118526563642	0.25	0.33682921528816223	5.559457778930664	0.05535589230150334
cov10_n5_g0_s42_hotspots_p80_chr1	5	10	199	917	1952	0	0.4699683130132332	0.4198195586090962	0.1111111111111111	0.3192252516746521	10.837090492248535	0.0453576877237974
cov10_n5_g0_s42_hotspots_p80_chr1	5	10	200	1202	2223	0	0.40187485070517726	0.34094596161231333	0.1111111111111111	0.2552439570426941	12.3948335647583	0.04724685012311387
cov10_n5_g0_s42_hotspots_p80_chr1	5	10	201	968	1922	0	0.13016386402808633	0.07099910550002352	0.1111111111111111	0.1277371346950531	5.1917829513549805	0.06533731829177582
cov10_n5_g0_s42_hotspots_p80_chr1	5	10	202	981	1738	0	0.45521731941155036	0.3949088874789049	0.1111111111111111	0.23972532153129578	18.02933692932129	0.0446619290987844
cov10_n5_g0_s42_hotspots_p80_chr1	5	10	203	817	1823	0	0.3803950467913953	0.3260050168159705	0.1111111111111111	0.28864967823028564	8.683552742004395	0.04996252908006835
cov10_n5_g0_s42_hotspots_p80_chr1	5	10	204	735	1215	0	0.3459599523349245	0.30028175099905596	0.1111111111111111	0.331075519323349	5.459683895111084	0.055983319265220974
cov10_n5_g0_s42_hotspots_p80_chr1	5	10	205	935	1661	0	0.3048766417992064	0.20431694911455422	0.0	0.1340685784816742	25.856176376342773	0.048094704701660516
cov10_n5_g0_s42_hotspots_p80_chr1	5	10	206	1042	1901	0	0.46554514926254736	0.4088061887640395	0.25	0.2634873688220978	15.608964920043945	0.04453521077146326
cov10_n5_g0_s42_hotspots_p80_chr1	5	10	207	801	1765	0	0.4455596220747098	0.3837769545860113	0.25	0.2363276183605194	17.772668838500977	0.04496319586846642
cov10_n5_g0_s42_hotspots_p80_chr1	5	10	208	858	1923	0	0.4684730644949046	0.4192120646721823	0.25	0.32738637924194336	10.238069534301758	0.04565086419127493
cov10_n5_g0_s42_hotspots_p80_chr1	5	10	209	929	1742	0	0.4753467216353425	0.4175962370138626	0.1111111111111111	0.23048937320709229	21.266164779663086	0.04399251400303227
cov10_n5_g0_s42_hotspots_p80_chr1	5	10	210	687	1208	0	0.2954419727711221	0.2081151129605341	0.1111111111111111	0.15696531534194946	17.713607788085938	0.04920208954135453
cov10_n5_g0_s42_hotspots_p80_chr1	5	10	211	791	1512	0	0.07632839084334031	-0.008892756517009368	0.0	0.05650081858038902	9.124996185302734	0.05989456968679442
cov10_n5_g0_s42_hotspots_p80_chr1	5	10	212	998	1920	0	0.4815737015429276	0.43095747535915313	0.1111111111111111	0.3103959560394287	12.035482406616211	0.04457146978118677
cov10_n5_g0_s42_hotspots_p80_chr1	5	10	213	669	1085	0	0.3807529745499251	0.30937831563362195	0.1111111111111111	0.20800743997097015	16.75324249267578	0.046969000467162986
cov10_n5_g0_s42_hotspots_p80_chr1	5	10	214	1006	2062	0	0.1989976674909017	0.1281652301122272	0.1111111111111111	0.15219633281230927	8.547863960266113	0.05658066724129546
cov10_n5_g0_s42_hotspots_p80_chr1	5	10	215	740	1833	0	0.35400560042982815	0.2618478586207641	0.1111111111111111	0.14235669374465942	30.919645309448242	0.0468240356106912
cov10_n5_g0_s42_hotspots_p80_chr1	5	10	216	900	1888	0	0.5555929161516215	0.5125540126578275	0.25	0.29770398139953613	17.414621353149414	0.041584463791976986
cov10_n5_g0_s42_hotspots_p80_chr1	5	10	217	951	2269	0	0.3620232382191254	0.27632630257885615	0.1111111111111111	0.16010788083076477	25.56333351135254	0.046780788775386994
cov10_n5_g0_s42_hotspots_p80_chr1	5	10	218	1127	2023	0	0.4009118233955057	0.34151605982164013	0.1111111111111111	0.26348331570625305	11.576080322265625	0.04756465400250132
cov10_n5_g0_s42_hotspots_p80_chr1	5	10	219	1006	2371	0	0.15018330388513976	0.07965511347853219	0.1111111111111111	0.12224248051643372	7.546907901763916	0.059540700602334136
cov10_n5_g0_s42_hotspots_p80_chr1	5	10	220	826	1924	0	0.51953380983359	0.47473617227052517	0.25	0.35112378001213074	10.946547508239746	0.04343148355616566
cov10_n5_g0_s42_hotspots_p80_chr1	5	10	221	1322	2494	0	0.3494787981445409	0.272289908294324	0.1111111111111111	0.18853604793548584	17.179990768432617	0.047800737268630315
cov10_n5_g0_s42_hotspots_p80_chr1	5	10	222	971	2161	0	0.33394234132638956	0.24137117489298807	0.25	0.1481596827507019	25.401123046875	0.04744792743783305
cov10_n5_g0_s42_hotspots_p80_chr1	5	10	223	962	1579	0	0.5905046097087945	0.5641499761698954	0.25	0.6099169254302979	4.686786651611328	0.046016170409909796
cov10_n5_g0_s42_hotspots_p80_chr1	5	10	224	1077	2355	0	0.6736802154837657	0.6484371169485512	0.42857142857142855	0.5700667500495911	6.98274564743042	0.03794460572560561
cov10_n5_g0_s42_hotspots_p80_chr1	5	10	225	986	1750	0	0.39111084165633075	0.3301456203712476	0.25	0.25487738847732544	11.773542404174805	0.04782588894551516
cov10_n5_g0_s42_hotspots_p80_chr1	5	10	226	1008	2097	0	0.43214040421085725	0.38865580218850965	0.25	0.37731513381004333	6.558602333068848	0.050192809683420915
cov10_n5_g0_s42_hotspots_p80_chr1	5	10	227	727	1615	0	0.41481339555578245	0.3552397924787194	0.25	0.2620563507080078	12.528128623962402	0.04677042905494925
cov10_n5_g0_s42_hotspots_p80_chr1	5	10	228	968	1526	0	0.41167641596039806	0.34653652072140534	0.1111111111111111	0.23161114752292633	15.796578407287598	0.046187172112202836
cov10_n5_g0_s42_hotspots_p80_chr1	5	10	229	1094	2620	0	0.2986967809939527	0.20612023048243466	0.1111111111111111	0.14745327830314636	20.517396926879883	0.04870290283756014
cov10_n5_g0_s42_hotspots_p80_chr1	5	10	230	1251	2391	0	0.6793580600377996	0.6524141818048242	0.25	0.4680928885936737	10.531818389892578	0.036693530129042175
cov10_n5_g0_s42_hotspots_p80_chr1	5	10	231	661	1806	0	0.18660567347232407	0.12053200255927464	0.1111111111111111	0.15483523905277252	7.262398719787598	0.058711311579296176
cov10_n5_g0_s42_hotspots_p80_chr1	5	10	232	553	1929	0	0.31425042304178485	0.25542418033067765	0.1111111111111111	0.24577859044075012	8.173979759216309	0.052918330905188125
cov10_n5_g0_s42_hotspots_p80_chr1	5	10	233	834	2025	0	0.34109943466386256	0.2719316424832359	0.1111111111111111	0.21404089033603668	12.698092460632324	0.04913446217400539
cov10_n5_g0_s42_hotspots_p80_chr1	5	10	234	277	1111	0	0.3215394438142704	0.28510389660374647	0.1111111111111111	0.3911125957965851	3.379363775253296	0.0651410643337995
cov10_n5_g0_s42_hotspots_p80_chr1	5	10	235	1190	2301	0	0.508168033776589	0.45911865811761826	0.1111111111111111	0.3066502809524536	13.730868339538574	0.043325583383479416
cov10_n5_g0_s42_hotspots_p80_chr1	5	10	236	1447	2344	0	0.4470310075896988	0.390653729290922	0.25	0.27642637491226196	13.076342582702637	0.045538916900748384
cov10_n5_g0_s42_hotspots_p80_chr1	5	10	237	972	2020	0	0.40947918268842654	0.34489949023344957	0.25	0.23513339459896088	15.1636962890625	0.04635375242927093
cov10_n5_g0_s42_hotspots_p80_chr1	5	10	238	878	1309	0	0.4221767081699705	0.36937676530089064	0.1111111111111111	0.3041502833366394	9.633455276489258	0.04771593114004463
cov10_n5_g0_s42_hotspots_p80_chr1	5	10	239	529	1482	0	0.3978129607382734	0.35302185589189344	0.25	0.3579596281051636	6.175323963165283	0.05229136786613857
cov10_n5_g0_s42_hotspots_p80_chr1	5	10	240	840	1758	0	0.36953257752865376	0.31225010312592577	0.1111111111111111	0.2705298364162445	9.329216003417969	0.049872113614952376
cov10_n5_g0_s42_hotspots_p80_chr1	5	10	241	1068	2193	0	0.43733715264849543	0.3760711465701356	0.25	0.24570918083190918	15.840174674987793	0.045393686122405755
cov10_n5_g0_s42_hotspots_p80_chr1	5	10	242	845	1440	0	0.3685264866393999	0.2887077200805723	0.1111111111111111	0.178228497505188	21.3773136138916	0.046835771764700385
cov10_n5_g0_s42_hotspots_p80_chr1	5	10	243	579	1426	0	0.37316437838703576	0.30705302957134334	0.25	0.2299378365278244	13.168898582458496	0.047953279285561604
cov10_n5_g0_s42_hotspots_p80_chr1	5	10	244	1104	2291	0	0.5944898123253066	0.5573820516569972	0.1111111111111111	0.33157452940940857	16.07298469543457	0.0402471101469256
cov10_n5_g0_s42_hotspots_p80_chr1	5	10	245	908	1916	0	0.43883858835946754	0.3919132701921729	0.1111111111111111	0.3488348722457886	7.912975788116455	0.04832710899129012
cov10_n5_g0_s42_hotspots_p80_chr1	5	10	246	1039	2555	0	0.4634391140069807	0.4092607741065925	0.25	0.2872345447540283	13.016136169433594	0.044990818307436634
cov10_n5_g0_s42_hotspots_p80_chr1	5	10	247	1360	3010	0	0.5544658496292503	0.5111566971705618	0.25	0.31227219104766846	15.763511657714844	0.04161261205340102
cov10_n5_g0_s42_hotspots_p80_chr1	5	10	248	736	2324	0	0.38316983870428556	0.3118660376602096	0.1111111111111111	0.20799681544303894	16.96833610534668	0.046868775559208264
cov10_n5_g0_s42_hotspots_p80_chr1	5	10	249	1113	1913	0	0.5285283333146653	0.4900911995995692	0.42857142857142855	0.42801570892333984	7.624074459075928	0.04471537468502408
cov10_n5_g0_s42_hotspots_p80_chr1	5	10	250	827	1797	0	0.30611660771189403	0.23443103472228852	0.1111111111111111	0.19752994179725647	12.008197784423828	0.05053024667227921
cov10_n5_g0_s42_hotspots_p80_chr1	5	10	251	1241	2293	0	0.19993059041954814	0.1270812552211794	0.1111111111111111	0.1486755609512329	9.041683197021484	0.05602774373546704
cov10_n5_g0_s42_hotspots_p80_chr1	5	10	252	917	1770	0	0.4002370485120076	0.33870428084047766	0.1111111111111111	0.2521010637283325	12.602458953857422	0.047237323344858584
cov10_n5_g0_s42_hotspots_p80_chr1	5	10	253	964	1665	0	0.2913517842436127	0.22490468993250573	0.1111111111111111	0.20859463512897491	9.754366874694824	0.05233071936962955
cov10_n5_g0_s42_hotspots_p80_chr1	5	10	254	724	1605	0	0.327476639781189	0.2765383727802229	0.25	0.28979626297950745	6.384768009185791	0.05485255853850168
cov10_n5_g0_s42_hotspots_p80_chr1	5	10	255	330	1012	0	0.35836494257794305	0.3008613008275993	0.1111111111111111	0.26667702198028564	9.029210090637207	0.05050752895556999
cov10_n5_g0_s42_hotspots_p80_chr1	5	10	256	826	2196	0	0.5034412939794612	0.4727555586338205	0.25	0.5394090414047241	4.35543155670166	0.051700429417943665
cov10_n5_g0_s42_hotspots_p80_chr1	5	10	257	330	929	0	0.31318616245491665	0.2554423781338041	0.1111111111111111	0.24999335408210754	7.847262859344482	0.05331927641286793
cov10_n5_g0_s42_hotspots_p80_chr1	5	10	258	801	2272	0	0.23506444450911787	0.16560967233808885	0.1111111111111111	0.17480185627937317	9.04173469543457	0.05484950958944184
cov10_n5_g0_s42_hotspots_p80_chr1	5	10	259	820	1720	0	0.4223118568754957	0.36769852161721794	0.1111111111111111	0.2921176850795746	10.45011043548584	0.04728182773008109
cov10_n5_g0_s42_hotspots_p80_chr1	5	10	260	1219	2531	0	0.37740889173781533	0.3199963558687821	0.1111111111111111	0.27147287130355835	9.663656234741211	0.049357290568968815
cov10_n5_g0_s42_hotspots_p80_chr1	5	10	261	1009	2458	0	0.4009648911473786	0.34088207887175564	0.1111111111111111	0.25976988673210144	11.912558555603027	0.04743904858292592
cov10_n5_g0_s42_hotspots_p80_chr1	5	10	262	1078	2255	0	0.32406664933531504	0.26082234804647275	0.1111111111111111	0.2314773052930832	9.799904823303223	0.051167725117935145
cov10_n5_g0_s42_hotspots_p80_chr1	5	10	263	1001	1937	0	0.23544873360659901	0.1682986863541728	0.0	0.18085511028766632	8.474248886108398	0.05541463275129536
cov10_n5_g0_s42_hotspots_p80_chr1	5	10	264	1219	2338	0	0.6171638982050863	0.5839069220974406	0.25	0.33835893869400024	16.634729385375977	0.039492344637659264
cov10_n5_g0_s42_hotspots_p80_chr1	5	10	265	1159	1887	0	0.388931356628855	0.33289939042691813	0.25	0.28094741702079773	9.58221435546875	0.04898737692935995
cov10_n5_g0_s42_hotspots_p80_chr1	5	10	266	1026	2070	0	0.3946119319362466	0.3524759332662984	0.25	0.3788280189037323	5.425331115722656	0.053943181482428014
cov10_n5_g0_s42_hotspots_p80_chr1	5	10	267	822	1813	0	0.4372020423333604	0.37601584393505666	0.25	0.2463286817073822	15.750864028930664	0.045408853030526296
cov10_n5_g0_s42_hotspots_p80_chr1	5	10	268	902	1255	0	0.25883980463089196	0.18913657394075697	0.1111111111111111	0.18549171090126038	9.736056327819824	0.0534455685416872
cov10_n5_g0_s42_hotspots_p80_chr1	5	10	269	991	2185	0	0.4830250722629999	0.4282148614136907	0.25	0.26444211602211	16.68199920654297	0.043898747384761634
cov10_n5_g0_s42_hotspots_p80_chr1	5	10	270	910	1591	0	0.3843846312865188	0.3262232944976478	0.1111111111111111	0.2686852812767029	10.233267784118652	0.048765560063116324
cov10_n5_g0_s42_hotspots_p80_chr1	5	10	271	673	1025	0	0.23474004530303366	0.1322589770000059	0.1111111111111111	0.11893484741449356	19.477182388305664	0.0504688259340448
cov10_n5_g0_s42_hotspots_p80_chr1	5	10	272	916	1821	0	0.6049536153471198	0.5708575648796018	0.25	0.44081270694732666	9.416857719421387	0.040290734812852065
cov10_n5_g0_s42_hotspots_p80_chr1	5	10	273	995	1835	0	0.26090514955313654	0.20078846768951636	0.1111111111111111	0.21571531891822815	7.3143110275268555	0.05594999520868726
cov10_n5_g0_s42_hotspots_p80_chr1	5	10	274	904	1606	0	0.5823285761354692	0.5476536966836854	0.25	0.45599210262298584	8.154393196105957	0.04186831515714279
cov10_n5_g0_s42_hotspots_p80_chr1	5	10	275	731	1514	0	0.6425758827415059	0.618198483973889	0.42857142857142855	0.6287481188774109	5.222344398498535	0.04183085750196276
cov10_n5_g0_s42_hotspots_p80_chr1	5	10	276	689	1593	0	0.4245245600352652	0.37726418287418406	0.25	0.3445996642112732	7.588324546813965	0.049236867342581085
cov10_n5_g0_s42_hotspots_p80_chr1	5	10	277	907	1769	0	0.4146191278409282	0.37171618050265914	0.1111111111111111	0.37848517298698425	6.000271797180176	0.05187304643925734
cov10_n5_g0_s42_hotspots_p80_chr1	5	10	278	735	1626	0	0.4224501666089346	0.36987051472998933	0.42857142857142855	0.30565473437309265	9.551218032836914	0.04775416126186865
cov10_n5_g0_s42_hotspots_p80_chr1	5	10	279	1102	2062	0	0.5903664735622147	0.5547385909148491	0.42857142857142855	0.4284827709197998	9.491758346557617	0.04092087680384263
cov10_n5_g0_s42_hotspots_p80_chr1	5	10	280	1052	1802	0	0.37563553684226436	0.3176129063415872	0.25	0.2679744362831116	9.824640274047852	0.049319763319711635
cov10_n5_g0_s42_hotspots_p80_chr1	5	10	281	1018	1922	0	0.627811633367041	0.5947759609263654	0.25	0.39262503385543823	12.784175872802734	0.038918455062963986
cov10_n5_g0_s42_hotspots_p80_chr1	5	10	282	969	1439	0	0.4768158360912117	0.41933930857063506	0.1111111111111111	0.22839365899562836	21.79231071472168	0.04395029657778359
cov10_n5_g0_s42_hotspots_p80_chr1	5	10	283	727	1669	0	0.47519790542302837	0.427106179246164	0.1111111111111111	0.33627134561538696	9.984797477722168	0.04550325560197249
cov10_n5_g0_s42_hotspots_p80_chr1	5	10	284	1035	2314	0	0.5031910414055403	0.45518949521677526	0.25	0.3244391977787018	12.027327537536621	0.04378474520646142
cov10_n5_g0_s42_hotspots_p80_chr1	5	10	285	839	1758	0	0.4059436671752206	0.3515638396579313	0.1111111111111111	0.292846143245697	9.607769012451172	0.04834045668450871
cov10_n5_g0_s42_hotspots_p80_chr1	5	10	286	642	1100	0	0.4180715747610776	0.3547431251978913	0.1111111111111111	0.2399882972240448	15.173686981201172	0.04608527951215189
cov10_n5_g0_s42_hotspots_p80_chr1	5	10	287	1050	2037	0	0.5795564951048578	0.5521984163008106	0.42857142857142855	0.5926966667175293	4.780755996704102	0.046380663746334455
cov10_n5_g0_s42_hotspots_p80_chr1	5	10	288	217	649	0	0.30783065491264366	0.18918719897836778	0.1111111111111111	0.10505369305610657	42.93100357055664	0.04760143258730155
cov10_n5_g0_s42_hotspots_p80_chr1	5	10	289	379	725	0	0.5405959993701444	0.5036582438150744	0.42857142857142855	0.4443955719470978	7.399054050445557	0.04435569012240706
cov10_n5_g0_s42_hotspots_p80_chr1	5	10	290	587	1943	0	0.3351488891111031	0.27078458790288135	0.1111111111111111	0.2304030805826187	10.579594612121582	0.050294178331010866
cov10_n5_g0_s42_hotspots_p80_chr1	5	10	291	887	2030	0	0.42251900075041543	0.3761952238881794	0.25	0.3516906201839447	7.216737747192383	0.04973561505594464
cov10_n5_g0_s42_hotspots_p80_chr1	5	10	292	364	1370	0	0.27956859197796735	0.17090762882168894	0.1111111111111111	0.12087289243936539	26.747852325439453	0.04861031553195423
cov10_n5_g0_s42_hotspots_p80_chr1	5	10	293	450	2161	0	0.5360395283662819	0.498179798941557	0.25	0.4331660270690918	7.6569342613220215	0.044347233518984584
cov10_n5_g0_s42_hotspots_p80_chr1	5	10	294	972	1908	0	0.46947234182326214	0.4240021346946374	0.25	0.36143338680267334	8.43593978881836	0.04663248308205555
cov10_n5_g0_s42_hotspots_p80_chr1	5	10	295	501	1635	0	0.4674489125347528	0.4169593537593359	0.1111111111111111	0.3169821500778198	10.87348461151123	0.04543869158960666
cov10_n5_g0_s42_hotspots_p80_chr1	5	10	296	775	1582	0	0.4566312627158954	0.39577518014844076	0.1111111111111111	0.23185142874717712	19.394638061523438	0.04455615380993584
cov10_n5_g0_s42_hotspots_p80_chr1	5	10	297	900	2234	0	0.5382280787846425	0.504233975668989	0.25	0.488018274307251	6.081778049468994	0.04599161339586719
cov10_n5_g0_s42_hotspots_p80_chr1	5	10	298	309	1961	0	0.3729567196990669	0.29202236534753717	0.1111111111111111	0.17277517914772034	23.298295974731445	0.046611630407748864
cov10_n5_g0_s42_hotspots_p80_chr1	5	10	299	720	1749	0	0.4524023599647201	0.407340569073259	0.25	0.3655552566051483	7.657969951629639	0.04800531282477314
cov10_n5_g0_s42_hotspots_p80_chr1	5	10	300	491	1315	0	0.3500396592182488	0.2600982216798563	0.25	0.1512923538684845	26.765201568603516	0.047016619765923716
cov10_n5_g0_s42_hotspots_p80_chr1	5	10	301	595	1441	0	0.47913496537389966	0.42744389137005384	0.25	0.3014364242553711	12.632646560668945	0.044523225947863315
cov10_n5_g0_s42_hotspots_p80_chr1	5	10	302	454	1342	0	0.3837407437321461	0.3091963491572628	0.1111111111111111	0.12492170929908752	47.18130111694336	0.04626366683456
cov10_n5_g0_s42_hotspots_p80_chr1	5	10	303	776	2140	0	0.44978442617867254	0.40073518661582563	0.42857142857142855	0.33170172572135925	9.19355297088623	0.04691630674029141
cov10_n5_g0_s42_hotspots_p80_chr1	5	10	304	71	417	1	0.31233469247486156	0.25401650775130347	0.1111111111111111	0.2471609115600586	7.984558582305908	0.05319508726641458
cov10_n5_g0_s42_hotspots_p80_chr1	5	10	305	545	1312	0	0.6217808202381742	0.5911961506316024	0.42857142857142855	0.4999745190143585	7.733015537261963	0.04020663010934714
cov10_n5_g0_s42_hotspots_p80_chr1	5	10	306	1041	2100	0	0.6415688154192766	0.6129148642703078	0.42857142857142855	0.5217339396476746	7.560635089874268	0.03930178838350873
cov10_n5_g0_s42_hotspots_p80_chr1	5	10	307	774	1788	0	0.6023748201675933	0.5714642079720718	0.25	0.5119908452033997	6.921165943145752	0.041786359080271895
cov10_n5_g0_s42_hotspots_p80_chr1	5	10	308	759	1652	0	0.35458389500102677	0.30598421634341233	0.25	0.31544381380081177	6.317772388458252	0.05386396218763686
cov10_n5_g0_s42_hotspots_p80_chr1	5	10	309	577	1241	0	0.4405753711210391	0.3871467616870928	0.25	0.29908648133277893	10.849678993225098	0.04644001971025155
cov10_n5_g0_s42_hotspots_p80_chr1	5	10	310	631	1922	0	0.5621592742681009	0.541431938889839	0.42857142857142855	0.7404819130897522	2.8817732334136963	0.05599283133660385
cov10_n5_g0_s42_hotspots_p80_chr1	5	10	311	844	1425	0	0.3129202403213188	0.2666967656910844	0.42857142857142855	0.3102620244026184	5.086042881011963	0.05836433881510627
cov10_n5_g0_s42_hotspots_p80_chr1	5	10	312	1018	1827	0	0.5088669442188081	0.45921468449352976	0.25	0.2969287633895874	14.684998512268066	0.04320376013054019
cov10_n5_g0_s42_hotspots_p80_chr1	5	10	313	972	2041	0	0.3637222950670097	0.3221770528633974	0.25	0.3708544969558716	4.809530258178711	0.05696256377554426
cov10_n5_g0_s42_hotspots_p80_chr1	5	10	314	526	1557	0	0.2883468099368695	0.23455217307990534	0.1111111111111111	0.25582563877105713	6.352022647857666	0.05646900735563162
cov10_n5_g0_s42_hotspots_p80_chr1	5	10	315	1146	2412	0	0.44476807255178485	0.3932276379343638	0.25	0.3125799596309662	10.123133659362793	0.04660360121855728
cov10_n5_g0_s42_hotspots_p80_chr1	5	10	316	856	2608	0	0.6306530071565077	0.600457244834422	0.25	0.49742573499679565	8.037010192871094	0.039600204631056776
cov10_n5_g0_s42_hotspots_p80_chr1	5	10	317	904	2340	0	0.49921543549880215	0.45260642173680277	0.25	0.3423352837562561	10.632678985595703	0.04431641371233131
cov10_n5_g0_s42_hotspots_p80_chr1	5	10	318	329	1166	0	0.4150155976374684	0.35401804224659683	0.1111111111111111	0.2538684606552124	13.362302780151367	0.04654164977245022
cov10_n5_g0_s42_hotspots_p80_chr1	5	10	319	341	1214	0	0.3313555655973224	0.2629087102094364	0.1111111111111111	0.21451540291309357	11.930032730102539	0.04975137042770125
cov10_n5_g0_s42_hotspots_p80_chr1	5	10	320	1085	2346	0	0.5336473786923379	0.490567839523067	0.25	0.3627038300037384	10.82366943359375	0.04291103888746396
cov10_n5_g0_s42_hotspots_p80_chr1	5	10	321	667	1873	0	0.28782761040238036	0.2031042734920088	0.1111111111111111	0.1605907380580902	16.061790466308594	0.04975229515001714
cov10_n5_g0_s42_hotspots_p80_chr1	5	10	322	475	1215	0	0.5168467015558715	0.49411851873631163	0.25	0.6884669065475464	2.8179118633270264	0.059106470471569104
cov10_n5_g0_s42_hotspots_p80_chr1	5	10	323	646	1724	0	0.13396885357111452	0.07860474362020418	0.1111111111111111	0.13933846354484558	4.622060775756836	0.06713962545915207
cov10_n5_g0_s42_hotspots_p80_chr1	5	10	324	961	2137	0	0.5853355432231493	0.5503744716066085	0.25	0.4478340148925781	8.541727066040039	0.041523899691461266
cov10_n5_g0_s42_hotspots_p80_chr1	5	10	325	705	1574	0	0.4076060322317414	0.342651843352455	0.1111111111111111	0.23354119062423706	15.230850219726562	0.0464003950594491
cov10_n5_g0_s42_hotspots_p80_chr1	5	10	326	951	1649	0	0.5807544379274453	0.5414990000909423	0.25	0.35123974084854126	13.669344902038574	0.040721690967187654
cov10_n5_g0_s42_hotspots_p80_chr1	5	10	327	848	1436	0	0.4198050230906604	0.36923219163172377	0.1111111111111111	0.31938761472702026	8.63831901550293	0.04847785983425473
cov10_n5_g0_s42_hotspots_p80_chr1	5	10	328	253	771	0	0.45210041533347667	0.40488254160856346	0.25	0.3467857241630554	8.49801254272461	0.04729697082234298
cov10_n5_g0_s42_hotspots_p80_chr1	5	10	329	830	1629	0	0.2884631682978994	0.22938534847219436	0.1111111111111111	0.23346540331840515	7.633182525634766	0.054500091101260965
cov10_n5_g0_s42_hotspots_p80_chr1	5	10	330	996	1643	0	0.20406983985779767	0.12007415120935917	0.1111111111111111	0.13162913918495178	12.017760276794434	0.05368409022103876
cov10_n5_g0_s42_hotspots_p80_chr1	5	10	331	796	1704	0	0.41857161929816555	0.35306156228694885	0.1111111111111111	0.22723890841007233	16.96462059020996	0.04583266285700701
cov10_n5_g0_s42_hotspots_p80_chr1	5	10	332	943	2046	0	0.4846529550217746	0.445288939922264	0.1111111111111111	0.4234884977340698	6.548600196838379	0.047868177380394374
cov10_n5_g0_s42_hotspots_p80_chr1	5	10	333	998	1960	0	0.5051909842607909	0.4538996249026889	0.25	0.2755400240421295	16.807836532592773	0.04319722979176109
cov10_n5_g0_s42_hotspots_p80_chr1	5	10	334	913	1989	0	0.4431435704832084	0.38836112770948844	0.25	0.28895828127861023	11.75949478149414	0.04602368366449276
cov10_n5_g0_s42_hotspots_p80_chr1	5	10	335	797	1440	0	0.37880170849934836	0.3258796841157096	0.1111111111111111	0.29683351516723633	8.142691612243652	0.050506942951098976
cov10_n5_g0_s42_hotspots_p80_chr1	5	10	336	969	2170	0	0.37076551479675984	0.31356865451163934	0.1111111111111111	0.2712448239326477	9.342127799987793	0.04981767731302486
cov10_n5_g0_s42_hotspots_p80_chr1	5	10	337	636	1533	0	0.337713948455618	0.2539454628157283	0.25	0.16956311464309692	19.833765029907227	0.04777470790146274
cov10_n5_g0_s42_hotspots_p80_chr1	5	10	338	980	2263	0	0.578992338856311	0.544378067220757	0.42857142857142855	0.45983031392097473	7.927210807800293	0.042162725863778165
cov10_n5_g0_s42_hotspots_p80_chr1	5	10	339	995	2329	0	0.43736075864397184	0.3830484212705953	0.25	0.2931998074054718	11.125569343566895	0.04644931669343658
cov10_n5_g0_s42_hotspots_p80_chr1	5	10	340	964	2321	0	0.538003274866451	0.4954250267963602	0.1111111111111111	0.3659506142139435	10.806744575500488	0.0427426247345022
cov10_n5_g0_s42_hotspots_p80_chr1	5	10	341	628	1844	0	0.31172231052481075	0.2471457115729279	0.1111111111111111	0.22242066264152527	9.820996284484863	0.05158177943982906
cov10_n5_g0_s42_hotspots_p80_chr1	5	10	342	665	2128	0	0.1300912002972725	0.04404717750844867	0.0	0.09001752734184265	10.44267463684082	0.05698178346396869
cov10_n5_g0_s42_hotspots_p80_chr1	5	10	343	854	1903	0	0.20607693659010567	0.11508805323528762	0.1111111111111111	0.12274093925952911	14.094508171081543	0.05266085456822586
cov10_n5_g0_s42_hotspots_p80_chr1	5	10	344	745	1758	0	0.2935784585168125	0.21926071340331624	0.1111111111111111	0.18642088770866394	12.400214195251465	0.05075374496574699
cov10_n5_g0_s42_hotspots_p80_chr1	5	10	345	260	918	0	0.48743487263223756	0.4476642989778983	0.25	0.41882967948913574	6.772177219390869	0.04745143839984676
cov10_n5_g0_s42_hotspots_p80_chr1	5	10	346	710	1631	0	0.38448686427266465	0.3455628225214302	0.1111111111111111	0.40375691652297974	4.534120559692383	0.056904215846269195
cov10_n5_g0_s42_hotspots_p80_chr1	5	10	347	300	1012	0	0.41039133240420234	0.34129081932304767	0.25	0.21052387356758118	19.00044059753418	0.04588311351721901
cov10_n5_g0_s42_hotspots_p80_chr1	5	10	348	875	1964	0	0.44182960110154423	0.38877010101361864	0.1111111111111111	0.3016109764575958	10.729644775390625	0.04644288572372679
cov10_n5_g0_s42_hotspots_p80_chr1	5	10	349	836	2300	0	0.5914777502746417	0.5555166966205703	0.25	0.4194539189338684	9.94210433959961	0.04074321442876966
cov10_n5_g0_s42_hotspots_p80_chr1	5	10	350	723	1953	0	0.35334335747767215	0.28532659119857623	0.25	0.2202383130788803	12.869988441467285	0.04868326527988784
cov10_n5_g0_s42_hotspots_p80_chr1	5	10	351	997	2210	0	0.3611590283836729	0.297086613662199	0.1111111111111111	0.23720653355121613	11.590806007385254	0.0489122512976056
cov10_n5_g0_s42_hotspots_p80_chr1	5	10	352	535	1845	0	0.2414018408510404	0.1594951077855666	0.1111111111111111	0.15115755796432495	12.752382278442383	0.0521959880432328
cov10_n5_g0_s42_hotspots_p80_chr1	5	10	353	659	2521	0	0.3643517706319521	0.30375146847661627	0.1111111111111111	0.25320327281951904	10.353166580200195	0.04940995655192507
cov10_n5_g0_s42_hotspots_p80_chr1	5	10	354	951	1974	0	0.26540768210475574	0.18548390908928675	0.1111111111111111	0.1639462262392044	13.103706359863281	0.05132443410340938
cov10_n5_g0_s42_hotspots_p80_chr1	5	10	355	768	1968	0	0.47956911661251167	0.43109949688970217	0.25	0.33152347803115845	10.462700843811035	0.04513427546178937
cov10_n5_g0_s42_hotspots_p80_chr1	5	10	356	891	1646	0	0.5783121035742689	0.5397044760686569	0.25	0.38200992345809937	11.458963394165039	0.04099755547105725
cov10_n5_g0_s42_hotspots_p80_chr1	5	10	357	564	833	0	0.4619433675643	0.41810400864417174	0.25	0.3770461976528168	7.505131244659424	0.04775244617121265
cov10_n5_g0_s42_hotspots_p80_chr1	5	10	358	721	1025	0	0.39404210198650264	0.33850421345660997	0.1111111111111111	0.2845163941383362	9.59048843383789	0.04879336829290175
cov10_n5_g0_s42_hotspots_p80_chr1	5	10	359	1164	1953	0	0.4875852934787253	0.4395228242898612	0.25	0.33253076672554016	10.749977111816406	0.04472291635902604
cov10_n5_g0_s42_hotspots_p80_chr1	5	10	360	1138	1955	0	0.32108248410514967	0.2719129324588352	0.25	0.29678672552108765	5.852133750915527	0.056143025655471676
cov10_n5_g0_s42_hotspots_p80_chr1	5	10	361	868	1369	0	0.2675664383516495	0.17590645911708105	0.1111111111111111	0.1428368091583252	17.54498291015625	0.04998269991951485
cov10_n5_g0_s42_hotspots_p80_chr1	5	10	362	839	1155	0	0.17810220165916738	0.0807237932093903	0.1111111111111111	0.10350631177425385	14.80385684967041	0.05316806358587664
cov10_n5_g0_s42_hotspots_p80_chr1	5	10	363	587	1322	0	0.5590657216223084	0.5164862393761069	0.25	0.31895938515663147	15.36119270324707	0.04146012495534283
cov10_n5_g0_s42_hotspots_p80_chr1	5	10	364	552	1595	0	0.5552434861007588	0.5158685513213626	0.25	0.3992966413497925	9.668201446533203	0.04238413777271203
cov10_n5_g0_s42_hotspots_p80_chr1	5	10	365	427	793	0	0.43523719634699704	0.3744940618408686	0.25	0.2502206861972809	15.12779426574707	0.04555425581921649
cov10_n5_g0_s42_hotspots_p80_chr1	5	10	366	820	2093	0	0.5297704241321352	0.48845620406190504	0.25	0.38953283429145813	9.248201370239258	0.043634274069675245
cov10_n5_g0_s42_hotspots_p80_chr1	5	10	367	1325	2056	0	0.6149514431529373	0.5804111750767581	0.25	0.3964862823486328	12.028050422668457	0.03945637962779887
cov10_n5_g0_s42_hotspots_p80_chr1	5	10	368	969	2258	0	0.6744856953062842	0.647811928885307	0.42857142857142855	0.5167317390441895	8.51893424987793	0.03719759467290046
cov10_n5_g0_s42_hotspots_p80_chr1	5	10	369	475	1617	0	0.3671425819507523	0.31969448766891434	0.25	0.3279421329498291	6.266788482666016	0.05343155860384088
cov10_n5_g0_s42_hotspots_p80_chr1	5	10	370	862	2335	0	0.3543981826370036	0.3086424301393448	0.25	0.3344091773033142	5.61560583114624	0.0552620458630025
cov10_n5_g0_s42_hotspots_p80_chr1	5	10	371	718	2369	0	0.37654818835334136	0.3386466983087076	0.25	0.40985390543937683	4.220393180847168	0.05841694560552305
cov10_n5_g0_s42_hotspots_p80_chr1	5	10	372	792	2001	0	0.526306470767965	0.48079246868172926	0.25	0.3350001275539398	12.341203689575195	0.04287034675975592
cov10_n5_g0_s42_hotspots_p80_chr1	5	10	373	972	1424	0	0.35451189643258135	0.28116580221349147	0.1111111111111111	0.20125797390937805	15.514057159423828	0.047952382355343263
cov10_n5_g0_s42_hotspots_p80_chr1	5	10	374	845	1980	0	0.43467717989120386	0.3854411925683567	0.25	0.3302891254425049	8.659944534301758	0.04787464578715425
cov10_n5_g0_s42_hotspots_p80_chr1	5	10	375	406	946	0	0.40682699426081553	0.36877993042362994	0.25	0.421673059463501	4.654122352600098	0.05547454788511139
cov10_n5_g0_s42_hotspots_p80_chr1	5	10	376	384	1510	0	0.44894071688165554	0.3896017938654283	0.1111111111111111	0.2533923387527466	15.694987297058105	0.045049648681438736
cov10_n5_g0_s42_hotspots_p80_chr1	5	10	377	749	1829	0	0.2931625174752674	0.23018637895654417	0.1111111111111111	0.22103722393512726	8.79541015625	0.05306608922743382
cov10_n5_g0_s42_hotspots_p80_chr1	5	10	378	1040	2240	0	0.21646477544147347	0.15878023960548357	0.1111111111111111	0.19712018966674805	6.029513359069824	0.05989603412591915
cov10_n5_g0_s42_hotspots_p80_chr1	5	10	379	1048	2197	0	0.5279421380981054	0.4823271575905858	0.25	0.3313964903354645	12.689568519592285	0.04275603660174212
cov10_n5_g0_s42_hotspots_p80_chr1	5	10	380	1087	2174	0	0.6076709142236256	0.572284459506161	0.25	0.3484176993370056	15.209203720092773	0.039746475924194294
cov10_n5_g0_s42_hotspots_p80_chr1	5	10	381	873	2423	0	0.4261742401255146	0.36224875948968116	0.25	0.2335202693939209	16.653106689453125	0.045639997323331696
cov10_n5_g0_s42_hotspots_p80_chr1	5	10	382	737	1593	0	0.354663711720409	0.2732683925195169	0.1111111111111111	0.1754295825958252	20.43609046936035	0.047270657242782545
cov10_n5_g0_s42_hotspots_p80_chr1	5	10	383	746	1748	0	0.312222655315712	0.24202071771461162	0.1111111111111111	0.20378129184246063	11.73735237121582	0.05045859288356178
cov10_n5_g0_s42_hotspots_p80_chr1	5	10	384	605	1477	0	0.24151246078936903	0.1523224148412057	0.1111111111111111	0.13886816799640656	15.123197555541992	0.05130500854466381
cov10_n5_g0_s42_hotspots_p80_chr1	5	10	385	534	1614	0	0.4036432082143339	0.3558238328110656	0.1111111111111111	0.33646947145462036	7.195714950561523	0.05054500520611094
cov10_n5_g0_s42_hotspots_p80_chr1	5	10	386	1028	2096	0	0.5520705926950447	0.5149170497577017	0.25	0.4359208643436432	8.019437789916992	0.04334868451117537
cov10_n5_g0_s42_hotspots_p80_chr1	5	10	387	601	1627	0	0.3957206918307618	0.3429552607772661	0.25	0.3014371395111084	8.616958618164062	0.04943118655452449
cov10_n5_g0_s42_hotspots_p80_chr1	5	10	388	691	1779	0	0.4013562671878822	0.35332584815053586	0.1111111111111111	0.33440351486206055	7.202586650848389	0.050630724145416944
cov10_n5_g0_s42_hotspots_p80_chr1	5	10	389	1009	1719	0	0.1556142104368172	0.09565886708253621	0.1111111111111111	0.1466720849275589	5.628250598907471	0.06314727292304978
cov10_n5_g0_s42_hotspots_p80_chr1	5	10	390	1048	2154	0	0.4172263359267099	0.3737901091176396	0.25	0.374534010887146	6.2048444747924805	0.05139926890282899
cov10_n5_g0_s42_hotspots_p80_chr1	5	10	391	950	1767	0	0.46749909791644156	0.4139747183645057	0.25	0.2908906042575836	12.914337158203125	0.04487163222989917
cov10_n5_g0_s42_hotspots_p80_chr1	5	10	392	1079	1708	0	0.5976001830470944	0.5661469465390649	0.42857142857142855	0.5048283934593201	7.006545066833496	0.04195121295384101
cov10_n5_g0_s42_hotspots_p80_chr1	5	10	393	846	2194	0	0.19402657409810248	0.11279530225190024	0.0	0.13098983466625214	10.970269203186035	0.054630523640308334
cov10_n5_g0_s42_hotspots_p80_chr1	5	10	394	707	2014	0	0.4957635502634099	0.45964416824762333	0.25	0.46252959966659546	5.744339942932129	0.0486148865466563
cov10_n5_g0_s42_hotspots_p80_chr1	5	10	395	444	1177	0	0.5574455635940277	0.5410674891855044	0.42857142857142855	0.8609238862991333	2.0962612628936768	0.06448548514882009
cov10_n5_g0_s42_hotspots_p80_chr1	5	10	396	704	1568	0	0.09162757663755387	-0.10429679266880547	0.0	0.034325458109378815	35.62785720825195	0.05176119944536472
cov10_n5_g0_s42_hotspots_p80_chr1	5	10	397	791	1278	0	0.392143868355866	0.3191315792588547	0.1111111111111111	0.19855031371116638	19.503820419311523	0.04634812261588045
cov10_n5_g0_s42_hotspots_p80_chr1	5	10	398	828	1861	0	0.20631958242429904	0.11722430922551799	0.1111111111111111	0.12534941732883453	13.545849800109863	0.05287764014762959
cov10_n5_g0_s42_hotspots_p80_chr1	5	10	399	869	2067	0	0.6664743284315479	0.6409150485165689	0.42857142857142855	0.5720233917236328	6.787489891052246	0.038490338907097854
cov10_n5_g0_s42_hotspots_p80_chr1	5	10	400	755	2385	0	0.3530324084207204	0.2829337611637243	0.1111111111111111	0.21251700818538666	13.79786205291748	0.04840818495272155
cov10_n5_g0_s42_hotspots_p80_chr1	5	10	401	1172	2434	0	0.5823612437505201	0.5437594578533056	0.42857142857142855	0.3131362497806549	17.293716430664062	0.04070779740632722
cov10_n5_g0_s42_hotspots_p80_chr1	5	10	402	1082	2409	0	0.38572883358037935	0.3180017040355911	0.25	0.2230287492275238	14.95589828491211	0.04712374063679155
cov10_n5_g0_s42_hotspots_p80_chr1	5	10	403	982	2321	0	0.18849316355049647	0.0760601201502977	0.1111111111111111	0.09450629353523254	19.890230178833008	0.051535597496198196
cov10_n5_g0_s42_hotspots_p80_chr1	5	10	404	1020	2500	0	0.20848714402143728	0.13196226797757954	0.1111111111111111	0.14623384177684784	10.16325569152832	0.054760859351274935
cov10_n5_g0_s42_hotspots_p80_chr1	5	10	405	718	2152	0	0.24505966443523008	0.1293721552688936	0.1111111111111111	0.10790284723043442	25.789794921875	0.04944869709459936
cov10_n5_g0_s42_hotspots_p80_chr1	5	10	406	589	1056	0	0.4901573710466914	0.46045991547404896	0.25	0.5529152154922485	3.929380178451538	0.05400543817981109
cov10_n5_g0_s42_hotspots_p80_chr1	5	10	407	1129	2054	0	0.19853504303939531	0.09294533733123914	0.1111111111111111	0.10384931415319443	18.274147033691406	0.05162150575272904
cov10_n5_g0_s42_hotspots_p80_chr1	5	10	408	1440	2398	0	0.5333130185907725	0.4870412821036218	0.25	0.2647790312767029	20.284637451171875	0.04233597539989259
cov10_n5_g0_s42_hotspots_p80_chr1	5	10	409	1228	1844	0	0.39120208566393944	0.3108489196574272	0.1111111111111111	0.14986631274223328	34.06938171386719	0.046017026918324495
cov10_n5_g0_s42_hotspots_p80_chr1	5	10	410	924	1992	0	0.5334183150416992	0.4866939643342888	0.25	0.2903245687484741	16.8786678314209	0.042296061416540805
cov10_n5_g0_s42_hotspots_p80_chr1	5	10	411	1434	2300	0	0.5286156704704538	0.48111329446676787	0.42857142857142855	0.2715736925601959	18.94413185119629	0.04244957654943795
cov10_n5_g0_s42_hotspots_p80_chr1	5	10	412	1076	2081	0	0.42673411051350996	0.35737249647725183	0.1111111111111111	0.17571201920509338	29.49047088623047	0.04522505477604625
cov10_n5_g0_s42_hotspots_p80_chr1	5	10	413	1225	1976	0	0.320525844164325	0.2607222493797338	0.1111111111111111	0.24408143758773804	8.622368812561035	0.052242799848857865
cov10_n5_g0_s42_hotspots_p80_chr1	5	10	414	754	1574	0	0.4569121740148087	0.39542703488212516	0.25	0.2224513739347458	21.09430694580078	0.04450078665777062
cov10_n5_g0_s42_hotspots_p80_chr1	5	10	415	954	1803	0	0.3819751455152315	0.32703773136271747	0.25	0.28586825728416443	8.927057266235352	0.04970810954971725
cov10_n5_g0_s42_hotspots_p80_chr1	5	10	416	968	1774	0	0.3163493618357805	0.2632478185573771	0.25	0.27318274974823	6.704977989196777	0.05475739919334874
cov10_n5_g0_s42_hotspots_p80_chr1	5	10	417	1114	1696	0	0.17188668311363936	0.0982141870640744	0.1111111111111111	0.1309153288602829	8.6193265914917	0.05740777395442912
cov10_n5_g0_s42_hotspots_p80_chr1	5	10	418	1256	2074	0	0.44348806175113686	0.3882791100259479	0.1111111111111111	0.28582847118377686	12.037127494812012	0.04592723955085898
cov10_n5_g0_s42_hotspots_p80_chr1	5	10	419	673	1161	0	0.3708781297149933	0.29760987395926586	0.1111111111111111	0.20149526000022888	16.939584732055664	0.047227536815293326
cov10_n5_g0_s42_hotspots_p80_chr1	5	10	420	1012	1895	0	0.4569136141533004	0.40260918696082776	0.25	0.28883877396583557	12.512014389038086	0.04533040867271103
cov10_n5_g0_s42_hotspots_p80_chr1	5	10	421	1002	2017	0	0.37069650139664706	0.3028631140989829	0.25	0.22264030575752258	13.861153602600098	0.047839307267160985
cov10_n5_g0_s42_hotspots_p80_chr1	5	10	422	768	1485	0	0.4235630362071063	0.3681761325408074	0.25	0.2870715260505676	10.884936332702637	0.04704272988434253
cov10_n5_g0_s42_hotspots_p80_chr1	5	10	423	1063	1825	0	0.17388729168656758	0.07888517867131394	0.0	0.10399971902370453	13.977884292602539	0.05361223096199667
cov10_n5_g0_s42_hotspots_p80_chr1	5	10	424	1078	1770	0	0.45556561987321265	0.3991946750917796	0.25	0.27306345105171204	13.916972160339355	0.045087322599300074
cov10_n5_g0_s42_hotspots_p80_chr1	5	10	425	758	1450	0	0.5388222069534059	0.495022838855479	0.25	0.3459228575229645	12.131163597106934	0.04243571404550851
cov10_n5_g0_s42_hotspots_p80_chr1	5	10	426	1286	2425	0	0.38851116714024464	0.31916356706716115	0.0	0.21563789248466492	16.23031234741211	0.04681852605059524
cov10_n5_g0_s42_hotspots_p80_chr1	5	10	427	946	1776	0	0.5370684601770421	0.4911918840644618	0.25	0.3057306706905365	15.429479598999023	0.04220763151449446
cov10_n5_g0_s42_hotspots_p80_chr1	5	10	428	1041	1911	0	0.5578147023902748	0.5244092791142029	0.25	0.49164384603500366	6.436483860015869	0.04454026033494699
cov10_n5_g0_s42_hotspots_p80_chr1	5	10	429	871	1589	0	0.3111157603694037	0.25209510410965147	0.25	0.24369239807128906	8.149482727050781	0.0530601328754619
cov10_n5_g0_s42_hotspots_p80_chr1	5	10	430	1045	1643	0	0.26639504634831784	0.18798332176783591	0.25	0.16753533482551575	12.641816139221191	0.05148888618581547
cov10_n5_g0_s42_hotspots_p80_chr1	5	10	431	716	1575	0	0.4270601958365344	0.366954320367011	0.25	0.2569206953048706	13.814971923828125	0.046045758491993515
cov10_n5_g0_s42_hotspots_p80_chr1	5	10	432	852	1760	0	0.3289649154497158	0.2573548182322894	0.1111111111111111	0.2034854143857956	13.067805290222168	0.049387471034685625
cov10_n5_g0_s42_hotspots_p80_chr1	5	10	433	1033	2159	0	0.4932244946933697	0.4454527842088999	0.25	0.3329617977142334	10.9716157913208	0.04443528617324253
cov10_n5_g0_s42_hotspots_p80_chr1	5	10	434	764	1547	0	0.23643160759952464	0.150107435834668	0.1111111111111111	0.14159676432609558	13.940374374389648	0.05185260036618711
cov10_n5_g0_s42_hotspots_p80_chr1	5	10	435	1121	2029	0	0.39090687797005513	0.32950985112199005	0.0	0.2526894509792328	11.965819358825684	0.04776185699469618
cov10_n5_g0_s42_hotspots_p80_chr1	5	10	436	806	1564	0	0.3996832899038724	0.3502873841566336	0.25	0.32436543703079224	7.591592311859131	0.05024670137245788
cov10_n5_g0_s42_hotspots_p80_chr1	5	10	437	710	1275	0	0.19666828956087293	0.1212764347641595	0.0	0.14210988581180573	9.576130867004395	0.05563074159860142
cov10_n5_g0_s42_hotspots_p80_chr1	5	10	438	789	2065	0	0.35833460114640864	0.3077136596278352	0.1111111111111111	0.30431678891181946	6.93259334564209	0.052739863552567476
cov10_n5_g0_s42_hotspots_p80_chr1	5	10	439	872	2025	0	0.591526493689382	0.5577392574940868	0.25	0.46439316868782043	8.112351417541504	0.041459551904310284
cov10_n5_g0_s42_hotspots_p80_chr1	5	10	440	709	2145	0	0.3828284537393154	0.3302098173018298	0.25	0.29963773488998413	8.161789894104004	0.0503322775439816
cov10_n5_g0_s42_hotspots_p80_chr1	5	10	441	572	1313	0	0.20053849153837425	0.09589047723003609	0.1111111111111111	0.10545136034488678	18.082611083984375	0.0516140979148705
cov10_n5_g0_s42_hotspots_p80_chr1	5	10	442	681	1165	0	0.5047440085701906	0.45845968072826276	0.1111111111111111	0.34298714995384216	10.828210830688477	0.04403925925279036
cov10_n5_g0_s42_hotspots_p80_chr1	5	10	443	612	1855	0	0.321656207437716	0.25725098864088364	0.1111111111111111	0.22632300853729248	10.099417686462402	0.05104977970113633
cov10_n5_g0_s42_hotspots_p80_chr1	5	10	444	1076	1332	0	0.5201185317678628	0.47114968953948677	0.25	0.2796458601951599	17.296489715576172	0.04271370781010567
cov10_n5_g0_s42_hotspots_p80_chr1	5	10	445	774	1814	0	0.7029031044135174	0.6890132130850212	0.6666666666666666	0.908040463924408	2.9960601329803467	0.046172972412994
cov10_n5_g0_s42_hotspots_p80_chr1	5	10	446	404	1161	0	0.3057468582505698	0.2535337538549363	0.1111111111111111	0.2725343406200409	6.292910099029541	0.05588998792101834
cov10_n5_g0_s42_hotspots_p80_chr1	5	10	447	880	1444	0	0.7024946615073763	0.6780390272752886	0.42857142857142855	0.48956921696662903	10.295034408569336	0.035585549926322665
cov10_n5_g0_s42_hotspots_p80_chr1	5	10	448	879	1871	0	0.46805389636637573	0.43104925103089214	0.25	0.4494752287864685	5.421884059906006	0.050577620928180564
cov10_n5_g0_s42_hotspots_p80_chr1	5	10	449	1045	1823	0	0.08732700653287759	0.029980597498642327	0.1111111111111111	0.09231680631637573	4.474099159240723	0.06951456156133021
cov10_n5_g0_s42_hotspots_p80_chr1	5	10	450	1488	2690	0	0.6993040711332631	0.6756940763032475	0.42857142857142855	0.5737100839614868	7.428774833679199	0.036250461829835635
cov10_n5_g0_s42_hotspots_p80_chr1	5	10	451	577	1764	0	0.6421397593225808	0.617218073456567	0.42857142857142855	0.6154742240905762	5.442636489868164	0.04146456169288872
cov10_n5_g0_s42_hotspots_p80_chr1	5	10	452	980	2375	0	0.3785200762773125	0.30711594622169364	0.25	0.20811687409877777	16.539913177490234	0.04706551997333312
cov10_n5_g0_s42_hotspots_p80_chr1	5	10	453	462	1032	0	0.28897634038687253	0.21609558041996094	0.1111111111111111	0.18878653645515442	11.715275764465332	0.05121572326914812
cov10_n5_g0_s42_hotspots_p80_chr1	5	10	454	3	25	1	0.31622777142784575	0.28941438070815295	0.1111111111111111	0.5	2.0	0.07905694150420949
cov10_n5_g0_s42_hotspots_p80_chr1	5	10	455	484	1446	0	0.1828436228281172	0.1279698685911306	0.25	0.18160390853881836	5.068498134613037	0.0637039607273989
cov10_n5_g0_s42_hotspots_p80_chr1	5	10	456	779	1776	0	0.7864571902438519	0.7737770724469043	0.6666666666666666	0.8631538152694702	4.150914669036865	0.03457767190584799
cov10_n5_g0_s42_hotspots_p80_chr1	5	10	457	602	1652	0	0.09300877272544586	0.041235308318425645	0.1111111111111111	0.10759665071964264	3.7361152172088623	0.07285422250393796
cov10_n5_g0_s42_hotspots_p80_chr1	5	10	458	63	631	1	0.34776909544229995	0.31553592732370567	0.25	0.45360758900642395	2.9389448165893555	0.06697155672540432
cov10_n5_g0_s42_hotspots_p80_chr1	5	10	459	75	537	1	0.307967775154131	0.259437694030976	0.1111111111111111	0.2935958802700043	5.50149393081665	0.05748156813169309
cov10_n5_g0_s42_hotspots_p80_chr1	5	10	460	805	2082	0	0.3573155838552907	0.2956090580780628	0.1111111111111111	0.2467379868030548	10.485806465148926	0.0495822303665488
cov10_n5_g0_s42_hotspots_p80_chr1	5	10	461	798	1447	0	0.2558694323841848	0.19671576975095906	0.1111111111111111	0.2163526564836502	6.9933037757873535	0.0566185568380622
cov10_n5_g0_s42_hotspots_p80_chr1	5	10	462	780	1566	0	0.26538598988569273	0.20244955820736582	0.1111111111111111	0.20849314332008362	8.101070404052734	0.0547771866666813
cov10_n5_g0_s42_hotspots_p80_chr1	5	10	463	725	1854	0	0.40279397209135104	0.3597652012939744	0.25	0.37395593523979187	5.800894260406494	0.05277366887277691
cov10_n5_g0_s42_hotspots_p80_chr1	5	10	464	1191	2052	0	0.574411318481774	0.5419840696825027	0.25	0.5010263919830322	6.571958541870117	0.04355328479068835
cov10_n5_g0_s42_hotspots_p80_chr1	5	10	465	447	782	0	0.3202841605944349	0.2621138173426791	0.25	0.2509925067424774	8.141780853271484	0.052728817010261074
cov10_n5_g0_s42_hotspots_p80_chr1	5	10	466	656	1538	0	0.7145470765245076	0.6915018429759722	0.42857142857142855	0.48439496755599976	10.880088806152344	0.035027314999310534
cov10_n5_g0_s42_hotspots_p80_chr1	5	10	467	320	884	0	0.3852397873098237	0.3236263109709025	0.1111111111111111	0.2512793242931366	11.752188682556152	0.04803368615403129
cov10_n5_g0_s42_hotspots_p80_chr1	5	10	468	779	1542	0	0.3438340030469342	0.2963415903928314	0.1111111111111111	0.3179546296596527	5.847057342529297	0.055209187490233604
cov10_n5_g0_s42_hotspots_p80_chr1	5	10	469	570	1366	0	0.4362198234785408	0.38870142740928265	0.25	0.3438316583633423	8.04802131652832	0.04831168093411323
cov10_n5_g0_s42_hotspots_p80_chr1	5	10	470	896	1769	0	0.37244284804938876	0.29230655136664996	0.1111111111111111	0.17595839500427246	22.40109634399414	0.0466713658234779
cov10_n5_g0_s42_hotspots_p80_chr1	5	10	471	922	2033	0	0.7827319079208853	0.7660665724714858	0.42857142857142855	0.6201525330543518	7.965243339538574	0.031121621903648276
cov10_n5_g0_s42_hotspots_p80_chr1	5	10	472	1109	2479	0	0.5546755318848127	0.5114133971496346	0.25	0.3015831410884857	16.91351890563965	0.041606948701212204
cov10_n5_g0_s42_hotspots_p80_chr1	5	10	473	506	1880	0	0.6112726268465212	0.580939404583032	0.25	0.5165790319442749	7.001100063323975	0.041261825966480946
cov10_n5_g0_s42_hotspots_p80_chr1	5	10	474	648	1898	0	0.4234920029551588	0.3678399282176419	0.25	0.2853677272796631	11.011606216430664	0.046992842052662284
cov10_n5_g0_s42_hotspots_p80_chr1	5	10	475	487	1559	0	0.11109205604958027	0.06372032741942522	0.1111111111111111	0.1370128095149994	3.2871062755584717	0.07495113677299409
cov10_n5_g0_s42_hotspots_p80_chr1	5	10	476	1053	2444	0	0.5588702297262159	0.5162364650510974	0.25	0.30923327803611755	16.331253051757812	0.041463685740859735
cov10_n5_g0_s42_hotspots_p80_chr1	5	10	477	1263	2620	0	0.7246775714887067	0.703515149728936	0.42857142857142855	0.4627477824687958	12.262271881103516	0.03472244248474809
cov10_n5_g0_s42_hotspots_p80_chr1	5	10	478	781	1457	0	0.23992385877049485	0.17672838680029934	0.25	0.1943349689245224	7.621053695678711	0.05628959379110073
cov10_n5_g0_s42_hotspots_p80_chr1	5	10	479	1148	2194	0	0.4904898872408318	0.44885191537533375	0.25	0.39790835976600647	7.597382545471191	0.046430181682244824
cov10_n5_g0_s42_hotspots_p80_chr1	5	10	480	872	1621	0	0.22536198326340445	0.16165331061904087	0.1111111111111111	0.18457257747650146	7.454131126403809	0.057044366313232675
cov10_n5_g0_s42_hotspots_p80_chr1	5	10	481	769	1853	0	0.23621735255796067	0.17830181971183762	0.25	0.2090996950864792	6.3809709548950195	0.05842474608725409
cov10_n5_g0_s42_hotspots_p80_chr1	5	10	483	255	1150	0	0.6326842184397451	0.6002946544485961	0.25	0.3909912705421448	13.092117309570312	0.03872746672298048
cov10_n5_g0_s42_hotspots_p80_chr1	5	10	484	746	1942	0	0.10796853399156277	0.03635898809062559	0.1111111111111111	0.09075144678354263	7.077132225036621	0.0617454045830648
cov10_n5_g0_s42_hotspots_p80_chr1	5	10	485	815	1738	0	0.4783399320055469	0.43407130451453824	0.25	0.3720622956752777	8.264411926269531	0.04639178588589225
cov10_n5_g0_s42_hotspots_p80_chr1	5	10	486	650	1976	0	0.6726801847743681	0.6540468029248764	0.42857142857142855	0.7670885920524597	3.844998359680176	0.0437668108080828
cov10_n5_g0_s42_hotspots_p80_chr1	5	10	487	595	1806	0	0.21829999104352169	0.11519813026193727	0.1111111111111111	0.11313683539628983	18.615272521972656	0.05104711008242265
cov10_n5_g0_s42_hotspots_p80_chr1	5	10	488	553	2072	0	0.16982311671304123	0.11718326695753664	0.1111111111111111	0.1779775768518448	4.5523223876953125	0.06599972342492309
cov10_n5_g0_s42_hotspots_p80_chr1	5	10	489	976	2582	0	0.565000565600235	0.5249635779930946	0.42857142857142855	0.3755389153957367	11.3176908493042	0.04155443335754815
cov10_n5_g0_s42_hotspots_p80_chr1	5	10	490	744	2500	0	0.4125921351314136	0.3633667977489503	0.25	0.3280418813228607	7.909578323364258	0.04939790582560159
cov10_n5_g0_s42_hotspots_p80_chr1	5	10	491	55	310	1	0.31622777142784575	0.289414380708153	0.1111111111111111	0.5	2.0	0.07905694150420949
cov10_n5_g0_s42_hotspots_p80_chr1	5	10	492	79	322	1	0.33553490146722836	0.299329108443873	0.1111111111111111	0.40277764201164246	3.469881534576416	0.06394168877785507
cov10_n5_g0_s42_hotspots_p80_chr1	5	10	493	578	1594	0	0.5098577344535292	0.46327126648514466	0.25	0.33616548776626587	11.50169563293457	0.04365740458058495
cov10_n5_g0_s42_hotspots_p80_chr1	5	10	494	702	1389	0	0.49852458616098916	0.4572952067065592	0.42857142857142855	0.4012630581855774	7.717646598815918	0.045971183410761854
cov10_n5_g0_s42_hotspots_p80_chr1	5	10	495	754	2379	0	0.5535600952123463	0.5116126800033337	0.25	0.35666221380233765	12.044404983520508	0.04188693382719195
cov10_n5_g0_s42_hotspots_p80_chr1	5	10	496	914	2474	0	0.4823909337580095	0.457720353875625	0.25	0.6392617225646973	2.8471531867980957	0.060778629440124965
cov10_n5_g0_s42_hotspots_p80_chr1	5	10	497	697	2423	0	0.5111502548898288	0.4620981690396713	0.25	0.3025224208831787	14.274209022521973	0.04316356389139116
cov10_n5_g0_s42_hotspots_p80_chr1	5	10	498	1293	1966	0	0.43443558004728106	0.37055166631554615	0.42857142857142855	0.228993222117424	17.995981216430664	0.04527287681239573
cov10_n5_g0_s42_hotspots_p80_chr1	5	10	499	1066	1883	0	0.6767840812208202	0.6497342046240171	0.42857142857142855	0.4336506724357605	12.178400039672852	0.036853140251536874
cov10_n5_g0_s42_hotspots_p80_chr1	5	10	500	1022	1783	0	0.5558462473695496	0.5129250481104073	0.1111111111111111	0.3248901069164276	14.635462760925293	0.041588933802407996
cov10_n5_g0_s42_hotspots_p80_chr1	5	10	501	978	1692	0	0.40856830251588416	0.3539306858262583	0.1111111111111111	0.2914808988571167	9.82379150390625	0.048114620541764186
cov10_n5_g0_s42_hotspots_p80_chr1	5	10	502	1041	2108	0	0.4169396740774384	0.3682301413514194	0.25	0.33247941732406616	7.86297607421875	0.04926796046615563
cov10_n5_g0_s42_hotspots_p80_chr1	5	10	503	1022	2148	0	0.6234896468933183	0.5899614921164856	0.42857142857142855	0.3779144883155823	13.609475135803223	0.03910121698065694
cov10_n5_g0_s42_hotspots_p80_chr1	5	10	504	624	1370	0	0.560769794401903	0.5249326428729517	0.42857142857142855	0.45145854353904724	7.714422225952148	0.043163048766858204
cov10_n5_g0_s42_hotspots_p80_chr1	5	10	505	863	2231	0	0.42554679227878045	0.3656714707005003	0.25	0.2586860954761505	13.530641555786133	0.04615623985297815
cov10_n5_g0_s42_hotspots_p80_chr1	5	10	506	317	997	0	0.373949366502295	0.30448423987434114	0.25	0.2161160707473755	14.969989776611328	0.04748077142024376
cov10_n5_g0_s42_hotspots_p80_chr1	5	10	507	793	2212	0	0.49044559252198794	0.45234360820128633	0.42857142857142855	0.43809038400650024	6.2664875984191895	0.04800297810333396
cov10_n5_g0_s42_hotspots_p80_chr1	5	10	508	820	1799	0	0.4796416169501868	0.4290254527096822	0.25	0.31134897470474243	11.866122245788574	0.044684161330725086
cov10_n5_g0_s42_hotspots_p80_chr1	5	10	509	875	1841	0	0.5190002259016897	0.47073373888732617	0.25	0.30166977643966675	14.79931354522705	0.0428518956144119
cov10_n5_g0_s42_hotspots_p80_chr1	5	10	510	176	406	1	0.2871021299666084	0.23323907856505804	0.1111111111111111	0.2548433840274811	6.345941543579102	0.056529158882344124
cov10_n5_g0_s42_hotspots_p80_chr1	5	10	511	986	2091	0	0.5587960716509693	0.5162126655759282	0.42857142857142855	0.3033860921859741	16.962322235107422	0.04147284500280055
cov10_n5_g0_s42_hotspots_p80_chr1	5	10	512	593	2014	0	0.550781547823209	0.511074564461936	0.25	0.3979611396789551	9.577396392822266	0.04260693237215566
cov10_n5_g0_s42_hotspots_p80_chr1	5	10	513	917	2343	0	0.4012943638160836	0.33826894944816144	0.1111111111111111	0.24433615803718567	13.487163543701172	0.046958774389192055
cov10_n5_g0_s42_hotspots_p80_chr1	5	10	514	1348	2512	0	0.5289634665025379	0.48145807658598644	0.25	0.283260315656662	17.436119079589844	0.042433488671188735
cov10_n5_g0_s42_hotspots_p80_chr1	5	10	515	1646	2577	0	0.34691455198969146	0.2873129274619703	0.25	0.2535933554172516	9.357057571411133	0.05067468116416277
cov10_n5_g0_s42_hotspots_p80_chr1	5	10	516	930	2076	0	0.34251879753585096	0.27255316187218653	0.1111111111111111	0.21150174736976624	13.113268852233887	0.04894613573620316
cov10_n5_g0_s42_hotspots_p80_chr1	5	10	517	634	1843	0	0.5484438550378289	0.5057882450226189	0.25	0.3516586422920227	12.161629676818848	0.04206577599509552
cov10_n5_g0_s42_hotspots_p80_chr1	5	10	518	980	2058	0	0.5454466832748518	0.5009798924217811	0.25	0.3167304992675781	14.828418731689453	0.04194428951684287
cov10_n5_g0_s42_hotspots_p80_chr1	5	10	519	854	1644	0	0.4590330891387619	0.398514823439977	0.25	0.23165151476860046	19.633047103881836	0.04447947865265392
cov10_n5_g0_s42_hotspots_p80_chr1	5	10	520	832	1580	0	0.45965914030360444	0.4006756700380394	0.25	0.2476942539215088	17.219079971313477	0.04458102381736806
cov10_n5_g0_s42_hotspots_p80_chr1	5	10	521	767	1662	0	0.4847378363724275	0.4377162475089437	0.25	0.34378647804260254	9.940454483032227	0.045150364395040214
cov10_n5_g0_s42_hotspots_p80_chr1	5	10	522	761	1958	0	0.598061138402646	0.5613826923636334	0.25	0.3375498652458191	15.695866584777832	0.040107837230214154
cov10_n5_g0_s42_hotspots_p80_chr1	5	10	523	423	620	0	0.5033843799470371	0.4551790980851921	0.25	0.3219229280948639	12.225472450256348	0.04373603382024609
cov10_n5_g0_s42_hotspots_p80_chr1	5	10	524	600	1598	0	0.37344223832692525	0.3355378247622655	0.42857142857142855	0.4082789421081543	4.183145046234131	0.05870934839541296
cov10_n5_g0_s42_hotspots_p80_chr1	5	10	525	804	2510	0	0.43215955748421586	0.38028146226438364	0.25	0.31070759892463684	9.672849655151367	0.047315312675282904
cov10_n5_g0_s42_hotspots_p80_chr1	5	10	526	1056	2097	0	0.748802271710147	0.7295166600005816	0.42857142857142855	0.6250485181808472	7.175907611846924	0.03341702205397158
cov10_n5_g0_s42_hotspots_p80_chr1	5	10	527	822	1859	0	0.5461433158982997	0.5015332327869638	0.25	0.3053587079048157	15.994203567504883	0.04188961110111756
cov10_n5_g0_s42_hotspots_p80_chr1	5	10	528	892	2209	0	0.38791381753544907	0.3327539075145594	0.25	0.28573137521743774	9.215619087219238	0.04927205956540691
cov10_n5_g0_s42_hotspots_p80_chr1	5	10	529	1133	2211	0	0.4097505143178259	0.3398623992814082	0.1111111111111111	0.20645156502723694	19.69575309753418	0.04585189984688701
cov10_n5_g0_s42_hotspots_p80_chr1	5	10	530	955	1534	0	0.42592619341606247	0.3766407520211758	0.25	0.32931795716285706	8.363882064819336	0.04845545991415386
cov10_n5_g0_s42_hotspots_p80_chr1	5	10	531	412	1330	0	0.2902863562447311	0.2420152467072595	0.1111111111111111	0.28487446904182434	5.191778659820557	0.059019320943070004
cov10_n5_g0_s42_hotspots_p80_chr1	5	10	532	982	2061	0	0.4351242230993812	0.37509971168768974	0.25	0.2550587058067322	14.55178451538086	0.045647646938691666
cov10_n5_g0_s42_hotspots_p80_chr1	5	10	533	1084	2335	0	0.4203756703669307	0.35135507526908666	0.1111111111111111	0.20396840572357178	21.238279342651367	0.04548316046182276
cov10_n5_g0_s42_hotspots_p80_chr1	5	10	534	932	1609	0	0.4811116713304667	0.42511702505426496	0.25	0.25031712651252747	18.47058868408203	0.04387671388033845
cov10_n5_g0_s42_hotspots_p80_chr1	5	10	535	1048	2323	0	0.5172494429435176	0.47183614623564063	0.25	0.34504401683807373	11.236241340637207	0.04344250829075502
cov10_n5_g0_s42_hotspots_p80_chr1	5	10	536	870	1916	0	0.7634143351338593	0.7450510765710414	0.6666666666666666	0.5610874891281128	9.256131172180176	0.032326752886636514
cov10_n5_g0_s42_hotspots_p80_chr1	5	10	537	769	1651	0	0.4959481064760585	0.4485807812103345	0.25	0.3358551859855652	10.902807235717773	0.04435332790383137
cov10_n5_g0_s42_hotspots_p80_chr1	5	10	538	715	2330	0	0.545955246177773	0.5063021540862008	0.25	0.40248721837997437	9.199833869934082	0.04296840906977833
cov10_n5_g0_s42_hotspots_p80_chr1	5	10	539	659	2420	0	0.36877959504718505	0.33687841241526717	0.25	0.4713561534881592	3.06059193611145	0.06501843379017237
cov10_n5_g0_s42_hotspots_p80_chr1	5	10	540	851	2255	0	0.45206741523618155	0.3978514785938132	0.25	0.29104456305503845	12.063058853149414	0.04561796371572432
cov10_n5_g0_s42_hotspots_p80_chr1	5	10	541	1165	2131	0	0.3653015047134381	0.31272513138222985	0.1111111111111111	0.29507964849472046	7.662922382354736	0.05153477693419606
cov10_n5_g0_s42_hotspots_p80_chr1	5	10	542	814	1814	0	0.5624006928074756	0.5313295498346637	0.42857142857142855	0.528986930847168	5.651605606079102	0.045462359579761795
cov10_n5_g0_s42_hotspots_p80_chr1	5	10	543	948	1896	0	0.48790576182012824	0.4347017060945912	0.25	0.2780749201774597	15.392826080322266	0.04383710918930996
cov10_n5_g0_s42_hotspots_p80_chr1	5	10	544	680	1684	0	0.5744320435244704	0.5345341864729866	0.25	0.35591650009155273	13.024201393127441	0.040989867645975175
cov10_n5_g0_s42_hotspots_p80_chr1	5	10	545	1121	2178	0	0.5875598727888569	0.5504069781303994	0.25	0.3983646035194397	10.877090454101562	0.040710950072780236
cov10_n5_g0_s42_hotspots_p80_chr1	5	10	546	774	1678	0	0.36081712364244445	0.2865188841230173	0.1111111111111111	0.19814512133598328	16.57973289489746	0.047573174537200245
cov10_n5_g0_s42_hotspots_p80_chr1	5	10	547	958	2153	0	0.7472264021670539	0.7272724727494732	0.42857142857142855	0.5679738521575928	8.654016494750977	0.03323472143336677
cov10_n5_g0_s42_hotspots_p80_chr1	5	10	548	953	2216	0	0.4554196646466939	0.3950949110575235	0.0	0.23932254314422607	18.106157302856445	0.04465154083301579
cov10_n5_g0_s42_hotspots_p80_chr1	5	10	549	714	2650	0	0.12612077991021037	0.07699128769949623	0.25	0.14792519807815552	3.6346189975738525	0.07210772151028119
cov10_n5_g0_s42_hotspots_p80_chr1	5	10	550	1086	2412	0	0.4562431525450991	0.394238232664861	0.1111111111111111	0.21335750818252563	22.86372184753418	0.04449640611950622
cov10_n5_g0_s42_hotspots_p80_chr1	5	10	551	885	2078	0	0.41155309208991625	0.3406186496355	0.25	0.199033722281456	21.378063201904297	0.04571151768910294
cov10_n5_g0_s42_hotspots_p80_chr1	5	10	552	1000	2357	0	0.503381668995514	0.45212744106225033	0.25	0.2809019982814789	16.056659698486328	0.04328952848345916
cov10_n5_g0_s42_hotspots_p80_chr1	5	10	553	1508	2918	0	0.498596320014201	0.4464886377607241	0.25	0.27641093730926514	16.268878936767578	0.04343136384307556
cov10_n5_g0_s42_hotspots_p80_chr1	5	10	554	954	2172	0	0.304524726763873	0.22896620728617478	0.0	0.18623079359531403	13.369407653808594	0.050038149612007955
cov10_n5_g0_s42_hotspots_p80_chr1	5	10	555	1032	2296	0	0.33832206977407686	0.26963954074924595	0.1111111111111111	0.21521207690238953	12.356553077697754	0.049351277062689956
cov10_n5_g0_s42_hotspots_p80_chr1	5	10	556	1472	2881	0	0.5239341318361905	0.4764345626449754	0.25	0.30567678809165955	14.689213752746582	0.04269169348042548
cov10_n5_g0_s42_hotspots_p80_chr1	5	10	557	834	1540	0	0.3928528287127772	0.3210313623969222	0.1111111111111111	0.20372886955738068	18.591938018798828	0.04640786672801622
cov10_n5_g0_s42_hotspots_p80_chr1	5	10	558	29	92	1	0.24937941669512387	0.14525212944482785	0.1111111111111111	0.12095239013433456	21.25505828857422	0.04983305503156862
cov10_n5_g0_s42_hotspots_p80_chr1	5	10	560	701	1563	0	0.4178629387172488	0.3518311195322098	0.1111111111111111	0.22449517250061035	17.32302474975586	0.04581601430097735
cov10_n5_g0_s42_hotspots_p80_chr1	5	10	561	1046	2854	0	0.3806321551045956	0.3005035293117403	0.25	0.17230169475078583	24.400680541992188	0.046376420524101146
cov10_n5_g0_s42_hotspots_p80_chr1	5	10	562	901	1809	0	0.46476322320233	0.40511038757731943	0.1111111111111111	0.23099631071090698	20.2406005859375	0.04430111692510367
cov10_n5_g0_s42_hotspots_p80_chr1	5	10	563	835	1827	0	0.07808963664580269	-0.0016629691777978251	0.0	0.06130180507898331	8.113539695739746	0.06110749296147994
cov10_n5_g0_s42_hotspots_p80_chr1	5	10	564	1398	1996	0	0.33264168711546116	0.24277252697035423	0.1111111111111111	0.1545843929052353	23.152191162109375	0.04761285302592656
cov10_n5_g0_s42_hotspots_p80_chr1	5	10	565	806	1463	0	0.4701245207897126	0.41269215024475464	0.1111111111111111	0.2511666715145111	17.517484664916992	0.04424634791274963
cov10_n5_g0_s42_hotspots_p80_chr1	5	10	566	1026	1533	0	0.4335577044509533	0.36898583072685837	0.1111111111111111	0.22462163865566254	18.627761840820312	0.04525409646139207
cov10_n5_g0_s42_hotspots_p80_chr1	5	10	567	938	1682	0	0.26289856008071066	0.1506950029772795	0.0	0.11461155116558075	26.308107376098633	0.04901102869630216
cov10_n5_g0_s42_hotspots_p80_chr1	5	10	568	924	2069	0	0.5570259239742427	0.5141460958836926	0.25	0.302923321723938	16.906566619873047	0.04153000327229047
cov10_n5_g0_s42_hotspots_p80_chr1	5	10	569	748	1530	0	0.4023431638263275	0.33808549449304914	0.1111111111111111	0.2379550039768219	14.294652938842773	0.04674053783151797
cov10_n5_g0_s42_hotspots_p80_chr1	5	10	570	583	2083	0	0.3534267806660535	0.2863090874087019	0.1111111111111111	0.22367821633815765	12.483077049255371	0.048815619862142876
cov10_n5_g0_s42_hotspots_p80_chr1	5	10	571	1062	2096	0	0.3051507411323926	0.2131293992235109	0.1111111111111111	0.14925366640090942	20.900121688842773	0.04849550738299882
cov10_n5_g0_s42_hotspots_p80_chr1	5	10	572	873	2352	0	0.5304702376354109	0.48688533864262273	0.25	0.3583989441394806	10.953643798828125	0.043002069881142344
cov10_n5_g0_s42_hotspots_p80_chr1	5	10	573	930	2455	0	0.5434772011852528	0.4985750353390299	0.1111111111111111	0.3100541830062866	15.36234188079834	0.04199294117339261
cov10_n5_g0_s42_hotspots_p80_chr1	5	10	574	714	1533	0	0.248299070402788	0.15636544041742334	0.1111111111111111	0.13690076768398285	16.447824478149414	0.05074913935857269
cov10_n5_g0_s42_hotspots_p80_chr1	5	10	575	901	1841	0	0.3985237848322865	0.3253241763484254	0.1111111111111111	0.19490423798561096	20.904314041137695	0.04608081445909181
cov10_n5_g0_s42_hotspots_p80_chr1	5	10	576	814	1699	0	0.33081438601214147	0.2397778282387657	0.1111111111111111	0.15200310945510864	23.682842254638672	0.04762134743940956
cov10_n5_g0_s42_hotspots_p80_chr1	5	10	577	662	2142	0	0.2748963821695793	0.20629288045748082	0.25	0.1954367756843567	9.89225959777832	0.05278664926294809
cov10_n5_g0_s42_hotspots_p80_chr1	5	10	578	718	2061	0	0.46218584536602125	0.4063336903417043	0.25	0.2737772762775421	14.24979305267334	0.04481427685425035
cov10_n5_g0_s42_hotspots_p80_chr1	5	10	579	549	1856	0	0.38846922200156264	0.3437759098786157	0.25	0.3557106554508209	5.963338375091553	0.05308095616973627
cov10_n5_g0_s42_hotspots_p80_chr1	5	10	580	861	1430	0	0.34742212755941915	0.2835635987093388	0.25	0.23543214797973633	10.888134002685547	0.049707927860226125
cov10_n5_g0_s42_hotspots_p80_chr1	5	10	581	617	1843	0	0.34615615383757015	0.27427499121591853	0.1111111111111111	0.2054709941148758	14.191004753112793	0.04851272769464536
cov10_n5_g0_s42_hotspots_p80_chr1	5	10	582	420	1205	0	0.35313285406046874	0.28076658827925643	0.25	0.2045271247625351	14.905427932739258	0.04812468368589799
cov10_n5_g0_s42_hotspots_p80_chr1	5	10	583	639	1578	0	0.38226949176173275	0.30110151534360624	0.25	0.1662372648715973	26.43946075439453	0.04627733661724315
cov10_n5_g0_s42_hotspots_p80_chr1	5	10	584	807	1446	0	0.40065485778015303	0.3233992531495205	0.1111111111111111	0.1631549894809723	30.151580810546875	0.04581262936520404
cov10_n5_g0_s42_hotspots_p80_chr1	5	10	585	872	1804	0	0.6738972339649109	0.6466152228715114	0.42857142857142855	0.425261914730072	12.555798530578613	0.03700332788111546
cov10_n5_g0_s42_hotspots_p80_chr1	5	10	586	1031	2074	0	0.5479201487455928	0.5056413458942679	0.25	0.35929298400878906	11.628057479858398	0.042172517971616044
cov10_n5_g0_s42_hotspots_p80_chr1	5	10	587	581	1785	0	0.2791227717739948	0.1932638759035095	0.1111111111111111	0.15615051984786987	15.976204872131348	0.050016607078356465
cov10_n5_g0_s42_hotspots_p80_chr1	5	10	588	823	1759	0	0.633525303420173	0.601204028152739	0.42857142857142855	0.4032289981842041	12.342252731323242	0.038686382071198996
cov10_n5_g0_s42_hotspots_p80_chr1	5	10	589	640	1313	0	0.615623651994347	0.5810575268755228	0.25	0.37116193771362305	13.755415916442871	0.039407146491326
cov10_n5_g0_s42_hotspots_p80_chr1	5	10	590	648	1682	0	0.5783287775539457	0.5424541096350243	0.25	0.43767398595809937	8.730077743530273	0.04175477750771926
cov10_n5_g0_s42_hotspots_p80_chr1	5	10	591	576	2057	0	0.520257449481558	0.47243028992569885	0.1111111111111111	0.3071253001689911	14.347471237182617	0.04284398432158049
cov10_n5_g0_s42_hotspots_p80_chr1	5	10	592	755	1985	0	0.2331384713221794	0.14321981010275323	0.0	0.1347925215959549	14.957751274108887	0.05159190391592396
cov10_n5_g0_s42_hotspots_p80_chr1	5	10	593	852	2425	0	0.3174939189359878	0.21922523073383995	0.1111111111111111	0.1378515213727951	26.522701263427734	0.047770668569746245
cov10_n5_g0_s42_hotspots_p80_chr1	5	10	594	699	1725	0	0.684913622399578	0.6631997712132626	0.6666666666666666	0.6632534265518188	5.331907749176025	0.03909104392905984
cov10_n5_g0_s42_hotspots_p80_chr1	5	10	595	764	2125	0	0.3870409497168917	0.3095039032305444	0.1111111111111111	0.1802448034286499	23.05463981628418	0.04627057540397397
cov10_n5_g0_s42_hotspots_p80_chr1	5	10	596	695	2250	0	0.7031330692838834	0.6855648040148579	0.42857142857142855	0.777373194694519	4.09058952331543	0.040852518399727075
cov10_n5_g0_s42_hotspots_p80_chr1	5	10	597	565	1856	0	0.5283116614249195	0.48380208639090844	0.25	0.34738874435424805	11.564289093017578	0.042941472545535465
cov10_n5_g0_s42_hotspots_p80_chr1	5	10	598	470	1464	0	0.35954347249265806	0.2978873979938185	0.25	0.24742528796195984	10.558073043823242	0.04946515566320051
cov10_n5_g0_s42_hotspots_p80_chr1	5	10	599	920	1920	0	0.3920563066019539	0.3272224262043918	0.25	0.23593050241470337	13.806978225708008	0.04717718480261729
cov10_n5_g0_s42_hotspots_p80_chr1	5	10	600	901	1802	0	0.37542611069189086	0.3086433295774238	0.25	0.2272033840417862	13.651782035827637	0.04774530851086699
cov10_n5_g0_s42_hotspots_p80_chr1	5	10	601	955	1769	0	0.21001243542240597	0.14018307790994586	0.1111111111111111	0.16057763993740082	8.552438735961914	0.05620216507754224
cov10_n5_g0_s42_hotspots_p80_chr1	5	10	602	850	1865	0	0.4418689481446465	0.3793473755009494	0.1111111111111111	0.2335144430398941	17.903148651123047	0.04506250043849843
cov10_n5_g0_s42_hotspots_p80_chr1	5	10	603	773	2251	0	0.43625045572634247	0.3956901906380265	0.25	0.4054687023162842	5.787981986999512	0.05130598353226541
cov10_n5_g0_s42_hotspots_p80_chr1	5	10	604	576	1642	0	0.12062104227844422	0.030228934884838438	0.1111111111111111	0.0806506872177124	11.184074401855469	0.05669574220802023
cov10_n5_g0_s42_hotspots_p80_chr1	5	10	605	837	2252	0	0.46841172669520015	0.44884447181193315	0.1111111111111111	0.7469432950019836	1.9663023948669434	0.07157089845597989
cov10_n5_g0_s42_hotspots_p80_chr1	5	10	606	920	1955	0	0.46293387375217143	0.40770576590432916	0.1111111111111111	0.27865180373191833	13.800163269042969	0.04486120156083701
cov10_n5_g0_s42_hotspots_p80_chr1	5	10	607	541	1185	0	0.28035948440574127	0.22183232501786235	0.25	0.23166324198246002	7.322953701019287	0.055214541167756905
cov10_n5_g0_s42_hotspots_p80_chr1	5	10	608	854	1902	0	0.4403469544307124	0.39235095569612544	0.25	0.34023547172546387	8.375308990478516	0.04786757803625462
cov10_n5_g0_s42_hotspots_p80_chr1	5	10	609	859	1768	0	0.40711678092288733	0.3465637059325714	0.25	0.2570818364620209	12.539067268371582	0.047026324454361
cov10_n5_g0_s42_hotspots_p80_chr1	5	10	610	983	1968	0	0.4933658421239336	0.4393168137923106	0.25	0.24787360429763794	19.808319091796875	0.04349344741031982
cov10_n5_g0_s42_hotspots_p80_chr1	5	10	611	512	1414	0	0.538605117364931	0.49351510931049636	0.25	0.32189667224884033	13.99838638305664	0.04223122945426585
cov10_n5_g0_s42_hotspots_p80_chr1	5	10	612	306	1089	0	0.4124319658964132	0.37306283241761634	0.25	0.41048526763916016	5.047536373138428	0.054074294077414535
cov10_n5_g0_s42_hotspots_p80_chr1	5	10	613	356	1187	0	0.36766633242446073	0.3057875821861834	0.1111111111111111	0.24791087210178375	10.997312545776367	0.048960054286074896
cov10_n5_g0_s42_hotspots_p80_chr1	5	10	614	206	911	0	0.4022615952294556	0.3442581976861062	0.1111111111111111	0.2712309658527374	10.997870445251465	0.04775383544960613
cov10_n5_g0_s42_hotspots_p80_chr1	5	10	615	728	1475	0	0.28300580008277526	0.20236078928414616	0.1111111111111111	0.1679781973361969	14.192367553710938	0.05040698445553058
cov10_n5_g0_s42_hotspots_p80_chr1	5	10	616	486	1602	0	0.6977811330334529	0.6728437465711986	0.42857142857142855	0.4962313175201416	9.886445045471191	0.035821792374062224
cov10_n5_g0_s42_hotspots_p80_chr1	5	10	617	291	1265	0	0.25873885339842284	0.19865205076495804	0.1111111111111111	0.2146546095609665	7.264618873596191	0.056101650786599656
cov10_n5_g0_s42_hotspots_p80_chr1	5	10	618	620	1744	0	0.22012377242804296	0.1628722345411588	0.1111111111111111	0.20099079608917236	5.997241497039795	0.059827565834348784
cov10_n5_g0_s42_hotspots_p80_chr1	5	10	619	42	685	1	0.3627285844995782	0.28242607933345676	0.1111111111111111	0.17777980864048004	20.814632415771484	0.04702807702905911
cov10_n5_g0_s42_hotspots_p80_chr1	5	10	620	347	1814	0	0.36259272910676404	0.27719412492183043	0.1111111111111111	0.16088871657848358	25.395519256591797	0.04677359599657782
cov10_n5_g0_s42_hotspots_p80_chr1	5	10	621	257	927	0	0.6601587444732177	0.6311258432049381	0.42857142857142855	0.45396852493286133	10.57341480255127	0.03758147894031798
cov10_n5_g0_s42_hotspots_p80_chr1	5	10	622	986	1843	0	0.5195468496197624	0.4789328071465312	0.25	0.40309974551200867	8.306044578552246	0.04460301719078494
cov10_n5_g0_s42_hotspots_p80_chr1	5	10	623	707	1412	0	0.35236065829589086	0.3033435752106745	0.1111111111111111	0.31190362572669983	6.381222724914551	0.05384564832473444
cov10_n5_g0_s42_hotspots_p80_chr1	5	10	624	781	1664	0	0.40968222212645117	0.3623672319430375	0.25	0.3415440022945404	7.19400691986084	0.05029748738949924
cov10_n5_g0_s42_hotspots_p80_chr1	5	10	625	1104	2455	0	0.49204882999483657	0.4442229856904218	0.1111111111111111	0.3329627513885498	10.919306755065918	0.044496600540016376
cov10_n5_g0_s42_hotspots_p80_chr1	5	10	626	741	1470	0	0.225878709565181	0.13908690357878384	0.1111111111111111	0.1367650032043457	13.638625144958496	0.05227513350950487
cov10_n5_g0_s42_hotspots_p80_chr1	5	10	627	1168	1656	0	0.33814148116239784	0.26371816586081087	0.1111111111111111	0.19620418548583984	14.85081672668457	0.048586866937635524
cov10_n5_g0_s42_hotspots_p80_chr1	5	10	628	1067	1999	0	0.5399917829151729	0.4960542200012373	0.1111111111111111	0.34182748198509216	12.477578163146973	0.04233981115383079
cov10_n5_g0_s42_hotspots_p80_chr1	5	10	629	1182	1895	0	0.425012956299652	0.3696335525734032	0.25	0.2870550751686096	10.960838317871094	0.046959005957187556
cov10_n5_g0_s42_hotspots_p80_chr1	5	10	630	1207	1940	0	0.4593777767432245	0.40879698190160796	0.25	0.3180985748767853	10.427650451660156	0.045915608674386446
cov10_n5_g0_s42_hotspots_p80_chr1	5	10	631	1058	1665	0	0.34417259908811426	0.26710594013582073	0.1111111111111111	0.18868309259414673	16.636293411254883	0.04804116797708312
cov10_n5_g0_s42_hotspots_p80_chr1	5	10	632	1491	1999	0	0.432347915737037	0.36780602099520104	0.25	0.22578111290931702	18.334182739257812	0.045308730085271275
cov10_n5_g0_s42_hotspots_p80_chr1	5	10	633	1003	1695	0	0.3275223735986065	0.23941193523381618	0.0	0.15880344808101654	21.268268585205078	0.047892722582194396
cov10_n5_g0_s42_hotspots_p80_chr1	5	10	634	964	2166	0	0.36289076360126477	0.2896185185568938	0.1111111111111111	0.20174624025821686	16.17748260498047	0.0475809599763759
cov10_n5_g0_s42_hotspots_p80_chr1	5	10	635	1186	2392	0	0.3757692090974845	0.2984933114771338	0.1111111111111111	0.18572890758514404	20.466960906982422	0.0467129087798155
cov10_n5_g0_s42_hotspots_p80_chr1	5	10	636	1144	2372	0	0.2690850665366724	0.18831387018059903	0.0	0.16340959072113037	13.557950019836426	0.05103841965421108
cov10_n5_g0_s42_hotspots_p80_chr1	5	10	637	1045	2049	0	0.5952384046258075	0.5607813838174549	0.25	0.44679751992225647	8.874222755432129	0.0409217111834035
cov10_n5_g0_s42_hotspots_p80_chr1	5	10	638	1190	2652	0	0.47930350802003907	0.4244735409874167	0.1111111111111111	0.2693359851837158	15.834429740905762	0.0440765145712443
cov10_n5_g0_s42_hotspots_p80_chr1	5	10	639	1245	2257	0	0.522262952365983	0.4752953006888515	0.25	0.31811514496803284	13.476580619812012	0.04285976232356852
cov10_n5_g0_s42_hotspots_p80_chr1	5	10	640	740	1680	0	0.4258910466194509	0.3751315018856601	0.25	0.3185437321662903	8.937765121459961	0.04801917552730553
cov10_n5_g0_s42_hotspots_p80_chr1	5	10	641	1463	2544	0	0.5511416540368667	0.5081372574147772	0.42857142857142855	0.33898642659187317	13.21696949005127	0.041842822279551016
cov10_n5_g0_s42_hotspots_p80_chr1	5	10	642	904	1577	0	0.5738015003068218	0.5457830128569635	0.42857142857142855	0.5813178420066833	4.871537685394287	0.0464686546504427
cov10_n5_g0_s42_hotspots_p80_chr1	5	10	643	1306	2227	0	0.5414479483638365	0.49723348724054695	0.1111111111111111	0.33410555124282837	13.131550788879395	0.0422063752972905
cov10_n5_g0_s42_hotspots_p80_chr1	5	10	644	1318	2742	0	0.5007377785189479	0.44854845587547476	0.25	0.26940470933914185	17.27349853515625	0.04332006822547254
cov10_n5_g0_s42_hotspots_p80_chr1	5	10	645	1229	1994	0	0.5081915952571873	0.4608390688227727	0.1111111111111111	0.3282274901866913	11.986024856567383	0.04360898921548985
cov10_n5_g0_s42_hotspots_p80_chr1	5	10	646	1200	2345	0	0.5216639495019917	0.4830391772542713	0.42857142857142855	0.4276196360588074	7.441086292266846	0.0451858823782509
cov10_n5_g0_s42_hotspots_p80_chr1	5	10	647	1172	2107	0	0.579492396626626	0.5431536260499434	0.25	0.4278336763381958	9.173089027404785	0.041515218881839996
cov10_n5_g0_s42_hotspots_p80_chr1	5	10	648	887	2048	0	0.35818148360147245	0.3082244352660711	0.1111111111111111	0.3083152770996094	6.748172760009766	0.0530167609080781
cov10_n5_g0_s42_hotspots_p80_chr1	5	10	649	677	2160	0	0.43713240878765713	0.3908325593659201	0.25	0.35385042428970337	7.630563735961914	0.048671313318108526
cov10_n5_g0_s42_hotspots_p80_chr1	5	10	650	717	1739	0	0.37416569201875105	0.3360021203426545	0.25	0.40614065527915955	4.2437028884887695	0.058436609665595954
cov10_n5_g0_s42_hotspots_p80_chr1	5	10	651	992	2915	0	0.7235312152662406	0.7012555978035644	0.42857142857142855	0.5135038495063782	9.926523208618164	0.034521491593269456
cov10_n5_g0_s42_hotspots_p80_chr1	5	10	652	524	1311	0	0.42109880109895526	0.3631455354484951	0.25	0.2711188793182373	12.061975479125977	0.046698181334857286
cov10_n5_g0_s42_hotspots_p80_chr1	5	10	653	927	2958	0	0.5361570754875148	0.5008935387975412	0.25	0.46980398893356323	6.512094497680664	0.04550258673016898
cov10_n5_g0_s42_hotspots_p80_chr1	5	10	654	673	2233	0	0.3554865221546124	0.2828630841861049	0.1111111111111111	0.20380127429962158	15.212563514709473	0.047986277376286246
cov10_n5_g0_s42_hotspots_p80_chr1	5	10	655	1018	1757	0	0.1325063087544416	0.06262598861281753	0.0	0.11096323281526566	7.129924774169922	0.060814126354928444
cov10_n5_g0_s42_hotspots_p80_chr1	5	10	656	872	1901	0	0.32682585096325983	0.2658338554734652	0.1111111111111111	0.24136383831501007	9.167656898498535	0.051542892621049816
cov10_n5_g0_s42_hotspots_p80_chr1	5	10	657	1177	2648	0	0.357532576045023	0.2904873540404781	0.1111111111111111	0.22455492615699768	12.675236701965332	0.04861481481565384
cov10_n5_g0_s42_hotspots_p80_chr1	5	10	658	777	2527	0	0.49102694514801315	0.43670814524781626	0.25	0.2304430902004242	22.70143699645996	0.043570752864378066
cov10_n5_g0_s42_hotspots_p80_chr1	5	10	659	769	2100	0	0.29881060181729274	0.2291240359372987	0.1111111111111111	0.20120394229888916	11.027804374694824	0.05125893933226884
cov10_n5_g0_s42_hotspots_p80_chr1	5	10	660	51	143	1	0.2529851099043491	0.18669032959917625	0.1111111111111111	0.19212543964385986	8.669424057006836	0.054600566566256975
cov10_n5_g0_s42_hotspots_p80_chr1	5	10	679	92	505	1	0.25806548559965387	0.20018049560529377	0.1111111111111111	0.22218647599220276	6.745197772979736	0.056940652561596736
cov10_n5_g0_s42_hotspots_p80_chr1	5	10	680	182	822	1	0.27376342923928965	0.21703583897464696	0.1111111111111111	0.23534934222698212	6.765422344207764	0.05631059960775701
cov10_n5_g0_s42_hotspots_p80_chr1	5	10	681	1192	2006	0	0.4807749371901913	0.4289562583696799	0.25	0.29923540353775024	12.90707015991211	0.04441040953283885
cov10_n5_g0_s42_hotspots_p80_chr1	5	10	682	566	977	0	0.3870300144344916	0.32311503935329194	0.25	0.24033033847808838	12.967079162597656	0.0475639360199607
cov10_n5_g0_s42_hotspots_p80_chr1	5	10	683	754	1593	0	0.237155815725679	0.1525260415171829	0.1111111111111111	0.14469067752361298	13.432490348815918	0.052030049922086305
cov10_n5_g0_s42_hotspots_p80_chr1	5	10	684	827	2145	0	0.5103943392976618	0.4676756684329657	0.25	0.3810904622077942	8.96861743927002	0.0445903166581754
cov10_n5_g0_s42_hotspots_p80_chr1	5	10	685	841	1447	0	0.4114988779524414	0.34232889710750275	0.1111111111111111	0.20955045521259308	19.28102684020996	0.04583179592329103
cov10_n5_g0_s42_hotspots_p80_chr1	5	10	686	778	1720	0	0.35426781581634426	0.29166119978601357	0.1111111111111111	0.24216507375240326	10.700655937194824	0.049571436439206314
cov10_n5_g0_s42_hotspots_p80_chr1	5	10	687	1128	1789	0	0.29647276018646435	0.2233077199905005	0.1111111111111111	0.19042502343654633	12.1196928024292	0.05078635858628038
cov10_n5_g0_s42_hotspots_p80_chr1	5	10	688	841	2109	0	0.33772095685386383	0.26474781954726234	0.1111111111111111	0.2007136344909668	14.155730247497559	0.04877977423627759
cov10_n5_g0_s42_hotspots_p80_chr1	5	10	689	736	1906	0	0.4091888676500606	0.3396152575632413	0.0	0.20851168036460876	19.255592346191406	0.045897753130520455
cov10_n5_g0_s42_hotspots_p80_chr1	5	10	690	679	2061	0	0.40994704714631625	0.35531671327964726	0.25	0.291626900434494	9.880305290222168	0.0480313290004629
cov10_n5_g0_s42_hotspots_p80_chr1	5	10	691	965	2786	0	0.37531313764909213	0.3005731226634177	0.1111111111111111	0.19546277821063995	18.434417724609375	0.046912318270976916
cov10_n5_g0_s42_hotspots_p80_chr1	5	10	692	796	2322	0	0.39751062079565863	0.3241363835424837	0.25	0.19455696642398834	20.872472763061523	0.04610954377987124
cov10_n5_g0_s42_hotspots_p80_chr1	5	10	693	573	1746	0	0.4081806179894622	0.33326555078278136	0.25	0.16475403308868408	30.690410614013672	0.04564562648329423
cov10_n5_g0_s42_hotspots_p80_chr1	5	10	694	645	1935	0	0.390170623457178	0.32656471645912893	0.25	0.24182960391044617	13.015481948852539	0.047447304196532404
cov10_n5_g0_s42_hotspots_p80_chr1	5	10	695	799	1825	0	0.3561072313823553	0.28606786455500194	0.1111111111111111	0.2130579650402069	13.968057632446289	0.04826602404535695
cov10_n5_g0_s42_hotspots_p80_chr1	5	10	696	762	1980	0	0.5766486374243153	0.5407832062226524	0.25	0.4394218921661377	8.610517501831055	0.04188798951973667
cov10_n5_g0_s42_hotspots_p80_chr1	5	10	697	997	2108	0	0.6127910683423525	0.5833501771701161	0.25	0.534328818321228	6.576240062713623	0.04158290723752962
cov10_n5_g0_s42_hotspots_p80_chr1	5	10	698	816	1937	0	0.48564217990611513	0.43273929655938187	0.25	0.28417378664016724	14.602752685546875	0.043990158275710255
cov10_n5_g0_s42_hotspots_p80_chr1	5	10	699	228	1164	0	0.25519200717332025	0.17623484379812213	0.1111111111111111	0.16225846111774445	12.36771297454834	0.051955787562730574
cov10_n5_g0_s42_hotspots_p80_chr1	5	10	700	673	2124	0	0.3584993496456724	0.29988872697315005	0.1111111111111111	0.26130595803260803	9.411267280578613	0.05021618561688031
cov10_n5_g0_s42_hotspots_p80_chr1	5	10	701	739	2142	0	0.4718953150676494	0.4242471759248887	0.25	0.34104952216148376	9.572525978088379	0.04583200770710233
cov10_n5_g0_s42_hotspots_p80_chr1	5	10	702	623	1948	0	0.5069352537292302	0.4731714624248393	0.42857142857142855	0.49421507120132446	5.2606940269470215	0.04904117786854509
cov10_n5_g0_s42_hotspots_p80_chr1	5	10	703	616	1612	0	0.34379845345765103	0.3064319402175713	0.25	0.39690643548965454	3.7514700889587402	0.06202817454854144
cov10_n5_g0_s42_hotspots_p80_chr1	5	10	704	351	1683	0	0.5755891153034914	0.5374749337146558	0.25	0.39804917573928833	10.454943656921387	0.04129601526384004
cov10_n5_g0_s42_hotspots_p80_chr1	5	10	705	592	1473	0	0.3474638900298612	0.2773760824141309	0.1111111111111111	0.2118413895368576	13.451407432556152	0.04868330022447438
cov10_n5_g0_s42_hotspots_p80_chr1	5	10	706	716	1864	0	0.6683085537844492	0.6445147145984557	0.25	0.6207340359687805	5.795793056488037	0.039408965350692785
cov10_n5_g0_s42_hotspots_p80_chr1	5	10	707	706	1881	0	0.3859058336455787	0.323838463312295	0.25	0.24911433458328247	11.99872875213623	0.04791873811396179
cov10_n5_g0_s42_hotspots_p80_chr1	5	10	708	382	1428	0	0.4983960337065815	0.4528544482720101	0.25	0.354164183139801	9.901703834533691	0.04462721471149701
cov10_n5_g0_s42_hotspots_p80_chr1	5	10	709	167	600	1	0.4946734017296459	0.45196332369182607	0.25	0.3856070935726166	8.228433609008789	0.04572840841121049
cov10_n5_g0_s42_hotspots_p80_chr1	5	10	710	425	977	0	0.5274587774668228	0.48326718715553824	0.42857142857142855	0.3526569604873657	11.18515682220459	0.04306120949468107
cov10_n5_g0_s42_hotspots_p80_chr1	5	10	711	725	1814	0	0.4452590872707449	0.3969399802027105	0.25	0.3377266228199005	8.69090461730957	0.04743049669726282
cov10_n5_g0_s42_hotspots_p80_chr1	5	10	712	730	1588	0	0.4305440650870912	0.37212207152634424	0.1111111111111111	0.26677972078323364	13.022655487060547	0.0461082101529838
cov10_n5_g0_s42_hotspots_p80_chr1	5	10	714	171	433	1	0.25020370992871654	0.177236608345428	0.1111111111111111	0.17348749935626984	10.399706840515137	0.053240205693366814
cov10_n5_g0_s42_hotspots_p80_chr1	5	10	715	1388	2755	0	0.5401554127945392	0.49723177962967036	0.42857142857142855	0.3584234118461609	11.35572338104248	0.042528221068536834
cov10_n5_g0_s42_hotspots_p80_chr1	5	10	716	1059	2628	0	0.505523012946287	0.45633960050777933	0.25	0.3079676032066345	13.472302436828613	0.04345102566697691
cov10_n5_g0_s42_hotspots_p80_chr1	5	10	717	1126	2383	0	0.4855379208048614	0.43547130774014114	0.1111111111111111	0.31366395950317383	11.980836868286133	0.04444112088916492
cov10_n5_g0_s42_hotspots_p80_chr1	5	10	718	807	2186	0	0.47352045526519215	0.4450400063101764	0.1111111111111111	0.5685005187988281	3.468851327896118	0.05710512866543903
cov10_n5_g0_s42_hotspots_p80_chr1	5	10	719	1105	1936	0	0.46333081346376676	0.40915052414449454	0.1111111111111111	0.2872677445411682	13.007046699523926	0.04499643161967119
cov10_n5_g0_s42_hotspots_p80_chr1	5	10	720	729	2093	0	0.41936447577778185	0.35783477331283176	0.1111111111111111	0.25006744265556335	14.061738014221191	0.046244998701394646
cov10_n5_g0_s42_hotspots_p80_chr1	5	10	721	942	1728	0	0.42332506780203916	0.3720434030518476	0.25	0.31467628479003906	9.048776626586914	0.04804186440013157
cov10_n5_g0_s42_hotspots_p80_chr1	5	10	722	893	1929	0	0.5046421662382145	0.4543880451896867	0.25	0.2944980263710022	14.681559562683105	0.04334648643159151
cov10_n5_g0_s42_hotspots_p80_chr1	5	10	723	957	2079	0	0.4154243086392235	0.3471958679019062	0.1111111111111111	0.21282246708869934	19.05104637145996	0.04573860062152551
cov10_n5_g0_s42_hotspots_p80_chr1	5	10	724	957	2308	0	0.5011271165780667	0.4486579237469422	0.25	0.259494811296463	18.646976470947266	0.04327673697040849
cov10_n5_g0_s42_hotspots_p80_chr1	5	10	725	949	2067	0	0.4206141612765922	0.3602206467656087	0.1111111111111111	0.25650539994239807	13.444507598876953	0.046338114915250556
cov10_n5_g0_s42_hotspots_p80_chr1	5	10	726	741	1865	0	0.35102317895065327	0.292362069821237	0.25	0.25908905267715454	9.177903175354004	0.05066084927900132
cov10_n5_g0_s42_hotspots_p80_chr1	5	10	727	952	2031	0	0.5658276366217146	0.5248278864028738	0.25	0.35076361894607544	13.010958671569824	0.04131477551237675
cov10_n5_g0_s42_hotspots_p80_chr1	5	10	728	609	1123	0	0.38924467858643164	0.32227787875992214	0.1111111111111111	0.22619010508060455	14.807037353515625	0.0470451130631936
cov10_n5_g0_s42_hotspots_p80_chr1	5	10	729	225	441	0	0.47237597516311636	0.4262245366427465	0.25	0.354745090007782	8.86569595336914	0.046219079645154815
cov10_n5_g0_s42_hotspots_p80_chr1	5	10	730	551	1288	0	0.5128141590643425	0.4649586245044741	0.25	0.3174133002758026	13.050878524780273	0.04325185938859138
cov10_n5_g0_s42_hotspots_p80_chr1	5	10	731	806	1717	0	0.44584637170137115	0.388490997578794	0.25	0.2697138786315918	13.662615776062012	0.04545696769680328
cov10_n5_g0_s42_hotspots_p80_chr1	5	10	732	849	2141	0	0.39015187092235987	0.35158473357045045	0.25	0.40968552231788635	4.534570693969727	0.05664073644876246
cov10_n5_g0_s42_hotspots_p80_chr1	5	10	733	753	1933	0	0.4875732443561163	0.4456610595196205	0.25	0.39527952671051025	7.607484817504883	0.04654804914466719
cov10_n5_g0_s42_hotspots_p80_chr1	5	10	734	621	1090	0	0.4578309409208309	0.40338259387246667	0.1111111111111111	0.2873627841472626	12.691682815551758	0.04525575252326248
cov10_n5_g0_s42_hotspots_p80_chr1	5	10	735	666	1616	0	0.45020392760922484	0.40469273892433094	0.25	0.3614862263202667	7.755415916442871	0.04800360173541162
cov10_n5_g0_s42_hotspots_p80_chr1	5	10	736	683	1768	0	0.20176065757310127	0.12557714984342463	0.1111111111111111	0.1433899849653244	9.89931869506836	0.05518843370261576
cov10_n5_g0_s42_hotspots_p80_chr1	5	10	737	969	1692	0	0.41925863613795805	0.35075037599128395	0.25	0.20848916471004486	20.21933937072754	0.04556066400218145
cov10_n5_g0_s42_hotspots_p80_chr1	5	10	738	741	1659	0	0.43054006940686895	0.3794537108431172	0.1111111111111111	0.3163863718509674	9.25894832611084	0.04762471538711122
cov10_n5_g0_s42_hotspots_p80_chr1	5	10	739	941	2124	0	0.6626837416178359	0.6365659224693202	0.42857142857142855	0.5612513422966003	6.970562934875488	0.03856162198850147
cov10_n5_g0_s42_hotspots_p80_chr1	5	10	740	1000	2043	0	0.6608295772804935	0.6328334840912611	0.42857142857142855	0.5041220188140869	8.591669082641602	0.03787198685905631
cov10_n5_g0_s42_hotspots_p80_chr1	5	10	741	585	1758	0	0.4186831202085622	0.3505011956473718	0.25	0.21103477478027344	19.68035125732422	0.04560676937160867
cov10_n5_g0_s42_hotspots_p80_chr1	5	10	742	774	2209	0	0.27893790634359145	0.21102193479052236	0.1111111111111111	0.1991097629070282	9.812957763671875	0.052709365081890884
cov10_n5_g0_s42_hotspots_p80_chr1	5	10	743	1382	2352	0	0.4134105944226606	0.35291921058885595	0.1111111111111111	0.2569360136985779	12.944439888000488	0.046701022210343585
cov10_n5_g0_s42_hotspots_p80_chr1	5	10	744	575	1707	0	0.14637088942451276	0.07281078078997939	0.1111111111111111	0.11502080410718918	8.097046852111816	0.05889540543706247
cov10_n5_g0_s42_hotspots_p80_chr1	5	10	745	491	1113	0	0.5343894868016091	0.49636637909643366	0.25	0.43153977394104004	7.667328834533691	0.044413904439981444
cov10_n5_g0_s42_hotspots_p80_chr1	5	10	746	672	1520	0	0.3976183571866477	0.33182782707216885	0.25	0.23090940713882446	14.825850486755371	0.046782207770528154
cov10_n5_g0_s42_hotspots_p80_chr1	5	10	747	864	1966	0	0.3998286777826283	0.3331474507365401	0.1111111111111111	0.22626107931137085	15.613426208496094	0.04657561158975729
cov10_n5_g0_s42_hotspots_p80_chr1	5	10	748	842	1919	0	0.5153918953444332	0.4665968911875765	0.25	0.2994178235530853	14.814598083496094	0.04297293631592606
cov10_n5_g0_s42_hotspots_p80_chr1	5	10	749	913	1878	0	0.35632031076978843	0.2871085546475968	0.1111111111111111	0.21613441407680511	13.589494705200195	0.048364822591336
cov10_n5_g0_s42_hotspots_p80_chr1	5	10	750	837	2441	0	0.37746759144884245	0.32188854177757914	0.1111111111111111	0.28133559226989746	9.000777244567871	0.04982058831698246
cov10_n5_g0_s42_hotspots_p80_chr1	5	10	751	1277	2451	0	0.4462002002002366	0.3828456631996267	0.1111111111111111	0.2208699882030487	20.40591812133789	0.044813139480953695
cov10_n5_g0_s42_hotspots_p80_chr1	5	10	752	583	1590	0	0.37329601698197634	0.30439110585004137	0.1111111111111111	0.21837233006954193	14.611054420471191	0.04757788430467578
cov10_n5_g0_s42_hotspots_p80_chr1	5	10	753	508	1786	0	0.43590104260421536	0.37185259339873555	0.1111111111111111	0.22662779688835144	18.497774124145508	0.04519533150986952
cov10_n5_g0_s42_hotspots_p80_chr1	5	10	754	356	956	0	0.32998488349137844	0.27141882710139736	0.1111111111111111	0.25285351276397705	8.51569652557373	0.05199625083885762
cov10_n5_g0_s42_hotspots_p80_chr1	5	10	755	664	1443	0	0.04634487186003169	-0.005577742230516418	0.0	0.056103166192770004	3.4119184017181396	0.07670144925257812
cov10_n5_g0_s42_hotspots_p80_chr1	5	10	756	123	277	1	0.3431361034253156	0.27568449703619435	0.1111111111111111	0.22060807049274445	12.09650707244873	0.04929823254789521
cov10_n5_g0_s42_hotspots_p80_chr1	5	10	758	1146	1793	0	0.43488189966259305	0.37308647206294976	0.1111111111111111	0.24329343438148499	15.97540283203125	0.045453115303507985
cov10_n5_g0_s42_hotspots_p80_chr1	5	10	759	1548	1880	0	0.6008448434915148	0.56556374169964	0.42857142857142855	0.4185698628425598	10.302884101867676	0.040254232719971146
cov10_n5_g0_s42_hotspots_p80_chr1	5	10	760	857	1555	0	0.459931332310559	0.4043717856073201	0.25	0.2774617671966553	13.738829612731934	0.044972450820906944
cov10_n5_g0_s42_hotspots_p80_chr1	5	10	761	440	1304	0	0.614533687174704	0.5798733440267196	0.25	0.39095497131347656	12.354008674621582	0.03945937575936056
cov10_n5_g0_s42_hotspots_p80_chr1	5	10	762	1405	2319	0	0.5025483688192567	0.46016823175290483	0.25	0.3874374032020569	8.41245174407959	0.04526262764662982
cov10_n5_g0_s42_hotspots_p80_chr1	5	10	763	994	1701	0	0.44503278216696474	0.38229743269135774	0.25	0.22860504686832428	18.948827743530273	0.0449070832793756
cov10_n5_g0_s42_hotspots_p80_chr1	5	10	764	261	759	0	0.43479337925165595	0.371575472380394	0.1111111111111111	0.23351679742336273	17.33403205871582	0.045316010478879655
cov10_n5_g0_s42_hotspots_p80_chr1	5	10	765	92	209	1	0.3534095510789225	0.2932306665135437	0.25	0.2526952624320984	9.779855728149414	0.050146397984513605
cov10_n5_g0_s42_hotspots_p80_chr1	5	10	766	680	2349	0	0.5801073443991034	0.5423038691439527	0.25	0.3973156213760376	10.658978462219238	0.04106266301335107
cov10_n5_g0_s42_hotspots_p80_chr1	5	10	767	887	2069	0	0.5129963307557182	0.4655022875330082	0.25	0.32205888628959656	12.686092376708984	0.04330169127803741
cov10_n5_g0_s42_hotspots_p80_chr1	5	10	768	1036	1739	0	0.42314696604184177	0.3600724686312322	0.25	0.23993930220603943	15.550692558288574	0.04587075548924484
cov10_n5_g0_s42_hotspots_p80_chr1	5	10	769	720	1597	0	0.5466609729494658	0.5024133791927596	0.25	0.3189634084701538	14.68670654296875	0.04190814622926223
cov10_n5_g0_s42_hotspots_p80_chr1	5	10	770	716	1959	0	0.4502764580604504	0.39941449538506063	0.1111111111111111	0.31723204255104065	10.07336139678955	0.046419137861494514
cov10_n5_g0_s42_hotspots_p80_chr1	5	10	771	430	1028	0	0.4471525674684358	0.3886761572101531	0.25	0.2609334886074066	14.68323802947998	0.045239843977348225
cov10_n5_g0_s42_hotspots_p80_chr1	5	10	772	645	1951	0	0.4193764907573015	0.35170882484097304	0.25	0.21382123231887817	19.23430633544922	0.04561550493598252
cov10_n5_g0_s42_hotspots_p80_chr1	5	10	773	697	1736	0	0.21805537452506069	0.13162304328936072	0.1111111111111111	0.13411980867385864	13.21653938293457	0.05268003101765427
cov10_n5_g0_s42_hotspots_p80_chr1	5	10	774	1041	2284	0	0.5030812021908417	0.45104568561904274	0.1111111111111111	0.24335810542106628	21.36754035949707	0.043222782970909535
cov10_n5_g0_s42_hotspots_p80_chr1	5	10	775	592	1914	0	0.3923582996905	0.3203012190412445	0.1111111111111111	0.2028075009584427	18.714046478271484	0.04641023613452307
cov10_n5_g0_s42_hotspots_p80_chr1	5	10	776	450	1484	0	0.2425761262123487	0.16133322393915453	0.0	0.15285393595695496	12.59252643585205	0.052233922259006825
cov10_n5_g0_s42_hotspots_p80_chr1	5	10	777	994	2059	0	0.6763738641362066	0.6510695515480446	0.42857142857142855	0.5630998015403748	7.21394681930542	0.037646458226700596
cov10_n5_g0_s42_hotspots_p80_chr1	5	10	778	142	305	1	0.28616373085937746	0.21499107923080224	0.1111111111111111	0.1925041526556015	11.048896789550781	0.05166056374783114
cov10_n5_g0_s42_hotspots_p80_chr1	5	10	779	24	125	1	0.2507573320260811	0.18791652191545097	0.1111111111111111	0.20129868388175964	7.758814334869385	0.055718735871584046
cov10_n5_g0_s42_hotspots_p80_chr1	5	10	780	761	1765	0	0.41660176125905	0.35679603052726216	0.1111111111111111	0.2605289816856384	12.78498363494873	0.04663758832149757
cov10_n5_g0_s42_hotspots_p80_chr1	5	10	781	620	1591	0	0.34991726110392846	0.2606925225464277	0.0	0.1533924639225006	26.01912498474121	0.0470473545844297
cov10_n5_g0_s42_hotspots_p80_chr1	5	10	782	400	1320	0	0.36063246447900793	0.3045147992859477	0.1111111111111111	0.27431222796440125	8.641901969909668	0.05074327376073544
cov10_n5_g0_s42_hotspots_p80_chr1	5	10	783	710	1893	0	0.4568092699782839	0.3967342823024726	0.25	0.18668316304683685	29.938461303710938	0.04454331922995766
cov10_n5_g0_s42_hotspots_p80_chr1	5	10	784	799	2257	0	0.44089720893835355	0.3883374066747776	0.25	0.30535656213760376	10.423898696899414	0.04660884775141882
cov10_n5_g0_s42_hotspots_p80_chr1	5	10	785	784	2465	0	0.46683330115527016	0.4119142980808508	0.1111111111111111	0.2790710926055908	13.99148941040039	0.04469949338627786
cov10_n5_g0_s42_hotspots_p80_chr1	5	10	786	961	1994	0	0.6061815407453351	0.5708157141572388	0.25	0.4009953737258911	11.426066398620605	0.039862425421209706
cov10_n5_g0_s42_hotspots_p80_chr1	5	10	787	883	2158	0	0.43929224010727846	0.3885324430465907	0.25	0.3187846839427948	9.494721412658691	0.04714443276632893
cov10_n5_g0_s42_hotspots_p80_chr1	5	10	788	953	1829	0	0.2300850095738986	0.10936023697366132	0.1111111111111111	0.10033212602138519	26.29460334777832	0.049736526635634146
cov10_n5_g0_s42_hotspots_p80_chr1	5	10	789	1177	2358	0	0.29096433815500616	0.20321603932983845	0.1111111111111111	0.15524935722351074	17.562646865844727	0.04935069458621886
cov10_n5_g0_s42_hotspots_p80_chr1	5	10	790	1021	2000	0	0.4497670387359604	0.38693043172808467	0.1111111111111111	0.22034893929958344	20.831632614135742	0.044702396837713265
cov10_n5_g0_s42_hotspots_p80_chr1	5	10	791	1215	2152	0	0.3552211981278218	0.2653818900218793	0.1111111111111111	0.1494622677564621	28.242595672607422	0.04685384227013202
cov10_n5_g0_s42_hotspots_p80_chr1	5	10	792	864	1645	0	0.2549442059989318	0.18108451144666096	0.1111111111111111	0.17342057824134827	10.805852890014648	0.052817399961103476
cov10_n5_g0_s42_hotspots_p80_chr1	5	10	793	1247	2169	0	0.44363018568347706	0.3823834645450954	0.25	0.24212528765201569	16.7854061126709	0.04510064334752166
cov10_n5_g0_s42_hotspots_p80_chr1	5	10	794	980	1722	0	0.3052228352522305	0.22326699968967048	0.1111111111111111	0.1704513132572174	16.032577514648438	0.04926871168846122
cov10_n5_g0_s42_hotspots_p80_chr1	5	10	795	881	1707	0	0.47067222507859285	0.4143625833995392	0.25	0.26287180185317993	16.029470443725586	0.04433344945290017
cov10_n5_g0_s42_hotspots_p80_chr1	5	10	796	828	1319	0	0.5275191669580076	0.48501274048253634	0.42857142857142855	0.3751987814903259	9.883790969848633	0.04345920919162322
cov10_n5_g0_s42_hotspots_p80_chr1	5	10	797	839	1666	0	0.4581743980011977	0.404552504239823	0.25	0.2938317358493805	12.157219886779785	0.045376611877416664
cov10_n5_g0_s42_hotspots_p80_chr1	5	10	798	945	1691	0	0.5077513494867478	0.4569261111120483	0.25	0.2781268358230591	16.664274215698242	0.04312161329359416
cov10_n5_g0_s42_hotspots_p80_chr1	5	10	799	1006	1939	0	0.08975570395149343	0.0005023357649393879	0.1111111111111111	0.06281795352697372	10.207669258117676	0.058399312654941325
cov10_n5_g0_s42_hotspots_p80_chr1	5	10	800	1143	1707	0	0.5716556102567947	0.5319950429715887	0.25	0.37094610929489136	11.874553680419922	0.0412060761689103
cov10_n5_g0_s42_hotspots_p80_chr1	5	10	801	1316	2162	0	0.4132346890593998	0.35904093067973636	0.25	0.2945843040943146	9.838849067687988	0.04793278810002591
cov10_n5_g0_s42_hotspots_p80_chr1	5	10	802	1029	1652	0	0.3876526406657836	0.3207984359035066	0.1111111111111111	0.22680094838142395	14.607161521911621	0.04713533600159504
cov10_n5_g0_s42_hotspots_p80_chr1	5	10	803	723	2139	0	0.2881251424835542	0.20997058693438142	0.0	0.1751595139503479	13.528975486755371	0.0504791570135836
cov10_n5_g0_s42_hotspots_p80_chr1	5	10	804	891	2327	0	0.1327756044270079	0.05430033434172004	0.1111111111111111	0.09974582493305206	8.859660148620605	0.05841369836882501
cov10_n5_g0_s42_hotspots_p80_chr1	5	10	805	781	2477	0	0.5016495775261347	0.4577122833538938	0.25	0.3703863024711609	9.171935081481934	0.04484329776141509
cov10_n5_g0_s42_hotspots_p80_chr1	5	10	806	832	2204	0	0.3666724824739958	0.29670362296896835	0.1111111111111111	0.21403267979621887	14.674605369567871	0.04776660235375812
cov10_n5_g0_s42_hotspots_p80_chr1	5	10	807	1112	2086	0	0.40454213201314343	0.33651044223550836	0.1111111111111111	0.21846731007099152	17.14449119567871	0.04622510850072134
cov10_n5_g0_s42_hotspots_p80_chr1	5	10	808	1097	2282	0	0.38815525630067	0.31747974722015987	0.1111111111111111	0.20989027619361877	17.100004196166992	0.0467069855337332
cov10_n5_g0_s42_hotspots_p80_chr1	5	10	809	785	1931	0	0.431775797266442	0.3756003777080058	0.1111111111111111	0.28122222423553467	11.786567687988281	0.04641570924805122
cov10_n5_g0_s42_hotspots_p80_chr1	5	10	810	889	2420	0	0.3615245562387625	0.28518803255453395	0.1111111111111111	0.1911405473947525	17.887102127075195	0.047361639364295556
cov10_n5_g0_s42_hotspots_p80_chr1	5	10	811	852	2343	0	0.4589669763748554	0.3978337593551954	0.1111111111111111	0.2221672683954239	21.33893585205078	0.04444037991734726
cov10_n5_g0_s42_hotspots_p80_chr1	5	10	812	589	1672	0	0.3815509107342085	0.30341760517084004	0.1111111111111111	0.18036606907844543	22.375110626220703	0.046441640732099186
cov10_n5_g0_s42_hotspots_p80_chr1	5	10	813	917	1967	0	0.4260350174672913	0.36643553772389487	0.1111111111111111	0.26028576493263245	13.395525932312012	0.04617053695144752
cov10_n5_g0_s42_hotspots_p80_chr1	5	10	814	808	1740	0	0.30354661733774124	0.2138939449266052	0.1111111111111111	0.15366517007350922	19.510568618774414	0.04870680200032695
cov10_n5_g0_s42_hotspots_p80_chr1	5	10	815	910	2481	0	0.46496413149383004	0.4108933569270158	0.25	0.2874270975589752	13.084388732910156	0.044924397400664395
cov10_n5_g0_s42_hotspots_p80_chr1	5	10	816	786	1779	0	0.4222641320708983	0.3657510290084811	0.1111111111111111	0.2799610197544098	11.374787330627441	0.04689473916015166
cov10_n5_g0_s42_hotspots_p80_chr1	5	10	817	752	1934	0	0.2597992531197916	0.19585387266226914	0.25	0.20250506699085236	8.229510307312012	0.05483063552346072
cov10_n5_g0_s42_hotspots_p80_chr1	5	10	818	486	1109	0	0.3133793065611879	0.24680486428623885	0.1111111111111111	0.21597109735012054	10.52735710144043	0.05106395078199501
cov10_n5_g0_s42_hotspots_p80_chr1	5	10	819	705	1820	0	0.33915650698900063	0.2631313343677991	0.1111111111111111	0.19141678512096405	15.696769714355469	0.048365879010539924
cov10_n5_g0_s42_hotspots_p80_chr1	5	10	820	995	1897	0	0.5649350686193721	0.5315333373322164	0.25	0.4888608157634735	6.677233695983887	0.043905906503567994
cov10_n5_g0_s42_hotspots_p80_chr1	5	10	821	570	1433	0	0.4049756444790067	0.35197770942769807	0.25	0.30140361189842224	9.026741027832031	0.04876224443885759
cov10_n5_g0_s42_hotspots_p80_chr1	5	10	822	244	589	0	0.2835266119186585	0.19830766569980451	0.1111111111111111	0.15853361785411835	15.99244499206543	0.04988938669433354
cov10_n5_g0_s42_hotspots_p80_chr1	5	10	823	835	1465	0	0.4813660773142223	0.4271461322423072	0.25	0.27389711141586304	15.443511962890625	0.044044475840242604
cov10_n5_g0_s42_hotspots_p80_chr1	5	10	824	944	1790	0	0.5375095890462694	0.49194244079670607	0.25	0.3133421838283539	14.713116645812988	0.04222405910973094
cov10_n5_g0_s42_hotspots_p80_chr1	5	10	825	532	1221	0	0.4200079701786447	0.3733073719665022	0.25	0.34826987981796265	7.2719902992248535	0.04977524393036547
cov10_n5_g0_s42_hotspots_p80_chr1	5	10	826	419	1608	0	0.39279342493009944	0.33897169017956397	0.25	0.29444536566734314	8.897929191589355	0.049321337375887606
cov10_n5_g0_s42_hotspots_p80_chr1	5	10	827	342	1548	0	0.34672008846444163	0.27907772778026996	0.1111111111111111	0.22057561576366425	12.354155540466309	0.04908082386264405
cov10_n5_g0_s42_hotspots_p80_chr1	5	10	828	294	634	0	0.32686002221269006	0.2614179851728724	0.25	0.22405456006526947	10.641087532043457	0.05054126071235583
cov10_n5_g0_s42_hotspots_p80_chr1	5	10	829	385	776	0	0.24372253308082126	0.18219223151476738	0.1111111111111111	0.2015766054391861	7.309389591217041	0.05658838946871708
cov10_n5_g0_s42_hotspots_p80_chr1	5	10	830	669	2168	0	0.5778406452792488	0.5391853753931625	0.25	0.38187164068222046	11.448572158813477	0.0410180572968688
cov10_n5_g0_s42_hotspots_p80_chr1	5	10	831	374	1381	0	0.4707391489464613	0.4179690956840625	0.25	0.2959282696247101	12.651959419250488	0.04481459638698736
cov10_n5_g0_s42_hotspots_p80_chr1	5	10	832	1117	2095	0	0.4942205856618961	0.4475344844157948	0.25	0.3437783718109131	10.333670616149902	0.04461777949405363
cov10_n5_g0_s42_hotspots_p80_chr1	5	10	833	561	1906	0	0.6168699150386393	0.5830831647249587	0.42857142857142855	0.3473902940750122	15.766013145446777	0.03944481275187654
cov10_n5_g0_s42_hotspots_p80_chr1	5	10	834	726	1387	0	0.5104548991758074	0.4705365072319191	0.25	0.41422510147094727	7.592973709106445	0.045553630713471766
cov10_n5_g0_s42_hotspots_p80_chr1	5	10	835	955	1805	0	0.3166271619749015	0.24930162369109854	0.1111111111111111	0.2144167423248291	10.90307331085205	0.05073836840112009
cov10_n5_g0_s42_hotspots_p80_chr1	5	10	836	905	1771	0	0.5156560683125954	0.47029397746807144	0.25	0.34687596559524536	11.049482345581055	0.04355335799271641
cov10_n5_g0_s42_hotspots_p80_chr1	5	10	837	317	1546	0	0.40311903323890036	0.34844434956193243	0.1111111111111111	0.2907507121562958	9.611586570739746	0.048443371105724976
cov10_n5_g0_s42_hotspots_p80_chr1	5	10	838	237	1859	0	0.5282341068613936	0.4999979105331864	0.25	0.5817309021949768	4.1226701736450195	0.051218754088880804
cov10_n5_g0_s42_hotspots_p80_chr1	5	10	839	51	368	1	0.3730346247337949	0.3095726801589185	0.1111111111111111	0.24148941040039062	11.930868148803711	0.048376185776591994
cov10_n5_g0_s42_hotspots_p80_chr1	5	10	840	597	1416	0	0.5238033255456254	0.4786737755408227	0.25	0.3431376516819	11.651175498962402	0.043094835628247924
cov10_n5_g0_s42_hotspots_p80_chr1	5	10	841	917	1808	0	0.411318176799014	0.37018249565487554	0.25	0.39335203170776367	5.467174530029297	0.05310002506001858
cov10_n5_g0_s42_hotspots_p80_chr1	5	10	842	802	1914	0	0.5945176329333479	0.5625046530816828	0.25	0.49623817205429077	7.17660665512085	0.0419592582519514
cov10_n5_g0_s42_hotspots_p80_chr1	5	10	843	904	1769	0	0.41532104683867166	0.35890338821955686	0.1111111111111111	0.28078362345695496	10.939421653747559	0.04731530741955612
cov10_n5_g0_s42_hotspots_p80_chr1	5	10	844	956	1995	0	0.36688327636171175	0.2943800010832495	0.1111111111111111	0.20449979603290558	16.09311294555664	0.04747873953771718
cov10_n5_g0_s42_hotspots_p80_chr1	5	10	845	940	1791	0	0.45768966793992066	0.40916604044832494	0.25	0.3354417085647583	9.308465003967285	0.04653660052113372
cov10_n5_g0_s42_hotspots_p80_chr1	5	10	846	860	2001	0	0.2119454101111228	0.14026975893484367	0.1111111111111111	0.1576373279094696	9.038572311401367	0.055630703235077815
cov10_n5_g0_s42_hotspots_p80_chr1	5	10	847	915	1596	0	0.31339688951222394	0.24277737991911036	0.1111111111111111	0.20281516015529633	11.938737869262695	0.05032828158843144
cov10_n5_g0_s42_hotspots_p80_chr1	5	10	848	1422	2510	0	0.47819856527110194	0.4347935945625478	0.25	0.380690336227417	7.889379024505615	0.04670071613364129
cov10_n5_g0_s42_hotspots_p80_chr1	5	10	849	1026	1744	0	0.5132450985808008	0.4747535092822712	0.42857142857142855	0.43122512102127075	7.082909107208252	0.0459204345574804
cov10_n5_g0_s42_hotspots_p80_chr1	5	10	850	984	1927	0	0.43794927284256707	0.3722071999463736	0.1111111111111111	0.2089429497718811	21.966562271118164	0.04499257579855575
cov10_n5_g0_s42_hotspots_p80_chr1	5	10	851	929	1640	0	0.35094341309445287	0.2654918933359532	0.1111111111111111	0.1639411300420761	22.912281036376953	0.04717894942014423
cov10_n5_g0_s42_hotspots_p80_chr1	5	10	852	555	1207	0	0.4459719444276796	0.3857613248001876	0.25	0.2485155165195465	16.101932525634766	0.04509685904859877
cov10_n5_g0_s42_hotspots_p80_chr1	5	10	853	765	1982	0	0.41099324832720013	0.3398640345206241	0.1111111111111111	0.19826893508434296	21.484737396240234	0.04572158890937562
cov10_n5_g0_s42_hotspots_p80_chr1	5	10	854	438	1202	0	0.3234975207553615	0.25013389869378666	0.25	0.1969190239906311	13.493873596191406	0.04941407972966168
cov10_n5_g0_s42_hotspots_p80_chr1	5	10	855	940	2537	0	0.6921937001637284	0.6666394283884647	0.25	0.4778600335121155	10.491168975830078	0.036085705879046796
cov10_n5_g0_s42_hotspots_p80_chr1	5	10	856	642	1678	0	0.3945708704882385	0.32854644293355684	0.1111111111111111	0.23011359572410583	14.700613021850586	0.04690135055440241
cov10_n5_g0_s42_hotspots_p80_chr1	5	10	857	665	1644	0	0.5149356155272408	0.46550866874455793	0.25	0.28812021017074585	15.970867156982422	0.042919390654644424
cov10_n5_g0_s42_hotspots_p80_chr1	5	10	858	395	614	0	0.44064634237474176	0.39204631738966417	0.25	0.33543163537979126	8.62863826751709	0.04766031911314385
cov10_n5_g0_s42_hotspots_p80_chr1	5	10	859	407	1100	0	0.662173282062007	0.6341419895209344	0.42857142857142855	0.3927685022354126	14.211503028869629	0.0376261445154069
cov10_n5_g0_s42_hotspots_p80_chr1	5	10	860	239	870	0	0.4910426979974707	0.4464999992555568	0.25	0.36700308322906494	8.950948715209961	0.04540357349711077
cov10_n5_g0_s42_hotspots_p80_chr1	5	10	861	482	2319	0	0.4797868923170536	0.4338088219361635	0.25	0.3551483750343323	9.125296592712402	0.04576108030701095
cov10_n5_g0_s42_hotspots_p80_chr1	5	10	862	115	436	1	0.386723557263668	0.31633605513537255	0.1111111111111111	0.21136637032032013	16.73784065246582	0.0467972100031162
cov10_n5_g0_s42_hotspots_p80_chr1	5	10	863	412	1381	0	0.44904995733783676	0.38804817441103706	0.1111111111111111	0.23977497220039368	17.53685188293457	0.044876607513101664
cov10_n5_g0_s42_hotspots_p80_chr1	5	10	864	1120	2076	0	0.5003040843183332	0.4475856389879168	0.25	0.25277891755104065	19.58648109436035	0.04329319526189761
cov10_n5_g0_s42_hotspots_p80_chr1	5	10	865	663	1809	0	0.521193745483849	0.47656093431354785	0.25	0.35198065638542175	10.963035583496094	0.043362333363630906
cov10_n5_g0_s42_hotspots_p80_chr1	5	10	866	67	152	1	0.3380215073281	0.23660101562822505	0.25	0.10717067122459412	49.7401123046875	0.04706859729566212
cov10_n5_g0_s42_hotspots_p80_chr1	5	10	867	603	1581	0	0.43111841491426495	0.38509427693871773	0.25	0.3554341495037079	7.356053352355957	0.04921493687733603
cov10_n5_g0_s42_hotspots_p80_chr1	5	10	868	1062	2364	0	0.4109161790595057	0.3466758760591293	0.1111111111111111	0.23664720356464386	15.075567245483398	0.04632407771175424
cov10_n5_g0_s42_hotspots_p80_chr1	5	10	869	758	1963	0	0.3433140603985299	0.30372220979611186	0.25	0.37660524249076843	4.15509033203125	0.06021072847030057
cov10_n5_g0_s42_hotspots_p80_chr1	5	10	870	651	1482	0	0.35610138568173383	0.2794944416429343	0.25	0.19042561948299408	17.485036849975586	0.047568570086227474
cov10_n5_g0_s42_hotspots_p80_chr1	5	10	871	1311	2641	0	0.35753739591891764	0.2875473163333771	0.1111111111111111	0.2133735865354538	14.038856506347656	0.048202884226095484
cov10_n5_g0_s42_hotspots_p80_chr1	5	10	872	1409	2429	0	0.5459264772455642	0.5015342006476393	0.25	0.31719398498535156	14.811139106750488	0.04192838583871845
cov10_n5_g0_s42_hotspots_p80_chr1	5	10	873	882	2036	0	0.5572113402288015	0.5187751621665531	0.25	0.41263121366500854	9.117708206176758	0.042518259428402684
cov10_n5_g0_s42_hotspots_p80_chr1	5	10	874	1133	1755	0	0.5425080352856712	0.49731224581677963	0.25	0.30170804262161255	16.166223526000977	0.04200805696099721
cov10_n5_g0_s42_hotspots_p80_chr1	5	10	875	1016	2267	0	0.5274528488378926	0.4799000406502737	0.25	0.29314708709716797	16.186988830566406	0.042502818746736
cov10_n5_g0_s42_hotspots_p80_chr1	5	10	876	1025	2099	0	0.5872171844406272	0.5487731542424488	0.25	0.34789910912513733	14.244950294494629	0.04047231730141095
cov10_n5_g0_s42_hotspots_p80_chr1	5	10	877	1111	2047	0	0.5079983098589139	0.4657913789437977	0.25	0.3878490924835205	8.577665328979492	0.04492246296500474
cov10_n5_g0_s42_hotspots_p80_chr1	5	10	878	863	1762	0	0.5400305301783173	0.511370941777205	0.25	0.5742427110671997	4.421967506408691	0.04955383053972501
cov10_n5_g0_s42_hotspots_p80_chr1	5	10	879	707	1185	0	0.3589188446708837	0.31038664685655887	0.25	0.3175947368144989	6.38580846786499	0.05356763744746978
cov10_n5_g0_s42_hotspots_p80_chr1	5	10	880	1001	2229	0	0.4730068515161108	0.41995349138219745	0.25	0.29219573736190796	13.102591514587402	0.04464337778951863
cov10_n5_g0_s42_hotspots_p80_chr1	5	10	881	130	383	1	0.3600731361800498	0.2945191023707344	0.25	0.23087476193904877	12.161815643310547	0.04871789391676766
cov10_n5_g0_s42_hotspots_p80_chr1	5	10	882	381	921	0	0.4762711215773323	0.43568192622017154	0.25	0.4099753797054291	6.747811317443848	0.04798516129900762
cov10_n5_g0_s42_hotspots_p80_chr1	5	10	883	892	1397	0	0.3315566980660916	0.25871951282520367	0.1111111111111111	0.20011365413665771	13.725625038146973	0.04909314548050913
cov10_n5_g0_s42_hotspots_p80_chr1	5	10	884	588	1053	0	0.5166562415188549	0.47045028019628254	0.25	0.3353874385356903	11.865328788757324	0.043319190393052376
cov10_n5_g0_s42_hotspots_p80_chr1	5	10	885	465	1166	0	0.3072205496144353	0.24933466835353812	0.1111111111111111	0.2468448430299759	7.745018482208252	0.05366298940724884
cov10_n5_g0_s42_hotspots_p80_chr1	5	10	886	893	1731	0	0.3955553953049605	0.33175899373690393	0.25	0.2407945990562439	13.492462158203125	0.047143082625784954
cov10_n5_g0_s42_hotspots_p80_chr1	5	10	887	889	1776	0	0.5318736488868934	0.4865528596881745	0.42857142857142855	0.33051395416259766	12.948141098022461	0.04257722229432124
cov10_n5_g0_s42_hotspots_p80_chr1	5	10	888	873	1938	0	0.5296735740760536	0.48326699800903994	0.25	0.3147454261779785	14.160149574279785	0.042532716245926826
cov10_n5_g0_s42_hotspots_p80_chr1	5	10	889	1070	2128	0	0.520119046117888	0.47350095591614155	0.25	0.3262311518192291	12.709388732910156	0.04303915865095719
cov10_n5_g0_s42_hotspots_p80_chr1	5	10	890	1134	2192	0	0.5000429208073911	0.44780433687480686	0.1111111111111111	0.2704552114009857	17.092039108276367	0.043348109173334134
cov10_n5_g0_s42_hotspots_p80_chr1	5	10	891	1241	3207	0	0.4849512693560789	0.4370762885023396	0.1111111111111111	0.3353860080242157	10.453850746154785	0.04493107501880255
cov10_n5_g0_s42_hotspots_p80_chr1	5	10	892	1208	2447	0	0.40464293131284945	0.3348436090767466	0.1111111111111111	0.20939835906028748	18.670988082885742	0.046070554456556195
cov10_n5_g0_s42_hotspots_p80_chr1	5	10	893	1172	2261	0	0.24699679825626722	0.17472604062331423	0.1111111111111111	0.1737089604139328	10.108999252319336	0.05355349730182635
cov10_n5_g0_s42_hotspots_p80_chr1	5	10	894	1207	2507	0	0.5414004611668458	0.4960919956675206	0.25	0.3046205937862396	15.793875694274902	0.042051670943492866
cov10_n5_g0_s42_hotspots_p80_chr1	5	10	895	780	1653	0	0.4219580112973917	0.35672589724486625	0.1111111111111111	0.22740469872951508	17.215105056762695	0.04570648754592661
cov10_n5_g0_s42_hotspots_p80_chr1	5	10	896	747	1509	0	0.4398309892544087	0.3766770797085783	0.1111111111111111	0.23023225367069244	18.24774932861328	0.04509827833219937
cov10_n5_g0_s42_hotspots_p80_chr1	5	10	897	897	1514	0	0.2723169956325497	0.18140967684995837	0.1111111111111111	0.14528876543045044	17.565296173095703	0.049851646354802354
cov10_n5_g0_s42_hotspots_p80_chr1	5	10	898	869	1784	0	0.6311177512178093	0.5987234543753682	0.42857142857142855	0.4234495162963867	11.106765747070312	0.03883545854380923
cov10_n5_g0_s42_hotspots_p80_chr1	5	10	899	929	1614	0	0.2931872632610842	0.2148661573208619	0.1111111111111111	0.17619404196739197	13.84451675415039	0.05021866530255764
cov10_n5_g0_s42_hotspots_p80_chr1	5	10	900	970	1884	0	0.2806327710087683	0.21898587103050934	0.1111111111111111	0.22020867466926575	8.120409965515137	0.05420597570266694
cov10_n5_g0_s42_hotspots_p80_chr1	5	10	901	846	2022	0	0.6040023808197141	0.5716143375464513	0.25	0.4801684617996216	7.9115214347839355	0.040977212151850996
cov10_n5_g0_s42_hotspots_p80_chr1	5	10	902	1383	2716	0	0.43690441650874445	0.3708508336404535	0.1111111111111111	0.20741437375545502	22.18529510498047	0.045015157603216886
cov10_n5_g0_s42_hotspots_p80_chr1	5	10	903	1430	2673	0	0.4020347269312513	0.33171087957511325	0.1111111111111111	0.20776686072349548	18.721668243408203	0.046139367403368076
cov10_n5_g0_s42_hotspots_p80_chr1	5	10	904	951	2209	0	0.3343181477931391	0.24896356142622647	0.1111111111111111	0.16548484563827515	20.4067325592041	0.04780291551860904
cov10_n5_g0_s42_hotspots_p80_chr1	5	10	905	663	2240	0	0.29008837530872583	0.21806394782007218	0.1111111111111111	0.1915038377046585	11.472965240478516	0.05130300705029422
cov10_n5_g0_s42_hotspots_p80_chr1	5	10	906	330	1028	0	0.3283929643433671	0.29604139437404076	0.1111111111111111	0.43832626938819885	2.8064849376678467	0.06900969992660187
cov10_n5_g0_s42_hotspots_p80_chr1	5	10	907	391	1084	0	0.42235611821640306	0.36333640084133456	0.1111111111111111	0.2644716501235962	12.75173568725586	0.04645320625582005
cov10_n5_g0_s42_hotspots_p80_chr1	5	10	908	681	1811	0	0.2883766863956477	0.24014271166040008	0.25	0.28392350673675537	5.158073425292969	0.059192631392452
cov10_n5_g0_s42_hotspots_p80_chr1	5	10	909	812	1994	0	0.4524419737826359	0.3898437923500163	0.1111111111111111	0.21700583398342133	21.734668731689453	0.04461041239875839
cov10_n5_g0_s42_hotspots_p80_chr1	5	10	910	969	2107	0	0.4419905765813116	0.40237977895997395	0.25	0.4162358045578003	5.63789701461792	0.05134159680989246
cov10_n5_g0_s42_hotspots_p80_chr1	5	10	911	547	1275	0	0.4767771157955411	0.4296191701401529	0.25	0.34456250071525574	9.573369026184082	0.04563872179675226
cov10_n5_g0_s42_hotspots_p80_chr1	5	10	912	1200	2757	0	0.6215415696158458	0.5908718212348282	0.42857142857142855	0.4982641339302063	7.780206680297852	0.040191049531264345
cov10_n5_g0_s42_hotspots_p80_chr1	5	10	913	873	2268	0	0.3731412903323428	0.2955582524338782	0.1111111111111111	0.1852111965417862	20.294673919677734	0.046796037166564906
cov10_n5_g0_s42_hotspots_p80_chr1	5	10	914	547	1290	0	0.45768389993868047	0.3994589582705036	0.25	0.2564689815044403	15.923240661621094	0.04475121238001125
cov10_n5_g0_s42_hotspots_p80_chr1	5	10	915	636	1283	0	0.31967550494057	0.2556955045786584	0.25	0.22727158665657043	9.892325401306152	0.05125668613070064
cov10_n5_g0_s42_hotspots_p80_chr1	5	10	916	296	857	0	0.35808512653152297	0.29226327117871254	0.1111111111111111	0.22949445247650146	12.173014640808105	0.04877898278800831
cov10_n5_g0_s42_hotspots_p80_chr1	5	10	917	607	1421	0	0.392424603646769	0.33867729833024107	0.25	0.29482853412628174	8.858158111572266	0.04936583653270814
cov10_n5_g0_s42_hotspots_p80_chr1	5	10	918	1071	2477	0	0.3938057022012793	0.33462436917467486	0.1111111111111111	0.2643018066883087	11.100276947021484	0.04800613550018279
cov10_n5_g0_s42_hotspots_p80_chr1	5	10	919	640	1231	0	0.3474278137744117	0.27846891092038745	0.1111111111111111	0.21586939692497253	12.951408386230469	0.04884464162331632
cov10_n5_g0_s42_hotspots_p80_chr1	5	10	920	1099	1907	0	0.31647200766241074	0.2507394298352042	0.25	0.2198806256055832	10.357779502868652	0.05106289557719012
cov10_n5_g0_s42_hotspots_p80_chr1	5	10	921	1328	2212	0	0.4202950106996506	0.3491633862818429	0.1111111111111111	0.18398453295230865	26.09250831604004	0.04537777036697156
cov10_n5_g0_s42_hotspots_p80_chr1	5	10	922	1247	2489	0	0.4686896427563884	0.4102351135870348	0.25	0.24030421674251556	19.020326614379883	0.0442229646718615
cov10_n5_g0_s42_hotspots_p80_chr1	5	10	923	537	1449	0	0.3960770021414538	0.34551434335867004	0.25	0.3156769573688507	7.871245861053467	0.05009664417319795
cov10_n5_g0_s42_hotspots_p80_chr1	5	10	924	312	1301	0	0.07023323708519279	0.01806219935592044	0.1111111111111111	0.08259732276201248	3.615126848220825	0.07446278926086844
cov10_n5_g0_s42_hotspots_p80_chr1	5	10	925	5	29	1	0.18257418463099287	0.12253577034896802	0.1111111111111111	0.1666666716337204	6.0	0.06123724438069594
cov10_n5_g0_s42_hotspots_p80_chr1	5	10	926	174	1380	1	0.36220031375225337	0.3188147605468855	0.25	0.3553938865661621	5.193351745605469	0.05594599230434429
cov10_n5_g0_s42_hotspots_p80_chr1	5	10	927	1252	2739	0	0.47400057185718214	0.4256139253494039	0.25	0.3338717818260193	10.077859878540039	0.04550806362927275
cov10_n5_g0_s42_hotspots_p80_chr1	5	10	928	1430	2459	0	0.645700837487849	0.6157538871812043	0.42857142857142855	0.4740421175956726	9.276814460754395	0.038434811487528836
cov10_n5_g0_s42_hotspots_p80_chr1	5	10	929	1102	2224	0	0.5072208665836319	0.4577442798598609	0.25	0.3019488751888275	14.10903549194336	0.04331526978321705
cov10_n5_g0_s42_hotspots_p80_chr1	5	10	930	1168	2672	0	0.40607230723859994	0.3435688328832206	0.1111111111111111	0.2466510385274887	13.552231788635254	0.046787840640848115
cov10_n5_g0_s42_hotspots_p80_chr1	5	10	931	1098	2400	0	0.5454127313762352	0.5017297876276748	0.25	0.3369189202785492	13.102971076965332	0.04206408788016471
cov10_n5_g0_s42_hotspots_p80_chr1	5	10	932	800	2098	0	0.5405673955785398	0.49966186705373405	0.25	0.3881526589393616	9.697606086730957	0.0429908657368585
cov10_n5_g0_s42_hotspots_p80_chr1	5	10	933	1072	2255	0	0.3921728577140839	0.33484720696168835	0.1111111111111111	0.2741873860359192	10.228925704956055	0.048488015833249874
cov10_n5_g0_s42_hotspots_p80_chr1	5	10	934	1208	2031	0	0.4050630789298333	0.3412568169371325	0.1111111111111111	0.2399352788925171	14.25040054321289	0.04666360320425513
cov10_n5_g0_s42_hotspots_p80_chr1	5	10	935	820	1992	0	0.45464998015543506	0.403371609458611	0.25	0.3133162558078766	10.528305053710938	0.046050996739463515
cov10_n5_g0_s42_hotspots_p80_chr1	5	10	936	277	1225	0	0.40536672938908364	0.3477283473286136	0.25	0.2734224796295166	10.99000072479248	0.0476475086619558
cov10_n5_g0_s42_hotspots_p80_chr1	5	10	937	708	1463	0	0.4971140351331131	0.44515324736285267	0.1111111111111111	0.2814331352710724	15.600251197814941	0.04352129942009772
cov10_n5_g0_s42_hotspots_p80_chr1	5	10	938	894	2061	0	0.444288928572896	0.4045036310709818	0.25	0.4149170517921448	5.732954025268555	0.0510469544201835
cov10_n5_g0_s42_hotspots_p80_chr1	5	10	939	756	2416	0	0.5115905642003277	0.46107391054750496	0.25	0.27009785175323486	17.93794822692871	0.04296926094551963
cov10_n5_g0_s42_hotspots_p80_chr1	5	10	940	1130	2595	0	0.41590841264202943	0.3707301169167677	0.25	0.3596278131008148	6.687425136566162	0.05070543264037601
cov10_n5_g0_s42_hotspots_p80_chr1	5	10	941	525	1701	0	0.5170525993090502	0.48145930125393255	0.42857142857142855	0.4685087203979492	6.089813709259033	0.04701132103135773
cov10_n5_g0_s42_hotspots_p80_chr1	5	10	942	1283	1992	0	0.146545943330965	0.0821411219709521	0.1111111111111111	0.13044509291648865	6.310477256774902	0.06187574133912354
cov10_n5_g0_s42_hotspots_p80_chr1	5	10	943	853	1388	0	0.34572205319259075	0.29746916254415257	0.25	0.31392669677734375	6.064117908477783	0.054696178367703345
cov10_n5_g0_s42_hotspots_p80_chr1	5	10	944	1030	2007	0	0.2978007030603512	0.2113586466575946	0.1111111111111111	0.15920594334602356	17.49455451965332	0.04917802707989114
cov10_n5_g0_s42_hotspots_p80_chr1	5	10	945	1162	1696	0	0.37617023171068137	0.3149545329554479	0.25	0.2522580325603485	11.118568420410156	0.04861023942744413
cov10_n5_g0_s42_hotspots_p80_chr1	5	10	946	1357	1920	0	0.4650502484995786	0.40522251845366014	0.25	0.22642652690410614	21.091873168945312	0.04427767679565977
cov10_n5_g0_s42_hotspots_p80_chr1	5	10	947	971	1999	0	0.4856998634427042	0.44042288193441853	0.25	0.3607853651046753	9.061666488647461	0.0455577688030006
cov10_n5_g0_s42_hotspots_p80_chr1	5	10	948	215	1252	0	0.32753049729429035	0.27236966521989636	0.1111111111111111	0.26780202984809875	7.479039669036865	0.05321961551781372
cov10_n5_g0_s42_hotspots_p80_chr1	5	10	949	622	1651	0	0.2340374291909614	0.1670114844457278	0.1111111111111111	0.18043486773967743	8.412007331848145	0.05553194386171946
cov10_n5_g0_s42_hotspots_p80_chr1	5	10	950	1392	2000	0	0.42262016641911	0.35343785367066466	0.25	0.16289971768856049	33.65346145629883	0.045353436787254606
cov10_n5_g0_s42_hotspots_p80_chr1	5	10	951	1195	1818	0	0.44020007127573596	0.3873249208509008	0.25	0.3031267523765564	10.544393539428711	0.046581435884271466
cov10_n5_g0_s42_hotspots_p80_chr1	5	10	952	1407	2237	0	0.4057016517855809	0.35093320338814366	0.1111111111111111	0.2904345393180847	9.756342887878418	0.04826018103785672
cov10_n5_g0_s42_hotspots_p80_chr1	5	10	953	1012	2410	0	0.6219229042601879	0.5883282627824229	0.25	0.4086383283138275	11.581501007080078	0.03919331225473739
cov10_n5_g0_s42_hotspots_p80_chr1	5	10	954	804	2009	0	0.5092496232569591	0.46512954087827996	0.25	0.3653342127799988	9.715180397033691	0.04427160769161657
cov10_n5_g0_s42_hotspots_p80_chr1	5	10	955	391	1860	0	0.6367780252079566	0.6048784075041638	0.42857142857142855	0.41300129890441895	11.886205673217773	0.038556875740319414
cov10_n5_g0_s42_hotspots_p80_chr1	5	10	956	979	2504	0	0.6200910697092162	0.5944259222438409	0.42857142857142855	0.6123629212379456	5.126997947692871	0.04331580927518445
cov10_n5_g0_s42_hotspots_p80_chr1	5	10	957	521	1364	0	0.22380216192431085	0.13981021713332648	0.1111111111111111	0.14036694169044495	12.710680961608887	0.05274078183881623
cov10_n5_g0_s42_hotspots_p80_chr1	5	10	958	747	1451	0	0.2866107478296806	0.16898213351411248	0.1111111111111111	0.11058434844017029	33.586727142333984	0.04815858291911629
cov10_n5_g0_s42_hotspots_p80_chr1	5	10	959	820	2050	0	0.28012186021555896	0.21008006238988716	0.1111111111111111	0.1934283822774887	10.486330032348633	0.0522004413852663
cov10_n5_g0_s42_hotspots_p80_chr1	5	10	960	1029	2065	0	0.4167506657524873	0.3651917491773022	0.25	0.3122299611568451	8.907862663269043	0.048395299070361227
cov10_n5_g0_s42_hotspots_p80_chr1	5	10	961	571	1903	0	0.28733570627874183	0.23492024621041094	0.1111111111111111	0.2617540657520294	6.025074481964111	0.057147992114730276
cov10_n5_g0_s42_hotspots_p80_chr1	5	10	962	1398	2243	0	0.4892380277491471	0.4375454207743384	0.25	0.2942103147506714	13.825936317443848	0.043966420979533634
cov10_n5_g0_s42_hotspots_p80_chr1	5	10	963	957	1782	0	0.6239468895832557	0.5942794146920618	0.42857142857142855	0.5188968777656555	7.229415416717529	0.04042972526191078
cov10_n5_g0_s42_hotspots_p80_chr1	5	10	964	1125	1828	0	0.2961498868707445	0.22488442684450943	0.1111111111111111	0.195667564868927	11.45395565032959	0.051117396749502345
cov10_n5_g0_s42_hotspots_p80_chr1	5	10	965	294	748	0	0.4341223080374847	0.3950482404624705	0.25	0.41991037130355835	5.344179630279541	0.052339676504917027
cov10_n5_g0_s42_hotspots_p80_chr1	5	10	966	482	1350	0	0.311105115399474	0.2526493253211694	0.25	0.24606594443321228	7.992473125457764	0.05323196036584662
cov10_n5_g0_s42_hotspots_p80_chr1	5	10	967	571	1955	0	0.1817203925516623	0.07771724217098704	0.0	0.09885779023170471	16.894895553588867	0.0523982770290115
cov10_n5_g0_s42_hotspots_p80_chr1	5	10	968	743	2099	0	0.5631095296270929	0.5217486634902178	0.25	0.34875619411468506	13.03502368927002	0.04141465664403473
cov10_n5_g0_s42_hotspots_p80_chr1	5	10	969	1000	2316	0	0.4965962255115412	0.45707680880281654	0.25	0.4211113154888153	6.953174114227295	0.04682076189854033
cov10_n5_g0_s42_hotspots_p80_chr1	5	10	970	555	1092	0	0.2205461607123577	0.1570411832912853	0.1111111111111111	0.18229784071445465	7.318228244781494	0.057415803526334436
cov10_n5_g0_s42_hotspots_p80_chr1	5	10	971	662	1899	0	0.3707391080289329	0.3345245108374494	0.1111111111111111	0.4237644374370575	3.8269944190979004	0.06039410924722612
cov10_n5_g0_s42_hotspots_p80_chr1	5	10	972	383	1536	0	0.3516190896321368	0.2883337858924419	0.1111111111111111	0.23872193694114685	10.847514152526855	0.04958556256463751
cov10_n5_g0_s42_hotspots_p80_chr1	5	10	973	606	1788	0	0.2777504979602916	0.22824331504300355	0.25	0.27058279514312744	5.268406391143799	0.059327226702184564
cov10_n5_g0_s42_hotspots_p80_chr1	5	10	974	672	1392	0	0.6298139863921259	0.5975476375535296	0.42857142857142855	0.43585461378097534	10.440258026123047	0.038961715071363964
cov10_n5_g0_s42_hotspots_p80_chr1	5	10	975	735	1322	0	0.4565717221530663	0.3988943543804255	0.25	0.26191696524620056	15.193601608276367	0.0448679159592724
cov10_n5_g0_s42_hotspots_p80_chr1	5	10	976	1065	1830	0	0.7197729200998538	0.6974639146538505	0.42857142857142855	0.4791807532310486	11.28138256072998	0.03481546336986216
cov10_n5_g0_s42_hotspots_p80_chr1	5	10	977	810	1901	0	0.3484743304639004	0.2825736644578695	0.1111111111111111	0.22752420604228973	11.728877067565918	0.049276005122001136
cov10_n5_g0_s42_hotspots_p80_chr1	5	10	978	1055	2450	0	0.5563682598146359	0.5274093895817442	0.42857142857142855	0.5673447251319885	4.808400630950928	0.04756987794281685
cov10_n5_g0_s42_hotspots_p80_chr1	5	10	979	762	1534	0	0.49766764629929866	0.4547841997136519	0.42857142857142855	0.3830697238445282	8.439041137695312	0.04545175654987952
cov10_n5_g0_s42_hotspots_p80_chr1	5	10	980	732	1944	0	0.673371512331221	0.6458725172816845	0.42857142857142855	0.47521060705184937	10.039389610290527	0.037000577889428246
cov10_n5_g0_s42_hotspots_p80_chr1	5	10	981	1138	2384	0	0.348141102827626	0.2961848629304704	0.1111111111111111	0.29273197054862976	7.0719685554504395	0.052951695513438465
cov10_n5_g0_s42_hotspots_p80_chr1	5	10	982	744	1825	0	0.5352727469572073	0.5107768409334628	0.42857142857142855	0.653454065322876	3.3549816608428955	0.05439239361766554
cov10_n5_g0_s42_hotspots_p80_chr1	5	10	983	897	1419	0	0.35697990754836834	0.28002298170310463	0.25	0.18926513195037842	17.78755760192871	0.04750171358035236
cov10_n5_g0_s42_hotspots_p80_chr1	5	10	984	891	1866	0	0.701262154262938	0.6783686464840808	0.42857142857142855	0.5978813171386719	6.878612995147705	0.03643927003751146
cov10_n5_g0_s42_hotspots_p80_chr1	5	10	985	1039	1925	0	0.11111737441342867	0.05733418560873444	0.1111111111111111	0.12169069051742554	4.16887903213501	0.06992820930109149
cov10_n5_g0_s42_hotspots_p80_chr1	5	10	986	698	1359	0	0.07812817498929385	0.00945232703984032	0.1111111111111111	0.0704263299703598	6.153401851654053	0.0646472374622285
cov10_n5_g0_s42_hotspots_p80_chr1	5	10	987	692	1252	0	0.5390352521931708	0.4983527249176085	0.25	0.3924226462841034	9.434005737304688	0.04316109946845181
cov10_n5_g0_s42_hotspots_p80_chr1	5	10	988	790	2092	0	0.6258047497024393	0.6038814848339001	0.42857142857142855	0.6996068358421326	4.000733852386475	0.04611282833677023
cov10_n5_g0_s42_hotspots_p80_chr1	5	10	989	568	1816	0	0.248308310724013	0.15558337325252977	0.1111111111111111	0.13572174310684204	16.736072540283203	0.05067820944653022
cov10_n5_g0_s42_hotspots_p80_chr1	5	10	990	983	2028	0	0.6043522521838449	0.57777980220549	0.25	0.6001536846160889	5.070201396942139	0.04432399357349176
cov10_n5_g0_s42_hotspots_p80_chr1	5	10	991	1054	2328	0	0.06494234744625046	0.005361859069579898	0.1111111111111111	0.06775897741317749	4.59295654296875	0.06987677474471193
cov10_n5_g0_s42_hotspots_p80_chr1	5	10	992	838	1267	0	0.5480168937516434	0.5169950321995366	0.25	0.5330488681793213	5.284742832183838	0.04690474562996789
cov10_n5_g0_s42_hotspots_p80_chr1	5	10	993	714	1123	0	0.2674720279570752	0.19362765102293392	0.25	0.17852181196212769	11.223909378051758	0.05216401852930121
cov10_n5_g0_s42_hotspots_p80_chr1	5	10	994	698	1673	0	0.5707652055373055	0.5366726953270362	0.25	0.47437939047813416	7.238245964050293	0.043070184569632
cov10_n5_g0_s42_hotspots_p80_chr1	5	10	995	685	1770	0	0.5506770032266933	0.5161011609710835	0.25	0.4757431745529175	6.69913387298584	0.044577986689580386
cov10_n5_g0_s42_hotspots_p80_chr1	5	10	996	1141	1774	0	0.4949032301385113	0.4485880321828236	0.25	0.34736719727516174	10.149227142333984	0.04466301432094564
cov10_n5_g0_s42_hotspots_p80_chr1	5	10	997	972	1786	0	0.3991177458996009	0.33202032608922893	0.1111111111111111	0.22436287999153137	15.822315216064453	0.046564030496074375
cov10_n5_g0_s42_hotspots_p80_chr1	5	10	998	853	1604	0	0.6464470949007605	0.6157010583911489	0.42857142857142855	0.41940560936927795	11.878663063049316	0.038148119746095825
cov10_n5_g0_s42_hotspots_p80_chr1	5	10	999	861	1644	0	0.5058381602937333	0.4573255507519173	0.25	0.3161213994026184	12.802223205566406	0.04354062452721888
cov10_n5_g0_s42_hotspots_p80_chr1	5	10	1000	948	1892	0	0.6057213434907107	0.57111690084193	0.25	0.42633897066116333	10.092660903930664	0.04008527048133852
cov10_n5_g0_s42_hotspots_p80_chr1	5	10	1001	673	1487	0	0.21234388544322771	0.08833940432079593	0.1111111111111111	0.09350711107254028	25.784587860107422	0.05017220475047024
cov10_n5_g0_s42_hotspots_p80_chr1	5	10	1002	992	1526	0	0.32644753509563357	0.24791809975576398	0.1111111111111111	0.18267574906349182	15.967432022094727	0.04867714856830221
cov10_n5_g0_s42_hotspots_p80_chr1	5	10	1003	892	1960	0	0.4228711358116571	0.37431579717054364	0.25	0.33444663882255554	7.993415355682373	0.04890351500355364
cov10_n5_g0_s42_hotspots_p80_chr1	5	10	1004	814	1603	0	0.3053149644423403	0.246887620642268	0.1111111111111111	0.24373231828212738	7.84584903717041	0.05361471383583533
cov10_n5_g0_s42_hotspots_p80_chr1	5	10	1005	1282	2159	0	0.29149760509618927	0.20122952289409451	0.25	0.1505676954984665	18.740293502807617	0.04913423968267297
cov10_n5_g0_s42_hotspots_p80_chr1	5	10	1006	989	1613	0	0.41573751001445625	0.35394834075902804	0.1111111111111111	0.2492619901895523	13.909013748168945	0.04639383465569025
cov10_n5_g0_s42_hotspots_p80_chr1	5	10	1007	1115	2018	0	0.40189601448279866	0.34588446917366816	0.1111111111111111	0.2826479375362396	10.108941078186035	0.04820051072698258
cov10_n5_g0_s42_hotspots_p80_chr1	5	10	1008	919	1645	0	0.2953880066719292	0.2197950476219617	0.1111111111111111	0.18362440168857574	12.938828468322754	0.050477344826898286
cov10_n5_g0_s42_hotspots_p80_chr1	5	10	1009	572	1620	0	0.5061810958923199	0.46817142602554135	0.25	0.43828830122947693	6.669020175933838	0.0467214798264602
cov10_n5_g0_s42_hotspots_p80_chr1	5	10	1010	881	1842	0	0.33209247715589457	0.23934440236376037	0.1111111111111111	0.14798861742019653	25.17859649658203	0.0475027406540843
cov10_n5_g0_s42_hotspots_p80_chr1	5	10	1011	673	1982	0	0.35428706660348946	0.2895839601418591	0.1111111111111111	0.23339532315731049	11.521162033081055	0.04917299413429436
cov10_n5_g0_s42_hotspots_p80_chr1	5	10	1012	1028	2055	0	0.3022948275303149	0.2401993875523708	0.1111111111111111	0.22798122465610504	8.790897369384766	0.05274485055293342
cov10_n5_g0_s42_hotspots_p80_chr1	5	10	1013	698	1641	0	0.4447147854502879	0.39735537091456213	0.1111111111111111	0.34556031227111816	8.281049728393555	0.047766817388907076
cov10_n5_g0_s42_hotspots_p80_chr1	5	10	1014	961	2200	0	0.4362673714285018	0.38908136134657056	0.25	0.3465125858783722	7.925695896148682	0.04842092112866406
cov10_n5_g0_s42_hotspots_p80_chr1	5	10	1015	1206	1868	0	0.6605828448417809	0.6319991568944889	0.25	0.4801492691040039	9.46394157409668	0.03768363651879482
cov10_n5_g0_s42_hotspots_p80_chr1	5	10	1016	714	1595	0	0.31599950842142	0.22283383069294513	0.1111111111111111	0.14774614572525024	22.87233543395996	0.04803936938983194
cov10_n5_g0_s42_hotspots_p80_chr1	5	10	1017	879	2189	0	0.444261146131694	0.38681682521855015	0.25	0.2696407735347748	13.572992324829102	0.04552738508420675
cov10_n5_g0_s42_hotspots_p80_chr1	5	10	1018	827	1416	0	0.4647248513964025	0.4060514782830254	0.25	0.24456888437271118	18.053417205810547	0.04437955969896258
cov10_n5_g0_s42_hotspots_p80_chr1	5	10	1019	481	642	0	0.3441047862756129	0.2679268158871628	0.1111111111111111	0.19139671325683594	16.161527633666992	0.04812959711015001
cov10_n5_g0_s42_hotspots_p80_chr1	5	10	1020	563	660	0	0.39282970776529824	0.31376243423360844	0.25	0.14498060941696167	36.70783615112305	0.04599590971945509
cov10_n5_g0_s42_hotspots_p80_chr1	5	10	1021	1074	1527	0	0.2968887200652995	0.24123677555459125	0.25	0.2518067955970764	6.950604438781738	0.05513048970989542
cov10_n5_g0_s42_hotspots_p80_chr1	5	10	1022	1303	1684	0	0.4984014035298357	0.4466223565050333	0.25	0.22374317049980164	24.81012535095215	0.04341786151239239
cov10_n5_g0_s42_hotspots_p80_chr1	5	10	1023	981	1430	0	0.547269472770642	0.5292152781556222	0.42857142857142855	0.8101773858070374	2.281456708908081	0.06267430763040009
cov10_n5_g0_s42_hotspots_p80_chr1	5	10	1024	756	1281	0	0.5282395382996885	0.4831159457902986	0.25	0.3385256230831146	12.174431800842285	0.04282655576485899
cov10_n5_g0_s42_hotspots_p80_chr1	5	10	1025	1085	1998	0	0.15549542985892564	0.09698996843764561	0.0	0.14998969435691833	5.373811721801758	0.06384471273057112
cov10_n5_g0_s42_hotspots_p80_chr1	5	10	1026	771	1479	0	0.21764411514260137	0.1582750201507036	0.1111111111111111	0.1925647109746933	6.387198448181152	0.05911189292146199
cov10_n5_g0_s42_hotspots_p80_chr1	5	10	1027	859	1847	0	0.37377067410666087	0.3096258955792372	0.25	0.23852023482322693	12.27806568145752	0.04822317336529196
cov10_n5_g0_s42_hotspots_p80_chr1	5	10	1028	762	1602	0	0.27515792735159045	0.1956958501998111	0.1111111111111111	0.16819101572036743	13.382230758666992	0.05092268060675082
cov10_n5_g0_s42_hotspots_p80_chr1	5	10	1029	1020	2097	0	0.4758543558142084	0.42779389282404645	0.1111111111111111	0.336394727230072	10.005060195922852	0.04546860484460079
cov10_n5_g0_s42_hotspots_p80_chr1	5	10	1030	653	1041	0	0.26158393258105417	0.180158082673423	0.1111111111111111	0.15954279899597168	13.441186904907227	0.051305587515099595
cov10_n5_g0_s42_hotspots_p80_chr1	5	10	1031	916	1933	0	0.4044102217528054	0.353150625920839	0.25	0.31263497471809387	8.366409301757812	0.04930410675226729
cov10_n5_g0_s42_hotspots_p80_chr1	5	10	1032	552	1784	0	0.05523724674202987	-0.037424696412528116	0.0	0.03874912112951279	10.160388946533203	0.05946866680302153
cov10_n5_g0_s42_hotspots_p80_chr1	5	10	1033	696	1308	0	0.28752543020487376	0.196826230953591	0.0	0.14902904629707336	18.611469268798828	0.04925935097699139
cov10_n5_g0_s42_hotspots_p80_chr1	5	10	1034	623	1401	0	0.41518178464903693	0.36941090915079355	0.25	0.3546907901763916	6.850886821746826	0.05050868740522729
cov10_n5_g0_s42_hotspots_p80_chr1	5	10	1035	1086	2346	0	0.5400566964986716	0.5082768209522565	0.25	0.5219248533248901	5.353437900543213	0.047173339412521
cov10_n5_g0_s42_hotspots_p80_chr1	5	10	1036	767	1956	0	0.4997058748219521	0.4690779469656098	0.25	0.539868950843811	4.283731460571289	0.05214088877601362
cov10_n5_g0_s42_hotspots_p80_chr1	5	10	1037	709	2075	0	0.4994759783263298	0.4547196969750568	0.25	0.3622063994407654	9.507950782775879	0.044762229250645935
cov10_n5_g0_s42_hotspots_p80_chr1	5	10	1038	448	1797	0	0.4520717584054464	0.41115349049137373	0.25	0.4047352373600006	6.23796272277832	0.04980143962456668
cov10_n5_g0_s42_hotspots_p80_chr1	5	10	1039	624	1578	0	0.5720919222829838	0.5315255540339853	0.42857142857142855	0.3176118731498718	16.22214126586914	0.041018196195209036
cov10_n5_g0_s42_hotspots_p80_chr1	5	10	1040	881	1783	0	0.5947567189360681	0.5622257669119178	0.42857142857142855	0.48598259687423706	7.48871374130249	0.04170450138506313
cov10_n5_g0_s42_hotspots_p80_chr1	5	10	1041	758	1386	0	0.4388655192186093	0.37700453043572607	0.1111111111111111	0.2406608611345291	16.627307891845703	0.045260037430954636
cov10_n5_g0_s42_hotspots_p80_chr1	5	10	1042	656	1743	0	0.32225812252770614	0.268851653558313	0.25	0.274313747882843	6.900533199310303	0.05422071094754386
cov10_n5_g0_s42_hotspots_p80_chr1	5	10	1043	107	378	1	0.39783307630102954	0.3668452107211192	0.25	0.49991941452026367	3.1664445400238037	0.06283349897781922
cov10_n5_g0_s42_hotspots_p80_chr1	5	10	1044	423	1256	0	0.2046195442879348	0.16328222637706163	0.25	0.2574501931667328	3.158477306365967	0.07190516276687231
cov10_n5_g0_s42_hotspots_p80_chr1	5	10	1045	635	1304	0	0.27314858290405164	0.14961158176084538	0.1111111111111111	0.10433503240346909	34.26948165893555	0.048405380492920876
cov10_n5_g0_s42_hotspots_p80_chr1	5	10	1046	1121	1803	0	0.10287600159179684	0.02566866386565348	0.1111111111111111	0.08107510209083557	8.05050277709961	0.06039306495112448
cov10_n5_g0_s42_hotspots_p80_chr1	5	10	1047	1456	2578	0	0.43032061973659985	0.3792025465096919	0.25	0.31615179777145386	9.2632417678833	0.047630457654623544
cov10_n5_g0_s42_hotspots_p80_chr1	5	10	1048	1172	1932	0	0.37362532466872395	0.2953993862190223	0.0	0.1827075481414795	20.908824920654297	0.046736452063647946
cov10_n5_g0_s42_hotspots_p80_chr1	5	10	1049	1025	1672	0	0.32405141810524424	0.22280588274492033	0.0	0.1312243938446045	30.490793228149414	0.047474602029930715
cov10_n5_g0_s42_hotspots_p80_chr1	5	10	1050	1031	1975	0	0.41123505297597024	0.3373979008071261	0.0	0.1638076901435852	31.512418746948242	0.045581032887195796
cov10_n5_g0_s42_hotspots_p80_chr1	5	10	1051	1156	2065	0	0.5516711276033907	0.508648745429678	0.25	0.3371884822845459	13.38397216796875	0.04180921450430872
cov10_n5_g0_s42_hotspots_p80_chr1	5	10	1052	1218	1996	0	0.35474204592714687	0.270378109717951	0.1111111111111111	0.16644276678562164	22.712526321411133	0.04709716816383906
cov10_n5_g0_s42_hotspots_p80_chr1	5	10	1053	1081	1919	0	0.18831177206479413	0.12354956771774797	0.1111111111111111	0.15893079340457916	7.0195441246032715	0.0590431065447205
cov10_n5_g0_s42_hotspots_p80_chr1	5	10	1054	902	1582	0	0.7014507881491768	0.6780402853872924	0.42857142857142855	0.4315266013145447	13.21141242980957	0.03589594362423107
cov10_n5_g0_s42_hotspots_p80_chr1	5	10	1055	1015	1743	0	0.2639194208481385	0.18090903982169523	0.1111111111111111	0.1571979522705078	14.093500137329102	0.05099945042400801
cov10_n5_g0_s42_hotspots_p80_chr1	5	10	1056	763	1427	0	0.7040904933615963	0.6822292265303559	0.25	0.6307036280632019	6.231264591217041	0.036776282251210435
cov10_n5_g0_s42_hotspots_p80_chr1	5	10	1057	824	1641	0	0.580296104837596	0.5408794029427426	0.25	0.3426365256309509	14.341747283935547	0.04072344316018674
cov10_n5_g0_s42_hotspots_p80_chr1	5	10	1058	846	2184	0	0.4003804135244849	0.33546108564457117	0.1111111111111111	0.23486055433750153	14.531001091003418	0.04675389852461283
cov10_n5_g0_s42_hotspots_p80_chr1	5	10	1059	740	1758	0	0.4095632950230962	0.3395343797097383	0.1111111111111111	0.20576265454292297	19.80974578857422	0.04584963658067781
cov10_n5_g0_s42_hotspots_p80_chr1	5	10	1060	722	1882	0	0.5068803684404078	0.4695595119422979	0.25	0.4468540549278259	6.43353271484375	0.04699653705426201
cov10_n5_g0_s42_hotspots_p80_chr1	5	10	1061	889	1808	0	0.45183190629894504	0.39802547892349477	0.25	0.2942315638065338	11.790854454040527	0.04570542486923638
cov10_n5_g0_s42_hotspots_p80_chr1	5	10	1062	773	1938	0	0.5050073229500436	0.47400525987996694	0.25	0.5346750020980835	4.460521697998047	0.05127365836695696
cov10_n5_g0_s42_hotspots_p80_chr1	5	10	1063	294	1202	0	0.2690306947285314	0.18995793017822782	0.1111111111111111	0.16701103746891022	12.974282264709473	0.05126781891340705
cov10_n5_g0_s42_hotspots_p80_chr1	5	10	1064	869	2199	0	0.5228353933724524	0.47426956666613257	0.25	0.26952192187309265	18.81532859802246	0.04262326094143829
cov10_n5_g0_s42_hotspots_p80_chr1	5	10	1065	619	1671	0	0.42679738279699597	0.3574136557716037	0.25	0.18851029872894287	25.629688262939453	0.04522349123961532
cov10_n5_g0_s42_hotspots_p80_chr1	5	10	1066	910	2164	0	0.2207553091021528	0.13931928499322277	0.1111111111111111	0.1433318704366684	11.860602378845215	0.053265843173530045
cov10_n5_g0_s42_hotspots_p80_chr1	5	10	1067	932	2185	0	0.1545203681897659	0.08776145019338115	0.1111111111111111	0.1317930519580841	6.873159408569336	0.06049548358058494
cov10_n5_g0_s42_hotspots_p80_chr1	5	10	1068	725	1298	0	0.5267563667337027	0.48419161455749804	0.42857142857142855	0.22636109590530396	27.076091766357422	0.04277682070634869
cov10_n5_g0_s42_hotspots_p80_chr1	5	10	1069	1018	1957	0	0.4120867751373784	0.35852503480845416	0.25	0.2985437214374542	9.526458740234375	0.048160320884267895
cov10_n5_g0_s42_hotspots_p80_chr1	5	10	1070	360	506	0	0.25819888962866694	0.06666666665747939	0.0	0.0666666328907013	75.00007629394531	0.04830458915400243
cov10_n5_g0_s42_hotspots_p80_chr1	5	10	1071	395	771	0	0.410356736186073	0.3627631773405256	0.25	0.33959290385246277	7.3008928298950195	0.050141349364957725
cov10_n5_g0_s42_hotspots_p80_chr1	5	10	1072	841	2082	0	0.5531265294187545	0.5197444297324338	0.25	0.4935942590236664	6.278830528259277	0.04497605498905159
cov10_n5_g0_s42_hotspots_p80_chr1	5	10	1073	763	1542	0	0.6052505388492846	0.5697993903481794	0.42857142857142855	0.4012259840965271	11.377901077270508	0.03990602521550998
cov10_n5_g0_s42_hotspots_p80_chr1	5	10	1075	773	1765	0	0.6202158006952809	0.5892568136589914	0.42857142857142855	0.4931129813194275	7.909750938415527	0.040184113722567354
cov10_n5_g0_s42_hotspots_p80_chr1	5	10	1076	798	2104	0	0.05916893485258864	-0.0051152883340442705	0.0	0.057821035385131836	5.235832691192627	0.06781069109259583
cov10_n5_g0_s42_hotspots_p80_chr1	5	10	1077	624	1816	0	0.39271997465554076	0.3367002810866221	0.25	0.2815696895122528	9.726668357849121	0.048757337345996264
cov10_n5_g0_s42_hotspots_p80_chr1	5	10	1078	289	1074	0	0.1345734666005779	0.03632056762028649	0.0	0.08205875754356384	13.447421073913574	0.054947724436422096
cov10_n5_g0_s42_hotspots_p80_chr1	5	10	1079	599	1473	0	0.5266647167175366	0.4867953349078808	0.25	0.4098810851573944	8.255108833312988	0.04432616022385107
cov10_n5_g0_s42_hotspots_p80_chr1	5	10	1080	945	1968	0	0.11894502683319665	0.012938063539861627	0.0	0.06906517595052719	14.830111503601074	0.054749921309089
cov10_n5_g0_s42_hotspots_p80_chr1	5	10	1081	740	2067	0	0.2743270048575739	0.1772193090593366	0.1111111111111111	0.13585442304611206	20.38729476928711	0.049334114658458154
cov10_n5_g0_s42_hotspots_p80_chr1	5	10	1082	784	1746	0	0.04314192343084726	-0.045485150480508836	0.0	0.031877510249614716	9.157992362976074	0.06087315019118371
cov10_n5_g0_s42_hotspots_p80_chr1	5	10	1083	746	1302	0	0.4297229224402454	0.36655387518826493	0.25	0.2366788536310196	16.48269271850586	0.045551915168436416
cov10_n5_g0_s42_hotspots_p80_chr1	5	10	1084	677	1957	0	0.7795256061702369	0.7640528247304618	0.6666666666666666	0.7393350005149841	5.558380603790283	0.03243734749074784
cov10_n5_g0_s42_hotspots_p80_chr1	5	10	1085	1038	2226	0	0.22705608825210924	0.13898493791007605	0.1111111111111111	0.1352740228176117	14.086638450622559	0.0520672213820214
cov10_n5_g0_s42_hotspots_p80_chr1	5	10	1086	1217	2308	0	0.3730722764595819	0.2978010880725903	0.1111111111111111	0.19379664957523346	18.52948760986328	0.04696399880141473
cov10_n5_g0_s42_hotspots_p80_chr1	5	10	1087	807	1694	0	0.5498935009118369	0.5164815923562526	0.42857142857142855	0.494086354970932	6.1932902336120605	0.04525352452807354
cov10_n5_g0_s42_hotspots_p80_chr1	5	10	1088	1079	2095	0	0.39107143457454346	0.3156052928258054	0.25	0.1877189725637436	21.70030403137207	0.04623239001381013
cov10_n5_g0_s42_hotspots_p80_chr1	5	10	1089	723	1750	0	0.30957975084022377	0.24946815392165025	0.1111111111111111	0.23859596252441406	8.417612075805664	0.05283939693091285
cov10_n5_g0_s42_hotspots_p80_chr1	5	10	1090	602	1701	0	0.2941327859427402	0.22100340661074805	0.25	0.18979081511497498	12.008992195129395	0.05091102635219497
cov10_n5_g0_s42_hotspots_p80_chr1	5	10	1091	1284	2854	0	0.6240095130954078	0.5934042875887889	0.42857142857142855	0.4966152012348175	7.894278049468994	0.04000436748695075
cov10_n5_g0_s42_hotspots_p80_chr1	5	10	1093	1073	2581	0	0.47522490085574143	0.44884580149304554	0.25	0.6049944162368774	3.0850751399993896	0.05938680891847462
cov10_n5_g0_s42_hotspots_p80_chr1	5	10	1094	763	1783	0	0.37267124251479317	0.30065819025651763	0.1111111111111111	0.20614591240882874	16.340761184692383	0.047267628570527506
cov10_n5_g0_s42_hotspots_p80_chr1	5	10	1095	842	1528	0	0.4563734845918978	0.4177715318595801	0.42857142857142855	0.4296100437641144	5.642375469207764	0.050668814761008776
cov10_n5_g0_s42_hotspots_p80_chr1	5	10	1096	943	2770	0	0.6242940151571384	0.5909715451648553	0.25	0.37181356549263	14.096063613891602	0.03908586130993388
cov10_n5_g0_s42_hotspots_p80_chr1	5	10	1097	1041	2400	0	0.2185734483446375	0.1403321421661312	0.1111111111111111	0.1480107456445694	10.90381145477295	0.05391043002871338
cov10_n5_g0_s42_hotspots_p80_chr1	5	10	1098	843	1549	0	0.35048731341633343	0.2745362013767555	0.1111111111111111	0.1924709975719452	16.579978942871094	0.04787030703351253
cov10_n5_g0_s42_hotspots_p80_chr1	5	10	1099	990	1695	0	0.3520291314067377	0.30174378298655813	0.1111111111111111	0.30397847294807434	6.705660820007324	0.053331082169559674
cov10_n5_g0_s42_hotspots_p80_chr1	5	10	1100	834	1498	0	0.43949890583996165	0.3855158572876045	0.25	0.2952544093132019	11.078801155090332	0.04638974978325706
cov10_n5_g0_s42_hotspots_p80_chr1	5	10	1101	952	2250	0	0.7614471469490045	0.7444201325192205	0.6666666666666666	0.7085649967193604	5.7741780281066895	0.03349605297413383
cov10_n5_g0_s42_hotspots_p80_chr1	5	10	1102	613	2232	0	0.4054454842807653	0.34902374844035094	0.25	0.2804960012435913	10.446756362915039	0.0478963828568965
cov10_n5_g0_s42_hotspots_p80_chr1	5	10	1103	371	1866	0	0.44403304157892887	0.3999878442138314	0.25	0.37403881549835205	7.046399116516113	0.049028170481036665
cov10_n5_g0_s42_hotspots_p80_chr1	5	10	1105	1	8	1	0.0	-0.04134491152973611	0.0	0.0	2.0	0.09354143466934854
cov10_n5_g0_s42_hotspots_p80_chr1	5	10	1106	472	1133	0	0.3473172551935752	0.3121447205117461	0.25	0.42077022790908813	3.4066896438598633	0.0637604857005
cov10_n5_g0_s42_hotspots_p80_chr1	5	10	1107	723	2449	0	0.4393355376345758	0.3847887711279039	0.1111111111111111	0.291288286447525	11.374089241027832	0.04628766202223236
cov10_n5_g0_s42_hotspots_p80_chr1	5	10	1108	1237	2893	0	0.3056298299357414	0.24228575338318395	0.1111111111111111	0.22467422485351562	9.252413749694824	0.0522266961166738
cov10_n5_g0_s42_hotspots_p80_chr1	5	10	1109	1267	2683	0	0.5566268647163384	0.5326852272261966	0.25	0.6658886075019836	3.493776559829712	0.05242468263509161
cov10_n5_g0_s42_hotspots_p80_chr1	5	10	1110	953	2146	0	0.3174269737905374	0.2658174019165208	0.25	0.2814287543296814	6.360930919647217	0.055298979003392534
cov10_n5_g0_s42_hotspots_p80_chr1	5	10	1111	573	2003	0	0.43375799214243776	0.3693948407694413	0.1111111111111111	0.22600440680980682	18.417522430419922	0.04526234077049045
cov10_n5_g0_s42_hotspots_p80_chr1	5	10	1112	448	1429	0	0.3110852175592076	0.24359167199757067	0.1111111111111111	0.2121448516845703	10.751367568969727	0.05100900316180784
cov10_n5_g0_s42_hotspots_p80_chr1	5	10	1113	849	2566	0	0.3432607377505042	0.26936518449677294	0.1111111111111111	0.1984935849905014	14.952897071838379	0.048409611021308176
cov10_n5_g0_s42_hotspots_p80_chr1	5	10	1114	579	2754	0	0.5056485437768043	0.45415851551122094	0.25	0.24421288073062897	21.43534278869629	0.04315187936565595
cov10_n5_g0_s42_hotspots_p80_chr1	5	10	1115	763	2613	0	0.11120040641570651	0.047376363076909254	0.1111111111111111	0.10372114181518555	5.747092247009277	0.06447020336414633
cov10_n5_g0_s42_hotspots_p80_chr1	5	10	1116	874	2396	0	0.3121047449667054	0.2178379466344453	0.1111111111111111	0.1454736590385437	23.0145263671875	0.04812241599933913
cov10_n5_g0_s42_hotspots_p80_chr1	5	10	1117	676	2249	0	0.3841084659151532	0.33967748826406197	0.1111111111111111	0.3562238812446594	5.813418865203857	0.053563776564739644
cov10_n5_g0_s42_hotspots_p80_chr1	5	10	1118	515	1956	0	0.19651676082760056	0.13395096014713762	0.1111111111111111	0.16970859467983246	6.704425811767578	0.059295001441057045
cov10_n5_g0_s42_hotspots_p80_chr1	5	10	1119	570	1698	0	0.4704867581508809	0.42383865556191647	0.42857142857142855	0.3504121005535126	9.013773918151855	0.04620287851407672
cov10_n5_g0_s42_hotspots_p80_chr1	5	10	1120	862	2166	0	0.5964234133630861	0.5651999950844081	0.25	0.5101928114891052	6.832987308502197	0.042171041026773645
cov10_n5_g0_s42_hotspots_p80_chr1	5	10	1121	997	2332	0	0.5355961887314485	0.49489681889264514	0.25	0.394402414560318	9.220741271972656	0.04340077605853109
cov10_n5_g0_s42_hotspots_p80_chr1	5	10	1122	985	2383	0	0.5074328107971878	0.47580182658543113	0.42857142857142855	0.5252798795700073	4.666008472442627	0.05052276537355568
cov10_n5_g0_s42_hotspots_p80_chr1	5	10	1123	1203	2269	0	0.435163126023896	0.39194253093142734	0.42857142857142855	0.38021111488342285	6.54974889755249	0.05007409241538542
cov10_n5_g0_s42_hotspots_p80_chr1	5	10	1124	1155	2201	0	0.4701104754537802	0.4227060689446277	0.42857142857142855	0.34357962012290955	9.360845565795898	0.04601577414963435
cov10_n5_g0_s42_hotspots_p80_chr1	5	10	1125	1094	2090	0	0.56326705644494	0.5218942865126067	0.42857142857142855	0.34793350100517273	13.104068756103516	0.04140331683214359
cov10_n5_g0_s42_hotspots_p80_chr1	5	10	1126	729	2101	0	0.7052549961685062	0.6828059352262354	0.6666666666666666	0.6062103509902954	6.767302513122559	0.03627760962596634
cov10_n5_g0_s42_hotspots_p80_chr1	5	10	1127	700	2019	0	0.4826011980443333	0.44527582223444867	0.42857142857142855	0.44714784622192383	5.824309825897217	0.049096207809022005
cov10_n5_g0_s42_hotspots_p80_chr1	5	10	1128	389	1720	0	0.24755109707829567	0.19562658406720868	0.1111111111111111	0.2396463006734848	5.335292339324951	0.06037100124991876
cov10_n5_g0_s42_hotspots_p80_chr1	5	10	1129	582	2076	0	0.5623811667560622	0.5358371604084778	0.25	0.6119444370269775	4.2228684425354	0.04899337755872558
cov10_n5_g0_s42_hotspots_p80_chr1	5	10	1130	786	2293	0	0.5412801416305711	0.4963532806522666	0.25	0.31835588812828064	14.454010009765625	0.04210739159099265
cov10_n5_g0_s42_hotspots_p80_chr1	5	10	1131	491	1360	0	0.40535797668635065	0.37285667215348683	0.25	0.48402148485183716	3.5068585872650146	0.0603683399731666
cov10_n5_g0_s42_hotspots_p80_chr1	5	10	1132	828	2347	0	0.39477015178785435	0.3367375102879326	0.25	0.2705719769001007	10.643708229064941	0.048182391493993504
cov10_n5_g0_s42_hotspots_p80_chr1	5	10	1133	878	2614	0	0.7374278142952108	0.7167035986556672	0.6666666666666666	0.5129144191741943	10.335210800170898	0.03383616228315849
cov10_n5_g0_s42_hotspots_p80_chr1	5	10	1134	678	2012	0	0.5766945769316916	0.5467058493784961	0.42857142857142855	0.5435818433761597	5.627712726593018	0.044757587718410916
cov10_n5_g0_s42_hotspots_p80_chr1	5	10	1135	650	1931	0	0.10350811122605845	0.05216358405522873	0.25	0.11935392022132874	3.760498523712158	0.07229977833969542
cov10_n5_g0_s42_hotspots_p80_chr1	5	10	1136	464	2087	0	0.547266148626828	0.5270086169867673	0.25	0.7513524889945984	2.6526482105255127	0.05878358112044656
cov10_n5_g0_s42_hotspots_p80_chr1	5	10	1137	726	1849	0	0.35947171487350976	0.3178366701057426	0.1111111111111111	0.36805620789527893	4.769481182098389	0.057276077883263575
cov10_n5_g0_s42_hotspots_p80_chr1	5	10	1138	321	659	0	0.4217896764575051	0.3718769100340172	0.1111111111111111	0.1365165412425995	47.729984283447266	0.04559942047765548
cov10_n5_g0_s42_hotspots_p80_chr1	5	10	1139	433	1094	0	0.538422708460039	0.5144058472451568	0.25	0.6637090444564819	3.290494441986084	0.05459189907846267
cov10_n5_g0_s42_hotspots_p80_chr1	5	10	1140	395	867	0	0.3578997030388271	0.26459968656146626	0.25	0.12572260200977325	40.51966857910156	0.04668917545616815
cov10_n5_g0_s42_hotspots_p80_chr1	5	10	1141	617	1557	0	0.472994034299399	0.4195635067811211	0.25	0.2887464165687561	13.416776657104492	0.04458629196171686
cov10_n5_g0_s42_hotspots_p80_chr1	5	10	1142	829	1866	0	0.2476188596555726	0.17145863819994284	0.1111111111111111	0.16515232622623444	11.240044593811035	0.05278573312238485
cov10_n5_g0_s42_hotspots_p80_chr1	5	10	1143	886	1576	0	0.7134931366218802	0.6942103348859892	0.42857142857142855	0.404122531414032	15.585596084594727	0.03579678612329913
cov10_n5_g0_s42_hotspots_p80_chr1	5	10	1144	820	1741	0	0.5337854521056459	0.4977133220822758	0.25	0.4588509500026703	6.766439437866211	0.04531112460636226
cov10_n5_g0_s42_hotspots_p80_chr1	5	10	1145	1002	2306	0	0.28790860769404303	0.20513863972725116	0.1111111111111111	0.16469907760620117	15.279073715209961	0.049946141089764855
cov10_n5_g0_s42_hotspots_p80_chr1	5	10	1146	899	1885	0	0.7409715072987154	0.7227171419142501	0.42857142857142855	0.7003329396247864	5.597111225128174	0.03509459043244465
cov10_n5_g0_s42_hotspots_p80_chr1	5	10	1147	1018	1972	0	0.3941352537341553	0.3392558404213759	0.25	0.28837066888809204	9.340248107910156	0.04895345672634423
cov10_n5_g0_s42_hotspots_p80_chr1	5	10	1148	899	2322	0	0.18441245975604367	0.11676822952760156	0.1111111111111111	0.1500314474105835	7.554155349731445	0.058348617954864186
cov10_n5_g0_s42_hotspots_p80_chr1	5	10	1149	825	1790	0	0.5387226266143579	0.49507406971444584	0.25	0.2516511082649231	22.914094924926758	0.042275999868197016
cov10_n5_g0_s42_hotspots_p80_chr1	5	10	1150	843	1702	0	0.44847493025729906	0.3888903801538739	0.25	0.2517673671245575	15.865272521972656	0.0450449509315854
cov10_n5_g0_s42_hotspots_p80_chr1	5	10	1151	647	2072	0	0.44608019845892694	0.39398550285315864	0.1111111111111111	0.30825263261795044	10.470858573913574	0.046395325633589134
cov10_n5_g0_s42_hotspots_p80_chr1	5	10	1152	590	1847	0	0.3521233676699432	0.29035757508520005	0.1111111111111111	0.24532125890254974	10.301237106323242	0.049868230235381894
cov10_n5_g0_s42_hotspots_p80_chr1	5	10	1153	1108	2343	0	0.20533697007634202	0.15501468177409924	0.1111111111111111	0.21544580161571503	4.541801929473877	0.06461410379336657
cov10_n5_g0_s42_hotspots_p80_chr1	5	10	1154	726	2263	0	0.27930756792739353	0.2439189942803045	0.42857142857142855	0.3681156039237976	2.8785042762756348	0.07072449931746966
cov10_n5_g0_s42_hotspots_p80_chr1	5	10	1155	1201	2745	0	0.3665228168804923	0.2874082503722732	0.25	0.1811072826385498	20.47859764099121	0.04695590452448369
cov10_n5_g0_s42_hotspots_p80_chr1	5	10	1156	923	1963	0	0.3293873016650772	0.27170815965169975	0.25	0.25663435459136963	8.236717224121094	0.052291712099056684
cov10_n5_g0_s42_hotspots_p80_chr1	5	10	1157	573	1504	0	0.515179536759256	0.4840705498342817	0.42857142857142855	0.5336706042289734	4.659514904022217	0.050143093922111096
cov10_n5_g0_s42_hotspots_p80_chr1	5	10	1158	670	1882	0	0.2575785787093479	0.16264544593422736	0.1111111111111111	0.1351400762796402	18.164405822753906	0.05012443221293839
cov10_n5_g0_s42_hotspots_p80_chr1	5	10	1159	873	1985	0	0.5589684029288388	0.5166271870167795	0.25	0.2951543629169464	17.93271827697754	0.041488288799327255
cov10_n5_g0_s42_hotspots_p80_chr1	5	10	1160	756	1648	0	0.38463734684117196	0.3165283187079426	0.25	0.22142550349235535	15.08751106262207	0.04713143719243626
cov10_n5_g0_s42_hotspots_p80_chr1	5	10	1161	796	2051	0	0.1789646905462906	0.1395344622417404	0.1111111111111111	0.24217577278614044	2.7305071353912354	0.07659651191390947
cov10_n5_g0_s42_hotspots_p80_chr1	5	10	1162	484	1442	0	0.5490167881321705	0.513847227962984	0.1111111111111111	0.4672693610191345	6.902503490447998	0.04443636553402127
cov10_n5_g0_s42_hotspots_p80_chr1	5	10	1163	772	1964	0	0.6202615034860715	0.5902847515516034	0.42857142857142855	0.5157462358474731	7.231818675994873	0.040617007777599336
cov10_n5_g0_s42_hotspots_p80_chr1	5	10	1164	721	1908	0	0.5412345875737519	0.49634393123511794	0.1111111111111111	0.3194602131843567	14.351839065551758	0.042114932039810565
cov10_n5_g0_s42_hotspots_p80_chr1	5	10	1165	943	2352	0	0.48218454624320173	0.4322370480101847	0.25	0.31651121377944946	11.60428237915039	0.044661306244457154
cov10_n5_g0_s42_hotspots_p80_chr1	5	10	1166	1262	2578	0	0.6410018495341321	0.6166540981170093	0.6666666666666666	0.6306270956993103	5.165867328643799	0.04203086550550271
cov10_n5_g0_s42_hotspots_p80_chr1	5	10	1167	1088	2026	0	0.43004139479109277	0.3731949701073464	0.1111111111111111	0.2770531177520752	12.046595573425293	0.04639366141801934
cov10_n5_g0_s42_hotspots_p80_chr1	5	10	1168	711	1610	0	0.39927182729425287	0.3321276354156296	0.25	0.22410868108272552	15.870477676391602	0.04655193416180234
cov10_n5_g0_s42_hotspots_p80_chr1	5	10	1169	849	1445	0	0.47707680608352804	0.4217194259338198	0.25	0.26599249243736267	16.084510803222656	0.044126893390019684
cov10_n5_g0_s42_hotspots_p80_chr1	5	10	1170	1123	1859	0	0.6254619781226727	0.602187118779203	0.42857142857142855	0.28835612535476685	23.524118423461914	0.03986964695408053
cov10_n5_g0_s42_hotspots_p80_chr1	5	10	1171	945	2024	0	0.4174515012807639	0.34976924874894666	0.42857142857142855	0.21492218971252441	18.863386154174805	0.04569517000734676
cov10_n5_g0_s42_hotspots_p80_chr1	5	10	1172	632	1472	0	0.402469067652002	0.33699115670761165	0.25	0.23177970945835114	15.075934410095215	0.04658580778107843
cov10_n5_g0_s42_hotspots_p80_chr1	5	10	1173	208	1064	0	0.5176650566850582	0.49866393916254526	0.25	0.7786524295806885	2.209939479827881	0.06529166344894435
cov10_n5_g0_s42_hotspots_p80_chr1	5	10	1174	169	990	1	0.4479182864307337	0.38503022164422807	0.25	0.1836376041173935	29.747074127197266	0.04474395296905732
cov10_n5_g0_s42_hotspots_p80_chr1	5	10	1175	597	1510	0	0.6405974426156898	0.6110730839706546	0.42857142857142855	0.4992194175720215	8.232987403869629	0.0390151926781303
cov10_n5_g0_s42_hotspots_p80_chr1	5	10	1176	965	2131	0	0.3465822550952546	0.24931600519398783	0.25	0.1300409585237503	35.515865325927734	0.046922815553980576
cov10_n5_g0_s42_hotspots_p80_chr1	5	10	1177	1184	2585	0	0.2557424073438423	0.1414515611461643	0.1111111111111111	0.11127009987831116	26.413049697875977	0.04916198130450642
cov10_n5_g0_s42_hotspots_p80_chr1	5	10	1178	921	1949	0	0.3527727562922257	0.2707308158358798	0.1111111111111111	0.17367391288280487	20.62960433959961	0.047302809751002164
cov10_n5_g0_s42_hotspots_p80_chr1	5	10	1179	163	721	1	0.40713000885318534	0.3334626400576266	0.25	0.18526363372802734	24.14659309387207	0.045731315342938346
cov10_n5_g0_s42_hotspots_p80_chr1	5	10	1180	41	355	1	0.33709994157669393	0.23354968324685862	0.0	0.11363614350557327	44.00017166137695	0.04707344358460686
cov10_n5_g0_s42_hotspots_p80_chr1	5	10	1181	883	2997	0	0.49982587450811466	0.4470407210995814	0.25	0.24526813626289368	20.764677047729492	0.04330869517908287
cov10_n5_g0_s42_hotspots_p80_chr1	5	10	1182	23	248	1	0.2862991698929297	0.14410075406589262	0.0	0.08196720480918884	60.999996185302734	0.0479070137580421
cov10_n5_g0_s42_hotspots_p80_chr1	5	10	1183	502	1321	0	0.4945868017754596	0.44134411282738206	0.42857142857142855	0.2655160129070282	17.348966598510742	0.04350774559893057
cov10_n5_g0_s42_hotspots_p80_chr1	5	10	1184	437	1458	0	0.5834113720144583	0.5599694397158135	0.42857142857142855	0.6747041344642639	3.73846173286438	0.04970010435015155
cov10_n5_g0_s42_hotspots_p80_chr1	5	10	1185	369	1275	0	0.46778348417181437	0.40834296868616893	0.25	0.21805043518543243	23.011547088623047	0.044192231546920514
cov10_n5_g0_s42_hotspots_p80_chr1	5	10	1186	681	1843	0	0.5414330611872266	0.516686235840439	0.6666666666666666	0.6486856341362	3.4833011627197266	0.05333968436972992
cov10_n5_g0_s42_hotspots_p80_chr1	5	10	1187	934	1797	0	0.7193813911640163	0.6999713885880718	0.42857142857142855	0.693854808807373	5.374662399291992	0.03683006090193216
cov10_n5_g0_s42_hotspots_p80_chr1	5	10	1188	930	1762	0	0.7365305047293965	0.7159830815033771	0.42857142857142855	0.4967088997364044	10.993792533874512	0.03396263794742965
cov10_n5_g0_s42_hotspots_p80_chr1	5	10	1189	805	2386	0	0.6867560360772464	0.6676982390422773	0.42857142857142855	0.7433999180793762	4.2670722007751465	0.04138127313910074
cov10_n5_g0_s42_hotspots_p80_chr1	5	10	1190	855	2248	0	0.8034392798309874	0.7886436614450548	0.6666666666666666	0.6254472732543945	8.250774383544922	0.029795519185579183
cov10_n5_g0_s42_hotspots_p80_chr1	5	10	1191	459	1616	0	0.6923972863432999	0.6672281957379956	0.25	0.5213704109191895	8.81836223602295	0.03620282722442277
cov10_n5_g0_s42_hotspots_p80_chr1	5	10	1192	722	1935	0	0.6465817126874279	0.6216954420905401	0.25	0.6127446293830872	5.567469120025635	0.04100563533839914
cov10_n5_g0_s42_hotspots_p80_chr1	5	10	1193	428	1134	0	0.2650582673331219	0.1793205384206759	0.1111111111111111	0.1523960530757904	15.125343322753906	0.05064037237989571
cov10_n5_g0_s42_hotspots_p80_chr1	5	10	1194	312	1318	0	0.37676839176772187	0.350326892701683	0.1111111111111111	0.5540159940719604	2.31246018409729	0.07166183298577986
cov10_n5_g0_s42_hotspots_p80_chr1	5	10	1195	617	1447	0	0.507816489829849	0.45694505307704053	0.25	0.27683836221694946	16.824071884155273	0.0431137018671804
cov10_n5_g0_s42_hotspots_p80_chr1	5	10	1196	616	2130	0	0.5916375295031087	0.5546684717897014	0.42857142857142855	0.39365553855895996	11.294025421142578	0.04047841744518634
cov10_n5_g0_s42_hotspots_p80_chr1	5	10	1197	858	2130	0	0.5827415686609811	0.5450203559813163	0.25	0.30036023259162903	18.82076072692871	0.040772037967728346
cov10_n5_g0_s42_hotspots_p80_chr1	5	10	1198	751	1421	0	0.2195504594219098	0.14128010075898928	0.1111111111111111	0.14841751754283905	10.94128131866455	0.05385512400537705
cov10_n5_g0_s42_hotspots_p80_chr1	5	10	1199	641	1294	0	0.3645888723602706	0.2780288722686414	0.1111111111111111	0.15576687455177307	27.39217185974121	0.04666369350280083
cov10_n5_g0_s42_hotspots_p80_chr1	5	10	1200	661	1787	0	0.24398868519570033	0.13342555683796767	0.0	0.11263908445835114	23.46017074584961	0.04969529686955506
cov10_n5_g0_s42_hotspots_p80_chr1	5	10	1201	727	1427	0	0.2502133377922471	0.16042145071769945	0.1111111111111111	0.1408202350139618	15.785587310791016	0.050870034330223746
cov10_n5_g0_s42_hotspots_p80_chr1	5	10	1202	37	152	1	0.2564945916654651	0.05923488777573127	0.0	0.06578946113586426	76.00000762939453	0.048327283347915126
cov10_n5_g0_s42_hotspots_p80_chr1	5	10	1203	774	1905	0	0.3074891239755423	0.24587195608139722	0.0	0.23184624314308167	8.794870376586914	0.05255522711990023
cov10_n5_g0_s42_hotspots_p80_chr1	5	10	1204	725	1286	0	0.3337700530566937	0.24093116480776447	0.1111111111111111	0.1475631594657898	25.580493927001953	0.047442995474240086
cov10_n5_g0_s42_hotspots_p80_chr1	5	10	1205	780	2123	0	0.46665122390068026	0.41813324237554395	0.25	0.33426132798194885	9.745015144348145	0.04594997754611087
cov10_n5_g0_s42_hotspots_p80_chr1	5	10	1206	955	2297	0	0.550820294320405	0.5070391147593746	0.42857142857142855	0.3157266676425934	15.218340873718262	0.04174618346178194
cov10_n5_g0_s42_hotspots_p80_chr1	5	10	1207	783	1708	0	0.34413450865996337	0.28726965479718497	0.1111111111111111	0.26558369398117065	8.39505672454834	0.0515853955791615
cov10_n5_g0_s42_hotspots_p80_chr1	5	10	1208	813	1633	0	0.4244672682776458	0.3619364114292858	0.25	0.242782324552536	15.283551216125488	0.04586895680841091
cov10_n5_g0_s42_hotspots_p80_chr1	5	10	1209	645	1741	0	0.3601059680712411	0.30338593000874287	0.25	0.2710772454738617	8.823572158813477	0.05060902534468418
cov10_n5_g0_s42_hotspots_p80_chr1	5	10	1210	810	2154	0	0.3985253789811748	0.33003248841065946	0.25	0.21776698529720306	16.745492935180664	0.046450345453548016
cov10_n5_g0_s42_hotspots_p80_chr1	5	10	1211	690	1389	0	0.3686736205699794	0.2955774138896368	0.1111111111111111	0.2022571712732315	16.612930297851562	0.04734068097806302
cov10_n5_g0_s42_hotspots_p80_chr1	5	10	1212	888	2292	0	0.5065064850476794	0.4550368025234475	0.42857142857142855	0.24943415820598602	20.617128372192383	0.043117527561486735
cov10_n5_g0_s42_hotspots_p80_chr1	5	10	1213	951	1737	0	0.23181621113610246	0.11491600412905544	0.1111111111111111	0.10387906432151794	24.90012550354004	0.04982579800768549
cov10_n5_g0_s42_hotspots_p80_chr1	5	10	1214	794	1606	0	0.382828672064803	0.3307837569885732	0.25	0.3031378984451294	7.974407196044922	0.05051559179772131
cov10_n5_g0_s42_hotspots_p80_chr1	5	10	1215	696	1492	0	0.23461944581185465	0.1592405737847675	0.1111111111111111	0.16111034154891968	10.603546142578125	0.053603164542071376
cov10_n5_g0_s42_hotspots_p80_chr1	5	10	1216	1021	1703	0	0.5515791317095732	0.5113523829227608	0.25	0.38908886909484863	10.04819393157959	0.042409435911287666
cov10_n5_g0_s42_hotspots_p80_chr1	5	10	1217	1038	2180	0	0.6867393925350328	0.6630161440593706	0.42857142857142855	0.3938807249069214	15.199331283569336	0.036783160978314036
cov10_n5_g0_s42_hotspots_p80_chr1	5	10	1218	1130	2457	0	0.5848262336290804	0.5464343633506756	0.25	0.36939215660095215	12.532805442810059	0.040625380145097416
cov10_n5_g0_s42_hotspots_p80_chr1	5	10	1219	1056	1648	0	0.4203762772209205	0.3568508188666613	0.25	0.23817232251167297	15.57628059387207	0.04595259046824554
cov10_n5_g0_s42_hotspots_p80_chr1	5	10	1220	669	1659	0	0.40984358606650406	0.3583731435733824	0.25	0.3120371997356415	8.625683784484863	0.048877135761019444
cov10_n5_g0_s42_hotspots_p80_chr1	5	10	1221	1113	2207	0	0.24486366607681723	0.16242994829190033	0.1111111111111111	0.15152958035469055	13.056415557861328	0.0519589834355538
cov10_n5_g0_s42_hotspots_p80_chr1	5	10	1222	1682	2723	0	0.4084547535596402	0.34039540188678413	0.25	0.21701565384864807	17.712331771850586	0.04605045832046337
cov10_n5_g0_s42_hotspots_p80_chr1	5	10	1223	982	1436	0	0.44826664384049125	0.39153786713652255	0.0	0.27341219782829285	13.440242767333984	0.04542005816799639
cov10_n5_g0_s42_hotspots_p80_chr1	5	10	1224	957	2097	0	0.5159152357674536	0.47051863519481796	0.25	0.3462596535682678	11.099997520446777	0.04352962277172519
cov10_n5_g0_s42_hotspots_p80_chr1	5	10	1225	1102	2356	0	0.5010268403433389	0.4585305164391118	0.25	0.3865267038345337	8.40103816986084	0.045335173416115836
cov10_n5_g0_s42_hotspots_p80_chr1	5	10	1226	1270	2100	0	0.3477491360205968	0.2767444414709836	0.1111111111111111	0.20867326855659485	13.885719299316406	0.04854728641432848
cov10_n5_g0_s42_hotspots_p80_chr1	5	10	1227	751	1980	0	0.5402591664271211	0.49502768373279554	0.25	0.2738807797431946	19.455894470214844	0.04210789691536937
cov10_n5_g0_s42_hotspots_p80_chr1	5	10	1228	883	2020	0	0.8070872674970075	0.792564867063762	0.6666666666666666	0.6590186953544617	7.499209403991699	0.029525389967215803
cov10_n5_g0_s42_hotspots_p80_chr1	5	10	1229	1311	2893	0	0.7137637149055164	0.690476340193334	0.42857142857142855	0.5119202136993408	9.720179557800293	0.035019755555808205
cov10_n5_g0_s42_hotspots_p80_chr1	5	10	1230	635	2309	0	0.655885785584367	0.6377720850877788	0.42857142857142855	0.7924368381500244	3.425288677215576	0.046766906803331516
cov10_n5_g0_s42_hotspots_p80_chr1	5	10	1231	38	444	1	0.25410072150881075	0.1572054348059406	0.1111111111111111	0.13140824437141418	18.695476531982422	0.050115563472136006
cov10_n5_g0_s42_hotspots_p80_chr1	5	10	1232	363	1482	0	0.6389498163160573	0.6073802815459073	0.42857142857142855	0.42372167110443115	11.36952018737793	0.03848145581407013
cov10_n5_g0_s42_hotspots_p80_chr1	5	10	1233	959	2129	0	0.2023845401425228	0.13587311118712234	0.25	0.16370531916618347	7.64185905456543	0.05759514646973055
cov10_n5_g0_s42_hotspots_p80_chr1	5	10	1234	939	1653	0	0.6187525830100887	0.586600389018438	0.42857142857142855	0.3280913233757019	17.78339195251465	0.03952779378018692
cov10_n5_g0_s42_hotspots_p80_chr1	5	10	1235	886	1546	0	0.28549424941463	0.19174693888877836	0.1111111111111111	0.1433289349079132	19.837961196899414	0.049126982431454
cov10_n5_g0_s42_hotspots_p80_chr1	5	10	1236	640	1189	0	0.1675416318233988	0.03702023812981233	0.0	0.07609087228775024	24.240991592407227	0.05133421033920583
cov10_n5_g0_s42_hotspots_p80_chr1	5	10	1237	668	1204	0	0.48552371651497017	0.4428626091919136	0.25	0.3875740170478821	7.8466010093688965	0.046423876762996454
cov10_n5_g0_s42_hotspots_p80_chr1	5	10	1238	124	342	1	0.25993762086469197	0.0735214621921658	0.0	0.06756748259067535	74.00019836425781	0.048281270499967645
cov10_n5_g0_s42_hotspots_p80_chr1	5	10	1239	134	249	1	0.2581989397251251	0.22084712472160695	0.1111111111111111	0.3333330452442169	3.0000061988830566	0.07071062675157111
cov10_n5_g0_s42_hotspots_p80_chr1	5	10	1240	107	107	1	0.24397993475878893	0.08047319299530548	0.1111111111111111	0.07805411517620087	48.85249328613281	0.048637452084828746
cov10_n5_g0_s42_hotspots_p80_chr1	5	10	1241	683	883	0	0.18189847758114108	0.11136182194471438	0.0	0.1426452398300171	8.130431175231934	0.05765594291166582
cov10_n5_g0_s42_hotspots_p80_chr1	5	10	1242	465	922	0	0.26918264082776583	0.19633586584894966	0.1111111111111111	0.18167605996131897	10.976622581481934	0.052253262726386925
cov10_n5_g0_s42_hotspots_p80_chr1	5	10	1243	551	898	0	0.23411900960314255	0.133924688896898	0.1111111111111111	0.12142519652843475	18.587705612182617	0.05064939801870456
cov10_n5_g0_s42_hotspots_p80_chr1	5	10	1244	355	888	0	0.1857309388212487	0.10971579625796622	0.1111111111111111	0.13501150906085968	9.46230411529541	0.056088980717034366
cov10_n5_g0_s42_hotspots_p80_chr1	5	10	1245	813	1826	0	0.15381475380794815	0.06546194898073421	0.1111111111111111	0.10097309201955795	11.602581977844238	0.05542996405035818
cov10_n5_g0_s42_hotspots_p80_chr1	5	10	1246	357	1306	0	0.43852291474547567	0.37209715838568685	0.1111111111111111	0.19187802076339722	26.115842819213867	0.044936027114192006
cov10_n5_g0_s42_hotspots_p80_chr1	5	10	1247	460	977	0	0.2809226998400795	0.21299042938796403	0.1111111111111111	0.1998673528432846	9.87779426574707	0.05259399111183119
cov10_n5_g0_s42_hotspots_p80_chr1	5	10	1248	731	2023	0	0.6464731126526921	0.6230828945391265	0.25	0.6510640978813171	4.929734230041504	0.04219376369535918
cov10_n5_g0_s42_hotspots_p80_chr1	5	10	1249	672	1419	0	0.49018096493937585	0.4648445902531957	0.25	0.6286928057670593	3.0395264625549316	0.058898378210157684
cov10_n5_g0_s42_hotspots_p80_chr1	5	10	1250	996	1532	0	0.48501876370931246	0.4500614312059726	0.25	0.4768255054950714	5.173305988311768	0.05032020167814497
cov10_n5_g0_s42_hotspots_p80_chr1	5	10	1251	1008	1571	0	0.6483278436813126	0.6184526546083854	0.42857142857142855	0.38240113854408264	14.372123718261719	0.03818027605314587
cov10_n5_g0_s42_hotspots_p80_chr1	5	10	1252	405	928	0	0.7204853716019913	0.7032560447070906	0.6666666666666666	0.3993232250213623	16.276884078979492	0.03565591549095422
cov10_n5_g0_s42_hotspots_p80_chr1	5	10	1253	670	979	0	0.3932958905727625	0.31513994380019966	0.25	0.1718181073665619	26.198169708251953	0.04602219000661944
cov10_n5_g0_s42_hotspots_p80_chr1	5	10	1255	568	1265	0	0.5229340450520382	0.4761325013442655	0.25	0.3197583258152008	13.37273120880127	0.042847945263154566
cov10_n5_g0_s42_hotspots_p80_chr1	5	10	1256	838	1994	0	0.4283021260685944	0.3739965507760853	0.25	0.2939894199371338	10.612237930297852	0.04698870174405711
cov10_n5_g0_s42_hotspots_p80_chr1	5	10	1257	1073	2036	0	0.27936192541367044	0.20479986781755014	0.25	0.18112057447433472	11.89511775970459	0.051431977600422445
cov10_n5_g0_s42_hotspots_p80_chr1	5	10	1258	813	1834	0	0.565700270688099	0.5347419014127964	0.42857142857142855	0.5299575328826904	5.697188854217529	0.04521367914239624
cov10_n5_g0_s42_hotspots_p80_chr1	5	10	1259	850	1551	0	0.29818049184981593	0.24169281766421474	0.1111111111111111	0.24875879287719727	7.184086322784424	0.05473721604288519
cov10_n5_g0_s42_hotspots_p80_chr1	5	10	1260	453	939	0	0.24101542183565008	0.19550083195498094	0.1111111111111111	0.26592427492141724	4.107180118560791	0.06491401670784558
cov10_n5_g0_s42_hotspots_p80_chr1	5	10	1261	522	2136	0	0.3172296908952149	0.266535287170081	0.1111111111111111	0.2862708270549774	6.1399312019348145	0.05571803448193097
cov10_n5_g0_s42_hotspots_p80_chr1	5	10	1262	901	1878	0	0.5096907374623323	0.4705470498556358	0.42857142857142855	0.4238000512123108	7.232051849365234	0.04592838548541903
cov10_n5_g0_s42_hotspots_p80_chr1	5	10	1263	1332	2278	0	0.42565049404140987	0.3742841477641619	0.25	0.3142087757587433	9.175710678100586	0.04786698715023999
cov10_n5_g0_s42_hotspots_p80_chr1	5	10	1264	744	2285	0	0.5379790253355443	0.4941276623794777	0.25	0.34621119499206543	12.073091506958008	0.0424771029742834
cov10_n5_g0_s42_hotspots_p80_chr1	5	10	1265	803	1594	0	0.5224577061624631	0.476568467853517	0.25	0.3339443802833557	12.238380432128906	0.0430308614331321
cov10_n5_g0_s42_hotspots_p80_chr1	5	10	1266	412	1270	0	0.6176313005782196	0.5973807801761463	0.42857142857142855	0.7459969520568848	3.427318572998047	0.0491648382898161
cov10_n5_g0_s42_hotspots_p80_chr1	5	10	1267	724	2059	0	0.4199801712704241	0.3616527634264923	0.25	0.2689497470855713	12.19228744506836	0.04669571149131269
cov10_n5_g0_s42_hotspots_p80_chr1	5	10	1268	879	1661	0	0.5478382804551303	0.5034604771567305	0.1111111111111111	0.30217990279197693	16.43401336669922	0.04182963219782153
cov10_n5_g0_s42_hotspots_p80_chr1	5	10	1269	680	1320	0	0.43886752627020015	0.39868446545547465	0.25	0.40977561473846436	5.735147953033447	0.051290004282887776
cov10_n5_g0_s42_hotspots_p80_chr1	5	10	1270	750	1301	0	0.5334233601639473	0.49419913200666443	0.25	0.41558563709259033	8.237454414367676	0.04404010634053844
cov10_n5_g0_s42_hotspots_p80_chr1	5	10	1271	815	1408	0	0.43150582992810804	0.36328606634506927	0.25	0.18966782093048096	25.8795108795166	0.04510729988623096
cov10_n5_g0_s42_hotspots_p80_chr1	5	10	1272	951	1872	0	0.5022739469063718	0.4611415534599388	0.25	0.4016667306423187	7.818431377410889	0.045721466844176405
cov10_n5_g0_s42_hotspots_p80_chr1	5	10	1273	962	2070	0	0.4858793346774333	0.44835142576240017	0.25	0.444877952337265	5.964101791381836	0.04869787626008439
cov10_n5_g0_s42_hotspots_p80_chr1	5	10	1274	544	1448	0	0.48439103620871615	0.43248349572986305	0.1111111111111111	0.2958854138851166	13.400320053100586	0.04419713310585065
cov10_n5_g0_s42_hotspots_p80_chr1	5	10	1275	431	1335	0	0.02198776034668015	-0.0242033827043669	0.0	0.030512018129229546	2.596510648727417	0.0846261984803977
cov10_n5_g0_s42_hotspots_p80_chr1	5	10	1276	591	1374	0	0.44217757172450367	0.378812646577954	0.25	0.226186603307724	19.108633041381836	0.044980234580540825
cov10_n5_g0_s42_hotspots_p80_chr1	5	10	1277	918	1887	0	0.462543210664262	0.40944071275746313	0.25	0.29653847217559814	12.16501235961914	0.04521995743866684
cov10_n5_g0_s42_hotspots_p80_chr1	5	10	1278	267	801	0	0.03174040617536028	-0.008579889508725465	0.1111111111111111	0.049667470157146454	2.0419771671295166	0.09150508263071827
cov10_n5_g0_s42_hotspots_p80_chr1	5	10	1279	583	1424	0	0.29391530347647465	0.17277076173541836	0.1111111111111111	0.10592091083526611	38.4991340637207	0.047906972713866
cov10_n5_g0_s42_hotspots_p80_chr1	5	10	1280	424	934	0	0.2001679138718955	0.1467190510400226	0.1111111111111111	0.19972287118434906	5.0223069190979	0.06316867407529854
cov10_n5_g0_s42_hotspots_p80_chr1	5	10	1281	633	1057	0	0.15486606358187105	-0.09500448147843374	0.0	0.0468403585255146	54.656524658203125	0.04994496139015716
cov10_n5_g0_s42_hotspots_p80_chr1	5	10	1282	673	1288	0	0.29010007283142486	0.16090094874037394	0.1111111111111111	0.09747427701950073	44.2879638671875	0.04790482612646882
cov10_n5_g0_s42_hotspots_p80_chr1	5	10	1283	872	1416	0	0.3981525164648807	0.3203495135935851	0.0	0.15226659178733826	34.18689727783203	0.045872695734276
cov10_n5_g0_s42_hotspots_p80_chr1	5	10	1284	608	2006	0	0.39582834576904086	0.3276537147760028	0.1111111111111111	0.21981990337371826	16.212491989135742	0.04660376478203672
cov10_n5_g0_s42_hotspots_p80_chr1	5	10	1285	537	1528	0	0.39489428093703066	0.3157718179516469	0.1111111111111111	0.1590304672718048	30.829822540283203	0.04593799359434441
cov10_n5_g0_s42_hotspots_p80_chr1	5	10	1286	627	1548	0	0.3871344604306012	0.3202309839156997	0.25	0.22660763561725616	14.593001365661621	0.04715439259771442
cov10_n5_g0_s42_hotspots_p80_chr1	5	10	1287	909	1888	0	0.28115913114659247	0.20178951519356939	0.1111111111111111	0.1702728122472763	13.632757186889648	0.050651209161134574
cov10_n5_g0_s42_hotspots_p80_chr1	5	10	1288	787	1791	0	0.40225063842715386	0.3497924799630452	0.25	0.3044663369655609	8.727401733398438	0.049091127930312284
cov10_n5_g0_s42_hotspots_p80_chr1	5	10	1289	110	167	1	0.3162279336182813	0.2318695106683541	0.25	0.16666646301746368	18.00006103515625	0.048591251580795095
cov10_n5_g0_s42_hotspots_p80_chr1	5	10	1290	85	1204	1	0.3108313571005127	0.23543659691408636	0.1111111111111111	0.1882457584142685	13.632304191589355	0.049756514789840174
cov10_n5_g0_s42_hotspots_p80_chr1	5	10	1291	36	928	1	0.11952285690803695	0.01698822900845322	0.0	0.0714285597205162	14.000003814697266	0.055097314376956884
cov10_n5_g0_s42_hotspots_p80_chr1	5	10	1292	605	2145	0	0.48344733621624786	0.4446128780991526	0.25	0.4295167624950409	6.334438323974609	0.04822609477787458
cov10_n5_g0_s42_hotspots_p80_chr1	5	10	1293	746	1808	0	0.5542502298824667	0.5188445184626737	0.25	0.46152886748313904	7.210808753967285	0.043884669751920964
cov10_n5_g0_s42_hotspots_p80_chr1	5	10	1294	276	637	0	0.33111469993059106	0.24416345926186062	0.1111111111111111	0.16155630350112915	21.00288963317871	0.047826505548550086
cov10_n5_g0_s42_hotspots_p80_chr1	5	10	1295	257	805	0	0.30988188197017447	0.2120407422161648	0.25	0.13881541788578033	24.916492462158203	0.04803747126809866
cov10_n5_g0_s42_hotspots_p80_chr1	5	10	1296	888	2638	0	0.5154823511978329	0.4812627812679136	0.25	0.4876418113708496	5.587219715118408	0.0479483013404426
cov10_n5_g0_s42_hotspots_p80_chr1	5	10	1297	427	1744	0	0.1463632667434105	0.11310595682651996	0.25	0.23990722000598907	1.8610050678253174	0.08953918064068117
cov10_n5_g0_s42_hotspots_p80_chr1	5	10	1298	929	2131	0	0.0704842414760471	0.02321123989500183	0.1111111111111111	0.09095043689012527	3.002924680709839	0.07878994747997266
cov10_n5_g0_s42_hotspots_p80_chr1	5	10	1299	986	2236	0	0.4356955516617527	0.39777454419648484	0.42857142857142855	0.43244773149490356	5.075386047363281	0.05292096236527734
cov10_n5_g0_s42_hotspots_p80_chr1	5	10	1300	767	2274	0	0.5993159876847236	0.5655053545066464	0.42857142857142855	0.4554116427898407	8.659114837646484	0.04082287992839198
cov10_n5_g0_s42_hotspots_p80_chr1	5	10	1301	884	2431	0	0.7474159056220206	0.7280908178704606	0.42857142857142855	0.6287888884544373	7.064557075500488	0.03354775199493143
cov10_n5_g0_s42_hotspots_p80_chr1	5	10	1302	731	1692	0	0.48836771562546966	0.4496814667656659	0.42857142857142855	0.4312344789505005	6.4126434326171875	0.0478863448949115
cov10_n5_g0_s42_hotspots_p80_chr1	5	10	1303	813	2161	0	0.7951768003892493	0.7824497394166875	0.6666666666666666	0.8438023328781128	4.440337181091309	0.033107246779038445
cov10_n5_g0_s42_hotspots_p80_chr1	5	10	1304	694	1196	0	0.6880281967581992	0.6652654431663227	0.42857142857142855	0.6264122724533081	6.032009124755859	0.03795018923263677
cov10_n5_g0_s42_hotspots_p80_chr1	5	10	1305	805	1916	0	0.7475395583272488	0.7277065324629044	0.6666666666666666	0.5854598879814148	8.151622772216797	0.03325864776400589
cov10_n5_g0_s42_hotspots_p80_chr1	5	10	1306	1028	2114	0	0.24423154109287964	0.1551407681362945	0.1111111111111111	0.13995660841464996	15.226030349731445	0.05119745617191309
cov10_n5_g0_s42_hotspots_p80_chr1	5	10	1307	496	826	0	0.3041345487832363	0.23995547892819996	0.1111111111111111	0.22111299633979797	9.459604263305664	0.05211375365049718
cov10_n5_g0_s42_hotspots_p80_chr1	5	10	1308	301	673	0	0.49271503240836884	0.4386557787504582	0.0	0.25261572003364563	19.021331787109375	0.04352101070130041
cov10_n5_g0_s42_hotspots_p80_chr1	5	10	1309	724	1804	0	0.5118253438857086	0.4612931483691461	0.25	0.2573493719100952	19.77731704711914	0.04295684265351719
cov10_n5_g0_s42_hotspots_p80_chr1	5	10	1310	832	2097	0	0.3404852364775245	0.28247486790605975	0.1111111111111111	0.25895029306411743	8.644376754760742	0.05149053488964854
cov10_n5_g0_s42_hotspots_p80_chr1	5	10	1311	852	2240	0	0.4389331147692868	0.38232994654426394	0.25	0.2770535349845886	12.549875259399414	0.045942989472978896
cov10_n5_g0_s42_hotspots_p80_chr1	5	10	1312	823	1695	0	0.2964416634924247	0.21954963991792897	0.25	0.18060782551765442	13.47024154663086	0.05024870579489196
cov10_n5_g0_s42_hotspots_p80_chr1	5	10	1313	1104	2108	0	0.5138620569130239	0.47081276504547365	0.25	0.3757858872413635	9.349366188049316	0.04424996708047576
cov10_n5_g0_s42_hotspots_p80_chr1	5	10	1314	186	514	1	0.4532219765032805	0.4059952102154554	0.25	0.34668678045272827	8.54510498046875	0.047216437490166546
cov10_n5_g0_s42_hotspots_p80_chr1	5	10	1315	387	746	0	0.42625949805362373	0.3643056855003768	0.1111111111111111	0.24572652578353882	15.045754432678223	0.045849388435279415
cov10_n5_g0_s42_hotspots_p80_chr1	5	10	1316	272	966	0	0.351797042906478	0.3095103752949983	0.42857142857142855	0.358990877866745	4.801617622375488	0.057518128136997394
cov10_n5_g0_s42_hotspots_p80_chr1	5	10	1317	84	346	1	0.24771853478917144	0.1215932440731322	0.0	0.0995323657989502	30.971223831176758	0.0490503681690994
cov10_n5_g0_s42_hotspots_p80_chr1	5	10	1318	423	868	0	0.6838765342567825	0.6585300400749395	0.42857142857142855	0.5442018508911133	7.895969390869141	0.036906328871311594
cov10_n5_g0_s42_hotspots_p80_chr1	5	10	1319	889	1605	0	0.8037428125812891	0.7895256525283418	0.42857142857142855	0.5809932351112366	9.568902015686035	0.030022474128798073
cov10_n5_g0_s42_hotspots_p80_chr1	5	10	1320	1161	1760	0	0.5258001163774204	0.4780348845584947	0.42857142857142855	0.29370468854904175	16.024690628051758	0.042561988834107375
cov10_n5_g0_s42_hotspots_p80_chr1	5	10	1321	875	1828	0	0.5458621554659562	0.5171002803183764	0.25	0.5720819234848022	4.552180290222168	0.048841857845761595
cov10_n5_g0_s42_hotspots_p80_chr1	5	10	1322	573	1288	0	0.3858130458017236	0.32342490226361675	0.25	0.2475568652153015	12.14433765411377	0.04786963373679532
cov10_n5_g0_s42_hotspots_p80_chr1	5	10	1323	831	1712	0	0.8029900006594904	0.7884104958718504	0.6666666666666666	0.7017737627029419	6.546299934387207	0.03001010463596562
cov10_n5_g0_s42_hotspots_p80_chr1	5	10	1324	1166	1813	0	0.5115461636583724	0.4780676406668411	0.1111111111111111	0.4982711374759674	5.269970417022705	0.04879112588383157
cov10_n5_g0_s42_hotspots_p80_chr1	5	10	1325	959	1623	0	0.588209935017126	0.5508874363464074	0.25	0.3110041320323944	17.885555267333984	0.04054463431534396
cov10_n5_g0_s42_hotspots_p80_chr1	5	10	1326	672	1397	0	0.4660854153611092	0.42841621013088665	0.25	0.4414958655834198	5.572469711303711	0.0503556466190951
cov10_n5_g0_s42_hotspots_p80_chr1	5	10	1327	413	1271	0	0.6192740818271116	0.5963808056374802	0.42857142857142855	0.6779903769493103	4.17146635055542	0.045897672173534104
cov10_n5_g0_s42_hotspots_p80_chr1	5	10	1328	337	1206	0	0.7607019772601735	0.7426059235679595	0.6666666666666666	0.6503142714500427	6.841518878936768	0.03279494291457765
cov10_n5_g0_s42_hotspots_p80_chr1	5	10	1329	896	1792	0	0.32745805866740485	0.2647875112566828	0.25	0.2347903996706009	9.725696563720703	0.051100910705936725
cov10_n5_g0_s42_hotspots_p80_chr1	5	10	1330	1203	2047	0	0.663986112462535	0.6375498638395415	0.42857142857142855	0.5495117902755737	7.300185680389404	0.038271740083814156
cov10_n5_g0_s42_hotspots_p80_chr1	5	10	1331	127	620	1	0.41373206631743287	0.36817983369251317	0.25	0.35612058639526367	6.748608589172363	0.050711249960881326
cov10_n5_g0_s42_hotspots_p80_chr1	5	10	1332	449	1239	0	0.3673421631570361	0.30992582482284764	0.25	0.26934686303138733	9.300100326538086	0.04997336333197223
cov10_n5_g0_s42_hotspots_p80_chr1	5	10	1333	1161	1987	0	0.39910697727182637	0.34135771591678776	0.25	0.2724786102771759	10.727133750915527	0.04798829216993723
cov10_n5_g0_s42_hotspots_p80_chr1	5	10	1334	395	1627	0	0.6043006540757313	0.5737249785257071	0.42857142857142855	0.517297625541687	6.823310852050781	0.04177878685825714
cov10_n5_g0_s42_hotspots_p80_chr1	5	10	1335	776	1965	0	0.29367786321738487	0.22340907746910585	0.25	0.1977308690547943	11.029692649841309	0.051426161623755386
cov10_n5_g0_s42_hotspots_p80_chr1	5	10	1336	582	2026	0	0.5659637186325884	0.5277267935905434	0.25	0.4078812599182129	9.626749038696289	0.04194113772766544
cov10_n5_g0_s42_hotspots_p80_chr1	5	10	1337	767	1506	0	0.39821023685688084	0.32882836450463826	0.1111111111111111	0.21359562873840332	17.378414154052734	0.046382162565869654
cov10_n5_g0_s42_hotspots_p80_chr1	5	10	1338	984	1665	0	0.24079898874156988	0.16407107702308452	0.1111111111111111	0.16103920340538025	11.179337501525879	0.053037140299223844
cov10_n5_g0_s42_hotspots_p80_chr1	5	10	1339	602	1938	0	0.5056772214643133	0.4627664851218564	0.25	0.3805276155471802	8.829667091369629	0.04486695513181705
cov10_n5_g0_s42_hotspots_p80_chr1	5	10	1340	327	803	0	0.3876283254431895	0.34993139061036316	0.25	0.41713789105415344	4.317593097686768	0.05752774929817701
cov10_n5_g0_s42_hotspots_p80_chr1	5	10	1342	1140	2002	0	0.5014119847575957	0.4502315358247705	0.25	0.28588932752609253	15.380254745483398	0.043396817281195446
cov10_n5_g0_s42_hotspots_p80_chr1	5	10	1343	123	423	1	0.4213675232653261	0.3681291401304822	0.25	0.30117613077163696	9.787032127380371	0.04765836306666988
cov10_n5_g0_s42_hotspots_p80_chr1	5	10	1344	140	374	1	0.28951416400047303	0.18016381486260202	0.1111111111111111	0.12069861590862274	28.767702102661133	0.04828065938931591
cov10_n5_g0_s42_hotspots_p80_chr1	5	10	1345	1460	2014	0	0.4490222928903533	0.3869350849082503	0.1111111111111111	0.22988136112689972	19.076480865478516	0.044786719851579546
cov10_n5_g0_s42_hotspots_p80_chr1	5	10	1346	1244	2080	0	0.5968319147594962	0.5602055478411946	0.42857142857142855	0.3885362446308136	11.798070907592773	0.0402096259479118
cov10_n5_g0_s42_hotspots_p80_chr1	5	10	1347	364	924	0	0.44828081185021634	0.3889640600184641	0.25	0.2539668083190918	15.578163146972656	0.045084044782198254
cov10_n5_g0_s42_hotspots_p80_chr1	5	10	1348	95	206	1	0.3100868342930341	0.18946618633571669	0.0	0.09615238010883331	52.001583099365234	0.047535411906140954
cov10_n5_g0_s42_hotspots_p80_chr1	5	10	1349	1401	2362	0	0.5829550800822402	0.5440402280502528	0.25	0.35541844367980957	13.451176643371582	0.04064719578631607
cov10_n5_g0_s42_hotspots_p80_chr1	5	10	1350	1592	2314	0	0.42815113751059497	0.3614435938172918	0.25	0.2134338915348053	20.120437622070312	0.045322062892572706
cov10_n5_g0_s42_hotspots_p80_chr1	5	10	1351	695	1425	0	0.38456700950658046	0.32549045040135466	0.25	0.2639416456222534	10.61446475982666	0.04855852054301738
cov10_n5_g0_s42_hotspots_p80_chr1	5	10	1352	1009	1778	0	0.4774362743998477	0.4326312672674647	0.42857142857142855	0.3669084906578064	8.466136932373047	0.046280967548108974
cov10_n5_g0_s42_hotspots_p80_chr1	5	10	1353	419	673	0	0.2910725546921008	0.1898673642704246	0.0	0.13223609328269958	24.225486755371094	0.04852633353209702
cov10_n5_g0_s42_hotspots_p80_chr1	5	10	1354	308	487	0	0.2568417466672876	0.09104565614781267	0.0	0.07722658663988113	55.30541229248047	0.048372355396220396
cov10_n5_g0_s42_hotspots_p80_chr1	5	10	1355	1394	1996	0	0.6506505029778529	0.6204795989104821	0.42857142857142855	0.40935957431793213	12.631519317626953	0.037984074895766315
cov10_n5_g0_s42_hotspots_p80_chr1	5	10	1356	750	2107	0	0.17419784777355374	0.08445627929126563	0.0	0.10983332246541977	12.577299118041992	0.05426497508646093
cov10_n5_g0_s42_hotspots_p80_chr1	5	10	1357	1057	2058	0	0.19602035503775433	0.13292303857607332	0.1111111111111111	0.16802431643009186	6.805000305175781	0.05913343391316923
cov10_n5_g0_s42_hotspots_p80_chr1	5	10	1358	895	1717	0	0.3503109744529219	0.2872976008318461	0.1111111111111111	0.23957447707653046	10.690460205078125	0.04971312126625294
cov10_n5_g0_s42_hotspots_p80_chr1	5	10	1359	1036	1996	0	0.17179515976164972	0.0835164097070308	0.0	0.11034274101257324	12.120048522949219	0.05458603640608085
cov10_n5_g0_s42_hotspots_p80_chr1	5	10	1360	1122	2122	0	0.4771397654531472	0.42837410001213355	0.25	0.3295278549194336	10.48279094696045	0.04521936860773349
cov10_n5_g0_s42_hotspots_p80_chr1	5	10	1361	1055	2039	0	0.40404880437273716	0.34265565204712733	0.1111111111111111	0.2526981234550476	12.783023834228516	0.047057079425145316
cov10_n5_g0_s42_hotspots_p80_chr1	5	10	1362	945	1927	0	0.47809423910913895	0.4344142907856971	0.25	0.37794190645217896	8.001049041748047	0.04661100356649203
cov10_n5_g0_s42_hotspots_p80_chr1	5	10	1363	1136	1837	0	0.4075411804662824	0.3572454288895544	0.25	0.3196783661842346	8.126179695129395	0.04939479823346184
cov10_n5_g0_s42_hotspots_p80_chr1	5	10	1364	974	1376	0	0.32490294180868806	0.23531513254166855	0.0	0.15542858839035034	21.848190307617188	0.04790602044464822
cov10_n5_g0_s42_hotspots_p80_chr1	5	10	1365	299	635	0	0.14323114516498475	0.08878039614894763	0.1111111111111111	0.14979298412799835	4.571533203125	0.0669727371865389
cov10_n5_g0_s42_hotspots_p80_chr1	5	10	1366	1101	1782	0	0.3025670425373151	0.24377017326721295	0.1111111111111111	0.24100778996944427	7.88045072555542	0.05367648070757133
cov10_n5_g0_s42_hotspots_p80_chr1	5	10	1367	1186	2085	0	0.5316821583002018	0.4911804929774176	0.25	0.39928141236305237	8.865760803222656	0.04374370235568591
cov10_n5_g0_s42_hotspots_p80_chr1	5	10	1368	783	1722	0	0.39231836813388166	0.345974330614931	0.25	0.34435611963272095	6.489805221557617	0.052003049239493976
cov10_n5_g0_s42_hotspots_p80_chr1	5	10	1369	1513	2453	0	0.476912542430662	0.42834680935953456	0.25	0.3314428925514221	10.35213565826416	0.04527985992128874
cov10_n5_g0_s42_hotspots_p80_chr1	5	10	1370	1148	2506	0	0.05618200769624425	-0.010856744093640543	0.1111111111111111	0.05294802412390709	5.629437446594238	0.06675125751535611
cov10_n5_g0_s42_hotspots_p80_chr1	5	10	1371	1156	2148	0	0.48656185031768934	0.4357082208868542	0.25	0.30514705181121826	12.712408065795898	0.04424427814455054
cov10_n5_g0_s42_hotspots_p80_chr1	5	10	1372	981	2741	0	0.7805855900409473	0.7637566980700023	0.6666666666666666	0.59305739402771	8.661988258361816	0.03126978815004616
cov10_n5_g0_s42_hotspots_p80_chr1	5	10	1373	738	2029	0	0.7119015818282163	0.6897402444779644	0.42857142857142855	0.6017084121704102	6.999028205871582	0.03574101518297116
cov10_n5_g0_s42_hotspots_p80_chr1	5	10	1374	716	1607	0	0.731020319716234	0.7104684717955553	0.6666666666666666	0.6208439469337463	6.9320878982543945	0.03462642093282985
cov10_n5_g0_s42_hotspots_p80_chr1	5	10	1375	374	933	0	0.4870805263647404	0.43639497107852593	0.25	0.3065231144428253	12.625399589538574	0.04424310397649884
cov10_n5_g0_s42_hotspots_p80_chr1	5	10	1376	1037	2810	0	0.652871434817077	0.623487334377642	0.42857142857142855	0.4732256531715393	9.516754150390625	0.038043986276448664
cov10_n5_g0_s42_hotspots_p80_chr1	5	10	1377	814	1949	0	0.4614742657813034	0.40760801760347887	0.25	0.2906600534915924	12.603590965270996	0.04514953656851046
cov10_n5_g0_s42_hotspots_p80_chr1	5	10	1378	1037	2090	0	0.5585454196121822	0.5227108704850394	0.25	0.4527367949485779	7.610189437866211	0.043345714984683995
cov10_n5_g0_s42_hotspots_p80_chr1	5	10	1379	890	1876	0	0.40353373273260656	0.3337291949185104	0.1111111111111111	0.20981279015541077	18.4954891204834	0.04611698801918651
cov10_n5_g0_s42_hotspots_p80_chr1	5	10	1380	959	1943	0	0.39435337189542335	0.32496698797434187	0.25	0.21447506546974182	16.90392303466797	0.04655209996945786
cov10_n5_g0_s42_hotspots_p80_chr1	5	10	1381	683	1272	0	0.49663567311615625	0.4569126127087203	0.42857142857142855	0.41874152421951294	7.033212184906006	0.046728729692726415
cov10_n5_g0_s42_hotspots_p80_chr1	5	10	1382	896	1496	0	0.44347270078866374	0.38415731658203517	0.25	0.25653207302093506	14.942402839660645	0.045319809102112515
cov10_n5_g0_s42_hotspots_p80_chr1	5	10	1383	1035	1287	0	0.4044355025019211	0.3310871358765438	0.1111111111111111	0.1901167333126068	22.62704849243164	0.04584596540615801
cov10_n5_g0_s42_hotspots_p80_chr1	5	10	1384	1019	1721	0	0.2206277415700689	0.13222123020621013	0.0	0.13224242627620697	13.917098999023438	0.05231599713595799
cov10_n5_g0_s42_hotspots_p80_chr1	5	10	1385	557	1039	0	0.49039492731594075	0.43710559214614364	0.25	0.27338364720344543	16.08854866027832	0.043703911340377946
cov10_n5_g0_s42_hotspots_p80_chr1	5	10	1386	1049	1572	0	0.03341607008321753	-0.07019979910884211	0.0	0.02171955816447735	11.835288047790527	0.058715975494686864
cov10_n5_g0_s42_hotspots_p80_chr1	5	10	1387	1000	1767	0	0.582176544801616	0.5430482826669385	0.42857142857142855	0.3469542860984802	14.077802658081055	0.04065896207030463
cov10_n5_g0_s42_hotspots_p80_chr1	5	10	1388	776	1549	0	0.25343917732150806	0.16231480355943542	0.1111111111111111	0.13972418010234833	16.450319290161133	0.0506087219283622
cov10_n5_g0_s42_hotspots_p80_chr1	5	10	1389	926	1658	0	0.3806862164576721	0.30887676947116954	0.25	0.20624405145645142	17.034975051879883	0.046931485094512955
cov10_n5_g0_s42_hotspots_p80_chr1	5	10	1390	1057	1864	0	0.5267991792702219	0.4885920541893387	0.25	0.4316163957118988	7.448421478271484	0.04494580929921894
cov10_n5_g0_s42_hotspots_p80_chr1	5	10	1391	1051	1911	0	0.5663986631263298	0.5284063583114071	0.42857142857142855	0.4116990566253662	9.463565826416016	0.04198047219651408
cov10_n5_g0_s42_hotspots_p80_chr1	5	10	1392	591	1379	0	0.15534529015618817	0.05999939085217863	0.0	0.09486901760101318	13.406561851501465	0.05438781283501992
cov10_n5_g0_s42_hotspots_p80_chr1	5	10	1393	904	2187	0	0.23906071608545937	0.14743289590911446	0.1111111111111111	0.1343500167131424	15.831094741821289	0.051164785160836154
cov10_n5_g0_s42_hotspots_p80_chr1	5	10	1394	1304	2431	0	0.47953819967269523	0.4231229196657665	0.25	0.24693463742733002	18.856122970581055	0.04391174620142802
cov10_n5_g0_s42_hotspots_p80_chr1	5	10	1395	921	1805	0	0.40012204596158935	0.3552223943731183	0.25	0.35778823494911194	6.253207206726074	0.05205797777141607
cov10_n5_g0_s42_hotspots_p80_chr1	5	10	1396	619	1455	0	0.23228625449922882	0.15044839382030664	0.1111111111111111	0.1475924551486969	12.384794235229492	0.05264351867866944
cov10_n5_g0_s42_hotspots_p80_chr1	5	10	1397	850	1535	0	0.3615308495963994	0.3115873049136217	0.25	0.3096235990524292	6.816989898681641	0.05277817501533907
cov10_n5_g0_s42_hotspots_p80_chr1	5	10	1398	937	1808	0	0.30595873419218533	0.2116405335139127	0.1111111111111111	0.14502011239528656	22.255596160888672	0.04833793437843946
cov10_n5_g0_s42_hotspots_p80_chr1	5	10	1399	999	1788	0	0.2923606716187291	0.22026785965836929	0.25	0.1920759677886963	11.584088325500488	0.051173104047712775
cov10_n5_g0_s42_hotspots_p80_chr1	5	10	1400	822	2092	0	0.3828054068920939	0.31839236754587014	0.1111111111111111	0.23790770769119263	12.945210456848145	0.04770817150110016
cov10_n5_g0_s42_hotspots_p80_chr1	5	10	1401	1019	2456	0	0.38136396491505326	0.3152282947306056	0.0	0.23013897240161896	13.729950904846191	0.0475365495411368
cov10_n5_g0_s42_hotspots_p80_chr1	5	10	1402	979	1912	0	0.40536085582168496	0.35586147108675664	0.25	0.324814110994339	7.787245750427246	0.04981082594022056
cov10_n5_g0_s42_hotspots_p80_chr1	5	10	1403	656	1440	0	0.4084981925018938	0.3471319388510635	0.1111111111111111	0.2525407373905182	13.082399368286133	0.04682711345149741
cov10_n5_g0_s42_hotspots_p80_chr1	5	10	1404	458	1190	0	0.4466865026939512	0.38323207281920235	0.25	0.21885335445404053	20.829038619995117	0.044786794457502124
cov10_n5_g0_s42_hotspots_p80_chr1	5	10	1405	377	764	0	0.5167185073252378	0.47911105865753967	0.25	0.44185584783554077	6.8378071784973145	0.04603034036592175
cov10_n5_g0_s42_hotspots_p80_chr1	5	10	1406	786	1211	0	0.09224078530349877	0.03170489917552769	0.1111111111111111	0.09221421182155609	5.0028815269470215	0.06736088469454897
cov10_n5_g0_s42_hotspots_p80_chr1	5	10	1407	704	1207	0	0.29022548732946707	0.19729845722023281	0.0	0.14555856585502625	19.87767219543457	0.04900054495061614
cov10_n5_g0_s42_hotspots_p80_chr1	5	10	1408	746	1811	0	0.40665014245026626	0.34088254742098195	0.1111111111111111	0.22951075434684753	15.696610450744629	0.04635511404793261
cov10_n5_g0_s42_hotspots_p80_chr1	5	10	1409	441	1142	0	0.1539568947807696	0.0790113975511697	0.0	0.11784880608320236	8.533318519592285	0.0580999346974512
cov10_n5_g0_s42_hotspots_p80_chr1	5	10	1410	682	1449	0	0.5303903097010851	0.49229664903883735	0.1111111111111111	0.43199482560157776	7.53709602355957	0.04470446846537476
cov10_n5_g0_s42_hotspots_p80_chr1	5	10	1411	884	2075	0	0.4610973034949698	0.4039617517428731	0.25	0.2634119987487793	15.320892333984375	0.04470815774462184
cov10_n5_g0_s42_hotspots_p80_chr1	5	10	1412	1187	2432	0	0.45627945005051673	0.40484317536592984	0.1111111111111111	0.3117564618587494	10.710281372070312	0.045916451580772503
cov10_n5_g0_s42_hotspots_p80_chr1	5	10	1413	64	126	1	0.24466068121276058	0.08944271909999173	0.1111111111111111	0.08164063096046448	44.9040641784668	0.04868437205028941
cov10_n5_g0_s42_hotspots_p80_chr1	5	10	1414	42	68	1	0.26193195013705595	0.11112451454556187	0.1111111111111111	0.08432268351316452	48.24564743041992	0.04834746439430374
cov10_n5_g0_s42_hotspots_p80_chr1	5	10	1415	705	1934	0	0.4490337450054545	0.387481332201259	0.25	0.23492324352264404	18.267366409301758	0.04482927645601074
cov10_n5_g0_s42_hotspots_p80_chr1	5	10	1416	964	2163	0	0.3846511917060565	0.32483341123851234	0.1111111111111111	0.26016169786453247	10.929931640625	0.0484028914659492
cov10_n5_g0_s42_hotspots_p80_chr1	5	10	1417	876	2032	0	0.5379543837870799	0.49327578481069756	0.25	0.33173713088035583	13.148396492004395	0.042332028013242436
cov10_n5_g0_s42_hotspots_p80_chr1	5	10	1418	872	1791	0	0.6509603787005225	0.621897034870988	0.42857142857142855	0.49151596426963806	8.770085334777832	0.03831083376845564
cov10_n5_g0_s42_hotspots_p80_chr1	5	10	1419	637	1721	0	0.5556942672934723	0.5144736211551677	0.25	0.3671814501285553	11.45197582244873	0.04189996944907364
cov10_n5_g0_s42_hotspots_p80_chr1	5	10	1420	1130	2407	0	0.326564629497582	0.2592679820699973	0.25	0.2173236608505249	11.290007591247559	0.05020513254401598
cov10_n5_g0_s42_hotspots_p80_chr1	5	10	1421	1119	2051	0	0.4556471998818461	0.39787737405408413	0.1111111111111111	0.2617475390434265	15.151728630065918	0.04490267904850919
cov10_n5_g0_s42_hotspots_p80_chr1	5	10	1422	888	1841	0	0.19657927097447842	0.10333417504718344	0.0	0.11595449596643448	14.370445251464844	0.05282109681472843
cov10_n5_g0_s42_hotspots_p80_chr1	5	10	1423	1167	2102	0	0.4902918121702512	0.4519818927753331	0.42857142857142855	0.4356261193752289	6.333611011505127	0.047911030607567684
cov10_n5_g0_s42_hotspots_p80_chr1	5	10	1424	836	1906	0	0.18356721051404246	0.13109056812012507	0.1111111111111111	0.18995153903961182	4.6695451736450195	0.06501663354317198
cov10_n5_g0_s42_hotspots_p80_chr1	5	10	1425	1216	2247	0	0.5446922262026735	0.5016938912127394	0.25	0.35127487778663635	12.022041320800781	0.042230113206004054
cov10_n5_g0_s42_hotspots_p80_chr1	5	10	1426	64	76	1	0.3524848875041382	0.3064913282578047	0.1111111111111111	0.3318965435028076	5.639564514160156	0.05529014930537892
cov10_n5_g0_s42_hotspots_p80_chr1	5	10	1427	510	1471	0	0.24655089067064107	0.1545075182563582	0.1111111111111111	0.136186882853508	16.387496948242188	0.05081183169806864
cov10_n5_g0_s42_hotspots_p80_chr1	5	10	1428	742	1535	0	0.20815098024643902	0.1349061244573474	0.1111111111111111	0.15236566960811615	9.331525802612305	0.05547717356693293
cov10_n5_g0_s42_hotspots_p80_chr1	5	10	1429	812	1853	0	0.3681403530531711	0.30038977511295417	0.1111111111111111	0.22283072769641876	13.647296905517578	0.04797685445286451
cov10_n5_g0_s42_hotspots_p80_chr1	5	10	1430	421	1989	0	0.5618798962254182	0.524807895238768	0.42857142857142855	0.43094590306282043	8.49985408782959	0.042613189781872084
cov10_n5_g0_s42_hotspots_p80_chr1	5	10	1431	731	1464	0	0.3581293232956419	0.2710276261425532	0.25	0.1570247858762741	26.008380889892578	0.04685605984156549
cov10_n5_g0_s42_hotspots_p80_chr1	5	10	1432	738	2285	0	0.7426734639810467	0.7237483627178665	0.42857142857142855	0.666311502456665	6.2117085456848145	0.034362347277119225
cov10_n5_g0_s42_hotspots_p80_chr1	5	10	1433	787	1998	0	0.36812319876975125	0.3126493756169909	0.1111111111111111	0.27970391511917114	8.660825729370117	0.050445623876432644
cov10_n5_g0_s42_hotspots_p80_chr1	5	10	1434	245	1315	0	0.38561352761567397	0.34328483573702295	0.1111111111111111	0.3738156259059906	5.320587158203125	0.05459200112620757
cov10_n5_g0_s42_hotspots_p80_chr1	5	10	1435	625	2022	0	0.5968257646639042	0.5677331012049737	0.42857142857142855	0.5518383383750916	5.848458290100098	0.043337323596215824
cov10_n5_g0_s42_hotspots_p80_chr1	5	10	1436	1005	2221	0	0.4465228366437314	0.3976962138807164	0.25	0.3336212635040283	8.956740379333496	0.04719630061673593
cov10_n5_g0_s42_hotspots_p80_chr1	5	10	1437	879	1655	0	0.22588154547861464	0.1019191435726874	0.1111111111111111	0.09690389782190323	27.167457580566406	0.04975529892867866
cov10_n5_g0_s42_hotspots_p80_chr1	5	10	1438	541	1512	0	0.41596363807045394	0.35958158443146876	0.1111111111111111	0.28099632263183594	10.95669174194336	0.04728502515294341
cov10_n5_g0_s42_hotspots_p80_chr1	5	10	1440	4	15	1	0.31622777142784575	0.28941438070815284	0.1111111111111111	0.5	2.0	0.07905694150420949
cov10_n5_g0_s42_hotspots_p80_chr1	5	10	1441	553	1518	0	0.4213420235935945	0.3702306534824167	0.1111111111111111	0.31573057174682617	8.904433250427246	0.04821972911211781
cov10_n5_g0_s42_hotspots_p80_chr1	5	10	1442	651	1532	0	0.4028734585164177	0.34712946177437365	0.25	0.2843106985092163	10.039704322814941	0.04820272970375612
cov10_n5_g0_s42_hotspots_p80_chr1	5	10	1443	710	1512	0	0.18316544627906603	0.12201576145992706	0.1111111111111111	0.16422104835510254	6.220130443572998	0.06073301402833992
cov10_n5_g0_s42_hotspots_p80_chr1	5	10	1444	670	1604	0	0.16375832391170492	0.06895865234153611	0.1111111111111111	0.09945625811815262	13.555404663085938	0.054081976185763096
cov10_n5_g0_s42_hotspots_p80_chr1	5	10	1445	1057	2381	0	0.5428982324741752	0.4978662312811097	0.25	0.28297168016433716	18.40436553955078	0.042003906545847666
cov10_n5_g0_s42_hotspots_p80_chr1	5	10	1446	800	2339	0	0.353128106944314	0.2819488683635948	0.25	0.20867033302783966	14.319016456604004	0.048266068141713275
cov10_n5_g0_s42_hotspots_p80_chr1	5	10	1447	535	2071	0	0.23017515537958852	0.15744404396782555	0.1111111111111111	0.16472093760967255	9.763134956359863	0.05437574715743243
cov10_n5_g0_s42_hotspots_p80_chr1	5	10	1448	717	1961	0	0.4782453091628752	0.4348434171889074	0.25	0.3807172179222107	7.889808177947998	0.04669835518543622
cov10_n5_g0_s42_hotspots_p80_chr1	5	10	1449	832	1668	0	0.575460517951621	0.5412423197843661	0.25	0.46933573484420776	7.5168137550354	0.04261759907781619
cov10_n5_g0_s42_hotspots_p80_chr1	5	10	1450	690	1856	0	0.2635864962622247	0.21273694921186878	0.1111111111111111	0.255016028881073	5.341723442077637	0.059707526531847535
cov10_n5_g0_s42_hotspots_p80_chr1	5	10	1451	309	994	0	0.10794604234720256	0.026641393612920995	0.1111111111111111	0.08066560328006744	8.95378589630127	0.0590993194497178
cov10_n5_g0_s42_hotspots_p80_chr1	5	10	1452	944	2137	0	0.2744202927422348	0.2034435026680288	0.25	0.1886245161294937	10.582938194274902	0.05232613146176647
cov10_n5_g0_s42_hotspots_p80_chr1	5	10	1453	860	1974	0	0.6780293155789292	0.6515327288644083	0.6666666666666666	0.41812634468078613	13.1477632522583	0.03687953857227886
cov10_n5_g0_s42_hotspots_p80_chr1	5	10	1454	1066	2394	0	0.5496227485462765	0.521769991717832	0.25	0.5882360339164734	4.365119457244873	0.04921818689977134
cov10_n5_g0_s42_hotspots_p80_chr1	5	10	1455	950	2757	0	0.5305850701193755	0.4859509708858727	0.1111111111111111	0.3431244492530823	11.955744743347168	0.04277733274423022
cov10_n5_g0_s42_hotspots_p80_chr1	5	10	1456	376	830	0	0.43020259822381585	0.3649278773095556	0.0	0.22216004133224487	18.7492618560791	0.04534195254357681
cov10_n5_g0_s42_hotspots_p80_chr1	5	10	1457	531	1345	0	0.30040934480866044	0.23344423177652127	0.1111111111111111	0.21028998494148254	10.20374584197998	0.05170677219017045
cov10_n5_g0_s42_hotspots_p80_chr1	5	10	1458	1076	2139	0	0.5033097682685321	0.4610353782680698	0.25	0.3884294629096985	8.394916534423828	0.0452421149667187
cov10_n5_g0_s42_hotspots_p80_chr1	5	10	1459	1161	2556	0	0.5682003366744021	0.5271965452362727	0.42857142857142855	0.3409695625305176	13.884872436523438	0.04117538969342198
cov10_n5_g0_s42_hotspots_p80_chr1	5	10	1460	1137	1953	0	0.2718838409259256	0.17905664775178445	0.1111111111111111	0.14200417697429657	18.32882308959961	0.049718860229524056
cov10_n5_g0_s42_hotspots_p80_chr1	5	10	1461	765	1341	0	0.5244801650313696	0.4804138989865852	0.25	0.3568391799926758	10.80147647857666	0.04327878635539833
cov10_n5_g0_s42_hotspots_p80_chr1	5	10	1462	994	2542	0	0.5559098293311064	0.513973783168597	0.25	0.35244596004486084	12.43923282623291	0.04174512171998411
cov10_n5_g0_s42_hotspots_p80_chr1	5	10	1463	894	1715	0	0.6161849085048238	0.5839074476911678	0.25	0.32334229350090027	18.157962799072266	0.03964456830809401
cov10_n5_g0_s42_hotspots_p80_chr1	5	10	1464	908	2031	0	0.4607750550921601	0.40588504129425873	0.1111111111111111	0.2825573682785034	13.296419143676758	0.04502572465212155
cov10_n5_g0_s42_hotspots_p80_chr1	5	10	1465	1432	2133	0	0.44287360261960457	0.3856280921499876	0.25	0.2715137004852295	13.302891731262207	0.0456297792773253
cov10_n5_g0_s42_hotspots_p80_chr1	5	10	1466	1206	2236	0	0.5935568873290328	0.5671147397244679	0.42857142857142855	0.6071056723594666	4.779321193695068	0.04560598975169758
cov10_n5_g0_s42_hotspots_p80_chr1	5	10	1467	810	1944	0	0.6024729764623616	0.5795848889993472	0.42857142857142855	0.6835870146751404	3.883805751800537	0.047964124143892437
cov10_n5_g0_s42_hotspots_p80_chr1	5	10	1468	521	1766	0	0.6054856729020305	0.5719095062966795	0.42857142857142855	0.45227760076522827	8.96122932434082	0.040416702723065814
cov10_n5_g0_s42_hotspots_p80_chr1	5	10	1469	727	2114	0	0.49880348078469694	0.45269851570791253	0.25	0.34795331954956055	10.275121688842773	0.04446081374719041
cov10_n5_g0_s42_hotspots_p80_chr1	5	10	1470	335	1197	0	0.20839556859575836	0.15283336878891216	0.1111111111111111	0.19854533672332764	5.508427143096924	0.06145342873074671
cov10_n5_g0_s42_hotspots_p80_chr1	5	10	1471	31	105	1	0.5858486774857419	0.5516814661599847	0.25	0.46233969926834106	8.028205871582031	0.04177692751765394
cov10_n5_g0_s42_hotspots_p80_chr1	5	10	1473	615	1832	0	0.6169218556877892	0.5840289582366746	0.42857142857142855	0.4498598575592041	9.403203010559082	0.03974965352086827
cov10_n5_g0_s42_hotspots_p80_chr1	5	10	1474	730	1810	0	0.5325126714689172	0.49337990228077666	0.42857142857142855	0.4172143340110779	8.145380020141602	0.0441422749072652
cov10_n5_g0_s42_hotspots_p80_chr1	5	10	1475	569	1593	0	0.4755650916613431	0.4253388248401467	0.1111111111111111	0.31667765974998474	11.275999069213867	0.045001787806668594
cov10_n5_g0_s42_hotspots_p80_chr1	5	10	1476	839	1863	0	0.4019223634650563	0.3447475959403042	0.25	0.27591240406036377	10.609914779663086	0.04794352158729185
cov10_n5_g0_s42_hotspots_p80_chr1	5	10	1477	366	1297	0	0.5875288378007616	0.5731547174721814	0.25	0.9279975891113281	2.0041706562042236	0.064007856629181
cov10_n5_g0_s42_hotspots_p80_chr1	5	10	1478	2	9	1	0.31622777142784575	0.2894143807081521	0.1111111111111111	0.5	2.0	0.07905694150420949
cov10_n5_g0_s42_hotspots_p80_chr1	5	10	1479	68	411	1	0.37596632383792766	0.3369725945673125	0.1111111111111111	0.39915817975997925	4.435860633850098	0.05763811073597841
cov10_n5_g0_s42_hotspots_p80_chr1	5	10	1480	815	2266	0	0.5633091180193209	0.5268148550314692	0.42857142857142855	0.4392988681793213	8.221353530883789	0.042707567655753176
cov10_n5_g0_s42_hotspots_p80_chr1	5	10	1481	690	1384	0	0.4609154349758254	0.4145008159481313	0.25	0.3534437417984009	8.502994537353516	0.046934546152458914
cov10_n5_g0_s42_hotspots_p80_chr1	5	10	1482	950	1571	0	0.6275972221128846	0.5985559422234568	0.42857142857142855	0.5295888185501099	7.021896839141846	0.04040051719704004
cov10_n5_g0_s42_hotspots_p80_chr1	5	10	1483	1489	2461	0	0.428349752455714	0.36212976483855136	0.1111111111111111	0.21686458587646484	19.506969451904297	0.04534835995572572
cov10_n5_g0_s42_hotspots_p80_chr1	5	10	1484	851	1286	0	0.5305571407416939	0.48466193278745456	0.25	0.32267624139785767	13.517626762390137	0.0425598105405077
cov10_n5_g0_s42_hotspots_p80_chr1	5	10	1485	489	1362	0	0.3831384820600582	0.3174981967749438	0.1111111111111111	0.23235629498958588	13.594796180725098	0.04751513508367903
cov10_n5_g0_s42_hotspots_p80_chr1	5	10	1486	916	1542	0	0.6032639509008016	0.5716995952902801	0.25	0.4979625344276428	7.338232040405273	0.041395590599133114
cov10_n5_g0_s42_hotspots_p80_chr1	5	10	1487	166	616	1	0.07119473411225112	0.03314715305228652	0.25	0.11264035850763321	1.9974581003189087	0.09052486822638502
cov10_n5_g0_s42_hotspots_p80_chr1	5	10	1488	465	829	0	0.3089826493274688	0.23039830834043298	0.1111111111111111	0.179415762424469	14.829174041748047	0.04945557773789812
cov10_n5_g0_s42_hotspots_p80_chr1	5	10	1489	153	406	1	0.4776517119347088	0.43770093731029097	0.25	0.4169135093688965	6.562973976135254	0.04816696465467842
cov10_n5_g0_s42_hotspots_p80_chr1	5	10	1490	421	990	0	0.6077850427989422	0.5723515087789998	0.25	0.35108134150505066	14.984922409057617	0.03973367627128326
cov10_n5_g0_s42_hotspots_p80_chr1	5	10	1491	562	1194	0	0.4527617759489106	0.41303325417074255	0.25	0.41701334714889526	5.8939924240112305	0.05035610002834548
cov10_n5_g0_s42_hotspots_p80_chr1	5	10	1492	490	2133	0	0.5593041719768725	0.5330239297259928	0.42857142857142855	0.6174643039703369	4.102441310882568	0.049594803302560796
cov10_n5_g0_s42_hotspots_p80_chr1	5	10	1493	359	1091	0	0.5152832991019435	0.4894339940517376	0.25	0.6242363452911377	3.406935691833496	0.05520692392891544
cov10_n5_g0_s42_hotspots_p80_chr1	5	10	1494	591	1669	0	0.2286975237386215	0.17909208709671856	0.25	0.23651015758514404	4.675126552581787	0.06317573708473935
cov10_n5_g0_s42_hotspots_p80_chr1	5	10	1495	680	1469	0	0.12167780199686333	0.03357744653057423	0.1111111111111111	0.08318763226270676	10.6973237991333	0.05703138140424864
cov10_n5_g0_s42_hotspots_p80_chr1	5	10	1496	874	1819	0	0.2778693383587428	0.2091646827439582	0.1111111111111111	0.19636091589927673	10.012467384338379	0.05259884876662021
cov10_n5_g0_s42_hotspots_p80_chr1	5	10	1497	824	1843	0	0.09713984965969276	0.005668196366383946	0.0	0.06596515327692032	10.842658996582031	0.05764571081688002
cov10_n5_g0_s42_hotspots_p80_chr1	5	10	1498	817	1853	0	0.25910723591034773	0.17483767557659916	0.1111111111111111	0.15321654081344604	14.299395561218262	0.051069365727044645
cov10_n5_g0_s42_hotspots_p80_chr1	5	10	1499	1054	1887	0	0.47985487489698075	0.43140303822124393	0.25	0.3315980136394501	10.470466613769531	0.045120328656619385
cov10_n5_g0_s42_hotspots_p80_chr1	5	10	1500	782	1421	0	0.5300656191985084	0.4877918604174872	0.25	0.37660646438598633	9.904983520507812	0.04334695640197172
cov10_n5_g0_s42_hotspots_p80_chr1	5	10	1501	563	1337	0	0.19043373561508653	0.13045354170623435	0.1111111111111111	0.17240996658802032	6.100045680999756	0.0607216217702134
cov10_n5_g0_s42_hotspots_p80_chr1	5	10	1502	1053	2246	0	0.4128619774720629	0.35055701950891976	0.1111111111111111	0.24685144424438477	13.986480712890625	0.04647002206181267
cov10_n5_g0_s42_hotspots_p80_chr1	5	10	1503	765	2300	0	0.39067362205016204	0.3320372319846166	0.1111111111111111	0.2669312357902527	10.710245132446289	0.04829545192092179
cov10_n5_g0_s42_hotspots_p80_chr1	5	10	1504	707	1371	0	0.3826164657958195	0.31979026257246773	0.1111111111111111	0.24527014791965485	12.167683601379395	0.04796832975464612
cov10_n5_g0_s42_hotspots_p80_chr1	5	10	1505	515	1108	0	0.3181661373266285	0.2576178094109097	0.25	0.24013099074363708	8.777715682983398	0.05218626118232808
cov10_n5_g0_s42_hotspots_p80_chr1	5	10	1506	643	1800	0	0.44958493551341155	0.4180171844094218	0.25	0.5144528150558472	3.81858491897583	0.05657914835527146
cov10_n5_g0_s42_hotspots_p80_chr1	5	10	1507	605	1656	0	0.31094279108578954	0.24731123438749608	0.1111111111111111	0.22557590901851654	9.500479698181152	0.051844415671046806
cov10_n5_g0_s42_hotspots_p80_chr1	5	10	1508	242	971	0	0.14672626015642684	0.0879581139486443	0.1111111111111111	0.14231140911579132	5.315036296844482	0.06434486275639445
cov10_n5_g0_s42_hotspots_p80_chr1	5	10	1509	968	1668	0	0.457530826592556	0.3985406035812631	0.1111111111111111	0.24977317452430725	16.777185440063477	0.04467878162406383
cov10_n5_g0_s42_hotspots_p80_chr1	5	10	1510	875	2303	0	0.5423575630104711	0.49709172409857216	0.25	0.29191458225250244	17.259565353393555	0.042007894334710354
cov10_n5_g0_s42_hotspots_p80_chr1	5	10	1511	787	1921	0	0.40972892369427016	0.34407537701205093	0.25	0.2293677181005478	15.95506763458252	0.04622349606538012
cov10_n5_g0_s42_hotspots_p80_chr1	5	10	1512	974	1832	0	0.45382355524063384	0.4005004667439277	0.42857142857142855	0.2974454164505005	11.639370918273926	0.045680567647373056
cov10_n5_g0_s42_hotspots_p80_chr1	5	10	1513	789	2055	0	0.41943100495878266	0.35456962979678486	0.25	0.23068827390670776	16.528749465942383	0.045856479528219966
cov10_n5_g0_s42_hotspots_p80_chr1	5	10	1514	650	1499	0	0.5695234781574663	0.5287863669281656	0.25	0.30614960193634033	17.303180694580078	0.041129826118395815
cov10_n5_g0_s42_hotspots_p80_chr1	5	10	1515	720	1359	0	0.3463994864100445	0.27453210436484726	0.25	0.20554780960083008	14.200340270996094	0.04850279897140905
cov10_n5_g0_s42_hotspots_p80_chr1	5	10	1516	948	2130	0	0.5166250743306875	0.4671374694898165	0.25	0.2551775574684143	20.49444007873535	0.04282562098849671
cov10_n5_g0_s42_hotspots_p80_chr1	5	10	1517	620	1594	0	0.4797419906326496	0.4380302208652263	0.25	0.39800071716308594	7.264700889587402	0.047229708043836374
cov10_n5_g0_s42_hotspots_p80_chr1	5	10	1518	852	1633	0	0.3330626521021968	0.2567256731987611	0.1111111111111111	0.189763605594635	15.402669906616211	0.048607917223584346
cov10_n5_g0_s42_hotspots_p80_chr1	5	10	1519	753	1677	0	0.33824275959626215	0.2563562603340479	0.1111111111111111	0.17459377646446228	18.765905380249023	0.04788666611175693
cov10_n5_g0_s42_hotspots_p80_chr1	5	10	1520	700	1775	0	0.2054223028337148	0.12548664500951948	0.1111111111111111	0.1387185901403427	10.964676856994629	0.054281042256068626
cov10_n5_g0_s42_hotspots_p80_chr1	5	10	1521	1601	2874	0	0.38736028789565025	0.32291709215834125	0.25	0.23785726726055145	13.260726928710938	0.04746943037089676
cov10_n5_g0_s42_hotspots_p80_chr1	5	10	1522	1256	2125	0	0.32868514858357156	0.28668525718511617	0.25	0.3486349582672119	4.444146156311035	0.05974541048092193
cov10_n5_g0_s42_hotspots_p80_chr1	5	10	1523	1504	2644	0	0.5019248879614565	0.451956230595952	0.25	0.301890105009079	13.821328163146973	0.04353101106874904
cov10_n5_g0_s42_hotspots_p80_chr1	5	10	1524	983	1616	0	0.35395797572265913	0.2692049370205246	0.1111111111111111	0.16543099284172058	22.88968276977539	0.047105655030227414
cov10_n5_g0_s42_hotspots_p80_chr1	5	10	1525	1027	2036	0	0.32566241026857273	0.2494322228259891	0.25	0.18895192444324493	14.8526029586792	0.048957570370024905
cov10_n5_g0_s42_hotspots_p80_chr1	5	10	1526	701	1101	0	0.33418613129713703	0.25195904517736034	0.1111111111111111	0.17352910339832306	18.543947219848633	0.04802529411209538
cov10_n5_g0_s42_hotspots_p80_chr1	5	10	1527	661	1429	0	0.4678037084249549	0.4259053513809225	0.1111111111111111	0.3961730897426605	6.971518039703369	0.04808476135119987
cov10_n5_g0_s42_hotspots_p80_chr1	5	10	1528	1234	2476	0	0.16724771683595094	0.09119844924126635	0.0	0.12430661916732788	9.051109313964844	0.057092144143768606
cov10_n5_g0_s42_hotspots_p80_chr1	5	10	1529	1623	2327	0	0.4520820019942818	0.39020203827663175	0.25	0.2275972217321396	19.72743034362793	0.044672691467638644
cov10_n5_g0_s42_hotspots_p80_chr1	5	10	1530	1190	2808	0	0.4529187178714617	0.3953501487553604	0.25	0.2649534046649933	14.610716819763184	0.04506405868708987
cov10_n5_g0_s42_hotspots_p80_chr1	5	10	1531	704	2369	0	0.48301772135400534	0.4581253799870592	0.25	0.635144829750061	2.891681671142578	0.06039056139320732
cov10_n5_g0_s42_hotspots_p80_chr1	5	10	1532	723	2049	0	0.4543591855469901	0.39863680264600015	0.25	0.27868932485580444	13.290091514587402	0.04524493086237089
cov10_n5_g0_s42_hotspots_p80_chr1	5	10	1533	429	1317	0	0.40078225129441847	0.34427080929573645	0.1111111111111111	0.27964168787002563	10.270299911499023	0.04815488925260255
cov10_n5_g0_s42_hotspots_p80_chr1	5	10	1534	544	1206	0	0.4569289927076169	0.39966931241447456	0.25	0.2651483416557312	14.848737716674805	0.04490078569589432
cov10_n5_g0_s42_hotspots_p80_chr1	5	10	1535	356	952	0	0.3483954644117043	0.2697706433512782	0.1111111111111111	0.18411242961883545	17.90394401550293	0.047724291412312
cov10_n5_g0_s42_hotspots_p80_chr1	5	10	1536	880	1713	0	0.16312046951815115	0.043340883305324096	0.0	0.08029411733150482	20.635713577270508	0.052002647583150506
cov10_n5_g0_s42_hotspots_p80_chr1	5	10	1537	706	2153	0	0.5361127793025491	0.49170657197892487	0.42857142857142855	0.251777708530426	22.669803619384766	0.04233799337677992
cov10_n5_g0_s42_hotspots_p80_chr1	5	10	1538	905	1948	0	0.6725920671223881	0.6452997842888815	0.42857142857142855	0.4941931962966919	9.261470794677734	0.03713100700958731
cov10_n5_g0_s42_hotspots_p80_chr1	5	10	1539	842	2189	0	0.3437601082972277	0.2619092649467257	0.1111111111111111	0.17472930252552032	19.35305404663086	0.04766808605405047
cov10_n5_g0_s42_hotspots_p80_chr1	5	10	1540	723	1877	0	0.5148387189436211	0.4648760686463868	0.1111111111111111	0.2713974714279175	17.992881774902344	0.04286877257940489
cov10_n5_g0_s42_hotspots_p80_chr1	5	10	1541	863	2274	0	0.5173799307471812	0.47794317736733116	0.25	0.41845232248306274	7.643587589263916	0.045200622763321284
cov10_n5_g0_s42_hotspots_p80_chr1	5	10	1542	222	701	0	0.5868814050842092	0.5506786849476533	0.42857142857142855	0.4212258756160736	9.706007957458496	0.04100893530480489
cov10_n5_g0_s42_hotspots_p80_chr1	5	10	1543	141	438	1	0.3623955914081492	0.30454100370272763	0.1111111111111111	0.26596599817276	9.282898902893066	0.050167041828761284
cov10_n5_g0_s42_hotspots_p80_chr1	5	10	1544	52	431	1	0.29361010716321145	0.1590199867410572	0.0	0.08620623499155045	58.00088882446289	0.04779626302328439
cov10_n5_g0_s42_hotspots_p80_chr1	5	10	1545	519	1444	0	0.4455269739138129	0.3838901791742432	0.25	0.2375630885362625	17.585716247558594	0.044977645980105126
cov10_n5_g0_s42_hotspots_p80_chr1	5	10	1546	502	1384	0	0.39330232961570744	0.3364783410018468	0.1111111111111111	0.27710506319999695	10.072425842285156	0.04853335538015856
cov10_n5_g0_s42_hotspots_p80_chr1	5	10	1547	938	1733	0	0.30171379558217865	0.20810508096792	0.1111111111111111	0.1459285467863083	21.373703002929688	0.04853028011709886
cov10_n5_g0_s42_hotspots_p80_chr1	5	10	1548	98	288	1	0.244093231345754	0.07891146424492024	0.0	0.07740708440542221	49.71873092651367	0.048624879066845116
cov10_n5_g0_s42_hotspots_p80_chr1	5	10	1549	192	569	1	0.37242607118081117	0.312275524140419	0.1111111111111111	0.2568083107471466	10.515551567077637	0.049037475823356304
cov10_n5_g0_s42_hotspots_p80_chr1	5	10	1550	942	1603	0	0.5209720255667405	0.4788747672400289	0.25	0.3840738534927368	9.199609756469727	0.04402708278807304
cov10_n5_g0_s42_hotspots_p80_chr1	5	10	1551	1439	2423	0	0.3891021664493164	0.3425337985572496	0.25	0.34171462059020996	6.482911586761475	0.052149523593163896
cov10_n5_g0_s42_hotspots_p80_chr1	5	10	1552	712	1429	0	0.12319163779127948	0.07024919070535934	0.1111111111111111	0.13516800105571747	4.15321683883667	0.06952607499876175
cov10_n5_g0_s42_hotspots_p80_chr1	5	10	1553	848	1583	0	0.4334746451045647	0.37420542525278894	0.25	0.26056814193725586	13.837407112121582	0.04583129664406654
cov10_n5_g0_s42_hotspots_p80_chr1	5	10	1554	732	1754	0	0.3274593881058176	0.27797232951052814	0.1111111111111111	0.2980601489543915	6.03499698638916	0.05550631850885051
cov10_n5_g0_s42_hotspots_p80_chr1	5	10	1555	957	1545	0	0.1207713368805271	0.048484639205109176	0.1111111111111111	0.09925171732902527	7.403237342834473	0.06076340903360222
cov10_n5_g0_s42_hotspots_p80_chr1	5	10	1556	513	1339	0	0.41580446371923907	0.36075063141663294	0.25	0.28925013542175293	10.332399368286133	0.047576632896407844
cov10_n5_g0_s42_hotspots_p80_chr1	5	10	1557	794	1946	0	0.6806340648662387	0.6622358888926598	0.6666666666666666	0.7688984870910645	3.917954444885254	0.04296449717236736
cov10_n5_g0_s42_hotspots_p80_chr1	5	10	1558	881	1991	0	0.4755332295417218	0.4185163986563654	0.25	0.24692386388778687	18.54409408569336	0.044039183782423726
cov10_n5_g0_s42_hotspots_p80_chr1	5	10	1559	1210	2219	0	0.35954351266924667	0.2986141442394852	0.1111111111111111	0.25070104002952576	10.283964157104492	0.04961833472537847
cov10_n5_g0_s42_hotspots_p80_chr1	5	10	1560	915	2210	0	0.6743974275280825	0.6469147337428105	0.42857142857142855	0.4643818736076355	10.54511547088623	0.03692524316991529
cov10_n5_g0_s42_hotspots_p80_chr1	5	10	1561	1017	2609	0	0.6584088641219484	0.6300947901091131	0.42857142857142855	0.4988477826118469	8.710142135620117	0.03795878842863947
cov10_n5_g0_s42_hotspots_p80_chr1	5	10	1562	687	1688	0	0.5545953762369007	0.5182005268981348	0.42857142857142855	0.44612565636634827	7.726950168609619	0.04344060719019626
cov10_n5_g0_s42_hotspots_p80_chr1	5	10	1563	1055	2190	0	0.536165603793142	0.49870973446200956	0.42857142857142855	0.4387277364730835	7.46754264831543	0.04450024701094002
cov10_n5_g0_s42_hotspots_p80_chr1	5	10	1564	1048	2576	0	0.5139431704639743	0.4756382986647674	0.25	0.4334467351436615	7.029569625854492	0.04594528352004503
cov10_n5_g0_s42_hotspots_p80_chr1	5	10	1565	728	1791	0	0.4362895987706136	0.3813741763082914	0.1111111111111111	0.2891440689563751	11.383903503417969	0.046393117722933905
cov10_n5_g0_s42_hotspots_p80_chr1	5	10	1566	459	942	0	0.47774803365149676	0.4292589478892172	0.1111111111111111	0.33190569281578064	10.359492301940918	0.04524482821441861
cov10_n5_g0_s42_hotspots_p80_chr1	5	10	1567	1012	2112	0	0.47163852339323337	0.4166864881533789	0.25	0.27544063329696655	14.65994930267334	0.04444614744011139
cov10_n5_g0_s42_hotspots_p80_chr1	5	10	1568	1180	2239	0	0.5602645130363191	0.5184343548420144	0.42857142857142855	0.28950023651123047	18.72657585144043	0.04147287531647106
cov10_n5_g0_s42_hotspots_p80_chr1	5	10	1569	1089	2303	0	0.39053248197492446	0.3352226152764978	0.25	0.2853083610534668	9.368183135986328	0.04906894948683384
cov10_n5_g0_s42_hotspots_p80_chr1	5	10	1570	955	1755	0	0.4820666173483407	0.4305048303731359	0.25	0.30094337463378906	12.829638481140137	0.04438005730232729
cov10_n5_g0_s42_hotspots_p80_chr1	5	10	1571	790	2221	0	0.2658793680307387	0.2053122721061147	0.1111111111111111	0.21675559878349304	7.523130893707275	0.055477600824425516
cov10_n5_g0_s42_hotspots_p80_chr1	5	10	1572	403	1076	0	0.42178232137222776	0.36296971790760824	0.25	0.2658069133758545	12.589667320251465	0.04651712733149419
cov10_n5_g0_s42_hotspots_p80_chr1	5	10	1573	744	1455	0	0.4275458387043114	0.36510352834059195	0.25	0.24224215745925903	15.57528305053711	0.04573120162849399
cov10_n5_g0_s42_hotspots_p80_chr1	5	10	1574	924	1808	0	0.45906723721663895	0.40234683830642826	0.25	0.2683228552341461	14.635491371154785	0.04486060527471771
cov10_n5_g0_s42_hotspots_p80_chr1	5	10	1575	555	1750	0	0.38592872997529276	0.3517715885793959	0.25	0.45426055788993835	3.6088948249816895	0.060764805629053516
cov10_n5_g0_s42_hotspots_p80_chr1	5	10	1576	563	2486	0	0.22197342306334455	0.10900558787865831	0.0	0.10473430901765823	22.459186553955078	0.05032786098362776
cov10_n5_g0_s42_hotspots_p80_chr1	5	10	1577	794	2503	0	0.7165716189470505	0.6945060328772763	0.42857142857142855	0.4550846815109253	12.396662712097168	0.035112853900154256
cov10_n5_g0_s42_hotspots_p80_chr1	5	10	1578	203	387	0	0.3271360951506081	0.26998571463093346	0.25	0.2582152485847473	8.025335311889648	0.05259744398111611
cov10_n5_g0_s42_hotspots_p80_chr1	5	10	1579	943	2034	0	0.382890585311515	0.31891993383467154	0.25	0.23994462192058563	12.732020378112793	0.04777084356577893
cov10_n5_g0_s42_hotspots_p80_chr1	5	10	1580	1076	1710	0	0.6092518592167615	0.5792657154296335	0.42857142857142855	0.5256062150001526	6.718043327331543	0.041624870332759745
cov10_n5_g0_s42_hotspots_p80_chr1	5	10	1581	511	1052	0	0.3473182916731958	0.28689120026744086	0.25	0.2499992996454239	9.650452613830566	0.050450761790359094
cov10_n5_g0_s42_hotspots_p80_chr1	5	10	1582	950	2380	0	0.5195996099975015	0.47675415501103263	0.25	0.3754842281341553	9.574679374694824	0.04391020007049847
cov10_n5_g0_s42_hotspots_p80_chr1	5	10	1583	1135	2702	0	0.6181841020251732	0.5859094690331426	0.42857142857142855	0.463890016078949	8.879236221313477	0.03985384112583483
cov10_n5_g0_s42_hotspots_p80_chr1	5	10	1584	913	2281	0	0.530154397378352	0.4876481315501034	0.42857142857142855	0.37342432141304016	10.077888488769531	0.043280683274259435
cov10_n5_g0_s42_hotspots_p80_chr1	5	10	1585	969	2061	0	0.5158280623401116	0.4690641639094465	0.1111111111111111	0.3288533687591553	12.301990509033203	0.0432646392580962
cov10_n5_g0_s42_hotspots_p80_chr1	5	10	1586	730	1627	0	0.594756728035367	0.5575716127138507	0.42857142857142855	0.37411054968833923	12.637140274047852	0.04023176699153449
cov10_n5_g0_s42_hotspots_p80_chr1	5	10	1587	691	2032	0	0.6175856985525656	0.5834574797563336	0.42857142857142855	0.4042782187461853	11.668198585510254	0.03936872847571839
cov10_n5_g0_s42_hotspots_p80_chr1	5	10	1588	1000	2082	0	0.3626632846439715	0.3046865236056035	0.1111111111111111	0.265425443649292	9.33452033996582	0.05011973678467454
cov10_n5_g0_s42_hotspots_p80_chr1	5	10	1589	669	1834	0	0.5614429569193814	0.5385484042777652	0.42857142857142855	0.6889663338661194	3.320361614227295	0.05310196421475463
cov10_n5_g0_s42_hotspots_p80_chr1	5	10	1590	1161	2073	0	0.747178430935205	0.7273279075823044	0.42857142857142855	0.5324709415435791	9.84525203704834	0.03327600921074812
cov10_n5_g0_s42_hotspots_p80_chr1	5	10	1591	643	2039	0	0.41382692849434066	0.37109011792801483	0.25	0.3797222971916199	5.938480377197266	0.05202215211337378
cov10_n5_g0_s42_hotspots_p80_chr1	5	10	1592	746	1931	0	0.2039965306268761	0.1544344256318406	0.25	0.21743465960025787	4.40106725692749	0.0652153874548576
cov10_n5_g0_s42_hotspots_p80_chr1	5	10	1593	864	1784	0	0.3449997596694629	0.25552448940281836	0.1111111111111111	0.153944730758667	25.111806869506836	0.04720222638287846
cov10_n5_g0_s42_hotspots_p80_chr1	5	10	1594	111	207	1	0.1701599950851312	0.03543944184379381	0.0	0.07494186609983444	25.77721405029297	0.05109026381455443
cov10_n5_g0_s42_hotspots_p80_chr1	5	10	1595	922	1781	0	0.4565840798817828	0.40773317467942105	0.25	0.3328085243701935	9.41071605682373	0.04652128859183018
cov10_n5_g0_s42_hotspots_p80_chr1	5	10	1596	776	2060	0	0.48645106727149906	0.4346751183865127	0.25	0.295668363571167	13.53438663482666	0.0441047792495952
cov10_n5_g0_s42_hotspots_p80_chr1	5	10	1597	629	1471	0	0.4648415912183471	0.4080708462478774	0.25	0.26378321647644043	15.526932716369629	0.04456609361235811
cov10_n5_g0_s42_hotspots_p80_chr1	5	10	1598	875	2142	0	0.6530473677810564	0.6312699445063815	0.42857142857142855	0.6892474889755249	4.488580226898193	0.04287898826469606
cov10_n5_g0_s42_hotspots_p80_chr1	5	10	1599	981	1530	0	0.5562499133796242	0.5208844833958296	0.42857142857142855	0.46123960614204407	7.27204704284668	0.04373456905521212
cov10_n5_g0_s42_hotspots_p80_chr1	5	10	1600	1001	2154	0	0.5093665359477534	0.4588122973027674	0.25	0.27928102016448975	16.632137298583984	0.043071476615286694
cov10_n5_g0_s42_hotspots_p80_chr1	5	10	1601	1201	2445	0	0.37875386795754024	0.31785438637013974	0.25	0.2541077733039856	11.108318328857422	0.04852570466747124
cov10_n5_g0_s42_hotspots_p80_chr1	5	10	1602	719	2100	0	0.6944326329046568	0.6692024679644889	0.6666666666666666	0.46451491117477417	11.174572944641113	0.03600050534397199
cov10_n5_g0_s42_hotspots_p80_chr1	5	10	1603	1109	2607	0	0.45485644161003475	0.3984185759250511	0.25	0.2728729248046875	13.893058776855469	0.04511502317626029
cov10_n5_g0_s42_hotspots_p80_chr1	5	10	1604	748	2365	0	0.4843874648134969	0.4331550385058346	0.25	0.3027362823486328	12.800500869750977	0.04430398416567072
cov10_n5_g0_s42_hotspots_p80_chr1	5	10	1605	895	2013	0	0.42693113843208613	0.37852375954256906	0.25	0.33603623509407043	8.070741653442383	0.04866850225941934
cov10_n5_g0_s42_hotspots_p80_chr1	5	10	1606	742	2160	0	0.43167243051078014	0.37970658982741395	0.1111111111111111	0.3100844621658325	9.689886093139648	0.04732422924001238
cov10_n5_g0_s42_hotspots_p80_chr1	5	10	1607	674	2075	0	0.5148799133523644	0.47449440987858976	0.25	0.40741997957229614	7.985411643981934	0.045036148608689174
cov10_n5_g0_s42_hotspots_p80_chr1	5	10	1608	1070	2623	0	0.45946329489686283	0.4107464435243931	0.25	0.33361682295799255	9.483654975891113	0.04636780244923225
cov10_n5_g0_s42_hotspots_p80_chr1	5	10	1609	985	2713	0	0.790802412125707	0.7748823618424424	0.42857142857142855	0.6420427560806274	7.585392475128174	0.030621730666585762
cov10_n5_g0_s42_hotspots_p80_chr1	5	10	1610	591	1855	0	0.40876539264245915	0.3730165295845121	0.25	0.4469440281391144	4.182269096374512	0.05704461440365178
cov10_n5_g0_s42_hotspots_p80_chr1	5	10	1611	753	1979	0	0.7676337730293019	0.7495882824472869	0.6666666666666666	0.5933656692504883	8.36822509765625	0.03204555318164823
cov10_n5_g0_s42_hotspots_p80_chr1	5	10	1612	962	2152	0	0.4723853251314773	0.42968019508129296	0.25	0.3880455195903778	7.4096455574035645	0.047400027564747683
cov10_n5_g0_s42_hotspots_p80_chr1	5	10	1613	818	2032	0	0.6099648679023583	0.5752127918603834	0.42857142857142855	0.3413197100162506	15.968236923217773	0.03970145592500286
cov10_n5_g0_s42_hotspots_p80_chr1	5	10	1614	891	1909	0	0.47016445750991925	0.4122129396010964	0.25	0.24445514380931854	18.49571990966797	0.04419905383377262
cov10_n5_g0_s42_hotspots_p80_chr1	5	10	1615	1284	2419	0	0.7027309713190386	0.6783702562577812	0.42857142857142855	0.47667035460472107	10.867053031921387	0.03559373145233958
cov10_n5_g0_s42_hotspots_p80_chr1	5	10	1616	1178	2121	0	0.5945427259382465	0.5587597985035695	0.25	0.418312132358551	10.100322723388672	0.04057121539769523
cov10_n5_g0_s42_hotspots_p80_chr1	5	10	1617	898	2134	0	0.5616463605925344	0.5286708356232797	0.25	0.49723732471466064	6.3792338371276855	0.04442180154435238
cov10_n5_g0_s42_hotspots_p80_chr1	5	10	1618	1198	2449	0	0.5973597589900291	0.5630949058146449	0.42857142857142855	0.44817256927490234	8.882832527160645	0.040820901499867335
cov10_n5_g0_s42_hotspots_p80_chr1	5	10	1619	700	2181	0	0.7039959329912142	0.685407543942798	0.42857142857142855	0.7422439455986023	4.497974395751953	0.03959556858543458
cov10_n5_g0_s42_hotspots_p80_chr1	5	10	1620	666	1876	0	0.6942345568206563	0.6746681167516506	0.42857142857142855	0.7203571796417236	4.643939971923828	0.039873473797613156
cov10_n5_g0_s42_hotspots_p80_chr1	5	10	1621	925	2721	0	0.5273380137520284	0.503790993505451	0.42857142857142855	0.6724950671195984	3.0744681358337402	0.05659742842922393
cov10_n5_g0_s42_hotspots_p80_chr1	5	10	1622	886	1991	0	0.6605679679037645	0.6360484828426278	0.25	0.6090213656425476	5.882204055786133	0.03974855401149503
cov10_n5_g0_s42_hotspots_p80_chr1	5	10	1623	501	1306	0	0.7166681960086192	0.6955540386604785	0.42857142857142855	0.6338702440261841	6.39154052734375	0.03586584494283892
cov10_n5_g0_s42_hotspots_p80_chr1	5	10	1624	853	2497	0	0.6897129585161866	0.671014128575129	0.42857142857142855	0.7522391676902771	4.203342914581299	0.0413839017053282
cov10_n5_g0_s42_hotspots_p80_chr1	5	10	1625	1024	2502	0	0.7327254283293826	0.7113527858813598	0.42857142857142855	0.5306337475776672	9.533727645874023	0.034028896262986136
cov10_n5_g0_s42_hotspots_p80_chr1	5	10	1626	896	2313	0	0.7271206406089191	0.7055361857529997	0.42857142857142855	0.4894779622554779	11.033584594726562	0.03443130767754485
cov10_n5_g0_s42_hotspots_p80_chr1	5	10	1627	1134	2247	0	0.4511649061144517	0.4035352499902794	0.25	0.34333348274230957	8.633923530578613	0.04723462536828763
cov10_n5_g0_s42_hotspots_p80_chr1	5	10	1628	955	2051	0	0.7188982202131121	0.6977201269668968	0.42857142857142855	0.6260247826576233	6.593585968017578	0.03557608128101453
cov10_n5_g0_s42_hotspots_p80_chr1	5	10	1629	1295	2694	0	0.6583857322828855	0.6290495428086503	0.42857142857142855	0.4329194128513336	11.564228057861328	0.03763405882077603
cov10_n5_g0_s42_hotspots_p80_chr1	5	10	1630	901	2307	0	0.7310196365203218	0.7098631503444047	0.42857142857142855	0.5851889848709106	7.80253791809082	0.034294288197458556
cov10_n5_g0_s42_hotspots_p80_chr1	5	10	1631	887	1865	0	0.7162919939951553	0.6973314552510474	0.42857142857142855	0.7146337628364563	5.023231506347656	0.03762006474056161
cov10_n5_g0_s42_hotspots_p80_chr1	5	10	1632	312	954	0	0.6985401270352142	0.6736779538649836	0.42857142857142855	0.49594438076019287	9.91943073272705	0.03578310845730201
cov10_n5_g0_s42_hotspots_p80_chr1	5	10	1633	275	1078	0	0.739032015725776	0.7183945263648406	0.42857142857142855	0.5742469429969788	8.281311988830566	0.03373704130752286
cov10_n5_g0_s42_hotspots_p80_chr1	5	10	1634	782	1834	0	0.7670788895152679	0.749039586746242	0.6666666666666666	0.6096233129501343	7.916385650634766	0.032107426484763175
cov10_n5_g0_s42_hotspots_p80_chr1	5	10	1635	836	2296	0	0.7494480362271883	0.7301433079950888	0.6666666666666666	0.6204727292060852	7.294703483581543	0.03333479421031366
cov10_n5_g0_s42_hotspots_p80_chr1	5	10	1636	841	2203	0	0.6006360684425555	0.5643978085158483	0.25	0.33744463324546814	15.841187477111816	0.0400232315040489
cov10_n5_g0_s42_hotspots_p80_chr1	5	10	1637	1000	2289	0	0.7265808957496072	0.707872108103816	0.6666666666666666	0.7084891200065613	5.258617877960205	0.03653224321848659
cov10_n5_g0_s42_hotspots_p80_chr1	5	10	1638	893	2151	0	0.40636035882047306	0.3609335676515719	0.1111111111111111	0.3553336262702942	6.539130687713623	0.05133128547933499
cov10_n5_g0_s42_hotspots_p80_chr1	5	10	1639	1142	2593	0	0.6701453897306313	0.6489569917161788	0.42857142857142855	0.693145751953125	4.673679351806641	0.04133791831650756
cov10_n5_g0_s42_hotspots_p80_chr1	5	10	1640	470	1582	0	0.7263518088894234	0.7057140119786875	0.6666666666666666	0.630589485168457	6.633924961090088	0.03508997933603725
cov10_n5_g0_s42_hotspots_p80_chr1	5	10	1641	435	1378	0	0.7037317097800239	0.6854220044821572	0.42857142857142855	0.7518464922904968	4.380522727966309	0.03992879213201431
cov10_n5_g0_s42_hotspots_p80_chr1	5	10	1642	805	2315	0	0.7137909075396571	0.692280430712584	0.42857142857142855	0.6242988109588623	6.53622579574585	0.035929440680144434
cov10_n5_g0_s42_hotspots_p80_chr1	5	10	1643	935	2144	0	0.6783793504838359	0.6592992298304782	0.42857142857142855	0.7493821978569031	4.097402095794678	0.04247119928405101
cov10_n5_g0_s42_hotspots_p80_chr1	5	10	1644	1035	2402	0	0.6697872989963181	0.6418639327922746	0.42857142857142855	0.46815940737724304	10.234256744384766	0.03715630491803963
cov10_n5_g0_s42_hotspots_p80_chr1	5	10	1645	1031	2319	0	0.3263075931258204	0.28570038528047753	0.42857142857142855	0.3580862283706665	4.151920795440674	0.06099363401788755
cov10_n5_g0_s42_hotspots_p80_chr1	5	10	1646	1259	2611	0	0.6928627351875207	0.6686100909369179	0.42857142857142855	0.5643966794013977	7.53521203994751	0.03656357173720774
cov10_n5_g0_s42_hotspots_p80_chr1	5	10	1647	25	112	1	0.6341104164210143	0.619555292707093	0.25	0.915477991104126	2.3988544940948486	0.055977051523823186
cov10_n5_g0_s42_hotspots_p80_chr1	5	10	1648	1044	2573	0	0.7312254790689431	0.7109398785471452	0.6666666666666666	0.6333742141723633	6.664259433746338	0.03476789188986902
cov10_n5_g0_s42_hotspots_p80_chr1	5	10	1649	954	1858	0	0.6549628723167715	0.6265727482510194	0.6666666666666666	0.5049178600311279	8.413212776184082	0.03822523944614204
cov10_n5_g0_s42_hotspots_p80_chr1	5	10	1650	975	2415	0	0.7485782824512753	0.7288919250738884	0.42857142857142855	0.5928782820701599	7.971009731292725	0.033223350916075534
cov10_n5_g0_s42_hotspots_p80_chr1	5	10	1651	502	2016	0	0.4347669595916678	0.3973320745491871	0.1111111111111111	0.4374540448188782	4.938763618469238	0.05332661402541047
cov10_n5_g0_s42_hotspots_p80_chr1	5	10	1652	960	1744	0	0.6846235702297286	0.6635874386749926	0.42857142857142855	0.6842876672744751	5.004910469055176	0.03970024209452375
cov10_n5_g0_s42_hotspots_p80_chr1	5	10	1653	371	1270	0	0.29385583319040554	0.23562216554608012	0.25	0.23937299847602844	7.535086154937744	0.054424634580950725
cov10_n5_g0_s42_hotspots_p80_chr1	5	10	1654	723	1721	0	0.7137698328883441	0.693607736826314	0.6666666666666666	0.6754159927368164	5.583976745605469	0.0368980707902478
cov10_n5_g0_s42_hotspots_p80_chr1	5	10	1655	546	1042	0	0.6949149890631511	0.6696731807880266	0.6666666666666666	0.47383978962898254	10.754007339477539	0.035960513020557416
cov10_n5_g0_s42_hotspots_p80_chr1	5	10	1656	434	1163	0	0.6817946488066502	0.6556731227712993	0.42857142857142855	0.5161908268928528	8.722814559936523	0.036770499864120045
cov10_n5_g0_s42_hotspots_p80_chr1	5	10	1657	725	1470	0	0.7003814189076234	0.6757208011028171	0.6666666666666666	0.4812076687812805	10.591907501220703	0.035694649291703816
cov10_n5_g0_s42_hotspots_p80_chr1	5	10	1658	643	1928	0	0.6769823979323262	0.6559292256771816	0.6666666666666666	0.6911894679069519	4.796566963195801	0.040621214491045075
cov10_n5_g0_s42_hotspots_p80_chr1	5	10	1659	917	2395	0	0.6273938892616278	0.5957012793816109	0.42857142857142855	0.4622860252857208	9.209351539611816	0.03931775584123828
cov10_n5_g0_s42_hotspots_p80_chr1	5	10	1660	724	2216	0	0.6370942115756304	0.6100317161757091	0.42857142857142855	0.5672656893730164	6.3067307472229	0.0405669936899712
cov10_n5_g0_s42_hotspots_p80_chr1	5	10	1661	900	2076	0	0.8411663000224997	0.8311471825349181	0.6666666666666666	0.8810401558876038	4.557664394378662	0.028938420813851055
cov10_n5_g0_s42_hotspots_p80_chr1	5	10	1662	1045	2143	0	0.5592169636472265	0.5220725022367183	0.1111111111111111	0.4316626787185669	8.391538619995117	0.04279348171009458
cov10_n5_g0_s42_hotspots_p80_chr1	5	10	1663	1003	2217	0	0.6727321837957415	0.6478180954436062	0.42857142857142855	0.581942617893219	6.681807994842529	0.0382235258210112
cov10_n5_g0_s42_hotspots_p80_chr1	5	10	1664	1084	1759	0	0.6645796720787358	0.6399110512515858	0.42857142857142855	0.600313663482666	6.127842903137207	0.03922118246758653
cov10_n5_g0_s42_hotspots_p80_chr1	5	10	1665	1574	2218	0	0.6528690685244054	0.6256236690165453	0.25	0.5436550378799438	7.210664749145508	0.03892644539749714
cov10_n5_g0_s42_hotspots_p80_chr1	5	10	1666	1129	2257	0	0.7603208082451213	0.7427737811371519	0.42857142857142855	0.6847503781318665	6.164517879486084	0.03322621557487566
cov10_n5_g0_s42_hotspots_p80_chr1	5	10	1667	799	2363	0	0.44683872582233347	0.4225667393831926	0.25	0.6331473588943481	2.490359306335449	0.06598196330017524
cov10_n5_g0_s42_hotspots_p80_chr1	5	10	1668	328	1145	0	0.1570489930491488	0.04702498455031068	0.0	0.08404369652271271	17.45942497253418	0.05287463597108838
cov10_n5_g0_s42_hotspots_p80_chr1	5	10	1669	750	2012	0	0.5111974180536861	0.4615693210215756	0.25	0.293119877576828	15.207462310791016	0.043085561395543745
cov10_n5_g0_s42_hotspots_p80_chr1	5	10	1670	779	2172	0	0.4469000033207518	0.40442039636653687	0.42857142857142855	0.388824999332428	6.605144500732422	0.0494806960943799
cov10_n5_g0_s42_hotspots_p80_chr1	5	10	1671	563	2234	0	0.4047593735596272	0.34112787324749316	0.1111111111111111	0.24088022112846375	14.117623329162598	0.046701360548867
cov10_n5_g0_s42_hotspots_p80_chr1	5	10	1672	41	395	1	0.22452429847794808	0.1506588753345947	0.1111111111111111	0.15949703752994537	9.908125877380371	0.05444360060924
cov10_n5_g0_s42_hotspots_p80_chr1	5	10	1673	3	31	1	0.31622777142784575	0.2894143807081524	0.1111111111111111	0.5	2.0	0.07905694150420949
cov10_n5_g0_s42_hotspots_p80_chr1	5	10	1674	178	530	1	0.382333089651565	0.330647616441472	0.25	0.3052337169647217	7.844923496246338	0.05066772530143839
cov10_n5_g0_s42_hotspots_p80_chr1	5	10	1675	883	2136	0	0.5197954598800743	0.48311892929860034	0.25	0.4535492956638336	6.567286014556885	0.046212846747122074
cov10_n5_g0_s42_hotspots_p80_chr1	5	10	1676	564	1509	0	0.44629624268455215	0.3991744550257023	0.25	0.34757277369499207	8.243753433227539	0.047732961829475805
cov10_n5_g0_s42_hotspots_p80_chr1	5	10	1677	765	1973	0	0.6600605930985615	0.6383709335739087	0.42857142857142855	0.6868010759353638	4.618231296539307	0.04210295205236285
cov10_n5_g0_s42_hotspots_p80_chr1	5	10	1678	793	1773	0	0.6953300411174006	0.6751234347181951	0.42857142857142855	0.6986913084983826	4.952007293701172	0.039125085802722184
cov10_n5_g0_s42_hotspots_p80_chr1	5	10	1679	426	1605	0	0.35462027137757846	0.29644978870365435	0.25	0.2624136209487915	9.131126403808594	0.05056555976328582
cov10_n5_g0_s42_hotspots_p80_chr1	5	10	1680	455	1767	0	0.3458462695425407	0.29731118400827256	0.1111111111111111	0.31220078468322754	6.1357574462890625	0.054554873269271366
cov10_n5_g0_s42_hotspots_p80_chr1	5	10	1681	649	1875	0	0.3857330731066622	0.3344853567799082	0.25	0.30883535742759705	7.7999114990234375	0.050580681977701096
cov10_n5_g0_s42_hotspots_p80_chr1	5	10	1682	635	950	0	0.33264386171864074	0.25510937990841787	0.25	0.18625205755233765	15.948758125305176	0.04850257527783438
cov10_n5_g0_s42_hotspots_p80_chr1	5	10	1683	309	1554	0	0.48323487244433744	0.42945139045589653	0.1111111111111111	0.27677005529403687	15.24222183227539	0.044002728335292764
cov10_n5_g0_s42_hotspots_p80_chr1	5	10	1684	443	1404	0	0.23751368202299253	0.14771570756016172	0.1111111111111111	0.13653767108917236	15.130119323730469	0.051414767904441466
cov10_n5_g0_s42_hotspots_p80_chr1	5	10	1685	550	1471	0	0.3789609890192609	0.31877456145077954	0.1111111111111111	0.2576199769973755	10.819318771362305	0.04865429899658652
cov10_n5_g0_s42_hotspots_p80_chr1	5	10	1686	908	1844	0	0.5667708444159816	0.5331480900014568	0.25	0.48434874415397644	6.846499919891357	0.0436349262566703
cov10_n5_g0_s42_hotspots_p80_chr1	5	10	1687	1515	2316	0	0.19432834478337926	0.09441145554823852	0.0	0.10773301124572754	16.268396377563477	0.05224649226724187
cov10_n5_g0_s42_hotspots_p80_chr1	5	10	1688	1034	2263	0	0.3482456904054063	0.2884718505151519	0.1111111111111111	0.25318264961242676	9.45962142944336	0.05055188407996015
cov10_n5_g0_s42_hotspots_p80_chr1	5	10	1689	553	1053	0	0.3543103350897337	0.28169528337109717	0.1111111111111111	0.20375466346740723	15.118979454040527	0.04804166986911264
cov10_n5_g0_s42_hotspots_p80_chr1	5	10	1696	252	554	0	0.4579166917485732	0.42658017254323183	0.25	0.5203350782394409	3.8723692893981934	0.05591352451977806
cov10_n5_g0_s42_hotspots_p80_chr1	5	10	1697	158	741	1	0.43727795326047225	0.3870992760488082	0.25	0.3231855630874634	9.153373718261719	0.04743088468281828
cov10_n5_g0_s42_hotspots_p80_chr1	5	10	1698	102	170	1	0.4199813435611335	0.3881908414995636	0.25	0.4999997019767761	3.527691125869751	0.05952642710626498
cov10_n5_g0_s42_hotspots_p80_chr1	5	10	1699	446	1058	0	0.3747717961057804	0.3284929702324065	0.25	0.3389705717563629	6.111949920654297	0.05338839462981935
cov10_n5_g0_s42_hotspots_p80_chr1	5	10	1700	994	2818	0	0.7087142281360662	0.6849707596745692	0.25	0.4855973720550537	10.650246620178223	0.03529440439796547
cov10_n5_g0_s42_hotspots_p80_chr1	5	10	1701	1101	2338	0	0.6561886443646352	0.6317819083128314	0.42857142857142855	0.6165220141410828	5.664092540740967	0.04030229530895347
cov10_n5_g0_s42_hotspots_p80_chr1	5	10	1702	149	634	1	0.5256038152543294	0.4836347397272358	0.25	0.3833145797252655	9.40104866027832	0.04373860915021808
cov10_n5_g0_s42_hotspots_p80_chr1	5	10	1703	407	801	0	0.528757869637603	0.49278611982030907	0.42857142857142855	0.4614502191543579	6.564988136291504	0.045790707145051845
cov10_n5_g0_s42_hotspots_p80_chr1	5	10	1704	861	2420	0	0.4123344906786869	0.35449789979381496	0.1111111111111111	0.27231448888778687	11.46377944946289	0.04721036279367175
cov10_n5_g0_s42_hotspots_p80_chr1	5	10	1705	531	1206	0	0.6274537233943129	0.5968163360007345	0.25	0.4909138083457947	8.168135643005371	0.03969594458771355
cov10_n5_g0_s42_hotspots_p80_chr1	5	10	1706	779	1926	0	0.4772531229051399	0.43187413697401056	0.25	0.36136823892593384	8.721028327941895	0.04611373212238597
cov10_n5_g0_s42_hotspots_p80_chr1	5	10	1707	628	1690	0	0.6641318771520622	0.6354607280842961	0.42857142857142855	0.44270479679107666	11.252531051635742	0.03738097276170172
cov10_n5_g0_s42_hotspots_p80_chr1	5	10	1708	184	628	1	0.24769165759722298	0.19778611631148138	0.25	0.24884653091430664	4.953699111938477	0.06147466390085011
cov10_n5_g0_s42_hotspots_p80_chr1	5	10	1709	492	1293	0	0.37831940960037796	0.312399353257956	0.1111111111111111	0.23101644217967987	13.409157752990723	0.047719142198570756
cov10_n5_g0_s42_hotspots_p80_chr1	5	10	1710	1008	2731	0	0.5822885733484788	0.5516114528305699	0.25	0.5286493301391602	6.066122531890869	0.04378787092640482
cov10_n5_g0_s42_hotspots_p80_chr1	5	10	1711	858	2083	0	0.5550832113929878	0.5267636803166121	0.25	0.5791187882423401	4.593575477600098	0.048224451255304536
cov10_n5_g0_s42_hotspots_p80_chr1	5	10	1712	1074	2003	0	0.4855680230559446	0.4489958871327847	0.25	0.4564671516418457	5.657846927642822	0.04926444425058352
cov10_n5_g0_s42_hotspots_p80_chr1	5	10	1713	1007	1755	0	0.5920156486087507	0.5551691215012454	0.25	0.3961939811706543	11.164020538330078	0.04048083944021857
cov10_n5_g0_s42_hotspots_p80_chr1	5	10	1714	884	2256	0	0.490124144370486	0.4404855755590678	0.25	0.31536298990249634	12.077046394348145	0.04425162565421128
cov10_n5_g0_s42_hotspots_p80_chr1	5	10	1715	563	1495	0	0.4045654826331166	0.35303532555956335	0.1111111111111111	0.3108661472797394	8.468387603759766	0.0492112487548034
cov10_n5_g0_s42_hotspots_p80_chr1	5	10	1716	601	1413	0	0.48667511146977194	0.43787314870565447	0.25	0.3256012201309204	11.170592308044434	0.04462066165783215
cov10_n5_g0_s42_hotspots_p80_chr1	5	10	1717	503	1744	0	0.5328264817607905	0.4912654561259947	0.25	0.38438570499420166	9.607429504394531	0.04334914013928721
cov10_n5_g0_s42_hotspots_p80_chr1	5	10	1718	278	1199	0	0.5348640179584386	0.49909618097057	0.25	0.4628877341747284	6.675830841064453	0.04536504368878232
cov10_n5_g0_s42_hotspots_p80_chr1	5	10	1719	569	2032	0	0.7430855097366759	0.7246007847636984	0.6666666666666666	0.685608983039856	5.873467922210693	0.03464346779109057
cov10_n5_g0_s42_hotspots_p80_chr1	5	10	1720	1154	2277	0	0.5496654798123579	0.5072734043302786	0.25	0.35462236404418945	12.012535095214844	0.042041262852977594
cov10_n5_g0_s42_hotspots_p80_chr1	5	10	1721	991	2081	0	0.25852204177907506	0.1753423478828784	0.1111111111111111	0.15506939589977264	13.896739959716797	0.05122640499296477
cov10_n5_g0_s42_hotspots_p80_chr1	5	10	1722	862	1727	0	0.18470246461077572	0.11631661620632981	0.0	0.14866666495800018	7.717708587646484	0.05810609780556037
cov10_n5_g0_s42_hotspots_p80_chr1	5	10	1723	768	1692	0	0.2601173324378488	0.1719452212586902	0.1111111111111111	0.14657653868198395	15.746346473693848	0.05060585278367118
cov10_n5_g0_s42_hotspots_p80_chr1	5	10	1724	404	1169	0	0.5126958315352524	0.4876376098295644	0.25	0.639158308506012	3.217160940170288	0.0564767389115384
cov10_n5_g0_s42_hotspots_p80_chr1	5	10	1725	935	1802	0	0.563344469592383	0.5252188023372455	0.42857142857142855	0.4123839735984802	9.330705642700195	0.04216329009703093
cov10_n5_g0_s42_hotspots_p80_chr1	5	10	1726	1145	2143	0	0.6373110386734371	0.6099040193354331	0.42857142857142855	0.5586468577384949	6.507259845733643	0.040344725524243605
cov10_n5_g0_s42_hotspots_p80_chr1	5	10	1727	990	2696	0	0.4304593800124452	0.3670695483937438	0.1111111111111111	0.23486170172691345	16.79615592956543	0.0454962560411526
cov10_n5_g0_s42_hotspots_p80_chr1	5	10	1728	503	1856	0	0.14818848134843512	0.05305902125445515	0.0	0.09150797128677368	13.11236572265625	0.054733525386269
cov10_n5_g0_s42_hotspots_p80_chr1	5	10	1730	495	1521	0	0.5636580078788868	0.5455255960668953	0.6666666666666666	0.8094823956489563	2.4243006706237793	0.06007257086329569
cov10_n5_g0_s42_hotspots_p80_chr1	5	10	1731	916	2131	0	0.43748010621499595	0.37124381985753707	0.1111111111111111	0.20366829633712769	23.069583892822266	0.04498330244313888
cov10_n5_g0_s42_hotspots_p80_chr1	5	10	1732	735	2081	0	0.3497155370869293	0.30042187500201994	0.25	0.30910488963127136	6.400121688842773	0.05392182988294847
cov10_n5_g0_s42_hotspots_p80_chr1	5	10	1733	800	1620	0	0.6021859778962468	0.5664924159946774	0.42857142857142855	0.3308221995830536	16.566930770874023	0.04000505220430577
cov10_n5_g0_s42_hotspots_p80_chr1	5	10	1734	861	1671	0	0.4397735574519919	0.39087872378351196	0.25	0.3330913782119751	8.715681076049805	0.04763128641585339
cov10_n5_g0_s42_hotspots_p80_chr1	5	10	1735	360	1382	0	0.48181066938296374	0.4301708244217567	0.25	0.3003367781639099	12.867844581604004	0.04438163874755365
cov10_n5_g0_s42_hotspots_p80_chr1	5	10	1736	600	1532	0	0.3998753835015687	0.3591387684131296	0.25	0.3931390941143036	5.172814846038818	0.05432111908708291
cov10_n5_g0_s42_hotspots_p80_chr1	5	10	1737	465	1468	0	0.5077655119092809	0.46714870001048187	0.25	0.4064863622188568	7.801971912384033	0.04549425234141329
cov10_n5_g0_s42_hotspots_p80_chr1	5	10	1738	495	1414	0	0.566241304272309	0.5247666369040074	0.25	0.3135874569416046	16.30255889892578	0.04121666721167578
cov10_n5_g0_s42_hotspots_p80_chr1	5	10	1739	398	1506	0	0.5867621520074796	0.5528292397139549	0.25	0.46593964099884033	7.929300308227539	0.04179393898308052
cov10_n5_g0_s42_hotspots_p80_chr1	5	10	1740	707	1690	0	0.3906149460343637	0.3473483471461917	0.25	0.367885023355484	5.636942386627197	0.053647825771972246
cov10_n5_g0_s42_hotspots_p80_chr1	5	10	1741	1087	2228	0	0.6982518156878661	0.6736997131108512	0.42857142857142855	0.5299534797668457	8.679978370666504	0.03592113902259825
cov10_n5_g0_s42_hotspots_p80_chr1	5	10	1742	732	2246	0	0.524185762477928	0.49112609447218375	0.1111111111111111	0.5038796067237854	5.411116123199463	0.04786085325981325
cov10_n5_g0_s42_hotspots_p80_chr1	5	10	1743	829	1831	0	0.37201945007350856	0.30960790102462227	0.25	0.2461230754852295	11.423432350158691	0.048617144152567286
cov10_n5_g0_s42_hotspots_p80_chr1	5	10	1744	1070	2087	0	0.5012606541885924	0.4496325014541601	0.1111111111111111	0.2789517939090729	16.145034790039062	0.04335288769889337
cov10_n5_g0_s42_hotspots_p80_chr1	5	10	1745	604	1483	0	0.25656924437945827	0.18748734058786432	0.25	0.1861225664615631	9.50125789642334	0.053712219024854534
cov10_n5_g0_s42_hotspots_p80_chr1	5	10	1746	139	412	1	0.4670295156470862	0.40788882372218965	0.25	0.2334221452474594	20.0158748626709	0.04424244108536692
cov10_n5_g0_s42_hotspots_p80_chr1	5	10	1747	642	1332	0	0.3115308942877286	0.2318638181603886	0.0	0.17720937728881836	15.452500343322754	0.04922279600408758
cov10_n5_g0_s42_hotspots_p80_chr1	5	10	1748	446	1241	0	0.3494662907948941	0.29345358296224305	0.25	0.2715214788913727	8.282706260681152	0.05149331283534596
cov10_n5_g0_s42_hotspots_p80_chr1	5	10	1749	1216	2376	0	0.3830484671106878	0.30771188304476194	0.1111111111111111	0.1914052963256836	20.024864196777344	0.0465531686151624
cov10_n5_g0_s42_hotspots_p80_chr1	5	10	1750	1150	1826	0	0.3296429508659628	0.2355532361144276	0.1111111111111111	0.14527685940265656	25.743324279785156	0.047530815332146
cov10_n5_g0_s42_hotspots_p80_chr1	5	10	1751	914	2758	0	0.30148773237720533	0.22791432484179305	0.1111111111111111	0.19079680740833282	12.484382629394531	0.05047045586242921
cov10_n5_g0_s42_hotspots_p80_chr1	5	10	1752	1214	2289	0	0.5111450628093936	0.461626838187692	0.25	0.2951069176197052	15.000288009643555	0.04310200430402829
cov10_n5_g0_s42_hotspots_p80_chr1	5	10	1767	331	542	0	0.4244087986381212	0.3741347562309586	0.25	0.3219364285469055	8.6895751953125	0.04825788274419854
cov10_n5_g0_s42_hotspots_p80_chr1	5	10	1768	710	1445	0	0.5233901274297639	0.48555380960229805	0.25	0.43744751811027527	7.157626628875732	0.04537786953016448
cov10_n5_g0_s42_hotspots_p80_chr1	5	10	1769	860	2212	0	0.34557491401746715	0.28359291606649895	0.1111111111111111	0.242788627743721	10.129728317260742	0.05020008449524561
cov10_n5_g0_s42_hotspots_p80_chr1	5	10	1770	664	2013	0	0.425464903971864	0.3711281644638856	0.25	0.29388105869293213	10.479832649230957	0.04715253862347327
cov10_n5_g0_s42_hotspots_p80_chr1	5	10	1771	1152	2549	0	0.4671363742552308	0.40755602481331477	0.1111111111111111	0.21973414719104767	22.597597122192383	0.04420956255421852
cov10_n5_g0_s42_hotspots_p80_chr1	5	10	1772	595	2289	0	0.4906530469212993	0.43778170388496146	0.25	0.27863797545433044	15.50381088256836	0.043738582298273855
cov10_n5_g0_s42_hotspots_p80_chr1	5	10	1773	821	1351	0	0.5126376226729434	0.46255987528971615	0.25	0.27978891134262085	16.78533172607422	0.04296223045385301
cov10_n5_g0_s42_hotspots_p80_chr1	5	10	1774	570	1859	0	0.4423931631291818	0.39590388934601256	0.25	0.3526912331581116	7.866788387298584	0.04822346107169001
cov10_n5_g0_s42_hotspots_p80_chr1	5	10	1775	1263	2334	0	0.5226575358421864	0.4754995312038533	0.42857142857142855	0.3143713176250458	13.820337295532227	0.042808966868037826
cov10_n5_g0_s42_hotspots_p80_chr1	5	10	1776	539	1392	0	0.43805708066518945	0.3856534837371362	0.25	0.3067176043987274	10.1989164352417	0.04681914562827836
cov10_n5_g0_s42_hotspots_p80_chr1	5	10	1777	960	2654	0	0.5813437599627759	0.5485693195157983	0.25	0.49108320474624634	7.006899833679199	0.04276143119518503
cov10_n5_g0_s42_hotspots_p80_chr1	5	10	1778	1027	2661	0	0.48926789852297414	0.4345948620058697	0.25	0.25133129954338074	18.94830322265625	0.04362376951160163
cov10_n5_g0_s42_hotspots_p80_chr1	5	10	1779	893	2459	0	0.4610105010579527	0.40005085454403383	0.1111111111111111	0.21060743927955627	23.95765495300293	0.04437022372851037
cov10_n5_g0_s42_hotspots_p80_chr1	5	10	1780	1486	3417	0	0.5279665450220068	0.4804280142909732	0.25	0.29087206721305847	16.47323226928711	0.04247877751650019
cov10_n5_g0_s42_hotspots_p80_chr1	5	10	1781	944	2157	0	0.47388471424892553	0.4297453989204835	0.25	0.37377291917800903	8.037107467651367	0.04675918627850502
cov10_n5_g0_s42_hotspots_p80_chr1	5	10	1782	727	2370	0	0.4993471510467962	0.45326664539142814	0.25	0.34797346591949463	10.296339988708496	0.04443147758679155
cov10_n5_g0_s42_hotspots_p80_chr1	5	10	1783	753	1935	0	0.31392970516885854	0.2344069968107049	0.0	0.17802804708480835	15.547408103942871	0.04913097081652755
cov10_n5_g0_s42_hotspots_p80_chr1	5	10	1784	753	1990	0	0.49255777002151296	0.4528440576746997	0.25	0.4191991686820984	6.9030890464782715	0.04706153137782371
cov10_n5_g0_s42_hotspots_p80_chr1	5	10	1785	223	713	0	0.5632938445705375	0.5331941334942244	0.42857142857142855	0.5456589460372925	5.328407287597656	0.04601762882991544
cov10_n5_g0_s42_hotspots_p80_chr1	5	10	1786	286	546	0	0.4835105651238237	0.4275198223793752	0.25	0.22745570540428162	22.59375	0.0437718155264278
cov10_n5_g0_s42_hotspots_p80_chr1	5	10	1787	702	2156	0	0.4369543706072001	0.39357999126290855	0.25	0.3791208565235138	6.64181661605835	0.04986392566919727
cov10_n5_g0_s42_hotspots_p80_chr1	5	10	1788	767	2141	0	0.5531066091220441	0.5150430547256958	0.42857142857142855	0.42146021127700806	8.611414909362793	0.042944855733280086
cov10_n5_g0_s42_hotspots_p80_chr1	5	10	1789	1018	2119	0	0.5867380054884732	0.5509467485964701	0.25	0.42994797229766846	9.311652183532715	0.041142003038077135
cov10_n5_g0_s42_hotspots_p80_chr1	5	10	1790	720	1625	0	0.34938023824538894	0.29160989144820126	0.25	0.26284971833229065	8.833880424499512	0.05099762671914264
cov10_n5_g0_s42_hotspots_p80_chr1	5	10	1791	722	1578	0	0.5043645481427989	0.45648782334015814	0.25	0.3250020444393158	12.04167652130127	0.043738440832201804
cov10_n5_g0_s42_hotspots_p80_chr1	5	10	1792	712	1757	0	0.40149587336032144	0.34435634871796295	0.25	0.27608615159988403	10.574089050292969	0.047976080001541715
cov10_n5_g0_s42_hotspots_p80_chr1	5	10	1793	1084	2466	0	0.4525243587990625	0.39770792290264195	0.1111111111111111	0.28632616996765137	12.489117622375488	0.04548890385182963
cov10_n5_g0_s42_hotspots_p80_chr1	5	10	1794	1349	2229	0	0.44277629428059206	0.38267709216032103	0.1111111111111111	0.25119948387145996	15.53464126586914	0.0452620799569684
cov10_n5_g0_s42_hotspots_p80_chr1	5	10	1795	494	1138	0	0.4809326135708329	0.4301139649712539	0.25	0.3087870180606842	12.128872871398926	0.04457200494479003
cov10_n5_g0_s42_hotspots_p80_chr1	5	10	1796	917	2379	0	0.5275683143450907	0.4822067855518268	0.25	0.3357613682746887	12.344286918640137	0.04282297819738473
cov10_n5_g0_s42_hotspots_p80_chr1	5	10	1797	440	1451	0	0.4342793728069631	0.3836353271216179	0.1111111111111111	0.31968674063682556	9.226971626281738	0.047500425940857655
cov10_n5_g0_s42_hotspots_p80_chr1	5	10	1798	783	2608	0	0.4137642392885849	0.3504522999348866	0.1111111111111111	0.2411125898361206	14.724349021911621	0.04629655393297782
cov10_n5_g0_s42_hotspots_p80_chr1	5	10	1799	237	514	0	0.44613868264533685	0.3964042842183438	0.25	0.3264182507991791	9.340299606323242	0.046970153898661986
cov10_n5_g0_s42_hotspots_p80_chr1	5	10	1800	378	952	0	0.31334874551513464	0.21666609622396774	0.1111111111111111	0.14094436168670654	24.71328353881836	0.04796956351196648
cov10_n5_g0_s42_hotspots_p80_chr1	5	10	1803	50	197	1	0.13484001221586842	0.046860148653137305	0.0	0.09090910106897354	11.000003814697266	0.05640760270220407
cov10_n5_g0_s42_hotspots_p80_chr1	5	10	1804	778	1720	0	0.5269711549504785	0.4796373681824796	0.25	0.25832346081733704	20.807310104370117	0.04253390521254223
cov10_n5_g0_s42_hotspots_p80_chr1	5	10	1805	1300	2152	0	0.5776843972561351	0.5380654704155192	0.25	0.35189616680145264	13.474794387817383	0.04084332245270983
cov10_n5_g0_s42_hotspots_p80_chr1	5	10	1806	747	1828	0	0.3072801295789119	0.2380523134748691	0.1111111111111111	0.20535160601139069	11.195483207702637	0.0508897220200931
cov10_n5_g0_s42_hotspots_p80_chr1	5	10	1807	986	1706	0	0.2928384856877568	0.2166760071243815	0.1111111111111111	0.18142294883728027	13.026921272277832	0.05052164364404417
cov10_n5_g0_s42_hotspots_p80_chr1	5	10	1808	1003	2066	0	0.5781394206105442	0.5385695525071796	0.25	0.3516068756580353	13.518251419067383	0.040824520671517775
cov10_n5_g0_s42_hotspots_p80_chr1	5	10	1809	824	1881	0	0.4451273022590857	0.38608713160435687	0.1111111111111111	0.25774505734443665	14.912751197814941	0.04527122219903841
cov10_n5_g0_s42_hotspots_p80_chr1	5	10	1810	916	1714	0	0.10216135654855445	0.015222803256149225	0.1111111111111111	0.07225107401609421	9.996654510498047	0.05821651707641716
cov10_n5_g0_s42_hotspots_p80_chr1	5	10	1811	873	1808	0	0.5803735632658479	0.5515811724664134	0.25	0.5646485090255737	5.282369613647461	0.045200876913350944
cov10_n5_g0_s42_hotspots_p80_chr1	5	10	1812	676	2000	0	0.5511501452186056	0.5195784695903379	0.25	0.523361086845398	5.545069217681885	0.046232559645987575
cov10_n5_g0_s42_hotspots_p80_chr1	5	10	1813	877	2092	0	0.38508708139833364	0.3184847998888943	0.25	0.22803717851638794	14.25859260559082	0.04729142102712827
cov10_n5_g0_s42_hotspots_p80_chr1	5	10	1814	945	1888	0	0.47885960051350185	0.44277965114090106	0.1111111111111111	0.4619670808315277	5.372350692749023	0.050168642647953385
cov10_n5_g0_s42_hotspots_p80_chr1	5	10	1815	471	1919	0	0.37792859969651527	0.3218863002940341	0.1111111111111111	0.2788974344730377	9.181221008300781	0.04966877664803636
cov10_n5_g0_s42_hotspots_p80_chr1	5	10	1816	448	1034	0	0.44550623422226365	0.3841123791338731	0.25	0.23955972492694855	17.292192459106445	0.04500078985928236
cov10_n5_g0_s42_hotspots_p80_chr1	5	10	1817	1171	2251	0	0.26696943582475685	0.20639830400131187	0.25	0.21730372309684753	7.54672908782959	0.05540602924097629
cov10_n5_g0_s42_hotspots_p80_chr1	5	10	1818	753	2084	0	0.4661322167844024	0.4303019009546082	0.42857142857142855	0.46320855617523193	5.063316822052002	0.05150431932440745
cov10_n5_g0_s42_hotspots_p80_chr1	5	10	1819	688	2022	0	0.4016076262083644	0.3549212074808909	0.25	0.34438204765319824	6.799749374389648	0.051150687202274225
cov10_n5_g0_s42_hotspots_p80_chr1	5	10	1820	899	2307	0	0.5672030982489852	0.5337854483084395	0.42857142857142855	0.48756536841392517	6.7667717933654785	0.043697085191510866
cov10_n5_g0_s42_hotspots_p80_chr1	5	10	1821	1171	2527	0	0.14532826846016672	0.054757995273568914	0.1111111111111111	0.09421224147081375	11.89749526977539	0.05549396443853801
cov10_n5_g0_s42_hotspots_p80_chr1	5	10	1822	962	1651	0	0.3248999974740578	0.2333833602857532	0.1111111111111111	0.1511942595243454	23.088666915893555	0.047806065207607315
cov10_n5_g0_s42_hotspots_p80_chr1	5	10	1823	598	2178	0	0.552538359012488	0.5204752284620867	0.42857142857142855	0.514983057975769	5.755843639373779	0.04579072459787216
cov10_n5_g0_s42_hotspots_p80_chr1	5	10	1824	622	1831	0	0.45287566787765604	0.40659569641996923	0.25	0.354830801486969	8.144892692565918	0.047545242381125376
cov10_n5_g0_s42_hotspots_p80_chr1	5	10	1825	662	1703	0	0.45842653493269303	0.4095181948306376	0.25	0.33212724328041077	9.525777816772461	0.046385263020856264
cov10_n5_g0_s42_hotspots_p80_chr1	5	10	1826	505	1174	0	0.5281382852367384	0.4864535972269122	0.42857142857142855	0.38558682799339294	9.380391120910645	0.043642100155008384
cov10_n5_g0_s42_hotspots_p80_chr1	5	10	1828	413	921	0	0.24034588738243257	0.16116992554372284	0.1111111111111111	0.15590927004814148	11.88227367401123	0.052653973153289416
cov10_n5_g0_s42_hotspots_p80_chr1	5	10	1829	636	1261	0	0.4273907409279123	0.3703682365689515	0.25	0.2762642204761505	11.966602325439453	0.04651078065947631
cov10_n5_g0_s42_hotspots_p80_chr1	5	10	1830	1075	1900	0	0.38264363802617896	0.31329208414473725	0.1111111111111111	0.21623386442661285	15.657110214233398	0.04708704722396693
cov10_n5_g0_s42_hotspots_p80_chr1	5	10	1831	715	1122	0	0.34197199104543197	0.30701820990678286	0.1111111111111111	0.4195842742919922	3.3213343620300293	0.06454165931725453
cov10_n5_g0_s42_hotspots_p80_chr1	5	10	1832	408	959	0	0.32144740902613866	0.21980708860596251	0.1111111111111111	0.13097956776618958	30.1149845123291	0.04754132781810471
cov10_n5_g0_s42_hotspots_p80_chr1	5	10	1833	765	1524	0	0.08020130981441656	-0.027580813593671687	0.0	0.04798419401049614	13.968073844909668	0.056169181650437064
cov10_n5_g0_s42_hotspots_p80_chr1	5	10	1834	461	1205	0	0.25661980236178755	0.17280180850299515	0.1111111111111111	0.1532193422317505	14.025652885437012	0.0512359959399164
cov10_n5_g0_s42_hotspots_p80_chr1	5	10	1835	386	994	0	0.3302403164368534	0.2777670875931492	0.25	0.2826555073261261	6.825199127197266	0.054020097489928136
cov10_n5_g0_s42_hotspots_p80_chr1	5	10	1836	733	1143	0	0.5256253257503394	0.4989748576293582	0.25	0.6103323101997375	3.708428144454956	0.05309462082696641
cov10_n5_g0_s42_hotspots_p80_chr1	5	10	1837	158	347	1	0.23492048321383338	0.18163810085383714	0.1111111111111111	0.2254631370306015	5.4282612800598145	0.06062547081939806
cov10_n5_g0_s42_hotspots_p80_chr1	5	10	1838	1051	2326	0	0.5753245248038736	0.539100091162244	0.42857142857142855	0.43420493602752686	8.778216361999512	0.04186830286022118
cov10_n5_g0_s42_hotspots_p80_chr1	5	10	1839	850	2027	0	0.3916460149029921	0.3205336866915197	0.1111111111111111	0.20724476873874664	17.856250762939453	0.046516782490397535
cov10_n5_g0_s42_hotspots_p80_chr1	5	10	1840	98	433	1	0.3459297866250397	0.2763488541424818	0.25	0.2134055197238922	13.138161659240723	0.04883030986618247
cov10_n5_g0_s42_hotspots_p80_chr1	5	10	1841	830	2183	0	0.2997555996985572	0.23124310488159894	0.25	0.20512890815734863	10.677041053771973	0.05143045701688784
cov10_n5_g0_s42_hotspots_p80_chr1	5	10	1842	1264	2164	0	0.13806686852434902	0.056842453649494376	0.1111111111111111	0.09984872490167618	9.560132026672363	0.05751756035170319
cov10_n5_g0_s42_hotspots_p80_chr1	5	10	1843	742	1770	0	0.15788279276664804	0.034475180879179015	0.0	0.07630736380815506	21.40458106994629	0.051985097510550124
cov10_n5_g0_s42_hotspots_p80_chr1	5	10	1844	821	1945	0	0.13116760593933183	0.042241721151191854	0.1111111111111111	0.08794528245925903	11.12238883972168	0.056428121522926214
cov10_n5_g0_s42_hotspots_p80_chr1	5	10	1845	420	1576	0	0.04146487368382606	-0.018872008641141923	0.0	0.04376325011253357	4.488607406616211	0.07117592306070775
cov10_n5_g0_s42_hotspots_p80_chr1	5	10	1846	847	2338	0	0.23076653439340808	0.1342153840964479	0.1111111111111111	0.12485381215810776	17.080949783325195	0.051064080725125784
cov10_n5_g0_s42_hotspots_p80_chr1	5	10	1847	155	788	1	0.48836162457548055	0.44521768569293635	0.42857142857142855	0.3821185827255249	8.166888236999512	0.04604321313504977
cov10_n5_g0_s42_hotspots_p80_chr1	5	10	1848	874	2573	0	0.49590733778323304	0.4474467678316652	0.25	0.3242509067058563	11.695229530334473	0.044131138937404696
cov10_n5_g0_s42_hotspots_p80_chr1	5	10	1849	698	2478	0	0.4312837149872184	0.37324286415395713	0.25	0.2690882682800293	12.844186782836914	0.04612766605185459
cov10_n5_g0_s42_hotspots_p80_chr1	5	10	1850	626	1889	0	0.34931089831823375	0.28585846335426146	0.1111111111111111	0.2375216782093048	10.814033508300781	0.049681958675274404
cov10_n5_g0_s42_hotspots_p80_chr1	5	10	1851	302	1172	0	0.5889788283368752	0.5633586929561288	0.42857142857142855	0.6257882714271545	4.4290900230407715	0.04683277370551616
cov10_n5_g0_s42_hotspots_p80_chr1	5	10	1852	63	250	1	0.31663578953029814	0.2894691208661483	0.1111111111111111	0.4952072203159332	2.044165849685669	0.07835130819274662
cov10_n5_g0_s42_hotspots_p80_chr1	5	10	1853	784	1983	0	0.2840743738305057	0.22371078256473848	0.25	0.22648648917675018	7.865919589996338	0.05437556003405816
cov10_n5_g0_s42_hotspots_p80_chr1	5	10	1854	1028	2032	0	0.4881656445613817	0.4488462657046466	0.42857142857142855	0.4239317774772644	6.629983901977539	0.04759952924786787
cov10_n5_g0_s42_hotspots_p80_chr1	5	10	1855	373	894	0	0.5233160485425717	0.4863097512704098	0.25	0.44847971200942993	6.807890892028809	0.04575703441728885
cov10_n5_g0_s42_hotspots_p80_chr1	5	10	1856	137	984	1	0.4016255976270096	0.36173535740031976	0.25	0.40163862705230713	4.999675273895264	0.05469889365606345
cov10_n5_g0_s42_hotspots_p80_chr1	5	10	1857	931	2192	0	0.4939127593887329	0.4456596506991103	0.25	0.32759538292884827	11.365668296813965	0.04429250945715288
cov10_n5_g0_s42_hotspots_p80_chr1	5	10	1858	539	1590	0	0.5645271006781485	0.5315221593070911	0.42857142857142855	0.4956197738647461	6.48697566986084	0.044145656907514375
cov10_n5_g0_s42_hotspots_p80_chr1	5	10	1859	689	1942	0	0.17467593996237787	0.07363117662034442	0.0	0.09856507182121277	15.703269004821777	0.052945133503991194
cov10_n5_g0_s42_hotspots_p80_chr1	5	10	1860	955	1945	0	0.6990123475956828	0.678961216741539	0.42857142857142855	0.6994922757148743	4.993141174316406	0.03880686253019688
cov10_n5_g0_s42_hotspots_p80_chr1	5	10	1861	409	1313	0	0.6192360547425513	0.5858792696717487	0.42857142857142855	0.4302014708518982	10.3594970703125	0.03944128318166231
cov10_n5_g0_s42_hotspots_p80_chr1	5	10	1862	1221	2722	0	0.643309744692733	0.6182533987070878	0.25	0.6111779808998108	5.539554595947266	0.04123844237992745
cov10_n5_g0_s42_hotspots_p80_chr1	5	10	1863	712	2100	0	0.5595029983192038	0.5282593878151665	0.25	0.5268423557281494	5.63914680480957	0.04563370702270307
cov10_n5_g0_s42_hotspots_p80_chr1	5	10	1864	588	1933	0	0.43025184161911995	0.3633200390931091	0.25	0.20931074023246765	21.12673568725586	0.04522293234853838
cov10_n5_g0_s42_hotspots_p80_chr1	5	10	1865	806	2574	0	0.5122222509485221	0.46198435647955305	0.25	0.27688926458358765	17.11096954345703	0.04296602313434043
cov10_n5_g0_s42_hotspots_p80_chr1	5	10	1866	607	2090	0	0.7071119999702234	0.683564016937325	0.42857142857142855	0.46019816398620605	11.8047456741333	0.03546696058540639
cov10_n5_g0_s42_hotspots_p80_chr1	5	10	1867	479	1646	0	0.20916307397271597	0.1279026546231588	0.1111111111111111	0.13831667602062225	11.433810234069824	0.053867110081346266
cov10_n5_g0_s42_hotspots_p80_chr1	5	10	1868	750	1770	0	0.45211939330970463	0.3971205100910619	0.25	0.28506386280059814	12.577428817749023	0.045481033371141094
cov10_n5_g0_s42_hotspots_p80_chr1	5	10	1869	370	1296	0	0.2337009917938864	0.10413955918820525	0.1111111111111111	0.09460330009460449	30.512544631958008	0.04936244545158394
cov10_n5_g0_s42_hotspots_p80_chr1	5	10	1870	649	1601	0	0.4743112483312069	0.4210125122206069	0.25	0.2891571521759033	13.453302383422852	0.044534863405258904
cov10_n5_g0_s42_hotspots_p80_chr1	5	10	1871	384	1482	0	0.2612643658999384	0.1637401664814384	0.1111111111111111	0.13235406577587128	19.482999801635742	0.04979773745552304
cov10_n5_g0_s42_hotspots_p80_chr1	5	10	1872	709	1982	0	0.307516674860466	0.21166903601548112	0.1111111111111111	0.14232569932937622	23.34213638305664	0.048206676830937004
cov10_n5_g0_s42_hotspots_p80_chr1	5	10	1873	197	980	1	0.24279760828703167	0.186993912563751	0.25	0.22083738446235657	6.043848991394043	0.0588560226766431
cov10_n5_g0_s42_hotspots_p80_chr1	5	10	1874	299	665	0	0.08862638223083863	0.038146072257142026	0.1111111111111111	0.10547605156898499	3.5301105976104736	0.07425351797344432
cov10_n5_g0_s42_hotspots_p80_chr1	5	10	1875	573	2031	0	0.647073481298041	0.6186049145059785	0.42857142857142855	0.5181525349617004	7.797618865966797	0.038888185111397675
cov10_n5_g0_s42_hotspots_p80_chr1	5	10	1876	405	837	0	0.4383202078031934	0.3718530136951219	0.42857142857142855	0.19392189383506775	25.544612884521484	0.044941411938167586
cov10_n5_g0_s42_hotspots_p80_chr1	5	10	1877	16	47	1	0.27524095321739855	0.11891767800211264	0.0	0.07575757056474686	66.00001525878906	0.048068763876410035
cov10_n5_g0_s42_hotspots_p80_chr1	5	10	1878	559	1747	0	0.5180537670595955	0.48876451012239563	0.25	0.5631556510925293	4.231192111968994	0.05136605443743243
cov10_n5_g0_s42_hotspots_p80_chr1	5	10	1879	1140	2021	0	0.38220503589781407	0.3138384593322373	0.25	0.22044754028320312	15.029768943786621	0.04721699997841197
cov10_n5_g0_s42_hotspots_p80_chr1	5	10	1880	621	2535	0	0.3644619164901715	0.311068000324356	0.25	0.29014647006988525	7.889321327209473	0.05131946681527596
cov10_n5_g0_s42_hotspots_p80_chr1	5	10	1881	560	1840	0	0.15026400459366726	0.10364357298013888	0.1111111111111111	0.18020273745059967	3.476619005203247	0.07207241683131274
cov10_n5_g0_s42_hotspots_p80_chr1	5	10	1882	803	1604	0	0.39931811749341467	0.34385378545601447	0.25	0.2856079638004303	9.773890495300293	0.04848585200433863
cov10_n5_g0_s42_hotspots_p80_chr1	5	10	1883	452	1750	0	0.5964173375305233	0.5737642520195543	0.25	0.6906245946884155	3.7289488315582275	0.048979875334001395
cov10_n5_g0_s42_hotspots_p80_chr1	5	10	1884	1077	2396	0	0.4945884298952028	0.44278674758737985	0.25	0.28723281621932983	14.824827194213867	0.04366939385639105
cov10_n5_g0_s42_hotspots_p80_chr1	5	10	1885	1276	2539	0	0.39688832138771957	0.33676817400571585	0.42857142857142855	0.259491890668869	11.696584701538086	0.04765740776086199
cov10_n5_g0_s42_hotspots_p80_chr1	5	10	1886	964	2247	0	0.41474812563017777	0.34391558648422216	0.25	0.19677205383777618	22.213247299194336	0.04559459415974001
cov10_n5_g0_s42_hotspots_p80_chr1	5	10	1887	396	1120	0	0.31895838361042145	0.23667791807753819	0.1111111111111111	0.17197160422801971	17.199846267700195	0.04865072148976015
cov10_n5_g0_s42_hotspots_p80_chr1	5	10	1889	596	1234	0	0.4098017753699591	0.3526586412899245	0.25	0.27640533447265625	10.99068546295166	0.047489998402180884
cov10_n5_g0_s42_hotspots_p80_chr1	5	10	1890	571	1433	0	0.23319896082555042	0.16076065927719674	0.1111111111111111	0.16684792935848236	9.76745891571045	0.054272645288342934
cov10_n5_g0_s42_hotspots_p80_chr1	5	10	1891	1008	1936	0	0.37283220921275845	0.3084103022867206	0.1111111111111111	0.23720821738243103	12.35200309753418	0.04822800594290371
cov10_n5_g0_s42_hotspots_p80_chr1	5	10	1892	656	1958	0	0.5191257900977372	0.4915433373544037	0.25	0.5927153825759888	3.83550763130188	0.05287196138146035
cov10_n5_g0_s42_hotspots_p80_chr1	5	10	1893	120	678	1	0.24992453076256044	0.1545138427622748	0.1111111111111111	0.13232432305812836	17.836450576782227	0.05039038064109381
cov10_n5_g0_s42_hotspots_p80_chr1	5	10	1894	187	387	1	0.3799614299765577	0.3508330053741346	0.25	0.5152201652526855	2.719338893890381	0.06723544246128113
cov10_n5_g0_s42_hotspots_p80_chr1	5	10	1895	7	81	1	0.25819887541929487	0.22084711628963785	0.1111111111111111	0.3333333432674408	2.999999761581421	0.07071067952354972
cov10_n5_g0_s42_hotspots_p80_chr1	5	10	1896	802	2239	0	0.5759291944582002	0.5383646021663708	0.25	0.4085838496685028	9.93449592590332	0.04141645398384975
cov10_n5_g0_s42_hotspots_p80_chr1	5	10	1897	971	2546	0	0.5607725412056694	0.5330029312393054	0.25	0.5885637402534485	4.538962364196777	0.048074055678444645
cov10_n5_g0_s42_hotspots_p80_chr1	5	10	1898	751	2196	0	0.11536941033809284	0.05663808386871661	0.25	0.11581879109144211	4.96127462387085	0.06663647479588017
cov10_n5_g0_s42_hotspots_p80_chr1	5	10	1899	820	1929	0	0.4296550007965939	0.3808328667125241	0.25	0.33313116431236267	8.317238807678223	0.04834507860967898
cov10_n5_g0_s42_hotspots_p80_chr1	5	10	1900	1141	2132	0	0.5551097168541559	0.5143592370262334	0.25	0.3764888644218445	10.869847297668457	0.04204195447942743
cov10_n5_g0_s42_hotspots_p80_chr1	5	10	1901	925	1677	0	0.20596324899961882	0.10886034416614022	0.0	0.11528847366571426	15.957971572875977	0.05202754317186692
cov10_n5_g0_s42_hotspots_p80_chr1	5	10	1902	741	1893	0	0.022511009678207995	-0.03529585501791093	0.0	0.025203464552760124	3.988774538040161	0.07421440188961466
cov10_n5_g0_s42_hotspots_p80_chr1	5	10	1903	792	1507	0	0.27320958732424483	0.1909319495769767	0.1111111111111111	0.1616014987230301	14.291276931762695	0.050662134507850155
cov10_n5_g0_s42_hotspots_p80_chr1	5	10	1904	1101	1803	0	0.5211903164078363	0.4771694727434925	0.25	0.35982760787010193	10.489957809448242	0.043502620136623496
cov10_n5_g0_s42_hotspots_p80_chr1	5	10	1905	1035	1997	0	0.3818223361593935	0.31802781937458036	0.25	0.24070538580417633	12.581169128417969	0.047854167397812605
cov10_n5_g0_s42_hotspots_p80_chr1	5	10	1906	844	1592	0	0.3222617824304409	0.28576443941653384	0.1111111111111111	0.39103490114212036	3.3959128856658936	0.06500554130292024
cov10_n5_g0_s42_hotspots_p80_chr1	5	10	1907	684	1803	0	0.22223170248758367	0.1443606446904838	0.1111111111111111	0.15041838586330414	10.913905143737793	0.0537888098882233
cov10_n5_g0_s42_hotspots_p80_chr1	5	10	1908	856	2136	0	0.3077230906181453	0.2155391736888033	0.1111111111111111	0.14918966591358185	21.272214889526367	0.04839083230737937
cov10_n5_g0_s42_hotspots_p80_chr1	5	10	1909	276	688	0	0.26860841455467926	0.11746600581373838	0.0	0.08354660868644714	51.683467864990234	0.04820916729424055
cov10_n5_g0_s42_hotspots_p80_chr1	5	10	1910	742	1200	0	0.2788975994664443	0.18672079301482192	0.1111111111111111	0.1446700543165207	18.58241844177246	0.04949069186554723
cov10_n5_g0_s42_hotspots_p80_chr1	5	10	1911	1321	2217	0	0.24819487547820124	0.1906368047830794	0.1111111111111111	0.2176494598388672	6.501902103424072	0.05774311287078383
cov10_n5_g0_s42_hotspots_p80_chr1	5	10	1912	669	1454	0	0.4496706429522366	0.4178939167783828	0.42857142857142855	0.5115759968757629	3.8631246089935303	0.05637235716919025
cov10_n5_g0_s42_hotspots_p80_chr1	5	10	1918	845	1422	0	0.3770007769492322	0.30132148797331737	0.25	0.19155724346637726	19.366775512695312	0.046772309846689696
cov10_n5_g0_s42_hotspots_p80_chr1	5	10	1919	904	1477	0	0.18329702227830885	0.09843712596881543	0.1111111111111111	0.12038678675889969	11.591058731079102	0.054557158415995524
cov10_n5_g0_s42_hotspots_p80_chr1	5	10	1920	881	1125	0	0.16919267619760653	0.06555057810873818	0.1111111111111111	0.09398351609706879	16.204280853271484	0.05292904263215767
cov10_n5_g0_s42_hotspots_p80_chr1	5	10	1921	799	1059	0	0.4608824849463205	0.4047544068196321	0.25	0.2722097635269165	14.333194732666016	0.04484476071074277
cov10_n5_g0_s42_hotspots_p80_chr1	5	10	1922	1032	2201	0	0.2563112390927606	0.14893040057727144	0.0	0.11874343454837799	23.2962589263916	0.04942519314291158
cov10_n5_g0_s42_hotspots_p80_chr1	5	10	1923	1091	2020	0	0.6302063571434423	0.598416184155176	0.42857142857142855	0.355630487203598	15.701372146606445	0.03896095758656522
cov10_n5_g0_s42_hotspots_p80_chr1	5	10	1924	1022	1919	0	0.6408879493324332	0.6212997715844963	0.25	0.7560333609580994	3.592959403991699	0.04689199574349789
cov10_n5_g0_s42_hotspots_p80_chr1	5	10	1925	572	1298	0	0.3846683257021627	0.3167009044373073	0.25	0.22204001247882843	15.006531715393066	0.04714626697338745
cov10_n5_g0_s42_hotspots_p80_chr1	5	10	1926	671	1500	0	0.21874499584496832	0.08981972319209834	0.1111111111111111	0.09182904660701752	28.371749877929688	0.049813992529985675
cov10_n5_g0_s42_hotspots_p80_chr1	5	10	1927	785	1432	0	0.3623967698518956	0.2836683693062866	0.25	0.18304449319839478	19.598609924316406	0.04714422367976406
cov10_n5_g0_s42_hotspots_p80_chr1	5	10	1928	1395	2269	0	0.4999403739162532	0.449460851909265	0.25	0.29763874411582947	14.106767654418945	0.04356496155623653
cov10_n5_g0_s42_hotspots_p80_chr1	5	10	1929	1147	1833	0	0.4943098545312823	0.4412336942751824	0.25	0.2692378759384155	16.853736877441406	0.04353717867088238
cov10_n5_g0_s42_hotspots_p80_chr1	5	10	1930	1033	2314	0	0.2861904978848316	0.22451532249172992	0.1111111111111111	0.2226586937904358	8.260401725769043	0.05385118461401375
cov10_n5_g0_s42_hotspots_p80_chr1	5	10	1931	1095	2045	0	0.21905220580740825	0.13285377122224037	0.1111111111111111	0.13489118218421936	13.185546875	0.05266452107375953
cov10_n5_g0_s42_hotspots_p80_chr1	5	10	1932	1184	2203	0	0.5111061382817178	0.4727130155492175	0.25	0.4328336715698242	6.9718828201293945	0.04613835219286645
cov10_n5_g0_s42_hotspots_p80_chr1	5	10	1933	875	1676	0	0.2912043370957077	0.19422871528632335	0.0	0.13887569308280945	21.984325408935547	0.04872585009555149
cov10_n5_g0_s42_hotspots_p80_chr1	5	10	1934	926	1949	0	0.230636598915315	0.11653803800064656	0.1111111111111111	0.10603920370340347	23.653398513793945	0.04998268961190195
cov10_n5_g0_s42_hotspots_p80_chr1	5	10	1935	340	599	0	0.10120491155591986	0.023525602920778085	0.1111111111111111	0.07945147901773453	8.112770080566406	0.06036160495329038
cov10_n5_g0_s42_hotspots_p80_chr1	5	10	1936	18	93	1	0.08944271743299126	-0.06266795614405128	0.0	0.04000000283122063	24.999996185302734	0.05291502675634224
cov10_n5_g0_s42_hotspots_p80_chr1	5	10	1938	420	998	0	0.1029192422372744	0.05061155448165751	0.1111111111111111	0.11669741570949554	3.8890247344970703	0.07162880873864753
cov10_n5_g0_s42_hotspots_p80_chr1	5	10	1939	761	2203	0	0.34968156737992184	0.29594136217605677	0.1111111111111111	0.2834371030330658	7.6103057861328125	0.05220463774066242
cov10_n5_g0_s42_hotspots_p80_chr1	5	10	1940	1160	2007	0	0.30867537079559154	0.22804584573046766	0.1111111111111111	0.17428138852119446	15.684544563293457	0.04924993270531999
cov10_n5_g0_s42_hotspots_p80_chr1	5	10	1941	348	632	0	0.1571937200303302	0.07618244975419179	0.1111111111111111	0.11142783612012863	9.950685501098633	0.05656019529745553
cov10_n5_g0_s42_hotspots_p80_chr1	5	10	1942	752	2113	0	0.24019836529348002	0.1533763580027111	0.1111111111111111	0.1421794295310974	14.270417213439941	0.051624033947698524
cov10_n5_g0_s42_hotspots_p80_chr1	5	10	1943	753	1860	0	0.038796768023728626	-0.017199953995955437	0.0	0.04405367746949196	3.877902030944824	0.07418304499276342
cov10_n5_g0_s42_hotspots_p80_chr1	5	10	1944	765	1768	0	0.09662078175751306	0.04007039663962955	0.25	0.10249927639961243	4.442930221557617	0.06928897713231993
cov10_n5_g0_s42_hotspots_p80_chr1	5	10	1945	998	2104	0	0.3880958255835107	0.32749075571444813	0.25	0.2565043270587921	11.446127891540527	0.0480577861360149
cov10_n5_g0_s42_hotspots_p80_chr1	5	10	1946	1139	2069	0	0.35764303337186454	0.29245512453543315	0.1111111111111111	0.23199717700481415	11.882400512695312	0.048907976081262204
cov10_n5_g0_s42_hotspots_p80_chr1	5	10	1947	1171	2112	0	0.5589976700200133	0.517653987652753	0.25	0.35905253887176514	12.1192045211792	0.04166723236057161
cov10_n5_g0_s42_hotspots_p80_chr1	5	10	1948	915	2235	0	0.4484782414275301	0.4023271752463274	0.25	0.3558594882488251	7.941375732421875	0.04790341556274189
cov10_n5_g0_s42_hotspots_p80_chr1	5	10	1949	571	2241	0	0.21099302461452216	0.14567080017633982	0.1111111111111111	0.17179375886917114	7.542082786560059	0.057431683017260926
cov10_n5_g0_s42_hotspots_p80_chr1	5	10	1950	526	1387	0	0.18097791993546386	0.0618430984283128	0.1111111111111111	0.08714120090007782	21.56622314453125	0.051418907239079485
cov10_n5_g0_s42_hotspots_p80_chr1	5	10	1951	232	503	0	0.4106847941004576	0.3518205492869923	0.25	0.2663935720920563	11.88337516784668	0.047116047757679975
cov10_n5_g0_s42_hotspots_p80_chr1	5	10	1952	568	2630	0	0.2627707412308496	0.17366241604049745	0.0	0.14576834440231323	16.247913360595703	0.05040325253724512
cov10_n5_g0_s42_hotspots_p80_chr1	5	10	1953	837	1469	0	0.2312315523757833	0.11734484477495148	0.0	0.10637999325990677	23.623497009277344	0.049972333980829
cov10_n5_g0_s42_hotspots_p80_chr1	5	10	1954	615	1401	0	0.06514521716107761	-0.047226479265309276	0.0	0.0382256880402565	14.521930694580078	0.056299543133173646
cov10_n5_g0_s42_hotspots_p80_chr1	5	10	1955	987	2578	0	0.5078779842146081	0.47879932961925226	0.25	0.5657199621200562	4.029821395874023	0.05266189001771855
cov10_n5_g0_s42_hotspots_p80_chr1	5	10	1956	946	2214	0	0.2707411919458204	0.169333991866602	0.1111111111111111	0.12901172041893005	22.020153045654297	0.04921994754931528
cov10_n5_g0_s42_hotspots_p80_chr1	5	10	1957	391	2030	0	0.5570630410107625	0.5238163846726379	0.25	0.4944689869880676	6.346007347106934	0.04469225118047947
cov10_n5_g0_s42_hotspots_p80_chr1	5	10	1958	580	1900	0	0.5974392190426655	0.5605409176794922	0.25	0.3727857172489166	12.842185974121094	0.04011765229232728
cov10_n5_g0_s42_hotspots_p80_chr1	5	10	1959	977	2432	0	0.49358515009261017	0.4640291189291369	0.25	0.5558009743690491	3.94326114654541	0.053767650090757825
cov10_n5_g0_s42_hotspots_p80_chr1	5	10	1960	938	1957	0	0.358514718416911	0.31287969933587384	0.1111111111111111	0.3370685279369354	5.656496524810791	0.054995506561390906
cov10_n5_g0_s42_hotspots_p80_chr1	5	10	1961	792	1981	0	0.5286334772276691	0.48516835307193934	0.42857142857142855	0.36160576343536377	10.685837745666504	0.04314792741135965
cov10_n5_g0_s42_hotspots_p80_chr1	5	10	1962	810	1840	0	0.5410261506088557	0.4982520498289108	0.42857142857142855	0.3597848117351532	11.30630874633789	0.042504744209427445
cov10_n5_g0_s42_hotspots_p80_chr1	5	10	1963	149	779	1	0.07408271492243351	-0.008978300135457522	0.0	0.056265488266944885	8.668014526367188	0.06050418148303699
cov10_n5_g0_s42_hotspots_p80_chr1	5	10	1964	893	2671	0	0.6602882041507078	0.6329974407005976	0.42857142857142855	0.5295766592025757	7.772836208343506	0.038213630445297866
cov10_n5_g0_s42_hotspots_p80_chr1	5	10	1965	569	1803	0	0.40359961373049097	0.33917873418426664	0.1111111111111111	0.23696525394916534	14.504481315612793	0.046658079137588515
cov10_n5_g0_s42_hotspots_p80_chr1	5	10	1966	796	2362	0	0.4733428908534103	0.44515066627368766	0.25	0.5731863975524902	3.409808397293091	0.05744530847461139
cov10_n5_g0_s42_hotspots_p80_chr1	5	10	1967	454	1427	0	0.4793566829113548	0.4391234377644496	0.25	0.4138427972793579	6.708366870880127	0.047897084381891226
cov10_n5_g0_s42_hotspots_p80_chr1	5	10	1968	450	1098	0	0.11309869326746078	0.04815587164736333	0.1111111111111111	0.10358124226331711	5.961052894592285	0.06386735229877916
cov10_n5_g0_s42_hotspots_p80_chr1	5	10	1969	820	2105	0	0.35004856457397426	0.2940614247920493	0.1111111111111111	0.27183592319488525	8.29111385345459	0.051463178078099366
cov10_n5_g0_s42_hotspots_p80_chr1	5	10	1970	618	1246	0	0.5839982742264719	0.550811133501752	0.25	0.4818704128265381	7.34399938583374	0.04234049809209281
cov10_n5_g0_s42_hotspots_p80_chr1	5	10	1971	1145	1845	0	0.5073360201957041	0.462011307879117	0.25	0.3524600863456726	10.359564781188965	0.04409437507016968
cov10_n5_g0_s42_hotspots_p80_chr1	5	10	1972	746	1598	0	0.4243060517783787	0.36622889754997323	0.25	0.2699979543685913	12.348311424255371	0.04650047797494618
cov10_n5_g0_s42_hotspots_p80_chr1	5	10	1973	482	1191	0	0.36441109816765294	0.2948251889871261	0.25	0.21539755165576935	14.311056137084961	0.04792142347940303
cov10_n5_g0_s42_hotspots_p80_chr1	5	10	1974	601	2172	0	0.2520247033016582	0.17185550926718937	0.1111111111111111	0.1585909128189087	12.626986503601074	0.05193254138034062
cov10_n5_g0_s42_hotspots_p80_chr1	5	10	1975	862	2082	0	0.3859923973765302	0.32599000517953836	0.1111111111111111	0.2593669593334198	11.073840141296387	0.04829028398269395
cov10_n5_g0_s42_hotspots_p80_chr1	5	10	1976	525	1967	0	0.5552974163868338	0.5163197377123014	0.25	0.4055965840816498	9.372011184692383	0.042494418944465095
cov10_n5_g0_s42_hotspots_p80_chr1	5	10	1977	514	2028	0	0.3491564357038041	0.3023004576184982	0.25	0.32453644275665283	5.787396430969238	0.05511065031551736
cov10_n5_g0_s42_hotspots_p80_chr1	5	10	1978	316	1591	0	0.3836785205445973	0.3006268585546059	0.1111111111111111	0.14918845891952515	33.070030212402344	0.046174056202575656
cov10_n5_g0_s42_hotspots_p80_chr1	5	10	1979	305	1899	0	0.31121412391638265	0.24266064864124873	0.1111111111111111	0.20871314406394958	11.117035865783691	0.05080191682827095
cov10_n5_g0_s42_hotspots_p80_chr1	5	10	1980	476	1476	0	0.2594065559068094	0.17805871087151506	0.1111111111111111	0.15894050896167755	13.3187255859375	0.05141814519524771
cov10_n5_g0_s42_hotspots_p80_chr1	5	10	1981	59	552	1	0.26140270243395786	0.14446058054781563	0.0	0.10953988134860992	28.473814010620117	0.04890092504697843
cov10_n5_g0_s42_hotspots_p80_chr1	5	10	1982	438	1602	0	0.24566542880319356	0.1354967409498588	0.1111111111111111	0.11342476308345795	23.455371856689453	0.049656853913330475
cov10_n5_g0_s42_hotspots_p80_chr1	5	10	1983	310	1199	0	0.26675485379248093	0.182442970980519	0.1111111111111111	0.15559031069278717	14.697031021118164	0.05072041401364626
cov10_n5_g0_s42_hotspots_p80_chr1	5	10	1984	843	1985	0	0.13336532840136026	0.05497926763999288	0.1111111111111111	0.10022815316915512	8.852713584899902	0.0584025320268486
cov10_n5_g0_s42_hotspots_p80_chr1	5	10	1985	220	892	0	0.4954874926075847	0.44194741234288193	0.42857142857142855	0.25450360774993896	18.951671600341797	0.043440239758530876
cov10_n5_g0_s42_hotspots_p80_chr1	5	10	1986	1185	2635	0	0.5647018944136103	0.5229734292467156	0.25	0.32399678230285645	15.188925743103027	0.041267227823433165
cov10_n5_g0_s42_hotspots_p80_chr1	5	10	1987	657	1837	0	0.4401798529277204	0.3854289610618748	0.42857142857142855	0.28971678018569946	11.542054176330566	0.04619970025644408
cov10_n5_g0_s42_hotspots_p80_chr1	5	10	1988	846	1635	0	0.2185093268662173	0.11735360803273519	0.1111111111111111	0.11530188471078873	17.95713996887207	0.05118195551051715
cov10_n5_g0_s42_hotspots_p80_chr1	5	10	1989	1192	1962	0	0.27267393786118377	0.1662478840177812	0.1111111111111111	0.12279200553894043	24.655685424804688	0.048918528621059665
cov10_n5_g0_s42_hotspots_p80_chr1	5	10	1990	564	1904	0	0.2610775716048082	0.19163561891056108	0.1111111111111111	0.18718403577804565	9.726836204528809	0.05337775055702361
cov10_n5_g0_s42_hotspots_p80_chr1	5	10	1991	301	947	0	0.13944382789288484	0.042944034885217454	0.0	0.08591502159833908	13.171351432800293	0.054949561606166236
cov10_n5_g0_s42_hotspots_p80_chr1	5	10	1992	738	1958	0	0.628489401669402	0.6076239497221301	0.6666666666666666	0.7260547876358032	3.7465124130249023	0.04696980077329479
cov10_n5_g0_s42_hotspots_p80_chr1	5	10	1993	885	2423	0	0.31543783531637454	0.23272836105606412	0.1111111111111111	0.17044129967689514	17.125682830810547	0.048761577264206456
cov10_n5_g0_s42_hotspots_p80_chr1	5	10	1994	1013	2508	0	0.3762714979396848	0.31307673275144166	0.25	0.24303564429283142	11.984851837158203	0.04824733297605266
cov10_n5_g0_s42_hotspots_p80_chr1	5	10	1995	961	2024	0	0.3896190434900084	0.31927612853328025	0.25	0.2110844999551773	17.03482437133789	0.04667299540367545
cov10_n5_g0_s42_hotspots_p80_chr1	5	10	1996	943	2233	0	0.26281721683543796	0.18800893339461938	0.25	0.17438611388206482	11.356741905212402	0.0522373153677991
cov10_n5_g0_s42_hotspots_p80_chr1	5	10	1997	1058	2561	0	0.28739389782177116	0.21476458183270347	0.1111111111111111	0.1889309138059616	11.569619178771973	0.0513396657752173
cov10_n5_g0_s42_hotspots_p80_chr1	5	10	1998	768	2582	0	0.36648938317948193	0.31831123777288534	0.25	0.32278311252593994	6.445716857910156	0.053154084072093495
cov10_n5_g0_s42_hotspots_p80_chr1	5	10	1999	1036	2466	0	0.34192619522763407	0.28036569923061694	0.25	0.2436075210571289	9.850388526916504	0.050506909185494504
cov10_n5_g0_s42_hotspots_p80_chr1	5	10	2000	493	1629	0	0.22830866322431764	0.1288315109143228	0.1111111111111111	0.12045560032129288	17.96225357055664	0.050927652812778224
cov10_n5_g0_s42_hotspots_p80_chr1	5	10	2001	232	1050	0	0.37430422907145444	0.3420555566281662	0.25	0.47043299674987793	3.16536545753479	0.06400645048798506
cov10_n5_g0_s42_hotspots_p80_chr1	5	10	2002	742	1777	0	0.3615862779544961	0.28664459931622854	0.25	0.1959068477153778	17.03313636779785	0.04747977901708537
cov10_n5_g0_s42_hotspots_p80_chr1	5	10	2003	344	1855	0	0.3870535991792467	0.34811250763656365	0.1111111111111111	0.4047337770462036	4.572707653045654	0.0566563456531658
cov10_n5_g0_s42_hotspots_p80_chr1	5	10	2004	334	1276	0	0.4436311311844552	0.3902233946738353	0.25	0.29883086681365967	11.019532203674316	0.04626224289260039
cov10_n5_g0_s42_hotspots_p80_chr1	5	10	2005	651	2346	0	0.5833691202211365	0.5454304694627803	0.42857142857142855	0.3875526487827301	11.329099655151367	0.040811641472412286
cov10_n5_g0_s42_hotspots_p80_chr1	5	10	2006	986	2076	0	0.36859121163583275	0.2998369281465436	0.25	0.21884620189666748	14.183452606201172	0.047823401262254275
cov10_n5_g0_s42_hotspots_p80_chr1	5	10	2007	689	2184	0	0.3553384390031635	0.2778756548519461	0.1111111111111111	0.18767230212688446	17.924787521362305	0.04752890494775373
cov10_n5_g0_s42_hotspots_p80_chr1	5	10	2008	808	2084	0	0.5816754943066771	0.5555620084680847	0.25	0.6172871589660645	4.439735412597656	0.04721278913343873
cov10_n5_g0_s42_hotspots_p80_chr1	5	10	2009	324	1720	0	0.5238086506460645	0.48560262945444677	0.25	0.43248388171195984	7.334583282470703	0.045186672130932325
cov10_n5_g0_s42_hotspots_p80_chr1	5	10	2010	852	1755	0	0.3229067383541618	0.24216860660142356	0.25	0.17635942995548248	16.76203727722168	0.04862032035875989
cov10_n5_g0_s42_hotspots_p80_chr1	5	10	2011	519	1642	0	0.4113097854386055	0.35259345080007976	0.25	0.2672215402126312	11.845820426940918	0.04710750201510785
cov10_n5_g0_s42_hotspots_p80_chr1	5	10	2012	317	991	0	0.3255102145594261	0.24387986431047767	0.1111111111111111	0.17438848316669464	17.42061996459961	0.04843137400398708
cov10_n5_g0_s42_hotspots_p80_chr1	5	10	2013	673	2183	0	0.49871037550470426	0.4535557136209393	0.42857142857142855	0.3581930994987488	9.692421913146973	0.044706842608217515
cov10_n5_g0_s42_hotspots_p80_chr1	5	10	2014	334	810	0	0.32988451770232974	0.26371506591728644	0.25	0.22222751379013062	11.017884254455566	0.050233271650007696
cov10_n5_g0_s42_hotspots_p80_chr1	5	10	2015	866	1669	0	0.5259109230389296	0.48350917004256433	0.25	0.37756094336509705	9.701083183288574	0.04359714689091418
cov10_n5_g0_s42_hotspots_p80_chr1	5	10	2016	1168	2452	0	0.15082408572054243	0.08087689185705059	0.25	0.12363243103027344	7.44126033782959	0.059679650932427226
cov10_n5_g0_s42_hotspots_p80_chr1	5	10	2017	488	1939	0	0.20350015668474236	0.13543314004838408	0.1111111111111111	0.1607825756072998	8.009798049926758	0.05706729258224126
cov10_n5_g0_s42_hotspots_p80_chr1	5	10	2018	709	1638	0	0.23813722439449994	0.142457572923715	0.1111111111111111	0.1283837854862213	17.203001022338867	0.0508399299205218
cov10_n5_g0_s42_hotspots_p80_chr1	5	10	2019	501	1532	0	0.4125031798235443	0.3547638711561027	0.25	0.2728840112686157	11.425321578979492	0.04721907577657234
cov10_n5_g0_s42_hotspots_p80_chr1	5	10	2020	841	1877	0	0.3677452140475374	0.304533870264101	0.1111111111111111	0.2419361174106598	11.552145004272461	0.04870697670170407
cov10_n5_g0_s42_hotspots_p80_chr1	5	10	2021	134	608	1	0.35039977379276993	0.3102733574355475	0.1111111111111111	0.37598857283592224	4.34258508682251	0.05914834720520778
cov10_n5_g0_s42_hotspots_p80_chr1	5	10	2022	574	2023	0	0.22602524909218447	0.14315665944820094	0.1111111111111111	0.1431756168603897	12.460798263549805	0.052794583281815695
cov10_n5_g0_s42_hotspots_p80_chr1	5	10	2023	324	1212	0	0.5043268891541407	0.4863296858587734	0.42857142857142855	0.8021974563598633	1.9762036800384521	0.06938495465015992
cov10_n5_g0_s42_hotspots_p80_chr1	5	10	2024	358	1231	0	0.4206428688065587	0.38296372734141604	0.25	0.4304540157318115	4.774672508239746	0.05445833892434706
cov10_n5_g0_s42_hotspots_p80_chr1	5	10	2025	403	1411	0	0.44613262272019927	0.39569364673229956	0.25	0.3209119439125061	9.663314819335938	0.04678666641782026
cov10_n5_g0_s42_hotspots_p80_chr1	5	10	2026	773	2066	0	0.49364551254286965	0.4637954203100893	0.25	0.5511323809623718	4.011331558227539	0.05348373933402301
cov10_n5_g0_s42_hotspots_p80_chr1	5	10	2027	800	2484	0	0.5190442421783814	0.48586860291187955	0.25	0.5024675726890564	5.335347652435303	0.04827553582263538
cov10_n5_g0_s42_hotspots_p80_chr1	5	10	2028	634	1566	0	0.6710901453541946	0.6467121808949592	0.42857142857142855	0.600432276725769	6.246024131774902	0.03871836589797858
cov10_n5_g0_s42_hotspots_p80_chr1	5	10	2029	306	1226	0	0.19021956154720202	0.09962476412860102	0.1111111111111111	0.1163463294506073	13.365184783935547	0.05341848177904835
cov10_n5_g0_s42_hotspots_p80_chr1	5	10	2030	260	877	0	0.2663270925679324	0.15473991322629077	0.1111111111111111	0.11579965800046921	26.447593688964844	0.04892478466823478
cov10_n5_g0_s42_hotspots_p80_chr1	5	10	2031	426	1135	0	0.028350102230564805	-0.052944606642867674	0.0	0.022977475076913834	7.611577987670898	0.06346138773516666
cov10_n5_g0_s42_hotspots_p80_chr1	5	10	2032	268	969	0	0.007384659310156335	-0.052288859217193645	0.0	0.00814090296626091	4.114204406738281	0.07414546648180416
cov10_n5_g0_s42_hotspots_p80_chr1	5	10	2033	321	1612	0	0.6467883950202641	0.6219118354351655	0.42857142857142855	0.6128153800964355	5.569743633270264	0.04099014218678667
cov10_n5_g0_s42_hotspots_p80_chr1	5	10	2034	505	1213	0	0.03279970311761923	-0.045869905108509204	0.0	0.027275457978248596	7.230456829071045	0.06397203087376718
cov10_n5_g0_s42_hotspots_p80_chr1	5	10	2035	970	2398	0	0.5764124385157413	0.5365068653181032	0.42857142857142855	0.32087886333465576	16.134458541870117	0.040869853121948956
cov10_n5_g0_s42_hotspots_p80_chr1	5	10	2036	769	1792	0	0.3786809226842895	0.3228262197646375	0.25	0.280077189207077	9.14031982421875	0.04967072653071661
cov10_n5_g0_s42_hotspots_p80_chr1	5	10	2037	748	2311	0	0.5254191390474933	0.4790243458553487	0.25	0.32257401943206787	13.265481948852539	0.04277177884553751
cov10_n5_g0_s42_hotspots_p80_chr1	5	10	2038	1001	2059	0	0.45076838181025475	0.39066439936946723	0.25	0.245915487408638	16.79983901977539	0.04488292871742302
cov10_n5_g0_s42_hotspots_p80_chr1	5	10	2039	398	1685	0	0.4432105918667819	0.4216709962009443	0.1111111111111111	0.6880832314491272	2.0744752883911133	0.07131061600113843
cov10_n5_g0_s42_hotspots_p80_chr1	5	10	2040	837	2589	0	0.46216123099791395	0.41383228323406474	0.1111111111111111	0.33659037947654724	9.426568984985352	0.04629349005001005
cov10_n5_g0_s42_hotspots_p80_chr1	5	10	2041	1025	2577	0	0.6168983104399605	0.5835791884083087	0.25	0.4376949667930603	9.932398796081543	0.03962364029559175
cov10_n5_g0_s42_hotspots_p80_chr1	5	10	2042	872	1939	0	0.40355248319330683	0.3511662933024023	0.25	0.3051252067089081	8.746087074279785	0.049026365516016676
cov10_n5_g0_s42_hotspots_p80_chr1	5	10	2043	767	2199	0	0.10045852976966033	0.03172643696019614	0.1111111111111111	0.08842607587575912	6.453315734863281	0.06320489385507544
cov10_n5_g0_s42_hotspots_p80_chr1	5	10	2044	679	1945	0	0.4174751814232805	0.35713102468897856	0.1111111111111111	0.25728639960289	13.164297103881836	0.04650920242112257
cov10_n5_g0_s42_hotspots_p80_chr1	5	10	2045	640	2286	0	0.11957374508735913	0.059513956475067624	0.1111111111111111	0.11702470481395721	5.2201924324035645	0.06564620331824692
cov10_n5_g0_s42_hotspots_p80_chr1	5	10	2046	575	1685	0	0.4109070536837571	0.3571649974265558	0.1111111111111111	0.2972943186759949	9.55177116394043	0.0481890656980632
cov10_n5_g0_s42_hotspots_p80_chr1	5	10	2047	694	1515	0	0.5513774286641016	0.5163733098760181	0.25	0.46890175342559814	6.913601398468018	0.04431164115621425
cov10_n5_g0_s42_hotspots_p80_chr1	5	10	2048	540	1646	0	0.6466309768907254	0.6159205681248151	0.42857142857142855	0.4245251417160034	11.60048770904541	0.038143350571606886
cov10_n5_g0_s42_hotspots_p80_chr1	5	10	2049	580	2089	0	0.461995485323091	0.4320935185435061	0.25	0.5426740646362305	3.6238255500793457	0.05688605322307347
cov10_n5_g0_s42_hotspots_p80_chr1	5	10	2050	686	1564	0	0.3854832375100746	0.34476517795588596	0.42857142857142855	0.38769614696502686	4.943084239959717	0.05559050989576571
cov10_n5_g0_s42_hotspots_p80_chr1	5	10	2051	1136	2459	0	0.44478502095852246	0.38083509089073597	0.1111111111111111	0.21659819781780243	21.084367752075195	0.04483152080691117
cov10_n5_g0_s42_hotspots_p80_chr1	5	10	2052	831	1952	0	0.5753938554060171	0.5352860177499461	0.25	0.3393109440803528	14.378205299377441	0.040900081192625753
cov10_n5_g0_s42_hotspots_p80_chr1	5	10	2053	675	1642	0	0.4175573064018965	0.34650941018846804	0.1111111111111111	0.1914655566215515	23.780498504638672	0.04547871003033514
cov10_n5_g0_s42_hotspots_p80_chr1	5	10	2054	67	601	1	0.2092876326332595	0.12159605003171997	0.1111111111111111	0.12856259942054749	13.2503662109375	0.05292029118403409
cov10_n5_g0_s42_hotspots_p80_chr1	5	10	2055	394	1152	0	0.4312979210376285	0.3715758916967141	0.1111111111111111	0.2582472562789917	13.94611644744873	0.04588104745906763
cov10_n5_g0_s42_hotspots_p80_chr1	5	10	2056	312	834	0	0.381019084277135	0.3006398329589703	0.1111111111111111	0.17094393074512482	24.840255737304688	0.04635186904573058
cov10_n5_g0_s42_hotspots_p80_chr1	5	10	2057	1028	2177	0	0.09976652893168411	-6.091766933361003e-05	0.0	0.06246613711118698	12.754115104675293	0.056282724863787194
cov10_n5_g0_s42_hotspots_p80_chr1	5	10	2058	822	1348	0	0.26686142464750057	0.18615189298821316	0.1111111111111111	0.16279929876327515	13.434964179992676	0.0511508709030883
cov10_n5_g0_s42_hotspots_p80_chr1	5	10	2059	765	2468	0	0.6012956052710433	0.5680286963341563	0.42857142857142855	0.46460437774658203	8.374896049499512	0.04085992832956747
cov10_n5_g0_s42_hotspots_p80_chr1	5	10	2061	10	100	1	0.25819887541929487	0.22084711628963785	0.1111111111111111	0.3333333432674408	2.999999761581421	0.07071067952354972
cov10_n5_g0_s42_hotspots_p80_chr1	5	10	2062	683	1405	0	0.3008711733083367	0.18280061848142584	0.1111111111111111	0.10850375890731812	38.445152282714844	0.04777676950710167
cov10_n5_g0_s42_hotspots_p80_chr1	5	10	2064	380	1132	0	0.31743092582021115	0.21844387383996633	0.0	0.13650669157505035	27.037126541137695	0.04774718576581656
cov10_n5_g0_s42_hotspots_p80_chr1	5	10	2065	1021	2191	0	0.41877278560238884	0.35940696036512104	0.1111111111111111	0.26286211609840393	12.690271377563477	0.0465907285208636
cov10_n5_g0_s42_hotspots_p80_chr1	5	10	2068	367	1196	0	0.5137212844721479	0.4636267101476643	0.25	0.2548520863056183	20.316492080688477	0.04290691386520257
cov10_n5_g0_s42_hotspots_p80_chr1	5	10	2069	444	1301	0	0.4687654055934545	0.4139915308615502	0.25	0.27914661169052124	14.099910736083984	0.044618351517063434
cov10_n5_g0_s42_hotspots_p80_chr1	5	10	2070	547	1427	0	0.4321102253732231	0.36545083964486785	0.25	0.20925015211105347	21.321979522705078	0.04516634490610291
cov10_n5_g0_s42_hotspots_p80_chr1	5	10	2071	139	436	1	0.26968021963218763	0.19681248144526833	0.1111111111111111	0.181817427277565	11.000113487243652	0.05222322087859727
cov10_n5_g0_s42_hotspots_p80_chr1	5	10	2072	85	433	1	0.34595329007239367	0.2759434861925154	0.1111111111111111	0.21189460158348083	13.328007698059082	0.048768859328711146
cov10_n5_g0_s42_hotspots_p80_chr1	5	10	2073	799	2313	0	0.12440943177825806	0.050692570434999196	0.1111111111111111	0.099993035197258	7.739932060241699	0.06012517125576255
cov10_n5_g0_s42_hotspots_p80_chr1	5	10	2074	874	2295	0	0.4741664626819367	0.41882393353237646	0.1111111111111111	0.2693367600440979	15.496743202209473	0.044271178535799295
cov10_n5_g0_s42_hotspots_p80_chr1	5	10	2075	764	1940	0	0.33125323917492056	0.24660895175333683	0.1111111111111111	0.16720883548259735	19.623289108276367	0.047968261116991824
cov10_n5_g0_s42_hotspots_p80_chr1	5	10	2076	361	1109	0	0.4861679590410262	0.4550957682861864	0.1111111111111111	0.5310224890708923	4.190991401672363	0.05317400873679451
cov10_n5_g0_s42_hotspots_p80_chr1	5	10	2077	583	1275	0	0.32558399476435224	0.22426360664737308	0.1111111111111111	0.13070465624332428	31.0251522064209	0.04742758271423591
cov10_n5_g0_s42_hotspots_p80_chr1	5	10	2078	565	1534	0	0.1410534799565805	0.06336453469408901	0.0	0.10596203804016113	8.860065460205078	0.058146492749920425
cov10_n5_g0_s42_hotspots_p80_chr1	5	10	2079	1090	2554	0	0.3207781487459318	0.24685699376103473	0.25	0.19468499720096588	13.574210166931152	0.049471597325138505
cov10_n5_g0_s42_hotspots_p80_chr1	5	10	2080	982	1961	0	0.23376748955597207	0.13903543566683382	0.1111111111111111	0.12822724878787994	16.61795425415039	0.05109855375686396
cov10_n5_g0_s42_hotspots_p80_chr1	5	10	2081	1620	2542	0	0.5136603729773362	0.4640055376138847	0.25	0.28672775626182556	16.046585083007812	0.04295745759252407
cov10_n5_g0_s42_hotspots_p80_chr1	5	10	2082	1017	2851	0	0.4012497230644812	0.3457739082793108	0.1111111111111111	0.2857464849948883	9.859109878540039	0.048364558247539755
cov10_n5_g0_s42_hotspots_p80_chr1	5	10	2083	904	2746	0	0.2850659092724523	0.1995034603304052	0.1111111111111111	0.15822936594486237	16.228796005249023	0.04979045029431849
cov10_n5_g0_s42_hotspots_p80_chr1	5	10	2084	733	1654	0	0.2275571419243754	0.12179309485829101	0.0	0.11324192583560944	20.190006256103516	0.05052631596524145
cov10_n5_g0_s42_hotspots_p80_chr1	5	10	2085	552	2167	0	0.5835697968628583	0.5456110449638487	0.42857142857142855	0.305990993976593	18.18604278564453	0.04071099531051801
cov10_n5_g0_s42_hotspots_p80_chr1	5	10	2086	919	2416	0	0.49927223185893055	0.44636351853517203	0.25	0.25269076228141785	19.51938247680664	0.043323611579579376
cov10_n5_g0_s42_hotspots_p80_chr1	5	10	2087	845	1794	0	0.31044652417720564	0.23124856654282644	0.1111111111111111	0.17817121744155884	15.179889678955078	0.04932141394050085
cov10_n5_g0_s42_hotspots_p80_chr1	5	10	2088	118	178	1	0.2133476984036813	0.10525938685449424	0.1111111111111111	0.10657903552055359	20.03559684753418	0.050901810444195214
cov10_n5_g0_s42_hotspots_p80_chr1	5	10	2089	754	2240	0	0.4181541772018448	0.35208919180580833	0.1111111111111111	0.22417309880256653	17.397058486938477	0.04580007300386405
cov10_n5_g0_s42_hotspots_p80_chr1	5	10	2090	498	1788	0	0.6090770968332999	0.5746160585466463	0.25	0.4226110875606537	10.385627746582031	0.039881461328887514
cov10_n5_g0_s42_hotspots_p80_chr1	5	10	2091	622	2115	0	0.4083073448688121	0.33658823989792974	0.25	0.19677960872650146	21.527036666870117	0.04579047058701437
cov10_n5_g0_s42_hotspots_p80_chr1	5	10	2092	1194	2413	0	0.46015509368104507	0.4086321436035121	0.42857142857142855	0.3102087080478668	11.001972198486328	0.045663076057115504
cov10_n5_g0_s42_hotspots_p80_chr1	5	10	2093	1019	1744	0	0.5042463701421924	0.46241883732595457	0.25	0.39326608180999756	8.220202445983887	0.045324531797739945
cov10_n5_g0_s42_hotspots_p80_chr1	5	10	2094	333	699	0	0.3884799191491629	0.3271929430699472	0.25	0.2531113624572754	11.778334617614746	0.04791360772646148
cov10_n5_g0_s42_hotspots_p80_chr1	5	10	2095	838	1981	0	0.6943437550988297	0.6695149016221098	0.42857142857142855	0.5322815179824829	8.508172035217285	0.03616307439875585
cov10_n5_g0_s42_hotspots_p80_chr1	5	10	2096	984	2000	0	0.5063087255120885	0.45835540574747885	0.25	0.32252809405326843	12.321562767028809	0.04361010458273232
cov10_n5_g0_s42_hotspots_p80_chr1	5	10	2097	929	2445	0	0.2322485479211472	0.14622913761858894	0.0	0.1404910385608673	13.664029121398926	0.05208027932401465
cov10_n5_g0_s42_hotspots_p80_chr1	5	10	2098	945	1852	0	0.520211518515862	0.4832151445807867	0.42857142857142855	0.4492237865924835	6.705087661743164	0.04602322450900367
cov10_n5_g0_s42_hotspots_p80_chr1	5	10	2099	1123	1953	0	0.6466573797784348	0.6159548021772223	0.42857142857142855	0.41106635332107544	12.373558044433594	0.03814298050239138
cov10_n5_g0_s42_hotspots_p80_chr1	5	10	2100	1186	2532	0	0.6315466771859551	0.5996027467488295	0.42857142857142855	0.4426841735839844	10.176369667053223	0.038921909081907846
cov10_n5_g0_s42_hotspots_p80_chr1	5	10	2101	540	1197	0	0.33729169262006986	0.27088403429752794	0.25	0.2232035994529724	11.417707443237305	0.04978727485299046
cov10_n5_g0_s42_hotspots_p80_chr1	5	10	2102	1102	1705	0	0.3136661989430099	0.20940226617091298	0.1111111111111111	0.12741616368293762	30.30096435546875	0.04770164929791941
cov10_n5_g0_s42_hotspots_p80_chr1	5	10	2103	696	1608	0	0.45979549089785676	0.40167075651960565	0.25	0.2556270956993103	16.17654037475586	0.04466081575805994
cov10_n5_g0_s42_hotspots_p80_chr1	5	10	2104	630	1419	0	0.26565919303465735	0.20351565660356402	0.25	0.21124860644340515	7.907369613647461	0.05499600738472889
cov10_n5_g0_s42_hotspots_p80_chr1	5	10	2107	586	1049	0	0.38592758588188636	0.3195868026434908	0.1111111111111111	0.22918327152729034	14.17802619934082	0.04728350193174843
cov10_n5_g0_s42_hotspots_p80_chr1	5	10	2108	1056	2354	0	0.5995754415506742	0.5628427945024462	0.25	0.3612467348575592	13.773676872253418	0.040016179565553006
cov10_n5_g0_s42_hotspots_p80_chr1	5	10	2109	786	2239	0	0.13282572347295543	0.07802409556202292	0.1111111111111111	0.13964945077896118	4.523305892944336	0.06756639961259214
cov10_n5_g0_s42_hotspots_p80_chr1	5	10	2110	813	2148	0	0.5328991768144348	0.4860799179933324	0.25	0.2790732979774475	18.231544494628906	0.042311443164929546
cov10_n5_g0_s42_hotspots_p80_chr1	5	10	2111	1185	2505	0	0.4510002177955721	0.40913828945335545	0.25	0.39526867866516113	6.509365558624268	0.049436491134082924
cov10_n5_g0_s42_hotspots_p80_chr1	5	10	2112	1057	2255	0	0.2727359909651368	0.20082719846816632	0.25	0.18548275530338287	10.81054973602295	0.05223853141612299
cov10_n5_g0_s42_hotspots_p80_chr1	5	10	2113	620	2034	0	0.4218034754693133	0.36261855958371103	0.25	0.26354941725730896	12.807552337646484	0.04645685648099636
cov10_n5_g0_s42_hotspots_p80_chr1	5	10	2114	973	1861	0	0.6192495909125046	0.5853479266757597	0.42857142857142855	0.3628142774105072	14.565742492675781	0.039295121105892436
cov10_n5_g0_s42_hotspots_p80_chr1	5	10	2115	944	1942	0	0.4458005139437774	0.3992434805783754	0.25	0.3522983491420746	8.006263732910156	0.047956083113261064
cov10_n5_g0_s42_hotspots_p80_chr1	5	10	2116	1006	2021	0	0.42670411735154407	0.3619332259693591	0.25	0.22786441445350647	17.533578872680664	0.04553674945784869
cov10_n5_g0_s42_hotspots_p80_chr1	5	10	2117	1002	2343	0	0.533604751833096	0.48905815897450633	0.42857142857142855	0.34075912833213806	12.260673522949219	0.042611315007430005
cov10_n5_g0_s42_hotspots_p80_chr1	5	10	2118	127	720	1	0.33644220929825713	0.28573992792594477	0.25	0.2951263189315796	6.497931003570557	0.05429601987180966
cov10_n5_g0_s42_hotspots_p80_chr1	5	10	2119	258	809	0	0.49775045324188	0.4504376464335252	0.25	0.335509717464447	11.0048246383667	0.04425287289855522
cov10_n5_g0_s42_hotspots_p80_chr1	5	10	2120	146	1018	1	0.45686610840763303	0.4104052539657187	0.25	0.3532046973705292	8.365557670593262	0.047203797366269694
cov10_n5_g0_s42_hotspots_p80_chr1	5	10	2121	218	1440	0	0.38872851869445696	0.3450047101973507	0.25	0.36349111795425415	5.718408584594727	0.0535580741579143
cov10_n5_g0_s42_hotspots_p80_chr1	5	10	2122	35	182	1	0.2582021691786664	0.22084603027327063	0.1111111111111111	0.33330193161964417	3.000641107559204	0.07070549414955897
cov10_n5_g0_s42_hotspots_p80_chr1	5	10	2123	402	1416	0	0.3963997364715626	0.37149011527830433	0.1111111111111111	0.593277633190155	2.2321364879608154	0.0716493403743129
cov10_n5_g0_s42_hotspots_p80_chr1	5	10	2124	537	1546	0	0.6139620960155826	0.5864897764570319	0.42857142857142855	0.575769305229187	5.685335159301758	0.042659023858706555
cov10_n5_g0_s42_hotspots_p80_chr1	5	10	2125	989	2460	0	0.6468006381398287	0.6170722753434418	0.25	0.4789261221885681	9.119560241699219	0.03841939189343165
cov10_n5_g0_s42_hotspots_p80_chr1	5	10	2126	963	2061	0	0.6828153833527858	0.6598403714207502	0.42857142857142855	0.6270731687545776	5.928436756134033	0.038381194979695554
cov10_n5_g0_s42_hotspots_p80_chr1	5	10	2127	615	1695	0	0.36223946774151944	0.2963557915844513	0.25	0.22982412576675415	12.421392440795898	0.04855108476435403
cov10_n5_g0_s42_hotspots_p80_chr1	5	10	2128	958	2182	0	0.6507543381387481	0.6275260827608834	0.42857142857142855	0.6521904468536377	4.9780049324035645	0.041834124556753345
cov10_n5_g0_s42_hotspots_p80_chr1	5	10	2129	869	1749	0	0.3747950613021699	0.3100395074343151	0.25	0.23591315746307373	12.61982536315918	0.04807222801051625
cov10_n5_g0_s42_hotspots_p80_chr1	5	10	2130	682	1712	0	0.5238983977805245	0.47932998429913726	0.25	0.3506440818309784	11.16171932220459	0.04320507810912409
cov10_n5_g0_s42_hotspots_p80_chr1	5	10	2131	855	1924	0	0.5160026230666649	0.4673228794949839	0.42857142857142855	0.300253301858902	14.767200469970703	0.04295583606898654
cov10_n5_g0_s42_hotspots_p80_chr1	5	10	2132	814	1955	0	0.5899817453134174	0.5519218943259793	0.42857142857142855	0.34908217191696167	14.282094955444336	0.040370916399164576
cov10_n5_g0_s42_hotspots_p80_chr1	5	10	2133	870	2256	0	0.5522691527986104	0.5089852189663413	0.25	0.32798728346824646	14.176130294799805	0.0417352086576101
cov10_n5_g0_s42_hotspots_p80_chr1	5	10	2134	918	2576	0	0.2908384382185461	0.19372725221329723	0.0	0.13860763609409332	22.014015197753906	0.04873173379615534
cov10_n5_g0_s42_hotspots_p80_chr1	5	10	2135	258	779	0	0.5048757680989107	0.4801958229284305	0.25	0.6450990438461304	3.0625715255737305	0.05793135965488769
cov10_n5_g0_s42_hotspots_p80_chr1	5	10	2136	708	2536	0	0.41931948084771775	0.3490670650666242	0.25	0.19569768011569977	22.95560073852539	0.04545372336685214
cov10_n5_g0_s42_hotspots_p80_chr1	5	10	2137	866	1898	0	0.3339674843393861	0.2687116713061114	0.0	0.22668571770191193	10.85250473022461	0.05018345449254277
cov10_n5_g0_s42_hotspots_p80_chr1	5	10	2138	724	2708	0	0.6650954267869383	0.6365845995192769	0.42857142857142855	0.4555480480194092	10.657848358154297	0.03735109475646156
cov10_n5_g0_s42_hotspots_p80_chr1	5	10	2139	41	483	1	0.22379741868866138	0.1777365666508884	0.1111111111111111	0.249362513422966	4.027336120605469	0.06600739382064978
cov10_n5_g0_s42_hotspots_p80_chr1	5	10	2140	336	1057	0	0.42682118352070464	0.3736976494450908	0.25	0.3020287752151489	9.985396385192871	0.04734642821654394
cov10_n5_g0_s42_hotspots_p80_chr1	5	10	2141	763	2101	0	0.49164429513871477	0.44589620779027483	0.25	0.35440191626548767	9.622323036193848	0.04502280629223154
cov10_n5_g0_s42_hotspots_p80_chr1	5	10	2142	869	2148	0	0.11179658647298589	0.00023927696574817603	0.0	0.06261611729860306	15.938773155212402	0.054508445350620216
cov10_n5_g0_s42_hotspots_p80_chr1	5	10	2143	945	1748	0	0.5587448437239063	0.5222445812229177	0.25	0.4421452283859253	7.984856605529785	0.04306666015347042
cov10_n5_g0_s42_hotspots_p80_chr1	5	10	2144	691	1519	0	0.10423808499696033	0.052880094219353274	0.1111111111111111	0.12007328867912292	3.7681658267974854	0.07222809158116728
cov10_n5_g0_s42_hotspots_p80_chr1	5	10	2145	727	1670	0	0.5272789723910905	0.4801611412216947	0.25	0.30551648139953613	14.892985343933105	0.04256452845073347
cov10_n5_g0_s42_hotspots_p80_chr1	5	10	2146	883	1883	0	0.3212276657589764	0.24736392832856277	0.25	0.19495026767253876	13.575263023376465	0.049457468164647356
cov10_n5_g0_s42_hotspots_p80_chr1	5	10	2147	789	1932	0	0.34711227662474986	0.27044257706125774	0.1111111111111111	0.1900624930858612	16.676969528198242	0.04795022599585305
cov10_n5_g0_s42_hotspots_p80_chr1	5	10	2148	802	1951	0	0.351362451217213	0.2617797306944461	0.25	0.1518840193748474	26.7581787109375	0.046986453706848764
cov10_n5_g0_s42_hotspots_p80_chr1	5	10	2149	969	2374	0	0.42871530217688736	0.36526962731490925	0.25	0.2353748232126236	16.587766647338867	0.04557074957643954
cov10_n5_g0_s42_hotspots_p80_chr1	5	10	2150	832	1910	0	0.250280106418267	0.14366148778946125	0.1111111111111111	0.11829747259616852	22.380605697631836	0.0496692258271059
cov10_n5_g0_s42_hotspots_p80_chr1	5	10	2151	892	1858	0	0.14104834142639414	0.0201542891985609	0.0	0.07103078067302704	19.71572494506836	0.05271487250627918
cov10_n5_g0_s42_hotspots_p80_chr1	5	10	2152	967	1848	0	0.4232327848945912	0.3551091780762219	0.1111111111111111	0.2076740860939026	20.766538619995117	0.045426419085102976
cov10_n5_g0_s42_hotspots_p80_chr1	5	10	2153	885	1528	0	0.3989522226968287	0.3218166790939936	0.25	0.17065155506134033	27.326953887939453	0.04587118943766311
cov10_n5_g0_s42_hotspots_p80_chr1	5	10	2154	953	1814	0	0.38722530105423986	0.31813747359030414	0.1111111111111111	0.21693570911884308	15.930717468261719	0.04690382791540492
cov10_n5_g0_s42_hotspots_p80_chr1	5	10	2155	518	906	0	0.3223502432726046	0.22025642130774595	0.1111111111111111	0.12991765141487122	30.7814884185791	0.04750263096525221
cov10_n5_g0_s42_hotspots_p80_chr1	5	10	2156	1254	2490	0	0.5214312242930645	0.4728107662563293	0.25	0.25959092378616333	20.17367935180664	0.04268096410970768
cov10_n5_g0_s42_hotspots_p80_chr1	5	10	2157	987	1915	0	0.394570781409722	0.3234175135077061	0.25	0.20628701150417328	18.292627334594727	0.04638857972219025
cov10_n5_g0_s42_hotspots_p80_chr1	5	10	2158	767	1977	0	0.3285340167747198	0.2698130577867416	0.25	0.2516508400440216	8.5218505859375	0.05204385901256627
cov10_n5_g0_s42_hotspots_p80_chr1	5	10	2159	865	1631	0	0.46490028659849764	0.40618010707918123	0.1111111111111111	0.24375241994857788	18.18828582763672	0.04436770719959222
cov10_n5_g0_s42_hotspots_p80_chr1	5	10	2160	792	1377	0	0.4397343868118043	0.37369900995529515	0.25	0.18875496089458466	27.136516571044922	0.04490945491451563
cov10_n5_g0_s42_hotspots_p80_chr1	5	10	2161	1311	1825	0	0.20090681803988975	0.12547184173791942	0.1111111111111111	0.1443035751581192	9.691818237304688	0.0553916045589853
cov10_n5_g0_s42_hotspots_p80_chr1	5	10	2162	952	1987	0	0.46976442123210305	0.41283102262684707	0.25	0.25729596614837646	16.667259216308594	0.04431132330263089
cov10_n5_g0_s42_hotspots_p80_chr1	5	10	2163	208	738	0	0.31796840621615	0.29002984472172866	0.1111111111111111	0.48542946577072144	2.1452879905700684	0.07680869521677322
cov10_n5_g0_s42_hotspots_p80_chr1	5	10	2164	785	1456	0	0.5900456915639892	0.5531156898562631	0.42857142857142855	0.398651659488678	10.953533172607422	0.04059465557435659
cov10_n5_g0_s42_hotspots_p80_chr1	5	10	2165	903	1889	0	0.36409049204273847	0.2924022086379068	0.1111111111111111	0.20749591290950775	15.39464282989502	0.04769162634063403
cov10_n5_g0_s42_hotspots_p80_chr1	5	10	2166	502	1295	0	0.49469914597696407	0.4519296983579794	0.25	0.3849595785140991	8.25699520111084	0.04570634470681634
cov10_n5_g0_s42_hotspots_p80_chr1	5	10	2167	564	1436	0	0.34742711873203924	0.285507401652541	0.25	0.24352280795574188	10.176962852478027	0.05010638905035499
cov10_n5_g0_s42_hotspots_p80_chr1	5	10	2168	551	1253	0	0.3912183334802312	0.3493161657189642	0.25	0.37959393858909607	5.310920238494873	0.05436608329758983
cov10_n5_g0_s42_hotspots_p80_chr1	5	10	2169	1230	2167	0	0.4482743824680321	0.39314135504621606	0.25	0.2852017283439636	12.352459907531738	0.04567204099170207
cov10_n5_g0_s42_hotspots_p80_chr1	5	10	2170	356	1553	0	0.5335045352813179	0.5119790757206039	0.42857142857142855	0.7187238931655884	2.755002498626709	0.058682038284971316
cov10_n5_g0_s42_hotspots_p80_chr1	5	10	2171	950	1713	0	0.47386723130564856	0.43354993868243324	0.42857142857142855	0.41284167766571045	6.587433815002441	0.04830469615839232
cov10_n5_g0_s42_hotspots_p80_chr1	5	10	2172	801	1642	0	0.46201672018527007	0.40214760003723904	0.25	0.23434221744537354	19.434986114501953	0.044401112562553524
cov10_n5_g0_s42_hotspots_p80_chr1	5	10	2173	460	1990	0	0.47571319078820445	0.436658359315942	0.25	0.4267568588256836	6.212972164154053	0.04876612819205789
cov10_n5_g0_s42_hotspots_p80_chr1	5	10	2174	766	1821	0	0.36875362291106967	0.2959616349824058	0.25	0.20338106155395508	16.436962127685547	0.04736640033757666
cov10_n5_g0_s42_hotspots_p80_chr1	5	10	2175	641	1240	0	0.5996831451680856	0.5715383656828633	0.42857142857142855	0.569491446018219	5.544205188751221	0.04367091739094794
cov10_n5_g0_s42_hotspots_p80_chr1	5	10	2176	1051	1808	0	0.23722483293188792	0.178717778186931	0.25	0.20769323408603668	6.522974967956543	0.058119167300293165
cov10_n5_g0_s42_hotspots_p80_chr1	5	10	2177	834	1921	0	0.4311769329345339	0.3767754598201694	0.1111111111111111	0.29317551851272583	10.814976692199707	0.04679665612657894
cov10_n5_g0_s42_hotspots_p80_chr1	5	10	2178	830	2279	0	0.5036830560620398	0.4549731193334228	0.25	0.31569212675094604	12.727916717529297	0.04363063865007124
cov10_n5_g0_s42_hotspots_p80_chr1	5	10	2179	679	1861	0	0.35231755311536017	0.29283797188004046	0.25	0.25562289357185364	9.498150825500488	0.05037788384992317
cov10_n5_g0_s42_hotspots_p80_chr1	5	10	2180	851	1749	0	0.5506199450395323	0.5145152039574018	0.25	0.45247790217399597	7.40421724319458	0.04388436662436302
cov10_n5_g0_s42_hotspots_p80_chr1	5	10	2181	692	1518	0	0.4118417489720265	0.3495628702536065	0.1111111111111111	0.24715322256088257	13.88347339630127	0.04652509992341636
cov10_n5_g0_s42_hotspots_p80_chr1	5	10	2182	175	668	1	0.4594483239598059	0.4166362951055257	0.25	0.38679635524749756	7.054701328277588	0.048351692447643216
cov10_n5_g0_s42_hotspots_p80_chr1	5	10	2183	359	1148	0	0.32317771315233007	0.2442546005548234	0.0	0.18114185333251953	15.915314674377441	0.048782146474434865
cov10_n5_g0_s42_hotspots_p80_chr1	5	10	2184	208	514	0	0.4795471324677098	0.42963960576686605	0.25	0.31804969906806946	11.366918563842773	0.04482671133336308
cov10_n5_g0_s42_hotspots_p80_chr1	5	10	2185	276	820	0	0.44346933826863794	0.40097261336193846	0.25	0.3881918787956238	6.525358200073242	0.0497457968105966
cov10_n5_g0_s42_hotspots_p80_chr1	5	10	2186	8	27	1	0.31622777142784575	0.28941438070815256	0.1111111111111111	0.5	2.0	0.07905694150420949
cov10_n5_g0_s42_hotspots_p80_chr1	5	10	2187	354	1345	0	0.5220436052788164	0.47541111360542354	0.25	0.3236197531223297	13.011083602905273	0.04292575719465457
cov10_n5_g0_s42_hotspots_p80_chr1	5	10	2188	1080	2011	0	0.5052515826400069	0.4598246562551743	0.25	0.35236990451812744	10.279870986938477	0.04420541739157172
cov10_n5_g0_s42_hotspots_p80_chr1	5	10	2189	587	2552	0	0.6015901088693979	0.574851235335691	0.42857142857142855	0.5978145003318787	5.063356399536133	0.0444932122700129
cov10_n5_g0_s42_hotspots_p80_chr1	5	10	2190	277	1431	0	0.5101438273157205	0.4653307538928739	0.25	0.3568729758262634	10.217105865478516	0.04403491277587314
cov10_n5_g0_s42_hotspots_p80_chr1	5	10	2191	707	2222	0	0.5121992801833424	0.46921056059949745	0.25	0.37721771001815796	9.218572616577148	0.044383211901472173
cov10_n5_g0_s42_hotspots_p80_chr1	5	10	2192	749	2135	0	0.43443626875516805	0.3834378599612623	0.25	0.3170754909515381	9.386351585388184	0.04739560682933816
cov10_n5_g0_s42_hotspots_p80_chr1	5	10	2193	163	619	1	0.4107512036387978	0.3472458506053707	0.25	0.24064527451992035	14.567095756530762	0.04642059743782065
cov10_n5_g0_s42_hotspots_p80_chr1	5	10	2194	398	911	0	0.39446412615914467	0.35465564272756217	0.25	0.3996517062187195	4.871039867401123	0.05538888399548969
cov10_n5_g0_s42_hotspots_p80_chr1	5	10	2195	607	1655	0	0.5915633766012771	0.5656426925195689	0.42857142857142855	0.6186951398849487	4.571083068847656	0.04627208436114363
cov10_n5_g0_s42_hotspots_p80_chr1	5	10	2196	197	817	1	0.3253496942970669	0.28119396742743963	0.25	0.3310002386569977	4.830745697021484	0.058588319168407024
cov10_n5_g0_s42_hotspots_p80_chr1	5	10	2197	336	2054	0	0.6260515007205287	0.604431632397518	0.6666666666666666	0.7072798609733582	3.9174866676330566	0.046415749983758345
cov10_n5_g0_s42_hotspots_p80_chr1	5	10	2198	535	1145	0	0.5968467989068351	0.5602828932877891	0.42857142857142855	0.3282771110534668	16.527780532836914	0.040186027674247685
cov10_n5_g0_s42_hotspots_p80_chr1	5	10	2199	964	2201	0	0.7366873644726376	0.7159554741486309	0.6666666666666666	0.5839943885803223	7.956447601318359	0.03392758592053495
cov10_n5_g0_s42_hotspots_p80_chr1	5	10	2200	544	1487	0	0.42451288430008316	0.37375911715737037	0.25	0.3184964060783386	8.88265323638916	0.048111903396850314
cov10_n5_g0_s42_hotspots_p80_chr1	5	10	2201	36	425	1	0.3162279970648984	0.28941440017106046	0.1111111111111111	0.49999696016311646	2.0000271797180176	0.07905649966076299
cov10_n5_g0_s42_hotspots_p80_chr1	5	10	2202	32	213	1	0.35757301810775155	0.3284290560733276	0.25	0.5	2.5571694374084473	0.06991578392874903
cov10_n5_g0_s42_hotspots_p80_chr1	5	10	2205	176	702	1	0.37619552394221367	0.3386682138195814	0.1111111111111111	0.41334962844848633	4.141542434692383	0.05874904992214269
cov10_n5_g0_s42_hotspots_p80_chr1	5	10	2206	261	497	0	0.34352234313325003	0.3008465772197626	0.1111111111111111	0.3516989052295685	4.770215034484863	0.05798217243560616
cov10_n5_g0_s42_hotspots_p80_chr1	5	10	2207	1189	2145	0	0.2228802307764431	0.17695881503204058	0.25	0.249307781457901	3.9961471557617188	0.06619270553642699
cov10_n5_g0_s42_hotspots_p80_chr1	5	10	2208	894	1839	0	0.371044703452496	0.32780985313144495	0.25	0.3604704737663269	5.297647476196289	0.05529182014531759
cov10_n5_g0_s42_hotspots_p80_chr1	5	10	2210	361	1210	0	0.6538574665392071	0.6260243120837377	0.42857142857142855	0.524926483631134	7.757811546325684	0.03855705958745139
cov10_n5_g0_s42_hotspots_p80_chr1	5	10	2211	664	1836	0	0.33188359419442176	0.2675903323293978	0.1111111111111111	0.22978475689888	10.4303560256958	0.05049258574930408
cov10_n5_g0_s42_hotspots_p80_chr1	5	10	2212	425	1664	0	0.6241736866930571	0.5924876379446978	0.42857142857142855	0.4688556492328644	8.861405372619629	0.039576929585871584
cov10_n5_g0_s42_hotspots_p80_chr1	5	10	2213	197	1098	1	0.5237521131569364	0.49559810926199543	0.42857142857142855	0.582959771156311	4.0359368324279785	0.051791652123580424
cov10_n5_g0_s42_hotspots_p80_chr1	5	10	2214	955	2672	0	0.5100763287863594	0.4762382487049849	0.25	0.49317803978919983	5.348511219024658	0.04869506095294855
cov10_n5_g0_s42_hotspots_p80_chr1	5	10	2215	1170	3341	0	0.7003138728887486	0.6760136452649524	0.42857142857142855	0.5353623628616333	8.555784225463867	0.03583557127790893
cov10_n5_g0_s42_hotspots_p80_chr1	5	10	2216	858	2238	0	0.4149414006409869	0.37672747714206506	0.42857142857142855	0.42293354868888855	4.8128156661987305	0.05461285822359541
cov10_n5_g0_s42_hotspots_p80_chr1	5	10	2217	745	2051	0	0.7591613366551715	0.7422496694118595	0.6666666666666666	0.7200227975845337	5.558347225189209	0.033893301479427033
cov10_n5_g0_s42_hotspots_p80_chr1	5	10	2218	5	184	1	0.34921515310793066	0.25182262437346964	0.0	0.12195122241973877	40.999996185302734	0.04685212856658182
cov10_n5_g0_s42_hotspots_p80_chr1	5	10	2219	162	759	1	0.6111169371129888	0.5844004359596315	0.42857142857142855	0.5937862992286682	5.2961249351501465	0.043488901973620854
cov10_n5_g0_s42_hotspots_p80_chr1	5	10	2220	84	193	1	0.4055875182815371	0.34610681846696967	0.25	0.26303985714912415	11.887651443481445	0.04728966114735116
cov10_n5_g0_s42_hotspots_p80_chr1	5	10	2221	448	1132	0	0.3520208817325652	0.3032760755066542	0.25	0.31348004937171936	6.305027961730957	0.053992076128351614
cov10_n5_g0_s42_hotspots_p80_chr1	5	10	2222	502	1640	0	0.749010049722872	0.7365294366094443	0.6666666666666666	0.923896312713623	3.28623628616333	0.041039758921889734
cov10_n5_g0_s42_hotspots_p80_chr1	5	10	2223	640	1587	0	0.06151996723813449	0.013939511916264765	0.1111111111111111	0.07964427769184113	2.9832732677459717	0.07932091219756514
cov10_n5_g0_s42_hotspots_p80_chr1	5	10	2224	460	1391	0	0.48929828948393284	0.46079023714490447	0.25	0.5720334649085999	3.658259153366089	0.05528795938328119
cov10_n5_g0_s42_hotspots_p80_chr1	5	10	2226	121	303	1	0.2144092298602942	0.15802164332863997	0.1111111111111111	0.19999970495700836	5.746431827545166	0.06062395866252491
cov10_n5_g0_s42_hotspots_p80_chr1	5	10	2227	202	1118	0	0.33114639982210914	0.29712813254739234	0.25	0.4220063090324402	3.0787346363067627	0.0667089071843522
cov10_n5_g0_s42_hotspots_p80_chr1	5	10	2228	355	1123	0	0.45592305559988155	0.4111598293108575	0.25	0.3683589994907379	7.659679412841797	0.04785527344382988
cov10_n5_g0_s42_hotspots_p80_chr1	5	10	2229	303	1312	0	0.3984772056327177	0.3521208928776947	0.25	0.34603819251060486	6.630234718322754	0.05152777849632122
cov10_n5_g0_s42_hotspots_p80_chr1	5	10	2231	912	2133	0	0.5648341910176318	0.5373393860837911	0.25	0.5931576490402222	4.533897876739502	0.047866705992456564
cov10_n5_g0_s42_hotspots_p80_chr1	5	10	2232	1301	2567	0	0.3725875418064957	0.31985975317431525	0.25	0.2963358759880066	7.904204845428467	0.05098781686034648
cov10_n5_g0_s42_hotspots_p80_chr1	5	10	2233	59	326	1	0.27265001269164013	0.22486413056984922	0.25	0.2764083743095398	4.86495304107666	0.0607236040314569
cov10_n5_g0_s42_hotspots_p80_chr1	5	10	2235	463	876	0	0.44397908651707174	0.3910798493443554	0.1111111111111111	0.30251768231391907	10.769447326660156	0.04634762587980758
cov10_n5_g0_s42_hotspots_p80_chr1	5	10	2236	1234	2181	0	0.2966159847648293	0.2561391087816298	0.25	0.3395540118217468	3.815410852432251	0.06386248663102946
cov10_n5_g0_s42_hotspots_p80_chr1	5	10	2237	550	1545	0	0.6823140307793347	0.665820216159453	0.6666666666666666	0.8293365836143494	3.3843636512756348	0.045241282095794394
cov10_n5_g0_s42_hotspots_p80_chr1	5	10	2238	1111	2633	0	0.6169840232423527	0.5859898840403313	0.42857142857142855	0.49625855684280396	7.7286176681518555	0.04044839751686005
cov10_n5_g0_s42_hotspots_p80_chr1	5	10	2239	543	1652	0	0.4824432948634512	0.4349286600616871	0.25	0.33970215916633606	10.08476734161377	0.04517723139029725
cov10_n5_g0_s42_hotspots_p80_chr1	5	10	2240	474	1032	0	0.5910370898404567	0.5678775991842051	0.42857142857142855	0.6798411011695862	3.779067277908325	0.049076359541156085
cov10_n5_g0_s42_hotspots_p80_chr1	5	10	2241	280	1256	0	0.5180033823906737	0.4841853052224273	0.42857142857142855	0.4932103753089905	5.515320301055908	0.047962090184049046
cov10_n5_g0_s42_hotspots_p80_chr1	5	10	2242	367	1093	0	0.5382996920798379	0.5081716334114679	0.42857142857142855	0.549100935459137	4.8052263259887695	0.04853688581334283
cov10_n5_g0_s42_hotspots_p80_chr1	5	10	2243	842	1971	0	0.41900017857214256	0.3580549537989076	0.25	0.2535446286201477	13.654935836791992	0.04634324983622063
cov10_n5_g0_s42_hotspots_p80_chr1	5	10	2244	251	651	0	0.6431866768730214	0.6160062030236793	0.42857142857142855	0.557982325553894	6.643595218658447	0.03989485866208553
cov10_n5_g0_s42_hotspots_p80_chr1	5	10	2245	74	336	1	0.32890003580916666	0.29922454849736846	0.25	0.47124043107032776	2.435638189315796	0.0726355500150847
cov10_n5_g0_s42_hotspots_p80_chr1	5	10	2246	274	1054	0	0.3611548744330244	0.3000681178252721	0.25	0.25032150745391846	10.407840728759766	0.0494915147538741
cov10_n5_g0_s42_hotspots_p80_chr1	5	10	2247	282	1000	0	0.33402195090929815	0.28551563423827847	0.25	0.30703485012054443	5.9175872802734375	0.055472274090858274
cov10_n5_g0_s42_hotspots_p80_chr1	5	10	2248	2	15	1	0.31622777142784575	0.28941438070815223	0.1111111111111111	0.5	2.0	0.07905694150420949
cov10_n5_g0_s42_hotspots_p80_chr1	5	10	2249	347	1096	0	0.3323514312298063	0.27804132601506193	0.25	0.2739720046520233	7.35788106918335	0.05318833305729959
cov10_n5_g0_s42_hotspots_p80_chr1	5	10	2250	936	2135	0	0.6865252548790414	0.6608521664820723	0.42857142857142855	0.5199335813522339	8.717408180236816	0.03652731420579904
cov10_n5_g0_s42_hotspots_p80_chr1	5	10	2251	463	1252	0	0.40530590213442014	0.36601099115853386	0.25	0.408694863319397	4.917421817779541	0.05475863246455375
cov10_n5_g0_s42_hotspots_p80_chr1	5	10	2252	577	2077	0	0.6677290744549045	0.6445818692550589	0.42857142857142855	0.6396496891975403	5.448615550994873	0.039948867716374376
cov10_n5_g0_s42_hotspots_p80_chr1	5	10	2253	1025	2337	0	0.4103488556552211	0.3535611232208535	0.1111111111111111	0.2785196006298065	10.853379249572754	0.04753017045519373
cov10_n5_g0_s42_hotspots_p80_chr1	5	10	2254	1044	2357	0	0.4484429100076314	0.3903319868097311	0.1111111111111111	0.2630484104156494	14.531584739685059	0.04522115886214213
cov10_n5_g0_s42_hotspots_p80_chr1	5	10	2255	28	202	1	0.37580910275819196	0.3350844923568739	0.25	0.38345077633857727	4.802698612213135	0.056439786270598674
cov10_n5_g0_s42_hotspots_p80_chr1	5	10	2257	2	55	1	0.31622777142784575	0.28941438070815223	0.1111111111111111	0.5	2.0	0.07905694150420949
cov10_n5_g0_s42_hotspots_p80_chr1	5	10	2258	52	460	1	0.2719181917443579	0.23419307758470645	0.25	0.342052698135376	3.159806728363037	0.06888885782044663
cov10_n5_g0_s42_hotspots_p80_chr1	5	10	2259	169	535	1	0.26459623145129413	0.189678722813012	0.1111111111111111	0.1748208999633789	11.453826904296875	0.05212709290603081
cov10_n5_g0_s42_hotspots_p80_chr1	5	10	2264	116	453	1	0.320786980300982	0.26803564247767125	0.25	0.2770128846168518	6.705072402954102	0.05458200816470467
cov10_n5_g0_s42_hotspots_p80_chr1	5	10	2265	435	1136	0	0.48542435237832166	0.43299661830293484	0.1111111111111111	0.2895876467227936	14.049245834350586	0.044065737132838304
cov10_n5_g0_s42_hotspots_p80_chr1	5	10	2266	403	1474	0	0.6907905695780568	0.6651314170128088	0.42857142857142855	0.49122101068496704	9.88801097869873	0.036167002157749054
cov10_n5_g0_s42_hotspots_p80_chr1	5	10	2267	225	1018	0	0.34328238249763127	0.3093622277926956	0.1111111111111111	0.4314354658126831	3.1654930114746094	0.0655107201368771
cov10_n5_g0_s42_hotspots_p80_chr1	5	10	2268	125	863	1	0.4375551370462461	0.38055837838318696	0.25	0.2746744155883789	12.688177108764648	0.045954293284510506
cov10_n5_g0_s42_hotspots_p80_chr1	5	10	2269	326	1598	0	0.47811549833767103	0.43942142672115275	0.25	0.4309482276439667	6.154396057128906	0.048747588110626815
cov10_n5_g0_s42_hotspots_p80_chr1	5	10	2270	259	1018	0	0.4528920136856066	0.40403052352102575	0.25	0.33303794264793396	9.246383666992188	0.04676205884063941
cov10_n5_g0_s42_hotspots_p80_chr1	5	10	2271	430	1077	0	0.46262134821889883	0.41227328995081863	0.1111111111111111	0.3193715512752533	10.491291046142578	0.04576687376709201
cov10_n5_g0_s42_hotspots_p80_chr1	5	10	2272	1049	2797	0	0.4891944465764836	0.44344880597788167	0.1111111111111111	0.3551688492298126	9.485568046569824	0.04518791063797681
cov10_n5_g0_s42_hotspots_p80_chr1	5	10	2273	333	1138	0	0.5636155708069158	0.5237128556925039	0.25	0.38040226697921753	10.976142883300781	0.04167519934585629
cov10_n5_g0_s42_hotspots_p80_chr1	5	10	2274	215	650	0	0.3979848057603146	0.3577418495650559	0.1111111111111111	0.39697718620300293	5.02541446685791	0.05479481004393061
cov10_n5_g0_s42_hotspots_p80_chr1	5	10	2275	1275	2886	0	0.4315780534613692	0.38791475090633587	0.25	0.3756309151649475	6.60033655166626	0.05015663742910234
cov10_n5_g0_s42_hotspots_p80_chr1	5	10	2276	337	1696	0	0.42239262544460504	0.3888397242451541	0.25	0.47835326194763184	3.8985683917999268	0.05757203230408847
cov10_n5_g0_s42_hotspots_p80_chr1	5	10	2277	359	1305	0	0.6389307609511571	0.6092365086268475	0.42857142857142855	0.4973765015602112	8.251008987426758	0.03909071169274783
cov10_n5_g0_s42_hotspots_p80_chr1	5	10	2278	477	2492	0	0.20443478355936165	0.15727838052117332	0.25	0.22806760668754578	4.017467975616455	0.06686609504171456
cov10_n5_g0_s42_hotspots_p80_chr1	5	10	2279	867	2125	0	0.38695936689088806	0.33194733407840094	0.25	0.28640905022621155	9.126984596252441	0.049371246469470643
cov10_n5_g0_s42_hotspots_p80_chr1	5	10	2280	666	2158	0	0.43918336059827845	0.38498255953159577	0.25	0.2937520444393158	11.176349639892578	0.046364566010515
cov10_n5_g0_s42_hotspots_p80_chr1	5	10	2281	204	463	0	0.3653905745701527	0.3057194451157434	0.25	0.2577955722808838	10.044625282287598	0.04955268729553279
cov10_n5_g0_s42_hotspots_p80_chr1	5	10	2282	437	1083	0	0.4591037442352129	0.4190237917478304	0.25	0.4142244756221771	6.142147064208984	0.04963866181173429
cov10_n5_g0_s42_hotspots_p80_chr1	5	10	2283	649	1616	0	0.5444995103409914	0.5082652705256178	0.42857142857142855	0.4530915915966034	7.220926284790039	0.044335335541949496
cov10_n5_g0_s42_hotspots_p80_chr1	5	10	2284	440	1106	0	0.45081538354925194	0.42176731327071865	0.42857142857142855	0.5519993305206299	3.3349571228027344	0.05906079461241325
cov10_n5_g0_s42_hotspots_p80_chr1	5	10	2285	316	1168	0	0.6215592392112462	0.6011944797833579	0.42857142857142855	0.7417786717414856	3.5106399059295654	0.048494442729013564
cov10_n5_g0_s42_hotspots_p80_chr1	5	10	2286	564	1641	0	0.5485728464418599	0.5106358039798978	0.25	0.4261550307273865	8.285205841064453	0.04333518153794267
cov10_n5_g0_s42_hotspots_p80_chr1	5	10	2287	857	2515	0	0.45930171528654695	0.4102168297850474	0.25	0.33053553104400635	9.654502868652344	0.04628234235821707
cov10_n5_g0_s42_hotspots_p80_chr1	5	10	2288	452	1672	0	0.5032566271057075	0.4663611306957613	0.25	0.4525128901004791	6.184250831604004	0.047525771070520036
cov10_n5_g0_s42_hotspots_p80_chr1	5	10	2289	519	2343	0	0.5518308753680353	0.5293150964423747	0.42857142857142855	0.6974689364433289	3.129913568496704	0.054830433629666414
cov10_n5_g0_s42_hotspots_p80_chr1	5	10	2290	104	244	1	0.32376936426176467	0.27153369455025184	0.1111111111111111	0.28106433153152466	6.634833812713623	0.05457723084962685
cov10_n5_g0_s42_hotspots_p80_chr1	5	10	2292	35	163	1	0.3125200811126333	0.258002239602411	0.1111111111111111	0.2644444406032562	6.983240604400635	0.05447731404470161
cov10_n5_g0_s42_hotspots_p80_chr1	5	10	2293	1500	2771	0	0.6243721057558457	0.5931148237543448	0.42857142857142855	0.47982126474380493	8.466385841369629	0.03971549793031566
cov10_n5_g0_s42_hotspots_p80_chr1	5	10	2294	292	820	0	0.26787751509660696	0.1965446895984257	0.25	0.18505436182022095	10.477167129516602	0.052609874517695394
cov10_n5_g0_s42_hotspots_p80_chr1	5	10	2295	276	1405	0	0.4319310440932416	0.39826024262399684	0.25	0.4805223345756531	4.039909839630127	0.05649350963621307
cov10_n5_g0_s42_hotspots_p80_chr1	5	10	2296	256	1321	0	0.10586241085790095	0.06275480962661406	0.1111111111111111	0.1433848887681961	2.725503444671631	0.07980842122577449
cov10_n5_g0_s42_hotspots_p80_chr1	5	10	2300	82	264	1	0.4665786860784586	0.41320129902738467	0.1111111111111111	0.2925879955291748	12.714719772338867	0.04494632945120696
cov10_n5_g0_s42_hotspots_p80_chr1	5	10	2305	55	173	1	0.42426452682446997	0.3708424163609728	0.25	0.2999994456768036	10.000059127807617	0.04743411598638666
cov10_n5_g0_s42_hotspots_p80_chr1	5	10	2306	702	2117	0	0.5256610988240801	0.4839968052775189	0.1111111111111111	0.38719961047172546	9.215348243713379	0.043822762330197454
cov10_n5_g0_s42_hotspots_p80_chr1	5	10	2307	1055	2352	0	0.5683830652017439	0.5292347369605137	0.25	0.38804829120635986	10.727060317993164	0.04153355014864618
cov10_n5_g0_s42_hotspots_p80_chr1	5	10	2308	1005	2248	0	0.33598705762422193	0.2580102159651096	0.1111111111111111	0.18534919619560242	16.429855346679688	0.04831215395856519
cov10_n5_g0_s42_hotspots_p80_chr1	5	10	2309	236	987	0	0.1291389638366802	0.06374772676260504	0.1111111111111111	0.11550813913345337	6.2497029304504395	0.06263029848313996
cov10_n5_g0_s42_hotspots_p80_chr1	5	10	2310	737	1441	0	0.2494702018350607	0.20391085503626746	0.1111111111111111	0.27216675877571106	4.200850009918213	0.06414635181584688
cov10_n5_g0_s42_hotspots_p80_chr1	5	10	2311	833	1632	0	0.5509654801640724	0.5165672249013001	0.1111111111111111	0.4783828854560852	6.632349967956543	0.04464064164580786
cov10_n5_g0_s42_hotspots_p80_chr1	5	10	2312	387	1205	0	0.4694804803192729	0.43618089654959213	0.42857142857142855	0.4961935579776764	4.476131439208984	0.05302473060153762
cov10_n5_g0_s42_hotspots_p80_chr1	5	10	2313	1287	3110	0	0.6987083181729908	0.674966454975366	0.25	0.42924582958221436	13.247982025146484	0.036018201431904456
cov10_n5_g0_s42_hotspots_p80_chr1	5	10	2314	255	919	0	0.5763298693954416	0.5530416607738475	0.42857142857142855	0.6791258454322815	3.600905418395996	0.050751547264679356
cov10_n5_g0_s42_hotspots_p80_chr1	5	10	2315	272	678	0	0.10235726743745392	0.047752717898642834	0.25	0.11154092848300934	4.210550308227539	0.07007873103220762
cov10_n5_g0_s42_hotspots_p80_chr1	5	10	2316	134	630	1	0.46600424613984937	0.4112885143563123	0.25	0.2813432812690735	13.717550277709961	0.044771921997772725
cov10_n5_g0_s42_hotspots_p80_chr1	5	10	2317	424	2363	0	0.09956869002273198	0.027263251013441337	0.0	0.08368118107318878	7.0788068771362305	0.06202764211133664
cov10_n5_g0_s42_hotspots_p80_chr1	5	10	2318	50	783	1	0.30145447544064524	0.26537103739682805	0.1111111111111111	0.3796843886375427	3.1518681049346924	0.06758313399055149
cov10_n5_g0_s42_hotspots_p80_chr1	5	10	2319	146	1127	1	0.4249671010855145	0.3875082314563322	0.25	0.4342230558395386	4.7891106605529785	0.0542122921661922
cov10_n5_g0_s42_hotspots_p80_chr1	5	10	2320	380	1923	0	0.4991516323515214	0.4682299968376145	0.1111111111111111	0.5352800488471985	4.34783411026001	0.05194800301984301
cov10_n5_g0_s42_hotspots_p80_chr1	5	10	2321	658	1455	0	0.6902223269099861	0.6665806351705013	0.42857142857142855	0.5933577418327332	6.765730857849121	0.03715854466022424
cov10_n5_g0_s42_hotspots_p80_chr1	5	10	2322	507	1066	0	0.6944420971089753	0.6693278464829024	0.25	0.5127644538879395	9.170778274536133	0.03604445372696895
cov10_n5_g0_s42_hotspots_p80_chr1	5	10	2323	333	882	0	0.250062126302577	0.19091271383536593	0.1111111111111111	0.21308395266532898	6.885956287384033	0.057007621166407174
cov10_n5_g0_s42_hotspots_p80_chr1	5	10	2324	809	2122	0	0.3806866780921875	0.3053301334999683	0.1111111111111111	0.19197145104408264	19.662195205688477	0.04664633343126424
cov10_n5_g0_s42_hotspots_p80_chr1	5	10	2325	1074	2695	0	0.6919719310856906	0.6669587318865983	0.42857142857142855	0.5323598980903625	8.447657585144043	0.036302900720200364
cov10_n5_g0_s42_hotspots_p80_chr1	5	10	2326	1067	2498	0	0.5988902411971037	0.5621621738800185	0.42857142857142855	0.3726682960987091	12.912773132324219	0.04005860919789282
cov10_n5_g0_s42_hotspots_p80_chr1	5	10	2327	246	1175	0	0.3427490025835898	0.28388824194896833	0.1111111111111111	0.2557421922683716	8.980853080749512	0.05111887052494454
cov10_n5_g0_s42_hotspots_p80_chr1	5	10	2328	406	1228	0	0.4619017466726517	0.415430193887786	0.25	0.3528774380683899	8.566854476928711	0.0468478891970497
cov10_n5_g0_s42_hotspots_p80_chr1	5	10	2330	346	953	0	0.2711631067132819	0.2047784041081441	0.1111111111111111	0.20037680864334106	9.156641960144043	0.05350929968277693
cov10_n5_g0_s42_hotspots_p80_chr1	5	10	2331	628	1915	0	0.513581599395193	0.4675636634114556	0.42857142857142855	0.34030306339263916	11.388256072998047	0.04354430716804622
cov10_n5_g0_s42_hotspots_p80_chr1	5	10	2332	433	1432	0	0.40112734106997056	0.34953073118409617	0.25	0.3098563551902771	8.379416465759277	0.049421340711142944
cov10_n5_g0_s42_hotspots_p80_chr1	5	10	2333	599	1401	0	0.6102399321175973	0.5860127477953263	0.6666666666666666	0.649791419506073	4.409844875335693	0.04566847397057238
cov10_n5_g0_s42_hotspots_p80_chr1	5	10	2334	269	1215	0	0.3721705892345465	0.3168481240896765	0.42857142857142855	0.2815309166908264	8.737797737121582	0.050228596314951635
cov10_n5_g0_s42_hotspots_p80_chr1	5	10	2335	148	1087	1	0.19989482450680626	0.14515417820764565	0.1111111111111111	0.19509053230285645	5.249292850494385	0.06249656395173463
cov10_n5_g0_s42_hotspots_p80_chr1	5	10	2336	341	1507	0	0.5894874101467548	0.559246824320939	0.42857142857142855	0.5333073735237122	6.108912944793701	0.04335497453960896
cov10_n5_g0_s42_hotspots_p80_chr1	5	10	2337	224	466	0	0.7079229898855078	0.684109654939403	0.42857142857142855	0.5208199620246887	9.237760543823242	0.03534178617217697
cov10_n5_g0_s42_hotspots_p80_chr1	5	10	2338	468	1346	0	0.6199082986343721	0.5955913031070956	0.42857142857142855	0.6436318755149841	4.638204097747803	0.04446177403196471
cov10_n5_g0_s42_hotspots_p80_chr1	5	10	2339	555	1676	0	0.578636089401869	0.5437377914787153	0.42857142857142855	0.45503807067871094	8.085103034973145	0.04208161968962621
cov10_n5_g0_s42_hotspots_p80_chr1	5	10	2342	356	1114	0	0.2123819972641028	0.10400754952322218	0.0	0.10600417107343674	20.0705623626709	0.05091936647335766
cov10_n5_g0_s42_hotspots_p80_chr1	5	10	2343	864	2662	0	0.5504438701892176	0.5148040869095438	0.25	0.4595840871334076	7.172427654266357	0.04410062115864377
cov10_n5_g0_s42_hotspots_p80_chr1	5	10	2344	116	638	1	0.5163977832456311	0.4926589197609454	0.25	0.6666659712791443	3.0000061988830566	0.05773498175181334
cov10_n5_g0_s42_hotspots_p80_chr1	5	10	2345	653	1806	0	0.48176931947311025	0.4321609104277176	0.1111111111111111	0.31993815302848816	11.337470054626465	0.04475318815507888
cov10_n5_g0_s42_hotspots_p80_chr1	5	10	2346	87	396	1	0.6410900084053563	0.613007708839416	0.42857142857142855	0.5374112129211426	7.115322113037109	0.0396196436059875
cov10_n5_g0_s42_hotspots_p80_chr1	5	10	2347	363	850	0	0.5229262792013137	0.4817736568963499	0.25	0.39501774311065674	8.762292861938477	0.04417554417474506
cov10_n5_g0_s42_hotspots_p80_chr1	5	10	2348	611	2209	0	0.669196434335981	0.6417411331088658	0.42857142857142855	0.4067220687866211	13.535737037658691	0.03728097541525297
cov10_n5_g0_s42_hotspots_p80_chr1	5	10	2349	308	1708	0	0.5549577884372602	0.5117064746361176	0.25	0.30756092071533203	16.278995513916016	0.04159394226343649
cov10_n5_g0_s42_hotspots_p80_chr1	5	10	2350	226	1132	0	0.6980699811872113	0.6736359071927527	0.42857142857142855	0.538081169128418	8.415350914001465	0.035985754535242595
cov10_n5_g0_s42_hotspots_p80_chr1	5	10	2351	976	1924	0	0.5723190267389379	0.5330673030946984	0.42857142857142855	0.3791898787021637	11.390243530273438	0.0412490154373023
cov10_n5_g0_s42_hotspots_p80_chr1	5	10	2352	1143	2138	0	0.586148610119616	0.5485743220166712	0.42857142857142855	0.3906194567680359	11.258427619934082	0.04070850162056522
cov10_n5_g0_s42_hotspots_p80_chr1	5	10	2353	664	1887	0	0.6968376396576772	0.6719411843898558	0.42857142857142855	0.5130996108055115	9.222101211547852	0.03591575547402372
cov10_n5_g0_s42_hotspots_p80_chr1	5	10	2354	663	1481	0	0.5184508450674029	0.47815323127931975	0.25	0.40740612149238586	8.0971097946167	0.04479654121222376
cov10_n5_g0_s42_hotspots_p80_chr1	5	10	2356	246	572	0	0.6684758768302224	0.6447766207761576	0.25	0.6232346892356873	5.752257347106934	0.03945740293428068
cov10_n5_g0_s42_hotspots_p80_chr1	5	10	2357	663	1738	0	0.5394552675623514	0.5022883274924415	0.42857142857142855	0.4415680468082428	7.462522029876709	0.044353092984242226
cov10_n5_g0_s42_hotspots_p80_chr1	5	10	2358	181	391	1	0.13297990958848566	0.03188844165341027	0.0	0.07918724417686462	14.100406646728516	0.05468604077039276
cov10_n5_g0_s42_hotspots_p80_chr1	5	10	2359	884	2201	0	0.670679944584074	0.6428445591288707	0.42857142857142855	0.43309730291366577	11.990290641784668	0.03710827120212888
cov10_n5_g0_s42_hotspots_p80_chr1	5	10	2360	391	719	0	0.6574860878721489	0.6302429547703751	0.25	0.5362553000450134	7.516228675842285	0.038494049080865476
cov10_n5_g0_s42_hotspots_p80_chr1	5	10	2361	34	131	1	0.39096077595198353	0.3261945476005157	0.1111111111111111	0.23629072308540344	13.68809700012207	0.047241387298255756
cov10_n5_g0_s42_hotspots_p80_chr1	5	10	2362	115	529	1	0.6408846626049559	0.6147982013880349	0.25	0.5876604914665222	5.946709632873535	0.04078848132908004
cov10_n5_g0_s42_hotspots_p80_chr1	5	10	2363	3	125	1	0.22360679774897896	0.17770466332772725	0.1111111111111111	0.25	4.0	0.06614378277661477
cov10_n5_g0_s42_hotspots_p80_chr1	5	10	2364	446	1466	0	0.4991053679056309	0.4635484581618031	0.25	0.46983271837234497	5.642453670501709	0.04864344314755345
cov10_n5_g0_s42_hotspots_p80_chr1	5	10	2365	550	1896	0	0.13910470273983314	0.09227017359358339	0.1111111111111111	0.16817830502986908	3.420689821243286	0.07289267509798386
cov10_n5_g0_s42_hotspots_p80_chr1	5	10	2366	272	845	0	0.31670162309696864	0.25107967330139164	0.1111111111111111	0.22034475207328796	10.329163551330566	0.0510729085973361
cov10_n5_g0_s42_hotspots_p80_chr1	5	10	2367	48	156	1	0.3342033993831756	0.22915429085945002	0.1111111111111111	0.11358372867107391	43.287208557128906	0.047125898258350445
cov10_n5_g0_s42_hotspots_p80_chr1	5	10	2368	466	1347	0	0.3228818854915527	0.24216753307829084	0.1111111111111111	0.17641715705394745	16.748493194580078	0.04862355425486313
cov10_n5_g0_s42_hotspots_p80_chr1	5	10	2369	619	968	0	0.5554364343471229	0.5186877858706225	0.25	0.4402149021625519	7.9599289894104	0.04323530028300768
cov10_n5_g0_s42_hotspots_p80_chr1	5	10	2370	882	1454	0	0.43500838551550225	0.37701179908137217	0.1111111111111111	0.26855263113975525	13.119174003601074	0.04593518004170411
cov10_n5_g0_s42_hotspots_p80_chr1	5	10	2371	726	1572	0	0.45414230771234126	0.39743306256689004	0.1111111111111111	0.2710796296596527	14.03331184387207	0.04511473750045894
cov10_n5_g0_s42_hotspots_p80_chr1	5	10	2372	69	196	1	0.3111261611355516	0.261775919427155	0.1111111111111111	0.29062408208847046	5.73033332824707	0.05681772274449808
cov10_n5_g0_s42_hotspots_p80_chr1	5	10	2373	688	1706	0	0.4949055158155786	0.45715421054603234	0.25	0.4422275424003601	6.262143611907959	0.04780150390872598
cov10_n5_g0_s42_hotspots_p80_chr1	5	10	2374	624	1366	0	0.4722239553408885	0.4174942028683676	0.1111111111111111	0.2771121561527252	14.519604682922363	0.044444843589114914
cov10_n5_g0_s42_hotspots_p80_chr1	5	10	2375	481	864	0	0.29003876738719003	0.2107768455208512	0.25	0.17309798300266266	14.037766456604004	0.05024903065324687
cov10_n5_g0_s42_hotspots_p80_chr1	5	10	2376	868	1599	0	0.17184615896639868	0.10293252339990328	0.1111111111111111	0.13942895829677582	7.595277309417725	0.058724905834173294
cov10_n5_g0_s42_hotspots_p80_chr1	5	10	2377	312	652	0	0.498325687974353	0.4462850707101949	0.25	0.27805450558662415	16.059673309326172	0.04345198072425591
cov10_n5_g0_s42_hotspots_p80_chr1	5	10	2378	8	32	1	0.22360679774897896	0.17770466332772689	0.1111111111111111	0.25	4.0	0.06614378277661477
cov10_n5_g0_s42_hotspots_p80_chr1	5	10	2380	24	69	1	0.23693955620009474	0.049917297481398476	0.0	0.07017544656991959	56.9999885559082	0.048666426441627775
cov10_n5_g0_s42_hotspots_p80_chr1	5	10	2381	673	1635	0	0.5589165918085499	0.5260350120054785	0.42857142857142855	0.49975958466529846	6.253767967224121	0.044721326777354575
cov10_n5_g0_s42_hotspots_p80_chr1	5	10	2382	202	1021	0	0.3471589598332626	0.28527136385136964	0.1111111111111111	0.2435930222272873	10.155400276184082	0.05012890486803792
cov10_n5_g0_s42_hotspots_p80_chr1	5	10	2384	877	1924	0	0.6364566288194726	0.6047613353965304	0.42857142857142855	0.38106125593185425	13.948197364807129	0.038611745078481356
cov10_n5_g0_s42_hotspots_p80_chr1	5	10	2385	350	1099	0	0.47942835407999446	0.4388644289879078	0.25	0.41024982929229736	6.828425407409668	0.04774237020368536
cov10_n5_g0_s42_hotspots_p80_chr1	5	10	2386	772	1487	0	0.33284281654691006	0.26469714947401457	0.1111111111111111	0.21590910851955414	11.882463455200195	0.04972348395270033
cov10_n5_g0_s42_hotspots_p80_chr1	5	10	2387	768	1373	0	0.5104044959734848	0.47455150727758405	0.25	0.4656048119068146	6.008471965789795	0.04745915868459069
cov10_n5_g0_s42_hotspots_p80_chr1	5	10	2388	833	2413	0	0.5008976581712573	0.4538093622007348	0.1111111111111111	0.33621934056282043	11.097434043884277	0.04410543883378415
cov10_n5_g0_s42_hotspots_p80_chr1	5	10	2389	97	593	1	0.2332157462760637	0.15613757897338781	0.0	0.1569850742816925	11.034917831420898	0.05336518082221041
cov10_n5_g0_s42_hotspots_p80_chr1	5	10	2390	4	251	1	0.22360679774897896	0.17770466332772689	0.1111111111111111	0.25	4.0	0.06614378277661477
cov10_n5_g0_s42_hotspots_p80_chr1	5	10	2391	190	640	1	0.3243533972575501	0.25853355554092855	0.0	0.22196024656295776	10.677178382873535	0.050605533960013514
cov10_n5_g0_s42_hotspots_p80_chr1	5	10	2392	64	165	1	0.22831780545056818	0.1792241824539723	0.1111111111111111	0.23851895332336426	4.581458568572998	0.06352789810566492
cov10_n5_g0_s42_hotspots_p80_chr1	5	10	2393	904	2823	0	0.1720818510309248	0.09362608901030636	0.1111111111111111	0.12346605956554413	9.712811470031738	0.05629946496027424
cov10_n5_g0_s42_hotspots_p80_chr1	5	10	2394	104	721	1	0.2921428478956188	0.24929370088928346	0.25	0.31944191455841064	4.181930065155029	0.06238462229710587
cov10_n5_g0_s42_hotspots_p80_chr1	5	10	2395	707	1729	0	0.2708018593814435	0.2095823742490652	0.1111111111111111	0.21697239577770233	7.7886881828308105	0.05495479637062126
cov10_n5_g0_s42_hotspots_p80_chr1	5	10	2397	209	619	0	0.2583856177362449	0.19587508179530558	0.1111111111111111	0.20634320378303528	7.840187072753906	0.05534106821478096
cov10_n5_g0_s42_hotspots_p80_chr1	5	10	2398	214	648	0	0.554616400459104	0.5337043862622511	0.25	0.7356130480766296	2.8422129154205322	0.05674430792492488
cov10_n5_g0_s42_hotspots_p80_chr1	5	10	2399	190	814	1	0.1725767391963961	0.11377814719549026	0.1111111111111111	0.16252876818180084	5.637337684631348	0.06248771812867998
cov10_n5_g0_s42_hotspots_p80_chr1	5	10	2400	46	504	1	0.2581988932754344	0.2208470973892574	0.1111111111111111	0.33333319425582886	3.00000262260437	0.07071065845014544
cov10_n5_g0_s42_hotspots_p80_chr1	5	10	2401	525	1859	0	0.5307067956855124	0.49756873836915355	0.25	0.5020831823348999	5.5863471031188965	0.04719303086446323
cov10_n5_g0_s42_hotspots_p80_chr1	5	10	2402	94	298	1	0.4591733531696437	0.41442299163334495	0.25	0.36852380633354187	7.762333393096924	0.047620600605035236
cov10_n5_g0_s42_hotspots_p80_chr1	5	10	2403	39	200	1	0.36254492827589796	0.30278402061123694	0.1111111111111111	0.25676602125167847	9.968242645263672	0.0497006269051572
cov10_n5_g0_s42_hotspots_p80_chr1	5	10	2404	19	78	1	0.25157730843813286	0.029049644688706508	0.0	0.06329113245010376	79.00003051757812	0.04839186038889946
cov10_n5_g0_s42_hotspots_p80_chr1	5	10	2405	858	1626	0	0.705242994282126	0.6832806990833227	0.42857142857142855	0.624813437461853	6.370108127593994	0.03658172732262612
cov10_n5_g0_s42_hotspots_p80_chr1	5	10	2406	124	217	1	0.3668860221680102	0.29903052008122843	0.25	0.22232401371002197	13.616312026977539	0.048024955141440694
cov10_n5_g0_s42_hotspots_p80_chr1	5	10	2409	565	2042	0	0.7235357489781866	0.7066776157293174	0.42857142857142855	0.7809509634971619	4.291829586029053	0.0388298347092897
cov10_n5_g0_s42_hotspots_p80_chr1	5	10	2410	940	2177	0	0.49595554971281597	0.4459128578653901	0.25	0.30683422088623047	13.063152313232422	0.04384881954709191
cov10_n5_g0_s42_hotspots_p80_chr1	5	10	2411	765	1802	0	0.2844186170730865	0.2141412603277676	0.1111111111111111	0.19438964128494263	10.703845024108887	0.051921637653233724
cov10_n5_g0_s42_hotspots_p80_chr1	5	10	2412	456	1078	0	0.404412450869696	0.33923339160188337	0.1111111111111111	0.23297148942947388	15.066540718078613	0.04652736347308663
cov10_n5_g0_s42_hotspots_p80_chr1	5	10	2413	809	1872	0	0.4324045964062103	0.371788889961939	0.25	0.2521303594112396	14.706197738647461	0.04570919016317131
cov10_n5_g0_s42_hotspots_p80_chr1	5	10	2414	582	1639	0	0.5067912913893496	0.4606811511628552	0.25	0.34377697110176086	10.866125106811523	0.04394859715995284
cov10_n5_g0_s42_hotspots_p80_chr1	5	10	2415	411	892	0	0.1897382362495799	0.09346939572675671	0.0	0.10965792089700699	14.969237327575684	0.05278973688357988
cov10_n5_g0_s42_hotspots_p80_chr1	5	10	2416	236	590	0	0.3599109105995356	0.3016825105622509	0.1111111111111111	0.2635113000869751	9.327421188354492	0.050225274720484665
cov10_n5_g0_s42_hotspots_p80_chr1	5	10	2417	609	1832	0	0.39264431275829886	0.32419412837086414	0.1111111111111111	0.21906980872154236	16.06214714050293	0.04672128186774177
cov10_n5_g0_s42_hotspots_p80_chr1	5	10	2418	628	1391	0	0.3974223859127944	0.32493071077118885	0.25	0.19894534349441528	19.95294761657715	0.0461708472619418
cov10_n5_g0_s42_hotspots_p80_chr1	5	10	2419	401	840	0	0.40201341358303794	0.34767203142892333	0.25	0.2926560938358307	9.434870719909668	0.048596212758117395
cov10_n5_g0_s42_hotspots_p80_chr1	5	10	2420	970	1786	0	0.4870394337691582	0.43536949332957975	0.25	0.2963201403617859	13.507529258728027	0.044088650385966516
cov10_n5_g0_s42_hotspots_p80_chr1	5	10	2421	622	2567	0	0.4125792388188854	0.3695072770600253	0.25	0.3764644265174866	6.00532865524292	0.05195346420802045
cov10_n5_g0_s42_hotspots_p80_chr1	5	10	2422	897	2613	0	0.38155376015443293	0.3060568967854623	0.25	0.19117668271064758	19.91643524169922	0.04660191997172091
cov10_n5_g0_s42_hotspots_p80_chr1	5	10	2423	1023	2470	0	0.40918763439033784	0.3382148320177912	0.1111111111111111	0.20056870579719543	20.810789108276367	0.04580181624427325
cov10_n5_g0_s42_hotspots_p80_chr1	5	10	2424	815	2146	0	0.382179372203452	0.31351748749773806	0.1111111111111111	0.21918964385986328	15.200725555419922	0.04718454057286925
cov10_n5_g0_s42_hotspots_p80_chr1	5	10	2425	861	2400	0	0.6379722827099209	0.6106236229247021	0.42857142857142855	0.5594014525413513	6.503190040588379	0.04031285541433407
cov10_n5_g0_s42_hotspots_p80_chr1	5	10	2426	463	1559	0	0.5637610287218149	0.5260637493483328	0.42857142857142855	0.4191887378692627	9.04358959197998	0.04226405972823961
cov10_n5_g0_s42_hotspots_p80_chr1	5	10	2427	147	621	1	0.672006245847428	0.6541899640227996	0.42857142857142855	0.7928800582885742	3.5917136669158936	0.044898025323894114
cov10_n5_g0_s42_hotspots_p80_chr1	5	10	2428	16	137	1	0.26919096680361415	0.1030922854711811	0.0	0.07246376574039459	69.00000762939453	0.04815434123430769
cov10_n5_g0_s42_hotspots_p80_chr1	5	10	2429	861	1754	0	0.39247997586628247	0.3349139677016496	0.1111111111111111	0.27290084958076477	10.341777801513672	0.04841678873587346
cov10_n5_g0_s42_hotspots_p80_chr1	5	10	2430	665	2342	0	0.5699732642211046	0.5343965680406595	0.25	0.4498364329338074	8.027303695678711	0.042520621253505274
cov10_n5_g0_s42_hotspots_p80_chr1	5	10	2431	584	1423	0	0.5210123799922045	0.4752785253562354	0.25	0.3375805914402008	11.909982681274414	0.04314668708522884
cov10_n5_g0_s42_hotspots_p80_chr1	5	10	2432	71	362	1	0.3690327938396826	0.3209298617463472	0.25	0.3242114186286926	6.478036403656006	0.05299566181385184
cov10_n5_g0_s42_hotspots_p80_chr1	5	10	2435	378	1087	0	0.5053705191918346	0.47396405472459097	0.25	0.5285279750823975	4.571449279785156	0.0509089641427286
cov10_n5_g0_s42_hotspots_p80_chr1	5	10	2436	378	1304	0	0.6752767654780019	0.6482230012725679	0.42857142857142855	0.49466824531555176	9.317632675170898	0.03698920576312636
cov10_n5_g0_s42_hotspots_p80_chr1	5	10	2437	45	137	1	0.28867515576825703	0.1490711984996798	0.0	0.08333331346511841	60.000030517578125	0.04787135538781987
cov10_n5_g0_s42_hotspots_p80_chr1	5	10	2438	377	1352	0	0.6859715133656226	0.6607216716139183	0.42857142857142855	0.5421687960624695	8.00411319732666	0.03675395587586742
cov10_n5_g0_s42_hotspots_p80_chr1	5	10	2439	63	499	1	0.16903098717453416	0.1027984412122719	0.1111111111111111	0.14285701513290405	7.000024318695068	0.059761384465223916
cov10_n5_g0_s42_hotspots_p80_chr1	5	10	2440	267	1296	0	0.7365976571267875	0.7166186727640618	0.6666666666666666	0.6320944428443909	6.789952754974365	0.03435816081209668
cov10_n5_g0_s42_hotspots_p80_chr1	5	10	2441	929	2245	0	0.18540224347714415	0.1020765506501926	0.0	0.12355510145425797	11.258451461791992	0.05470376182145981
cov10_n5_g0_s42_hotspots_p80_chr1	5	10	2442	722	2352	0	0.7169711339324026	0.694787376610047	0.42857142857142855	0.5848643779754639	7.513857841491699	0.035203278238955325
cov10_n5_g0_s42_hotspots_p80_chr1	5	10	2443	185	870	1	0.6030210598625171	0.5720337540816017	0.25	0.5099281668663025	6.992250442504883	0.04168995938385679
cov10_n5_g0_s42_hotspots_p80_chr1	5	10	2446	9	9	1	0.23288900222833345	0.036676570677971906	0.0	0.06779661029577255	59.0	0.04871223004636571
cov10_n5_g0_s42_hotspots_p80_chr1	5	10	2448	110	539	1	0.3599527596565386	0.31589869436566764	0.25	0.3492710590362549	5.310504913330078	0.055744683275707446
cov10_n5_g0_s42_hotspots_p80_chr1	5	10	2449	263	763	0	0.493381259902113	0.44125675962069044	0.42857142857142855	0.28463831543922424	15.022720336914062	0.04369074691548281
cov10_n5_g0_s42_hotspots_p80_chr1	5	10	2451	116	746	1	0.6903006841919707	0.6678001724490656	0.42857142857142855	0.6315346360206604	5.973820686340332	0.037878617546652775
cov10_n5_g0_s42_hotspots_p80_chr1	5	10	2452	234	959	0	0.05088300056710803	-0.012361778926692577	0.1111111111111111	0.050905391573905945	4.995602130889893	0.06890336691837391
cov10_n5_g0_s42_hotspots_p80_chr1	5	10	2453	316	1455	0	0.7059982983957085	0.6826024253130131	0.42857142857142855	0.4491267800331116	12.35490608215332	0.03558244041169041
cov10_n5_g0_s42_hotspots_p80_chr1	5	10	2454	6	215	1	0.1690308612732488	0.10279841767801566	0.1111111111111111	0.1428571492433548	6.999999523162842	0.059761431535337355
cov10_n5_g0_s42_hotspots_p80_chr1	5	10	2455	69	661	1	0.46285907692819583	0.4444258213863485	0.25	0.7738276720046997	1.7888708114624023	0.07495671709696157
cov10_n5_g0_s42_hotspots_p80_chr1	5	10	2456	240	818	0	0.6427919641773214	0.6120923830084503	0.42857142857142855	0.4532848298549652	10.054685592651367	0.03842886108145365
cov10_n5_g0_s42_hotspots_p80_chr1	5	10	2478	30	419	1	0.7716336027425	0.75413701294245	0.6666666666666666	0.6343242526054382	7.398941993713379	0.03190312673114187
cov10_n5_g0_s42_hotspots_p80_chr1	5	10	2479	246	1415	0	0.232015436649755	0.18098949108154672	0.1111111111111111	0.2327527105808258	4.968373775482178	0.06206569166006841
cov10_n5_g0_s42_hotspots_p80_chr1	5	10	2480	94	371	1	0.31350587242138306	0.21855354959105167	0.1111111111111111	0.1442057490348816	23.63176727294922	0.0480408186968653
cov10_n5_g0_s42_hotspots_p80_chr1	5	10	2483	385	1013	0	0.65382043037622	0.6241491448458709	0.42857142857142855	0.45331698656082153	10.401188850402832	0.03788404276660218
cov10_n5_g0_s42_hotspots_p80_chr1	5	10	2484	575	1816	0	0.714981441859244	0.6943750682807462	0.42857142857142855	0.6569821238517761	5.921782493591309	0.03641346284181775
cov10_n5_g0_s42_hotspots_p80_chr1	5	10	2485	112	990	1	0.689856501771654	0.66931089049524	0.42857142857142855	0.6939432621002197	4.941281318664551	0.03949673350016932
cov10_n5_g0_s42_hotspots_p80_chr1	5	10	2486	310	1461	0	0.5735276047788299	0.5406581774512779	0.6666666666666666	0.49379169940948486	6.745142459869385	0.043407685558454874
cov10_n5_g0_s42_hotspots_p80_chr1	5	10	2487	280	1705	0	0.6270110461076253	0.598804201695218	0.42857142857142855	0.549595057964325	6.507807731628418	0.04089980881868735
cov10_n5_g0_s42_hotspots_p80_chr1	5	10	2488	388	1372	0	0.7352816571411167	0.714153973888598	0.42857142857142855	0.5424420833587646	9.186935424804688	0.03388830507062342
cov10_n5_g0_s42_hotspots_p80_chr1	5	10	2489	53	365	1	0.29361011590585745	0.15901998717690344	0.0	0.08620676398277283	58.00018310546875	0.04779626301943328
cov10_n5_g0_s42_hotspots_p80_chr1	5	10	2490	623	2129	0	0.6975914003489501	0.672665340629501	0.42857142857142855	0.501814603805542	9.662412643432617	0.03584131323709027
cov10_n5_g0_s42_hotspots_p80_chr1	5	10	2491	371	1384	0	0.575995095439402	0.546900056748956	0.42857142857142855	0.5603523254394531	5.283056735992432	0.04543449081963289
cov10_n5_g0_s42_hotspots_p80_chr1	5	10	2492	1350	2869	0	0.7498081361399502	0.7302887939262535	0.42857142857142855	0.600158154964447	7.804388046264648	0.03317939359043787
cov10_n5_g0_s42_hotspots_p80_chr1	5	10	2493	192	569	1	0.4989655797674919	0.449120956931329	0.25	0.3064541518688202	13.255012512207031	0.04371234001355859
cov10_n5_g0_s42_hotspots_p80_chr1	5	10	2494	178	844	1	0.6516581814752883	0.6219028432693611	0.25	0.4604668915271759	10.014121055603027	0.03802502749214507
cov10_n5_g0_s42_hotspots_p80_chr1	5	10	2495	140	482	1	0.6398981847049461	0.61107891303488	0.42857142857142855	0.519771933555603	7.578200817108154	0.03937776490962121
cov10_n5_g0_s42_hotspots_p80_chr1	5	10	2496	183	816	1	0.7109695324487693	0.6873936164778485	0.25	0.5041754245758057	9.94279670715332	0.03516126138263761
cov10_n5_g0_s42_hotspots_p80_chr1	5	10	2497	761	2719	0	0.7421309129805569	0.7232585258198277	0.6666666666666666	0.6702276468276978	6.13036584854126	0.03446580670736225
cov10_n5_g0_s42_hotspots_p80_chr1	5	10	2498	748	1868	0	0.5605900677764758	0.5239900839373941	0.42857142857142855	0.43941113352775574	8.138018608093262	0.04288291895454427
cov10_n5_g0_s42_hotspots_p80_chr1	5	10	2506	421	1875	0	0.617421475297424	0.585013528739582	0.25	0.4617680311203003	8.938934326171875	0.03986899566511775
cov10_n5_g0_s42_hotspots_p80_chr1	5	10	2507	414	2181	0	0.4835469978137757	0.4433769870569962	0.42857142857142855	0.41448938846588135	6.804881572723389	0.047586443876711994
cov10_n5_g0_s42_hotspots_p80_chr1	5	10	2508	356	1940	0	0.8061086928958882	0.7932627889047624	0.6666666666666666	0.8107715249061584	4.942654132843018	0.0312273599671014
cov10_n5_g0_s42_hotspots_p80_chr1	5	10	2509	333	1814	0	0.7723447826030787	0.7573856256829387	0.6666666666666666	0.7826619744300842	4.869046211242676	0.033969513384094416
cov10_n5_g0_s42_hotspots_p80_chr1	5	10	2510	639	1712	0	0.39082135554444225	0.3379133149903582	0.25	0.2996273338794708	8.506752014160156	0.04971201534622612
cov10_n5_g0_s42_hotspots_p80_chr1	5	10	2516	41	458	1	0.2672612557083869	0.09759000728751856	0.0	0.07142846286296844	70.0002212524414	0.04818120558304572
cov10_n5_g0_s42_hotspots_p80_chr1	5	10	2517	246	1987	0	0.059026979910909605	-0.03479390636813004	0.0	0.04079396650195122	10.468372344970703	0.059077093893157025
cov10_n5_g0_s42_hotspots_p80_chr1	5	10	2519	26	26	1	0.10767638082369632	-0.34676496022124537	0.0	0.028985511511564255	68.99996948242188	0.050361015836129445
cov10_n5_g0_s42_hotspots_p80_chr1	5	10	2520	26	107	1	0.5999999770676988	0.5733333333862245	0.42857142857142855	0.6000000238418579	4.999999523162842	0.04472135983122234
cov10_n5_g0_s42_hotspots_p80_chr1	5	10	2521	186	867	1	0.6924177014790522	0.6711009203852027	0.42857142857142855	0.6666654944419861	5.393744945526123	0.03852495247759196
cov10_n5_g0_s42_hotspots_p80_chr1	5	10	2529	409	1614	0	0.7308648006819375	0.7149552663237322	0.6666666666666666	0.8075664043426514	4.095317840576172	0.03891573056239348
cov10_n5_g0_s42_hotspots_p80_chr1	5	10	2530	125	355	1	0.3042903191524806	0.1791612832775129	0.0	0.09259241819381714	54.00020980834961	0.04762896722097232
cov10_n5_g0_s42_hotspots_p80_chr1	5	10	2537	629	1694	0	0.7976416523990102	0.7841651697809578	0.6666666666666666	0.7984186410903931	4.9902729988098145	0.0318241961522365
cov10_n5_g0_s42_hotspots_p80_chr1	5	10	2538	184	1025	1	0.1930317230491727	0.1412530213796796	0.1111111111111111	0.20006635785102844	4.654566764831543	0.06469314355178822
cov10_n5_g0_s42_hotspots_p80_chr1	5	10	2539	256	1120	0	0.723884028517682	0.7017180566947154	0.42857142857142855	0.5470569729804993	8.75473403930664	0.03453279892743009
cov10_n5_g0_s42_hotspots_p80_chr1	5	10	2540	11	229	1	0.6945592143372737	0.6748214042965891	0.42857142857142855	0.7145389914512634	4.7242913246154785	0.039663640137107374
cov10_n5_g0_s42_hotspots_p80_chr1	5	10	2541	550	2146	0	0.40795258981950333	0.36172667871814657	0.1111111111111111	0.3494727313518524	6.813382625579834	0.050865126159827495
cov10_n5_g0_s42_hotspots_p80_chr1	5	10	2542	254	408	0	0.4860734269580871	0.44437559420725065	0.25	0.39772602915763855	7.468024730682373	0.04674582939822996
cov10_n5_g0_s42_hotspots_p80_chr1	5	10	2547	156	985	1	0.9000238643971308	0.8929640073164824	0.6666666666666666	0.8030703663825989	6.280162811279297	0.02179546738989547
cov10_n5_g0_s42_hotspots_p80_chr1	5	10	2548	155	545	1	0.7671835240937744	0.7490940787566199	0.6666666666666666	0.5890715718269348	8.480713844299316	0.0320714011799454
cov10_n5_g0_s42_hotspots_p80_chr1	5	10	2549	655	2268	0	0.7431875586338152	0.7249151640886544	0.42857142857142855	0.6947999596595764	5.720676422119141	0.03480024213459914
cov10_n5_g0_s42_hotspots_p80_chr1	5	10	2550	12	90	1	0.2531848467155222	0.04134491152973619	0.0	0.06410256773233414	78.00000762939453	0.04837089610234226
cov10_n5_g0_s42_hotspots_p80_chr1	5	10	2552	101	347	1	0.46350090228055973	0.4216474475947903	0.25	0.3964524269104004	6.834221363067627	0.04844345629454185
cov10_n5_g0_s42_hotspots_p80_chr1	5	10	2553	16	78	1	0.25157731028779795	0.029049644688706366	0.0	0.06329113245010376	79.00001525878906	0.04839186038889944
cov10_n5_g0_s42_hotspots_p80_chr1	5	10	2573	152	610	1	0.28171808684549576	0.1341246359366717	0.1111111111111111	0.07936456799507141	63.00080108642578	0.0479748611429292
cov10_n5_g0_s42_hotspots_p80_chr1	5	10	2575	13	171	1	0.6708203932469369	0.6515837641092208	0.42857142857142855	0.7499999403953552	4.000000476837158	0.04330126846858462
cov10_n5_g0_s42_hotspots_p80_chr1	5	10	2576	181	631	1	0.683507012089018	0.6608512370470081	0.6666666666666666	0.6360267400741577	5.774378776550293	0.038530527685819035
cov10_n5_g0_s42_hotspots_p80_chr1	5	10	2577	161	660	1	0.7324064682242402	0.7122177081973509	0.6666666666666666	0.634584367275238	6.660328388214111	0.034696722328513147
cov10_n5_g0_s42_hotspots_p80_chr1	5	10	2578	526	1166	0	0.4682091932703903	0.43539970583167875	0.42857142857142855	0.5025391578674316	4.340203762054443	0.05354767452459074
cov10_n5_g0_s42_hotspots_p80_chr1	5	10	2581	125	510	1	0.12983375623468402	-0.08682436201038254	0.0	0.04362593591213226	44.284908294677734	0.050637274213025274
cov10_n5_g0_s42_hotspots_p80_chr1	5	10	2582	1173	2052	0	0.6622605432263696	0.6342427913286582	0.42857142857142855	0.4991375505924225	8.802120208740234	0.03774155130702348
cov10_n5_g0_s42_hotspots_p80_chr1	5	10	2583	127	724	1	0.6481346552043628	0.6177466314101465	0.42857142857142855	0.4422641396522522	10.738337516784668	0.038114732211588974
cov10_n5_g0_s42_hotspots_p80_chr1	5	10	2585	4	20	1	0.6708203932469369	0.6515837655350012	0.42857142857142855	0.75	4.0	0.04330127018922194
cov10_n5_g0_s42_hotspots_p80_chr1	5	10	2586	301	1159	0	0.3224414697964917	0.2858753291007377	0.1111111111111111	0.39051491022109985	3.4087610244750977	0.06491877170952096
cov10_n5_g0_s42_hotspots_p80_chr1	5	10	2587	260	1273	0	0.6841354910988506	0.6627750832986677	0.42857142857142855	0.6749138236045837	5.13756799697876	0.0394776977457316
cov10_n5_g0_s42_hotspots_p80_chr1	5	10	2588	7	73	1	0.6708203932469369	0.6515837655350012	0.42857142857142855	0.75	4.0	0.04330127018922194
cov10_n5_g0_s42_hotspots_p80_chr1	5	10	2589	172	544	1	0.6760884061734729	0.6567289600460241	0.6666666666666666	0.7425625920295715	4.144868850708008	0.0424613235444846
cov10_n5_g0_s42_hotspots_p80_chr1	5	10	2590	470	1630	0	0.7493642727820439	0.7297372237623071	0.6666666666666666	0.5923063158988953	8.003192901611328	0.03317145018545934
cov10_n5_g0_s42_hotspots_p80_chr1	5	10	2591	278	948	0	0.47600648872193113	0.41875510398774163	0.25	0.2414734810590744	19.429288864135742	0.04399990094005548
cov10_n5_g0_s42_hotspots_p80_chr1	5	10	2592	461	1349	0	0.6481081961416185	0.6175996278019915	0.42857142857142855	0.43084225058555603	11.314318656921387	0.038086524501288445
cov10_n5_g0_s42_hotspots_p80_chr1	5	10	2593	108	359	1	0.5244632062935909	0.4836072356229795	0.42857142857142855	0.39810872077941895	8.677541732788086	0.0441583125791592
cov10_n5_g0_s42_hotspots_p80_chr1	5	10	2594	35	332	1	0.6708204163317258	0.6515837700410028	0.42857142857142855	0.7499994039535522	4.000006675720215	0.04330124461019661
cov10_n5_g0_s42_hotspots_p80_chr1	5	10	2595	149	630	1	0.45756280938379634	0.4163316810583549	0.1111111111111111	0.4022437632083893	6.469829559326172	0.049201891200675266
cov10_n5_g0_s42_hotspots_p80_chr1	5	10	2596	815	1656	0	0.7121730174418099	0.6920063516668247	0.42857142857142855	0.6777855753898621	5.5202202796936035	0.03708739261102314
cov10_n5_g0_s42_hotspots_p80_chr1	5	10	2597	77	546	1	0.5195927004211887	0.4935414381739059	0.25	0.6209858655929565	3.5005204677581787	0.05446070171395726
cov10_n5_g0_s42_hotspots_p80_chr1	5	10	2598	34	280	1	0.6424009581065623	0.6173867528077053	0.42857142857142855	0.6129611730575562	5.491822242736816	0.041367930601513316
cov10_n5_g0_s42_hotspots_p80_chr1	5	10	2605	210	781	0	0.7085947476536334	0.6854039523456791	0.42857142857142855	0.5629754066467285	7.921127796173096	0.03554125939074933
cov10_n5_g0_s42_hotspots_p80_chr1	5	10	2606	124	335	1	0.8069099934092546	0.7943365704644466	0.6666666666666666	0.824154257774353	4.792953968048096	0.031420120494022076
cov10_n5_g0_s42_hotspots_p80_chr1	5	10	2607	185	643	1	0.8163755122785642	0.8043625242787873	0.6666666666666666	0.830412745475769	4.832389831542969	0.03057201703693864
cov10_n5_g0_s42_hotspots_p80_chr1	5	10	2608	236	920	0	0.8981208048903871	0.8909283417689252	0.6666666666666666	0.8216866254806519	5.973475933074951	0.022003429497118
cov10_n5_g0_s42_hotspots_p80_chr1	5	10	2614	667	1319	0	0.5866271210672604	0.55372276290824	0.42857142857142855	0.48520034551620483	7.308900833129883	0.04224028537723143
cov10_n5_g0_s42_hotspots_p80_chr1	5	10	2615	28	109	1	0.267261241474487	0.09759000729485345	0.0	0.0714285746216774	69.99998474121094	0.048181205582971585
cov10_n5_g0_s42_hotspots_p80_chr1	5	10	2616	87	638	1	0.5880769877770705	0.5513733984570447	0.25	0.40822112560272217	10.37641716003418	0.040786628494544785
cov10_n5_g0_s42_hotspots_p80_chr1	5	10	2617	134	438	1	0.48297400765856446	0.4693647460303617	0.42857142857142855	0.9336919188499451	1.3378589153289795	0.08470435488324617
cov10_n5_g0_s42_hotspots_p80_chr1	5	10	2618	963	2416	0	0.577473883456454	0.5376421488819298	0.42857142857142855	0.33849266171455383	14.552452087402344	0.04082276808070332
cov10_n5_g0_s42_hotspots_p80_chr1	5	10	2619	320	955	0	0.7527476001567768	0.7351353958227193	0.6666666666666666	0.7024962902069092	5.740908622741699	0.034130250804623015
cov10_n5_g0_s42_hotspots_p80_chr1	5	10	2621	244	1225	0	0.6422749178039027	0.6174910703742985	0.42857142857142855	0.6188048720359802	5.386474132537842	0.041552417712404616
cov10_n5_g0_s42_hotspots_p80_chr1	5	10	2623	161	609	1	0.5442053750119581	0.5083128315683254	0.25	0.45821934938430786	7.052591323852539	0.04451181148545657
cov10_n5_g0_s42_hotspots_p80_chr1	5	10	2624	442	1509	0	0.33970354021023025	0.2730253075715874	0.1111111111111111	0.22274936735630035	11.628863334655762	0.049610127214884975
cov10_n5_g0_s42_hotspots_p80_chr1	5	10	2625	168	557	1	0.7409784945278861	0.7204087713288663	0.42857142857142855	0.5455816984176636	9.22277545928955	0.03357725247975911
cov10_n5_g0_s42_hotspots_p80_chr1	5	10	2628	59	444	1	0.6000792073880633	0.5719109021961442	0.42857142857142855	0.5688168406486511	5.564705848693848	0.04361440225197332
cov10_n5_g0_s42_hotspots_p80_chr1	5	10	2630	19	62	1	0.7793792313659282	0.7624803992512821	0.42857142857142855	0.6324787139892578	7.592343807220459	0.031368802896043546
cov10_n5_g0_s42_hotspots_p80_chr1	5	10	2631	185	1002	1	0.7245930757172547	0.7047096528995822	0.6666666666666666	0.666556179523468	5.908603668212891	0.0358158930885434
cov10_n5_g0_s42_hotspots_p80_chr1	5	10	2633	3	10	1	0.5163977508385897	0.4926589517230385	0.25	0.6666666865348816	2.999999761581421	0.057735028209441014
cov10_n5_g0_s42_hotspots_p80_chr1	5	10	2638	296	1225	0	0.6559735381884967	0.6271101779549542	0.6666666666666666	0.48462027311325073	9.160928726196289	0.037965633095593025
cov10_n5_g0_s42_hotspots_p80_chr1	5	10	2639	554	1764	0	0.4053093680652609	0.3681445865901637	0.25	0.4302041232585907	4.438069820404053	0.05626294486988389
cov10_n5_g0_s42_hotspots_p80_chr1	5	10	2640	15	161	1	0.6317824550086438	0.6014467325698396	0.42857142857142855	0.4919690489768982	8.245738983154297	0.03944729667599506
cov10_n5_g0_s42_hotspots_p80_chr1	5	10	2641	426	1848	0	0.49417010039884907	0.45370266302379825	0.25	0.41047582030296326	7.246825218200684	0.04661023763236415
cov10_n5_g0_s42_hotspots_p80_chr1	5	10	2642	74	173	1	0.4133919067321501	0.3523207636004457	0.1111111111111111	0.25366321206092834	13.27941608428955	0.046615344996192735
cov10_n5_g0_s42_hotspots_p80_chr1	5	10	2643	6	23	1	0.5246313982624387	0.4955313958488166	0.42857142857142855	0.5666666626930237	4.285714149475098	0.05082650344596438
cov10_n5_g0_s42_hotspots_p80_chr1	5	10	2644	8	96	1	0.5070925838197463	0.4683039027554037	0.42857142857142855	0.4285714626312256	6.999999046325684	0.04629100567841733
cov10_n5_g0_s42_hotspots_p80_chr1	5	10	2645	680	1984	0	0.43619613555945164	0.4061735490084894	0.42857142857142855	0.531595766544342	3.3664371967315674	0.05962503935636084
cov10_n5_g0_s42_hotspots_p80_chr1	5	10	2646	2	2	1	0.2531848467155222	0.041344911529736184	0.0	0.06410256773233414	78.00000762939453	0.04837089610234226
cov10_n5_g0_s42_hotspots_p80_chr1	5	10	2655	186	912	1	0.5831380986308353	0.5458339421429667	0.25	0.4032003879547119	10.458537101745605	0.04097796884420161
cov10_n5_g0_s42_hotspots_p80_chr1	5	10	2656	106	236	1	0.5197763996624865	0.4915091107041634	0.25	0.580701470375061	4.005873203277588	0.052123998539295835
cov10_n5_g0_s42_hotspots_p80_chr1	5	10	2663	57	606	1	0.7368499859373392	0.7170677444942133	0.6666666666666666	0.6412777304649353	6.601396083831787	0.034455043234344146
cov10_n5_g0_s42_hotspots_p80_chr1	5	10	2664	221	909	0	0.41484288231407823	0.38322819644048955	0.42857142857142855	0.5000233054161072	3.4415719509124756	0.060265618317990356
cov10_n5_g0_s42_hotspots_p80_chr1	5	10	2665	46	297	1	0.5691566459983105	0.5452786811848795	0.42857142857142855	0.6666662693023682	3.644322156906128	0.050957452295730586
cov10_n5_g0_s42_hotspots_p80_chr1	5	10	2666	7	26	1	0.5163977508385897	0.4926589517230385	0.25	0.6666666865348816	2.999999761581421	0.057735028209441014
cov10_n5_g0_s42_hotspots_p80_chr1	5	10	2667	84	408	1	0.5811258692582768	0.5493440623354222	0.6666666666666666	0.509078860282898	6.515387535095215	0.043279797646639286
cov10_n5_g0_s42_hotspots_p80_chr1	5	10	2668	564	1337	0	0.6626107902716266	0.6376986121940741	0.42857142857142855	0.5958446860313416	6.183308124542236	0.039272741331014806
cov10_n5_g0_s42_hotspots_p80_chr1	5	10	2669	25	108	1	0.7288344860669088	0.7091694439563827	0.6666666666666666	0.6666666269302368	5.975997447967529	0.035473480230585434
cov10_n5_g0_s42_hotspots_p80_chr1	5	10	2670	31	118	1	0.31311214236087676	0.19470104450676748	0.0	0.09803921729326248	51.0	0.04748580799338171
cov10_n5_g0_s42_hotspots_p80_chr1	5	10	2671	355	726	0	0.6766453472028808	0.6493894290629378	0.42857142857142855	0.45613396167755127	11.002904891967773	0.036815672005815515
cov10_n5_g0_s42_hotspots_p80_chr1	5	10	2672	600	1579	0	0.4538633744086969	0.4155475115890599	0.25	0.43229883909225464	5.511275291442871	0.051054708921639325
cov10_n5_g0_s42_hotspots_p80_chr1	5	10	2673	246	1446	0	0.5437099502946647	0.5036906315319291	0.1111111111111111	0.39870232343673706	9.298375129699707	0.04302103411396308
cov10_n5_g0_s42_hotspots_p80_chr1	5	10	2674	12	56	1	0.5772435485141433	0.5481048238998321	0.42857142857142855	0.5591397881507874	5.3290205001831055	0.045276351806864214
cov10_n5_g0_s42_hotspots_p80_chr1	5	10	2686	7	29	1	0.39093501691308596	0.3602353320692877	0.25	0.5	3.0566039085388184	0.06394924760277634
cov10_n5_g0_s42_hotspots_p80_chr1	5	10	2690	293	1320	0	0.7012176144406581	0.6768936953836486	0.42857142857142855	0.5286167860031128	8.798199653625488	0.03574439156546076
cov10_n5_g0_s42_hotspots_p80_chr1	5	10	2691	323	1330	0	0.4269515427340086	0.3736010273903358	0.25	0.3004804253578186	10.094732284545898	0.04728495924037202
cov10_n5_g0_s42_hotspots_p80_chr1	5	10	2692	172	449	1	0.6875564926668545	0.662779738182995	0.25	0.55722975730896	7.612341403961182	0.036822842353395766
cov10_n5_g0_s42_hotspots_p80_chr1	5	10	2693	77	953	1	0.6433590091397888	0.6148742799928181	0.42857142857142855	0.5236347913742065	7.547791481018066	0.03921657669299626
cov10_n5_g0_s42_hotspots_p80_chr1	5	10	2705	54	191	1	0.602035999537002	0.5763504272644644	0.42857142857142855	0.6202147603034973	4.711190700531006	0.045301028989123714
cov10_n5_g0_s42_hotspots_p80_chr1	5	10	2706	639	1794	0	0.6963567640378815	0.6732185587623922	0.42857142857142855	0.5992194414138794	6.752457141876221	0.03681142043140036
cov10_n5_g0_s42_hotspots_p80_chr1	5	10	2707	1251	2528	0	0.7200999937282374	0.6974819860558785	0.42857142857142855	0.5077979564666748	10.054807662963867	0.03470153669130923
cov10_n5_g0_s42_hotspots_p80_chr1	5	10	2708	921	1744	0	0.3543211230131177	0.2866290396230849	0.25	0.22160926461219788	12.781691551208496	0.048681772598226106
cov10_n5_g0_s42_hotspots_p80_chr1	5	10	2709	320	1408	0	0.4507869685110925	0.4044748971251489	0.1111111111111111	0.3545319437980652	8.08354663848877	0.04768323737201191
cov10_n5_g0_s42_hotspots_p80_chr1	5	10	2710	579	2108	0	0.5606645838966923	0.5293752392674727	0.25	0.5257478356361389	5.686188697814941	0.04549252427436913
cov10_n5_g0_s42_hotspots_p80_chr1	5	10	2711	480	1749	0	0.5419200624261772	0.49658276981772403	0.1111111111111111	0.29138123989105225	17.29486846923828	0.04202203614585004
cov10_n5_g0_s42_hotspots_p80_chr1	5	10	2712	5	186	1	0.499999980112473	0.4472135954999587	0.1111111111111111	0.25	19.999998092651367	0.04330127018922194
cov10_n5_g0_s42_hotspots_p80_chr1	5	10	2714	5	81	1	0.4879500119046443	0.43278353399991204	0.25	0.23809514939785004	21.000015258789062	0.04364357804720337
cov10_n5_g0_s42_hotspots_p80_chr1	5	10	2715	17	69	1	0.45643545408648045	0.3944053188732337	0.1111111111111111	0.2083333134651184	24.000003814697266	0.044487826050132066
cov10_n5_g0_s42_hotspots_p80_chr1	5	10	2716	25	316	1	0.4472136204849739	0.38297084310237844	0.1111111111111111	0.19999994337558746	25.000015258789062	0.044721359549999715
cov10_n5_g0_s42_hotspots_p80_chr1	5	10	2717	11	631	1	0.3952847142810571	0.3162277660168383	0.1111111111111111	0.15625	32.0	0.04592793267718459
cov10_n5_g0_s42_hotspots_p80_chr1	5	10	2718	59	178	1	0.5163977937723039	0.492658952445975	0.25	0.6666654944419861	3.0000109672546387	0.057734943953389364
cov10_n5_g0_s42_hotspots_p80_chr1	5	10	2720	27	169	1	0.33709990742153834	0.233549683247944	0.0	0.11363619565963745	44.00012969970703	0.047073443584584214
cov10_n5_g0_s42_hotspots_p80_chr1	5	10	2721	16	90	1	0.33333332890406137	0.2277100170213242	0.0	0.111111119389534	44.9999885559082	0.0471404520791032
cov10_n5_g0_s42_hotspots_p80_chr1	5	10	2722	21	178	1	0.6116048611802903	0.5881216253570305	0.42857142857142855	0.6666667461395264	4.208179950714111	0.046228469844848755
cov10_n5_g0_s42_hotspots_p80_chr1	5	10	2728	677	1556	0	0.5992925346667018	0.5626083435999893	0.42857142857142855	0.3723445236682892	12.95262336730957	0.04004163820740168
cov10_n5_g0_s42_hotspots_p80_chr1	5	10	2729	6	12	1	0.5835108140491189	0.5560168131549402	0.42857142857142855	0.5888888835906982	4.909090995788574	0.04584595808600642
cov10_n5_g0_s42_hotspots_p80_chr1	5	10	2732	3	9	1	0.31622777142784575	0.2894143807081524	0.1111111111111111	0.5	2.0	0.07905694150420949
cov10_n5_g0_s42_hotspots_p80_chr1	5	10	2733	93	598	1	0.2696806010503542	0.19681319594450306	0.1111111111111111	0.1818184107542038	11.00002670288086	0.05222325975599075
cov10_n5_g0_s42_hotspots_p80_chr1	5	10	2734	479	1055	0	0.7074790357439593	0.6853910234212051	0.42857142857142855	0.6154122352600098	6.607922554016113	0.03625751843184924
cov10_n5_g0_s42_hotspots_p80_chr1	5	10	2736	28	135	1	0.18257418462999286	0.05634361698190113	0.0	0.0833333358168602	23.999998092651367	0.05103103649048409
cov10_n5_g0_s42_hotspots_p80_chr1	5	10	2737	22	190	1	0.48017311634419213	0.4332027574878517	0.42857142857142855	0.34553995728492737	9.655372619628906	0.04546334819285082
cov10_n5_g0_s42_hotspots_p80_chr1	5	10	2739	816	1923	0	0.6935537060388363	0.6681690061472509	0.42857142857142855	0.47142666578292847	10.821861267089844	0.036026878990048035
cov10_n5_g0_s42_hotspots_p80_chr1	5	10	2740	449	1492	0	0.6473293419168241	0.6176438325156378	0.42857142857142855	0.4790058135986328	9.131433486938477	0.03839099699152493
cov10_n5_g0_s42_hotspots_p80_chr1	5	10	2741	437	1623	0	0.6234000012387764	0.5975389942629513	0.42857142857142855	0.6059658527374268	5.291846752166748	0.042805315142880475
cov10_n5_g0_s42_hotspots_p80_chr1	5	10	2742	496	1510	0	0.8060677191781493	0.7931506819178158	0.6666666666666666	0.8067566752433777	4.991463661193848	0.031152722247257708
cov10_n5_g0_s42_hotspots_p80_chr1	5	10	2743	582	2271	0	0.8530367847282591	0.8425003229509522	0.6666666666666666	0.7769726514816284	6.026900768280029	0.026252070948057912
cov10_n5_g0_s42_hotspots_p80_chr1	5	10	2744	347	1261	0	0.28690760243455726	0.23313056486567604	0.1111111111111111	0.2551325261592865	6.322990894317627	0.05657959081579
cov10_n5_g0_s42_hotspots_p80_chr1	5	10	2745	279	1488	0	0.5904184987936465	0.5574885663551641	0.25	0.4818481504917145	7.507052898406982	0.041902982869849746
cov10_n5_g0_s42_hotspots_p80_chr1	5	10	2746	366	1215	0	0.6056025238565919	0.5785844692651119	0.42857142857142855	0.5900777578353882	5.266557693481445	0.04385291268038159
cov10_n5_g0_s42_hotspots_p80_chr1	5	10	2747	363	1487	0	0.625150186291611	0.5954522487650502	0.25	0.5168449878692627	7.315063953399658	0.04030604990363277
cov10_n5_g0_s42_hotspots_p80_chr1	5	10	2748	140	858	1	0.45140322400544347	0.3989830265361202	0.1111111111111111	0.3049543499946594	10.955435752868652	0.046002329584642836
cov10_n5_g0_s42_hotspots_p80_chr1	5	10	2749	229	714	0	0.6879347792138828	0.6619246776898647	0.42857142857142855	0.47763144969940186	10.372386932373047	0.03629002119470712
cov10_n5_g0_s42_hotspots_p80_chr1	5	10	2750	1272	2798	0	0.7285033019414379	0.7082739761834862	0.42857142857142855	0.6433215141296387	6.4117536544799805	0.03511319855777928
cov10_n5_g0_s42_hotspots_p80_chr1	5	10	2751	1000	2628	0	0.678676215601379	0.6539688225324567	0.42857142857142855	0.578603208065033	6.879131317138672	0.03773690343258089
cov10_n5_g0_s42_hotspots_p80_chr1	5	10	2752	330	700	0	0.6173169376860755	0.5906157289402691	0.42857142857142855	0.5906552076339722	5.461580276489258	0.04284201993856525
cov10_n5_g0_s42_hotspots_p80_chr1	5	10	2760	864	2076	0	0.7058749830591268	0.682956239698967	0.42857142857142855	0.5852160453796387	7.2743306159973145	0.03594844469979922
cov10_n5_g0_s42_hotspots_p80_chr1	5	10	2761	378	908	0	0.7301528157966947	0.7105559997794477	0.6666666666666666	0.6666651964187622	5.997661113739014	0.03536692923000993
cov10_n5_g0_s42_hotspots_p80_chr1	5	10	2762	163	710	1	0.7416155224887007	0.7223859576192406	0.42857142857142855	0.6545106172561646	6.419395923614502	0.034273464412571064
cov10_n5_g0_s42_hotspots_p80_chr1	5	10	2763	215	849	0	0.7410800483016586	0.7206257568232401	0.6666666666666666	0.5754828453063965	8.291545867919922	0.033617634565206764
cov10_n5_g0_s42_hotspots_p80_chr1	5	10	2764	31	216	1	0.5602314201740766	0.5188033694614722	0.42857142857142855	0.35454845428466797	12.48399829864502	0.04157570683859574
cov10_n5_g0_s42_hotspots_p80_chr1	5	10	2765	143	581	1	0.7490374999531244	0.7293752930025278	0.42857142857142855	0.5913162231445312	8.0230131149292	0.03318790455124136
cov10_n5_g0_s42_hotspots_p80_chr1	5	10	2766	129	956	1	0.6922621488800531	0.6683956255389055	0.42857142857142855	0.5809795260429382	7.098874092102051	0.03682315687808326
cov10_n5_g0_s42_hotspots_p80_chr1	5	10	2767	547	1715	0	0.6263713604335339	0.5998678102830197	0.42857142857142855	0.5892630219459534	5.649569034576416	0.04202669408204106
cov10_n5_g0_s42_hotspots_p80_chr1	5	10	2768	95	473	1	0.6374626372197001	0.6144612137384811	0.6666666666666666	0.6666666865348816	4.571534156799316	0.043600210643526816
cov10_n5_g0_s42_hotspots_p80_chr1	5	10	2769	147	588	1	0.6105853077204598	0.5870868946059771	0.42857142857142855	0.6666666269302368	4.194162368774414	0.046335727734376934
cov10_n5_g0_s42_hotspots_p80_chr1	5	10	2770	54	93	1	0.526096039597927	0.49508592882562047	0.25	0.5352919101715088	4.829683780670166	0.04910907530354429
cov10_n5_g0_s42_hotspots_p80_chr1	5	10	2772	2	26	1	0.2309400954212757	0.1405726992011029	0.1111111111111111	0.13333334028720856	14.99999713897705	0.051639778454411804
cov10_n5_g0_s42_hotspots_p80_chr1	5	10	2775	16	105	1	0.7232936324793803	0.7033481848385054	0.42857142857142855	0.6666666269302368	5.885478973388672	0.035924057889447594
cov10_n5_g0_s42_hotspots_p80_chr1	5	10	2779	335	1100	0	0.4599482873940068	0.4193156298590831	0.25	0.4085812270641327	6.3362345695495605	0.04929375630940655
cov10_n5_g0_s42_hotspots_p80_chr1	5	10	2780	111	375	1	0.5187330586689499	0.4927551708261861	0.25	0.622270941734314	3.474553346633911	0.05464641416326398
cov10_n5_g0_s42_hotspots_p80_chr1	5	10	2784	5	10	1	0.5163977508385897	0.4926589517230385	0.25	0.6666666865348816	2.999999761581421	0.057735028209441014
cov10_n5_g0_s42_hotspots_p80_chr1	5	10	2798	20	294	1	0.516397773649387	0.4926589519561657	0.25	0.666666567325592	3.0000009536743164	0.05773501998995932
cov10_n5_g0_s42_hotspots_p80_chr1	5	10	2799	80	195	1	0.5163978798143486	0.492658965096069	0.25	0.6666651368141174	3.0000150203704834	0.057734914838441224
cov10_n5_g0_s42_hotspots_p80_chr1	5	10	2800	428	1023	0	0.5882244343431122	0.5746615671379574	0.6666666666666666	0.9568758010864258	1.8894919157028198	0.06581152309222293
cov10_n5_g0_s42_hotspots_p80_chr1	5	10	2801	244	1066	0	0.7305945562389562	0.7090845637932223	0.42857142857142855	0.513853907585144	10.107495307922363	0.03416776927343577
cov10_n5_g0_s42_hotspots_p80_chr1	5	10	2802	4	16	1	0.5163977508385897	0.4926589517230385	0.25	0.6666666865348816	2.999999761581421	0.057735028209441014
cov10_n5_g0_s42_hotspots_p80_chr1	5	10	2803	64	220	1	0.4885402438219824	0.44583818141882264	0.42857142857142855	0.3867455720901489	7.978476524353027	0.04618427406172441
cov10_n5_g0_s42_hotspots_p80_chr1	5	10	2805	1058	2301	0	0.683323373607513	0.6568243304573271	0.25	0.4755855202674866	10.322036743164062	0.036511286509522685
cov10_n5_g0_s42_hotspots_p80_chr1	5	10	2806	133	164	1	0.4472136204570699	0.39835342492144155	0.42857142857142855	0.3333330750465393	9.000014305114746	0.04714044130211665
cov10_n5_g0_s42_hotspots_p80_chr1	5	10	2811	2	174	1	0.4743416571402686	0.4303314829119349	0.42857142857142855	0.375	8.0	0.04677071733467427
cov10_n5_g0_s42_hotspots_p80_chr1	5	10	2812	38	217	1	0.3669091236724352	0.31525185419698276	0.1111111111111111	0.30099231004714966	7.42978572845459	0.051744137874723796
cov10_n5_g0_s42_hotspots_p80_chr1	5	10	2813	75	507	1	0.51639788707854	0.492658968297454	0.25	0.666664183139801	3.00002384185791	0.05773484646515217
cov10_n5_g0_s42_hotspots_p80_chr1	5	10	2814	58	262	1	0.5163978113490795	0.4926589499899871	0.25	0.6666666269302368	3.000000476837158	0.05773502433487468
cov10_n5_g0_s42_hotspots_p80_chr1	5	10	2815	72	405	1	0.586417196026611	0.5483967826824734	0.42857142857142855	0.37666136026382446	12.119402885437012	0.04059676321783148
cov10_n5_g0_s42_hotspots_p80_chr1	5	10	2816	19	94	1	0.5701161139677265	0.539389040340538	0.42857142857142855	0.5325874090194702	5.7294745445251465	0.044930656758083026
cov10_n5_g0_s42_hotspots_p80_chr1	5	10	2819	8	95	1	0.5163977508385897	0.4926589517230385	0.25	0.6666666865348816	2.999999761581421	0.057735028209441014
cov10_n5_g0_s42_hotspots_p80_chr1	5	10	2821	48	168	1	0.6831255120351418	0.6587077683150877	0.6666666666666666	0.5801029205322266	6.933634281158447	0.03744718605802449
cov10_n5_g0_s42_hotspots_p80_chr1	5	10	2822	63	306	1	0.6118444374762643	0.5883647891502718	0.6666666666666666	0.6666663885116577	4.211481094360352	0.04620329739278665
cov10_n5_g0_s42_hotspots_p80_chr1	5	10	2823	7	132	1	0.5163977508385897	0.4926589517230385	0.25	0.6666666865348816	2.999999761581421	0.057735028209441014
cov10_n5_g0_s42_hotspots_p80_chr1	5	10	2824	63	411	1	0.6429808393194395	0.6125165216850154	0.25	0.46261194348335266	9.659004211425781	0.038484665353090135
cov10_n5_g0_s42_hotspots_p80_chr1	5	10	2826	160	662	1	0.722427904252905	0.7024395902248006	0.42857142857142855	0.6666658520698547	5.871412754058838	0.03599486305119043
cov10_n5_g0_s42_hotspots_p80_chr1	5	10	2827	62	506	1	0.6172167793951656	0.5853721211241909	0.42857142857142855	0.47607237100601196	8.404260635375977	0.04008714238635898
cov10_n5_g0_s42_hotspots_p80_chr1	5	10	2828	62	347	1	0.5610787037746483	0.5359500068601795	0.42857142857142855	0.6406208276748657	3.8354432582855225	0.05055661683892532
cov10_n5_g0_s42_hotspots_p80_chr1	5	10	2829	360	1236	0	0.5111855342173374	0.46261482711068264	0.42857142857142855	0.3094913959503174	13.640491485595703	0.043231151493841415
cov10_n5_g0_s42_hotspots_p80_chr1	5	10	2830	357	1287	0	0.6714127928478412	0.6467918412195162	0.6666666666666666	0.5927810668945312	6.414465427398682	0.03853329442974477
cov10_n5_g0_s42_hotspots_p80_chr1	5	10	2831	551	1434	0	0.44957331526427163	0.4016359646609644	0.25	0.3408048152923584	8.700809478759766	0.04725064941430362
cov10_n5_g0_s42_hotspots_p80_chr1	5	10	2832	802	1823	0	0.616871548100108	0.590306742780491	0.6666666666666666	0.5939457416534424	5.393442153930664	0.042987218601963605
cov10_n5_g0_s42_hotspots_p80_chr1	5	10	2833	183	565	1	0.5131007469594923	0.4797270674130998	0.42857142857142855	0.4997597336769104	5.270512104034424	0.04871229249110354
cov10_n5_g0_s42_hotspots_p80_chr1	5	10	2834	518	1397	0	0.7097257173504045	0.6860333563262779	0.42857142857142855	0.49628686904907227	10.225521087646484	0.03522778696993326
cov10_n5_g0_s42_hotspots_p80_chr1	5	10	2835	943	1771	0	0.3348886832301453	0.26143701412317033	0.1111111111111111	0.19875948131084442	14.194339752197266	0.048855248675271475
cov10_n5_g0_s42_hotspots_p80_chr1	5	10	2837	13	55	1	0.4832246044462227	0.4296880842934371	0.25	0.2795698940753937	14.937821388244629	0.04403353858033263
cov10_n5_g0_s42_hotspots_p80_chr1	5	10	2838	13	32	1	0.2617119569941092	0.07995432486067885	0.0	0.06849315017461777	73.00000762939453	0.04825730124331106
cov10_n5_g0_s42_hotspots_p80_chr1	5	10	2839	248	294	0	0.26171195472833214	0.07995432486044889	0.0	0.06849314272403717	73.0000228881836	0.04825730124331214
cov10_n5_g0_s42_hotspots_p80_chr1	5	10	2840	64	64	1	0.2581988825935182	0.06666666666632264	0.0	0.06666666269302368	75.00001525878906	0.04830458915396638
cov10_n5_g0_s42_hotspots_p80_chr1	5	10	2841	553	667	0	0.2800498839459538	0.18157391896994296	0.0	0.13485603034496307	21.562545776367188	0.049045170442016936
cov10_n5_g0_s42_hotspots_p80_chr1	5	10	2842	53	173	1	0.5820972558755784	0.5478034671844325	0.25	0.4631503224372864	7.898000240325928	0.04203483682699732
cov10_n5_g0_s42_hotspots_p80_chr1	5	10	2843	7	48	1	0.255840859468445	0.17460694058290374	0.0	0.15789473056793213	13.127274513244629	0.05160176682634909
cov10_n5_g0_s42_hotspots_p80_chr1	5	10	2845	22	165	1	0.5506415626693547	0.5075014569071769	0.25	0.3369963467121124	13.349272727966309	0.041849716969487465
cov10_n5_g0_s42_hotspots_p80_chr1	5	10	2849	135	374	1	0.7433672571443697	0.7232476961117569	0.42857142857142855	0.5914590954780579	7.898186683654785	0.0335461799482971
cov10_n5_g0_s42_hotspots_p80_chr1	5	10	2850	626	1114	0	0.5571025086876892	0.5156314754091094	0.25	0.27494311332702637	20.52837371826172	0.04164369871055605
cov10_n5_g0_s42_hotspots_p80_chr1	5	10	2851	196	834	1	0.7132024622488928	0.6914418460701258	0.6666666666666666	0.6154208779335022	6.715080738067627	0.035838210088248466
cov10_n5_g0_s42_hotspots_p80_chr1	5	10	2852	51	243	1	0.46082805546608197	0.40679402204459936	0.42857142857142855	0.2895442843437195	12.665369033813477	0.04515774494306114
cov10_n5_g0_s42_hotspots_p80_chr1	5	10	2853	12	116	1	0.4472135954979579	0.41464421443136473	0.25	0.5	4.0	0.05590169943749474
cov10_n5_g0_s42_hotspots_p80_chr1	5	10	2854	54	281	1	0.5634445790528365	0.5274472059968685	0.42857142857142855	0.4472695589065552	7.934759616851807	0.042883556158369494
cov10_n5_g0_s42_hotspots_p80_chr1	5	10	2855	213	879	0	0.5681168456579841	0.5315205516323437	0.1111111111111111	0.43402403593063354	8.566783905029297	0.042296617596223864
cov10_n5_g0_s42_hotspots_p80_chr1	5	10	2856	191	788	1	0.60823058107474	0.5727663780968478	0.25	0.3849863111972809	12.480037689208984	0.03970727750975428
cov10_n5_g0_s42_hotspots_p80_chr1	5	10	2857	129	485	1	0.6000139464579533	0.5635994709236466	0.25	0.3397982120513916	15.590158462524414	0.040034944680853404
cov10_n5_g0_s42_hotspots_p80_chr1	5	10	2858	6	32	1	0.5163977508385897	0.49265895172303903	0.25	0.6666666865348816	2.999999761581421	0.057735028209441014
cov10_n5_g0_s42_hotspots_p80_chr1	5	10	2859	111	236	1	0.26046932721943994	0.18088855787469224	0.0	0.16291847825050354	12.780340194702148	0.05160883792383663
cov10_n5_g0_s42_hotspots_p80_chr1	5	10	2860	232	580	0	0.6522142608558601	0.6373515291022912	0.6666666666666666	0.8992424011230469	2.6302499771118164	0.052499413014463446
cov10_n5_g0_s42_hotspots_p80_chr1	5	10	2861	680	1665	0	0.6609300464987595	0.6348212615308364	0.42857142857142855	0.5641502737998962	6.862642288208008	0.03873892656061713
cov10_n5_g0_s42_hotspots_p80_chr1	5	10	2862	6	51	1	0.25819887541829484	0.1807753815155467	0.0	0.1666666716337204	11.999999046325684	0.05204165034456765
cov10_n5_g0_s42_hotspots_p80_chr1	5	10	2863	99	512	1	0.7000591785866981	0.6753436836472879	0.42857142857142855	0.4885362982749939	10.267053604125977	0.03570441414510556
cov10_n5_g0_s42_hotspots_p80_chr1	5	10	2864	33	209	1	0.3659198156539297	0.32640193656144884	0.25	0.3894386291503906	4.41431999206543	0.05817645813389811
cov10_n5_g0_s42_hotspots_p80_chr1	5	10	2865	21	153	1	0.2694218544591822	0.18538450108032656	0.0	0.1569375991821289	14.736064910888672	0.05063171937562296
cov10_n5_g0_s42_hotspots_p80_chr1	5	10	2866	267	798	0	0.44887745411247615	0.41501812750648015	0.25	0.48368000984191895	4.3063507080078125	0.05462865271587583
cov10_n5_g0_s42_hotspots_p80_chr1	5	10	2867	681	1079	0	0.7562620118921194	0.7374358612024339	0.42857142857142855	0.6185235977172852	7.4748430252075195	0.032858150923810184
cov10_n5_g0_s42_hotspots_p80_chr1	5	10	2868	122	404	1	0.5581629573046796	0.5157260610298299	0.25	0.293531596660614	18.079330444335938	0.04151793966731518
cov10_n5_g0_s42_hotspots_p80_chr1	5	10	2876	95	235	1	0.5695106972806878	0.5338966391634082	0.25	0.44953402876853943	8.025066375732422	0.042543499355201235
cov10_n5_g0_s42_hotspots_p80_chr1	5	10	2877	559	838	0	0.7605510649213748	0.741847677237477	0.6666666666666666	0.5741334557533264	8.774069786071777	0.032465139945799235
cov10_n5_g0_s42_hotspots_p80_chr1	5	10	2878	745	764	0	0.6040593535141963	0.5697812045847824	0.25	0.43790403008461	9.514181137084961	0.040302705917309015
cov10_n5_g0_s42_hotspots_p80_chr1	5	10	2879	45	101	1	0.2018013614618854	0.1484349957256377	0.1111111111111111	0.20125840604305267	5.02701473236084	0.06308940692353049
cov10_n5_g0_s42_hotspots_p80_chr1	5	10	2880	583	661	0	0.49361898027179313	0.4561993529463621	0.42857142857142855	0.44629019498825073	6.116725444793701	0.048084571794637834
cov10_n5_g0_s42_hotspots_p80_chr1	5	10	2881	150	166	1	0.48024445569601737	0.4394553173537409	0.25	0.4078056216239929	6.934072017669678	0.04757798254926293
cov10_n5_g0_s42_hotspots_p80_chr1	5	10	2882	867	919	0	0.29826477395119444	0.25581065575343054	0.25	0.3262917995452881	4.177933692932129	0.06213252556348592
cov10_n5_g0_s42_hotspots_p80_chr1	5	10	2883	25	49	1	0.1825748474646417	0.12253641452297097	0.1111111111111111	0.1666671186685562	6.0000104904174805	0.061237195718689956
cov10_n5_g0_s42_hotspots_p80_chr1	5	10	2884	702	702	0	0.7009108660097974	0.6777588452718735	0.42857142857142855	0.5884819030761719	7.092989921569824	0.036330342274678386
cov10_n5_g0_s42_hotspots_p80_chr1	5	10	2885	425	517	0	0.7130928453877808	0.6898596151389489	0.42857142857142855	0.4855925440788269	10.782464981079102	0.03509026593757169
cov10_n5_g0_s42_hotspots_p80_chr1	5	10	2886	61	95	1	0.27675604918704105	0.2300331136380223	0.1111111111111111	0.2850095331668854	4.714605331420898	0.061043322853471346
cov10_n5_g0_s42_hotspots_p80_chr1	5	10	2888	20	41	1	0.5163977508385897	0.49265895172303903	0.25	0.6666666865348816	2.999999761581421	0.057735028209441014
cov10_n5_g0_s42_hotspots_p80_chr1	5	10	2890	522	806	0	0.5914946219223354	0.5541312864082606	0.25	0.32397395372390747	16.66676902770996	0.04037481431129384
cov10_n5_g0_s42_hotspots_p80_chr1	5	10	2891	653	977	0	0.7871875136623382	0.7711922735949569	0.6666666666666666	0.576214611530304	9.331636428833008	0.03095894281199098
cov10_n5_g0_s42_hotspots_p80_chr1	5	10	2892	808	1358	0	0.5985219257370438	0.5639701029207567	0.42857142857142855	0.4402961730957031	9.239325523376465	0.04063781022552179
cov10_n5_g0_s42_hotspots_p80_chr1	5	10	2893	519	820	0	0.6164153637730887	0.5819224068145866	0.25	0.3815043568611145	13.053228378295898	0.039371256722279695
cov10_n5_g0_s42_hotspots_p80_chr1	5	10	2895	648	1125	0	0.3822690826846985	0.3442819574329174	0.25	0.41177505254745483	4.309117317199707	0.05780960977387176
cov10_n5_g0_s42_hotspots_p80_chr1	5	10	2896	601	1067	0	0.6344867169127288	0.6023484294756458	0.25	0.39032313227653503	13.21193790435791	0.03865874301143104
cov10_n5_g0_s42_hotspots_p80_chr1	5	10	2897	469	922	0	0.5831515933483363	0.545171576234991	0.25	0.30500346422195435	18.27777862548828	0.040729268327575605
cov10_n5_g0_s42_hotspots_p80_chr1	5	10	2898	1183	1721	0	0.5665479864247214	0.5313858939594432	0.42857142857142855	0.45899873971939087	7.617640972137451	0.042964338672382044
cov10_n5_g0_s42_hotspots_p80_chr1	5	10	2899	653	1225	0	0.7302711949671956	0.7097261908650976	0.6666666666666666	0.6235926151275635	6.857036113739014	0.03471285153339593
cov10_n5_g0_s42_hotspots_p80_chr1	5	10	2901	396	718	0	0.57982721595142	0.5422878861772769	0.25	0.4035080671310425	10.324350357055664	0.04114838286595573
cov10_n5_g0_s42_hotspots_p80_chr1	5	10	2902	559	794	0	0.6932832173074825	0.6683946798454788	0.25	0.4383951723575592	12.504313468933105	0.03616184897908704
cov10_n5_g0_s42_hotspots_p80_chr1	5	10	2905	45	45	1	0.37416852493748576	0.29743282339409255	0.0	0.18813924491405487	19.776329040527344	0.04681209831669414
cov10_n5_g0_s42_hotspots_p80_chr1	5	10	2907	302	686	0	0.540862088314889	0.4976562760110002	0.25	0.3530317544937134	11.73587703704834	0.04242583163664604
cov10_n5_g0_s42_hotspots_p80_chr1	5	10	2908	917	1852	0	0.6030995777197353	0.5670953057780546	0.25	0.38707929849624634	12.138030052185059	0.03993024682514654
cov10_n5_g0_s42_hotspots_p80_chr1	5	10	2909	78	130	1	0.258198891003647	0.0666666666623295	0.0	0.0666666328907013	75.00006866455078	0.04830458915398301
cov10_n5_g0_s42_hotspots_p80_chr1	5	10	2916	903	1361	0	0.7242775959532609	0.7020680313600837	0.25	0.5170267224311829	9.811924934387207	0.03447936334318258
cov10_n5_g0_s42_hotspots_p80_chr1	5	10	2917	1535	2730	0	0.6282486711619206	0.6007047940752764	0.42857142857142855	0.5638269186019897	6.207855224609375	0.04116361627847194
cov10_n5_g0_s42_hotspots_p80_chr1	5	10	2918	230	564	0	0.28311214837414544	0.2238030702872219	0.1111111111111111	0.23000568151474	7.575477123260498	0.0547725544960982
cov10_n5_g0_s42_hotspots_p80_chr1	5	10	2919	909	921	0	0.11067801656544436	0.032470183298798264	0.25	0.08547157794237137	8.383964538574219	0.059695759384991554
cov10_n5_g0_s42_hotspots_p80_chr1	5	10	2920	905	1081	0	0.47800279486560404	0.5351597059566988	0.25	0.13859118521213531	59.47844696044922	0.044913296753857336
cov10_n5_g0_s42_hotspots_p80_chr1	5	10	2921	1032	1047	0	0.5417982553177145	0.4968187035505854	0.25	0.2754283845424652	19.347633361816406	0.04205867306508281
cov10_n5_g0_s42_hotspots_p80_chr1	5	10	2975	22	610	1	0.0	-0.041344911529736114	0.0	0.0	2.0	0.09354143466934854
cov10_n5_g0_s42_hotspots_p80_chr1	5	10	2977	575	985	0	0.2528534972019159	0.03964562198723534	0.0	0.06373292207717896	78.70100402832031	0.048375245486932256
cov10_n5_g0_s42_hotspots_p80_chr1	5	10	2978	528	1083	0	0.2530419254521404	0.04134491152973613	0.0	0.06375937163829803	78.75296020507812	0.04837279531759309
cov10_n5_g0_s42_hotspots_p80_chr1	5	10	2979	71	406	1	0.2531848467155222	0.041344911529736246	0.0	0.06410256773233414	78.00000762939453	0.048370896102342305
cov10_n5_g0_s42_hotspots_p80_chr1	5	10	2981	1	377	1	0.0	-0.041344911529736114	0.0	0.0	2.0	0.09354143466934854
cov10_n5_g0_s42_hotspots_p80_chr1	5	10	2982	21	479	1	0.25318483351980403	0.04134491152973612	0.0	0.06410257518291473	77.99996948242188	0.048370896102342305
cov10_n5_g0_s42_hotspots_p80_chr1	5	10	2983	469	1234	0	0.2531848484476643	0.04134491152973618	0.0	0.06410256773233414	77.99998474121094	0.04837089610234227
cov10_n5_g0_s42_hotspots_p80_chr1	5	10	2984	620	1059	0	0.2531848449833799	0.041344911529736086	0.0	0.06410256028175354	78.00001525878906	0.048370896102342596
cov10_n5_g0_s42_hotspots_p80_chr1	5	10	2985	337	547	0	0.2531172144769418	0.041344911529736204	0.0	0.06386614590883255	78.53657531738281	0.04837179742024402
cov10_n5_g0_s42_hotspots_p80_chr1	5	10	2986	618	980	0	0.2529899346764363	0.041344911529736204	0.0	0.0637020617723465	78.8623046875	0.048373482448629816
cov10_n5_g0_s42_hotspots_p80_chr1	5	10	2987	215	434	0	0.24037527971216774	-0.012294152874921412	0.0	0.06178831309080124	75.67231750488281	0.048541161551999515
cov10_n5_g0_s42_hotspots_p80_chr1	5	10	2988	105	282	1	0.24788938382944098	-0.04134491152973618	0.0	0.06203826889395714	79.830078125	0.048439562910232985
cov10_n5_g0_s42_hotspots_p80_chr1	5	10	2989	76	76	1	0.2531848484476643	0.04134491152973609	0.0	0.06410256773233414	77.99998474121094	0.04837089610234227
cov10_n5_g0_s42_hotspots_p80_chr1	5	10	2991	32	32	1	0.2531848467155222	0.04134491152973614	0.0	0.06410256773233414	78.00000762939453	0.04837089610234226
cov10_n5_g0_s42_hotspots_p80_chr1	5	10	2995	32	32	1	0.25482359132570725	0.050964719143762584	0.0	0.06493507325649261	76.99999237060547	0.04834937784152283
cov10_n5_g0_s42_hotspots_p80_chr1	5	10	3001	32	32	1	0.2548236095995741	0.050964719143762424	0.0	0.06493507325649261	76.99999237060547	0.04834937784152285
cov10_n5_g0_s42_hotspots_p80_chr1	5	10	3007	32	32	1	0.254823604757985	0.05096471914340987	0.0	0.06493505835533142	77.00000762939453	0.04834937784152413
cov10_n5_g0_s42_hotspots_p80_chr1	5	10	3009	32	32	1	0.2531848397869517	0.04134491152420952	0.0	0.06410254538059235	78.00005340576172	0.04837089610236454
cov10_n5_g0_s42_hotspots_p80_chr1	5	10	3010	529	529	0	0.2515772991767895	0.029049644688706435	0.0	0.06329114735126495	78.99996948242188	0.048391860388899484
cov10_n5_g0_s42_hotspots_p80_chr1	5	10	3011	1387	1387	0	0.2515772991767895	0.029049644688706435	0.0	0.06329114735126495	78.99996948242188	0.048391860388899484
cov10_n5_g0_s42_hotspots_p80_chr1	5	10	3012	819	819	0	0.2515772991767895	0.029049644688706435	0.0	0.06329114735126495	78.99996948242188	0.048391860388899484
cov10_n5_g0_s42_hotspots_p80_chr1	5	10	3016	64	64	1	0.2531848467155222	0.04134491152973617	0.0	0.06410256773233414	78.00000762939453	0.04837089610234226
cov10_n5_g0_s42_hotspots_p80_chr1	5	10	3017	374	428	0	0.2788926429854422	0.12812000486408026	0.1111111111111111	0.07935408502817154	61.75975036621094	0.048016942354018745
cov10_n5_g0_s42_hotspots_p80_chr1	5	10	3018	517	662	0	0.38682143459273904	0.30539109112248203	0.25	0.1583774983882904	29.826622009277344	0.04612159203694448
cov10_n5_g0_s42_hotspots_p80_chr1	5	10	3019	343	418	0	0.16902811465375467	-0.11928854366384135	0.0	0.047570861876010895	63.12565231323242	0.04960003466232646
cov10_n5_g0_s42_hotspots_p80_chr1	5	10	3020	349	466	0	0.3488572784874325	0.251902309576802	0.1111111111111111	0.11646658927202225	44.860374450683594	0.046864799553622036
cov10_n5_g0_s42_hotspots_p80_chr1	5	10	3021	152	165	1	0.16269958094454948	-0.18077305974679622	0.0	0.04411805421113968	68.00019836425781	0.049630965330084195
cov10_n5_g0_s42_hotspots_p80_chr1	5	10	3022	124	124	1	0.21229795078629604	-0.07149933152085447	0.0	0.056338030844926834	70.99999237060547	0.048932261346968126
cov10_n5_g0_s42_hotspots_p80_chr1	5	10	3025	32	32	1	0.15922347308572443	-0.2349263749970933	0.0	0.0422535240650177	70.99999237060547	0.04964663874910515
cov10_n5_g0_s42_hotspots_p80_chr1	5	10	3027	583	918	0	0.1487409981302035	-0.021379481516000977	0.0	0.05656740069389343	34.56996536254883	0.05078137979899989
cov10_n5_g0_s42_hotspots_p80_chr1	5	10	3028	738	1522	0	0.3796416811572078	0.30281924614723765	0.1111111111111111	0.12336090207099915	47.35466003417969	0.04633746933538271
cov10_n5_g0_s42_hotspots_p80_chr1	5	10	3029	761	809	0	0.22181307648255805	0.15839757814747427	0.1111111111111111	0.18329958617687225	7.321856498718262	0.05736479020069224
cov10_n5_g0_s42_hotspots_p80_chr1	5	10	3030	735	792	0	0.301900427203008	0.17956419436077065	0.1111111111111111	0.10208834707736969	43.72653579711914	0.047701424115869195
cov10_n5_g0_s42_hotspots_p80_chr1	5	10	3031	896	1190	0	0.3391787604583126	0.2381115442815982	0.1111111111111111	0.1239885538816452	37.41659164428711	0.04705458200240816
cov10_n5_g0_s42_hotspots_p80_chr1	5	10	3032	1052	1572	0	0.3901020375177017	0.31757545847079377	0.25	0.20136140286922455	18.766101837158203	0.04646813692236107
cov10_n5_g0_s42_hotspots_p80_chr1	5	10	3033	377	646	0	0.2891486683919372	0.15671439385392896	0.1111111111111111	0.0941813737154007	47.12836837768555	0.047899125001290184
cov10_n5_g0_s42_hotspots_p80_chr1	5	10	3034	99	130	1	0.19344180560941487	-0.14217717846704098	0.0	0.05099232494831085	71.95501708984375	0.049180870483128816
cov10_n5_g0_s42_hotspots_p80_chr1	5	10	3035	67	79	1	0.14907119516698245	0.07149926572278827	0.0	0.11111102253198624	9.00001335144043	0.05773501157668196
cov10_n5_g0_s42_hotspots_p80_chr1	5	10	3038	177	191	1	0.4060347909814722	0.3373761534373282	0.25	0.21476277709007263	17.872217178344727	0.0461041833621501
cov10_n5_g0_s42_hotspots_p80_chr1	5	10	3039	451	567	0	0.29455020020079375	0.18264903137531233	0.1111111111111111	0.11738979816436768	31.479503631591797	0.04806386076364955
cov10_n5_g0_s42_hotspots_p80_chr1	5	10	3040	734	848	0	0.2682495892371727	0.10067346413496764	0.1111111111111111	0.07270152121782303	68.07085418701172	0.048167671782283594
cov10_n5_g0_s42_hotspots_p80_chr1	5	10	3041	299	394	0	0.2375350799824304	0.07503504524301631	0.0	0.07793950289487839	46.44192886352539	0.04877966643560135
cov10_n5_g0_s42_hotspots_p80_chr1	5	10	3042	674	780	0	0.04187664511314007	-0.049486838213258104	0.0	0.030149444937705994	9.646172523498535	0.060374691093339365
cov10_n5_g0_s42_hotspots_p80_chr1	5	10	3043	173	173	1	0.26845394817512364	0.16513969299573492	0.1111111111111111	0.12605319917201996	22.677852630615234	0.04920297375088811
cov10_n5_g0_s42_hotspots_p80_chr1	5	10	3044	28	28	1	0.250000008680187		0.0	0.0625000074505806	79.99998474121094	0.04841229182759272
cov10_n5_g0_s42_hotspots_p80_chr1	5	10	3046	26	26	1	0.25157730843813286	0.029049644688706397	0.0	0.06329113245010376	79.00003051757812	0.048391860388899456
cov10_n5_g0_s42_hotspots_p80_chr1	5	10	3049	21	54	1	0.15811388571342286	0.08606629261632172	0.0	0.125	8.0	0.05863019699779316
cov10_n5_g0_s42_hotspots_p80_chr1	5	10	3050	162	184	1	0.3023553933471169	0.2167600896901642	0.1111111111111111	0.1618104875087738	17.45790672302246	0.04906073325160521
cov10_n5_g0_s42_hotspots_p80_chr1	5	10	3061	44	75	1	0.5163977508385897	0.4926589517230385	0.25	0.6666666865348816	2.999999761581421	0.057735028209441014
cov10_n5_g0_s42_hotspots_p80_chr1	5	10	3062	77	220	1	0.24806952451181483	0.16622600249966807	0.0	0.1538461446762085	13.000005722045898	0.05188744821381645
cov10_n5_g0_s42_hotspots_p80_chr1	5	10	3063	14	136	1	0.3318959229903761	0.2295163754903629	0.0	0.12591414153575897	34.73959732055664	0.047225514437770816
cov10_n5_g0_s42_hotspots_p80_chr1	5	10	3064	151	252	1	0.5141887664159743	0.48810992873876236	0.25	0.619709312915802	3.4422240257263184	0.055071103383712613
cov10_n5_g0_s42_hotspots_p80_chr1	5	10	3065	173	326	1	0.516963296413106	0.4924543782660731	0.25	0.6508817672729492	3.1541712284088135	0.05664448583405442
cov10_n5_g0_s42_hotspots_p80_chr1	5	10	3066	267	315	0	0.5163977776319912	0.4926587925218011	0.25	0.6666633486747742	3.000030040740967	0.05773481140989882
cov10_n5_g0_s42_hotspots_p80_chr1	5	10	3067	79	354	1	0.21949454874594973	0.1694980457493191	0.1111111111111111	0.22784475982189178	4.640228271484375	0.06367581104832058
cov10_n5_g0_s42_hotspots_p80_chr1	5	10	3068	342	582	0	0.19992833573302726	0.1454191364521096	0.1111111111111111	0.19589410722255707	5.208060264587402	0.06261513700494378
cov10_n5_g0_s42_hotspots_p80_chr1	5	10	3069	234	333	0	0.5349710090365475	0.4934045406021811	0.25	0.38286834955215454	9.761838912963867	0.043199016364995894
cov10_n5_g0_s42_hotspots_p80_chr1	5	10	3070	420	439	0	0.5163977408940432	0.4926588932936303	0.25	0.6666654348373413	3.0000109672546387	0.057734946909409356
cov10_n5_g0_s42_hotspots_p80_chr1	5	10	3071	166	230	1	0.31102864419367837	0.22698525208766382	0.0	0.16666662693023682	17.412994384765625	0.04883156261239552
cov10_n5_g0_s42_hotspots_p80_chr1	5	10	3072	582	775	0	0.5738085635459216	0.5431982773213836	0.25	0.5333660840988159	5.786996364593506	0.04464509611222958
cov10_n5_g0_s42_hotspots_p80_chr1	5	10	3076	25	90	1	0.47769865615822477	0.4271584098921993	0.25	0.31293708086013794	11.651022911071777	0.04481274278687092
cov10_n5_g0_s42_hotspots_p80_chr1	5	10	3077	28	468	1	0.30232062591645914	0.20815518534311864	0.1111111111111111	0.1449792981147766	21.74170684814453	0.04847716368372146
cov10_n5_g0_s42_hotspots_p80_chr1	5	10	3079	24	56	1	0.3131121459368282	0.19470104450669964	0.0	0.09803920984268188	51.000003814697266	0.04748580799338239
cov10_n5_g0_s42_hotspots_p80_chr1	5	10	3082	100	395	1	0.41137619120932417	0.3467247881666949	0.1111111111111111	0.23432636260986328	15.41011905670166	0.04625498391217556
cov10_n5_g0_s42_hotspots_p80_chr1	5	10	3083	724	886	0	0.41228920670435343	0.3533041111947742	0.1111111111111111	0.26562991738319397	12.045365333557129	0.047006318301009334
cov10_n5_g0_s42_hotspots_p80_chr1	5	10	3084	227	346	0	0.5193764933157868	0.48617856923659397	0.25	0.5021259188652039	5.349452018737793	0.048229224786964044
cov10_n5_g0_s42_hotspots_p80_chr1	5	10	3087	1012	1073	0	0.34569842716905275	0.251230787167086	0.25	0.14000651240348816	30.48374366760254	0.04701087112210344
cov10_n5_g0_s42_hotspots_p80_chr1	5	10	3088	2016	2219	0	0.4115175820541517	0.34788441974153533	0.25	0.23980820178985596	14.723759651184082	0.046367304580748246
cov10_n5_g0_s42_hotspots_p80_chr1	5	10	3089	873	916	0	0.43776316560574624	0.38243417018080517	0.25	0.2860698699951172	11.708579063415527	0.0462303342741308
cov10_n5_g0_s42_hotspots_p80_chr1	5	10	3090	902	1083	0	0.3817865499514788	0.30705548794897786	0.25	0.19421812891960144	19.321090698242188	0.046646229288977985
cov10_n5_g0_s42_hotspots_p80_chr1	5	10	3091	206	291	0	0.1929224941122147	-0.0009554171276824461	0.1111111111111111	0.062310829758644104	47.93014144897461	0.04948981801442731
cov10_n5_g0_s42_hotspots_p80_chr1	5	10	3093	21	21	1	0.05822225055708336	-0.3154185078305579	0.0	0.016949152573943138	59.0	0.051255425514760894
cov10_n5_g0_s42_hotspots_p80_chr1	5	10	3095	169	212	1	0.4663709279038643	0.4291877841020995	0.25	0.4471457600593567	5.4391961097717285	0.05062020405985051
cov10_n5_g0_s42_hotspots_p80_chr1	5	10	3096	611	710	0	0.5624733570256881	0.5267813452186386	0.25	0.45279431343078613	7.715640068054199	0.04308264624209845
cov10_n5_g0_s42_hotspots_p80_chr1	5	10	3097	1227	1347	0	0.6222075403794365	0.5907932189803622	0.42857142857142855	0.4792308211326599	8.428516387939453	0.03983599627090227
cov10_n5_g0_s42_hotspots_p80_chr1	5	10	3098	1118	1260	0	0.3627195491044708	0.3133507825398753	0.25	0.3136662542819977	6.686154365539551	0.052926401641380266
cov10_n5_g0_s42_hotspots_p80_chr1	5	10	3099	1040	1254	0	0.5248337365394453	0.47979953243273293	0.25	0.34345775842666626	11.67526626586914	0.0430505581099339
cov10_n5_g0_s42_hotspots_p80_chr1	5	10	3100	929	1215	0	0.34286026793723623	0.26418674948161763	0.25	0.18382032215595245	17.39471435546875	0.04795318060400481
cov10_n5_g0_s42_hotspots_p80_chr1	5	10	3101	1303	1554	0	0.5538219531296585	0.5133073756604215	0.25	0.3820613622665405	10.506159782409668	0.04218377928234455
cov10_n5_g0_s42_hotspots_p80_chr1	5	10	3102	1439	1648	0	0.38183572449892983	0.3159173910625423	0.25	0.23110461235046387	13.649158477783203	0.04754244722209722
cov10_n5_g0_s42_hotspots_p80_chr1	5	10	3103	1439	1616	0	0.5794500721669859	0.5461204901763941	0.42857142857142855	0.4823528230190277	7.215599536895752	0.04266841649469638
cov10_n5_g0_s42_hotspots_p80_chr1	5	10	3104	1578	1744	0	0.513006032432762	0.4760199274673225	0.25	0.450473427772522	6.484500885009766	0.04664017969474839
cov10_n5_g0_s42_hotspots_p80_chr1	5	10	3105	1424	1581	0	0.3785885117778547	0.3007141392198747	0.25	0.18256592750549316	21.501333236694336	0.04656747428430633
cov10_n5_g0_s42_hotspots_p80_chr1	5	10	3106	770	1610	0	0.3080029988431135	0.18769035691637098	0.1111111111111111	0.10169227421283722	45.86738204956055	0.04758217593135213
cov10_n5_g0_s42_hotspots_p80_chr1	5	10	3107	733	1390	0	0.5078454559300033	0.45726817032558836	0.25	0.283081978559494	16.091949462890625	0.04314366604416078
cov10_n5_g0_s42_hotspots_p80_chr1	5	10	3108	830	1499	0	0.5652867454483739	0.5289611983894166	0.25	0.4406774640083313	8.227462768554688	0.04261354916492743
cov10_n5_g0_s42_hotspots_p80_chr1	5	10	3109	570	1071	0	0.5581431003423794	0.5165484794540868	0.25	0.3553087115287781	12.338133811950684	0.04167224093350949
cov10_n5_g0_s42_hotspots_p80_chr1	5	10	3110	4	17	1	0.13483997529552025	0.0468601297596275	0.0	0.09090909361839294	11.0	0.05640760796208454
cov10_n5_g0_s42_hotspots_p80_chr1	5	10	3111	101	162	1	0.3256520005554623	0.25617748581524663	0.0	0.2096748948097229	12.061036109924316	0.04988006319253429
cov10_n5_g0_s42_hotspots_p80_chr1	5	10	3112	492	515	0	0.4030833080417639	0.3273132115921127	0.25	0.15262198448181152	34.87590026855469	0.04577448813660592
cov10_n5_g0_s42_hotspots_p80_chr1	5	10	3113	558	770	0	0.4026143436934828	0.353622764047688	0.25	0.12380574643611908	52.87701416015625	0.04601487674957442
cov10_n5_g0_s42_hotspots_p80_chr1	5	10	3114	58	150	1	0.5489602717694099	0.5135006200183991	0.42857142857142855	0.46290165185928345	7.031927108764648	0.04430686511909094
cov10_n5_g0_s42_hotspots_p80_chr1	5	10	3115	7	20	1	0.28284271300593095	0.2146980137825952	0.1111111111111111	0.20000001788139343	9.999998092651367	0.05244044368720065
cov10_n5_g0_s42_hotspots_p80_chr1	5	10	3116	106	295	1	0.5926553694229647	0.5552041012218285	0.25	0.37267005443573	12.645195007324219	0.04031336754450674
cov10_n5_g0_s42_hotspots_p80_chr1	5	10	3117	39	160	1	0.3620805394942311	0.28355113625535294	0.1111111111111111	0.18374326825141907	19.415897369384766	0.04717081672038625
cov10_n5_g0_s42_hotspots_p80_chr1	5	10	3118	18	115	1	0.3162277603855652	0.2581988815497141	0.25	0.2499999701976776	8.000001907348633	0.05303300648165121
cov10_n5_g0_s42_hotspots_p80_chr1	5	10	3119	87	241	1	0.38042120425929593	0.3335588592411114	0.1111111111111111	0.3367747366428375	6.379996299743652	0.05268182737395646
cov10_n5_g0_s42_hotspots_p80_chr1	5	10	3120	628	1395	0	0.38570513753090097	0.34107131525075196	0.25	0.3552144467830658	5.895213603973389	0.05333190277854552
cov10_n5_g0_s42_hotspots_p80_chr1	5	10	3121	747	1803	0	0.6261443803951507	0.5968272881248224	0.42857142857142855	0.5246779918670654	7.120874404907227	0.040398175733117346
cov10_n5_g0_s42_hotspots_p80_chr1	5	10	3122	4	7	1	0.31622777142784575	0.28941438070815223	0.1111111111111111	0.5	2.0	0.07905694150420949
cov10_n5_g0_s42_hotspots_p80_chr1	5	10	3124	14	77	1	0.4805725076061407	0.44351008585267615	0.42857142857142855	0.45016250014305115	5.698350429534912	0.049424738100671085
cov10_n5_g0_s42_hotspots_p80_chr1	5	10	3126	3	6	1	0.31622777142784575	0.28941438070815223	0.1111111111111111	0.5	2.0	0.07905694150420949
cov10_n5_g0_s42_hotspots_p80_chr1	5	10	3128	29	166	1	0.6021102801087086	0.5755961306155399	0.42857142857142855	0.6023622155189514	4.995818614959717	0.04461257114738435
cov10_n5_g0_s42_hotspots_p80_chr1	5	10	3129	2	18	1	0.31622777142784575	0.28941438070815223	0.1111111111111111	0.5	2.0	0.07905694150420949
cov10_n5_g0_s42_hotspots_p80_chr1	5	10	3130	597	1166	0	0.4356320505922705	0.3905883480454506	0.25	0.3642652630805969	7.151121616363525	0.049261050175345954
cov10_n5_g0_s42_hotspots_p80_chr1	5	10	3131	8	30	1	0.060858060182713995	-0.26185110635499587	0.0	0.018518518656492233	54.0	0.05137011671826689
cov10_n5_g0_s42_hotspots_p80_chr1	5	10	3132	98	256	1	0.4000001170896101	0.36000000803849913	0.25	0.3999987840652466	5.000032901763916	0.05477215789014154
cov10_n5_g0_s42_hotspots_p80_chr1	5	10	3133	334	709	0	0.54344427232037	0.5064454038116835	0.25	0.4423791766166687	7.545547008514404	0.04409887157667973
cov10_n5_g0_s42_hotspots_p80_chr1	5	10	3134	798	2155	0	0.5384724628539382	0.49331402647079026	0.25	0.2657673954963684	20.525493621826172	0.04219196322519008
cov10_n5_g0_s42_hotspots_p80_chr1	5	10	3135	727	1798	0	0.522142174918585	0.4771065568111707	0.25	0.3459213972091675	11.39181137084961	0.043216576541026175
cov10_n5_g0_s42_hotspots_p80_chr1	5	10	3136	602	2071	0	0.7361986058010278	0.7152103570536208	0.42857142857142855	0.525846004486084	9.800376892089844	0.03385603368858385
cov10_n5_g0_s42_hotspots_p80_chr1	5	10	3137	331	1119	0	0.6140098704821463	0.5871224192472301	0.6666666666666666	0.5884779691696167	5.443275451660156	0.043058350722172845
cov10_n5_g0_s42_hotspots_p80_chr1	5	10	3138	288	1305	0	0.6146862531882483	0.5877901132635716	0.6666666666666666	0.5879007577896118	5.465991497039795	0.04298097293935353
cov10_n5_g0_s42_hotspots_p80_chr1	5	10	3139	282	565	0	0.5354268758393514	0.5076374893874777	0.25	0.5898656845092773	4.119685649871826	0.05084175271752244
cov10_n5_g0_s42_hotspots_p80_chr1	5	10	3145	395	917	0	0.6540275795308927	0.6258186336519043	0.6666666666666666	0.5129402279853821	8.128839492797852	0.03838012037854578
cov10_n5_g0_s42_hotspots_p80_chr1	5	10	3146	1073	1880	0	0.6743320542796529	0.647866787052032	0.42857142857142855	0.5258513689041138	8.22226619720459	0.03729618233465056
cov10_n5_g0_s42_hotspots_p80_chr1	5	10	3147	383	655	0	0.25819889650356553	0.06666666666633965	0.0	0.06666665524244308	75.00003051757812	0.04830458915396618
cov10_n5_g0_s42_hotspots_p80_chr1	5	10	3148	850	1307	0	0.25819888962866694	0.06666666665780449	0.0	0.0666666328907013	75.00007629394531	0.048304589154001126
cov10_n5_g0_s42_hotspots_p80_chr1	5	10	3149	1039	1439	0	0.2581989035387229	0.0666666666506255	0.0	0.0666666179895401	75.00010681152344	0.04830458915403044
cov10_n5_g0_s42_hotspots_p80_chr1	5	10	3150	1050	1609	0	0.2581981487337638	0.06666483786300761	0.0	0.066640704870224	75.05801391601562	0.048304599180432985
cov10_n5_g0_s42_hotspots_p80_chr1	5	10	3151	302	391	0	0.2581988939138618	0.06666666662426561	0.0	0.06666658818721771	75.00017547607422	0.04830458915413857
cov10_n5_g0_s42_hotspots_p80_chr1	5	10	3152	633	993	0	0.2581978186406411	0.06666309581334116	0.0	0.06664444506168365	75.04940032958984	0.048304603650964575
cov10_n5_g0_s42_hotspots_p80_chr1	5	10	3153	900	1364	0	0.25819889164466026	0.06666666620041112	0.0	0.06666640937328339	75.00057220458984	0.04830458915587495
cov10_n5_g0_s42_hotspots_p80_chr1	5	10	3154	1244	1521	0	0.2579454444886494	0.06588897000883491	0.0	0.06618725508451462	75.94111633300781	0.04830802151911465
cov10_n5_g0_s42_hotspots_p80_chr1	5	10	3155	957	1113	0	0.2548235955961679	0.050964719087643884	0.0	0.06493498384952545	77.00019073486328	0.04834937784173326
cov10_n5_g0_s42_hotspots_p80_chr1	5	10	3156	733	772	0	0.25318483632266503	0.041344911526192386	0.0	0.06410253793001175	78.00006866455078	0.04837089610235676
cov10_n5_g0_s42_hotspots_p80_chr1	5	10	3157	346	695	0	0.42547365679143817	0.3799013918290675	0.25	0.3582897186279297	7.050933837890625	0.049813313385193465
cov10_n5_g0_s42_hotspots_p80_chr1	5	10	3158	206	595	0	0.47803837687249556	0.4385698840070487	0.25	0.4222431182861328	6.408705711364746	0.04836585835808503
cov10_n5_g0_s42_hotspots_p80_chr1	5	10	3159	112	235	1	0.5942853105578196	0.5568940936758326	0.25	0.36453214287757874	13.288881301879883	0.04022406357762975
cov10_n5_g0_s42_hotspots_p80_chr1	5	10	3160	402	1416	0	0.6629722585407198	0.6395678605027001	0.6666666666666666	0.6371641159057617	5.413249969482422	0.0402905487708959
cov10_n5_g0_s42_hotspots_p80_chr1	5	10	3161	217	839	0	0.5174971570958711	0.4709037038695576	0.25	0.32945317029953003	12.336688995361328	0.043196898277652065
cov10_n5_g0_s42_hotspots_p80_chr1	5	10	3162	983	2540	0	0.5970259344400524	0.5691861431991508	0.42857142857142855	0.5769494771957397	5.354030609130859	0.04415815196644086
cov10_n5_g0_s42_hotspots_p80_chr1	5	10	3163	362	759	0	0.4613569265678645	0.41844475010950133	0.25	0.3859153985977173	7.1459479331970215	0.04816291137564054
cov10_n5_g0_s42_hotspots_p80_chr1	5	10	3170	169	384	1	0.6788347708277295	0.6523882418775182	0.25	0.5116474628448486	8.801496505737305	0.03690495558136478
cov10_n5_g0_s42_hotspots_p80_chr1	5	10	3172	52	52	1	0.5153687270290198	0.46547079556728704	0.25	0.2694718539714813	18.28855323791504	0.042850068910337324
cov10_n5_g0_s42_hotspots_p80_chr1	5	10	3174	737	1706	0	0.6360154571620418	0.6051041978530513	0.25	0.4665749669075012	9.291000366210938	0.038891043297137495
cov10_n5_g0_s42_hotspots_p80_chr1	5	10	3175	1222	2517	0	0.6781401107165416	0.6517666794245235	0.42857142857142855	0.5177887678146362	8.576372146606445	0.036993902765231214
cov10_n5_g0_s42_hotspots_p80_chr1	5	10	3176	53	175	1	0.4000003209722831	0.3600002522243537	0.25	0.39999961853027344	5.0000176429748535	0.05477219323214349
cov10_n5_g0_s42_hotspots_p80_chr1	5	10	3178	422	1485	0	0.6059579753859262	0.576589054543388	0.25	0.5408293604850769	6.276744842529297	0.042276840728322884
cov10_n5_g0_s42_hotspots_p80_chr1	5	10	3179	236	2356	0	0.5129393530791518	0.4625820960346685	0.1111111111111111	0.26197272539138794	19.168577194213867	0.04292138511042215
cov10_n5_g0_s42_hotspots_p80_chr1	5	10	3180	5	145	1	0.4472135954979579	0.41464421443136473	0.25	0.5	4.0	0.05590169943749474
cov10_n5_g0_s42_hotspots_p80_chr1	5	10	3185	345	1658	0	0.4505855167067557	0.40199343715414837	0.25	0.3353826105594635	9.024920463562012	0.046990857759873966
cov10_n5_g0_s42_hotspots_p80_chr1	5	10	3186	432	2104	0	0.5944429974788605	0.5602659696560665	0.25	0.4535573720932007	8.58867073059082	0.04108063804242949
cov10_n5_g0_s42_hotspots_p80_chr1	5	10	3187	53	567	1	0.4472136337200291	0.41464421816172775	0.25	0.4999995231628418	4.0000081062316895	0.0559016635400023
cov10_n5_g0_s42_hotspots_p80_chr1	5	10	3194	138	663	1	0.33570167345847296	0.3021434485793357	0.25	0.43017375469207764	3.045013189315796	0.0667398228101199
cov10_n5_g0_s42_hotspots_p80_chr1	5	10	3195	759	1560	0	0.5876911509840337	0.5514306124731312	0.25	0.4187936782836914	9.846187591552734	0.04093358721571007
cov10_n5_g0_s42_hotspots_p80_chr1	5	10	3196	481	1288	0	0.7330442486822013	0.7198539405792113	0.6666666666666666	0.9107516407966614	3.239145278930664	0.042488637988219925
cov10_n5_g0_s42_hotspots_p80_chr1	5	10	3197	36	125	1	0.6285474904558718	0.5958474503746901	0.25	0.37275028228759766	14.217076301574707	0.03892907668716115
cov10_n5_g0_s42_hotspots_p80_chr1	5	10	3198	347	745	0	0.3971153747045279	0.32213468307671184	0.25	0.13974101841449738	40.37900161743164	0.045944115049909334
cov10_n5_g0_s42_hotspots_p80_chr1	5	10	3199	312	880	0	0.3089371348630256	0.19189590075048643	0.1111111111111111	0.10728263854980469	41.46210479736328	0.04759271911752108
cov10_n5_g0_s42_hotspots_p80_chr1	5	10	3200	5	16	1	0.22056437758798272	0.0712052418402979	0.1111111111111111	0.0810810849070549	37.0	0.0493196962579542
cov10_n5_g0_s42_hotspots_p80_chr1	5	10	3201	13	110	1	0.23905255253564386	0.1528947457359389	0.0	0.14284935593605042	14.002326011657715	0.051753859826987936
cov10_n5_g0_s42_hotspots_p80_chr1	5	10	3202	150	421	1	0.4886173638731702	0.44455991419949437	0.42857142857142855	0.1856132298707962	34.6489372253418	0.04396243036091605
cov10_n5_g0_s42_hotspots_p80_chr1	5	10	3203	34	34	1	0.440776828915482	0.3849258926914195	0.42857142857142855	0.15668150782585144	39.5705451965332	0.04508307832591051
cov10_n5_g0_s42_hotspots_p80_chr1	5	10	3204	131	336	1	0.5548738601275451	0.5141710712492651	0.42857142857142855	0.2634236812591553	22.184465408325195	0.041789221796043524
cov10_n5_g0_s42_hotspots_p80_chr1	5	10	3205	6	6	1	0.22056437758798272	0.0712052418402979	0.1111111111111111	0.0810810849070549	37.0	0.0493196962579542
cov10_n5_g0_s42_hotspots_p80_chr1	5	10	3207	219	610	0	0.5408545413069561	0.5020901234617137	0.42857142857142855	0.2324301302433014	27.0736083984375	0.042421145727946676
cov10_n5_g0_s42_hotspots_p80_chr1	5	10	3208	130	463	1	0.4311112555534306	0.367094468587613	0.25	0.16003049910068512	36.286338806152344	0.045214264400953705
cov10_n5_g0_s42_hotspots_p80_chr1	5	10	3209	10	10	1	0.5031152997207351	0.4616687375637442	0.42857142857142855	0.19565217196941376	33.062496185302734	0.04358682116164584
cov10_n5_g0_s42_hotspots_p80_chr1	5	10	3210	15	15	1	0.22056437758798272	0.0712052418402979	0.1111111111111111	0.0810810849070549	37.0	0.0493196962579542
cov10_n5_g0_s42_hotspots_p80_chr1	5	10	3211	12	18	1	0.5548233490824508	0.5148789227707313	0.42857142857142855	0.3904470205307007	10.096138954162598	0.04225946038367669
cov10_n5_g0_s42_hotspots_p80_chr1	5	10	3212	34	61	1	0.42314662188741775	0.3571826578480156	0.25	0.15424484014511108	37.62967300415039	0.045397801848278733
cov10_n5_g0_s42_hotspots_p80_chr1	5	10	3213	81	267	1	0.5613127678145495	0.5191440242603714	0.42857142857142855	0.32651060819625854	14.776965141296387	0.04139273030803738
cov10_n5_g0_s42_hotspots_p80_chr1	5	10	3214	7	21	1	0.22056437758798272	0.0712052418402979	0.1111111111111111	0.0810810849070549	37.0	0.0493196962579542
cov10_n5_g0_s42_hotspots_p80_chr1	5	10	3215	180	365	1	0.5261540158876397	0.48687427695890484	0.42857142857142855	0.2159670740365982	29.677047729492188	0.04291113609732041
cov10_n5_g0_s42_hotspots_p80_chr1	5	10	3216	110	309	1	0.552743881424624	0.509294233665555	0.42857142857142855	0.2931368350982666	17.77776336669922	0.04168262746239862
cov10_n5_g0_s42_hotspots_p80_chr1	5	10	3217	189	443	1	0.3269553367546082	0.2180839972926357	0.25	0.1034218817949295	49.97145462036133	0.04725498280459239
cov10_n5_g0_s42_hotspots_p80_chr1	5	10	3218	248	541	0	0.4477479363645033	0.4052844653879084	0.25	0.14996567368507385	44.57110595703125	0.04506242722882666
cov10_n5_g0_s42_hotspots_p80_chr1	5	10	3219	158	234	1	0.3190445339516371	0.20710297237859124	0.25	0.09542800486087799	55.888301849365234	0.047397472229618966
cov10_n5_g0_s42_hotspots_p80_chr1	5	10	3220	206	405	0	0.35176557204781317	0.2556704378059688	0.1111111111111111	0.12610706686973572	38.90432357788086	0.04680561688311331
cov10_n5_g0_s42_hotspots_p80_chr1	5	10	3221	279	480	0	0.5374232060455306	0.49875610200067677	0.42857142857142855	0.2277713567018509	27.835857391357422	0.04254649532859963
cov10_n5_g0_s42_hotspots_p80_chr1	5	10	3222	44	85	1	0.6117798802371722	0.5771217975343194	0.25	0.34702908992767334	15.539196968078613	0.03961403616170823
cov10_n5_g0_s42_hotspots_p80_chr1	5	10	3223	208	936	0	0.6075077545263858	0.5720843289729591	0.25	0.3488224446773529	15.165782928466797	0.03975061708886311
cov10_n5_g0_s42_hotspots_p80_chr1	5	10	3224	5	9	1	0.37210417793498385	0.306205746898391	0.25	0.23076924681663513	12.999998092651367	0.048038446439788086
cov10_n5_g0_s42_hotspots_p80_chr1	5	10	3225	524	2314	0	0.8382899091739471	0.8265241058172528	0.6666666666666666	0.744720458984375	6.33536958694458	0.027376045599463217
cov10_n5_g0_s42_hotspots_p80_chr1	5	10	3226	164	561	1	0.6678912950213154	0.639659540326517	0.25	0.4402470290660858	11.507705688476562	0.03721550391532609
cov10_n5_g0_s42_hotspots_p80_chr1	5	10	3227	179	784	1	0.503236274213878	0.4581391674189655	0.25	0.3569874167442322	9.935921669006348	0.04441986645432929
cov10_n5_g0_s42_hotspots_p80_chr1	5	10	3228	91	612	1	0.6432055450141453	0.6122084960422457	0.25	0.43417853116989136	10.973191261291504	0.038317717544259854
cov10_n5_g0_s42_hotspots_p80_chr1	5	10	3230	117	583	1	0.8058231659747821	0.7928888167466678	0.6666666666666666	0.8064501285552979	4.992228984832764	0.03117115624482616
cov10_n5_g0_s42_hotspots_p80_chr1	5	10	3231	165	802	1	0.43526578792013776	0.38903271998030886	0.25	0.3542127013206482	7.55006742477417	0.048831862104708836
cov10_n5_g0_s42_hotspots_p80_chr1	5	10	3232	40	274	1	0.45562515276405025	0.3938251822819429	0.25	0.19632643461227417	26.929471969604492	0.04452575964493034
cov10_n5_g0_s42_hotspots_p80_chr1	5	10	3233	113	328	1	0.6890755331765138	0.663189920043281	0.25	0.47953253984451294	10.32446575164795	0.036236084159350146
cov10_n5_g0_s42_hotspots_p80_chr1	5	10	3234	10	61	1	0.26720941102001544	0.15880705616290117	0.0	0.11955730617046356	24.97590446472168	0.049017300985725945
cov10_n5_g0_s42_hotspots_p80_chr1	5	10	3236	16	172	1	0.554700203538518	0.5153385075964845	0.25	0.40000003576278687	9.61538314819336	0.04242640715217199
cov10_n5_g0_s42_hotspots_p80_chr1	5	10	3239	13	74	1	0.4472135954979579	0.41464421443136407	0.25	0.5	4.0	0.05590169943749474
cov10_n5_g0_s42_hotspots_p80_chr1	5	10	3241	70	456	1	0.6946125334454826	0.6793704725124844	0.6666666666666666	0.8643295764923096	3.2292113304138184	0.04526881897708604
cov10_n5_g0_s42_hotspots_p80_chr1	5	10	3242	29	128	1	0.7324838213981688	0.7123462839049837	0.6666666666666666	0.6368245482444763	6.614948272705078	0.034720839503774185
cov10_n5_g0_s42_hotspots_p80_chr1	5	10	3243	121	152	1	0.4591395299220604	0.411012793658705	0.25	0.3386654853820801	9.190043449401855	0.0465493320592939
cov10_n5_g0_s42_hotspots_p80_chr1	5	10	3244	210	268	0	0.46141573024552274	0.4033411966319537	0.25	0.25463300943374634	16.418195724487305	0.044589073269050414
cov10_n5_g0_s42_hotspots_p80_chr1	5	10	3245	456	876	0	0.6524065690967153	0.6230806963967287	0.42857142857142855	0.3853773772716522	14.329606056213379	0.03801884974716357
cov10_n5_g0_s42_hotspots_p80_chr1	5	10	3246	479	1633	0	0.6192011545814153	0.591011243102182	0.25	0.5564984679222107	6.190212249755859	0.04167522700015824
cov10_n5_g0_s42_hotspots_p80_chr1	5	10	3247	245	624	0	0.7327552612890031	0.7199424479852743	0.6666666666666666	0.9262734651565552	3.129028558731079	0.043168077601393705
cov10_n5_g0_s42_hotspots_p80_chr1	5	10	3248	39	179	1	0.422577143467758	0.35186577527355123	0.0	0.17857135832309723	28.000022888183594	0.04531634835876656
cov10_n5_g0_s42_hotspots_p80_chr1	5	10	3249	5	10	1	0.29277002170136207	0.19805348166104825	0.0	0.1428571492433548	21.0	0.04879500373831444
cov10_n5_g0_s42_hotspots_p80_chr1	5	10	3250	183	331	1	0.5922242424666228	0.5555063729576705	0.25	0.39927226305007935	11.000288009643555	0.04049657536859085
cov10_n5_g0_s42_hotspots_p80_chr1	5	10	3251	36	318	1	0.6000564147652265	0.5635439190621289	0.25	0.34414196014404297	15.2012357711792	0.040019893281440705
cov10_n5_g0_s42_hotspots_p80_chr1	5	10	3252	192	541	1	0.8324612516241304	0.8200798459368065	0.6666666666666666	0.6865457892417908	7.3512139320373535	0.02770686986400984
cov10_n5_g0_s42_hotspots_p80_chr1	5	10	3253	624	1411	0	0.7458491127295481	0.7259572424779315	0.6666666666666666	0.594382643699646	7.872989177703857	0.033403498612986464
cov10_n5_g0_s42_hotspots_p80_chr1	5	10	3254	20	257	1	0.5411790108141613	0.5099203570445028	0.25	0.5301702618598938	5.209801197052002	0.047418059913985115
cov10_n5_g0_s42_hotspots_p80_chr1	5	10	3255	505	2024	0	0.4916029577178576	0.4517233203896921	0.25	0.4173712730407715	6.936713695526123	0.04706537483398469
cov10_n5_g0_s42_hotspots_p80_chr1	5	10	3256	31	93	1	0.5173566817634052	0.4926720864135151	0.25	0.647396981716156	3.19307279586792	0.05637144109614952
cov10_n5_g0_s42_hotspots_p80_chr1	5	10	3261	94	489	1	0.5004121508512137	0.45369717189437075	0.25	0.34057706594467163	10.794309616088867	0.04421687630905215
cov10_n5_g0_s42_hotspots_p80_chr1	5	10	3262	172	556	1	0.4575541666405886	0.40506212505329764	0.25	0.30302953720092773	11.399484634399414	0.04562228893931132
cov10_n5_g0_s42_hotspots_p80_chr1	5	10	3292	166	644	1	0.689986933465896	0.6657389419235914	0.6666666666666666	0.5717736482620239	7.281208038330078	0.03684942026040498
cov10_n5_g0_s42_hotspots_p80_chr1	5	10	3293	263	844	0	0.6913194240912768	0.6679873067990535	0.42857142857142855	0.6020845770835876	6.591928005218506	0.03722681354417346
cov10_n5_g0_s42_hotspots_p80_chr1	5	10	3294	130	487	1	0.6785070568397992	0.6598883661275938	0.25	0.7635440230369568	3.9483044147491455	0.04299065282866689
cov10_n5_g0_s42_hotspots_p80_chr1	5	10	3295	412	953	0	0.5247976119646575	0.48296570907676994	0.42857142857142855	0.3855034112930298	9.266106605529785	0.04383475205229562
cov10_n5_g0_s42_hotspots_p80_chr1	5	10	3296	705	1716	0	0.6518172680687857	0.6226562660687615	0.42857142857142855	0.48566535115242004	9.006321907043457	0.03820454326285662
cov10_n5_g0_s42_hotspots_p80_chr1	5	10	3297	561	1203	0	0.5139899186960968	0.4699928448041923	0.25	0.36444878578186035	9.94503116607666	0.04398482882885142
cov10_n5_g0_s42_hotspots_p80_chr1	5	10	3309	294	679	0	0.636418640182595	0.6050068713726079	0.25	0.44687092304229736	10.141252517700195	0.038707035946836894
cov10_n5_g0_s42_hotspots_p80_chr1	5	10	3310	99	139	1	0.5213270919503008	0.4886841118144039	0.25	0.5102553963661194	5.219336986541748	0.04841139290122925
cov10_n5_g0_s42_hotspots_p80_chr1	5	10	3312	93	267	1	0.5163994218356479	0.49265820136513655	0.25	0.666617214679718	3.0004639625549316	0.05773158879236536
cov10_n5_g0_s42_hotspots_p80_chr1	5	10	3313	165	637	1	0.040797715350177885	-0.027642593423673215	0.0	0.038288749754428864	5.676743984222412	0.06716042685396091
cov10_n5_g0_s42_hotspots_p80_chr1	5	10	3315	321	1639	0	0.7184857409992705	0.6963145988975143	0.6666666666666666	0.4666258692741394	11.854103088378906	0.034947930642379804
cov10_n5_g0_s42_hotspots_p80_chr1	5	10	3316	89	419	1	0.6554718503892852	0.6329205625928328	0.6666666666666666	0.6666666269302368	4.8334879875183105	0.041866347218138276
cov10_n5_g0_s42_hotspots_p80_chr1	5	10	3322	4	4	1	0.5163977508385897	0.4926589517230385	0.25	0.6666666865348816	2.999999761581421	0.057735028209441014
cov10_n5_g0_s42_hotspots_p80_chr1	5	10	3323	540	1456	0	0.5676024670700919	0.5433109153657456	0.6666666666666666	0.657804548740387	3.722756862640381	0.05068237977111097
cov10_n5_g0_s42_hotspots_p80_chr1	5	10	3324	642	1795	0	0.6031193350188128	0.5747489207870591	0.6666666666666666	0.5630875825881958	5.736203670501709	0.04317063217096203
cov10_n5_g0_s42_hotspots_p80_chr1	5	10	3327	55	371	1	0.6826533290767812	0.6563982895416955	0.6666666666666666	0.5046924352645874	9.14780330657959	0.03664677250699613
cov10_n5_g0_s42_hotspots_p80_chr1	5	10	3328	292	1189	0	0.7732144494465418	0.7596163116832817	0.6666666666666666	0.843457043170929	4.201883316040039	0.03546225139092421
cov10_n5_g0_s42_hotspots_p80_chr1	5	10	3329	321	1081	0	0.6602249958857823	0.6392020059073712	0.42857142857142855	0.7052726149559021	4.381671905517578	0.04273674249727637
cov10_n5_g0_s42_hotspots_p80_chr1	5	10	3330	101	278	1	0.38578704605045705	0.3099326374602215	0.1111111111111111	0.18830403685569763	20.986793518066406	0.04641220289416235
cov10_n5_g0_s42_hotspots_p80_chr1	5	10	3331	705	2084	0	0.6865785276879958	0.6648249568822435	0.42857142857142855	0.6600823402404785	5.4094624519348145	0.03886327096141099
cov10_n5_g0_s42_hotspots_p80_chr1	5	10	3332	20	87	1	0.40000006049084724	0.36000000141989535	0.25	0.39999955892562866	5.0000128746032715	0.05477221919295341
cov10_n5_g0_s42_hotspots_p80_chr1	5	10	3333	58	326	1	0.6678270152980785	0.6484140838646775	0.6666666666666666	0.7467174530029297	3.999312400817871	0.04349654734450585
cov10_n5_g0_s42_hotspots_p80_chr1	5	10	3340	90	232	1	0.7152171086589583	0.6966448277798197	0.42857142857142855	0.7297749519348145	4.802505970001221	0.03813047727186138
cov10_n5_g0_s42_hotspots_p80_chr1	5	10	3341	568	869	0	0.7123946653746716	0.6892768222388039	0.42857142857142855	0.5491951704025269	8.413134574890137	0.035210736188647486
cov10_n5_g0_s42_hotspots_p80_chr1	5	10	3342	4	23	1	0.31622777142784575	0.2894143807081528	0.1111111111111111	0.5	2.0	0.07905694150420949
cov10_n5_g0_s42_hotspots_p80_chr1	5	10	3343	137	468	1	0.49946865039931815	0.45211932660665655	0.25	0.3341732621192932	11.16973876953125	0.04413874365250171
cov10_n5_g0_s42_hotspots_p80_chr1	5	10	3352	505	1344	0	0.8965885839546404	0.8902109934750384	0.6666666666666666	0.950497567653656	4.448917388916016	0.023604756082167624
cov10_n5_g0_s42_hotspots_p80_chr1	5	10	3353	260	1033	0	0.6323377769120966	0.618422140439961	0.25	0.9385735988616943	2.2695071697235107	0.05757547562408135
cov10_n5_g0_s42_hotspots_p80_chr1	5	10	3354	250	582	0	0.8715512597263707	0.8626040113251278	0.6666666666666666	0.8296612501144409	5.517650604248047	0.024842509635975674
cov10_n5_g0_s42_hotspots_p80_chr1	5	10	3355	368	961	0	0.7550820835107817	0.7360531238212149	0.42857142857142855	0.5374258160591125	9.870096206665039	0.032853049034724864
cov10_n5_g0_s42_hotspots_p80_chr1	5	10	3356	733	2198	0	0.6991722003977578	0.6751198504947509	0.6666666666666666	0.43897825479507446	12.683883666992188	0.03592507749757683
cov10_n5_g0_s42_hotspots_p80_chr1	5	10	3357	615	1782	0	0.8697371773830067	0.8619350557105565	0.6666666666666666	0.9417434930801392	4.26462459564209	0.026876991519901666
cov10_n5_g0_s42_hotspots_p80_chr1	5	10	3358	55	227	1	0.6324555573701189	0.6201736467746952	0.25	0.999998927116394	2.000004291534424	0.061237177868581016
cov10_n5_g0_s42_hotspots_p80_chr1	5	10	3359	971	2062	0	0.8517739588908262	0.8425865799192669	0.6666666666666666	0.9032060503959656	4.446773529052734	0.02819568147646415
cov10_n5_g0_s42_hotspots_p80_chr1	5	10	3360	78	192	1	0.8148074816705198	0.8058297500620358	0.6666666666666666	0.9999991655349731	3.319561004638672	0.03557474015378855
cov10_n5_g0_s42_hotspots_p80_chr1	5	10	3361	222	558	0	0.8329070891884615	0.8232576397870609	0.6666666666666666	0.9266750812530518	4.0393195152282715	0.031003310745129364
cov10_n5_g0_s42_hotspots_p80_chr1	5	10	3362	426	1625	0	0.8811231054765927	0.8732649693931314	0.6666666666666666	0.887968122959137	4.923211097717285	0.024477596280845865
cov10_n5_g0_s42_hotspots_p80_chr1	5	10	3364	125	259	1	0.3241179734653112	0.2613658702167292	0.25	0.23340339958667755	9.641883850097656	0.051277775092272715
cov10_n5_g0_s42_hotspots_p80_chr1	5	10	3366	695	1671	0	0.7675476069861403	0.7518104571778066	0.42857142857142855	0.7562919855117798	5.1499342918396	0.03384901319548036
cov10_n5_g0_s42_hotspots_p80_chr1	5	10	3367	455	1575	0	0.6313203864593626	0.6161407338911337	0.25	0.8947331309318542	2.4893314838409424	0.055206553750333995
cov10_n5_g0_s42_hotspots_p80_chr1	5	10	3368	17	80	1	0.14940357161987153	0.02687046076959634	0.1111111111111111	0.07352941483259201	20.642852783203125	0.05232484428157186
cov10_n5_g0_s42_hotspots_p80_chr1	5	10	3369	484	1046	0	0.42172308479225523	0.36934383463912157	0.25	0.30698782205581665	9.435880661010742	0.04785176571912377
cov10_n5_g0_s42_hotspots_p80_chr1	5	10	3370	220	881	0	0.6859414718246569	0.663153167930706	0.25	0.6285989284515381	5.953835964202881	0.03816401600550678
cov10_n5_g0_s42_hotspots_p80_chr1	5	10	3371	13	68	1	0.6324555428556915	0.6201736729460418	0.25	1.0	2.0	0.06123724356957946
cov10_n5_g0_s42_hotspots_p80_chr1	5	10	3373	76	167	1	0.6324556047774677	0.620173674594412	0.25	0.9999977350234985	2.000009775161743	0.06123708995135819
cov10_n5_g0_s42_hotspots_p80_chr1	5	10	3374	357	835	0	0.6433561754000016	0.617627070876744	0.42857142857142855	0.5943218469619751	5.859079837799072	0.04076556248497935
cov10_n5_g0_s42_hotspots_p80_chr1	5	10	3375	72	183	1	0.6324555441326764	0.6201736730145374	0.25	1.0	2.0	0.061237243487150435
cov10_n5_g0_s42_hotspots_p80_chr1	5	10	3376	61	104	1	0.16739787496480182	0.037162733562143904	0.1111111111111111	0.07618393003940582	24.140331268310547	0.051350618950936705
cov10_n5_g0_s42_hotspots_p80_chr1	5	10	3378	171	395	1	0.535892140238805	0.5019768309199089	0.25	0.48965805768966675	5.98878812789917	0.046248711990472424
cov10_n5_g0_s42_hotspots_p80_chr1	5	10	3379	387	1232	0	0.5180194573291277	0.5037157939325896	0.42857142857142855	0.9213231801986694	1.5806586742401123	0.07616744292539858
cov10_n5_g0_s42_hotspots_p80_chr1	5	10	3380	216	572	0	0.5561788968724467	0.5133043594423897	0.25	0.32504862546920776	14.638697624206543	0.041577133558541576
cov10_n5_g0_s42_hotspots_p80_chr1	5	10	3381	396	1250	0	0.6577344407276688	0.630260887226587	0.25	0.5287516117095947	7.7369160652160645	0.03836499674803811
cov10_n5_g0_s42_hotspots_p80_chr1	5	10	3382	1305	3061	0	0.6320912739273051	0.6052282332561432	0.42857142857142855	0.5765145421028137	6.01047945022583	0.0411962198555858
cov10_n5_g0_s42_hotspots_p80_chr1	5	10	3383	973	2447	0	0.793603114762554	0.7802221401576349	0.6666666666666666	0.8137004375457764	4.756063938140869	0.03255336458703922
cov10_n5_g0_s42_hotspots_p80_chr1	5	10	3384	473	1906	0	0.6911316871471784	0.6685235116337072	0.42857142857142855	0.626764714717865	6.079705238342285	0.0377120268852453
cov10_n5_g0_s42_hotspots_p80_chr1	5	10	3385	564	1181	0	0.5063280623468288	0.47019062771933584	0.25	0.4621054232120514	6.002773284912109	0.047663861038192194
cov10_n5_g0_s42_hotspots_p80_chr1	5	10	3386	514	1457	0	0.6912520144941999	0.6727564650623835	0.42857142857142855	0.7574289441108704	4.164462566375732	0.041405829890632045
cov10_n5_g0_s42_hotspots_p80_chr1	5	10	3387	39	355	1	0.6950641297987751	0.6790978681064652	0.42857142857142855	0.838645339012146	3.4344966411590576	0.04411708326766956
cov10_n5_g0_s42_hotspots_p80_chr1	5	10	3388	297	1122	0	0.7240791304884809	0.704473556295658	0.6666666666666666	0.6784659624099731	5.694897651672363	0.03609179351449231
cov10_n5_g0_s42_hotspots_p80_chr1	5	10	3392	89	422	1	0.6613327246066938	0.6480711763599912	0.42857142857142855	0.9536318182945251	2.4046316146850586	0.05413078608119689
cov10_n5_g0_s42_hotspots_p80_chr1	5	10	3393	2	112	1	0.1690308612732488	0.10279841767801566	0.1111111111111111	0.1428571492433548	6.999999523162842	0.059761431535337355
cov10_n5_g0_s42_hotspots_p80_chr1	5	10	3394	1287	2977	0	0.5439073902357495	0.51163507753579	0.25	0.5134641528129578	5.610474109649658	0.046482842141792456
cov10_n5_g0_s42_hotspots_p80_chr1	5	10	3395	1052	1977	0	0.6489995043259268	0.6185982637621117	0.25	0.43218469619750977	11.275086402893066	0.038048854543018484
cov10_n5_g0_s42_hotspots_p80_chr1	5	10	3396	860	1764	0	0.554209318313834	0.5108403158263767	0.1111111111111111	0.3071349859237671	16.280174255371094	0.041618867016123474
cov10_n5_g0_s42_hotspots_p80_chr1	5	10	3399	121	278	1	0.6380726006784984	0.6217505684589334	0.25	0.855243444442749	2.783112049102783	0.052107179502953245
cov10_n5_g0_s42_hotspots_p80_chr1	5	10	3400	987	1416	0	0.6612013565649657	0.6323095686008754	0.25	0.4573502242565155	10.450560569763184	0.03754140115863207
cov10_n5_g0_s42_hotspots_p80_chr1	5	10	3401	186	402	1	0.41971349574836414	0.3743302809825956	0.25	0.35876426100730896	6.843173027038574	0.050327096334070696
cov10_n5_g0_s42_hotspots_p80_chr1	5	10	3402	473	933	0	0.38360594649568086	0.34049894332279435	0.42857142857142855	0.366594523191452	5.47480583190918	0.05431586551161951
cov10_n5_g0_s42_hotspots_p80_chr1	5	10	3403	206	365	0	0.3668675433539016	0.3113081703308108	0.1111111111111111	0.2789212167263031	8.650187492370605	0.05050197401147638
cov10_n5_g0_s42_hotspots_p80_chr1	5	10	3404	38	98	1	0.6956430735160092	0.672652267525705	0.25	0.6059694886207581	6.589331150054932	0.03697510428816616
cov10_n5_g0_s42_hotspots_p80_chr1	5	10	3405	3	3	1	0.31622777142784575	0.28941438070815295	0.1111111111111111	0.5	2.0	0.07905694150420949
cov10_n5_g0_s42_hotspots_p80_chr1	5	10	3406	397	768	0	0.6912837953060431	0.6718596921337324	0.42857142857142855	0.7277817726135254	4.511078834533691	0.04039859960150218
cov10_n5_g0_s42_hotspots_p80_chr1	5	10	3410	610	1711	0	0.7370091389729384	0.7161311834981607	0.6666666666666666	0.5654709935188293	8.493664741516113	0.033827949690006034
cov10_n5_g0_s42_hotspots_p80_chr1	5	10	3411	465	963	0	0.6828721895424934	0.6568298168709238	0.42857142857142855	0.5158347487449646	8.762494087219238	0.03670641425092499
cov10_n5_g0_s42_hotspots_p80_chr1	5	10	3412	473	1430	0	0.4739931557517602	0.431587185332651	0.25	0.39102718234062195	7.346834182739258	0.0473949046436652
cov10_n5_g0_s42_hotspots_p80_chr1	5	10	3413	577	2103	0	0.5196688637797126	0.49076645033884436	0.1111111111111111	0.5697754621505737	4.1592583656311035	0.05154091792537422
cov10_n5_g0_s42_hotspots_p80_chr1	5	10	3414	9	87	1	0.6479782450920921	0.6233852888939716	0.42857142857142855	0.6190476417541504	5.478260517120361	0.0410671153709523
cov10_n5_g0_s42_hotspots_p80_chr1	5	10	3415	351	1684	0	0.6613924028997039	0.6447806617838253	0.42857142857142855	0.8369236588478088	3.122602939605713	0.04815031091668377
cov10_n5_g0_s42_hotspots_p80_chr1	5	10	3416	458	2038	0	0.6508341390110881	0.6348530627285806	0.42857142857142855	0.8619680404663086	2.850548028945923	0.05074723103299423
cov10_n5_g0_s42_hotspots_p80_chr1	5	10	3417	706	1614	0	0.29302243500448305	0.2305341556726898	0.1111111111111111	0.22272033989429474	8.654699325561523	0.05320432694749451
cov10_n5_g0_s42_hotspots_p80_chr1	5	10	3418	60	348	1	0.384195124666057	0.301711777824983	0.25	0.15506649017333984	30.692888259887695	0.04617280581223591
cov10_n5_g0_s42_hotspots_p80_chr1	5	10	3419	227	977	0	0.6705581353388814	0.6517462005608355	0.42857142857142855	0.763014018535614	3.8616943359375	0.04383892418497646
cov10_n5_g0_s42_hotspots_p80_chr1	5	10	3420	382	752	0	0.6749193590181183	0.6485409796033883	0.42857142857142855	0.40274518728256226	14.041485786437988	0.03710112314482469
cov10_n5_g0_s42_hotspots_p80_chr1	5	10	3423	54	383	1	0.1690308529122413	0.1027932615974561	0.1111111111111111	0.14284664392471313	7.001028537750244	0.059759673902718455
cov10_n5_g0_s42_hotspots_p80_chr1	5	10	3424	294	867	0	0.6528781613238167	0.6266944529512518	0.42857142857142855	0.5727249383926392	6.4974365234375	0.03949950299844867
cov10_n5_g0_s42_hotspots_p80_chr1	5	10	3425	687	1402	0	0.760606931829104	0.7420038910557346	0.42857142857142855	0.5542200207710266	9.417296409606934	0.03249992245204073
cov10_n5_g0_s42_hotspots_p80_chr1	5	10	3426	714	1769	0	0.6783992747216907	0.6577178771247536	0.42857142857142855	0.7009613513946533	4.68330717086792	0.040795190323480834
cov10_n5_g0_s42_hotspots_p80_chr1	5	10	3429	999	1681	0	0.7154986793491913	0.692512949271829	0.42857142857142855	0.4887508153915405	10.715508460998535	0.034968267188479625
cov10_n5_g0_s42_hotspots_p80_chr1	5	10	3430	694	1575	0	0.6380703294470979	0.6102431919114256	0.42857142857142855	0.5474806427955627	6.791559219360352	0.04003893824602436
cov10_n5_g0_s42_hotspots_p80_chr1	5	10	3431	511	1141	0	0.4726846241845686	0.42390309446892827	0.25	0.33062779903411865	10.219606399536133	0.04549725342357098
cov10_n5_g0_s42_hotspots_p80_chr1	5	10	3432	220	787	0	0.5764115580471236	0.5372435302391171	0.42857142857142855	0.37203484773635864	12.002402305603027	0.041003463001593424
cov10_n5_g0_s42_hotspots_p80_chr1	5	10	3433	706	1680	0	0.5659596378647054	0.5271381609013677	0.42857142857142855	0.39747095108032227	10.137483596801758	0.04178149007995511
cov10_n5_g0_s42_hotspots_p80_chr1	5	10	3434	633	1651	0	0.5523756380834237	0.5377898218018755	0.6666666666666666	0.9186828136444092	1.807623028755188	0.06943878411283472
cov10_n5_g0_s42_hotspots_p80_chr1	5	10	3435	505	1368	0	0.768736443362953	0.7543018406929225	0.42857142857142855	0.8135335445404053	4.464511394500732	0.03510257034162508
cov10_n5_g0_s42_hotspots_p80_chr1	5	10	3436	837	2637	0	0.7237939593108387	0.7030973940274168	0.42857142857142855	0.6346208453178406	6.503859996795654	0.035338804729786594
cov10_n5_g0_s42_hotspots_p80_chr1	5	10	3437	234	850	0	0.7317359281014308	0.7105009541842099	0.42857142857142855	0.5018234252929688	10.631068229675293	0.034156725739021704
cov10_n5_g0_s42_hotspots_p80_chr1	5	10	3438	256	677	0	0.5005248550374638	0.4478448721540272	0.25	0.24868276715278625	20.254892349243164	0.04328649982368791
cov10_n5_g0_s42_hotspots_p80_chr1	5	10	3439	83	401	1	0.2731791860477957	0.11373356313057588	0.0	0.07462673634290695	67.00023651123047	0.04809815834131391
cov10_n5_g0_s42_hotspots_p80_chr1	5	10	3440	327	1035	0	0.7560865828890102	0.7413614201897656	0.6666666666666666	0.821354329586029	4.236936569213867	0.036653420463033506
cov10_n5_g0_s42_hotspots_p80_chr1	5	10	3441	289	1026	0	0.5116645807203279	0.4789628512818538	0.25	0.5095181465148926	5.042215824127197	0.04931002048857022
cov10_n5_g0_s42_hotspots_p80_chr1	5	10	3442	223	642	0	0.6968285628542575	0.6771435680519207	0.25	0.7138347029685974	4.764601230621338	0.03942512818967296
cov10_n5_g0_s42_hotspots_p80_chr1	5	10	3443	173	603	1	0.7487389866418772	0.7380059468434106	0.42857142857142855	0.9999109506607056	2.8035497665405273	0.044261474354610704
cov10_n5_g0_s42_hotspots_p80_chr1	5	10	3444	309	1976	0	0.3605369296306102	0.2929084765526772	0.0	0.22264233231544495	13.111551284790039	0.04837505802194667
cov10_n5_g0_s42_hotspots_p80_chr1	5	10	3445	341	733	0	0.5329927304071707	0.4865119416885039	0.25	0.2675040662288666	19.84960174560547	0.04233456213427775
cov10_n5_g0_s42_hotspots_p80_chr1	5	10	3446	69	425	1	0.3445885420645669	0.31264297854885625	0.1111111111111111	0.45481204986572266	2.8701705932617188	0.06768368779096147
cov10_n5_g0_s42_hotspots_p80_chr1	5	10	3447	534	1484	0	0.5127029090879434	0.46393277002894356	0.1111111111111111	0.3044484257698059	14.179931640625	0.043119432083601084
cov10_n5_g0_s42_hotspots_p80_chr1	5	10	3448	87	691	1	0.5268413723925047	0.5018129582774227	0.42857142857142855	0.6418095827102661	3.3691272735595703	0.054782405031504035
cov10_n5_g0_s42_hotspots_p80_chr1	5	10	3449	42	333	1	0.31622784266143333	0.28941438070815373	0.1111111111111111	0.499999076128006	2.0000083446502686	0.07905680633697605
cov10_n5_g0_s42_hotspots_p80_chr1	5	10	3450	29	88	1	0.6153655991340067	0.5857706383915774	0.42857142857142855	0.5288753509521484	6.769082069396973	0.04125838897430875
cov10_n5_g0_s42_hotspots_p80_chr1	5	10	3453	187	607	1	0.6461760244222484	0.6210814535520797	0.42857142857142855	0.6078060865402222	5.651212215423584	0.04090090942601471
cov10_n5_g0_s42_hotspots_p80_chr1	5	10	3454	45	166	1	0.49172670445438954	0.4517133501233343	0.1111111111111111	0.41584229469299316	6.991337776184082	0.0469969717340938
cov10_n5_g0_s42_hotspots_p80_chr1	5	10	3455	260	812	0	0.5995591254662055	0.5648396407997092	0.42857142857142855	0.43487581610679626	9.503937721252441	0.040507595387401014
cov10_n5_g0_s42_hotspots_p80_chr1	5	10	3456	286	1401	0	0.47158757824958397	0.4518924150271065	0.25	0.7451197504997253	2.0028233528137207	0.07082083875742876
cov10_n5_g0_s42_hotspots_p80_chr1	5	10	3457	169	891	1	0.37998129265940706	0.315661712668418	0.1111111111111111	0.238205224275589	12.72307014465332	0.047868999660684614
cov10_n5_g0_s42_hotspots_p80_chr1	5	10	3458	66	356	1	0.35587093261873176	0.28443456835621916	0.1111111111111111	0.2079988569021225	14.63636302947998	0.048104502162637196
cov10_n5_g0_s42_hotspots_p80_chr1	5	10	3459	249	726	0	0.5746812104720803	0.5442061972790857	0.25	0.5354771614074707	5.758932590484619	0.0446447622124275
cov10_n5_g0_s42_hotspots_p80_chr1	5	10	3460	281	1088	0	0.4672959218986523	0.41043727236899197	0.25	0.2607308626174927	16.060871124267578	0.044436862845063096
cov10_n5_g0_s42_hotspots_p80_chr1	5	10	3461	719	1372	0	0.49083265419645755	0.4443622456697423	0.1111111111111111	0.34728994965553284	9.987401008605957	0.04489016751662021
cov10_n5_g0_s42_hotspots_p80_chr1	5	10	3462	261	753	0	0.5371141333300142	0.4942896436632009	0.25	0.3631594181060791	10.937259674072266	0.04274441752253059
cov10_n5_g0_s42_hotspots_p80_chr1	5	10	3463	220	416	0	0.5174150437487515	0.4717663936394065	0.25	0.34191805124282837	11.44996166229248	0.04338336556009172
cov10_n5_g0_s42_hotspots_p80_chr1	5	10	3464	348	1283	0	0.5398762357001532	0.5001872885030211	0.25	0.40588659048080444	8.846041679382324	0.04340078822147907
cov10_n5_g0_s42_hotspots_p80_chr1	5	10	3465	326	1714	0	0.6573403921335684	0.6279915368696914	0.42857142857142855	0.45116084814071655	10.614212989807129	0.037707584815363814
cov10_n5_g0_s42_hotspots_p80_chr1	5	10	3466	74	359	1	0.3972321448997336	0.3374672615573158	0.1111111111111111	0.2613866329193115	11.547605514526367	0.04770264316585423
cov10_n5_g0_s42_hotspots_p80_chr1	5	10	3467	404	1134	0	0.524477687774702	0.48057165836606025	0.42857142857142855	0.3589519262313843	10.67459487915039	0.04331564198488988
cov10_n5_g0_s42_hotspots_p80_chr1	5	10	3468	426	1064	0	0.4302965265275089	0.37249335080250534	0.25	0.2708125412464142	12.623162269592285	0.04621883267185022
cov10_n5_g0_s42_hotspots_p80_chr1	5	10	3469	102	181	1	0.41079697085614947	0.3475865179943427	0.25	0.24223318696022034	14.379945755004883	0.04645535791148617
cov10_n5_g0_s42_hotspots_p80_chr1	5	10	3470	597	2143	0	0.36424802331273554	0.3072700860044734	0.25	0.2708393633365631	9.04358959197998	0.05027919796124773
cov10_n5_g0_s42_hotspots_p80_chr1	5	10	3471	136	564	1	0.4946445026050696	0.47503668572977564	0.42857142857142855	0.7561601996421814	2.1395809650421143	0.06753861266510054
cov10_n5_g0_s42_hotspots_p80_chr1	5	10	3473	78	252	1	0.37019642410210707	0.3024087631324014	0.25	0.2228013277053833	13.803805351257324	0.047870040503483625
cov10_n5_g0_s42_hotspots_p80_chr1	5	10	3474	185	943	1	0.3638907325294987	0.30455516051223863	0.25	0.2590842545032501	9.86347484588623	0.04971800988859151
cov10_n5_g0_s42_hotspots_p80_chr1	5	10	3475	90	408	1	0.17310896351209515	0.09316649025928685	0.1111111111111111	0.12186558544635773	10.088972091674805	0.055943261785145096
cov10_n5_g0_s42_hotspots_p80_chr1	5	10	3476	138	767	1	0.30833888299614853	0.2605619949593432	0.25	0.29819515347480774	5.345957279205322	0.057855335013892055
cov10_n5_g0_s42_hotspots_p80_chr1	5	10	3477	202	677	0	0.27738128856043814	0.20923320535731696	0.1111111111111111	0.197785884141922	9.83407974243164	0.05274619007888379
cov10_n5_g0_s42_hotspots_p80_chr1	5	10	3478	355	1011	0	0.44611964191688736	0.39534001551852216	0.25	0.3182767331600189	9.823424339294434	0.046702087038258476
cov10_n5_g0_s42_hotspots_p80_chr1	5	10	3479	238	868	0	0.053549927198651516	0.006294637844728665	0.0	0.0703619122505188	2.896092653274536	0.08040118555959465
cov10_n5_g0_s42_hotspots_p80_chr1	5	10	3483	328	1059	0	0.599947949039409	0.5636670595011866	0.25	0.3352035582065582	16.016952514648438	0.04005502818607287
cov10_n5_g0_s42_hotspots_p80_chr1	5	10	3484	548	1173	0	0.7140403635747925	0.6920751058198227	0.42857142857142855	0.6045111417770386	6.976004600524902	0.03562724204871719
cov10_n5_g0_s42_hotspots_p80_chr1	5	10	3485	372	839	0	0.2555393091732749	0.179961314949076	0.1111111111111111	0.1697080284357071	11.336543083190918	0.052479412140727946
cov10_n5_g0_s42_hotspots_p80_chr1	5	10	3486	304	841	0	0.502184846132638	0.451137540543458	0.25	0.286604642868042	15.350790023803711	0.04337357619843505
cov10_n5_g0_s42_hotspots_p80_chr1	5	10	3487	430	1912	0	0.43877535692967196	0.3934272468107037	0.42857142857142855	0.3620392084121704	7.344179630279541	0.04890636153250082
cov10_n5_g0_s42_hotspots_p80_chr1	5	10	3488	35	213	1	0.3503035027081584	0.2828364992669855	0.25	0.22184759378433228	12.466643333435059	0.048922772942027334
cov10_n5_g0_s42_hotspots_p80_chr1	5	10	3489	34	386	1	0.37945130976999053	0.3343959954622705	0.1111111111111111	0.34972429275512695	5.886139869689941	0.05361913351344659
cov10_n5_g0_s42_hotspots_p80_chr1	5	10	3490	793	2002	0	0.6184631729726362	0.5858001551061556	0.25	0.4530981779098511	9.315648078918457	0.03970311434705642
cov10_n5_g0_s42_hotspots_p80_chr1	5	10	3491	311	1267	0	0.5756246857904723	0.5447940791593403	0.42857142857142855	0.5287181735038757	5.9265289306640625	0.044334746545637314
cov10_n5_g0_s42_hotspots_p80_chr1	5	10	3492	251	1487	0	0.38361947987780953	0.3230318750592221	0.1111111111111111	0.25618860125541687	11.211188316345215	0.04831163967746158
cov10_n5_g0_s42_hotspots_p80_chr1	5	10	3493	384	1370	0	0.3618368374014202	0.2914093971478552	0.25	0.21207404136657715	14.555277824401855	0.04794188916408922
cov10_n5_g0_s42_hotspots_p80_chr1	5	10	3494	348	1224	0	0.3211510849241208	0.2569664200593267	0.1111111111111111	0.2269834280014038	10.009225845336914	0.051126613968254485
cov10_n5_g0_s42_hotspots_p80_chr1	5	10	3495	244	915	0	0.41698950638829446	0.3637635097443322	0.25	0.30106398463249207	9.591856956481934	0.04793609134030779
cov10_n5_g0_s42_hotspots_p80_chr1	5	10	3496	585	1586	0	0.541896952353574	0.4971569580135626	0.42857142857142855	0.3213566541671753	14.217682838439941	0.0420999236800632
cov10_n5_g0_s42_hotspots_p80_chr1	5	10	3497	614	1924	0	0.6192522422546792	0.5873677749674466	0.25	0.4720315635204315	8.605241775512695	0.03990545259355552
cov10_n5_g0_s42_hotspots_p80_chr1	5	10	3498	264	983	0	0.38847603236362904	0.3315968238932907	0.25	0.2761666178703308	9.893641471862793	0.04881193278192003
cov10_n5_g0_s42_hotspots_p80_chr1	5	10	3499	252	570	0	0.3539140239184248	0.2993215281093747	0.25	0.28029757738113403	7.971256732940674	0.051639577959240936
cov10_n5_g0_s42_hotspots_p80_chr1	5	10	3500	228	577	0	0.36024850103404116	0.29117166305088793	0.25	0.2170325517654419	13.776047706604004	0.04818930644697552
cov10_n5_g0_s42_hotspots_p80_chr1	5	10	3501	484	1532	0	0.48101874092930025	0.4407558464713885	0.25	0.41351085901260376	6.7658162117004395	0.0477490160383841
cov10_n5_g0_s42_hotspots_p80_chr1	5	10	3503	461	818	0	0.5124532345701953	0.46204753096133877	0.25	0.2683130204677582	18.238746643066406	0.04293936407522778
cov10_n5_g0_s42_hotspots_p80_chr1	5	10	3505	318	1146	0	0.3044002252735868	0.2562190228080462	0.1111111111111111	0.2936219573020935	5.373816967010498	0.05794811210790679
cov10_n5_g0_s42_hotspots_p80_chr1	5	10	3507	520	1609	0	0.5971365239593418	0.569691596733832	0.25	0.5849804878234863	5.209962368011475	0.04443362850569492
cov10_n5_g0_s42_hotspots_p80_chr1	5	10	3510	14	164	1	0.4626375711492817	0.4162853977633663	0.25	0.3538961112499237	8.544766426086426	0.046833782840661614
cov10_n5_g0_s42_hotspots_p80_chr1	5	10	3511	330	886	0	0.42860046168639193	0.3787163222372935	0.25	0.3250882625579834	8.691059112548828	0.04809177015275932
cov10_n5_g0_s42_hotspots_p80_chr1	5	10	3512	343	1394	0	0.4461767143030652	0.3895617837586575	0.1111111111111111	0.27497348189353943	13.164435386657715	0.04554844353988535
cov10_n5_g0_s42_hotspots_p80_chr1	5	10	3513	829	2182	0	0.548933666603991	0.5050306810686348	0.25	0.3209865093231201	14.6229887008667	0.04183163755489634
cov10_n5_g0_s42_hotspots_p80_chr1	5	10	3514	83	271	1	0.339364296555472	0.2897245695522988	0.1111111111111111	0.3026137351989746	6.288180828094482	0.05454161390403623
cov10_n5_g0_s42_hotspots_p80_chr1	5	10	3515	115	373	1	0.33120518631555085	0.2934665707272278	0.1111111111111111	0.385576993227005	3.689283609390259	0.06293096945493895
cov10_n5_g0_s42_hotspots_p80_chr1	5	10	3516	86	863	1	0.5017554446886263	0.46819029554006847	0.25	0.49684369564056396	5.0993475914001465	0.049669662096402736
cov10_n5_g0_s42_hotspots_p80_chr1	5	10	3517	142	640	1	0.4491413266149281	0.4040385397522662	0.25	0.3650355339050293	7.569475173950195	0.04823061070783142
cov10_n5_g0_s42_hotspots_p80_chr1	5	10	3518	5	102	1	0.3380616958904901	0.28555116021670973	0.25	0.2857142984867096	6.999999523162842	0.053452249278548046
cov10_n5_g0_s42_hotspots_p80_chr1	5	10	3520	8	189	1	0.07559288920844262	-0.1236140092401475	0.0	0.02857143059372902	34.99999237060547	0.052098807613339154
cov10_n5_g0_s42_hotspots_p80_chr1	5	10	3521	6	38	1	0.3380616958904901	0.28555116021670973	0.25	0.2857142984867096	6.999999523162842	0.053452249278548046
cov10_n5_g0_s42_hotspots_p80_chr1	5	10	3522	144	404	1	0.32364561226325067	0.21288517953308106	0.0	0.10931175202131271	43.8304328918457	0.047314175877201
cov10_n5_g0_s42_hotspots_p80_chr1	5	10	3523	479	1162	0	0.5495951924140627	0.5132040980944179	0.42857142857142855	0.44863593578338623	7.503566265106201	0.043848544435124065
cov10_n5_g0_s42_hotspots_p80_chr1	5	10	3524	169	526	1	0.47020509555507334	0.42302286728941446	0.25	0.34557807445526123	9.25661563873291	0.04607054319207091
cov10_n5_g0_s42_hotspots_p80_chr1	5	10	3525	339	467	0	0.3225721827501278	0.27448881031283756	0.25	0.3039805293083191	5.630310535430908	0.056570520079342726
cov10_n5_g0_s42_hotspots_p80_chr1	5	10	3526	338	560	0	0.5024846587335496	0.45520143384656425	0.25	0.3330995738506317	11.37804126739502	0.04396714256236919
cov10_n5_g0_s42_hotspots_p80_chr1	5	10	3527	498	1500	0	0.33824066346685394	0.26457551549557456	0.25	0.19859178364276886	14.504376411437988	0.04867083251771705
cov10_n5_g0_s42_hotspots_p80_chr1	5	10	3528	212	637	0	0.504460656120141	0.45930848934670526	0.42857142857142855	0.35582593083381653	10.049614906311035	0.044324926030467865
cov10_n5_g0_s42_hotspots_p80_chr1	5	10	3529	720	1531	0	0.623281295354051	0.5896870305990284	0.25	0.39464443922042847	12.471715927124023	0.03910301399178486
cov10_n5_g0_s42_hotspots_p80_chr1	5	10	3530	302	780	0	0.5372643242094862	0.49696775014318034	0.25	0.3989509344100952	9.06790542602539	0.04340199788304347
cov10_n5_g0_s42_hotspots_p80_chr1	5	10	3532	129	241	1	0.316229377393603	0.25819981024856203	0.25	0.2499976009130478	8.000235557556152	0.053032687834518685
cov10_n5_g0_s42_hotspots_p80_chr1	5	10	3533	4	16	1	0.3162277714268457	0.25819888974716126	0.25	0.25	8.0	0.05303300858899107
cov10_n5_g0_s42_hotspots_p80_chr1	5	10	3535	3	13	1	0.3162277714268457	0.25819888974716126	0.25	0.25	8.0	0.05303300858899107
cov10_n5_g0_s42_hotspots_p80_chr1	5	10	3536	187	819	1	0.3885084210958121	0.32115314682823753	0.1111111111111111	0.2244907021522522	14.975251197814941	0.04703463606273133
cov10_n5_g0_s42_hotspots_p80_chr1	5	10	3537	193	563	1	0.5423697468391805	0.5112278841857236	0.25	0.5319188237190247	5.198405742645264	0.04738131611895239
cov10_n5_g0_s42_hotspots_p80_chr1	5	10	3538	429	1528	0	0.5211815171684636	0.4742789537597387	0.25	0.3206843137741089	13.206644058227539	0.04293100946766206
cov10_n5_g0_s42_hotspots_p80_chr1	5	10	3539	979	2094	0	0.548997153359705	0.5089531502218244	0.25	0.39426758885383606	9.694557189941406	0.042638543818688
cov10_n5_g0_s42_hotspots_p80_chr1	5	10	3540	715	2123	0	0.5128818962491365	0.46945963552766434	0.25	0.3718113303184509	9.513919830322266	0.04421320639986627
cov10_n5_g0_s42_hotspots_p80_chr1	5	10	3541	237	596	0	0.5080679231448753	0.4600021075458877	0.25	0.3195766806602478	12.63756275177002	0.04348828943672455
cov10_n5_g0_s42_hotspots_p80_chr1	5	10	3542	118	310	1	0.49851700249848985	0.45560112332232916	0.25	0.3825097680091858	8.492681503295898	0.04537958323945622
cov10_n5_g0_s42_hotspots_p80_chr1	5	10	3543	767	1760	0	0.5550766629467468	0.5135094244532267	0.42857142857142855	0.36154502630233765	11.785587310791016	0.04186756011213185
cov10_n5_g0_s42_hotspots_p80_chr1	5	10	3544	750	1691	0	0.655084078451391	0.6296524230636369	0.42857142857142855	0.5903181433677673	6.157320976257324	0.039730500048204
cov10_n5_g0_s42_hotspots_p80_chr1	5	10	3545	572	1005	0	0.4376996807966306	0.3761162632215365	0.1111111111111111	0.24330638349056244	16.181377410888672	0.0453427073688797
cov10_n5_g0_s42_hotspots_p80_chr1	5	10	3546	644	1268	0	0.4587390054845035	0.3999403061657921	0.25	0.2503959834575653	16.7821102142334	0.04464146910204079
cov10_n5_g0_s42_hotspots_p80_chr1	5	10	3547	1062	2143	0	0.26398983645828156	0.17725370615260969	0.0	0.15026000142097473	15.433253288269043	0.05058299336895766
cov10_n5_g0_s42_hotspots_p80_chr1	5	10	3548	1104	1871	0	0.44576892494591164	0.382470182309304	0.1111111111111111	0.22216399013996124	20.129928588867188	0.04483465119740293
cov10_n5_g0_s42_hotspots_p80_chr1	5	10	3549	929	2036	0	0.3763911470707055	0.3168625361655284	0.1111111111111111	0.2604982554912567	10.438525199890137	0.048938694851100834
cov10_n5_g0_s42_hotspots_p80_chr1	5	10	3550	1317	2652	0	0.36520373409342255	0.3215986059261642	0.1111111111111111	0.3550393879413605	5.29038667678833	0.055565990260999974
cov10_n5_g0_s42_hotspots_p80_chr1	5	10	3551	431	1206	0	0.31822899617995354	0.2889021505395672	0.1111111111111111	0.4669977128505707	2.32177472114563	0.07449043405679427
cov10_n5_g0_s42_hotspots_p80_chr1	5	10	3552	522	1548	0	0.4826451519659207	0.42845173611272896	0.25	0.2726977467536926	15.662562370300293	0.04398400558880303
cov10_n5_g0_s42_hotspots_p80_chr1	5	10	3553	829	2124	0	0.41454746401595194	0.35760737372627577	0.25	0.27761733531951904	11.14872932434082	0.04725587052176351
cov10_n5_g0_s42_hotspots_p80_chr1	5	10	3554	1300	2488	0	0.5437792050178502	0.5002075532677797	0.42857142857142855	0.3422652781009674	12.620877265930176	0.04217933265740663
cov10_n5_g0_s42_hotspots_p80_chr1	5	10	3555	1139	2766	0	0.5658339416005201	0.538694844161697	0.42857142857142855	0.5998497009277344	4.449007511138916	0.048066279222982775
cov10_n5_g0_s42_hotspots_p80_chr1	5	10	3556	560	2363	0	0.5093326961645662	0.4583396319887771	0.1111111111111111	0.2549387216567993	19.957286834716797	0.04303073359803772
cov10_n5_g0_s42_hotspots_p80_chr1	5	10	3557	598	1887	0	0.5145208407935855	0.46664023580161734	0.25	0.3150276243686676	13.337629318237305	0.04315159240377799
cov10_n5_g0_s42_hotspots_p80_chr1	5	10	3558	585	2201	0	0.40029258925304717	0.36864254933723883	0.25	0.49244987964630127	3.3037025928497314	0.06181734581969518
cov10_n5_g0_s42_hotspots_p80_chr1	5	10	3559	634	1454	0	0.44187042042310976	0.3790885422947181	0.1111111111111111	0.2314145267009735	18.22966194152832	0.04504023819211874
cov10_n5_g0_s42_hotspots_p80_chr1	5	10	3560	754	1714	0	0.42569540411877926	0.3583910093936534	0.1111111111111111	0.21132512390613556	20.28923225402832	0.04538132526229338
cov10_n5_g0_s42_hotspots_p80_chr1	5	10	3561	817	2239	0	0.17600423753572028	0.12156779171091556	0.25	0.17750856280326843	4.91561222076416	0.06446220043665324
cov10_n5_g0_s42_hotspots_p80_chr1	5	10	3562	570	1420	0	0.5919816840305898	0.5542254848442523	0.42857142857142855	0.3441472053527832	14.794425964355469	0.040301076905609814
cov10_n5_g0_s42_hotspots_p80_chr1	5	10	3563	475	1371	0	0.37001996031756335	0.3216532832083842	0.1111111111111111	0.32280054688453674	6.569794654846191	0.05280761249722167
cov10_n5_g0_s42_hotspots_p80_chr1	5	10	3564	4	8	1	0.4472135855009554	0.39835341847333317	0.25	0.3333333432674408	9.0	0.04714045216690911
cov10_n5_g0_s42_hotspots_p80_chr1	5	10	3565	611	1115	0	0.5863450856705797	0.5478398034184742	0.25	0.3545963168144226	13.671248435974121	0.04051353017258642
cov10_n5_g0_s42_hotspots_p80_chr1	5	10	3566	481	1129	0	0.4333268864081597	0.3960588694225516	0.25	0.4388637840747833	4.874631881713867	0.05357217177950502
cov10_n5_g0_s42_hotspots_p80_chr1	5	10	3567	834	2036	0	0.4985993183856051	0.4473456325587853	0.1111111111111111	0.2891465425491333	14.867480278015137	0.04353192425964382
cov10_n5_g0_s42_hotspots_p80_chr1	5	10	3568	90	192	1	0.329712390812553	0.25957157964118277	0.25	0.20841428637504578	12.513693809509277	0.04956646177236351
cov10_n5_g0_s42_hotspots_p80_chr1	5	10	3569	218	1081	0	0.41345822351123296	0.352963824794546	0.25	0.25691404938697815	12.949636459350586	0.04669804977550455
cov10_n5_g0_s42_hotspots_p80_chr1	5	10	3570	169	676	1	0.3994329449282092	0.3601021613725459	0.25	0.40613099932670593	4.836437225341797	0.05526203446926429
cov10_n5_g0_s42_hotspots_p80_chr1	5	10	3576	233	601	0	0.5179041079695088	0.46849661510023005	0.25	0.26202112436294556	19.53421974182129	0.04277612700640553
cov10_n5_g0_s42_hotspots_p80_chr1	5	10	3577	813	1972	0	0.44503502623300883	0.3866940379213117	0.25	0.2628861963748932	14.329228401184082	0.045364214082009795
cov10_n5_g0_s42_hotspots_p80_chr1	5	10	3578	624	1513	0	0.593285893544015	0.5627486415040279	0.42857142857142855	0.5255237817764282	6.372551918029785	0.042824277531134394
cov10_n5_g0_s42_hotspots_p80_chr1	5	10	3579	728	1798	0	0.46378984049097083	0.41049343086517326	0.25	0.29445624351501465	12.404261589050293	0.04511581740592085
cov10_n5_g0_s42_hotspots_p80_chr1	5	10	3580	328	1039	0	0.36659413123499485	0.2974894510706677	0.25	0.21737360954284668	14.220911026000977	0.047876081718573466
cov10_n5_g0_s42_hotspots_p80_chr1	5	10	3581	780	1825	0	0.5226409134768161	0.47501874908067304	0.25	0.3061267137527466	14.573853492736816	0.04274420355375339
cov10_n5_g0_s42_hotspots_p80_chr1	5	10	3582	747	1839	0	0.4948913032882931	0.4411123646074717	0.25	0.24390088021755219	20.585569381713867	0.04344786588166655
cov10_n5_g0_s42_hotspots_p80_chr1	5	10	3583	980	2022	0	0.5761529865017049	0.537017155392122	0.42857142857142855	0.3735647201538086	11.893616676330566	0.04102633761853512
cov10_n5_g0_s42_hotspots_p80_chr1	5	10	3584	894	2474	0	0.45910297978754355	0.4089128392893367	0.25	0.32136622071266174	10.204453468322754	0.04602308421016253
cov10_n5_g0_s42_hotspots_p80_chr1	5	10	3585	695	1986	0	0.4445454737863889	0.3880662965857752	0.25	0.27646055817604065	12.928138732910156	0.04565720451792592
cov10_n5_g0_s42_hotspots_p80_chr1	5	10	3586	375	1628	0	0.7044604353324405	0.6809213951981625	0.42857142857142855	0.44670116901397705	12.435093879699707	0.03566109581283241
cov10_n5_g0_s42_hotspots_p80_chr1	5	10	3587	389	906	0	0.13496947954814364	0.07885742570713364	0.1111111111111111	0.13847559690475464	4.750011920928955	0.06662727856852256
cov10_n5_g0_s42_hotspots_p80_chr1	5	10	3588	429	1022	0	0.3829461364532538	0.2998329518336437	0.1111111111111111	0.15210694074630737	31.691831588745117	0.046194033428460936
cov10_n5_g0_s42_hotspots_p80_chr1	5	10	3589	916	2064	0	0.5709809101491548	0.530656043205433	0.1111111111111111	0.30270251631736755	17.790212631225586	0.04109891684300865
cov10_n5_g0_s42_hotspots_p80_chr1	5	10	3590	786	1641	0	0.3349364144920397	0.2481292357812614	0.1111111111111111	0.16185449063777924	21.411407470703125	0.04769201680744741
cov10_n5_g0_s42_hotspots_p80_chr1	5	10	3591	743	1683	0	0.26694942181282705	0.1761338206906671	0.0	0.1440654695034027	17.16754150390625	0.05007784792781024
cov10_n5_g0_s42_hotspots_p80_chr1	5	10	3592	164	322	1	0.30100325337937545	0.2177557017552315	0.25	0.16666622459888458	16.30862045288086	0.04932681529851763
cov10_n5_g0_s42_hotspots_p80_chr1	5	10	3593	689	1602	0	0.34644672086487366	0.26809650130794255	0.1111111111111111	0.1849076747894287	17.55225944519043	0.04782907738923557
cov10_n5_g0_s42_hotspots_p80_chr1	5	10	3594	883	2438	0	0.5032959942400453	0.4517696253862044	0.25	0.27598974108695984	16.62765884399414	0.04326442871615033
cov10_n5_g0_s42_hotspots_p80_chr1	5	10	3595	479	1207	0	0.45524392273918207	0.4046566391944632	0.1111111111111111	0.3187522292137146	10.198863983154297	0.0461721294037324
cov10_n5_g0_s42_hotspots_p80_chr1	5	10	3596	474	1236	0	0.49169507252003947	0.4468371159394853	0.42857142857142855	0.36356696486473083	9.145193099975586	0.04526591941223367
cov10_n5_g0_s42_hotspots_p80_chr1	5	10	3597	755	2095	0	0.4746691326660131	0.4190875675973224	0.25	0.2662840783596039	15.88772201538086	0.044219348351648584
cov10_n5_g0_s42_hotspots_p80_chr1	5	10	3598	932	1827	0	0.45039021382336664	0.3959762307371684	0.42857142857142855	0.2899984121322632	12.060259819030762	0.04567789257053771
cov10_n5_g0_s42_hotspots_p80_chr1	5	10	3599	277	714	0	0.22710298759097017	0.1754842984873953	0.1111111111111111	0.22672253847122192	5.016794681549072	0.06211294674123396
cov10_n5_g0_s42_hotspots_p80_chr1	5	10	3600	208	615	0	0.31206556591762935	0.21876827087390632	0.1111111111111111	0.14733898639678955	22.42984962463379	0.048172587107182585
cov10_n5_g0_s42_hotspots_p80_chr1	5	10	3601	6	21	1	0.16903084794524506	0.1027984176780156	0.1111111111111111	0.1428571492433548	6.999999523162842	0.059761431535337355
cov10_n5_g0_s42_hotspots_p80_chr1	5	10	3602	175	505	1	0.34400554041652276	0.2796278035058009	0.25	0.2325616180896759	10.940187454223633	0.049797272007077384
cov10_n5_g0_s42_hotspots_p80_chr1	5	10	3604	232	807	0	0.44713823403635244	0.3910382991421164	0.42857142857142855	0.27842068672180176	12.89587116241455	0.04557630012090909
cov10_n5_g0_s42_hotspots_p80_chr1	5	10	3605	632	2278	0	0.5465108642305846	0.505163544266014	0.42857142857142855	0.3763526380062103	10.543326377868652	0.04247141111970257
cov10_n5_g0_s42_hotspots_p80_chr1	5	10	3606	659	2191	0	0.6194004526079844	0.585457876014109	0.42857142857142855	0.36580193042755127	14.335769653320312	0.03928021129932186
cov10_n5_g0_s42_hotspots_p80_chr1	5	10	3607	968	2238	0	0.34990334527187805	0.27694566191338194	0.1111111111111111	0.2022414356470108	14.966694831848145	0.04820768218742825
cov10_n5_g0_s42_hotspots_p80_chr1	5	10	3608	857	2435	0	0.581531360138832	0.542274417688698	0.42857142857142855	0.34063154458999634	14.572919845581055	0.040676745669703154
cov10_n5_g0_s42_hotspots_p80_chr1	5	10	3609	541	1539	0	0.17029470314440665	0.10264724995224733	0.1111111111111111	0.14087092876434326	7.306838512420654	0.059214621713480735
cov10_n5_g0_s42_hotspots_p80_chr1	5	10	3610	245	1080	0	0.42854525440747593	0.3875870170260008	0.25	0.3998252749443054	5.744112014770508	0.05173987913215678
cov10_n5_g0_s42_hotspots_p80_chr1	5	10	3611	242	733	0	0.5136256328024489	0.46908960150742474	0.25	0.3582165241241455	10.27950382232666	0.04387401653604582
cov10_n5_g0_s42_hotspots_p80_chr1	5	10	3612	821	1882	0	0.5516160513567039	0.5113702527271881	0.42857142857142855	0.388749361038208	10.067100524902344	0.042401904450810296
cov10_n5_g0_s42_hotspots_p80_chr1	5	10	3613	1336	2579	0	0.5328626155854297	0.48794331276847774	0.1111111111111111	0.3357399106025696	12.594894409179688	0.042588332311606684
cov10_n5_g0_s42_hotspots_p80_chr1	5	10	3614	748	2133	0	0.5174294462929834	0.46994691776101133	0.25	0.31704193353652954	13.31799602508545	0.04305078373168875
cov10_n5_g0_s42_hotspots_p80_chr1	5	10	3615	660	2655	0	0.5860332825400498	0.551585681626745	0.25	0.45690348744392395	8.22556209564209	0.04165495876853586
cov10_n5_g0_s42_hotspots_p80_chr1	5	10	3616	922	2045	0	0.5150257311619744	0.4723970857341793	0.25	0.3802945017814636	9.170391082763672	0.04429006829683981
cov10_n5_g0_s42_hotspots_p80_chr1	5	10	3617	532	1222	0	0.5177073493872523	0.47124297726192377	0.25	0.33097976446151733	12.233077049255371	0.043207880439626964
cov10_n5_g0_s42_hotspots_p80_chr1	5	10	3618	355	1219	0	0.45926432138365836	0.4118119410950252	0.25	0.3444497287273407	8.888813018798828	0.046733429592271496
cov10_n5_g0_s42_hotspots_p80_chr1	5	10	3619	201	910	0	0.42366473596390863	0.37585357445665935	0.1111111111111111	0.340208500623703	7.75397253036499	0.04910228395214917
cov10_n5_g0_s42_hotspots_p80_chr1	5	10	3620	296	1575	0	0.3699339822918655	0.3258354843740718	0.25	0.3532707095146179	5.482809543609619	0.05489534927171278
cov10_n5_g0_s42_hotspots_p80_chr1	5	10	3621	352	1535	0	0.42284931237323614	0.35952342111604685	0.1111111111111111	0.23853285610675812	15.712483406066895	0.04585718575751855
cov10_n5_g0_s42_hotspots_p80_chr1	5	10	3622	383	1314	0	0.3066061646616135	0.21533018387007463	0.1111111111111111	0.15084299445152283	20.65767478942871	0.04848594654370753
cov10_n5_g0_s42_hotspots_p80_chr1	5	10	3623	671	2282	0	0.16687847835323869	0.12262521888098026	0.25	0.20610421895980835	3.277909278869629	0.07268345877751783
cov10_n5_g0_s42_hotspots_p80_chr1	5	10	3624	359	1189	0	0.41541444407297273	0.3639836020128759	0.25	0.31297194957733154	8.808914184570312	0.048519659889707245
cov10_n5_g0_s42_hotspots_p80_chr1	5	10	3625	220	649	0	0.5676994056857048	0.5444125406006215	0.25	0.6798844337463379	3.486074686050415	0.05182926371437046
cov10_n5_g0_s42_hotspots_p80_chr1	5	10	3626	206	912	0	0.49258797360904816	0.45743107444373166	0.1111111111111111	0.47483667731285095	5.3808274269104	0.04948615098926775
cov10_n5_g0_s42_hotspots_p80_chr1	5	10	3627	517	1074	0	0.6087098807919562	0.5787568582605706	0.42857142857142855	0.5267273783683777	6.677577495574951	0.0416929196106262
cov10_n5_g0_s42_hotspots_p80_chr1	5	10	3628	1066	1707	0	0.620428644986143	0.5874762616538062	0.42857142857142855	0.44023701548576355	9.930715560913086	0.039465629611617835
cov10_n5_g0_s42_hotspots_p80_chr1	5	10	3629	979	2067	0	0.39339057578321524	0.34159974835640233	0.1111111111111111	0.3071293234825134	8.20305061340332	0.04988162766528237
cov10_n5_g0_s42_hotspots_p80_chr1	5	10	3630	626	1408	0	0.6004459579552459	0.5638595457890202	0.1111111111111111	0.3680385947227478	13.308562278747559	0.039988149038918466
cov10_n5_g0_s42_hotspots_p80_chr1	5	10	3633	746	2052	0	0.5106945956787541	0.46312681488834834	0.25	0.32338112592697144	12.469907760620117	0.04342243283002303
cov10_n5_g0_s42_hotspots_p80_chr1	5	10	3634	510	1532	0	0.26988520016375217	0.20492895759214796	0.1111111111111111	0.20418785512447357	8.735108375549316	0.05394504134751617
cov10_n5_g0_s42_hotspots_p80_chr1	5	10	3635	827	2085	0	0.4328578237219116	0.38061992861031063	0.25	0.3081311285495758	9.867097854614258	0.04718242342638115
cov10_n5_g0_s42_hotspots_p80_chr1	5	10	3636	571	1733	0	0.4425465445159484	0.4082146049670873	0.25	0.4758460819721222	4.32468843460083	0.05487395394430217
cov10_n5_g0_s42_hotspots_p80_chr1	5	10	3637	411	1084	0	0.35016973855507133	0.3114073194924048	0.25	0.3878133296966553	4.076447486877441	0.06022731165421414
cov10_n5_g0_s42_hotspots_p80_chr1	5	10	3638	294	1397	0	0.4940060741204675	0.4494416563070173	0.25	0.36599472165107727	9.109299659729004	0.04519126679851656
cov10_n5_g0_s42_hotspots_p80_chr1	5	10	3639	330	1777	0	0.34953817573724755	0.26922521663169663	0.1111111111111111	0.17903631925582886	19.0579833984375	0.047546939648452934
cov10_n5_g0_s42_hotspots_p80_chr1	5	10	3640	986	2339	0	0.36324173096622636	0.3025330405933901	0.25	0.2524794638156891	10.349261283874512	0.04945117204439404
cov10_n5_g0_s42_hotspots_p80_chr1	5	10	3641	564	1605	0	0.3179634657564861	0.2102305673690701	0.1111111111111111	0.12033887207508087	34.907005310058594	0.047501578784893285
cov10_n5_g0_s42_hotspots_p80_chr1	5	10	3642	456	1007	0	0.2610384323534926	0.15868671681307003	0.0	0.12581174075603485	21.524675369262695	0.04951434286193828
cov10_n5_g0_s42_hotspots_p80_chr1	5	10	3643	491	1209	0	0.2740508060679191	0.18162241608628693	0.0	0.14316365122795105	18.321739196777344	0.049663180042856095
cov10_n5_g0_s42_hotspots_p80_chr1	5	10	3644	177	814	1	0.4387326714222043	0.378116777218102	0.1111111111111111	0.24954688549041748	15.454880714416504	0.04539902610965899
cov10_n5_g0_s42_hotspots_p80_chr1	5	10	3645	95	1269	1	0.23504458190457145	0.18329328382029655	0.25	0.23182769119739532	5.1397247314453125	0.0614239248407414
cov10_n5_g0_s42_hotspots_p80_chr1	5	10	3646	141	868	1	0.23669688783269108	0.17389229887471858	0.1111111111111111	0.1936935931444168	7.466628551483154	0.05661843882278551
cov10_n5_g0_s42_hotspots_p80_chr1	5	10	3647	187	1519	1	0.36540101707282946	0.2869091451409034	0.25	0.18343234062194824	19.840734481811523	0.04704099647657759
cov10_n5_g0_s42_hotspots_p80_chr1	5	10	3648	217	985	0	0.023202819573419374	-0.017026946993784146	0.1111111111111111	0.03672987222671509	1.9953203201293945	0.09263373453934869
cov10_n5_g0_s42_hotspots_p80_chr1	5	10	3649	237	1035	0	0.5399244818441831	0.503209728398259	0.25	0.4478307366371155	7.267888069152832	0.0445055133142919
cov10_n5_g0_s42_hotspots_p80_chr1	5	10	3650	1059	1847	0	0.5036135559947051	0.4541469774978543	0.25	0.30642208456993103	13.505939483642578	0.043513312462131755
cov10_n5_g0_s42_hotspots_p80_chr1	5	10	3651	821	1849	0	0.41797265257401633	0.36488943531901663	0.25	0.30206263065338135	9.573522567749023	0.04791003558271143
cov10_n5_g0_s42_hotspots_p80_chr1	5	10	3652	898	1864	0	0.4060589378360056	0.3567975993362469	0.25	0.32662147283554077	7.727850914001465	0.04984394447419307
cov10_n5_g0_s42_hotspots_p80_chr1	5	10	3653	388	1359	0	0.46543891400989307	0.4258694372369864	0.25	0.4203287661075592	6.130799770355225	0.04936842976489833
cov10_n5_g0_s42_hotspots_p80_chr1	5	10	3654	41	273	1	0.3642106335893828	0.32529058198714156	0.25	0.3939931392669678	4.272656440734863	0.0587844803538761
cov10_n5_g0_s42_hotspots_p80_chr1	5	10	3655	528	1401	0	0.4421228975436408	0.4011226919016215	0.25	0.40232959389686584	6.037986755371094	0.05058239591035178
cov10_n5_g0_s42_hotspots_p80_chr1	5	10	3656	124	286	1	0.4718155562658251	0.41838221049933366	0.25	0.28941619396209717	13.288284301757812	0.044649718604183396
cov10_n5_g0_s42_hotspots_p80_chr1	5	10	3658	708	2025	0	0.5769532714957393	0.5478576864043465	0.25	0.5600408315658569	5.306545257568359	0.04533626844215928
cov10_n5_g0_s42_hotspots_p80_chr1	5	10	3659	377	1252	0	0.4316445988098885	0.379923834502133	0.1111111111111111	0.31183502078056335	9.580161094665527	0.047387809758467535
cov10_n5_g0_s42_hotspots_p80_chr1	5	10	3660	6	262	1	0.31622777142784575	0.289414380708153	0.1111111111111111	0.5	2.0	0.07905694150420949
cov10_n5_g0_s42_hotspots_p80_chr1	5	10	3661	499	1146	0	0.4814045759331625	0.43758136083907373	0.25	0.37613344192504883	8.190428733825684	0.04631959237043806
cov10_n5_g0_s42_hotspots_p80_chr1	5	10	3662	742	1897	0	0.4950232833217131	0.4517803929806898	0.25	0.37978410720825195	8.4946928024292	0.045525667902043335
cov10_n5_g0_s42_hotspots_p80_chr1	5	10	3663	446	1470	0	0.33635990614800276	0.2707887882773336	0.1111111111111111	0.22610507905483246	11.065162658691406	0.04999146043230168
cov10_n5_g0_s42_hotspots_p80_chr1	5	10	3664	536	1432	0	0.43955659316996826	0.3914624492719986	0.25	0.3394186496734619	8.385485649108887	0.04789131276444872
cov10_n5_g0_s42_hotspots_p80_chr1	5	10	3665	499	1455	0	0.5604724550693613	0.5252802343615328	0.25	0.4618986248970032	7.361820220947266	0.04345637442081291
cov10_n5_g0_s42_hotspots_p80_chr1	5	10	3666	605	2497	0	0.5532549437729875	0.5148806964704984	0.42857142857142855	0.4165930151939392	8.8185396194458	0.04283110029664886
cov10_n5_g0_s42_hotspots_p80_chr1	5	10	3667	397	1205	0	0.47045258884932406	0.4227979363826723	0.1111111111111111	0.3412592113018036	9.502392768859863	0.045925616263196925
cov10_n5_g0_s42_hotspots_p80_chr1	5	10	3668	751	2085	0	0.7603473813994772	0.7420515447448981	0.6666666666666666	0.6376270651817322	7.109853744506836	0.032710672499651545
cov10_n5_g0_s42_hotspots_p80_chr1	5	10	3669	779	1515	0	0.5282978676439088	0.48421241665791764	0.42857142857142855	0.3533679246902466	11.175668716430664	0.04303093951504146
cov10_n5_g0_s42_hotspots_p80_chr1	5	10	3670	1021	1962	0	0.6032423773844868	0.5686659927922688	0.42857142857142855	0.43199408054351807	9.749852180480957	0.040275305407414884
cov10_n5_g0_s42_hotspots_p80_chr1	5	10	3671	1066	2069	0	0.49715561888942733	0.44741807576494963	0.25	0.3092961013317108	12.918310165405273	0.04383079085310381
cov10_n5_g0_s42_hotspots_p80_chr1	5	10	3672	182	667	1	0.4914211880359296	0.4482032321750871	0.25	0.38080155849456787	8.326841354370117	0.04579477818719871
cov10_n5_g0_s42_hotspots_p80_chr1	5	10	3673	938	2332	0	0.2894404224607952	0.22734017284486882	0.1111111111111111	0.22257280349731445	8.455595016479492	0.053529869766460944
cov10_n5_g0_s42_hotspots_p80_chr1	5	10	3674	1079	2144	0	0.5420536360708402	0.49775903461276216	0.25	0.33121195435523987	13.391914367675781	0.042158503464379105
cov10_n5_g0_s42_hotspots_p80_chr1	5	10	3675	538	1748	0	0.6034203096867126	0.5697617427859706	0.42857142857142855	0.45335298776626587	8.858025550842285	0.040551014440439216
cov10_n5_g0_s42_hotspots_p80_chr1	5	10	3676	1121	1520	0	0.4648980307900081	0.4141447847105732	0.25	0.3154187798500061	10.862010955810547	0.045537960274406535
cov10_n5_g0_s42_hotspots_p80_chr1	5	10	3677	298	697	0	0.5138441325761257	0.4711019908014756	0.25	0.37944433093070984	9.169309616088867	0.044339842260589075
cov10_n5_g0_s42_hotspots_p80_chr1	5	10	3678	681	1626	0	0.16133692389333115	0.06723195106613065	0.0	0.09896327555179596	13.288912773132324	0.05427538433913808
cov10_n5_g0_s42_hotspots_p80_chr1	5	10	3680	835	2166	0	0.36064202844063825	0.2838294712296096	0.25	0.1895866096019745	18.09286880493164	0.04735976092010596
cov10_n5_g0_s42_hotspots_p80_chr1	5	10	3681	548	1334	0	0.44774538274520875	0.41420529467966255	0.25	0.4874330163002014	4.218930244445801	0.05500610200933879
cov10_n5_g0_s42_hotspots_p80_chr1	5	10	3682	357	904	0	0.2965215226874825	0.19682662016616592	0.1111111111111111	0.13506081700325012	24.10036849975586	0.04840826598988051
cov10_n5_g0_s42_hotspots_p80_chr1	5	10	3683	598	1594	0	0.45745873715365204	0.40156856150679565	0.25	0.2759917676448822	13.736678123474121	0.045055674714933276
cov10_n5_g0_s42_hotspots_p80_chr1	5	10	3684	318	906	0	0.4445174395053377	0.3992941660043834	0.25	0.36366018652915955	7.470611572265625	0.04852754165429132
cov10_n5_g0_s42_hotspots_p80_chr1	5	10	3685	392	1465	0	0.5760721146323161	0.5377581697168574	0.25	0.39307209849357605	10.739381790161133	0.041213830608114864
cov10_n5_g0_s42_hotspots_p80_chr1	5	10	3686	423	1625	0	0.4439989346433088	0.4038474260152116	0.25	0.4111337959766388	5.831328392028809	0.05087165164425229
cov10_n5_g0_s42_hotspots_p80_chr1	5	10	3687	533	1568	0	0.49898716744079674	0.4655303288085953	0.42857142857142855	0.49820393323898315	5.01573371887207	0.05001138157385887
cov10_n5_g0_s42_hotspots_p80_chr1	5	10	3688	460	1390	0	0.37899141464640584	0.33040979885732363	0.25	0.3243617117404938	6.826050281524658	0.052052004509459585
cov10_n5_g0_s42_hotspots_p80_chr1	5	10	3689	353	1068	0	0.45794283963351107	0.41004416513756825	0.1111111111111111	0.34071803092956543	9.032380104064941	0.046693893349020486
cov10_n5_g0_s42_hotspots_p80_chr1	5	10	3690	477	1545	0	0.48697337490201664	0.44837487509927126	0.25	0.4322647750377655	6.3457183837890625	0.04804693914851877
cov10_n5_g0_s42_hotspots_p80_chr1	5	10	3691	446	1010	0	0.4648907650656666	0.4260052593285315	0.25	0.42770761251449585	5.907147407531738	0.04977491666423711
cov10_n5_g0_s42_hotspots_p80_chr1	5	10	3692	777	1771	0	0.6978536526057776	0.6729187636898574	0.42857142857142855	0.47927653789520264	10.600502014160156	0.0358162936135859
cov10_n5_g0_s42_hotspots_p80_chr1	5	10	3693	672	2908	0	0.433282290621858	0.38750794868174404	0.25	0.3577878177165985	7.332647800445557	0.04915044060637891
cov10_n5_g0_s42_hotspots_p80_chr1	5	10	3694	708	2720	0	0.42573826182792157	0.3839721675294837	0.25	0.39154258370399475	5.911496162414551	0.0515442631364705
cov10_n5_g0_s42_hotspots_p80_chr1	5	10	3695	501	2189	0	0.44692169775214047	0.40847481728199636	0.25	0.42950695753097534	5.413678169250488	0.05158906171883297
cov10_n5_g0_s42_hotspots_p80_chr1	5	10	3696	518	1820	0	0.5047954937310033	0.46116678239972936	0.25	0.3727250099182129	9.171154022216797	0.04471402808096365
cov10_n5_g0_s42_hotspots_p80_chr1	5	10	3697	409	1631	0	0.42102492747430154	0.38433224057677035	0.42857142857142855	0.44120317697525024	4.553112506866455	0.05513038199907183
cov10_n5_g0_s42_hotspots_p80_chr1	5	10	3698	344	1718	0	0.5765258407948215	0.5430237454055384	0.25	0.4811340272426605	7.179189205169678	0.0428424277705977
cov10_n5_g0_s42_hotspots_p80_chr1	5	10	3699	847	2723	0	0.40573319588528683	0.3660437828134102	0.25	0.4050464332103729	5.016969203948975	0.05446385961456607
cov10_n5_g0_s42_hotspots_p80_chr1	5	10	3700	530	1762	0	0.47312308737903297	0.4360193898370772	0.25	0.4489592909812927	5.552700519561768	0.05006356045120428
cov10_n5_g0_s42_hotspots_p80_chr1	5	10	3701	742	1592	0	0.5359720593228091	0.500761035041622	0.42857142857142855	0.4706091284751892	6.485353469848633	0.04554530062928323
cov10_n5_g0_s42_hotspots_p80_chr1	5	10	3702	1267	2359	0	0.40729381087226446	0.35722605511238337	0.1111111111111111	0.3212105333805084	8.039073944091797	0.04948588392639419
cov10_n5_g0_s42_hotspots_p80_chr1	5	10	3703	944	1611	0	0.46354673456583273	0.4198836821150219	0.25	0.3787381947040558	7.489948749542236	0.04769918622291598
cov10_n5_g0_s42_hotspots_p80_chr1	5	10	3704	787	1597	0	0.40244390557799475	0.3608203260886876	0.25	0.38604867458343506	5.433712005615234	0.05357434105899082
cov10_n5_g0_s42_hotspots_p80_chr1	5	10	3705	822	1671	0	0.5007522498779537	0.45168356908510077	0.1111111111111111	0.31398797035217285	12.71714973449707	0.043737680885666014
cov10_n5_g0_s42_hotspots_p80_chr1	5	10	3706	880	1659	0	0.542794909791694	0.5027461485703493	0.42857142857142855	0.3989100456237793	9.257452011108398	0.04307798799154225
cov10_n5_g0_s42_hotspots_p80_chr1	5	10	3707	466	1073	0	0.3603134926135231	0.2952678475719547	0.25	0.2329995483160019	11.956963539123535	0.04878953005546551
cov10_n5_g0_s42_hotspots_p80_chr1	5	10	3708	369	1118	0	0.5674998162930628	0.5444060311472342	0.42857142857142855	0.6842427849769592	3.4393868446350098	0.05208795090438621
cov10_n5_g0_s42_hotspots_p80_chr1	5	10	3709	556	1362	0	0.3910146782517648	0.3560772726969143	0.25	0.44797801971435547	3.8092780113220215	0.05951110443599626
cov10_n5_g0_s42_hotspots_p80_chr1	5	10	3710	261	1017	0	0.40505035666088646	0.36536330802937494	0.25	0.40482309460639954	5.005615234375	0.05452595640876165
cov10_n5_g0_s42_hotspots_p80_chr1	5	10	3711	713	2012	0	0.4538897506870897	0.4052827235288991	0.25	0.3350667655467987	9.175040245056152	0.04676599136647231
cov10_n5_g0_s42_hotspots_p80_chr1	5	10	3712	416	1589	0	0.37231834415773757	0.3152543448485452	0.25	0.27227234840393066	9.34957218170166	0.049755379346609147
cov10_n5_g0_s42_hotspots_p80_chr1	5	10	3713	313	909	0	0.2530109803394851	0.16965877284550002	0.1111111111111111	0.1528296172618866	13.703568458557129	0.05145894531116971
cov10_n5_g0_s42_hotspots_p80_chr1	5	10	3714	977	2292	0	0.535147555485669	0.49608156713605156	0.25	0.4169594943523407	8.236248016357422	0.043964576358011286
cov10_n5_g0_s42_hotspots_p80_chr1	5	10	3715	851	2258	0	0.46433344432831697	0.4199515185778126	0.25	0.37191295623779297	7.793764591217041	0.0473738471112544
cov10_n5_g0_s42_hotspots_p80_chr1	5	10	3716	379	1216	0	0.44572283949191105	0.40166457899198516	0.25	0.37409842014312744	7.097871780395508	0.04889375581662166
cov10_n5_g0_s42_hotspots_p80_chr1	5	10	3717	420	1188	0	0.4044843468336166	0.35090587155995995	0.25	0.29767370223999023	9.231929779052734	0.04863772299382874
cov10_n5_g0_s42_hotspots_p80_chr1	5	10	3718	615	1392	0	0.46769599899293357	0.42324066926392473	0.42857142857142855	0.3711123466491699	7.941206455230713	0.04710102472989085
cov10_n5_g0_s42_hotspots_p80_chr1	5	10	3719	569	1163	0	0.3828707650168329	0.32664517860226194	0.25	0.27885162830352783	9.426013946533203	0.04931388275529971
cov10_n5_g0_s42_hotspots_p80_chr1	5	10	3721	605	1692	0	0.46050564686441053	0.4186997453542048	0.25	0.3967406749725342	6.7363786697387695	0.048702085006371625
cov10_n5_g0_s42_hotspots_p80_chr1	5	10	3722	1050	1711	0	0.6340980998515211	0.6037184296767389	0.42857142857142855	0.48675692081451416	8.485133171081543	0.03923493836817175
cov10_n5_g0_s42_hotspots_p80_chr1	5	10	3723	1016	2169	0	0.4719919303706843	0.42350461711654175	0.25	0.3334431052207947	10.018336296081543	0.045612460738438707
cov10_n5_g0_s42_hotspots_p80_chr1	5	10	3724	636	1681	0	0.5741370832274376	0.5488335814516331	0.42857142857142855	0.6355470418930054	4.080430030822754	0.04884329851042419
cov10_n5_g0_s42_hotspots_p80_chr1	5	10	3725	943	1852	0	0.4253705153201044	0.3586690149362414	0.25	0.21589449048042297	19.409828186035156	0.04543711258629685
cov10_n5_g0_s42_hotspots_p80_chr1	5	10	3726	460	1131	0	0.4053818091168325	0.3625513098848158	0.25	0.37645193934440613	5.798015594482422	0.05266545547593232
cov10_n5_g0_s42_hotspots_p80_chr1	5	10	3727	852	2215	0	0.48923421043351206	0.44288969211297313	0.25	0.3491029143333435	9.81966495513916	0.045027117092982946
cov10_n5_g0_s42_hotspots_p80_chr1	5	10	3728	171	885	1	0.6658076879113747	0.6406305803634584	0.25	0.5842080116271973	6.494304656982422	0.03877787416968776
cov10_n5_g0_s42_hotspots_p80_chr1	5	10	3729	407	1473	0	0.712770399304558	0.6950638842316235	0.6666666666666666	0.762903094291687	4.364460468292236	0.03936403191797123
cov10_n5_g0_s42_hotspots_p80_chr1	5	10	3730	735	2360	0	0.5543787840662667	0.5390246177497932	0.6666666666666666	0.8931998610496521	1.926131248474121	0.06725840348292438
cov10_n5_g0_s42_hotspots_p80_chr1	5	10	3731	590	1510	0	0.3704598504875985	0.31270425332904417	0.25	0.2683102488517761	9.53186321258545	0.04969748520576867
cov10_n5_g0_s42_hotspots_p80_chr1	5	10	3732	866	2089	0	0.5576218701729387	0.5255476541115379	0.25	0.5134444832801819	5.897427082061768	0.045302823401528
cov10_n5_g0_s42_hotspots_p80_chr1	5	10	3733	750	1933	0	0.6312730569654736	0.6040216951506496	0.42857142857142855	0.5680607557296753	6.174686431884766	0.04103767055968671
cov10_n5_g0_s42_hotspots_p80_chr1	5	10	3734	699	1820	0	0.5366401414081974	0.5101658297402962	0.42857142857142855	0.6143085360527039	3.8156042098999023	0.052004603576569344
cov10_n5_g0_s42_hotspots_p80_chr1	5	10	3735	824	1993	0	0.36039221563767176	0.27484460555252554	0.1111111111111111	0.1612323820590973	24.98137092590332	0.04684240543250879
cov10_n5_g0_s42_hotspots_p80_chr1	5	10	3736	619	2078	0	0.4641205667176211	0.42000036707625354	0.25	0.3743872046470642	7.6840410232543945	0.04748486304348649
cov10_n5_g0_s42_hotspots_p80_chr1	5	10	3737	915	2494	0	0.7070936900321227	0.6854534955749986	0.42857142857142855	0.6331793665885925	6.235487461090088	0.03658904181194495
cov10_n5_g0_s42_hotspots_p80_chr1	5	10	3738	730	1747	0	0.5455459511438676	0.5123626535816752	0.42857142857142855	0.49878811836242676	5.981367588043213	0.04578080806363373
cov10_n5_g0_s42_hotspots_p80_chr1	5	10	3739	585	1090	0	0.6220830665469785	0.592235221274438	0.42857142857142855	0.5167538523674011	7.246016502380371	0.040513165476946805
cov10_n5_g0_s42_hotspots_p80_chr1	5	10	3740	628	1691	0	0.7733606250962894	0.7562435958992486	0.6666666666666666	0.6583842039108276	6.898827075958252	0.0319371415242445
cov10_n5_g0_s42_hotspots_p80_chr1	5	10	3741	490	1657	0	0.42930091541606386	0.37948151888055587	0.1111111111111111	0.32561179995536804	8.691473007202148	0.048063834940873865
cov10_n5_g0_s42_hotspots_p80_chr1	5	10	3742	994	2735	0	0.32025898196864944	0.2799232617406682	0.1111111111111111	0.356484591960907	4.035442352294922	0.06176674605958905
cov10_n5_g0_s42_hotspots_p80_chr1	5	10	3743	489	1672	0	0.5482969247883419	0.5263530810661741	0.42857142857142855	0.7104844450950623	2.9777793884277344	0.05608330262820707
cov10_n5_g0_s42_hotspots_p80_chr1	5	10	3744	37	90	1	0.38454231462317556	0.34103673331577766	0.25	0.3637200891971588	5.588866233825684	0.054018416147881894
cov10_n5_g0_s42_hotspots_p80_chr1	5	10	3745	640	1787	0	0.3879088181839837	0.3379959498057435	0.25	0.31803733110427856	7.438290119171143	0.05089505925490381
cov10_n5_g0_s42_hotspots_p80_chr1	5	10	3746	822	1669	0	0.3875131713215758	0.3479404890364879	0.25	0.39898180961608887	4.716683387756348	0.05617168434464955
cov10_n5_g0_s42_hotspots_p80_chr1	5	10	3747	634	1940	0	0.3177069041609249	0.2536703602409141	0.1111111111111111	0.22641444206237793	9.844985008239746	0.05135766642892345
cov10_n5_g0_s42_hotspots_p80_chr1	5	10	3748	651	1505	0	0.39403389640852005	0.34434801163259915	0.1111111111111111	0.3210868239402771	7.529952526092529	0.05054308089842743
cov10_n5_g0_s42_hotspots_p80_chr1	5	10	3749	312	894	0	0.2384641994995534	0.17917940437712443	0.1111111111111111	0.20582452416419983	6.7115373611450195	0.05773509972203291
cov10_n5_g0_s42_hotspots_p80_chr1	5	10	3750	898	2571	0	0.38386342363256565	0.3410326155387317	0.25	0.36895716190338135	5.41217041015625	0.0544501919543983
cov10_n5_g0_s42_hotspots_p80_chr1	5	10	3751	570	1785	0	0.5733745239338345	0.5368079127354816	0.25	0.4299360513687134	8.892810821533203	0.04190405084251038
cov10_n5_g0_s42_hotspots_p80_chr1	5	10	3752	601	1576	0	0.6653580467612145	0.6380391358997494	0.25	0.5172877907752991	8.272112846374512	0.0377447013677688
cov10_n5_g0_s42_hotspots_p80_chr1	5	10	3753	81	213	1	0.41056955387792216	0.3666230352369067	0.25	0.3684850037097931	6.207314968109131	0.051684892097643216
cov10_n5_g0_s42_hotspots_p80_chr1	5	10	3754	569	2207	0	0.6413469794331388	0.6141202636424169	0.42857142857142855	0.5588570833206177	6.584981441497803	0.040049636318607466
cov10_n5_g0_s42_hotspots_p80_chr1	5	10	3755	825	2228	0	0.3456680234678481	0.2819966147335336	0.1111111111111111	0.2357909083366394	10.745691299438477	0.0498427775957584
cov10_n5_g0_s42_hotspots_p80_chr1	5	10	3756	593	1899	0	0.4822386245041127	0.4378817186143968	0.25	0.3706519901752472	8.46372127532959	0.04608288031181829
cov10_n5_g0_s42_hotspots_p80_chr1	5	10	3757	722	2275	0	0.2870759102250747	0.2164288752301128	0.1111111111111111	0.19431248307228088	10.913453102111816	0.051708925811006785
cov10_n5_g0_s42_hotspots_p80_chr1	5	10	3758	117	574	1	0.44036705973613904	0.38124155956959493	0.25	0.2592144012451172	14.430499076843262	0.04549888888790593
cov10_n5_g0_s42_hotspots_p80_chr1	5	10	3759	1341	2718	0	0.241366302324648	0.17936393430043043	0.1111111111111111	0.19876986742019653	7.372625350952148	0.05658278695028859
cov10_n5_g0_s42_hotspots_p80_chr1	5	10	3760	1031	2317	0	0.6179306159662062	0.586398110653644	0.42857142857142855	0.4825459420681	8.199211120605469	0.04014731937928188
cov10_n5_g0_s42_hotspots_p80_chr1	5	10	3761	345	848	0	0.17711017532994913	0.09815258356589461	0.1111111111111111	0.12552772462368011	9.953540802001953	0.05593027599404094
cov10_n5_g0_s42_hotspots_p80_chr1	5	10	3762	840	1932	0	0.38595902531892845	0.33403322612016895	0.25	0.30463263392448425	8.026007652282715	0.05034157023363687
cov10_n5_g0_s42_hotspots_p80_chr1	5	10	3763	21	83	1	0.2548236031441215	0.05096471914372312	0.0	0.06493505835533142	77.00001525878906	0.04834937784152344
cov10_n5_g0_s42_hotspots_p80_chr1	5	10	3766	199	498	1	0.348937883445212	0.3021335350576711	0.25	0.3247842788696289	5.771335601806641	0.05515392226028274
cov10_n5_g0_s42_hotspots_p80_chr1	5	10	3767	920	1664	0	0.4148007300660744	0.34884104518586	0.1111111111111111	0.22612811625003815	16.824413299560547	0.04596006343397253
cov10_n5_g0_s42_hotspots_p80_chr1	5	10	3768	1154	2545	0	0.5773698630098189	0.5401769867684517	0.25	0.41397398710250854	9.725951194763184	0.041416801866931675
cov10_n5_g0_s42_hotspots_p80_chr1	5	10	3770	3	10	1	0.31622777142784575	0.2894143807081522	0.1111111111111111	0.5	2.0	0.07905694150420949
cov10_n5_g0_s42_hotspots_p80_chr1	5	10	3771	8	24	1	0.37320311317733895	0.32693419691566983	0.25	0.3384615480899811	6.079136371612549	0.0535154682467372
cov10_n5_g0_s42_hotspots_p80_chr1	5	10	3772	853	2548	0	0.4095418718436668	0.3708872195663199	0.25	0.4165486693382263	4.833202838897705	0.05480449774992581
cov10_n5_g0_s42_hotspots_p80_chr1	5	10	3773	929	2670	0	0.2807234667519552	0.216540908365911	0.25	0.21156558394432068	8.803133964538574	0.053498793554830754
cov10_n5_g0_s42_hotspots_p80_chr1	5	10	3774	722	1447	0	0.30902056801822053	0.25282952975660994	0.1111111111111111	0.25507795810699463	7.338358402252197	0.05411088939147035
cov10_n5_g0_s42_hotspots_p80_chr1	5	10	3775	653	2024	0	0.42059383774040204	0.3833403572491181	0.25	0.43496987223625183	4.674955368041992	0.05476287898882326
cov10_n5_g0_s42_hotspots_p80_chr1	5	10	3776	461	1858	0	0.5475349180772778	0.5073197486100223	0.25	0.392875611782074	9.711437225341797	0.04269384038574294
cov10_n5_g0_s42_hotspots_p80_chr1	5	10	3777	564	1996	0	0.6156844718634648	0.587041917859502	0.42857142857142855	0.5492610335350037	6.282447338104248	0.041753627805844185
cov10_n5_g0_s42_hotspots_p80_chr1	5	10	3778	280	1197	0	0.3540559124275386	0.295641512916514	0.25	0.2610907554626465	9.194554328918457	0.05053757531673017
cov10_n5_g0_s42_hotspots_p80_chr1	5	10	3779	365	1525	0	0.37668005124976994	0.3334072852727712	0.25	0.3625165522098541	5.398332118988037	0.054799154296942335
cov10_n5_g0_s42_hotspots_p80_chr1	5	10	3780	793	1806	0	0.6415174743870224	0.6134907643289794	0.42857142857142855	0.538299560546875	7.101317405700684	0.0396073083280698
cov10_n5_g0_s42_hotspots_p80_chr1	5	10	3781	140	394	1	0.40733607307451575	0.34609443587485755	0.25	0.2533116340637207	12.929014205932617	0.0469069230592665
cov10_n5_g0_s42_hotspots_p80_chr1	5	10	3782	151	444	1	0.48823824418894957	0.4589308077766847	0.25	0.5587533116340637	3.8176259994506836	0.05459413462724052
cov10_n5_g0_s42_hotspots_p80_chr1	5	10	3783	81	180	1	0.33236912609465513	0.29565153451123277	0.1111111111111111	0.3957871198654175	3.5260467529296875	0.06376606705288237
cov10_n5_g0_s42_hotspots_p80_chr1	5	10	3785	486	948	0	0.5000075038285646	0.4541996717475241	0.25	0.350625216960907	10.1680269241333	0.04445466913386269
cov10_n5_g0_s42_hotspots_p80_chr1	5	10	3786	627	1633	0	0.4933053344952413	0.4754925639713743	0.25	0.8036356568336487	1.8840101957321167	0.07153044657558673
cov10_n5_g0_s42_hotspots_p80_chr1	5	10	3787	789	1897	0	0.5663340710290289	0.5312151066391748	0.25	0.4598383903503418	7.584115505218506	0.04299988074042992
cov10_n5_g0_s42_hotspots_p80_chr1	5	10	3788	839	1982	0	0.5766073997348818	0.5392229047268033	0.25	0.41121742129325867	9.830766677856445	0.041417764201925944
cov10_n5_g0_s42_hotspots_p80_chr1	5	10	3789	613	1723	0	0.38882237977846096	0.3347222116461393	0.25	0.29206377267837524	8.861700057983398	0.049499954643126474
cov10_n5_g0_s42_hotspots_p80_chr1	5	10	3790	696	2609	0	0.4583868755373771	0.4189689958655489	0.42857142857142855	0.4211219847202301	5.924046516418457	0.05004432137711767
cov10_n5_g0_s42_hotspots_p80_chr1	5	10	3791	332	1425	0	0.34308864819264356	0.2681023788237141	0.25	0.19501513242721558	15.47554874420166	0.048297517185529625
cov10_n5_g0_s42_hotspots_p80_chr1	5	10	3792	133	396	1	0.1443678389746364	0.025446860334044683	0.0	0.07340984046459198	19.337587356567383	0.05271963831345092
cov10_n5_g0_s42_hotspots_p80_chr1	5	10	3794	247	711	0	0.4265258631565359	0.3762294519598292	0.25	0.32192978262901306	8.776845932006836	0.04810980202059368
cov10_n5_g0_s42_hotspots_p80_chr1	5	10	3795	787	2691	0	0.6373350776162732	0.605587423217382	0.42857142857142855	0.4233205020427704	11.333579063415527	0.03855275534016915
cov10_n5_g0_s42_hotspots_p80_chr1	5	10	3796	199	943	1	0.4200210376678918	0.37347708360847715	0.25	0.349505752325058	7.221102714538574	0.049834816209873754
cov10_n5_g0_s42_hotspots_p80_chr1	5	10	3797	606	1514	0	0.42030069658055996	0.35514053222220815	0.25	0.2285768836736679	16.90540313720703	0.045787816158452364
cov10_n5_g0_s42_hotspots_p80_chr1	5	10	3798	713	1815	0	0.4371114075577835	0.3896124594717843	0.25	0.34405210614204407	8.070600509643555	0.048255268646690316
cov10_n5_g0_s42_hotspots_p80_chr1	5	10	3799	232	813	0	0.36387500222619296	0.291774839549366	0.1111111111111111	0.20598196983337402	15.603286743164062	0.04765714523551101
cov10_n5_g0_s42_hotspots_p80_chr1	5	10	3800	496	1092	0	0.49879824481448515	0.4523459433729538	0.25	0.34422457218170166	10.498712539672852	0.044379040455710596
cov10_n5_g0_s42_hotspots_p80_chr1	5	10	3806	581	2122	0	0.5611437264844796	0.5306933643422468	0.25	0.540047824382782	5.39825963973999	0.045992627292503356
cov10_n5_g0_s42_hotspots_p80_chr1	5	10	3807	729	1330	0	0.4145586676311651	0.3531626140443913	0.25	0.25167447328567505	13.566370964050293	0.04650831830113012
cov10_n5_g0_s42_hotspots_p80_chr1	5	10	3808	680	1732	0	0.3385567410428638	0.2718339565421766	0.1111111111111111	0.22232869267463684	11.594230651855469	0.049663658576447715
cov10_n5_g0_s42_hotspots_p80_chr1	5	10	3809	347	1099	0	0.27662959173827206	0.2041542154236717	0.1111111111111111	0.18548491597175598	11.1211576461792	0.05192840324260887
cov10_n5_g0_s42_hotspots_p80_chr1	5	10	3810	491	1212	0	0.11591835404295608	0.051405882334481706	0.1111111111111111	0.1065070629119873	5.922668933868408	0.06385921412080953
cov10_n5_g0_s42_hotspots_p80_chr1	5	10	3811	627	1218	0	0.4593690975982957	0.4064653633554773	0.25	0.2992163598537445	11.784818649291992	0.04543792326592531
cov10_n5_g0_s42_hotspots_p80_chr1	5	10	3812	256	757	0	0.39571513852520174	0.33324560423832017	0.25	0.24738427996635437	12.793553352355957	0.047330046608324634
cov10_n5_g0_s42_hotspots_p80_chr1	5	10	3813	224	693	0	0.3048013936076385	0.2359054955497151	0.1111111111111111	0.20560753345489502	10.988179206848145	0.05108373732386087
cov10_n5_g0_s42_hotspots_p80_chr1	5	10	3814	700	1503	0	0.7336169193789374	0.7124740018376373	0.6666666666666666	0.5685799717903137	8.32387638092041	0.03404121836540313
cov10_n5_g0_s42_hotspots_p80_chr1	5	10	3815	958	2214	0	0.6339134814781962	0.6028083758820233	0.42857142857142855	0.46546271443367004	9.27385139465332	0.038994387232057226
cov10_n5_g0_s42_hotspots_p80_chr1	5	10	3816	619	2463	0	0.7350230224474884	0.7150130954365331	0.6666666666666666	0.6355101466178894	6.688471794128418	0.034515742078843
cov10_n5_g0_s42_hotspots_p80_chr1	5	10	3817	1	12	1	0.0	-0.04134491152973613	0.0	0.0	2.0	0.09354143466934854
cov10_n5_g0_s42_hotspots_p80_chr1	5	10	3818	25	92	1	0.2548236095995741	0.05096471914376249	0.0	0.06493507325649261	76.99999237060547	0.04834937784152285
cov10_n5_g0_s42_hotspots_p80_chr1	5	10	3819	756	2232	0	0.4071505912721976	0.36464886516814704	0.1111111111111111	0.37983715534210205	5.744936943054199	0.05269386242022013
cov10_n5_g0_s42_hotspots_p80_chr1	5	10	3820	815	1743	0	0.4607030865065509	0.4135565840947404	0.25	0.34700167179107666	8.81351375579834	0.046725455217317954
cov10_n5_g0_s42_hotspots_p80_chr1	5	10	3821	173	705	1	0.38583179249762795	0.32951382841418525	0.25	0.2788551151752472	9.572134017944336	0.04910802709246836
cov10_n5_g0_s42_hotspots_p80_chr1	5	10	3822	402	1037	0	0.43764396235460507	0.3859222956029319	0.25	0.3117062747478485	9.856457710266113	0.047007157113046066
cov10_n5_g0_s42_hotspots_p80_chr1	5	10	3823	977	1872	0	0.42661885124179977	0.37331219627697676	0.25	0.3007812798023224	10.058854103088379	0.04731574583743931
cov10_n5_g0_s42_hotspots_p80_chr1	5	10	3824	616	1101	0	0.3697559534852455	0.28354465782690913	0.25	0.15333828330039978	29.073625564575195	0.04651076798657576
cov10_n5_g0_s42_hotspots_p80_chr1	5	10	3825	866	1670	0	0.3288908244302382	0.2396200870530941	0.1111111111111111	0.15612465143203735	22.18863296508789	0.04777790569015391
cov10_n5_g0_s42_hotspots_p80_chr1	5	10	3826	703	2033	0	0.4397807563204838	0.3938624637807742	0.25	0.3572932779788971	7.575176239013672	0.048617489133405904
cov10_n5_g0_s42_hotspots_p80_chr1	5	10	3827	762	1733	0	0.652481143242297	0.6245380751236438	0.42857142857142855	0.5241079330444336	7.749334335327148	0.03863291252836517
cov10_n5_g0_s42_hotspots_p80_chr1	5	10	3828	932	2051	0	0.45737357397991685	0.40318817497861936	0.25	0.28961968421936035	12.469698905944824	0.045324734266081475
cov10_n5_g0_s42_hotspots_p80_chr1	5	10	3829	105	293	1	0.2048673848082128	0.08996115776951724	0.0	0.09804782271385193	21.829296112060547	0.05081718084192717
cov10_n5_g0_s42_hotspots_p80_chr1	5	10	3830	894	2046	0	0.47317272292917845	0.4205668243406549	0.25	0.29617583751678467	12.76174545288086	0.044705822842973225
cov10_n5_g0_s42_hotspots_p80_chr1	5	10	3831	1035	2207	0	0.5176467371844375	0.47028531616110586	0.25	0.31853416562080383	13.20458984375	0.04305774859735929
cov10_n5_g0_s42_hotspots_p80_chr1	5	10	3832	795	2440	0	0.5697254831050144	0.5315501198892915	0.1111111111111111	0.4047721028327942	9.905586242675781	0.041689972182065764
cov10_n5_g0_s42_hotspots_p80_chr1	5	10	3833	839	2552	0	0.5589511936855552	0.5230206743726035	0.25	0.45100295543670654	7.679961681365967	0.04327352213908621
cov10_n5_g0_s42_hotspots_p80_chr1	5	10	3834	487	1435	0	0.27115859234284284	0.19332513688477634	0.1111111111111111	0.1704864650964737	12.64844036102295	0.05134035271470187
cov10_n5_g0_s42_hotspots_p80_chr1	5	10	3835	762	1823	0	0.5774186051392857	0.5407934089054856	0.25	0.4247347414493561	9.240936279296875	0.04158128336674383
cov10_n5_g0_s42_hotspots_p80_chr1	5	10	3836	1115	1942	0	0.5334788285724725	0.49664086711286415	0.1111111111111111	0.44820666313171387	7.083497524261475	0.04498479386062786
cov10_n5_g0_s42_hotspots_p80_chr1	5	10	3837	1164	1972	0	0.491212075119529	0.4427017437293698	0.25	0.3263523578643799	11.327512741088867	0.04440434762549022
cov10_n5_g0_s42_hotspots_p80_chr1	5	10	3838	1368	2265	0	0.6885017950581532	0.6636017151493208	0.42857142857142855	0.5495859980583191	7.84709358215332	0.036674466321245464
cov10_n5_g0_s42_hotspots_p80_chr1	5	10	3839	185	574	1	0.03948272758640752	0.003221857290750687	0.1111111111111111	0.06779982894659042	1.6956145763397217	0.0976368795813304
cov10_n5_g0_s42_hotspots_p80_chr1	5	10	3840	824	2422	0	0.5374159117430134	0.5041353922142472	0.25	0.4989479184150696	5.800702095031738	0.04647764825336599
cov10_n5_g0_s42_hotspots_p80_chr1	5	10	3841	468	1432	0	0.30502244606800183	0.2370291092012516	0.1111111111111111	0.2085481584072113	10.6959867477417	0.05124374867387712
cov10_n5_g0_s42_hotspots_p80_chr1	5	10	3842	417	1356	0	0.20184245101928885	0.16549308330639428	0.25	0.2859317660331726	2.491554021835327	0.07802109343407225
cov10_n5_g0_s42_hotspots_p80_chr1	5	10	3843	1013	2067	0	0.545307063966361	0.5044953307554816	0.42857142857142855	0.385728657245636	9.992829322814941	0.042687864775936564
cov10_n5_g0_s42_hotspots_p80_chr1	5	10	3844	979	2149	0	0.4818465115868342	0.4304696050790418	0.25	0.3028883635997772	12.653838157653809	0.04442297579773694
cov10_n5_g0_s42_hotspots_p80_chr1	5	10	3845	323	882	0	0.3251893468162492	0.2567378090934783	0.25	0.21298618614673615	11.655739784240723	0.05007496612558418
cov10_n5_g0_s42_hotspots_p80_chr1	5	10	3848	246	916	0	0.5923543747093086	0.5546254485341127	0.25	0.35053133964538574	14.278401374816895	0.04028388726886495
cov10_n5_g0_s42_hotspots_p80_chr1	5	10	3849	422	938	0	0.19447554917679752	0.12334495961530531	0.1111111111111111	0.14898081123828888	8.519994735717773	0.056764717110993616
cov10_n5_g0_s42_hotspots_p80_chr1	5	10	3850	547	1335	0	0.35803543305124014	0.29642360422066066	0.25	0.24731068313121796	10.47939682006836	0.04956070425487435
cov10_n5_g0_s42_hotspots_p80_chr1	5	10	3851	562	1506	0	0.39141717315174984	0.3372488252161676	0.25	0.2921317219734192	8.976194381713867	0.049314434534420575
cov10_n5_g0_s42_hotspots_p80_chr1	5	10	3852	441	940	0	0.26526552478378157	0.2020841373556671	0.1111111111111111	0.2076369971036911	8.160601615905762	0.054713480059465545
cov10_n5_g0_s42_hotspots_p80_chr1	5	10	3854	123	747	1	0.35491667939579075	0.2985090841525736	0.25	0.271198570728302	8.563435554504395	0.051026479102963956
cov10_n5_g0_s42_hotspots_p80_chr1	5	10	3855	788	2524	0	0.6101817227911983	0.5750782619081904	0.42857142857142855	0.3940534293651581	11.988866806030273	0.039653080436925614
cov10_n5_g0_s42_hotspots_p80_chr1	5	10	3856	349	903	0	0.43123836240109453	0.37295283789688316	0.25	0.267514169216156	12.99305534362793	0.0460920998365383
cov10_n5_g0_s42_hotspots_p80_chr1	5	10	3857	663	2438	0	0.35045446562247395	0.2738020701078755	0.1111111111111111	0.19024278223514557	16.967458724975586	0.04780680239659069
cov10_n5_g0_s42_hotspots_p80_chr1	5	10	3858	280	697	0	0.4221464949755706	0.3604714617181677	0.1111111111111111	0.24858328700065613	14.419575691223145	0.04608644673788659
cov10_n5_g0_s42_hotspots_p80_chr1	5	10	3859	635	1661	0	0.5105325454214276	0.4597370095961118	0.25	0.25867950916290283	19.47568702697754	0.042993351949223935
cov10_n5_g0_s42_hotspots_p80_chr1	5	10	3860	294	884	0	0.3654142330794455	0.31113446818568175	0.25	0.2854781746864319	8.192097663879395	0.05097518897432248
cov10_n5_g0_s42_hotspots_p80_chr1	5	10	3861	449	1258	0	0.3846175677841151	0.33565476828234236	0.25	0.32348960638046265	7.068179130554199	0.051488263875296265
cov10_n5_g0_s42_hotspots_p80_chr1	5	10	3862	877	1630	0	0.2760216251757643	0.20071187192861198	0.0	0.1781006008386612	12.009513854980469	0.05148143798354148
cov10_n5_g0_s42_hotspots_p80_chr1	5	10	3863	90	524	1	0.236378918081746	0.10791426407258392	0.1111111111111111	0.09586892277002335	30.39707374572754	0.04931408678140132
cov10_n5_g0_s42_hotspots_p80_chr1	5	10	3864	337	1014	0	0.3782844623351406	0.3133044750486078	0.25	0.23515179753303528	12.939290046691895	0.047856984324464225
cov10_n5_g0_s42_hotspots_p80_chr1	5	10	3865	369	1119	0	0.31125070553870704	0.22596627794445964	0.0	0.16390037536621094	18.031455993652344	0.048720951556216856
cov10_n5_g0_s42_hotspots_p80_chr1	5	10	3866	598	2307	0	0.38455254060408994	0.319858523401198	0.1111111111111111	0.23666635155677795	13.201043128967285	0.04757691685373966
cov10_n5_g0_s42_hotspots_p80_chr1	5	10	3867	58	225	1	0.3305390965881341	0.2665038034761827	0.25	0.2303951233625412	10.29127311706543	0.05062258060014177
cov10_n5_g0_s42_hotspots_p80_chr1	5	10	3868	4	26	1	0.25819887541929487	0.2208471162896375	0.1111111111111111	0.3333333432674408	2.999999761581421	0.07071067952354972
cov10_n5_g0_s42_hotspots_p80_chr1	5	10	3869	649	1656	0	0.44853381603710946	0.3846400131170929	0.1111111111111111	0.20412619411945343	24.141420364379883	0.044689497955229605
cov10_n5_g0_s42_hotspots_p80_chr1	5	10	3870	194	551	1	0.4226353326957815	0.36722118804983467	0.1111111111111111	0.2869299650192261	10.848003387451172	0.047091782709316674
cov10_n5_g0_s42_hotspots_p80_chr1	5	10	3872	31	142	1	0.31622777142784575	0.2894143807081524	0.1111111111111111	0.5	2.0	0.07905694150420949
cov10_n5_g0_s42_hotspots_p80_chr1	5	10	3873	341	1210	0	0.3312580905572499	0.2773518244626928	0.25	0.27558910846710205	7.224019527435303	0.05340779956596309
cov10_n5_g0_s42_hotspots_p80_chr1	5	10	3874	827	1360	0	0.46476305480764873	0.416376935913364	0.25	0.3357260227203369	9.58215618133545	0.04610724471754584
cov10_n5_g0_s42_hotspots_p80_chr1	5	10	3878	5	95	1	0.18257418463099287	0.12253577034896801	0.0	0.1666666716337204	6.0	0.06123724438069594
cov10_n5_g0_s42_hotspots_p80_chr1	5	10	3879	229	366	0	0.3756644345627037	0.29384058423952036	0.25	0.16796597838401794	25.010799407958984	0.04647530811140092
cov10_n5_g0_s42_hotspots_p80_chr1	5	10	3880	496	969	0	0.2376682874187683	0.16878385264638643	0.25	0.17753839492797852	8.960411071777344	0.054839159267742243
cov10_n5_g0_s42_hotspots_p80_chr1	5	10	3881	777	2280	0	0.6127649826177013	0.5780016249058482	0.25	0.39746618270874023	11.883859634399414	0.03955396188828749
cov10_n5_g0_s42_hotspots_p80_chr1	5	10	3882	1373	2365	0	0.6628067988444459	0.6344717744508429	0.25	0.40378308296203613	13.47248363494873	0.03753533770262243
cov10_n5_g0_s42_hotspots_p80_chr1	5	10	3883	758	1858	0	0.3621730454094151	0.2930634852404004	0.25	0.21706926822662354	13.918917655944824	0.0480906633903729
cov10_n5_g0_s42_hotspots_p80_chr1	5	10	3884	633	2129	0	0.5276898079662249	0.4801706695453973	0.25	0.29315730929374695	16.200407028198242	0.04249469242106071
cov10_n5_g0_s42_hotspots_p80_chr1	5	10	3885	161	663	1	0.4188983508431538	0.3649471470334666	0.25	0.29639777541160583	9.987053871154785	0.04764064928610023
cov10_n5_g0_s42_hotspots_p80_chr1	5	10	3886	550	1482	0	0.782311208241634	0.765713042683785	0.6666666666666666	0.6430890560150146	7.399236679077148	0.031207664174776037
cov10_n5_g0_s42_hotspots_p80_chr1	5	10	3887	944	1804	0	0.46595689686036385	0.42137399031902334	0.25	0.3699755370616913	7.930771350860596	0.04718327456479859
cov10_n5_g0_s42_hotspots_p80_chr1	5	10	3888	435	1106	0	0.46054401356088254	0.4028071423164056	0.25	0.25850003957748413	15.870513916015625	0.04466680938112543
cov10_n5_g0_s42_hotspots_p80_chr1	5	10	3889	22	201	1	0.42513075410164136	0.3702907518060178	0.25	0.29057133197784424	10.70309829711914	0.0470641009953332
cov10_n5_g0_s42_hotspots_p80_chr1	5	10	3890	226	687	0	0.5993152876234867	0.5774043229751386	0.42857142857142855	0.707937479019165	3.5833637714385986	0.049483884450795206
cov10_n5_g0_s42_hotspots_p80_chr1	5	10	3891	897	2255	0	0.520299144582527	0.47454624928321865	0.25	0.33801019191741943	11.847223281860352	0.04318620785492917
cov10_n5_g0_s42_hotspots_p80_chr1	5	10	3892	279	450	0	0.5080384662648133	0.4615619807782557	0.25	0.3387446701526642	11.246521949768066	0.043791910371411516
cov10_n5_g0_s42_hotspots_p80_chr1	5	10	3893	430	1032	0	0.6475042769401705	0.6214372654606077	0.42857142857142855	0.5817703008651733	6.193729400634766	0.040116316822098534
cov10_n5_g0_s42_hotspots_p80_chr1	5	10	3894	378	998	0	0.32536615869828395	0.2767009484354679	0.25	0.30189210176467896	5.80779504776001	0.05606085360734404
cov10_n5_g0_s42_hotspots_p80_chr1	5	10	3895	305	1205	0	0.5872198644846078	0.5553646740435046	0.25	0.5042514801025391	6.780740737915039	0.04268722418009948
cov10_n5_g0_s42_hotspots_p80_chr1	5	10	3896	702	1843	0	0.4213892047490228	0.36140425311412183	0.1111111111111111	0.25880494713783264	13.255365371704102	0.04635719653882519
cov10_n5_g0_s42_hotspots_p80_chr1	5	10	3897	1036	1953	0	0.7329397708959698	0.7116641480700469	0.42857142857142855	0.5168354511260986	10.055462837219238	0.03404303527575244
cov10_n5_g0_s42_hotspots_p80_chr1	5	10	3898	778	1779	0	0.7449157159685227	0.729197094033214	0.6666666666666666	0.7968785762786865	4.369180679321289	0.03710196317797189
cov10_n5_g0_s42_hotspots_p80_chr1	5	10	3899	320	922	0	0.47849067208491874	0.42964867563842263	0.25	0.3283904194831848	10.615391731262207	0.045117438948496486
cov10_n5_g0_s42_hotspots_p80_chr1	5	10	3900	802	1797	0	0.3896770458447885	0.3135715109603906	0.1111111111111111	0.1854463666677475	22.077146530151367	0.046248939837445685
cov10_n5_g0_s42_hotspots_p80_chr1	5	10	3901	658	2196	0	0.5369821467844204	0.5031481218135417	0.25	0.49066707491874695	5.988471031188965	0.04619533688331417
cov10_n5_g0_s42_hotspots_p80_chr1	5	10	3902	956	2701	0	0.6920025185208741	0.6722664572572473	0.42857142857142855	0.7172016501426697	4.654819011688232	0.039992258897338394
cov10_n5_g0_s42_hotspots_p80_chr1	5	10	3903	1107	2852	0	0.7555532885370797	0.73643403745648	0.6666666666666666	0.5524786710739136	9.351241111755371	0.03277694003073595
cov10_n5_g0_s42_hotspots_p80_chr1	5	10	3904	514	1985	0	0.613230992252251	0.583563186112645	0.42857142857142855	0.5291173458099365	6.7160539627075195	0.041420107767701345
cov10_n5_g0_s42_hotspots_p80_chr1	5	10	3905	591	1596	0	0.6175322273209695	0.5913272499667285	0.25	0.601591169834137	5.268493175506592	0.04318146814505003
cov10_n5_g0_s42_hotspots_p80_chr1	5	10	3906	112	216	1	0.21209884016467612	0.13269763295307352	0.0	0.14285700023174286	11.02157211303711	0.054035678172797835
cov10_n5_g0_s42_hotspots_p80_chr1	5	10	3910	427	1366	0	0.7628355686272775	0.7449389363283249	0.42857142857142855	0.6541368961334229	6.79977560043335	0.032674325646110405
cov10_n5_g0_s42_hotspots_p80_chr1	5	10	3911	527	1747	0	0.6256206313525375	0.5940114281896708	0.42857142857142855	0.4682610332965851	8.92516040802002	0.0394870824311698
cov10_n5_g0_s42_hotspots_p80_chr1	5	10	3912	444	1802	0	0.45503730719673335	0.404995446357451	0.25	0.32319071888923645	9.911657333374023	0.046316171318621195
cov10_n5_g0_s42_hotspots_p80_chr1	5	10	3913	253	1504	0	0.44860447523214514	0.3906019462031141	0.25	0.2637860178947449	14.460846900939941	0.04522690526269221
cov10_n5_g0_s42_hotspots_p80_chr1	5	10	3914	135	1282	1	0.430142782298685	0.3869938874644319	0.25	0.37993156909942627	6.408914566040039	0.050504955057193636
cov10_n5_g0_s42_hotspots_p80_chr1	5	10	3915	148	486	1	0.36640612392236444	0.3129786716351983	0.25	0.2905324697494507	7.952545166015625	0.05117774614338698
cov10_n5_g0_s42_hotspots_p80_chr1	5	10	3916	714	1550	0	0.7724597818776164	0.7556031681390818	0.42857142857142855	0.532161295413971	10.535017967224121	0.03202675097311302
cov10_n5_g0_s42_hotspots_p80_chr1	5	10	3917	1447	2828	0	0.55580629370041	0.5140327841332606	0.25	0.35611313581466675	12.179818153381348	0.041781838423626365
cov10_n5_g0_s42_hotspots_p80_chr1	5	10	3918	239	966	0	0.38714387142299916	0.3399318382112357	0.25	0.3364357650279999	6.620800018310547	0.0520174069363997
cov10_n5_g0_s42_hotspots_p80_chr1	5	10	3920	262	615	0	0.3314750700996182	0.2271402741064961	0.1111111111111111	0.12098321318626404	37.53370666503906	0.047202943832444715
cov10_n5_g0_s42_hotspots_p80_chr1	5	10	3921	1733	2993	0	0.4267330764650674	0.36978239218070535	0.25	0.2768005132675171	11.883623123168945	0.04656033894508559
cov10_n5_g0_s42_hotspots_p80_chr1	5	10	3922	1069	1771	0	0.26497107957790017	0.19160889143688414	0.25	0.1787247210741043	10.989997863769531	0.0523810484100234
cov10_n5_g0_s42_hotspots_p80_chr1	5	10	3923	505	1308	0	0.4854740312285791	0.4298323388114503	0.1111111111111111	0.23970100283622742	20.509843826293945	0.04371451199450126
cov10_n5_g0_s42_hotspots_p80_chr1	5	10	3924	47	365	1	0.35736252491200515	0.323391893758745	0.25	0.43999284505844116	3.2983503341674805	0.06395161500412516
cov10_n5_g0_s42_hotspots_p80_chr1	5	10	3925	88	802	1	0.46433758385545265	0.41044621134645226	0.25	0.28923630714416504	12.886414527893066	0.044987023359949085
cov10_n5_g0_s42_hotspots_p80_chr1	5	10	3926	595	2141	0	0.611127987515777	0.5789002520100027	0.25	0.47538089752197266	8.263249397277832	0.04044524107432227
cov10_n5_g0_s42_hotspots_p80_chr1	5	10	3927	314	738	0	0.386472720472828	0.3326140522287295	0.1111111111111111	0.2930302619934082	8.697267532348633	0.04972003382201745
cov10_n5_g0_s42_hotspots_p80_chr1	5	10	3928	999	2437	0	0.6623708626359833	0.6359381961336248	0.25	0.5523661375045776	7.189825057983398	0.03842833958369485
cov10_n5_g0_s42_hotspots_p80_chr1	5	10	3929	925	1695	0	0.469707037275713	0.4213404426420073	0.25	0.33501821756362915	9.828500747680664	0.04578995984047405
cov10_n5_g0_s42_hotspots_p80_chr1	5	10	3930	607	1915	0	0.568793712904627	0.5430747531776065	0.42857142857142855	0.6277090311050415	4.105469226837158	0.04905276531368872
cov10_n5_g0_s42_hotspots_p80_chr1	5	10	3931	897	2246	0	0.5101564849829022	0.46778660958225515	0.25	0.38524389266967773	8.768095970153809	0.04471468979976063
cov10_n5_g0_s42_hotspots_p80_chr1	5	10	3932	933	2129	0	0.4284004897535143	0.3699902984297907	0.1111111111111111	0.2672736942768097	12.84568977355957	0.04622467370466714
cov10_n5_g0_s42_hotspots_p80_chr1	5	10	3933	433	1193	0	0.5460903209138767	0.5098857239639697	0.42857142857142855	0.45290571451187134	7.2691450119018555	0.04421615421161072
cov10_n5_g0_s42_hotspots_p80_chr1	5	10	3934	285	696	0	0.6601694338017612	0.6313220388171477	0.25	0.46779122948646545	9.95810317993164	0.03763379926250105
cov10_n5_g0_s42_hotspots_p80_chr1	5	10	3935	2	20	1	0.25819887541929487	0.22084711628963774	0.1111111111111111	0.3333333432674408	2.999999761581421	0.07071067952354972
cov10_n5_g0_s42_hotspots_p80_chr1	5	10	3936	207	826	0	0.29528340067935194	0.25174772699318254	0.25	0.316908597946167	4.340901851654053	0.061603922057715026
cov10_n5_g0_s42_hotspots_p80_chr1	5	10	3937	390	1428	0	0.6185482766205018	0.5862498639367403	0.25	0.46265068650245667	8.937392234802246	0.039816640135729484
cov10_n5_g0_s42_hotspots_p80_chr1	5	10	3938	355	1411	0	0.6914549757024729	0.6734931622747989	0.42857142857142855	0.7745172381401062	3.985067129135132	0.04200147857089764
cov10_n5_g0_s42_hotspots_p80_chr1	5	10	3939	716	2216	0	0.4891328343491657	0.44520909808329084	0.25	0.3738477826118469	8.559215545654297	0.04572936879004367
cov10_n5_g0_s42_hotspots_p80_chr1	5	10	3940	138	725	1	0.5229329482916577	0.483057295330288	0.25	0.4111984074115753	8.086474418640137	0.04460716263834383
cov10_n5_g0_s42_hotspots_p80_chr1	5	10	3941	473	1471	0	0.5298122936255286	0.487476956505416	0.25	0.3759538531303406	9.929903030395508	0.04334806544488259
cov10_n5_g0_s42_hotspots_p80_chr1	5	10	3942	282	1480	0	0.6446432364532958	0.6137948924237409	0.25	0.43414461612701416	11.024022102355957	0.03825133309352277
cov10_n5_g0_s42_hotspots_p80_chr1	5	10	3943	192	757	1	0.5704333786652087	0.5365187648487811	0.25	0.47757238149642944	7.133480072021484	0.043179142932708706
cov10_n5_g0_s42_hotspots_p80_chr1	5	10	3944	71	149	1	0.5653229883883392	0.5291858195480563	0.25	0.4437493085861206	8.114989280700684	0.04268035831213802
cov10_n5_g0_s42_hotspots_p80_chr1	5	10	3947	486	1215	0	0.36033115899982127	0.29262027706095806	0.25	0.22229737043380737	13.13726806640625	0.048373596021550995
cov10_n5_g0_s42_hotspots_p80_chr1	5	10	3948	21	256	1	0.60364698097999	0.5705217171519488	0.25	0.4648289084434509	8.432372093200684	0.040721465368691714
cov10_n5_g0_s42_hotspots_p80_chr1	5	10	3949	548	1734	0	0.5919515944699687	0.5560318983799035	0.25	0.4196125864982605	9.950510025024414	0.04072043725223688
cov10_n5_g0_s42_hotspots_p80_chr1	5	10	3950	86	340	1	0.5477226244519733	0.5146502282603709	0.25	0.49999919533729553	6.0000200271606445	0.04564351391963706
cov10_n5_g0_s42_hotspots_p80_chr1	5	10	3951	343	1427	0	0.4975381615264752	0.45511162857935505	0.25	0.3881113529205322	8.216940879821777	0.0456145918042537
cov10_n5_g0_s42_hotspots_p80_chr1	5	10	3952	464	1220	0	0.6302029444448114	0.5975689080840259	0.25	0.4135388135910034	11.611767768859863	0.03884327479645753
cov10_n5_g0_s42_hotspots_p80_chr1	5	10	3953	402	889	0	0.5590246073548139	0.5167179574404096	0.42857142857142855	0.33354735374450684	14.044839859008789	0.04150023786819708
cov10_n5_g0_s42_hotspots_p80_chr1	5	10	3954	480	1540	0	0.5884741151107559	0.551869836185677	0.25	0.4098210334777832	10.309466361999512	0.040784465654911964
cov10_n5_g0_s42_hotspots_p80_chr1	5	10	3955	676	1564	0	0.7589396556254845	0.7401860961574661	0.42857142857142855	0.5511689186096191	9.480146408081055	0.03259908386198606
cov10_n5_g0_s42_hotspots_p80_chr1	5	10	3956	581	1285	0	0.6619347813545741	0.6332374057375819	0.25	0.4668564200401306	10.05156421661377	0.03754071433874373
cov10_n5_g0_s42_hotspots_p80_chr1	5	10	3957	507	1676	0	0.5923740649934126	0.5548297446820534	0.25	0.36953645944595337	12.84835433959961	0.04031383015730977
cov10_n5_g0_s42_hotspots_p80_chr1	5	10	3958	635	1739	0	0.2407065238979991	0.17536989141720224	0.1111111111111111	0.18855977058410645	8.14793586730957	0.05559974861034255
cov10_n5_g0_s42_hotspots_p80_chr1	5	10	3959	492	1426	0	0.5656794657294411	0.5265697656171422	0.25	0.392531156539917	10.383951187133789	0.04172678944156651
cov10_n5_g0_s42_hotspots_p80_chr1	5	10	3960	643	1787	0	0.3797558724135759	0.32142460382612714	0.1111111111111111	0.2670988440513611	10.10729694366455	0.049002408499011066
cov10_n5_g0_s42_hotspots_p80_chr1	5	10	3961	238	745	0	0.6434908345309017	0.6228779007899773	0.25	0.7263551950454712	3.9242498874664307	0.045316067962311246
cov10_n5_g0_s42_hotspots_p80_chr1	5	10	3962	587	1870	0	0.7602859290905266	0.7419530528455114	0.6666666666666666	0.5313341021537781	10.237372398376465	0.03262431146793565
cov10_n5_g0_s42_hotspots_p80_chr1	5	10	3963	692	1918	0	0.7152838377377521	0.6951961892630731	0.42857142857142855	0.6756524443626404	5.603766918182373	0.03677472083224092
cov10_n5_g0_s42_hotspots_p80_chr1	5	10	3964	241	1112	0	0.630731972250816	0.6165972734892886	0.42857142857142855	0.9311044216156006	2.2943673133850098	0.05738120950131724
cov10_n5_g0_s42_hotspots_p80_chr1	5	10	3965	516	1311	0	0.7057166979044086	0.682532380416108	0.42857142857142855	0.5736256241798401	7.567871570587158	0.03582724139642588
cov10_n5_g0_s42_hotspots_p80_chr1	5	10	3966	577	2269	0	0.694634504350047	0.6785059429473881	0.42857142857142855	0.8333554863929749	3.473937749862671	0.04394820673741308
cov10_n5_g0_s42_hotspots_p80_chr1	5	10	3967	405	1494	0	0.4319852407288452	0.37504660297791076	0.25	0.27615365386009216	12.235063552856445	0.04626970608829701
cov10_n5_g0_s42_hotspots_p80_chr1	5	10	3968	590	2304	0	0.30704481487299	0.22985363303312087	0.1111111111111111	0.1825549155473709	14.144461631774902	0.04970878723740616
cov10_n5_g0_s42_hotspots_p80_chr1	5	10	3969	555	1949	0	0.4436411253426937	0.39606779622002375	0.1111111111111111	0.34377142786979675	8.327104568481445	0.0477730536914663
cov10_n5_g0_s42_hotspots_p80_chr1	5	10	3970	390	1245	0	0.543278887134957	0.5052265013775777	0.25	0.42728450894355774	8.08316421508789	0.04370356603337489
cov10_n5_g0_s42_hotspots_p80_chr1	5	10	3971	879	2338	0	0.7544296974775815	0.7352293556226507	0.6666666666666666	0.5473222136497498	9.499951362609863	0.03285095397181788
cov10_n5_g0_s42_hotspots_p80_chr1	5	10	3972	835	1822	0	0.35580078900899587	0.2969838584870016	0.25	0.2596341669559479	9.389881134033203	0.050329408474989616
cov10_n5_g0_s42_hotspots_p80_chr1	5	10	3973	332	1222	0	0.34856851467201644	0.28670649454332164	0.25	0.24405315518379211	10.199467658996582	0.0500528560966158
cov10_n5_g0_s42_hotspots_p80_chr1	5	10	3974	384	1209	0	0.3707867497012376	0.30713588912242795	0.0	0.24038846790790558	11.895731925964355	0.0484649844485425
cov10_n5_g0_s42_hotspots_p80_chr1	5	10	3975	442	1266	0	0.15329915758837692	0.09553505701667009	0.1111111111111111	0.15001752972602844	5.221142292022705	0.06437409869598593
cov10_n5_g0_s42_hotspots_p80_chr1	5	10	3976	701	2048	0	0.391327301541931	0.32366065419700984	0.25	0.22281678020954132	15.422489166259766	0.04686598778364842
cov10_n5_g0_s42_hotspots_p80_chr1	5	10	3977	716	1790	0	0.33975575654901236	0.2817782465155009	0.1111111111111111	0.2588648498058319	8.613059997558594	0.051545709354448105
cov10_n5_g0_s42_hotspots_p80_chr1	5	10	3978	786	2484	0	0.3923461666913671	0.3297083555611405	0.25	0.24655292928218842	12.66159725189209	0.04748128611166042
cov10_n5_g0_s42_hotspots_p80_chr1	5	10	3979	258	804	0	0.3534682354780449	0.28284135798500226	0.0	0.21066728234291077	14.07591438293457	0.04831878883097181
cov10_n5_g0_s42_hotspots_p80_chr1	5	10	3980	367	1063	0	0.42148370498889104	0.360725936046186	0.1111111111111111	0.25418156385421753	13.748124122619629	0.04624183219835206
cov10_n5_g0_s42_hotspots_p80_chr1	5	10	3981	627	2308	0	0.5062611857548404	0.4591411701319433	0.1111111111111111	0.33244407176971436	11.595304489135742	0.04376987885534896
cov10_n5_g0_s42_hotspots_p80_chr1	5	10	3982	545	1451	0	0.5345345583202733	0.4960221223844507	0.25	0.42478349804878235	7.91746711730957	0.04421391307191803
cov10_n5_g0_s42_hotspots_p80_chr1	5	10	3983	762	1943	0	0.4993719684642937	0.45347835788954755	0.25	0.34997716546058655	10.179791450500488	0.04447513021312858
cov10_n5_g0_s42_hotspots_p80_chr1	5	10	3984	908	1861	0	0.5559216921299155	0.5178753690604828	0.25	0.41977304220199585	8.769365310668945	0.04273817557054862
cov10_n5_g0_s42_hotspots_p80_chr1	5	10	3985	1082	2587	0	0.48715472277458194	0.43778658632669404	0.42857142857142855	0.3197535276412964	11.605746269226074	0.0444779151334342
cov10_n5_g0_s42_hotspots_p80_chr1	5	10	3986	297	625	0	0.44913303175304625	0.395222302925661	0.25	0.29408884048461914	11.66172981262207	0.04584144439675863
cov10_n5_g0_s42_hotspots_p80_chr1	5	10	3987	874	2691	0	0.6926782684509682	0.6703607316525945	0.42857142857142855	0.6339688897132874	5.968938827514648	0.0377402948192878
cov10_n5_g0_s42_hotspots_p80_chr1	5	10	3988	147	448	1	0.34760217888597594	0.2958747651545277	0.1111111111111111	0.2938266694545746	6.99765682220459	0.05307710601815522
cov10_n5_g0_s42_hotspots_p80_chr1	5	10	3989	894	1625	0	0.5335873205067335	0.4912304694017882	0.25	0.37293070554733276	10.235871315002441	0.04308761041133682
cov10_n5_g0_s42_hotspots_p80_chr1	5	10	3990	1078	1852	0	0.5371498306960816	0.4911695132317709	0.42857142857142855	0.2770753800868988	18.791654586791992	0.042187819049666404
cov10_n5_g0_s42_hotspots_p80_chr1	5	10	3991	794	1518	0	0.47333816615767793	0.41538793881954794	0.1111111111111111	0.23599471151828766	20.114463806152344	0.044062112354236786
cov10_n5_g0_s42_hotspots_p80_chr1	5	10	3992	623	1218	0	0.14175222836756066	-0.025472388126673566	0.0	0.05514809116721153	33.034584045410156	0.0510161825089514
cov10_n5_g0_s42_hotspots_p80_chr1	5	10	3993	761	1370	0	0.5618716816248657	0.5295985666093306	0.42857142857142855	0.5088027715682983	6.097409725189209	0.04478880383224234
cov10_n5_g0_s42_hotspots_p80_chr1	5	10	3994	764	1544	0	0.1691664365387023	0.08672467014906114	0.1111111111111111	0.11625026166439056	10.58791732788086	0.05567171391239464
cov10_n5_g0_s42_hotspots_p80_chr1	5	10	3995	780	2091	0	0.16954629855032394	0.0386468608625932	0.0	0.07657527178525925	24.511484146118164	0.0512551337287351
cov10_n5_g0_s42_hotspots_p80_chr1	5	10	3996	690	1776	0	0.6421784525450757	0.6181063439541374	0.25	0.6367028951644897	5.086368083953857	0.042119291668418886
cov10_n5_g0_s42_hotspots_p80_chr1	5	10	3997	531	1537	0	0.48021462875827214	0.43284252532882994	0.25	0.34170210361480713	9.875190734863281	0.0453573352818487
cov10_n5_g0_s42_hotspots_p80_chr1	5	10	3998	572	1440	0	0.40005247344089173	0.3391358191068761	0.25	0.2553342580795288	12.273988723754883	0.04734704316322316
cov10_n5_g0_s42_hotspots_p80_chr1	5	10	3999	758	1459	0	0.49971971150427774	0.44695059795934183	0.25	0.24326559901237488	21.098983764648438	0.043314172964549806
cov10_n5_g0_s42_hotspots_p80_chr1	5	10	4000	840	1563	0	0.39218918736882474	0.3145049397017773	0.25	0.17579814791679382	24.88471031188965	0.04607955780990348
cov10_n5_g0_s42_hotspots_p80_chr1	5	10	4001	473	1417	0	0.45583434110494936	0.398849077322901	0.25	0.2680166959762573	14.463064193725586	0.044990965017011574
cov10_n5_g0_s42_hotspots_p80_chr1	5	10	4002	892	2109	0	0.29636141575212943	0.21121368577777128	0.0	0.16161149740219116	16.813915252685547	0.04934951282648755
cov10_n5_g0_s42_hotspots_p80_chr1	5	10	4003	835	2038	0	0.3704430622400214	0.30160777262174643	0.1111111111111111	0.21859392523765564	14.359414100646973	0.047723572615837255
cov10_n5_g0_s42_hotspots_p80_chr1	5	10	4004	554	1281	0	0.4646787033347075	0.41807067613051196	0.25	0.35144200921058655	8.741140365600586	0.04661340045769675
cov10_n5_g0_s42_hotspots_p80_chr1	5	10	4005	1002	2015	0	0.4715663665711328	0.41303318685038254	0.25	0.2284010350704193	21.31372833251953	0.04409615851427442
cov10_n5_g0_s42_hotspots_p80_chr1	5	10	4006	636	1366	0	0.586636613686588	0.5562209541310301	0.25	0.5314362049102783	6.092647552490234	0.043525533428622774
cov10_n5_g0_s42_hotspots_p80_chr1	5	10	4007	390	1238	0	0.24335329981560397	0.14527493244829226	0.0	0.1268150508403778	18.41208267211914	0.050446275957855856
cov10_n5_g0_s42_hotspots_p80_chr1	5	10	4008	100	423	1	0.2684899919726638	0.19873912193520205	0.1111111111111111	0.18954424560070038	10.032403945922852	0.05289840666429281
cov10_n5_g0_s42_hotspots_p80_chr1	5	10	4009	495	1174	0	0.4762646692756088	0.4203235921288173	0.25	0.26022326946258545	16.748445510864258	0.0441046665918377
cov10_n5_g0_s42_hotspots_p80_chr1	5	10	4010	873	1869	0	0.6289801251341524	0.5962136388843957	0.25	0.41357284784317017	11.564846992492676	0.038897268514078646
cov10_n5_g0_s42_hotspots_p80_chr1	5	10	4011	608	1566	0	0.36999833050566766	0.2982535294541645	0.25	0.20727433264255524	15.93229866027832	0.047415167323462404
cov10_n5_g0_s42_hotspots_p80_chr1	5	10	4012	1511	2725	0	0.21388723423187248	0.14120617420946077	0.0	0.1565576046705246	9.332358360290527	0.05528686637815915
cov10_n5_g0_s42_hotspots_p80_chr1	5	10	4013	608	1868	0	0.39208624752001886	0.32338369975339454	0.25	0.21800577640533447	16.173250198364258	0.04672100523228776
cov10_n5_g0_s42_hotspots_p80_chr1	5	10	4014	654	1580	0	0.4889570116279903	0.43748001255976976	0.25	0.2968166768550873	13.56859016418457	0.044013200462166197
cov10_n5_g0_s42_hotspots_p80_chr1	5	10	4015	769	1884	0	0.5748942083223422	0.5366265574981322	0.25	0.3959512412548065	10.540528297424316	0.041305478130926485
cov10_n5_g0_s42_hotspots_p80_chr1	5	10	4016	795	2046	0	0.4712066457498198	0.4204118894429381	0.25	0.3131556510925293	11.320673942565918	0.04514860230767159
cov10_n5_g0_s42_hotspots_p80_chr1	5	10	4017	32	52	1	0.2531848449833799	0.04134491152941103	0.0	0.06410256028175354	78.00001525878906	0.048370896102343575
cov10_n5_g0_s42_hotspots_p80_chr1	5	10	4018	1048	1750	0	0.4361590205993655	0.3836815151876087	0.1111111111111111	0.3062966763973236	10.138534545898438	0.04691946772926678
cov10_n5_g0_s42_hotspots_p80_chr1	5	10	4019	315	598	0	0.14515568963765627	0.08509997979751786	0.1111111111111111	0.13819144666194916	5.516655445098877	0.06383501155385864
cov10_n5_g0_s42_hotspots_p80_chr1	5	10	4020	1182	2380	0	0.5571057623907681	0.517612041396164	0.25	0.39557498693466187	9.917166709899902	0.04222044082930911
cov10_n5_g0_s42_hotspots_p80_chr1	5	10	4021	381	1713	0	0.41245182433592104	0.3403396573023302	0.25	0.19005903601646423	23.547208786010742	0.04561308301097775
cov10_n5_g0_s42_hotspots_p80_chr1	5	10	4022	31	68	1	0.12909943770914742	0.0361550763031092	0.0	0.0833333358168602	11.999999046325684	0.055901699881761545
cov10_n5_g0_s42_hotspots_p80_chr1	5	10	4027	775	2521	0	0.4476829328414245	0.4058995641060716	0.25	0.39559775590896606	6.403292655944824	0.04974064466009552
cov10_n5_g0_s42_hotspots_p80_chr1	5	10	4028	441	1066	0	0.42628153092490917	0.36871408366372826	0.25	0.2729366421699524	12.196615219116211	0.04647785710365644
cov10_n5_g0_s42_hotspots_p80_chr1	5	10	4030	308	1312	0	0.08858909136754554	0.029756413300611892	0.1111111111111111	0.09130948781967163	4.70650577545166	0.06855181003134504
cov10_n5_g0_s42_hotspots_p80_chr1	5	10	4031	635	1835	0	0.5446621849053742	0.5034371011307966	0.25	0.3800343871116638	10.270193099975586	0.042625606795800575
cov10_n5_g0_s42_hotspots_p80_chr1	5	10	4032	709	1992	0	0.5399462705538175	0.501256982164811	0.25	0.41989266872406006	8.267887115478516	0.04373111347905036
cov10_n5_g0_s42_hotspots_p80_chr1	5	10	4033	526	1100	0	0.568221024488445	0.5300112958182198	0.25	0.4058989882469177	9.798705101013184	0.041787365136349355
cov10_n5_g0_s42_hotspots_p80_chr1	5	10	4034	4	28	1	0.36514836926198574	0.31859300290731674	0.25	0.3333333432674408	6.0	0.05400617317652191
cov10_n5_g0_s42_hotspots_p80_chr1	5	10	4035	148	303	1	0.5497978436026126	0.506936639063378	0.25	0.3451390862464905	12.68784236907959	0.041946391078232656
cov10_n5_g0_s42_hotspots_p80_chr1	5	10	4036	703	1797	0	0.5174987429059772	0.4739572767095598	0.25	0.3680589497089386	9.884477615356445	0.043867004216827335
cov10_n5_g0_s42_hotspots_p80_chr1	5	10	4037	543	1298	0	0.5020972562187418	0.4649127134025453	0.25	0.4489293694496155	6.254457950592041	0.04747554861138635
cov10_n5_g0_s42_hotspots_p80_chr1	5	10	4038	875	1693	0	0.4519073820853689	0.4011573250074314	0.25	0.31791552901268005	10.102885246276855	0.04634320573627974
cov10_n5_g0_s42_hotspots_p80_chr1	5	10	4039	1141	2308	0	0.4717557198984701	0.41614904916776235	0.1111111111111111	0.26895028352737427	15.383685111999512	0.04435986680594463
cov10_n5_g0_s42_hotspots_p80_chr1	5	10	4040	686	1518	0	0.49070433974046246	0.4415041703740219	0.25	0.3195415735244751	11.791121482849121	0.04429911807304603
cov10_n5_g0_s42_hotspots_p80_chr1	5	10	4041	294	1153	0	0.5047397997610575	0.4724655388970442	0.25	0.5155247449874878	4.792985439300537	0.05030262725289817
cov10_n5_g0_s42_hotspots_p80_chr1	5	10	4042	809	2540	0	0.5092098478307736	0.460039163287699	0.25	0.303585410118103	14.067009925842285	0.043251321550724656
cov10_n5_g0_s42_hotspots_p80_chr1	5	10	4043	671	2156	0	0.5818753966187664	0.5440073737088896	0.25	0.39252769947052	10.987258911132812	0.040927287838543706
cov10_n5_g0_s42_hotspots_p80_chr1	5	10	4044	966	1874	0	0.5173684763702	0.47018215954483916	0.25	0.32139888405799866	12.956305503845215	0.04310205098579151
cov10_n5_g0_s42_hotspots_p80_chr1	5	10	4045	823	1585	0	0.5081233265640458	0.4584472045539595	0.25	0.2977468967437744	14.56175708770752	0.04323977823151107
cov10_n5_g0_s42_hotspots_p80_chr1	5	10	4046	845	1669	0	0.19872164634131306	0.1498127072376085	0.25	0.21576271951198578	4.241384029388428	0.06609340170890417
cov10_n5_g0_s42_hotspots_p80_chr1	5	10	4047	798	2302	0	0.4983976526724567	0.44961331953375544	0.25	0.3190663456916809	12.199999809265137	0.04392332230598856
cov10_n5_g0_s42_hotspots_p80_chr1	5	10	4048	971	2148	0	0.48444941481988146	0.4366779543891695	0.25	0.33657029271125793	10.358939170837402	0.04498706247316495
cov10_n5_g0_s42_hotspots_p80_chr1	5	10	4049	813	1852	0	0.5139062603168407	0.47094944904329145	0.25	0.3768649399280548	9.297506332397461	0.044273264569944196
cov10_n5_g0_s42_hotspots_p80_chr1	5	10	4050	633	1426	0	0.14227238455917326	0.09461559017728141	0.25	0.16866028308868408	3.557832717895508	0.07190322158300423
cov10_n5_g0_s42_hotspots_p80_chr1	5	10	4051	395	1224	0	0.5760845456663419	0.5361165791554218	0.25	0.3432825803756714	14.081174850463867	0.04088150062517515
cov10_n5_g0_s42_hotspots_p80_chr1	5	10	4052	791	1225	0	0.45849412668229245	0.39695776270450855	0.25	0.2080065906047821	24.293123245239258	0.04443552562286241
cov10_n5_g0_s42_hotspots_p80_chr1	5	10	4053	860	1433	0	0.36601441342659125	0.3253845763217028	0.42857142857142855	0.3796986937522888	4.646095275878906	0.05737540929696429
cov10_n5_g0_s42_hotspots_p80_chr1	5	10	4054	821	1293	0	0.49341620333659814	0.4456834554600209	0.42857142857142855	0.33327317237854004	10.959636688232422	0.04443177876686956
cov10_n5_g0_s42_hotspots_p80_chr1	5	10	4055	1254	1754	0	0.5025267022289998	0.4584951777985498	0.25	0.3690442740917206	9.271101951599121	0.04475549393802052
cov10_n5_g0_s42_hotspots_p80_chr1	5	10	4056	937	2194	0	0.41044259011073936	0.34632023832589964	0.25	0.237379789352417	14.948149681091309	0.04636081280718878
cov10_n5_g0_s42_hotspots_p80_chr1	5	10	4057	812	1911	0	0.31972689844557095	0.2686675596120629	0.25	0.28549331426620483	6.270995140075684	0.05537000587911773
cov10_n5_g0_s42_hotspots_p80_chr1	5	10	4058	835	1542	0	0.27648692460113944	0.18656148825464147	0.1111111111111111	0.1479979306459427	17.450504302978516	0.04976265753111305
cov10_n5_g0_s42_hotspots_p80_chr1	5	10	4059	1254	2034	0	0.4827027576620828	0.4388007833888347	0.25	0.3751630187034607	8.277318000793457	0.046198874739771675
cov10_n5_g0_s42_hotspots_p80_chr1	5	10	4060	765	1563	0	0.35117488299764643	0.3010954164928141	0.1111111111111111	0.3048871159553528	6.633439540863037	0.05347856179111472
cov10_n5_g0_s42_hotspots_p80_chr1	5	10	4061	798	1695	0	0.4655514003389274	0.4200396706799946	0.25	0.36134445667266846	8.299702644348145	0.04689729097045997
cov10_n5_g0_s42_hotspots_p80_chr1	5	10	4062	137	328	1	0.3293364642533629	0.2906654315356533	0.1111111111111111	0.37611350417137146	3.8336434364318848	0.06228995390420343
cov10_n5_g0_s42_hotspots_p80_chr1	5	10	4064	415	787	0	0.34624408664727685	0.27734579221468475	0.25	0.21589747071266174	12.859959602355957	0.04891341125145589
cov10_n5_g0_s42_hotspots_p80_chr1	5	10	4065	699	1227	0	0.2992223840591872	0.2336118933249473	0.25	0.21433863043785095	9.744447708129883	0.05206811506188176
cov10_n5_g0_s42_hotspots_p80_chr1	5	10	4066	186	693	1	0.453689204689264	0.4106666370669456	0.25	0.38439640402793884	6.965114593505859	0.048710124787655955
cov10_n5_g0_s42_hotspots_p80_chr1	5	10	4067	570	1321	0	0.39294717075923546	0.3282273330145679	0.25	0.23643481731414795	13.810691833496094	0.047147869814660015
cov10_n5_g0_s42_hotspots_p80_chr1	5	10	4068	985	1912	0	0.5962651751354457	0.5647799121664269	0.25	0.5051934719085693	6.965197563171387	0.04205555338924004
cov10_n5_g0_s42_hotspots_p80_chr1	5	10	4069	603	1454	0	0.3220081539198046	0.22751869066451863	0.25	0.14503227174282074	24.6475830078125	0.04777015467341538
cov10_n5_g0_s42_hotspots_p80_chr1	5	10	4070	1118	1627	0	0.5969544319398519	0.5664168335710644	0.42857142857142855	0.5232533812522888	6.507711887359619	0.04247977310317401
cov10_n5_g0_s42_hotspots_p80_chr1	5	10	4071	919	1443	0	0.40089178453208374	0.32732891706476697	0.25	0.19157904386520386	21.8941650390625	0.04596774104863048
cov10_n5_g0_s42_hotspots_p80_chr1	5	10	4072	837	1179	0	0.5140077168735998	0.47149494935788083	0.42857142857142855	0.3821062743663788	9.047757148742676	0.044396244607854955
cov10_n5_g0_s42_hotspots_p80_chr1	5	10	4073	619	1308	0	0.5774272702846854	0.5469471593486467	0.42857142857142855	0.5343356132507324	5.838972091674805	0.04437465329756504
cov10_n5_g0_s42_hotspots_p80_chr1	5	10	4074	927	1893	0	0.6526685622694272	0.6239885948458894	0.25	0.5004994869232178	8.502528190612793	0.03830996623272082
cov10_n5_g0_s42_hotspots_p80_chr1	5	10	4075	1013	2024	0	0.45606058158204904	0.40603689288069095	0.25	0.32320237159729004	9.955565452575684	0.046255456350290214
cov10_n5_g0_s42_hotspots_p80_chr1	5	10	4076	926	2029	0	0.4645564347008353	0.4172644202495518	0.25	0.34535592794418335	9.047178268432617	0.046420542232222806
cov10_n5_g0_s42_hotspots_p80_chr1	5	10	4077	1068	2295	0	0.5397449659017146	0.5104341810849939	0.25	0.5628944039344788	4.5971999168396	0.049036460373264784
cov10_n5_g0_s42_hotspots_p80_chr1	5	10	4078	978	1960	0	0.3906026294899193	0.33189385318694975	0.1111111111111111	0.2665395140647888	10.737846374511719	0.04828466889051708
cov10_n5_g0_s42_hotspots_p80_chr1	5	10	4079	480	1313	0	0.26323198531883574	0.18176429688747436	0.1111111111111111	0.1600232720375061	13.5294771194458	0.05122296602640259
cov10_n5_g0_s42_hotspots_p80_chr1	5	10	4080	905	2047	0	0.6310473342568836	0.6010804226805391	0.42857142857142855	0.5027266144752502	7.878256320953369	0.03966122151671912
cov10_n5_g0_s42_hotspots_p80_chr1	5	10	4081	810	2294	0	0.5449662249218447	0.504033456495694	0.25	0.3841964900493622	10.060102462768555	0.0426796168157515
cov10_n5_g0_s42_hotspots_p80_chr1	5	10	4082	431	1144	0	0.38285603568318477	0.3360347829639001	0.1111111111111111	0.3378811776638031	6.419675827026367	0.05251412369394755
cov10_n5_g0_s42_hotspots_p80_chr1	5	10	4083	825	1278	0	0.3898118385365056	0.32078022946504986	0.25	0.21685856580734253	16.15574073791504	0.04679130218959201
cov10_n5_g0_s42_hotspots_p80_chr1	5	10	4084	688	1577	0	0.34362075050668156	0.30464309623224545	0.25	0.3821302354335785	4.043020248413086	0.06067204250769115
cov10_n5_g0_s42_hotspots_p80_chr1	5	10	4085	282	1044	0	0.358244886572417	0.3088112639937876	0.1111111111111111	0.31159526109695435	6.60919189453125	0.05322902495840196
cov10_n5_g0_s42_hotspots_p80_chr1	5	10	4086	132	953	1	0.3713147708403024	0.3113740419455467	0.25	0.2576318383216858	10.386168479919434	0.04914635787231429
cov10_n5_g0_s42_hotspots_p80_chr1	5	10	4087	302	889	0	0.490326642191732	0.4466466522595339	0.25	0.37614938616752625	8.496112823486328	0.045722142158384715
cov10_n5_g0_s42_hotspots_p80_chr1	5	10	4088	292	1423	0	0.43507067838470714	0.3876341544641038	0.25	0.34439772367477417	7.979379653930664	0.04842054578925259
cov10_n5_g0_s42_hotspots_p80_chr1	5	10	4089	492	1371	0	0.06815655232372345	0.019358447650746173	0.1111111111111111	0.0855579748749733	3.172957181930542	0.07753549398843057
cov10_n5_g0_s42_hotspots_p80_chr1	5	10	4090	1105	1805	0	0.30248460976919417	0.247019830654353	0.1111111111111111	0.2553461194038391	7.016458034515381	0.05481600938493208
cov10_n5_g0_s42_hotspots_p80_chr1	5	10	4091	724	1598	0	0.39324966518310317	0.3331411012138178	0.42857142857142855	0.25939130783081055	11.492009162902832	0.047861841812855944
cov10_n5_g0_s42_hotspots_p80_chr1	5	10	4092	385	1271	0	0.4760260124571295	0.4281900355347925	0.25	0.3384260833263397	9.892448425292969	0.04551329300497928
cov10_n5_g0_s42_hotspots_p80_chr1	5	10	4093	4	30	1	0.4472135954979579	0.414644214431364	0.25	0.5	4.0	0.05590169943749474
cov10_n5_g0_s42_hotspots_p80_chr1	5	10	4094	916	2663	0	0.5436829734639382	0.4991700505193036	0.25	0.3218511641025543	14.267614364624023	0.042033965559100155
cov10_n5_g0_s42_hotspots_p80_chr1	5	10	4095	282	865	0	0.4558514765956514	0.4105446923189183	0.25	0.3634456992149353	7.865705490112305	0.047664962883646494
cov10_n5_g0_s42_hotspots_p80_chr1	5	10	4096	661	1577	0	0.5134076807682189	0.4658077681617764	0.25	0.3202095627784729	12.85364055633545	0.04326013540587863
cov10_n5_g0_s42_hotspots_p80_chr1	5	10	4097	426	1521	0	0.5148722487793268	0.47028255728703816	0.25	0.356838196516037	10.409412384033203	0.043779506075218654
cov10_n5_g0_s42_hotspots_p80_chr1	5	10	4098	182	1024	1	0.44085629288399175	0.3876708003698286	0.25	0.30080896615982056	10.739462852478027	0.04647458122476979
cov10_n5_g0_s42_hotspots_p80_chr1	5	10	4099	116	185	1	0.4603680088412506	0.420273171516137	0.25	0.4142153561115265	6.176292896270752	0.04952566057863871
cov10_n5_g0_s42_hotspots_p80_chr1	5	10	4100	508	1966	0	0.46205388330987457	0.41139451712546893	0.25	0.31689369678497314	10.62987232208252	0.0457325135734496
cov10_n5_g0_s42_hotspots_p80_chr1	5	10	4101	862	1334	0	0.4460805660095963	0.3907471258642368	0.25	0.2843138575553894	12.308369636535645	0.04576024318692846
cov10_n5_g0_s42_hotspots_p80_chr1	5	10	4102	495	1139	0	0.503601272917064	0.4528972928822651	0.25	0.2894582152366638	15.134628295898438	0.04334315793949393
cov10_n5_g0_s42_hotspots_p80_chr1	5	10	4103	349	1425	0	0.36851304428970705	0.31941829806904704	0.25	0.3174859583377838	6.736382484436035	0.05261336036767705
cov10_n5_g0_s42_hotspots_p80_chr1	5	10	4104	245	1261	0	0.1653461091264765	0.10837441285244755	0.25	0.1617273986339569	5.226257801055908	0.06389938938618903
cov10_n5_g0_s42_hotspots_p80_chr1	5	10	4105	572	1562	0	0.18873583905996885	0.14071488843328103	0.1111111111111111	0.21085196733474731	4.006115436553955	0.067571960365865
cov10_n5_g0_s42_hotspots_p80_chr1	5	10	4106	612	1486	0	0.5425168811565867	0.5133106831928064	0.25	0.5645269155502319	4.617715835571289	0.04882961774293709
cov10_n5_g0_s42_hotspots_p80_chr1	5	10	4107	917	2101	0	0.49771476119532165	0.4465105735933426	0.25	0.2909869849681854	14.62796401977539	0.043584317969493226
cov10_n5_g0_s42_hotspots_p80_chr1	5	10	4108	873	2447	0	0.4981958911037322	0.4540101097669925	0.25	0.36879241466522217	9.124442100524902	0.04501093932247462
cov10_n5_g0_s42_hotspots_p80_chr1	5	10	4109	312	993	0	0.535179448435187	0.5170038599784522	0.25	0.8048849701881409	2.210554361343384	0.06426713885696755
cov10_n5_g0_s42_hotspots_p80_chr1	5	10	4110	766	1954	0	0.46467430093157236	0.4234459478301952	0.25	0.40285465121269226	6.652280330657959	0.04862902229893336
cov10_n5_g0_s42_hotspots_p80_chr1	5	10	4111	1026	1365	0	0.26596198767175855	0.2074561655136686	0.1111111111111111	0.22424760460853577	7.03320837020874	0.05617868586150243
cov10_n5_g0_s42_hotspots_p80_chr1	5	10	4112	566	1765	0	0.5311267329675764	0.4925751208902627	0.25	0.42557522654533386	7.78778076171875	0.04446574465392856
cov10_n5_g0_s42_hotspots_p80_chr1	5	10	4113	895	1423	0	0.4229351597432681	0.36755581232403756	0.25	0.2871434986591339	10.847249984741211	0.047081295230191264
cov10_n5_g0_s42_hotspots_p80_chr1	5	10	4114	899	1478	0	0.5732588415192267	0.5368698653568909	0.25	0.43319132924079895	8.756125450134277	0.041971601019111696
cov10_n5_g0_s42_hotspots_p80_chr1	5	10	4115	541	1221	0	0.4091053984228965	0.35873186313967	0.25	0.3193967342376709	8.203128814697266	0.04926281709760266
cov10_n5_g0_s42_hotspots_p80_chr1	5	10	4116	1043	1733	0	0.39403319489276434	0.32723267588218935	0.25	0.22651326656341553	15.130329132080078	0.04683576469249441
cov10_n5_g0_s42_hotspots_p80_chr1	5	10	4117	866	1670	0	0.46940874947942435	0.4244378080003757	0.25	0.3661293387413025	8.218700408935547	0.04680037099122195
cov10_n5_g0_s42_hotspots_p80_chr1	5	10	4118	803	2135	0	0.5417982552094902	0.5014864998427733	0.42857142857142855	0.3958066999912262	9.368691444396973	0.04307200524648801
cov10_n5_g0_s42_hotspots_p80_chr1	5	10	4119	430	1154	0	0.45840872056003096	0.40804650790671226	0.25	0.32006973028182983	10.256203651428223	0.046026361871256846
cov10_n5_g0_s42_hotspots_p80_chr1	5	10	4120	735	1848	0	0.4679192542884449	0.4193653540872963	0.25	0.3337113857269287	9.830365180969238	0.045858620746350214
cov10_n5_g0_s42_hotspots_p80_chr1	5	10	4121	733	1617	0	0.11058296619831856	-0.0472522097490275	0.0	0.04685072600841522	27.855684280395508	0.05210074633185932
cov10_n5_g0_s42_hotspots_p80_chr1	5	10	4122	852	2031	0	0.4889525985439508	0.43854050352598895	0.1111111111111111	0.30810287594795227	12.592503547668457	0.044183026199554075
cov10_n5_g0_s42_hotspots_p80_chr1	5	10	4123	563	1623	0	0.6735271328695356	0.6465158369050432	0.42857142857142855	0.5047085285186768	8.904279708862305	0.03715207289696885
cov10_n5_g0_s42_hotspots_p80_chr1	5	10	4124	680	1610	0	0.4890015209450521	0.4637881116484719	0.1111111111111111	0.6307194828987122	3.0055091381073	0.05920669150618444
cov10_n5_g0_s42_hotspots_p80_chr1	5	10	4125	567	1257	0	0.4211707798143448	0.36005281368806286	0.25	0.25210973620414734	13.954273223876953	0.046208595947752604
cov10_n5_g0_s42_hotspots_p80_chr1	5	10	4126	1325	2296	0	0.3673207460660251	0.30789282184318223	0.25	0.2593582272529602	10.029072761535645	0.04949328340497038
cov10_n5_g0_s42_hotspots_p80_chr1	5	10	4127	1125	1673	0	0.3841433285932295	0.33452417424275666	0.25	0.3189634680747986	7.25228214263916	0.0512716112489965
cov10_n5_g0_s42_hotspots_p80_chr1	5	10	4128	788	1209	0	0.1983296683274381	0.06047298358709587	0.1111111111111111	0.08165311068296432	29.498493194580078	0.050154609999105614
cov10_n5_g0_s42_hotspots_p80_chr1	5	10	4129	756	1326	0	0.4126599362596955	0.34009192095639373	0.25	0.18601740896701813	24.606365203857422	0.045584115746058376
cov10_n5_g0_s42_hotspots_p80_chr1	5	10	4130	640	1459	0	0.3658023693283287	0.29929625761543627	0.25	0.2276872992515564	12.905817985534668	0.048271306843899825
cov10_n5_g0_s42_hotspots_p80_chr1	5	10	4131	886	1324	0	0.36339641651415416	0.29577508994913243	0.1111111111111111	0.2229650616645813	13.281822204589844	0.04823184220384703
cov10_n5_g0_s42_hotspots_p80_chr1	5	10	4132	781	1315	0	0.10598918362428461	0.03918300473275673	0.1111111111111111	0.09524819999933243	6.1912665367126465	0.06358248151055013
cov10_n5_g0_s42_hotspots_p80_chr1	5	10	4133	509	1477	0	0.4082517276192309	0.3522713076788022	0.25	0.28327232599258423	10.385271072387695	0.047825372304385355
cov10_n5_g0_s42_hotspots_p80_chr1	5	10	4134	269	954	0	0.25420229186458004	0.20364584804033237	0.25	0.25025027990341187	5.1591691970825195	0.060593887899375636
cov10_n5_g0_s42_hotspots_p80_chr1	5	10	4135	203	377	0	0.24908904024709072	0.07619976949508728	0.0	0.07474465668201447	55.52888870239258	0.04849107930157961
cov10_n5_g0_s42_hotspots_p80_chr1	5	10	4138	164	481	1	0.3651484963785391	0.3185930171741565	0.25	0.33333271741867065	6.000025749206543	0.05400611882283672
cov10_n5_g0_s42_hotspots_p80_chr1	5	10	4139	31	203	1	0.31622778577177224	0.2894143842543407	0.1111111111111111	0.49999961256980896	2.0000035762786865	0.07905688343261535
cov10_n5_g0_s42_hotspots_p80_chr1	5	10	4141	532	1765	0	0.5467891837799501	0.5063932208886596	0.25	0.3907559812068939	9.790359497070312	0.04269644647076479
cov10_n5_g0_s42_hotspots_p80_chr1	5	10	4142	494	1121	0	0.3756001997024583	0.32146455300401594	0.25	0.28898316621780396	8.446495056152344	0.05034866375968985
cov10_n5_g0_s42_hotspots_p80_chr1	5	10	4143	763	1663	0	0.3900043663589961	0.3332463498981579	0.25	0.2770499587059021	9.908151626586914	0.04874769267339643
cov10_n5_g0_s42_hotspots_p80_chr1	5	10	4144	741	2155	0	0.3768384236770533	0.3227170082720953	0.25	0.2893650531768799	8.479853630065918	0.05027183218481922
cov10_n5_g0_s42_hotspots_p80_chr1	5	10	4145	1027	2421	0	0.20610684788650319	0.1280538755119492	0.1111111111111111	0.1422838717699051	10.491643905639648	0.05458942256695879
cov10_n5_g0_s42_hotspots_p80_chr1	5	10	4146	622	1663	0	0.3800418308496383	0.2980070688311471	0.25	0.13124409317970276	41.92502212524414	0.04628099865331544
cov10_n5_g0_s42_hotspots_p80_chr1	5	10	4147	831	1472	0	0.18217682121234938	0.09681493814670862	0.1111111111111111	0.11915886402130127	11.687013626098633	0.05453227414904644
cov10_n5_g0_s42_hotspots_p80_chr1	5	10	4148	486	1176	0	0.3651486347678485	0.3185930233111344	0.25	0.33333176374435425	6.000065326690674	0.05400603605315557
cov10_n5_g0_s42_hotspots_p80_chr1	5	10	4149	663	1375	0	0.4502234379686705	0.40264005854552176	0.25	0.34373795986175537	8.577704429626465	0.04731359581273986
cov10_n5_g0_s42_hotspots_p80_chr1	5	10	4150	989	1546	0	0.6173033868970742	0.5860823558197936	0.25	0.49066275358200073	7.914093017578125	0.04032551229758152
cov10_n5_g0_s42_hotspots_p80_chr1	5	10	4151	851	1994	0	0.6164781834410527	0.5820668642702164	0.25	0.3930909037590027	12.297574996948242	0.039382814290226525
cov10_n5_g0_s42_hotspots_p80_chr1	5	10	4152	869	1934	0	0.7930663228040905	0.7773149958345305	0.6666666666666666	0.6268972754478455	8.001957893371582	0.030457040827908066
cov10_n5_g0_s42_hotspots_p80_chr1	5	10	4153	790	2096	0	0.5651210254542507	0.5310900459810102	0.25	0.47838741540908813	6.977395057678223	0.043583969220950966
cov10_n5_g0_s42_hotspots_p80_chr1	5	10	4154	692	1831	0	0.5971559152584247	0.5689208688597936	0.42857142857142855	0.5688703060150146	5.509585857391357	0.04386822958579606
cov10_n5_g0_s42_hotspots_p80_chr1	5	10	4155	366	915	0	0.4772116626445658	0.4282199049277389	0.25	0.3274170756340027	10.621587753295898	0.04516373721638548
cov10_n5_g0_s42_hotspots_p80_chr1	5	10	4156	713	1974	0	0.4145835315108526	0.35220606830800805	0.25	0.2461523562669754	14.183588981628418	0.046373897881693125
cov10_n5_g0_s42_hotspots_p80_chr1	5	10	4157	585	1218	0	0.22321896182891374	0.1082610835996154	0.0	0.10334963351488113	23.324604034423828	0.05019129975801256
cov10_n5_g0_s42_hotspots_p80_chr1	5	10	4158	605	1124	0	0.15067398061142687	0.055262104258663895	0.1111111111111111	0.09250243753194809	13.266006469726562	0.05458704770377928
cov10_n5_g0_s42_hotspots_p80_chr1	5	10	4159	373	1111	0	0.4318359136295625	0.37828494206880575	0.25	0.29896026849746704	10.43231201171875	0.046940376433738516
cov10_n5_g0_s42_hotspots_p80_chr1	5	10	4160	743	1747	0	0.4343602703935277	0.3845261189640655	0.42857142857142855	0.32573556900024414	8.890777587890625	0.0477207850895673
cov10_n5_g0_s42_hotspots_p80_chr1	5	10	4161	760	1449	0	0.3974617859606599	0.32909005044773904	0.1111111111111111	0.21857532858848572	16.533260345458984	0.04650994637268388
cov10_n5_g0_s42_hotspots_p80_chr1	5	10	4162	587	1747	0	0.5673244772875872	0.5265675696104418	0.42857142857142855	0.2966156601905823	18.29131317138672	0.04123476928722864
cov10_n5_g0_s42_hotspots_p80_chr1	5	10	4163	146	473	1	0.5075197272903121	0.48495052695272084	0.25	0.689902126789093	2.7058322429656982	0.06058167979614612
cov10_n5_g0_s42_hotspots_p80_chr1	5	10	4165	166	606	1	0.27530096122409053	0.1366351099465462	0.1111111111111111	0.09140478819608688	45.35733413696289	0.04815148409510818
cov10_n5_g0_s42_hotspots_p80_chr1	5	10	4166	577	2221	0	0.42135161304096674	0.3664288588969895	0.25	0.29012152552604675	10.546283721923828	0.0472720204346424
cov10_n5_g0_s42_hotspots_p80_chr1	5	10	4167	804	2047	0	0.16963463510199323	0.09612214882472364	0.1111111111111111	0.1298152208328247	8.537837028503418	0.05757599320231212
cov10_n5_g0_s42_hotspots_p80_chr1	5	10	4168	1020	2190	0	0.3809755268151678	0.3024930210692671	0.0	0.1791592687368393	22.609220504760742	0.04644432582683504
cov10_n5_g0_s42_hotspots_p80_chr1	5	10	4169	755	1573	0	0.33653636309729895	0.28061912364168357	0.25	0.2675689160823822	7.909749984741211	0.05236872803635751
cov10_n5_g0_s42_hotspots_p80_chr1	5	10	4170	707	1884	0	0.4400834760558914	0.3949681370604817	0.25	0.36418113112449646	7.301383018493652	0.0488988597410871
cov10_n5_g0_s42_hotspots_p80_chr1	5	10	4171	326	694	0	0.4317830369531069	0.3670104493003409	0.1111111111111111	0.2245481312274933	18.487672805786133	0.045314297130682135
cov10_n5_g0_s42_hotspots_p80_chr1	5	10	4172	1010	2235	0	0.4816439927324988	0.4312442892636156	0.25	0.3124373257160187	11.882190704345703	0.04460726496577884
cov10_n5_g0_s42_hotspots_p80_chr1	5	10	4173	1111	1755	0	0.4402858478707114	0.3789950086750797	0.1111111111111111	0.24393552541732788	16.2888126373291	0.04525174427862022
cov10_n5_g0_s42_hotspots_p80_chr1	5	10	4174	608	1360	0	0.4827294551431629	0.42652376217136123	0.25	0.22915978729724884	22.187110900878906	0.04379030939766009
cov10_n5_g0_s42_hotspots_p80_chr1	5	10	4175	968	1468	0	0.30298514941731	0.2296115278048194	0.25	0.1917829066514969	12.479374885559082	0.05042557036894219
cov10_n5_g0_s42_hotspots_p80_chr1	5	10	4176	844	1285	0	0.41848473387859103	0.3536574392731111	0.1111111111111111	0.23123908042907715	16.375959396362305	0.0459033617483059
cov10_n5_g0_s42_hotspots_p80_chr1	5	10	4177	654	1180	0	0.2770443488841222	0.15205140118248653	0.0	0.10304325819015503	36.14344024658203	0.04827657782839496
cov10_n5_g0_s42_hotspots_p80_chr1	5	10	4178	781	1420	0	0.45692137696143986	0.3950104858743428	0.25	0.2073848396539688	24.27162742614746	0.044475614815259065
cov10_n5_g0_s42_hotspots_p80_chr1	5	10	4179	960	2402	0	0.35033839907373615	0.30255228355922553	0.25	0.31892094016075134	6.033640384674072	0.054562926202014944
cov10_n5_g0_s42_hotspots_p80_chr1	5	10	4180	935	2244	0	0.19865360772898122	0.06193195625257695	0.0	0.08231601119041443	29.12019157409668	0.05017644224325926
cov10_n5_g0_s42_hotspots_p80_chr1	5	10	4181	502	1777	0	0.42699548057535486	0.38932998362698334	0.25	0.4326540231704712	4.870068550109863	0.0538834752219935
cov10_n5_g0_s42_hotspots_p80_chr1	5	10	4182	844	1986	0	0.4719853080205948	0.4190204555074815	0.25	0.29355624318122864	12.925410270690918	0.04471360027548159
cov10_n5_g0_s42_hotspots_p80_chr1	5	10	4183	863	1795	0	0.48945946517204153	0.44525027727991384	0.25	0.37082281708717346	8.711050033569336	0.045616278923251916
cov10_n5_g0_s42_hotspots_p80_chr1	5	10	4184	1156	2429	0	0.41095187065061667	0.35497955198965503	0.1111111111111111	0.28343465924263	10.511048316955566	0.04766604206132179
cov10_n5_g0_s42_hotspots_p80_chr1	5	10	4185	488	921	0	0.6355628439358214	0.6046609383939943	0.25	0.4680057168006897	9.22114086151123	0.038930089874744264
cov10_n5_g0_s42_hotspots_p80_chr1	5	10	4186	1035	2094	0	0.5192624730294486	0.471963621272452	0.25	0.3173048794269562	13.390299797058105	0.04297658794177994
cov10_n5_g0_s42_hotspots_p80_chr1	5	10	4188	31	56	1	0.0	-0.050964719143762646	0.0	0.0	2.999999761581421	0.08164965961361602
cov10_n5_g0_s42_hotspots_p80_chr1	5	10	4189	717	2006	0	0.5404382567114003	0.4952247028598598	0.25	0.3130890727043152	14.897944450378418	0.042114090057017994
cov10_n5_g0_s42_hotspots_p80_chr1	5	10	4190	891	1611	0	0.5068209206501559	0.46836255747433697	0.42857142857142855	0.43266192078590393	6.860910415649414	0.04646080319803097
cov10_n5_g0_s42_hotspots_p80_chr1	5	10	4191	895	1762	0	0.7645465752408875	0.7462331899771013	0.25	0.5965965986251831	8.211383819580078	0.03223808081762252
cov10_n5_g0_s42_hotspots_p80_chr1	5	10	4192	918	2017	0	0.4627831157141621	0.4146644513483933	0.25	0.33832693099975586	9.35517406463623	0.04630900795734482
cov10_n5_g0_s42_hotspots_p80_chr1	5	10	4193	1352	2393	0	0.5629286377945661	0.5219561048675708	0.25	0.35914409160614014	12.28398323059082	0.04149535756525352
cov10_n5_g0_s42_hotspots_p80_chr1	5	10	4194	628	1343	0	0.397347661480053	0.3402457983942795	0.1111111111111111	0.2759709060192108	10.365368843078613	0.04822949619230884
cov10_n5_g0_s42_hotspots_p80_chr1	5	10	4195	1231	2002	0	0.5459296118266507	0.502887986514493	0.42857142857142855	0.34856733679771423	12.265069007873535	0.04214638597586835
cov10_n5_g0_s42_hotspots_p80_chr1	5	10	4196	467	1829	0	0.5741648680991881	0.5377000400710615	0.25	0.43100011348724365	8.873366355895996	0.04187731366822364
cov10_n5_g0_s42_hotspots_p80_chr1	5	10	4197	467	889	0	0.45484027816055284	0.3929984723601054	0.0	0.22246311604976654	20.901229858398438	0.04456159149104438
cov10_n5_g0_s42_hotspots_p80_chr1	5	10	4198	463	1036	0	0.5039901447750529	0.4575927800074388	0.25	0.3421427309513092	10.849242210388184	0.04406177904072998
cov10_n5_g0_s42_hotspots_p80_chr1	5	10	4199	1013	2199	0	0.45839625366163694	0.401872465038894	0.25	0.270348459482193	14.374881744384766	0.04492026363621951
cov10_n5_g0_s42_hotspots_p80_chr1	5	10	4200	846	1326	0	0.49554866306450135	0.4501049534713328	0.25	0.3562634289264679	9.673868179321289	0.0448422092109599
cov10_n5_g0_s42_hotspots_p80_chr1	5	10	4201	905	1474	0	0.49727486358234413	0.4522552786281036	0.25	0.36015546321868896	9.531976699829102	0.044839693694874304
cov10_n5_g0_s42_hotspots_p80_chr1	5	10	4202	765	1438	0	0.4293505941472813	0.37140199281842484	0.1111111111111111	0.27004531025886536	12.639239311218262	0.046246698235955834
cov10_n5_g0_s42_hotspots_p80_chr1	5	10	4203	542	1004	0	0.5219104158935375	0.4799394429748386	0.25	0.38519808650016785	9.178964614868164	0.04399794271257809
cov10_n5_g0_s42_hotspots_p80_chr1	5	10	4204	553	1723	0	0.4659720989557389	0.41510485994801266	0.25	0.3141615092754364	10.999776840209961	0.045448643589806687
cov10_n5_g0_s42_hotspots_p80_chr1	5	10	4205	844	1541	0	0.4328314797734375	0.3780614158839792	0.25	0.2905336916446686	11.097232818603516	0.04662336942813937
cov10_n5_g0_s42_hotspots_p80_chr1	5	10	4206	554	1449	0	0.5679172042229879	0.5268242704545678	0.42857142857142855	0.3384268283843994	14.080257415771484	0.04117807540785836
cov10_n5_g0_s42_hotspots_p80_chr1	5	10	4207	444	1273	0	0.5257628398897488	0.4833766279723361	0.25	0.3778497576713562	9.680803298950195	0.0436115373008806
cov10_n5_g0_s42_hotspots_p80_chr1	5	10	4208	95	748	1	0.37189231959655683	0.33713410983665676	0.25	0.4399009943008423	3.5735061168670654	0.06163164772193163
cov10_n5_g0_s42_hotspots_p80_chr1	5	10	4209	553	1791	0	0.4428246735121582	0.4102739057796413	0.25	0.4987993538379669	3.9407765865325928	0.05637345801797823
cov10_n5_g0_s42_hotspots_p80_chr1	5	10	4210	82	329	1	0.36514899601612005	0.3185930965237067	0.25	0.3333297371864319	6.000150680541992	0.054005854136864394
cov10_n5_g0_s42_hotspots_p80_chr1	5	10	4213	180	790	1	0.2711044857079638	0.2100944713219651	0.1111111111111111	0.21785646677017212	7.7428789138793945	0.055000947063215636
cov10_n5_g0_s42_hotspots_p80_chr1	5	10	4214	381	968	0	0.4428504891853921	0.3814807511742143	0.1111111111111111	0.2417241632938385	16.78201675415039	0.04512454099916279
cov10_n5_g0_s42_hotspots_p80_chr1	5	10	4215	552	1823	0	0.4684595013031396	0.4486435630511367	0.25	0.7407488226890564	1.9997336864471436	0.07104286167898334
cov10_n5_g0_s42_hotspots_p80_chr1	5	10	4216	559	1160	0	0.5440764541741638	0.5005344812428563	0.25	0.3423079252243042	12.63153076171875	0.04216690102399166
cov10_n5_g0_s42_hotspots_p80_chr1	5	10	4217	390	1565	0	0.5206204071219934	0.4722248326998814	0.25	0.29504430294036865	15.568182945251465	0.04275158656325559
cov10_n5_g0_s42_hotspots_p80_chr1	5	10	4218	776	1906	0	0.5324812074472508	0.4869139967532748	0.25	0.325175940990448	13.407313346862793	0.04250232096961394
cov10_n5_g0_s42_hotspots_p80_chr1	5	10	4219	608	1632	0	0.37130063955763914	0.2966185366177014	0.1111111111111111	0.1962052583694458	17.906064987182617	0.047085679876334156
cov10_n5_g0_s42_hotspots_p80_chr1	5	10	4220	101	788	1	0.3347715980756974	0.25965122244668726	0.0	0.19361256062984467	14.948587417602539	0.04866350378436148
cov10_n5_g0_s42_hotspots_p80_chr1	5	10	4222	303	838	0	0.4356858716463937	0.38446980716609386	0.25	0.31546854972839355	9.536849021911621	0.047258469235841045
cov10_n5_g0_s42_hotspots_p80_chr1	5	10	4223	248	987	0	0.48012191717880504	0.44284860611652976	0.25	0.4476058781147003	5.752829074859619	0.04934384048599954
cov10_n5_g0_s42_hotspots_p80_chr1	5	10	4224	306	1231	0	0.4070113247851155	0.3538733454528143	0.25	0.3007604777812958	9.156750679016113	0.04859331813602832
cov10_n5_g0_s42_hotspots_p80_chr1	5	10	4225	192	312	1	0.3583456640646908	0.28764218500786193	0.25	0.21082593500614166	14.445286750793457	0.04807498775208136
cov10_n5_g0_s42_hotspots_p80_chr1	5	10	4226	267	1068	0	0.5339497634206815	0.49895303312271755	0.42857142857142855	0.4741707444190979	6.340176105499268	0.04583339934771199
cov10_n5_g0_s42_hotspots_p80_chr1	5	10	4227	744	2236	0	0.5675386941672882	0.5306647645683675	0.25	0.42980313301086426	8.718099594116211	0.042246693503364095
cov10_n5_g0_s42_hotspots_p80_chr1	5	10	4228	776	1911	0	0.22418206041861363	0.12912369955800101	0.1111111111111111	0.12449748069047928	16.212522506713867	0.051463788680747156
cov10_n5_g0_s42_hotspots_p80_chr1	5	10	4229	543	1588	0	0.4484046665095037	0.3912322106360702	0.25	0.2700716257095337	13.783268928527832	0.045349073226658744
cov10_n5_g0_s42_hotspots_p80_chr1	5	10	4230	261	754	0	0.5364506512087438	0.4902210029316748	0.1111111111111111	0.2921285033226013	16.860939025878906	0.04219853194859623
cov10_n5_g0_s42_hotspots_p80_chr1	5	10	4231	436	1390	0	0.484687472639543	0.44165961812143345	0.25	0.38385266065597534	7.971949100494385	0.046354445197408126
cov10_n5_g0_s42_hotspots_p80_chr1	5	10	4232	532	2060	0	0.414339087885913	0.3536297696478113	0.25	0.25559431314468384	13.139517784118652	0.046619277609716146
cov10_n5_g0_s42_hotspots_p80_chr1	5	10	4233	195	842	1	0.25396311392739795	0.1653151497686405	0.1111111111111111	0.1438690721988678	15.580322265625	0.050822718696887655
cov10_n5_g0_s42_hotspots_p80_chr1	5	10	4237	483	1844	0	0.5288105194939037	0.4883541264891863	0.42857142857142855	0.40130025148391724	8.682229995727539	0.043968408818862645
cov10_n5_g0_s42_hotspots_p80_chr1	5	10	4238	531	2082	0	0.5569656058565129	0.5337330371103637	0.25	0.6814212203025818	3.340376853942871	0.05324459564886987
cov10_n5_g0_s42_hotspots_p80_chr1	5	10	4239	632	1978	0	0.5348658292810539	0.4884873923200485	0.25	0.275330126285553	18.8691463470459	0.042258803253239496
cov10_n5_g0_s42_hotspots_p80_chr1	5	10	4240	830	2431	0	0.4372741364230679	0.38328283222711984	0.25	0.29546108841896057	10.951584815979004	0.046519693565433146
cov10_n5_g0_s42_hotspots_p80_chr1	5	10	4241	317	917	0	0.4074834890750653	0.34660624534378226	0.1111111111111111	0.25528645515441895	12.738975524902344	0.04695538655285113
cov10_n5_g0_s42_hotspots_p80_chr1	5	10	4242	525	1227	0	0.3863825744497335	0.3136573565681483	0.1111111111111111	0.2014489471912384	18.393953323364258	0.04660822269695563
cov10_n5_g0_s42_hotspots_p80_chr1	5	10	4244	404	931	0	0.3506309135431374	0.2690497883962937	0.25	0.17522457242012024	20.020753860473633	0.04741549617150976
cov10_n5_g0_s42_hotspots_p80_chr1	5	10	4245	404	1456	0	0.6656958398867368	0.6417157123005435	0.42857142857142855	0.6183857917785645	5.794321537017822	0.039564572574854684
cov10_n5_g0_s42_hotspots_p80_chr1	5	10	4246	373	1111	0	0.496260309870094	0.4546924336258775	0.42857142857142855	0.39785248041152954	7.779378414154053	0.04601684182989289
cov10_n5_g0_s42_hotspots_p80_chr1	5	10	4247	417	1291	0	0.5072281774849876	0.4638642313634704	0.1111111111111111	0.3748321533203125	9.155943870544434	0.04462143693247198
cov10_n5_g0_s42_hotspots_p80_chr1	5	10	4248	321	1293	0	0.37013757179396184	0.32088708047524683	0.1111111111111111	0.3170335590839386	6.815313816070557	0.0524303069648012
cov10_n5_g0_s42_hotspots_p80_chr1	5	10	4250	379	1182	0	0.6461149444859478	0.6171241437124116	0.25	0.5045626759529114	8.198970794677734	0.038752653924887796
cov10_n5_g0_s42_hotspots_p80_chr1	5	10	4251	1139	2277	0	0.5881710099264839	0.556853880785897	0.42857142857142855	0.5137123465538025	6.554464340209961	0.04287814423541121
cov10_n5_g0_s42_hotspots_p80_chr1	5	10	4252	231	1178	0	0.3588954300188783	0.3245113611877494	0.25	0.4363846778869629	3.381948232650757	0.06335748843702063
cov10_n5_g0_s42_hotspots_p80_chr1	5	10	4253	490	1475	0	0.5769558141051727	0.5400525639315439	0.42857142857142855	0.420025110244751	9.434188842773438	0.041531223675601206
cov10_n5_g0_s42_hotspots_p80_chr1	5	10	4261	158	346	1	0.5284547172849365	0.49958937961845384	0.25	0.5707799792289734	4.285959243774414	0.05062212765064277
cov10_n5_g0_s42_hotspots_p80_chr1	5	10	4262	497	1329	0	0.3515528826763989	0.2986257542848216	0.25	0.28853827714920044	7.422402381896973	0.05235837677263446
cov10_n5_g0_s42_hotspots_p80_chr1	5	10	4263	394	1141	0	0.4919013733424527	0.4460095297238576	0.25	0.35284194350242615	9.717747688293457	0.04496772663125368
cov10_n5_g0_s42_hotspots_p80_chr1	5	10	4265	399	1271	0	0.5126194968866851	0.4675288272775951	0.25	0.3521905243396759	10.592658996582031	0.04380764859006104
cov10_n5_g0_s42_hotspots_p80_chr1	5	10	4266	620	2621	0	0.5372086964107012	0.49166350580414325	0.25	0.2672822177410126	20.198352813720703	0.0422190870941356
cov10_n5_g0_s42_hotspots_p80_chr1	5	10	4267	426	1144	0	0.3994913538870746	0.35902958124754364	0.25	0.3955191969871521	5.100933074951172	0.054524637082283854
cov10_n5_g0_s42_hotspots_p80_chr1	5	10	4268	44	423	1	0.2773270073716759	0.12398610946901391	0.0	0.07674939185380936	65.28366088867188	0.04803878794661975
cov10_n5_g0_s42_hotspots_p80_chr1	5	10	4271	123	503	1	0.44688936871586	0.3932513391408227	0.25	0.2965879440307617	11.351757049560547	0.046024031421040286
cov10_n5_g0_s42_hotspots_p80_chr1	5	10	4272	437	1440	0	0.5310195447695064	0.4945826857159329	0.25	0.45445680618286133	6.826622009277344	0.045373811495309106
cov10_n5_g0_s42_hotspots_p80_chr1	5	10	4273	163	528	1	0.3865358893946898	0.3439029509496528	0.25	0.37162429094314575	5.409305095672607	0.05433885699496797
cov10_n5_g0_s42_hotspots_p80_chr1	5	10	4274	597	1491	0	0.38075261125849863	0.3497768335442205	0.25	0.49042776226997375	3.013739585876465	0.06477292829169398
cov10_n5_g0_s42_hotspots_p80_chr1	5	10	4275	771	1552	0	0.6966456540263403	0.6722857729382476	0.42857142857142855	0.5478163957595825	8.085813522338867	0.03615017673476378
cov10_n5_g0_s42_hotspots_p80_chr1	5	10	4276	1253	2166	0	0.6029356715835208	0.5685373828292851	0.42857142857142855	0.43691182136535645	9.521916389465332	0.040350984142815745
cov10_n5_g0_s42_hotspots_p80_chr1	5	10	4277	165	448	1	0.389561254823304	0.33925278854891155	0.25	0.31584683060646057	7.6062140464782715	0.05063752569872636
cov10_n5_g0_s42_hotspots_p80_chr1	5	10	4278	186	342	1	0.6579002208599265	0.6331804236641121	0.42857142857142855	0.6064107418060303	5.885132789611816	0.039899152640475374
cov10_n5_g0_s42_hotspots_p80_chr1	5	10	4279	778	2085	0	0.8182428913970013	0.8048506600557804	0.6666666666666666	0.6298893690109253	8.437348365783691	0.028845474444078745
cov10_n5_g0_s42_hotspots_p80_chr1	5	10	4280	66	341	1	0.4761681723212731	0.43483609839208415	0.25	0.4020884037017822	7.012093544006348	0.047667521424853435
cov10_n5_g0_s42_hotspots_p80_chr1	5	10	4281	157	844	1	0.43649560517439423	0.4063684622409425	0.25	0.5301885604858398	3.3889806270599365	0.059476735255454875
cov10_n5_g0_s42_hotspots_p80_chr1	5	10	4282	279	625	0	0.6297644440507251	0.6035316936502662	0.25	0.5931272506713867	5.636773109436035	0.04185623553986138
cov10_n5_g0_s42_hotspots_p80_chr1	5	10	4283	243	845	0	0.2721223893938027	0.17931257002387016	0.0	0.14208866655826569	18.339170455932617	0.0497107412230399
cov10_n5_g0_s42_hotspots_p80_chr1	5	10	4284	3	6	1	0.31622777142784575	0.28941438070815284	0.1111111111111111	0.5	2.0	0.07905694150420949
cov10_n5_g0_s42_hotspots_p80_chr1	5	10	4286	378	990	0	0.5027974924274243	0.46605452001035624	0.25	0.45447492599487305	6.119787216186523	0.047646406315236096
cov10_n5_g0_s42_hotspots_p80_chr1	5	10	4287	36	260	1	0.29277011373904327	0.19805349336891387	0.1111111111111111	0.14285703003406525	21.000049591064453	0.04879499561916374
cov10_n5_g0_s42_hotspots_p80_chr1	5	10	4289	179	695	1	0.455591270329554	0.40975107135374145	0.25	0.3586898148059845	8.066455841064453	0.04749924496886576
cov10_n5_g0_s42_hotspots_p80_chr1	5	10	4291	158	785	1	0.5367404500208125	0.5028870503817733	0.25	0.490423321723938	5.9890289306640625	0.04620641883838093
cov10_n5_g0_s42_hotspots_p80_chr1	5	10	4292	431	1380	0	0.595795498619742	0.5619569619801745	0.25	0.458959698677063	8.425882339477539	0.04109410979064529
cov10_n5_g0_s42_hotspots_p80_chr1	5	10	4293	597	1571	0	0.5087969639430434	0.4640791168362848	0.25	0.3586682379245758	10.061742782592773	0.044147348298562504
cov10_n5_g0_s42_hotspots_p80_chr1	5	10	4295	246	988	0	0.3614562845832023	0.31123258632961115	0.25	0.3078621029853821	6.892377853393555	0.05267150121046092
cov10_n5_g0_s42_hotspots_p80_chr1	5	10	4296	828	2444	0	0.6115903022553669	0.5835215487131531	0.42857142857142855	0.5644185543060303	5.870682716369629	0.0425103703059352
cov10_n5_g0_s42_hotspots_p80_chr1	5	10	4297	408	1587	0	0.5072626540299434	0.4596771850543742	0.1111111111111111	0.3261708915233612	12.093314170837402	0.04362080361243405
cov10_n5_g0_s42_hotspots_p80_chr1	5	10	4298	1324	2657	0	0.5703834889687356	0.5320159186757664	0.25	0.40036121010780334	10.148456573486328	0.04159216941927446
cov10_n5_g0_s42_hotspots_p80_chr1	5	10	4299	879	2284	0	0.4342699822363277	0.3813911379469827	0.25	0.30353546142578125	10.234597206115723	0.04694326666092722
cov10_n5_g0_s42_hotspots_p80_chr1	5	10	4300	481	1397	0	0.5199908239765109	0.47090333764163966	0.25	0.27005475759506226	18.537776947021484	0.04270860455302244
cov10_n5_g0_s42_hotspots_p80_chr1	5	10	4301	538	1329	0	0.4954454557604774	0.44509949387260833	0.25	0.3038211464881897	13.296146392822266	0.04382940192977786
cov10_n5_g0_s42_hotspots_p80_chr1	5	10	4302	472	1074	0	0.4314092959583017	0.3884290768509864	0.25	0.38169246912002563	6.3873677253723145	0.05048292356623761
cov10_n5_g0_s42_hotspots_p80_chr1	5	10	4303	285	1125	0	0.4900710946293724	0.45325614118821766	0.42857142857142855	0.4536769986152649	5.834380149841309	0.04872461115652978
cov10_n5_g0_s42_hotspots_p80_chr1	5	10	4304	434	861	0	0.35400357376519687	0.30042004595117733	0.1111111111111111	0.2857665419578552	7.672952651977539	0.05196408696680368
cov10_n5_g0_s42_hotspots_p80_chr1	5	10	4307	390	1166	0	0.42939354431501325	0.3835423028066891	0.1111111111111111	0.3566160202026367	7.249020099639893	0.04940942041179855
cov10_n5_g0_s42_hotspots_p80_chr1	5	10	4308	353	988	0	0.39744328104642973	0.3404855709736058	0.1111111111111111	0.27679362893104553	10.308801651000977	0.048255445049460166
cov10_n5_g0_s42_hotspots_p80_chr1	5	10	4309	498	1320	0	0.4573507643163786	0.4211616430001277	0.25	0.45720261335372925	5.003240585327148	0.05208039669257465
cov10_n5_g0_s42_hotspots_p80_chr1	5	10	4310	463	1717	0	0.2229230214412804	0.142429927995168	0.1111111111111111	0.14594270288944244	11.665813446044922	0.0533084742964899
cov10_n5_g0_s42_hotspots_p80_chr1	5	10	4311	850	2317	0	0.5777724393194937	0.5415538090367453	0.25	0.4319108724594116	8.947369575500488	0.04168338245053678
cov10_n5_g0_s42_hotspots_p80_chr1	5	10	4312	651	1704	0	0.45309402141356625	0.4099965078829732	0.25	0.38363930583000183	6.974296569824219	0.04872472507406962
cov10_n5_g0_s42_hotspots_p80_chr1	5	10	4313	901	1857	0	0.49133660625816744	0.45096024676821106	0.25	0.41177430748939514	7.1188483238220215	0.04687249081001256
cov10_n5_g0_s42_hotspots_p80_chr1	5	10	4314	1341	2835	0	0.42477443421129124	0.3689540842835262	0.25	0.2842165231704712	11.168326377868652	0.04688447465801934
cov10_n5_g0_s42_hotspots_p80_chr1	5	10	4315	1280	2301	0	0.4830021060364361	0.4381635488871105	0.25	0.3657127022743225	8.721435546875	0.04587686590930279
cov10_n5_g0_s42_hotspots_p80_chr1	5	10	4316	6	15	1	0.39391928434749596	0.35824190511012804	0.25	0.44117647409439087	3.9862070083618164	0.05856561180928029
cov10_n5_g0_s42_hotspots_p80_chr1	5	10	4317	608	1220	0	0.41762828012304165	0.3621028636294448	0.25	0.2863060235977173	10.638707160949707	0.04736480385539633
cov10_n5_g0_s42_hotspots_p80_chr1	5	10	4318	1225	2253	0	0.5134508363154161	0.47514674214159924	0.25	0.4335464835166931	7.012879371643066	0.04598589249350745
cov10_n5_g0_s42_hotspots_p80_chr1	5	10	4319	1024	2245	0	0.4736472030037373	0.431087520297143	0.25	0.3894781470298767	7.394583702087402	0.04736069768788904
cov10_n5_g0_s42_hotspots_p80_chr1	5	10	4320	333	613	0	0.6417345820469419	0.6191183533763124	0.42857142857142855	0.6740591526031494	4.531948089599609	0.04344997529725217
cov10_n5_g0_s42_hotspots_p80_chr1	5	10	4321	122	290	1	0.5277064302531538	0.49301114495521464	0.42857142857142855	0.4796517491340637	6.0520524978637695	0.046552722769331936
cov10_n5_g0_s42_hotspots_p80_chr1	5	10	4322	127	361	1	0.4175679006238062	0.3749807762789765	0.1111111111111111	0.38204482197761536	5.973042964935303	0.051792968063448006
cov10_n5_g0_s42_hotspots_p80_chr1	5	10	4324	459	1298	0	0.6132492402578746	0.5825697997918755	0.25	0.5072771906852722	7.307239055633545	0.040917555505011624
cov10_n5_g0_s42_hotspots_p80_chr1	5	10	4325	689	1773	0	0.44128872202765884	0.39823890960787744	0.25	0.38273587822914124	6.646872520446777	0.04966794076579696
cov10_n5_g0_s42_hotspots_p80_chr1	5	10	4326	151	590	1	0.50470895445477	0.47135912649640194	0.42857142857142855	0.49999967217445374	5.094629764556885	0.04953347995524109
cov10_n5_g0_s42_hotspots_p80_chr1	5	10	4327	144	369	1	0.44700018266650576	0.4144359219303436	0.42857142857142855	0.4999997615814209	3.9961869716644287	0.05592837208500768
cov10_n5_g0_s42_hotspots_p80_chr1	5	10	4328	543	1694	0	0.6961379391434799	0.6714525243959483	0.25	0.5323296785354614	8.550653457641602	0.0360586779746614
cov10_n5_g0_s42_hotspots_p80_chr1	5	10	4329	303	1647	0	0.46723659151929087	0.4338992840735734	0.25	0.49520137906074524	4.451229095458984	0.05321847351742997
cov10_n5_g0_s42_hotspots_p80_chr1	5	10	4330	950	2106	0	0.6457739996787859	0.6213688555809184	0.42857142857142855	0.6256231069564819	5.327279567718506	0.04145235438017387
cov10_n5_g0_s42_hotspots_p80_chr1	5	10	4331	351	1713	0	0.6043071358976322	0.5782206208850774	0.42857142857142855	0.610622227191925	4.897113800048828	0.04471479265909424
cov10_n5_g0_s42_hotspots_p80_chr1	5	10	4332	638	1666	0	0.6202059598300602	0.5911944622443058	0.42857142857142855	0.5374687314033508	6.657872200012207	0.04111122728530072
cov10_n5_g0_s42_hotspots_p80_chr1	5	10	4333	408	1313	0	0.5988081594088946	0.5728792798206894	0.42857142857142855	0.616142749786377	4.722618103027344	0.04545462781679028
cov10_n5_g0_s42_hotspots_p80_chr1	5	10	4334	162	591	1	0.5294190810708739	0.49193979925706605	0.25	0.440595805644989	7.219189643859863	0.045039066138155406
cov10_n5_g0_s42_hotspots_p80_chr1	5	10	4335	607	1350	0	0.622586584421121	0.5911699615583365	0.42857142857142855	0.4785826504230499	8.461661338806152	0.03980374344635034
cov10_n5_g0_s42_hotspots_p80_chr1	5	10	4336	270	868	0	0.3966961159893929	0.3605404699704036	0.42857142857142855	0.4372618496417999	4.115311622619629	0.05788892521625249
cov10_n5_g0_s42_hotspots_p80_chr1	5	10	4337	459	1435	0	0.6633164430290908	0.636636145718674	0.25	0.5431216359138489	7.457912921905518	0.03821601764999193
cov10_n5_g0_s42_hotspots_p80_chr1	5	10	4338	136	598	1	0.37800481102158673	0.3323682093472587	0.25	0.3448423743247986	6.00791072845459	0.05344509635376168
cov10_n5_g0_s42_hotspots_p80_chr1	5	10	4341	57	255	1	0.5709254572836527	0.5316270500290559	0.42857142857142855	0.38077685236930847	11.240554809570312	0.04132989982187616
cov10_n5_g0_s42_hotspots_p80_chr1	5	10	4342	496	1098	0	0.7216870473548603	0.7043439349978791	0.42857142857142855	0.7655450105667114	4.443511486053467	0.038540436372001566
cov10_n5_g0_s42_hotspots_p80_chr1	5	10	4343	302	896	0	0.4842210603383263	0.44353611104490853	0.25	0.4088088572025299	7.0148234367370605	0.04730641179269202
cov10_n5_g0_s42_hotspots_p80_chr1	5	10	4344	16	189	1	0.5263463282598067	0.493037365812616	0.25	0.5000000596046448	5.540808200836182	0.047497246863525
cov10_n5_g0_s42_hotspots_p80_chr1	5	10	4345	188	823	1	0.3773383775942827	0.34209111720076385	0.25	0.43754470348358154	3.718665361404419	0.060611034192552746
cov10_n5_g0_s42_hotspots_p80_chr1	5	10	4346	135	747	1	0.6287930409348889	0.6028134487926733	0.42857142857142855	0.5997354984283447	5.496243953704834	0.04213790694975774
cov10_n5_g0_s42_hotspots_p80_chr1	5	10	4347	535	1228	0	0.7100766939529192	0.6869833635641407	0.42857142857142855	0.5622870326042175	7.973782062530518	0.035442944856205236
cov10_n5_g0_s42_hotspots_p80_chr1	5	10	4348	9	23	1	0.32564631990374093	0.28609721097816315	0.1111111111111111	0.36631014943122864	3.9515233039855957	0.061901425373187144
cov10_n5_g0_s42_hotspots_p80_chr1	5	10	4349	628	1634	0	0.4552817650190639	0.4130586884026202	0.25	0.39220839738845825	6.737468242645264	0.04893111782707702
cov10_n5_g0_s42_hotspots_p80_chr1	5	10	4350	959	1796	0	0.1158657579932961	-0.04694332779846444	0.0	0.04765528440475464	29.556842803955078	0.05181348753408799
cov10_n5_g0_s42_hotspots_p80_chr1	5	10	4351	630	1294	0	0.4305978513466012	0.41092429899287014	0.1111111111111111	0.13024453818798065	54.65055847167969	0.04557963559503852
cov10_n5_g0_s42_hotspots_p80_chr1	5	10	4352	92	265	1	0.46178272999258385	0.40644244982093924	0.25	0.27832460403442383	13.763920783996582	0.044905996182592424
cov10_n5_g0_s42_hotspots_p80_chr1	5	10	4353	80	250	1	0.4627601922172236	0.43731472543135497	0.1111111111111111	0.6176617741584778	2.806600570678711	0.062172964673395864
cov10_n5_g0_s42_hotspots_p80_chr1	5	10	4357	157	220	1	0.25482358971184327	0.050964719143687505	0.0	0.06493506580591202	77.0	0.0483493778415231
cov10_n5_g0_s42_hotspots_p80_chr1	5	10	4358	31	223	1	0.2581988825935182	0.06666666666666667	0.0	0.06666666269302368	75.00001525878906	0.0483045891539648
cov10_n5_g0_s42_hotspots_p80_chr1	5	10	4360	18	225	1	0.31622777142784575	0.28941438070815273	0.1111111111111111	0.5	2.0	0.07905694150420949
cov10_n5_g0_s42_hotspots_p80_chr1	5	10	4361	61	294	1	0.39581306466799343	0.35557960323740045	0.25	0.3962339162826538	4.989384174346924	0.054992266237885466
cov10_n5_g0_s42_hotspots_p80_chr1	5	10	4362	11	143	1	0.19999999204598923	0.14666666666666708	0.1111111111111111	0.20000000298023224	4.999999523162842	0.06324555367458369
cov10_n5_g0_s42_hotspots_p80_chr1	5	10	4364	138	279	1	0.33744748650234013	0.2908816264392421	0.1111111111111111	0.3209954500198364	5.5256667137146	0.056188905553324606
cov10_n5_g0_s42_hotspots_p80_chr1	5	10	4365	238	415	0	0.31622777142784575	0.289414380708153	0.1111111111111111	0.5	2.0	0.07905694150420949
cov10_n5_g0_s42_hotspots_p80_chr1	5	10	4366	17	25	1	0.4276256514442633	0.3955918132809841	0.25	0.5	3.657273530960083	0.05846235266671656
cov10_n5_g0_s42_hotspots_p80_chr1	5	10	4369	42	195	1	0.516373614003407	0.4923843590084104	0.25	0.6614379286766052	3.047332525253296	0.057399987591286214
cov10_n5_g0_s42_hotspots_p80_chr1	5	10	4370	21	412	1	0.25819887541929487	0.22084711628963785	0.1111111111111111	0.3333333432674408	2.999999761581421	0.07071067952354972
cov10_n5_g0_s42_hotspots_p80_chr1	5	10	4371	21	191	1	0.31622776654046403	0.289414383183802	0.25	0.4999999403953552	2.000000476837158	0.07905693365705731
cov10_n5_g0_s42_hotspots_p80_chr1	5	10	4372	113	253	1	0.5224826615634118	0.4918196296496788	0.42857142857142855	0.5408626198768616	4.665947437286377	0.049746065741215734
cov10_n5_g0_s42_hotspots_p80_chr1	5	10	4373	92	351	1	0.5778783382482381	0.5501635466940112	0.42857142857142855	0.5861409902572632	4.860027313232422	0.04627415168350257
cov10_n5_g0_s42_hotspots_p80_chr1	5	10	4374	72	249	1	0.3251991136110105	0.2850106737873709	0.25	0.3607754111289978	4.062514781951904	0.06142503586389183
cov10_n5_g0_s42_hotspots_p80_chr1	5	10	4375	375	1682	0	0.46161731291742564	0.4186734679529378	0.25	0.3856184482574463	7.165039539337158	0.04812992780339179
cov10_n5_g0_s42_hotspots_p80_chr1	5	10	4376	253	472	0	0.5258798322021241	0.4918396817813506	0.25	0.4893338978290558	5.7747392654418945	0.0470949103576104
cov10_n5_g0_s42_hotspots_p80_chr1	5	10	4377	191	924	1	0.6821400704422191	0.6578779761096236	0.42857142857142855	0.5871284604072571	6.749177932739258	0.03763556006644195
cov10_n5_g0_s42_hotspots_p80_chr1	5	10	4378	385	1408	0	0.5818825619868815	0.5530843022514138	0.42857142857142855	0.5640208721160889	5.321699142456055	0.04504186249375289
cov10_n5_g0_s42_hotspots_p80_chr1	5	10	4379	787	1997	0	0.6646921928532126	0.638260087835978	0.25	0.5483908653259277	7.345658779144287	0.038206425980721395
cov10_n5_g0_s42_hotspots_p80_chr1	5	10	4380	146	639	1	0.5709022886187348	0.5325834888363001	0.42857142857142855	0.400613933801651	10.15410041809082	0.04156873912636995
cov10_n5_g0_s42_hotspots_p80_chr1	5	10	4387	105	498	1	0.5492535904761132	0.5146964869890089	0.42857142857142855	0.47652044892311096	6.642824172973633	0.04471160551542694
cov10_n5_g0_s42_hotspots_p80_chr1	5	10	4388	170	609	1	0.5740914073271589	0.5436701658142583	0.42857142857142855	0.5366615056991577	5.721780776977539	0.04473619391098
cov10_n5_g0_s42_hotspots_p80_chr1	5	10	4389	124	314	1	0.5910347547147391	0.5618906742582427	0.42857142857142855	0.5536686182022095	5.69765567779541	0.043880993131765494
cov10_n5_g0_s42_hotspots_p80_chr1	5	10	4390	476	1169	0	0.7185108416034544	0.6967704750048986	0.42857142857142855	0.6018702387809753	7.12575626373291	0.035282415969474214
cov10_n5_g0_s42_hotspots_p80_chr1	5	10	4391	230	412	0	0.6189083724417425	0.5884097014047018	0.42857142857142855	0.5053479075431824	7.499664306640625	0.04049693721809165
cov10_n5_g0_s42_hotspots_p80_chr1	5	10	4392	186	918	1	0.5548185752875263	0.523579989296213	0.42857142857142855	0.5280879139900208	5.518989086151123	0.04609195149493335
cov10_n5_g0_s42_hotspots_p80_chr1	5	10	4393	486	1620	0	0.6490288068785391	0.6215343485047109	0.25	0.5423365235328674	7.1607794761657715	0.039165514988503354
cov10_n5_g0_s42_hotspots_p80_chr1	5	10	4394	234	1303	0	0.6231339309499287	0.5951726347987308	0.42857142857142855	0.5585170388221741	6.223861217498779	0.041422388082752615
cov10_n5_g0_s42_hotspots_p80_chr1	5	10	4395	142	644	1	0.62206325306258	0.6002946063023561	0.42857142857142855	0.7049781084060669	3.8930320739746094	0.046754406954318525
cov10_n5_g0_s42_hotspots_p80_chr1	5	10	4396	299	962	0	0.5341056703297593	0.499358176225482	0.25	0.47775179147720337	6.249133110046387	0.04595126382572844
cov10_n5_g0_s42_hotspots_p80_chr1	5	10	4397	742	1886	0	0.4463096891498405	0.40026113925330176	0.25	0.3566475808620453	7.830042362213135	0.04809550498705696
cov10_n5_g0_s42_hotspots_p80_chr1	5	10	4401	5	21	1	0.4472135954979579	0.41464421443136407	0.25	0.5	4.0	0.05590169943749474
cov10_n5_g0_s42_hotspots_p80_chr1	5	10	4402	811	1799	0	0.6294412218091302	0.6060483143733175	0.42857142857142855	0.6611994504928589	4.531222343444824	0.04418868976355313
cov10_n5_g0_s42_hotspots_p80_chr1	5	10	4403	1318	2812	0	0.5715977926044773	0.5360737087786489	0.42857142857142855	0.4495512545108795	8.0833740234375	0.042410231580689725
cov10_n5_g0_s42_hotspots_p80_chr1	5	10	4404	724	1460	0	0.5753902732402205	0.5371082041060116	0.42857142857142855	0.39486807584762573	10.616734504699707	0.04126797856765324
cov10_n5_g0_s42_hotspots_p80_chr1	5	10	4405	443	1281	0	0.46900295075417664	0.42734835385419434	0.25	0.3986852467060089	6.919279098510742	0.04809490836683198
cov10_n5_g0_s42_hotspots_p80_chr1	5	10	4406	484	1545	0	0.45318880555781016	0.4193426084715766	0.25	0.48506373167037964	4.364462375640869	0.05420998718366172
cov10_n5_g0_s42_hotspots_p80_chr1	5	10	4407	1027	2358	0	0.38202993971408244	0.3250365918216511	0.1111111111111111	0.27452942728996277	9.682488441467285	0.04917665350076805
cov10_n5_g0_s42_hotspots_p80_chr1	5	10	4408	217	724	0	0.3833880885657495	0.34795888640094236	0.25	0.4387270510196686	3.818197250366211	0.05983444556268371
cov10_n5_g0_s42_hotspots_p80_chr1	5	10	4409	625	1822	0	0.5489198135307778	0.520435009276254	0.25	0.5767773389816284	4.528677940368652	0.04874731375124528
cov10_n5_g0_s42_hotspots_p80_chr1	5	10	4410	765	2482	0	0.4054872088615533	0.3689460010762239	0.25	0.4369070529937744	4.306715965270996	0.05672661180577448
cov10_n5_g0_s42_hotspots_p80_chr1	5	10	4411	573	1520	0	0.6799368686175555	0.6557066578178705	0.42857142857142855	0.5919040441513062	6.597883224487305	0.03788175053866623
cov10_n5_g0_s42_hotspots_p80_chr1	5	10	4412	36	290	1	0.3700095823777132	0.3231857876650427	0.25	0.333333283662796	6.160820007324219	0.05350031880512441
cov10_n5_g0_s42_hotspots_p80_chr1	5	10	4413	244	973	0	0.4506437843191959	0.40791302686565684	0.25	0.3868809938430786	6.78394079208374	0.04907323078335772
cov10_n5_g0_s42_hotspots_p80_chr1	5	10	4414	420	995	0	0.47589981714893154	0.4366497881470753	0.25	0.4245889186859131	6.281506538391113	0.04865207122937869
cov10_n5_g0_s42_hotspots_p80_chr1	5	10	4415	153	642	1	0.4780537854645973	0.4270036068247931	0.1111111111111111	0.3080368936061859	12.0425386428833	0.04469678643844275
cov10_n5_g0_s42_hotspots_p80_chr1	5	10	4416	785	1537	0	0.5288667795028664	0.4899152368451735	0.25	0.42107170820236206	7.887701511383057	0.04449030242856485
cov10_n5_g0_s42_hotspots_p80_chr1	5	10	4417	82	283	1	0.5624753521678614	0.526871627111001	0.25	0.4542137682437897	7.667546272277832	0.04311819580657042
cov10_n5_g0_s42_hotspots_p80_chr1	5	10	4418	989	1916	0	0.26568406500672986	0.1967838639183313	0.1111111111111111	0.19068647921085358	9.706467628479004	0.05323879054492187
cov10_n5_g0_s42_hotspots_p80_chr1	5	10	4419	748	1747	0	0.5965922498323454	0.563205710685259	0.25	0.4673033356666565	8.149434089660645	0.041198692405702876
cov10_n5_g0_s42_hotspots_p80_chr1	5	10	4420	4	11	1	0.39999998409197846	0.35999999999999943	0.25	0.4000000059604645	4.999999523162842	0.05477225615860172
cov10_n5_g0_s42_hotspots_p80_chr1	5	10	4421	3	78	1	0.36514836925998573	0.2817180849095051	0.0	0.1666666716337204	23.999998092651367	0.046770717401049315
cov10_n5_g0_s42_hotspots_p80_chr1	5	10	4422	354	722	0	0.42566302744575557	0.37634009598742285	0.25	0.32901468873023987	8.36895751953125	0.04846175539291151
cov10_n5_g0_s42_hotspots_p80_chr1	5	10	4423	309	860	0	0.48438759998213293	0.43107385165509743	0.25	0.2808510959148407	14.873181343078613	0.04400208566046896
cov10_n5_g0_s42_hotspots_p80_chr1	5	10	4424	539	1286	0	0.47969439278457016	0.42497777759761635	0.25	0.27016881108283997	15.762638092041016	0.044070062769980885
cov10_n5_g0_s42_hotspots_p80_chr1	5	10	4425	342	1136	0	0.1703160701254752	0.10891592400619715	0.0	0.15438662469387054	6.085019111633301	0.06150034279092036
cov10_n5_g0_s42_hotspots_p80_chr1	5	10	4426	793	2055	0	0.3624198180719435	0.3130540002677476	0.25	0.3135756552219391	6.678966522216797	0.052949682889467574
cov10_n5_g0_s42_hotspots_p80_chr1	5	10	4427	411	1397	0	0.6378296512190611	0.6066161040185182	0.42857142857142855	0.4499860405921936	10.04572582244873	0.038657213248226636
cov10_n5_g0_s42_hotspots_p80_chr1	5	10	4428	608	1927	0	0.4227207644765203	0.3765135523901742	0.1111111111111111	0.352658748626709	7.184025764465332	0.04976623206103486
cov10_n5_g0_s42_hotspots_p80_chr1	5	10	4429	1004	2431	0	0.6275367988037348	0.5958379067103307	0.42857142857142855	0.4617898166179657	9.233358383178711	0.03930442618214458
cov10_n5_g0_s42_hotspots_p80_chr1	5	10	4430	741	1548	0	0.7003179658680031	0.6757579364839408	0.42857142857142855	0.5151865482330322	9.239140510559082	0.035735235995654216
cov10_n5_g0_s42_hotspots_p80_chr1	5	10	4431	258	988	0	0.45213940649244977	0.4068504580424479	0.25	0.3635214865207672	7.734897136688232	0.04794210097330307
cov10_n5_g0_s42_hotspots_p80_chr1	5	10	4433	3	6	1	0.31622777142784575	0.28941438070815234	0.1111111111111111	0.5	2.0	0.07905694150420949
cov10_n5_g0_s42_hotspots_p80_chr1	5	10	4435	294	845	0	0.16712212543809166	0.05811650069012747	0.0	0.08893468976020813	17.6561279296875	0.05256706164888207
cov10_n5_g0_s42_hotspots_p80_chr1	5	10	4436	607	1469	0	0.4093999172057144	0.3671010670377708	0.25	0.38229575753211975	5.734116554260254	0.05261611801043299
cov10_n5_g0_s42_hotspots_p80_chr1	5	10	4437	538	1266	0	0.4009990152318049	0.36307307617314155	0.25	0.4206070303916931	4.544682502746582	0.05610197872420761
cov10_n5_g0_s42_hotspots_p80_chr1	5	10	4438	537	827	0	0.11268629091024175	-0.0495629525397399	0.0	0.04665978625416756	29.162628173828125	0.051916585460774184
cov10_n5_g0_s42_hotspots_p80_chr1	5	10	4439	1081	1878	0	0.5115362655138932	0.46443439825369354	0.25	0.3284984230995178	12.124289512634277	0.0434568303953353
cov10_n5_g0_s42_hotspots_p80_chr1	5	10	4440	968	2007	0	0.5139362660824294	0.4731188716816348	0.25	0.4024527370929718	8.15377426147461	0.04495296071594384
cov10_n5_g0_s42_hotspots_p80_chr1	5	10	4441	792	1297	0	0.5711388041851756	0.5472225833117187	0.42857142857142855	0.6656509041786194	3.68095326423645	0.05067154070591743
cov10_n5_g0_s42_hotspots_p80_chr1	5	10	4442	1153	1885	0	0.43816611792015636	0.3773021195292368	0.1111111111111111	0.248091921210289	15.596324920654297	0.04539836157277314
cov10_n5_g0_s42_hotspots_p80_chr1	5	10	4443	514	1203	0	0.6766165670201595	0.651051949914143	0.42857142857142855	0.5536832809448242	7.4667649269104	0.037492248251695816
cov10_n5_g0_s42_hotspots_p80_chr1	5	10	4444	153	688	1	0.5572482197303428	0.5199933338228252	0.25	0.4312390685081482	8.348937034606934	0.04290689042241855
cov10_n5_g0_s42_hotspots_p80_chr1	5	10	4445	59	324	1	0.5334518192240596	0.4999213583362586	0.42857142857142855	0.495822548866272	5.787724494934082	0.0466972237434436
cov10_n5_g0_s42_hotspots_p80_chr1	5	10	4448	473	1102	0	0.5616995094825767	0.5319607228340123	0.25	0.5524207949638367	5.169374942779541	0.04643256637008812
cov10_n5_g0_s42_hotspots_p80_chr1	5	10	4449	582	1715	0	0.5618052616099747	0.523572680448569	0.25	0.41200944781303406	9.296667098999023	0.04224358640467748
cov10_n5_g0_s42_hotspots_p80_chr1	5	10	4450	601	1485	0	0.4989638181870763	0.4584053691467212	0.25	0.40882402658462524	7.447924613952637	0.04619739931191561
cov10_n5_g0_s42_hotspots_p80_chr1	5	10	4451	232	804	0	0.6867044309897413	0.6681863707313594	0.42857142857142855	0.7604844570159912	4.076889514923096	0.04199571769493649
cov10_n5_g0_s42_hotspots_p80_chr1	5	10	4452	485	1469	0	0.27980898241955066	0.2398622388330192	0.1111111111111111	0.3311963677406311	3.568798780441284	0.06592872676498703
cov10_n5_g0_s42_hotspots_p80_chr1	5	10	4453	665	1724	0	0.6293849001621261	0.5979373350361435	0.42857142857142855	0.465257853269577	9.14987564086914	0.039240915373648384
cov10_n5_g0_s42_hotspots_p80_chr1	5	10	4454	250	744	0	0.5140824602834609	0.48132457109064386	0.42857142857142855	0.5087083578109741	5.106198787689209	0.04903532203737407
cov10_n5_g0_s42_hotspots_p80_chr1	5	10	4455	664	1550	0	0.5425964510060817	0.5013477448727962	0.25	0.3815147876739502	10.113492965698242	0.04275977926442216
cov10_n5_g0_s42_hotspots_p80_chr1	5	10	4456	141	529	1	0.5645890157076033	0.5345797422839782	0.42857142857142855	0.546931266784668	5.328063488006592	0.04595010141216064
cov10_n5_g0_s42_hotspots_p80_chr1	5	10	4457	1315	2024	0	0.6322097558281995	0.5997272382398288	0.42857142857142855	0.3967638611793518	12.694867134094238	0.03874055484127626
cov10_n5_g0_s42_hotspots_p80_chr1	5	10	4458	79	439	1	0.5261021627530255	0.49259859011467777	0.42857142857142855	0.4971488416194916	5.59934663772583	0.0473989372094995
cov10_n5_g0_s42_hotspots_p80_chr1	5	10	4459	3	15	1	0.5163977508385897	0.4926589517230395	0.25	0.6666666865348816	2.999999761581421	0.057735028209441014
cov10_n5_g0_s42_hotspots_p80_chr1	5	10	4460	104	266	1	0.5208195692689125	0.49304775398562334	0.25	0.5894968509674072	3.9028472900390625	0.052491002560933926
cov10_n5_g0_s42_hotspots_p80_chr1	5	10	4461	544	2037	0	0.520277375371402	0.49436390817915377	0.25	0.6237020492553711	3.479248523712158	0.054536404643861884
cov10_n5_g0_s42_hotspots_p80_chr1	5	10	4462	105	286	1	0.5921773959350749	0.5648831452199516	0.42857142857142855	0.5900144577026367	5.036727428436279	0.0450743641139045
cov10_n5_g0_s42_hotspots_p80_chr1	5	10	4463	74	242	1	0.17411845887405672	0.004965185871745943	0.1111111111111111	0.06378737092018127	37.2554817199707	0.050165568009418245
cov10_n5_g0_s42_hotspots_p80_chr1	5	10	4464	229	492	0	0.29287866459750944	0.2074089168730881	0.1111111111111111	0.16020983457565308	16.709644317626953	0.04946738185018736
cov10_n5_g0_s42_hotspots_p80_chr1	5	10	4465	1433	2274	0	0.4893757153249751	0.43993257566873295	0.25	0.3178052604198456	11.855851173400879	0.04433176789205107
cov10_n5_g0_s42_hotspots_p80_chr1	5	10	4466	890	1632	0	0.46211935338852866	0.4115569676311078	0.25	0.31768783926963806	10.579792022705078	0.045749955525779304
cov10_n5_g0_s42_hotspots_p80_chr1	5	10	4467	838	2042	0	0.5090948824298331	0.4618300191852472	0.25	0.3285571336746216	12.004544258117676	0.043571627001957214
cov10_n5_g0_s42_hotspots_p80_chr1	5	10	4468	1236	2086	0	0.4192804977452522	0.3610661114666692	0.25	0.2696968615055084	12.084466934204102	0.04675362404061255
cov10_n5_g0_s42_hotspots_p80_chr1	5	10	4469	976	2113	0	0.4829758758987833	0.4460776641962699	0.25	0.45231619477272034	5.700809955596924	0.04930608368103556
cov10_n5_g0_s42_hotspots_p80_chr1	5	10	4470	476	1358	0	0.4139637873413249	0.3627660338196687	0.25	0.31440460681915283	8.667960166931152	0.04868335835591215
cov10_n5_g0_s42_hotspots_p80_chr1	5	10	4471	141	553	1	0.42023368833537694	0.3700718299479714	0.25	0.32235655188560486	8.4972562789917	0.048572423716112666
cov10_n5_g0_s42_hotspots_p80_chr1	5	10	4472	431	1064	0	0.6622214367627611	0.6350714023543866	0.25	0.530237078666687	7.798952579498291	0.038099788254717666
cov10_n5_g0_s42_hotspots_p80_chr1	5	10	4473	514	1332	0	0.5601095245685075	0.5256325359169948	0.42857142857142855	0.473502516746521	6.996347904205322	0.043807920208619525
cov10_n5_g0_s42_hotspots_p80_chr1	5	10	4474	387	1341	0	0.6158278128885862	0.5838317357254658	0.25	0.4744282066822052	8.424567222595215	0.040144920867138285
cov10_n5_g0_s42_hotspots_p80_chr1	5	10	4475	115	461	1	0.6190740212672418	0.5970517150404525	0.42857142857142855	0.6996380090713501	3.914789915084839	0.04684900767045017
cov10_n5_g0_s42_hotspots_p80_chr1	5	10	4476	730	1986	0	0.5338177665551628	0.4988913869606122	0.42857142857142855	0.47521650791168213	6.309181213378906	0.04588199090114549
cov10_n5_g0_s42_hotspots_p80_chr1	5	10	4477	307	777	0	0.4781847361199388	0.42473781987893433	0.25	0.2850317656993866	14.072617530822754	0.044306781532546774
cov10_n5_g0_s42_hotspots_p80_chr1	5	10	4485	114	700	1	0.5340072513910277	0.5017986302009055	0.25	0.5159204006195068	5.356719493865967	0.04747542520104849
cov10_n5_g0_s42_hotspots_p80_chr1	5	10	4486	366	1601	0	0.37543283226710944	0.3339688026302279	0.1111111111111111	0.3769063353538513	4.960982322692871	0.05599223598632976
cov10_n5_g0_s42_hotspots_p80_chr1	5	10	4487	474	1863	0	0.3397865200992718	0.3070703474061173	0.1111111111111111	0.4424471855163574	2.9488954544067383	0.06728030123007689
cov10_n5_g0_s42_hotspots_p80_chr1	5	10	4488	641	1827	0	0.5047647265646186	0.46087979584675287	0.1111111111111111	0.3698623776435852	9.312529563903809	0.044642644849910935
cov10_n5_g0_s42_hotspots_p80_chr1	5	10	4489	495	1335	0	0.4626764067215343	0.42170270439100965	0.25	0.40532296895980835	6.51511812210083	0.04890807476811841
cov10_n5_g0_s42_hotspots_p80_chr1	5	10	4490	81	337	1	0.392205100631857	0.3381847761307192	0.1111111111111111	0.2931516170501709	8.949769020080566	0.04930442065575143
cov10_n5_g0_s42_hotspots_p80_chr1	5	10	4491	239	793	0	0.422121360323368	0.3832120788668727	0.42857142857142855	0.41820329427719116	5.094127655029297	0.053505041391663025
cov10_n5_g0_s42_hotspots_p80_chr1	5	10	4492	551	1311	0	0.4090012056910454	0.3416340129934548	0.25	0.22049345076084137	17.203933715820312	0.04608807614156234
cov10_n5_g0_s42_hotspots_p80_chr1	5	10	4493	620	2027	0	0.4468017542505318	0.3952257799729327	0.1111111111111111	0.3121035099029541	10.247136116027832	0.04646865090966064
cov10_n5_g0_s42_hotspots_p80_chr1	5	10	4494	338	1087	0	0.4687938064343842	0.41533182978754246	0.25	0.2907926142215729	12.994722366333008	0.044810332510257164
cov10_n5_g0_s42_hotspots_p80_chr1	5	10	4495	1271	2465	0	0.4888182948144839	0.4422958775573555	0.25	0.3474465310573578	9.896665573120117	0.04500909705354393
cov10_n5_g0_s42_hotspots_p80_chr1	5	10	4496	857	1855	0	0.19818517902651503	0.13811319634381666	0.1111111111111111	0.17753157019615173	6.23105001449585	0.0601533425395825
cov10_n5_g0_s42_hotspots_p80_chr1	5	10	4497	1032	2064	0	0.4585923144986413	0.4016985842555353	0.25	0.2671649158000946	14.732100486755371	0.044862708753005576
cov10_n5_g0_s42_hotspots_p80_chr1	5	10	4498	321	1302	0	0.5381242093570855	0.4929342300540205	0.25	0.32083994150161743	14.065598487854004	0.04224326446134232
cov10_n5_g0_s42_hotspots_p80_chr1	5	10	4499	318	1046	0	0.518340564045907	0.4724173199723422	0.25	0.33756187558174133	11.789454460144043	0.043271934490302776
cov10_n5_g0_s42_hotspots_p80_chr1	5	10	4500	4	12	1	0.31622777142784575	0.2894143807081531	0.1111111111111111	0.5	2.0	0.07905694150420949
cov10_n5_g0_s42_hotspots_p80_chr1	5	10	4501	476	1001	0	0.4269183977027751	0.36325499015484797	0.1111111111111111	0.23482981324195862	16.525447845458984	0.04563178746602587
cov10_n5_g0_s42_hotspots_p80_chr1	5	10	4502	649	1437	0	0.6558823515798584	0.6299578842745582	0.42857142857142855	0.5760820508003235	6.481167316436768	0.03934786607045583
cov10_n5_g0_s42_hotspots_p80_chr1	5	10	4503	108	609	1	0.3051774288629094	0.2649011949208372	0.25	0.34702250361442566	3.8668696880340576	0.06322559954586084
cov10_n5_g0_s42_hotspots_p80_chr1	5	10	4504	93	313	1	0.13263669395227623	0.03826528790730561	0.1111111111111111	0.08408425748348236	12.441364288330078	0.055536398978053
cov10_n5_g0_s42_hotspots_p80_chr1	5	10	4505	182	773	1	0.44706403226246594	0.39226721389347835	0.25	0.28799447417259216	12.048725128173828	0.045798272482544596
cov10_n5_g0_s42_hotspots_p80_chr1	5	10	4506	173	527	1	0.2688606303395924	0.22135088188748844	0.1111111111111111	0.2753775715827942	4.766145706176758	0.06120274868712099
cov10_n5_g0_s42_hotspots_p80_chr1	5	10	4507	984	2190	0	0.4083240044934179	0.3479703106369518	0.1111111111111111	0.25811415910720825	12.512849807739258	0.046993641756721195
cov10_n5_g0_s42_hotspots_p80_chr1	5	10	4508	182	909	1	0.37754645010030624	0.34741920704647283	0.25	0.49980074167251587	2.8530995845794678	0.06619815709395294
cov10_n5_g0_s42_hotspots_p80_chr1	5	10	4509	266	596	0	0.5225081957246239	0.4815488925208099	0.25	0.3976340591907501	8.633543014526367	0.04426817136245391
cov10_n5_g0_s42_hotspots_p80_chr1	5	10	4517	2	4	1	0.13483997529552025	0.04686012975962774	0.0	0.09090909361839294	11.0	0.05640760796208454
cov10_n5_g0_s42_hotspots_p80_chr1	5	10	4524	62	592	1	0.3440119424579481	0.3151570677351399	0.25	0.4940199851989746	2.424532413482666	0.0720106468584869
cov10_n5_g0_s42_hotspots_p80_chr1	5	10	4525	81	475	1	0.536333111473642	0.5062460195982911	0.1111111111111111	0.5499165058135986	4.756042003631592	0.0487714374110985
cov10_n5_g0_s42_hotspots_p80_chr1	5	10	4526	410	1045	0	0.252345020205274	0.1672317392490606	0.1111111111111111	0.14939674735069275	14.265176773071289	0.05127646601433708
cov10_n5_g0_s42_hotspots_p80_chr1	5	10	4527	773	1471	0	0.4628287719625266	0.4295344482773463	0.42857142857142855	0.4947502613067627	4.375610828399658	0.05369350943440342
cov10_n5_g0_s42_hotspots_p80_chr1	5	10	4528	654	1238	0	0.38033771724298987	0.32485000147091203	0.1111111111111111	0.282443106174469	9.066649436950684	0.049663504553463356
cov10_n5_g0_s42_hotspots_p80_chr1	5	10	4529	350	746	0	0.4369971455560552	0.38094804751625244	0.1111111111111111	0.2812498211860657	12.07098388671875	0.04614425166339072
cov10_n5_g0_s42_hotspots_p80_chr1	5	10	4530	171	944	1	0.2894096946590159	0.23792645825527833	0.1111111111111111	0.26746782660484314	5.854005336761475	0.05742779036080261
cov10_n5_g0_s42_hotspots_p80_chr1	5	10	4531	192	545	1	0.22714430554916665	0.1786385008022526	0.1111111111111111	0.24030523002147675	4.46732234954834	0.06400446022646919
cov10_n5_g0_s42_hotspots_p80_chr1	5	10	4535	340	996	0	0.31294483773946186	0.2677707407158077	0.1111111111111111	0.317023366689682	4.872175693511963	0.05899552274100041
cov10_n5_g0_s42_hotspots_p80_chr1	5	10	4536	2	31	1	0.25819887541929487	0.22084711628963785	0.1111111111111111	0.3333333432674408	2.999999761581421	0.07071067952354972
cov10_n5_g0_s42_hotspots_p80_chr1	5	10	4537	92	235	1	0.41931939956060404	0.3706781449617079	0.1111111111111111	0.33333277702331543	7.912320137023926	0.04912383176250244
cov10_n5_g0_s42_hotspots_p80_chr1	5	10	4538	1062	1751	0	0.2111709417027818	0.1231574005122605	0.1111111111111111	0.1289103478193283	13.417226791381836	0.052792863930963836
cov10_n5_g0_s42_hotspots_p80_chr1	5	10	4539	3	28	1	0.25819887541929487	0.22084711628963782	0.1111111111111111	0.3333333432674408	2.999999761581421	0.07071067952354972
cov10_n5_g0_s42_hotspots_p80_chr1	5	10	4541	675	1785	0	0.2503453248274519	0.1586281324364715	0.1111111111111111	0.1378633826971054	16.48735809326172	0.05068372187690339
cov10_n5_g0_s42_hotspots_p80_chr1	5	10	4542	530	1362	0	0.38384431866888025	0.33185787071860884	0.1111111111111111	0.30374813079833984	7.984598159790039	0.05046556673748848
cov10_n5_g0_s42_hotspots_p80_chr1	5	10	4543	502	978	0	0.26339118276697965	0.20437438110548117	0.1111111111111111	0.2209765613079071	7.103625774383545	0.05616744629551478
cov10_n5_g0_s42_hotspots_p80_chr1	5	10	4544	398	1169	0	0.35493582169013793	0.290724032011339	0.1111111111111111	0.23553510010242462	11.354249000549316	0.04922635417650246
cov10_n5_g0_s42_hotspots_p80_chr1	5	10	4545	386	907	0	0.4765843085027662	0.4401921439894347	0.25	0.4578866958618164	5.416683673858643	0.05018218540495963
cov10_n5_g0_s42_hotspots_p80_chr1	5	10	4546	437	865	0	0.4181100039641778	0.3616127005781859	0.1111111111111111	0.28024542331695557	11.129460334777832	0.04713722650772177
cov10_n5_g0_s42_hotspots_p80_chr1	5	10	4547	841	1487	0	0.48109046541113765	0.428795200771807	0.25	0.29434388875961304	13.35714054107666	0.04431827709905505
cov10_n5_g0_s42_hotspots_p80_chr1	5	10	4548	115	290	1	0.3264249155203747	0.294698735897225	0.1111111111111111	0.44405296444892883	2.7018866539001465	0.07004379135466224
cov10_n5_g0_s42_hotspots_p80_chr1	5	10	4549	755	1856	0	0.4716970355928157	0.4265338923595505	0.25	0.3641166388988495	8.39102840423584	0.046573629951662636
cov10_n5_g0_s42_hotspots_p80_chr1	5	10	4550	280	1307	0	0.5892313187330901	0.557806540918992	0.25	0.5110591650009155	6.646596431732178	0.04272430212262719
cov10_n5_g0_s42_hotspots_p80_chr1	5	10	4551	386	1766	0	0.3839771735916682	0.3323629662434139	0.25	0.30609261989593506	7.868195533752441	0.050578763472802823
cov10_n5_g0_s42_hotspots_p80_chr1	5	10	4552	86	419	1	0.3634842484893445	0.3170241444144353	0.1111111111111111	0.3333330452442169	5.945446014404297	0.05418287804345742
cov10_n5_g0_s42_hotspots_p80_chr1	5	10	4553	211	779	0	0.34096248163957577	0.2691273681169257	0.1111111111111111	0.20490935444831848	13.843936920166016	0.04876859192855998
cov10_n5_g0_s42_hotspots_p80_chr1	5	10	4554	714	2205	0	0.4979098237868477	0.4539982744814259	0.25	0.37183788418769836	8.965285301208496	0.0451118321293769
cov10_n5_g0_s42_hotspots_p80_chr1	5	10	4555	61	229	1	0.3368030068299926	0.2920997656955404	0.1111111111111111	0.3333333134651184	5.104632377624512	0.05728952391515466
cov10_n5_g0_s42_hotspots_p80_chr1	5	10	4556	370	1271	0	0.42643938595033387	0.3819553448837933	0.25	0.36757051944732666	6.7298173904418945	0.050195149676514325
cov10_n5_g0_s42_hotspots_p80_chr1	5	10	4557	213	650	0	0.29174613299093366	0.20224323014916207	0.1111111111111111	0.15204334259033203	18.409643173217773	0.0491810456937382
cov10_n5_g0_s42_hotspots_p80_chr1	5	10	4558	651	1618	0	0.564556734561064	0.5315981440604977	0.25	0.49637818336486816	6.467848777770996	0.044167244057674596
cov10_n5_g0_s42_hotspots_p80_chr1	5	10	4559	132	477	1	0.47874758324294664	0.4366208804095209	0.25	0.3937132954597473	7.393040180206299	0.04714035526956485
cov10_n5_g0_s42_hotspots_p80_chr1	5	10	4560	231	578	0	0.5230666113864716	0.48045579815467604	0.1111111111111111	0.3765373229980469	9.648680686950684	0.04373588238430667
cov10_n5_g0_s42_hotspots_p80_chr1	5	10	4561	162	616	1	0.5526355944832402	0.5118791076092695	0.25	0.3793509006500244	10.611223220825195	0.042204781076249365
cov10_n5_g0_s42_hotspots_p80_chr1	5	10	4562	511	1824	0	0.40337227881301824	0.3348051437276792	0.25	0.2161179482936859	17.418088912963867	0.04622829288110309
cov10_n5_g0_s42_hotspots_p80_chr1	5	10	4563	289	808	0	0.5284802390277248	0.5029212691769781	0.25	0.6314742565155029	3.501999855041504	0.05396311616355767
cov10_n5_g0_s42_hotspots_p80_chr1	5	10	4564	304	913	0	0.45297671230924014	0.39600286341478264	0.25	0.2695717215538025	14.117999076843262	0.04513907372837148
cov10_n5_g0_s42_hotspots_p80_chr1	5	10	4565	412	1468	0	0.5023481735400661	0.46136049283903396	0.25	0.4033140242099762	7.756986618041992	0.0457698635626535
cov10_n5_g0_s42_hotspots_p80_chr1	5	10	4566	132	691	1	0.3839856837031763	0.3499214034916282	0.25	0.4543057680130005	3.571934700012207	0.06105714793196131
cov10_n5_g0_s42_hotspots_p80_chr1	5	10	4567	561	1607	0	0.6252604408444639	0.5919042991417068	0.25	0.39352115988731384	12.622802734375	0.039021349501715506
cov10_n5_g0_s42_hotspots_p80_chr1	5	10	4569	3	9	1	0.19999999204598923	0.14666666666666733	0.1111111111111111	0.20000000298023224	4.999999523162842	0.06324555367458369
cov10_n5_g0_s42_hotspots_p80_chr1	5	10	4571	928	1762	0	0.5254191551282741	0.47754747902569267	0.1111111111111111	0.29199081659317017	16.189870834350586	0.04256916227457236
cov10_n5_g0_s42_hotspots_p80_chr1	5	10	4572	914	2593	0	0.49230376952986	0.4402597596621547	0.1111111111111111	0.28698235750198364	14.713837623596191	0.043756469256945166
cov10_n5_g0_s42_hotspots_p80_chr1	5	10	4573	656	2009	0	0.507957288773812	0.46080101364693804	0.25	0.330768346786499	11.79169750213623	0.043660346213289854
cov10_n5_g0_s42_hotspots_p80_chr1	5	10	4574	210	529	0	0.2774784006075527	0.1834604704116833	0.0	0.14132046699523926	19.27605628967285	0.049415286133439096
cov10_n5_g0_s42_hotspots_p80_chr1	5	10	4575	16	122	1	0.25819887541929487	0.22084711628963782	0.1111111111111111	0.3333333432674408	2.999999761581421	0.07071067952354972
cov10_n5_g0_s42_hotspots_p80_chr1	5	10	4576	895	1791	0	0.5668505716393295	0.5268245391853874	0.25	0.372466117143631	11.580670356750488	0.041437354181205394
cov10_n5_g0_s42_hotspots_p80_chr1	5	10	4577	8	73	1	0.34641015163777783	0.3010259490208692	0.1111111111111111	0.3333333432674408	5.399999618530273	0.05610836096540285
cov10_n5_g0_s42_hotspots_p80_chr1	5	10	4578	99	567	1	0.4017324433112235	0.32954458705772594	0.25	0.19839002192020416	20.50237464904785	0.04601885886283251
cov10_n5_g0_s42_hotspots_p80_chr1	5	10	4579	268	709	0	0.40969492067331326	0.35696717105887105	0.25	0.30370810627937317	9.098678588867188	0.04853128097674253
cov10_n5_g0_s42_hotspots_p80_chr1	5	10	4580	795	1809	0	0.4995372127789582	0.45473313883147404	0.25	0.3616672456264496	9.538656234741211	0.04474506253788029
cov10_n5_g0_s42_hotspots_p80_chr1	5	10	4581	1113	2466	0	0.6267262335091153	0.5954802001445492	0.25	0.4761543571949005	8.662239074707031	0.039525599332786
cov10_n5_g0_s42_hotspots_p80_chr1	5	10	4582	174	749	1	0.3512071659433869	0.3143794492961834	0.25	0.4065271317958832	3.7317943572998047	0.06178154615503486
cov10_n5_g0_s42_hotspots_p80_chr1	5	10	4583	237	740	0	0.3788650307536337	0.3313907126510254	0.25	0.33192676305770874	6.514100074768066	0.05252885211648324
cov10_n5_g0_s42_hotspots_p80_chr1	5	10	4584	1349	2383	0	0.4050277910198326	0.3495840564703192	0.25	0.2862831652164459	10.008017539978027	0.048141280481182394
cov10_n5_g0_s42_hotspots_p80_chr1	5	10	4585	415	1032	0	0.34760517480955966	0.28391536160203995	0.25	0.23616212606430054	10.832332611083984	0.04973069541251639
cov10_n5_g0_s42_hotspots_p80_chr1	5	10	4586	168	1041	1	0.38271946969190507	0.34311805547088603	0.25	0.3966279625892639	4.655479431152344	0.05658505199328974
cov10_n5_g0_s42_hotspots_p80_chr1	5	10	4587	355	1202	0	0.4932589448958399	0.44537415597433366	0.25	0.33177268505096436	11.0519437789917	0.04440899882115975
cov10_n5_g0_s42_hotspots_p80_chr1	5	10	4588	134	461	1	0.4765173826949445	0.43188072087064244	0.25	0.3686636984348297	8.353466987609863	0.04640114532785231
cov10_n5_g0_s42_hotspots_p80_chr1	5	10	4589	821	1243	0	0.35983820089289426	0.2885691384820356	0.1111111111111111	0.20886513590812683	14.840639114379883	0.047937001905801184
cov10_n5_g0_s42_hotspots_p80_chr1	5	10	4590	5	11	1	0.25819887541929487	0.2208471162896377	0.1111111111111111	0.3333333432674408	2.999999761581421	0.07071067952354972
cov10_n5_g0_s42_hotspots_p80_chr1	5	10	4591	414	913	0	0.3953545816197312	0.3281982660440512	0.25	0.22467714548110962	15.481954574584961	0.046733348892007184
cov10_n5_g0_s42_hotspots_p80_chr1	5	10	4592	620	1872	0	0.43056135110840543	0.3795089221396541	0.25	0.316632479429245	9.24547290802002	0.0476324534072056
cov10_n5_g0_s42_hotspots_p80_chr1	5	10	4593	576	1547	0	0.4140101484949586	0.35537389336273856	0.1111111111111111	0.26756367087364197	11.971199035644531	0.046971846302176476
cov10_n5_g0_s42_hotspots_p80_chr1	5	10	4594	304	507	0	0.37636688414149416	0.32540110547750417	0.25	0.3080848455429077	7.461946964263916	0.05132973636436036
cov10_n5_g0_s42_hotspots_p80_chr1	5	10	4595	393	1159	0	0.23128799721094548	0.1353558533863041	0.1111111111111111	0.12582111358642578	16.89542579650879	0.051095397667374955
cov10_n5_g0_s42_hotspots_p80_chr1	5	10	4596	428	1090	0	0.5849102184875616	0.5464051946781834	0.25	0.36441272497177124	12.881348609924316	0.04059965132474019
cov10_n5_g0_s42_hotspots_p80_chr1	5	10	4597	237	698	0	0.35817764659851276	0.31628129867192817	0.25	0.36529043316841125	4.807179927825928	0.05721734705587022
cov10_n5_g0_s42_hotspots_p80_chr1	5	10	4598	84	517	1	0.3046293131928356	0.24644989971967549	0.1111111111111111	0.24447351694107056	7.763360500335693	0.05373788176210957
cov10_n5_g0_s42_hotspots_p80_chr1	5	10	4599	932	2341	0	0.34201734234222486	0.30323055091746876	0.25	0.3828735947608948	3.989839792251587	0.06098024209543731
cov10_n5_g0_s42_hotspots_p80_chr1	5	10	4600	234	785	0	0.5514527698622478	0.5292993515037342	0.42857142857142855	0.7057913541793823	3.052347421646118	0.055373748582941855
cov10_n5_g0_s42_hotspots_p80_chr1	5	10	4601	407	861	0	0.15175509475588922	0.09889504174914279	0.1111111111111111	0.16164791584014893	4.406729698181152	0.06729287834723242
cov10_n5_g0_s42_hotspots_p80_chr1	5	10	4602	650	2207	0	0.5915775770109543	0.5593291707341088	0.42857142857142855	0.49391987919807434	7.172662258148193	0.04210853544602973
cov10_n5_g0_s42_hotspots_p80_chr1	5	10	4603	532	1647	0	0.39605847101292946	0.35699143376465325	0.1111111111111111	0.4073283076286316	4.727149963378906	0.05574636983201045
cov10_n5_g0_s42_hotspots_p80_chr1	5	10	4604	308	1080	0	0.22598716076541256	0.16876560356362869	0.1111111111111111	0.20496296882629395	6.078364372253418	0.05942776624486701
cov10_n5_g0_s42_hotspots_p80_chr1	5	10	4605	465	1627	0	0.47534316232367047	0.43441526600097935	0.25	0.40635621547698975	6.8418049812316895	0.04790847736199183
cov10_n5_g0_s42_hotspots_p80_chr1	5	10	4606	26	170	1	0.2518051675574556	0.19773573371847178	0.1111111111111111	0.23333339393138885	5.822982311248779	0.0589915196912485
cov10_n5_g0_s42_hotspots_p80_chr1	5	10	4607	646	1850	0	0.48979722569597395	0.4448985604685552	0.1111111111111111	0.3636419177055359	9.070991516113281	0.04538512447973233
cov10_n5_g0_s42_hotspots_p80_chr1	5	10	4608	380	1543	0	0.09802965456363316	0.04928695955968225	0.1111111111111111	0.11937538534402847	3.3717503547668457	0.07490258132442514
cov10_n5_g0_s42_hotspots_p80_chr1	5	10	4609	446	1445	0	0.35473657242236634	0.29404794195704087	0.1111111111111111	0.25070834159851074	10.010236740112305	0.04995177611030369
cov10_n5_g0_s42_hotspots_p80_chr1	5	10	4610	508	2048	0	0.30138832734257104	0.22318771917649272	0.0	0.17862564325332642	14.234271049499512	0.04985011614429537
cov10_n5_g0_s42_hotspots_p80_chr1	5	10	4611	365	1883	0	0.1731255334127516	0.12209280283119714	0.1111111111111111	0.1860690414905548	4.32856559753418	0.06676411732930819
cov10_n5_g0_s42_hotspots_p80_chr1	5	10	4612	278	1000	0	0.5259096620486776	0.48427393443559924	0.25	0.38743650913238525	9.212789535522461	0.043813544363970884
cov10_n5_g0_s42_hotspots_p80_chr1	5	10	4613	222	1109	0	0.3929250372202777	0.3371955479279367	0.1111111111111111	0.28325676918029785	9.62119197845459	0.04881528008461769
cov10_n5_g0_s42_hotspots_p80_chr1	5	10	4614	518	1884	0	0.5547378072989614	0.5140023393994686	0.25	0.37721681594848633	10.813429832458496	0.04207001348894022
cov10_n5_g0_s42_hotspots_p80_chr1	5	10	4615	338	1050	0	0.5479392587729105	0.5052786380042363	0.1111111111111111	0.3523864150047302	12.089171409606934	0.04209573877189032
cov10_n5_g0_s42_hotspots_p80_chr1	5	10	4616	803	1730	0	0.5894861975431306	0.5531015780883386	0.1111111111111111	0.41312453150749207	10.180176734924316	0.04077074985767678
cov10_n5_g0_s42_hotspots_p80_chr1	5	10	4617	607	1629	0	0.6420738865651927	0.6108399380561549	0.25	0.4228910207748413	11.52612018585205	0.03834107669325471
cov10_n5_g0_s42_hotspots_p80_chr1	5	10	4618	210	772	0	0.3608314718088769	0.2851823094585728	0.25	0.19350410997867584	17.385948181152344	0.04744945561770437
cov10_n5_g0_s42_hotspots_p80_chr1	5	10	4619	14	226	1	0.2696799505910405	0.19681254499043627	0.25	0.1818181872367859	11.0	0.05222329717580324
cov10_n5_g0_s42_hotspots_p80_chr1	5	10	4620	479	1248	0	0.41468169466825755	0.3578055147274922	0.1111111111111111	0.2780015766620636	11.125133514404297	0.04726070416331326
cov10_n5_g0_s42_hotspots_p80_chr1	5	10	4621	586	1235	0	0.5050304755577225	0.45692841578944116	0.25	0.3218137323856354	12.313912391662598	0.043658257237562205
cov10_n5_g0_s42_hotspots_p80_chr1	5	10	4622	322	1154	0	0.48886604771778663	0.44369753709577586	0.1111111111111111	0.36111947894096375	9.163214683532715	0.04537127517388842
cov10_n5_g0_s42_hotspots_p80_chr1	5	10	4623	299	997	0	0.542360939940315	0.5004561219865775	0.25	0.371858149766922	10.636340141296387	0.042613678522654255
cov10_n5_g0_s42_hotspots_p80_chr1	5	10	4624	8	129	1	0.19999999204598923	0.14666666666666686	0.1111111111111111	0.20000000298023224	4.999999523162842	0.06324555367458369
cov10_n5_g0_s42_hotspots_p80_chr1	5	10	4625	212	756	0	0.422476912281018	0.37234518325516663	0.1111111111111111	0.32279616594314575	8.564838409423828	0.04843009862947532
cov10_n5_g0_s42_hotspots_p80_chr1	5	10	4626	260	1204	0	0.3980948144192475	0.3334231182239582	0.1111111111111111	0.236323282122612	14.188287734985352	0.04689767495115921
cov10_n5_g0_s42_hotspots_p80_chr1	5	10	4627	345	1126	0	0.47394044919103584	0.42035945942355485	0.1111111111111111	0.28675463795661926	13.65830135345459	0.04451315736502564
cov10_n5_g0_s42_hotspots_p80_chr1	5	10	4628	272	859	0	0.6386703475900317	0.6101266928713185	0.25	0.5286687016487122	7.297202110290527	0.039618710064909836
cov10_n5_g0_s42_hotspots_p80_chr1	5	10	4629	346	1285	0	0.48833671084179964	0.446258854679724	0.25	0.39341744780540466	7.703738689422607	0.04642738025811796
cov10_n5_g0_s42_hotspots_p80_chr1	5	10	4630	38	84	1	0.2679333976790481	0.20661070313368238	0.1111111111111111	0.21517828106880188	7.752233028411865	0.05510487560225326
cov10_n5_g0_s42_hotspots_p80_chr1	5	10	4631	31	115	1	0.48028106145679383	0.4369271396115581	0.25	0.38100892305374146	7.944938659667969	0.04656483555076357
cov10_n5_g0_s42_hotspots_p80_chr1	5	10	4632	63	488	1	0.44914997676359286	0.40418222840453555	0.25	0.36623331904411316	7.520333766937256	0.04828036727258737
cov10_n5_g0_s42_hotspots_p80_chr1	5	10	4633	224	749	0	0.04338069845250575	-0.026161439639460077	0.0	0.04001133143901825	5.877559185028076	0.0665332747070394
cov10_n5_g0_s42_hotspots_p80_chr1	5	10	4634	129	435	1	0.5546822991638903	0.5170250321876855	0.1111111111111111	0.4266633987426758	8.450604438781738	0.042963554540225886
cov10_n5_g0_s42_hotspots_p80_chr1	5	10	4635	69	344	1	0.3559634663045636	0.2819627328850247	0.1111111111111111	0.19909484684467316	15.9830904006958	0.047818430312436655
cov10_n5_g0_s42_hotspots_p80_chr1	5	10	4636	44	726	1	0.41204209458547186	0.35861959767252527	0.1111111111111111	0.29943615198135376	9.467704772949219	0.04819851712564723
cov10_n5_g0_s42_hotspots_p80_chr1	5	10	4637	14	79	1	0.23717082856863428	0.10540925533894603	0.0	0.09375	32.0	0.04921254921257382
cov10_n5_g0_s42_hotspots_p80_chr1	5	10	4638	271	867	0	0.3333319121279323	0.27018283585292935	0.0	0.23466314375400543	10.088672637939453	0.050652716657966446
cov10_n5_g0_s42_hotspots_p80_chr1	5	10	4639	22	123	1	0.3651483899271942	0.31859300059552925	0.1111111111111111	0.3333333134651184	6.000000953674316	0.0540061711071529
cov10_n5_g0_s42_hotspots_p80_chr1	5	10	4640	640	1303	0	0.328508356167297	0.2679556444440762	0.1111111111111111	0.24375633895397186	9.081361770629883	0.05155253387024775
cov10_n5_g0_s42_hotspots_p80_chr1	5	10	4641	521	1384	0	0.30253220188077157	0.23368801796060587	0.0	0.20502805709838867	10.886460304260254	0.05121596530875285
cov10_n5_g0_s42_hotspots_p80_chr1	5	10	4642	158	429	1	0.5194855879994139	0.47697806263235837	0.25	0.37971270084381104	9.358510971069336	0.04401271327870339
cov10_n5_g0_s42_hotspots_p80_chr1	5	10	4643	41	207	1	0.394155385656087	0.3200273486168479	0.1111111111111111	0.19254085421562195	20.95362091064453	0.04619362834672021
cov10_n5_g0_s42_hotspots_p80_chr1	5	10	4644	60	365	1	0.282211331406963	0.2049482892586135	0.25	0.17547370493412018	12.932868003845215	0.05088379968761301
cov10_n5_g0_s42_hotspots_p80_chr1	5	10	4645	540	1551	0	0.5841024598341863	0.546658368134779	0.25	0.3982371687889099	10.756338119506836	0.04087688382353715
cov10_n5_g0_s42_hotspots_p80_chr1	5	10	4646	1082	2138	0	0.4487601011005599	0.39195708738099866	0.1111111111111111	0.27267688512802124	13.542593002319336	0.04538313927490245
cov10_n5_g0_s42_hotspots_p80_chr1	5	10	4647	306	831	0	0.38337964407378566	0.33245371129407586	0.1111111111111111	0.3102763891220093	7.633625507354736	0.050853813459413984
cov10_n5_g0_s42_hotspots_p80_chr1	5	10	4648	19	82	1	0.38524964802631395	0.3385407418574743	0.1111111111111111	0.33947205543518066	6.439414978027344	0.05238138798245318
cov10_n5_g0_s42_hotspots_p80_chr1	5	10	4649	289	664	0	0.4954721405131831	0.4538468497990525	0.25	0.3973436951637268	7.774559497833252	0.04605528641921522
cov10_n5_g0_s42_hotspots_p80_chr1	5	10	4650	291	1149	0	0.48810825440211664	0.44804901811390047	0.25	0.4155523180961609	6.898439884185791	0.047267772863703233
cov10_n5_g0_s42_hotspots_p80_chr1	5	10	4651	332	1083	0	0.5894171072119807	0.5554580715101172	0.25	0.4630647301673889	8.100876808166504	0.04156584130754742
cov10_n5_g0_s42_hotspots_p80_chr1	5	10	4652	320	933	0	0.2249475891994983	0.15944790090118946	0.1111111111111111	0.17946848273277283	7.855184078216553	0.05651516221740892
cov10_n5_g0_s42_hotspots_p80_chr1	5	10	4653	580	1196	0	0.20067826673857056	0.130699105577341	0.1111111111111111	0.15494658052921295	8.38700008392334	0.056706868661931094
cov10_n5_g0_s42_hotspots_p80_chr1	5	10	4654	292	1189	0	0.5631349386109312	0.5230604831807456	0.25	0.37779173254966736	11.109383583068848	0.0416679274666113
cov10_n5_g0_s42_hotspots_p80_chr1	5	10	4655	171	566	1	0.4826058564062794	0.4311526740316051	0.25	0.30167514085769653	12.796056747436523	0.044367643099881206
cov10_n5_g0_s42_hotspots_p80_chr1	5	10	4656	256	712	0	0.3127881796780091	0.24224752382533873	0.1111111111111111	0.20288974046707153	11.8836669921875	0.050372761832542974
cov10_n5_g0_s42_hotspots_p80_chr1	5	10	4657	482	1539	0	0.5288242864215645	0.48665739716440615	0.25	0.37883836030960083	9.74282455444336	0.04346036840219663
cov10_n5_g0_s42_hotspots_p80_chr1	5	10	4658	192	1104	1	0.5563658263650505	0.5183398521564128	0.25	0.4197685122489929	8.783571243286133	0.04271145783010835
cov10_n5_g0_s42_hotspots_p80_chr1	5	10	4659	2	94	1	0.15922346308972204	-0.2349263749970933	0.0	0.0422535240650177	70.99999237060547	0.049646638749105146
cov10_n5_g0_s42_hotspots_p80_chr1	5	10	4661	8	194	1	0.31622777142784575	0.28941438070815284	0.1111111111111111	0.5	2.0	0.07905694150420949
cov10_n5_g0_s42_hotspots_p80_chr1	5	10	4662	368	1339	0	0.6486782693684231	0.6311509412017037	0.42857142857142855	0.813572347164154	3.1786041259765625	0.048627998846069186
cov10_n5_g0_s42_hotspots_p80_chr1	5	10	4663	942	1523	0	0.4717697193646003	0.4283928307396212	0.25	0.38137882947921753	7.650978088378906	0.047189870336372806
cov10_n5_g0_s42_hotspots_p80_chr1	5	10	4664	326	1412	0	0.4484845981863781	0.3976114716932939	0.25	0.3173397183418274	9.986567497253418	0.046529374768976214
cov10_n5_g0_s42_hotspots_p80_chr1	5	10	4665	311	981	0	0.5143564830147678	0.47609876572940496	0.25	0.43396610021591187	7.024037837982178	0.04593226108524887
cov10_n5_g0_s42_hotspots_p80_chr1	5	10	4666	397	1279	0	0.33188720274813754	0.2689941007421315	0.1111111111111111	0.23525893688201904	9.950818061828613	0.050792552147093654
cov10_n5_g0_s42_hotspots_p80_chr1	5	10	4667	155	522	1	0.12472176257452808	0.08295626838440019	0.25	0.1703607439994812	2.6798806190490723	0.07945176487993946
cov10_n5_g0_s42_hotspots_p80_chr1	5	10	4668	571	1027	0	0.6389237773004448	0.6115063905061877	0.42857142857142855	0.5567114353179932	6.585790634155273	0.0401804527915184
cov10_n5_g0_s42_hotspots_p80_chr1	5	10	4669	474	1339	0	0.24559814592528387	0.1566034119120423	0.1111111111111111	0.1405712217092514	15.262556076049805	0.0511482319256178
cov10_n5_g0_s42_hotspots_p80_chr1	5	10	4670	813	2357	0	0.5296666774645261	0.4874495180767302	0.25	0.3776283264160156	9.836627006530762	0.04338916063089715
cov10_n5_g0_s42_hotspots_p80_chr1	5	10	4671	846	1921	0	0.30769313274066745	0.23710645563136942	0.1111111111111111	0.20128008723258972	11.684335708618164	0.050630108949967605
cov10_n5_g0_s42_hotspots_p80_chr1	5	10	4672	311	1197	0	0.44163255897571546	0.3878642214456691	0.25	0.29650190472602844	11.092698097229004	0.04630721227400782
cov10_n5_g0_s42_hotspots_p80_chr1	5	10	4673	667	1832	0	0.5004136858739308	0.45844052795828544	0.25	0.39252379536628723	8.12636661529541	0.04555857658878323
cov10_n5_g0_s42_hotspots_p80_chr1	5	10	4674	164	414	1	0.35438653205780263	0.28571433716627187	0.1111111111111111	0.21791772544384003	13.223280906677246	0.04853569444175587
cov10_n5_g0_s42_hotspots_p80_chr1	5	10	4675	857	1470	0	0.48468659563962396	0.43145385669494657	0.25	0.2814500033855438	14.82823657989502	0.04399700196141946
cov10_n5_g0_s42_hotspots_p80_chr1	5	10	4676	230	522	0	0.5393854832933987	0.5221196529882735	0.42857142857142855	0.8316745162010193	2.1031088829040527	0.06546151280150007
cov10_n5_g0_s42_hotspots_p80_chr1	5	10	4677	36	152	1	0.2867351108083941	0.2331716425177643	0.1111111111111111	0.25602173805236816	6.271595001220703	0.0566833713647085
cov10_n5_g0_s42_hotspots_p80_chr1	5	10	4678	554	1718	0	0.43750659084070037	0.3850311548660891	0.25	0.30623358488082886	10.205483436584473	0.0468365650661194
cov10_n5_g0_s42_hotspots_p80_chr1	5	10	4679	361	1125	0	0.28338757557776717	0.23551623988398712	0.1111111111111111	0.28284814953804016	5.019089698791504	0.05980176227210511
cov10_n5_g0_s42_hotspots_p80_chr1	5	10	4680	678	1388	0	0.37084501764588174	0.32570016053716105	0.25	0.345752090215683	5.752084255218506	0.05426200246834598
cov10_n5_g0_s42_hotspots_p80_chr1	5	10	4681	940	2488	0	0.4971672920391157	0.44529651933661235	0.25	0.28265127539634705	15.469392776489258	0.04352919589564407
cov10_n5_g0_s42_hotspots_p80_chr1	5	10	4682	232	760	0	0.35554157311090784	0.2864666132268143	0.1111111111111111	0.21655608713626862	13.477519989013672	0.048421997720334564
cov10_n5_g0_s42_hotspots_p80_chr1	5	10	4683	1	11	1	0.0	-0.04134491152973611	0.0	0.0	2.0	0.09354143466934854
cov10_n5_g0_s42_hotspots_p80_chr1	5	10	4684	337	1093	0	0.5196476103887998	0.4759144524466527	0.25	0.364446759223938	10.165287017822266	0.04367426285662032
cov10_n5_g0_s42_hotspots_p80_chr1	5	10	4685	602	2477	0	0.43778586625043076	0.39986646641118356	0.25	0.4330218434333801	5.110623359680176	0.05273306703307273
cov10_n5_g0_s42_hotspots_p80_chr1	5	10	4686	3	45	1	0.31622777142784575	0.28941438070815284	0.1111111111111111	0.5	2.0	0.07905694150420949
cov10_n5_g0_s42_hotspots_p80_chr1	5	10	4687	114	367	1	0.4386191363320905	0.3889546065911142	0.25	0.3271062672138214	8.990161895751953	0.04748555178949385
cov10_n5_g0_s42_hotspots_p80_chr1	5	10	4688	201	684	0	0.49196262229108945	0.45088687607740097	0.25	0.4039106070995331	7.417605400085449	0.04653629568209224
cov10_n5_g0_s42_hotspots_p80_chr1	5	10	4689	771	1976	0	0.49869520180046617	0.45152510488346087	0.25	0.3365445137023926	10.97881031036377	0.04422481501504977
cov10_n5_g0_s42_hotspots_p80_chr1	5	10	4690	25	174	1	0.25150305259384126	0.08411958322029027	0.1111111111111111	0.07675844430923462	53.67897033691406	0.04846724295332225
cov10_n5_g0_s42_hotspots_p80_chr1	5	10	4692	304	1141	0	0.4848541389650854	0.43454103789013376	0.25	0.3116001486778259	12.105894088745117	0.04443595353037619
cov10_n5_g0_s42_hotspots_p80_chr1	5	10	4693	686	2375	0	0.5233596777605592	0.4757281852583411	0.25	0.30434855818748474	14.785229682922363	0.042704749376980516
cov10_n5_g0_s42_hotspots_p80_chr1	5	10	4694	590	1451	0	0.43931285772886763	0.39682303577938105	0.25	0.3876079320907593	6.422919750213623	0.05008109249821622
cov10_n5_g0_s42_hotspots_p80_chr1	5	10	4695	403	1316	0	0.6153968151375486	0.5819445615684339	0.25	0.43729254603385925	9.902305603027344	0.039697222307640494
cov10_n5_g0_s42_hotspots_p80_chr1	5	10	4696	720	1909	0	0.5429614896121486	0.5065420966936593	0.25	0.4509712755680084	7.247868537902832	0.04438230071508982
cov10_n5_g0_s42_hotspots_p80_chr1	5	10	4697	595	1308	0	0.4854018030836463	0.44162738867788365	0.25	0.37605637311935425	8.330418586730957	0.04604609382267786
cov10_n5_g0_s42_hotspots_p80_chr1	5	10	4698	300	706	0	0.28119124296587206	0.13301156907996575	0.0	0.07970252633094788	62.23423385620117	0.04798272005026397
cov10_n5_g0_s42_hotspots_p80_chr1	5	10	4699	46	165	1	0.28629914368568965	0.144100754065907	0.0	0.08196712285280228	61.00012969970703	0.047907013758052945
cov10_n5_g0_s42_hotspots_p80_chr1	5	10	4700	59	332	1	0.28118253607903465	0.13292498074717457	0.0	0.07921823859214783	62.99357223510742	0.04798272313148806
cov10_n5_g0_s42_hotspots_p80_chr1	5	10	4701	135	851	1	0.3235548297788875	0.25649192720139086	0.1111111111111111	0.21732328832149506	11.082894325256348	0.05041079077582377
cov10_n5_g0_s42_hotspots_p80_chr1	5	10	4702	652	1745	0	0.5038275145176226	0.4562226937174894	0.1111111111111111	0.32854926586151123	11.757981300354004	0.04382192677097703
cov10_n5_g0_s42_hotspots_p80_chr1	5	10	4703	694	1935	0	0.42141634183259385	0.36999708201353815	0.25	0.3135840594768524	9.029937744140625	0.04812861720551657
cov10_n5_g0_s42_hotspots_p80_chr1	5	10	4704	416	1381	0	0.5395014057508487	0.5056767673030763	0.25	0.4903002679347992	6.05383825302124	0.045970690108799735
cov10_n5_g0_s42_hotspots_p80_chr1	5	10	4705	539	1451	0	0.15369499184648658	0.09770265587965853	0.25	0.15479589998722076	4.92913293838501	0.06528371431593252
cov10_n5_g0_s42_hotspots_p80_chr1	5	10	4706	665	2094	0	0.5251026470819432	0.4861590733832445	0.42857142857142855	0.4224720895290375	7.724356651306152	0.044787242634925416
cov10_n5_g0_s42_hotspots_p80_chr1	5	10	4707	1054	2525	0	0.5688184789667345	0.5276923232689902	0.25	0.32239872217178345	15.564345359802246	0.04112327920937892
cov10_n5_g0_s42_hotspots_p80_chr1	5	10	4708	517	1657	0	0.4741497137735631	0.41854721219882646	0.25	0.2666216194629669	15.81285285949707	0.04424237851951771
cov10_n5_g0_s42_hotspots_p80_chr1	5	10	4709	842	2181	0	0.4021352973153907	0.3387355244499355	0.25	0.2423504739999771	13.766596794128418	0.04686408476794736
cov10_n5_g0_s42_hotspots_p80_chr1	5	10	4710	734	1814	0	0.526256943884894	0.48997988900428485	0.25	0.457751989364624	6.608536720275879	0.045855568185824806
cov10_n5_g0_s42_hotspots_p80_chr1	5	10	4711	934	2016	0	0.6664978653796042	0.6395442389148527	0.42857142857142855	0.5275979042053223	7.979237079620361	0.037796509330281114
cov10_n5_g0_s42_hotspots_p80_chr1	5	10	4712	498	1631	0	0.5112535703480362	0.4690477390761803	0.42857142857142855	0.38678181171417236	8.735960006713867	0.0446873388288815
cov10_n5_g0_s42_hotspots_p80_chr1	5	10	4713	645	1677	0	0.6777671636759828	0.6506795353112439	0.42857142857142855	0.47232797741889954	10.295412063598633	0.03677625760068153
cov10_n5_g0_s42_hotspots_p80_chr1	5	10	4714	145	696	1	0.47152239159382553	0.4141748831050836	0.25	0.2500312328338623	17.7822208404541	0.04419041799621596
cov10_n5_g0_s42_hotspots_p80_chr1	5	10	4715	136	581	1	0.47084788018381235	0.4200382034310668	0.42857142857142855	0.3131479024887085	11.304000854492188	0.04516706382686859
cov10_n5_g0_s42_hotspots_p80_chr1	5	10	4716	527	1428	0	0.43765964619237663	0.4061693794350307	0.42857142857142855	0.5113065838813782	3.663365602493286	0.05792780128436426
cov10_n5_g0_s42_hotspots_p80_chr1	5	10	4717	271	1090	0	0.629802407195648	0.5992685200066195	0.42857142857142855	0.4899307191371918	8.262457847595215	0.03953749415870464
cov10_n5_g0_s42_hotspots_p80_chr1	5	10	4718	973	2430	0	0.661484269718638	0.634858328168737	0.42857142857142855	0.548015296459198	7.284900665283203	0.038416157966715346
cov10_n5_g0_s42_hotspots_p80_chr1	5	10	4719	504	1721	0	0.6333811942054629	0.6195032272053719	0.42857142857142855	0.9396829605102539	2.27163028717041	0.057482531432313334
cov10_n5_g0_s42_hotspots_p80_chr1	5	10	4720	681	2296	0	0.5040024587312298	0.45853555144252683	0.25	0.35253220796585083	10.21969223022461	0.04427717155406112
cov10_n5_g0_s42_hotspots_p80_chr1	5	10	4721	567	2570	0	0.4580921803467696	0.40528008258846143	0.25	0.3003261387348175	11.632941246032715	0.04552915620119506
cov10_n5_g0_s42_hotspots_p80_chr1	5	10	4722	355	1477	0	0.5314855618315563	0.4927060665128631	0.42857142857142855	0.42237889766693115	7.916778087615967	0.044351217388641166
cov10_n5_g0_s42_hotspots_p80_chr1	5	10	4723	619	1497	0	0.4949139531099192	0.447147447381892	0.25	0.33217254281044006	11.099464416503906	0.04433190609819461
cov10_n5_g0_s42_hotspots_p80_chr1	5	10	4724	825	2012	0	0.557235254499335	0.5160624941986608	0.42857142857142855	0.36568573117256165	11.609971046447754	0.04181186481327859
cov10_n5_g0_s42_hotspots_p80_chr1	5	10	4725	782	1774	0	0.49489673349779006	0.4459362552005779	0.25	0.3195216655731201	11.994953155517578	0.04409644742942298
cov10_n5_g0_s42_hotspots_p80_chr1	5	10	4726	1008	2299	0	0.7025294944467371	0.6790828964287423	0.42857142857142855	0.4363052248954773	12.963379859924316	0.035815200107953096
cov10_n5_g0_s42_hotspots_p80_chr1	5	10	4727	491	1760	0	0.4649758413607587	0.4104172747721607	0.25	0.28326112031936646	13.472769737243652	0.04484965821037003
cov10_n5_g0_s42_hotspots_p80_chr1	5	10	4728	786	1357	0	0.5193524780956759	0.47977673466721643	0.42857142857142855	0.41615334153175354	7.787313461303711	0.044993425011285636
cov10_n5_g0_s42_hotspots_p80_chr1	5	10	4729	1341	2634	0	0.5843641285978728	0.5456825282231802	0.25	0.3259565234184265	16.070070266723633	0.04059631767115156
cov10_n5_g0_s42_hotspots_p80_chr1	5	10	4730	197	679	1	0.36089230618636087	0.31890349627533937	0.25	0.3658578395843506	4.865197658538818	0.05692081548710993
cov10_n5_g0_s42_hotspots_p80_chr1	5	10	4731	639	1612	0	0.24130733411074815	0.18555588183597346	0.1111111111111111	0.2200925350189209	6.010359287261963	0.058985421270573136
cov10_n5_g0_s42_hotspots_p80_chr1	5	10	4732	848	1852	0	0.4889726727967804	0.4401091221225962	0.25	0.3238941729068756	11.395486831665039	0.04446857980412844
cov10_n5_g0_s42_hotspots_p80_chr1	5	10	4733	472	1492	0	0.1728999987852202	0.09893661947289611	0.1111111111111111	0.13103733956813812	8.705021858215332	0.05727797167932147
cov10_n5_g0_s42_hotspots_p80_chr1	5	10	4734	753	1963	0	0.4720154204590425	0.4220972394203567	0.25	0.3206498324871063	10.834785461425781	0.04528180959434668
cov10_n5_g0_s42_hotspots_p80_chr1	5	10	4735	433	1724	0	0.29720857211284557	0.22219873376657934	0.1111111111111111	0.18567578494548798	12.81097412109375	0.05047124946892344
cov10_n5_g0_s42_hotspots_p80_chr1	5	10	4736	459	1485	0	0.4987118555916474	0.4487545911536508	0.25	0.3053564429283142	13.336910247802734	0.04370888101481589
cov10_n5_g0_s42_hotspots_p80_chr1	5	10	4737	532	1359	0	0.7008899087187517	0.6797584911667252	0.42857142857142855	0.661314845085144	5.616335391998291	0.037670629701650804
cov10_n5_g0_s42_hotspots_p80_chr1	5	10	4738	212	763	0	0.4961657722149543	0.4700261855664453	0.25	0.615108847618103	3.2532663345336914	0.0571554731599983
cov10_n5_g0_s42_hotspots_p80_chr1	5	10	4739	457	1458	0	0.3786073594982613	0.3311325857870357	0.1111111111111111	0.33183753490448	6.50874137878418	0.052548135295647655
cov10_n5_g0_s42_hotspots_p80_chr1	5	10	4743	111	302	1	0.18257418744184883	0.122534993651687	0.1111111111111111	0.16666463017463684	6.000146865844727	0.061236911020604586
cov10_n5_g0_s42_hotspots_p80_chr1	5	10	4744	71	479	1	0.25649887503438223	0.21526486819670887	0.1111111111111111	0.3038233816623688	3.5636789798736572	0.06699622496022904
cov10_n5_g0_s42_hotspots_p80_chr1	5	10	4745	321	620	0	0.2101027882073892	0.1366919080239652	0.1111111111111111	0.15306873619556427	9.420210838317871	0.05533164033736352
cov10_n5_g0_s42_hotspots_p80_chr1	5	10	4746	350	1251	0	0.042412178387908644	-0.030056148075983637	0.0	0.03768586739897728	6.332776069641113	0.06546318604491225
cov10_n5_g0_s42_hotspots_p80_chr1	5	10	4747	197	938	1	0.4600152690307434	0.4128318066940107	0.25	0.34673011302948	8.80098819732666	0.046761571613071554
cov10_n5_g0_s42_hotspots_p80_chr1	5	10	4748	414	2624	0	0.44959648779731637	0.38984234470203005	0.25	0.2496732920408249	16.213308334350586	0.04497338244458944
cov10_n5_g0_s42_hotspots_p80_chr1	5	10	4749	217	748	0	0.45556238002075705	0.41018372636731865	0.1111111111111111	0.36279866099357605	7.883778095245361	0.047660686998235904
cov10_n5_g0_s42_hotspots_p80_chr1	5	10	4750	98	288	1	0.3899839851346012	0.33175068926151163	0.1111111111111111	0.26900988817214966	10.50816822052002	0.0484200503492401
cov10_n5_g0_s42_hotspots_p80_chr1	5	10	4751	310	1077	0	0.3910921481985856	0.32575934768301884	0.25	0.23361769318580627	14.012534141540527	0.04715898659997463
cov10_n5_g0_s42_hotspots_p80_chr1	5	10	4752	527	1379	0	0.2998340236889464	0.23547354543829094	0.1111111111111111	0.21884752810001373	9.385308265686035	0.052322377724224
cov10_n5_g0_s42_hotspots_p80_chr1	5	10	4753	213	998	0	0.33847853863729915	0.28598334925334573	0.25	0.2859659492969513	7.004926681518555	0.05342872300797632
cov10_n5_g0_s42_hotspots_p80_chr1	5	10	4754	623	1502	0	0.5386211301447341	0.5170962944049842	0.25	0.7194158434867859	2.802700996398926	0.057990553263428814
cov10_n5_g0_s42_hotspots_p80_chr1	5	10	4755	489	983	0	0.7416474667863184	0.7230157729217911	0.42857142857142855	0.6824042201042175	5.905838966369629	0.0347063129187385
cov10_n5_g0_s42_hotspots_p80_chr1	5	10	4756	10	35	1	0.6215188818787135	0.5894831259355294	0.42857142857142855	0.4642857313156128	8.95999813079834	0.03966939289820526
cov10_n5_g0_s42_hotspots_p80_chr1	5	10	4757	281	1515	0	0.5508926366206481	0.5151186207124704	0.25	0.4573603868484497	7.254156112670898	0.0440039578521941
cov10_n5_g0_s42_hotspots_p80_chr1	5	10	4758	386	1671	0	0.45199474180497734	0.40931173241953644	0.25	0.38747119903564453	6.803899765014648	0.04898801689551004
cov10_n5_g0_s42_hotspots_p80_chr1	5	10	4759	1004	2267	0	0.5973280153162573	0.574051494961708	0.42857142857142855	0.6757485866546631	3.906838893890381	0.048174419272488674
cov10_n5_g0_s42_hotspots_p80_chr1	5	10	4760	673	1247	0	0.5752578711872768	0.5394024988733866	0.25	0.44084593653678894	8.513762474060059	0.041999779141523995
cov10_n5_g0_s42_hotspots_p80_chr1	5	10	4761	443	1539	0	0.554595030166286	0.5200724690997893	0.1111111111111111	0.47511357069015503	6.812822341918945	0.04426294044722108
cov10_n5_g0_s42_hotspots_p80_chr1	5	10	4762	625	1817	0	0.6378748148461515	0.6075089647492813	0.25	0.47962313890457153	8.843835830688477	0.0389268317446344
cov10_n5_g0_s42_hotspots_p80_chr1	5	10	4763	411	1465	0	0.6297981011875448	0.5983281562037412	0.25	0.4636704921722412	9.2247314453125	0.03920077207435719
cov10_n5_g0_s42_hotspots_p80_chr1	5	10	4764	283	1077	0	0.3919260399541895	0.34763911432333666	0.42857142857142855	0.3600837290287018	5.923401355743408	0.05300806734646265
cov10_n5_g0_s42_hotspots_p80_chr1	5	10	4765	777	1725	0	0.7403165894424839	0.720329034268632	0.42857142857142855	0.6178396344184875	7.178825855255127	0.0339416185053178
cov10_n5_g0_s42_hotspots_p80_chr1	5	10	4766	823	1935	0	0.46625360662772225	0.4219784612948306	0.25	0.3728759288787842	7.8178229331970215	0.04727082702004867
cov10_n5_g0_s42_hotspots_p80_chr1	5	10	4767	143	390	1	0.3793659729274686	0.2973863074920019	0.1111111111111111	0.16473416984081268	26.516693115234375	0.04634361155052635
cov10_n5_g0_s42_hotspots_p80_chr1	5	10	4769	1	26	1	0.19999999204598923	0.14666666666666728	0.1111111111111111	0.20000000298023224	4.999999523162842	0.06324555367458369
cov10_n5_g0_s42_hotspots_p80_chr1	5	10	4770	468	889	0	0.45615409865077605	0.39449808384503016	0.25	0.22180315852165222	21.147436141967773	0.04452047202081736
cov10_n5_g0_s42_hotspots_p80_chr1	5	10	4771	341	886	0	0.483065903405028	0.43931134422784346	0.25	0.3766072392463684	8.226318359375	0.04622204188147275
cov10_n5_g0_s42_hotspots_p80_chr1	5	10	4772	388	1267	0	0.34630924392689433	0.280656298148805	0.1111111111111111	0.22805428504943848	11.52979564666748	0.049435575316141005
cov10_n5_g0_s42_hotspots_p80_chr1	5	10	4773	698	2839	0	0.21028872120192668	0.1524111727909766	0.1111111111111111	0.19232532382011414	5.977629661560059	0.06024535762827331
cov10_n5_g0_s42_hotspots_p80_chr1	5	10	4774	1050	2226	0	0.42505952136710695	0.36718240223122256	0.1111111111111111	0.27114784717559814	12.287321090698242	0.04649268314581602
cov10_n5_g0_s42_hotspots_p80_chr1	5	10	4775	196	902	1	0.44710987811491343	0.3987565878353472	0.1111111111111111	0.3374350666999817	8.77845573425293	0.04729445302497575
cov10_n5_g0_s42_hotspots_p80_chr1	5	10	4777	544	1551	0	0.4346288276139044	0.38362549366940024	0.25	0.3170391619205475	9.396828651428223	0.04738185750715262
cov10_n5_g0_s42_hotspots_p80_chr1	5	10	4778	498	1570	0	0.6682953651453659	0.6429433274746719	0.42857142857142855	0.5754595994949341	6.743373870849609	0.03842360463766498
cov10_n5_g0_s42_hotspots_p80_chr1	5	10	4779	532	1791	0	0.49214643419864784	0.45072975440255625	0.1111111111111111	0.40012529492378235	7.564263820648193	0.04638836755365056
cov10_n5_g0_s42_hotspots_p80_chr1	5	10	4780	689	2323	0	0.5823727013093282	0.5479252284817552	0.25	0.4601210057735443	8.009916305541992	0.04195188560788447
cov10_n5_g0_s42_hotspots_p80_chr1	5	10	4781	359	1697	0	0.717493596023347	0.6960522365288431	0.42857142857142855	0.6182583570480347	6.733890533447266	0.03556669959770918
cov10_n5_g0_s42_hotspots_p80_chr1	5	10	4782	331	1853	0	0.4428011897591503	0.3903224461580073	0.1111111111111111	0.3057619035243988	10.486263275146484	0.046510494480654425
cov10_n5_g0_s42_hotspots_p80_chr1	5	10	4783	545	1920	0	0.19285640195597414	0.13338817792091953	0.1111111111111111	0.17552343010902405	6.036260604858398	0.06077171523112367
cov10_n5_g0_s42_hotspots_p80_chr1	5	10	4784	403	1466	0	0.21464910663852513	0.14773154943229916	0.1111111111111111	0.1699817180633545	7.973036289215088	0.056726321286313816
cov10_n5_g0_s42_hotspots_p80_chr1	5	10	4786	184	703	1	0.21535277693389637	-0.04687027472778217	0.0	0.05797039717435837	69.0014877319336	0.048900956645590216
cov10_n5_g0_s42_hotspots_p80_chr1	5	10	4787	595	1452	0	0.400779545883032	0.3604462334972324	0.25	0.3971807360649109	5.091019630432129	0.05449220354480406
cov10_n5_g0_s42_hotspots_p80_chr1	5	10	4788	669	1260	0	0.6440105200092724	0.6147272899329445	0.42857142857142855	0.4998674988746643	8.299388885498047	0.03881748931579441
cov10_n5_g0_s42_hotspots_p80_chr1	5	10	4789	401	1475	0	0.29370498126290867	0.2480957095163532	0.25	0.30257511138916016	4.711142539978027	0.0603357977949102
cov10_n5_g0_s42_hotspots_p80_chr1	5	10	4790	861	1983	0	0.2251872589021414	0.1555498551629945	0.1111111111111111	0.1692594289779663	8.850174903869629	0.0553724147367553
cov10_n5_g0_s42_hotspots_p80_chr1	5	10	4791	618	1592	0	0.36904022280144577	0.3069884593195538	0.1111111111111111	0.24733908474445343	11.13094425201416	0.04884977178491623
cov10_n5_g0_s42_hotspots_p80_chr1	5	10	4792	839	1829	0	0.40943177720632423	0.36552494297761373	0.25	0.3685094714164734	6.172141075134277	0.05179461180664041
cov10_n5_g0_s42_hotspots_p80_chr1	5	10	4793	520	957	0	0.5051710763867275	0.45343248917325374	0.1111111111111111	0.261887788772583	18.604434967041016	0.04315604132367245
cov10_n5_g0_s42_hotspots_p80_chr1	5	10	4794	776	1634	0	0.3772782727058333	0.3070289344008823	0.25	0.21286073327064514	15.707334518432617	0.047238786124280244
cov10_n5_g0_s42_hotspots_p80_chr1	5	10	4795	336	887	0	0.25746924530481086	0.2150264528495579	0.1111111111111111	0.29674574732780457	3.7640178203582764	0.06585735283818336
cov10_n5_g0_s42_hotspots_p80_chr1	5	10	4796	984	1654	0	0.6099934791861993	0.5746995310993775	0.25	0.38147392868995667	12.784707069396973	0.03962778266218081
cov10_n5_g0_s42_hotspots_p80_chr1	5	10	4797	887	1746	0	0.4904959790677094	0.4436655109056513	0.42857142857142855	0.3437538743019104	10.179950714111328	0.04482336697680396
cov10_n5_g0_s42_hotspots_p80_chr1	5	10	4798	427	1800	0	0.5466125466742928	0.5080456926972512	0.25	0.41801682114601135	8.549520492553711	0.043266457956505466
cov10_n5_g0_s42_hotspots_p80_chr1	5	10	4799	670	2639	0	0.5229000103599538	0.47562061249897064	0.25	0.3118683695793152	14.056090354919434	0.0427779419088894
cov10_n5_g0_s42_hotspots_p80_chr1	5	10	4800	560	1557	0	0.3912390075600151	0.3290345205102131	0.1111111111111111	0.24867600202560425	12.376174926757812	0.0476090843823567
cov10_n5_g0_s42_hotspots_p80_chr1	5	10	4801	732	1661	0	0.5383971593932886	0.49622559552965156	0.42857142857142855	0.3715773820877075	10.497285842895508	0.04281234949363908
cov10_n5_g0_s42_hotspots_p80_chr1	5	10	4802	393	1280	0	0.48982659378693616	0.4421889045090326	0.25	0.3358555734157562	10.635296821594238	0.04467721646525734
cov10_n5_g0_s42_hotspots_p80_chr1	5	10	4803	584	2135	0	0.39668332738825374	0.3541028324553974	0.1111111111111111	0.37575241923332214	5.572554588317871	0.053519849444900625
cov10_n5_g0_s42_hotspots_p80_chr1	5	10	4804	802	1986	0	0.4067264265477096	0.34815427596723386	0.25	0.2681235373020172	11.505483627319336	0.04739009127365155
cov10_n5_g0_s42_hotspots_p80_chr1	5	10	4805	744	2124	0	0.6954394736423556	0.6703861065986102	0.42857142857142855	0.5102858543395996	9.28670597076416	0.0359802861747071
cov10_n5_g0_s42_hotspots_p80_chr1	5	10	4806	1116	2666	0	0.6960726645298967	0.6721273999532681	0.42857142857142855	0.5684468746185303	7.497206211090088	0.03640128463423579
cov10_n5_g0_s42_hotspots_p80_chr1	5	10	4807	659	1808	0	0.6605609946829442	0.634002034016297	0.25	0.5515449047088623	7.171899795532227	0.03853815227172989
cov10_n5_g0_s42_hotspots_p80_chr1	5	10	4808	161	951	1	0.5226945979771125	0.4880184663435443	0.42857142857142855	0.4805978536605835	5.914287090301514	0.04701634660694412
cov10_n5_g0_s42_hotspots_p80_chr1	5	10	4809	756	2549	0	0.6820870041961631	0.6554581654116902	0.42857142857142855	0.4751293659210205	10.304473876953125	0.03657073076036265
cov10_n5_g0_s42_hotspots_p80_chr1	5	10	4810	850	2280	0	0.7522694444801525	0.732782853261903	0.25	0.564018964767456	8.894660949707031	0.03294302138455085
cov10_n5_g0_s42_hotspots_p80_chr1	5	10	4811	500	1403	0	0.19301336284909149	0.12736793174241	0.1111111111111111	0.15990951657295227	7.284440040588379	0.058450311219659906
cov10_n5_g0_s42_hotspots_p80_chr1	5	10	4812	487	1644	0	0.4792246897309723	0.4290684821581876	0.25	0.3158565163612366	11.509822845458984	0.04479672211554714
cov10_n5_g0_s42_hotspots_p80_chr1	5	10	4813	764	2057	0	0.6381270981086372	0.6069403927056946	0.42857142857142855	0.45001667737960815	10.053728103637695	0.038642417709335665
cov10_n5_g0_s42_hotspots_p80_chr1	5	10	4814	952	2531	0	0.2714244087709632	0.21579516959708447	0.25	0.23855027556419373	6.473034858703613	0.05690638536583227
cov10_n5_g0_s42_hotspots_p80_chr1	5	10	4815	804	2366	0	0.44861532352921013	0.4076604343420914	0.25	0.4038686454296112	6.169329643249512	0.05006804208828169
cov10_n5_g0_s42_hotspots_p80_chr1	5	10	4816	765	1700	0	0.6011649420306499	0.5646801525559898	0.42857142857142855	0.36942827701568604	13.240276336669922	0.03996182726327147
cov10_n5_g0_s42_hotspots_p80_chr1	5	10	4817	892	2211	0	0.4055614450888729	0.3660621663017811	0.25	0.406810998916626	4.96933126449585	0.05460195855845883
cov10_n5_g0_s42_hotspots_p80_chr1	5	10	4818	476	1530	0	0.5714035491525837	0.5349917775870805	0.25	0.4344383478164673	8.64967155456543	0.04210641221802623
cov10_n5_g0_s42_hotspots_p80_chr1	5	10	4819	787	2661	0	0.40169731765108707	0.3448296554932709	0.25	0.2776584327220917	10.465166091918945	0.04802235378042569
cov10_n5_g0_s42_hotspots_p80_chr1	5	10	4820	412	1223	0	0.37568404459339133	0.32142584056063833	0.25	0.2883070111274719	8.489950180053711	0.05030699706320611
cov10_n5_g0_s42_hotspots_p80_chr1	5	10	4821	833	1842	0	0.4206693052925956	0.3773924818280239	0.25	0.3767503499984741	6.233677864074707	0.05120043982214238
cov10_n5_g0_s42_hotspots_p80_chr1	5	10	4822	852	1864	0	0.4531125483893755	0.4056513625146956	0.25	0.3447006344795227	8.639686584472656	0.047151974078501434
cov10_n5_g0_s42_hotspots_p80_chr1	5	10	4823	744	1864	0	0.4949592335819215	0.4494116134933195	0.25	0.3553779125213623	9.699023246765137	0.04485420816560073
cov10_n5_g0_s42_hotspots_p80_chr1	5	10	4824	308	1226	0	0.4849953832012953	0.4349064619079418	0.1111111111111111	0.3137357234954834	11.948606491088867	0.0444687359811435
cov10_n5_g0_s42_hotspots_p80_chr1	5	10	4825	74	366	1	0.3837342180091779	0.33276452294190634	0.25	0.31009092926979065	7.656899452209473	0.05081397321226825
cov10_n5_g0_s42_hotspots_p80_chr1	5	10	4826	1075	2585	0	0.4892068333783025	0.43965228006220375	0.25	0.3167642056941986	11.925673484802246	0.04432085192077835
cov10_n5_g0_s42_hotspots_p80_chr1	5	10	4827	242	1100	0	0.4103382135465465	0.35002570804784217	0.25	0.25821393728256226	12.626837730407715	0.04689227289461334
cov10_n5_g0_s42_hotspots_p80_chr1	5	10	4828	336	1144	0	0.3889725240599762	0.32939752823587654	0.25	0.2618435025215149	11.033778190612793	0.04820443268251363
cov10_n5_g0_s42_hotspots_p80_chr1	5	10	4829	248	790	0	0.3944691967987257	0.33852741207674353	0.1111111111111111	0.28224703669548035	9.76646614074707	0.04866882575288483
cov10_n5_g0_s42_hotspots_p80_chr1	5	10	4830	600	1615	0	0.3829637761008457	0.3186360268661632	0.25	0.2383040487766266	12.912862777709961	0.047712751916802625
cov10_n5_g0_s42_hotspots_p80_chr1	5	10	4831	89	738	1	0.39332233049652204	0.3397643760322746	0.1111111111111111	0.29613277316093445	8.820521354675293	0.04936077342639887
cov10_n5_g0_s42_hotspots_p80_chr1	5	10	4832	256	856	0	0.29899779250861974	0.20557040449038383	0.1111111111111111	0.14594504237174988	20.985881805419922	0.04864065456610091
cov10_n5_g0_s42_hotspots_p80_chr1	5	10	4833	69	454	1	0.2875966360382715	0.17123982292120615	0.1111111111111111	0.1120312437415123	32.95029830932617	0.048158104835602955
cov10_n5_g0_s42_hotspots_p80_chr1	5	10	4834	381	1558	0	0.6635060332962002	0.6379839373415985	0.25	0.5774053335189819	6.602345943450928	0.03881030905392194
cov10_n5_g0_s42_hotspots_p80_chr1	5	10	4835	539	1636	0	0.4874625531767979	0.45724904083917356	0.25	0.5443181991577148	4.0100226402282715	0.053810766052508945
cov10_n5_g0_s42_hotspots_p80_chr1	5	10	4836	651	1888	0	0.28539980980936713	0.18203911876332057	0.1111111111111111	0.12850771844387054	24.661474227905273	0.048624324319126805
cov10_n5_g0_s42_hotspots_p80_chr1	5	10	4837	376	1256	0	0.5120405198039159	0.48381792386917477	0.25	0.5807111263275146	3.887392044067383	0.05302799152327164
cov10_n5_g0_s42_hotspots_p80_chr1	5	10	4838	789	1751	0	0.4530723073356146	0.3998020473290284	0.1111111111111111	0.298040509223938	11.554586410522461	0.045734219809705205
cov10_n5_g0_s42_hotspots_p80_chr1	5	10	4839	339	1536	0	0.3069014940824276	0.2322310020037678	0.25	0.1892549842596054	13.14841365814209	0.05004408204089547
cov10_n5_g0_s42_hotspots_p80_chr1	5	10	4840	323	1126	0	0.2577437926189365	0.18686569662836686	0.1111111111111111	0.18194305896759033	10.034032821655273	0.053254531513542855
cov10_n5_g0_s42_hotspots_p80_chr1	5	10	4849	819	2108	0	0.3654345611381151	0.3116314197392656	0.1111111111111111	0.28813302516937256	8.042723655700684	0.0511227423191959
cov10_n5_g0_s42_hotspots_p80_chr1	5	10	4850	282	1334	0	0.4907961101775837	0.4567770061939919	0.25	0.489818811416626	5.019972801208496	0.050407929485135866
cov10_n5_g0_s42_hotspots_p80_chr1	5	10	4851	233	1020	0	0.5241042211176663	0.47964121618875	0.1111111111111111	0.35187828540802	11.092269897460938	0.043214807874467125
cov10_n5_g0_s42_hotspots_p80_chr1	5	10	4852	493	1197	0	0.5374548092689005	0.49231696075605413	0.25	0.32358452677726746	13.79362678527832	0.04228821417352832
cov10_n5_g0_s42_hotspots_p80_chr1	5	10	4853	336	1558	0	0.4650575452979865	0.408023554778796	0.1111111111111111	0.26112744212150574	15.859091758728027	0.04452588168323082
cov10_n5_g0_s42_hotspots_p80_chr1	5	10	4854	36	264	1	0.3715645084719875	0.32115549453111464	0.25	0.310112327337265	7.177948474884033	0.051873721021933175
cov10_n5_g0_s42_hotspots_p80_chr1	5	10	4855	88	462	1	0.5664226898263558	0.5446751368025623	0.25	0.7155752182006836	3.1328577995300293	0.05396379299417354
cov10_n5_g0_s42_hotspots_p80_chr1	5	10	4856	4	10	1	0.31622777142784575	0.28941438070815284	0.1111111111111111	0.5	2.0	0.07905694150420949
cov10_n5_g0_s42_hotspots_p80_chr1	5	10	4857	380	1223	0	0.08191010168028233	-0.02210902958188127	0.0	0.050450004637241364	13.180214881896973	0.05653442384736603
cov10_n5_g0_s42_hotspots_p80_chr1	5	10	4858	474	1231	0	0.4461513600113377	0.3889235517241716	0.1111111111111111	0.2705283463001251	13.599063873291016	0.045459204577033785
cov10_n5_g0_s42_hotspots_p80_chr1	5	10	4859	335	1722	0	0.43374451650282153	0.37019347953194937	0.25	0.23184601962566376	17.500024795532227	0.04533270983339023
cov10_n5_g0_s42_hotspots_p80_chr1	5	10	4860	806	1907	0	0.5113830827671441	0.460963697966881	0.25	0.27509745955467224	17.27784538269043	0.042988167575317066
cov10_n5_g0_s42_hotspots_p80_chr1	5	10	4861	1073	2289	0	0.604584668164081	0.5715142865499089	0.25	0.46486416459083557	8.457308769226074	0.04066559694248759
cov10_n5_g0_s42_hotspots_p80_chr1	5	10	4862	679	1893	0	0.2414733120325399	0.17518978621026807	0.1111111111111111	0.18633191287517548	8.397187232971191	0.05528954817827135
cov10_n5_g0_s42_hotspots_p80_chr1	5	10	4863	544	1841	0	0.4500405874200513	0.39741157416764167	0.1111111111111111	0.3036016821861267	10.986641883850098	0.046040599855892435
cov10_n5_g0_s42_hotspots_p80_chr1	5	10	4864	591	1816	0	0.411247162058288	0.35223372965529803	0.1111111111111111	0.2655159533023834	11.994844436645508	0.047058840925255
cov10_n5_g0_s42_hotspots_p80_chr1	5	10	4865	172	699	1	0.5379865057774417	0.4924247156270005	0.25	0.311869353055954	14.878783226013184	0.042199239670890794
cov10_n5_g0_s42_hotspots_p80_chr1	5	10	4866	424	1674	0	0.5603951195699532	0.5253260603757249	0.25	0.46390271186828613	7.296337127685547	0.04351637409308256
cov10_n5_g0_s42_hotspots_p80_chr1	5	10	4867	242	955	0	0.45529920353833664	0.4085045309625202	0.1111111111111111	0.35034096240997314	8.444656372070312	0.04720721672578273
cov10_n5_g0_s42_hotspots_p80_chr1	5	10	4868	159	369	1	0.5731200106703825	0.5333635173173056	0.25	0.3647211492061615	12.346370697021484	0.0410954688399295
cov10_n5_g0_s42_hotspots_p80_chr1	5	10	4869	20	88	1	0.41389653577165464	0.3627838056082033	0.25	0.3149794042110443	8.633546829223633	0.04871286860428657
cov10_n5_g0_s42_hotspots_p80_chr1	5	10	4870	33	53	1	0.2707097997347012	0.19720854561059178	0.1111111111111111	0.18061867356300354	11.231884002685547	0.05205583184710954
cov10_n5_g0_s42_hotspots_p80_chr1	5	10	4871	82	188	1	0.5004660045329803	0.45826598119477185	0.25	0.3899713158607483	8.234813690185547	0.045476246696172506
cov10_n5_g0_s42_hotspots_p80_chr1	5	10	4872	416	1580	0	0.4898954069896113	0.4385821371942254	0.25	0.29780876636505127	13.53012466430664	0.04398659460075726
cov10_n5_g0_s42_hotspots_p80_chr1	5	10	4873	395	1461	0	0.3776176711312691	0.3331078292440491	0.25	0.35319262742996216	5.715462684631348	0.05404707673425345
cov10_n5_g0_s42_hotspots_p80_chr1	5	10	4874	733	1987	0	0.5436185727739673	0.5007255734921641	0.25	0.35461825132369995	11.749959945678711	0.04231716181706528
cov10_n5_g0_s42_hotspots_p80_chr1	5	10	4875	931	2611	0	0.5905435387198743	0.5579234058258375	0.25	0.4876302480697632	7.333184242248535	0.04202890559791184
cov10_n5_g0_s42_hotspots_p80_chr1	5	10	4876	785	1649	0	0.5695615486194772	0.5298941340988559	0.25	0.3751928210258484	11.522383689880371	0.04133861228425778
cov10_n5_g0_s42_hotspots_p80_chr1	5	10	4877	359	1634	0	0.5649483165408408	0.5251839013535894	0.25	0.3810883164405823	10.988443374633789	0.04161871039780769
cov10_n5_g0_s42_hotspots_p80_chr1	5	10	4878	872	2317	0	0.5794295243306159	0.53987671626686	0.25	0.33167165517807007	15.260000228881836	0.04075262833798566
cov10_n5_g0_s42_hotspots_p80_chr1	5	10	4879	525	1500	0	0.28333990579965	0.2095698919980119	0.1111111111111111	0.184519425034523	11.789661407470703	0.05135809444777903
cov10_n5_g0_s42_hotspots_p80_chr1	5	10	4880	517	1859	0	0.5714879086792682	0.5331657138339354	0.25	0.3997740149497986	10.217741966247559	0.04152700475215374
cov10_n5_g0_s42_hotspots_p80_chr1	5	10	4881	402	1068	0	0.23930239879786666	0.17144132799157863	0.1111111111111111	0.18099230527877808	8.740653038024902	0.05500125082342852
cov10_n5_g0_s42_hotspots_p80_chr1	5	10	4882	89	433	1	0.3596343916369152	0.30422004860138463	0.1111111111111111	0.2777024507522583	8.385578155517578	0.0510111972134476
cov10_n5_g0_s42_hotspots_p80_chr1	5	10	4883	524	1125	0	0.5631665537733886	0.53720658633244	0.25	0.6234804391860962	4.079416751861572	0.04946474957936643
cov10_n5_g0_s42_hotspots_p80_chr1	5	10	4884	547	1514	0	0.6521748997222399	0.6280641683273271	0.25	0.6279717683792114	5.3928446769714355	0.040963730039323576
cov10_n5_g0_s42_hotspots_p80_chr1	5	10	4885	175	888	1	0.42885266240762737	0.37745088883533773	0.25	0.3140770196914673	9.322102546691895	0.04764991222469528
cov10_n5_g0_s42_hotspots_p80_chr1	5	10	4886	267	1051	0	0.18815986596176665	0.1252218969383605	0.1111111111111111	0.16319677233695984	6.6466217041015625	0.05970486548071224
cov10_n5_g0_s42_hotspots_p80_chr1	5	10	4887	396	1237	0	0.3882999705080266	0.3544293914660214	0.25	0.45881712436676025	3.581173896789551	0.060797941623115415
cov10_n5_g0_s42_hotspots_p80_chr1	5	10	4888	260	1370	0	0.568605710983425	0.5308174948015493	0.25	0.4130130410194397	9.476872444152832	0.04188001346042448
cov10_n5_g0_s42_hotspots_p80_chr1	5	10	4889	314	1324	0	0.2995444619863083	0.232950340140704	0.1111111111111111	0.21119149029254913	10.0586519241333	0.05183390591142725
cov10_n5_g0_s42_hotspots_p80_chr1	5	10	4890	80	282	1	0.4561644019640602	0.4041394224630745	0.1111111111111111	0.3070834279060364	11.033162117004395	0.04579880995784312
cov10_n5_g0_s42_hotspots_p80_chr1	5	10	4891	150	638	1	0.4428584134284696	0.4006384823270294	0.25	0.3907087445259094	6.42382287979126	0.04992332220522763
cov10_n5_g0_s42_hotspots_p80_chr1	5	10	4892	567	1764	0	0.4893142443103841	0.4424995074249796	0.25	0.3443390429019928	10.09655475616455	0.044903797161558456
cov10_n5_g0_s42_hotspots_p80_chr1	5	10	4893	315	848	0	0.5930338107520255	0.5641357238333732	0.25	0.557563841342926	5.656394004821777	0.043841407941842575
cov10_n5_g0_s42_hotspots_p80_chr1	5	10	4894	53	203	1	0.3956426926490244	0.36474886852273436	0.25	0.49999988079071045	3.130664110183716	0.0631883206127141
cov10_n5_g0_s42_hotspots_p80_chr1	5	10	4895	302	1073	0	0.3600945060258001	0.30808547519668716	0.25	0.29669684171676636	7.365074634552002	0.0520933303368951
cov10_n5_g0_s42_hotspots_p80_chr1	5	10	4896	203	542	0	0.4226277896528867	0.3746135126585905	0.25	0.33851203322410583	7.7935943603515625	0.049105203109983515
cov10_n5_g0_s42_hotspots_p80_chr1	5	10	4897	291	1158	0	0.5139921295043175	0.4730046629149234	0.25	0.40038108825683594	8.24016284942627	0.04488936152764282
cov10_n5_g0_s42_hotspots_p80_chr1	5	10	4898	778	2392	0	0.38763391928179564	0.332891427479493	0.25	0.28808605670928955	9.052510261535645	0.0494004270159449
cov10_n5_g0_s42_hotspots_p80_chr1	5	10	4899	409	1260	0	0.4347322374331602	0.38557918641304756	0.25	0.3309268355369568	8.628786087036133	0.047895776240812135
cov10_n5_g0_s42_hotspots_p80_chr1	5	10	4900	498	1452	0	0.29533948452719117	0.24940682393059427	0.25	0.30161339044570923	4.794152736663818	0.05999396713963968
cov10_n5_g0_s42_hotspots_p80_chr1	5	10	4901	136	224	1	0.17260249702951105	-0.051765778442147165	0.0	0.05337657406926155	52.28326416015625	0.04972121654904587
cov10_n5_g0_s42_hotspots_p80_chr1	5	10	4902	181	713	1	0.30527676858859093	0.24357405567088783	0.1111111111111111	0.2306494414806366	8.758963584899902	0.05266746911892414
cov10_n5_g0_s42_hotspots_p80_chr1	5	10	4903	258	1014	0	0.3300937605334264	0.29625972328022426	0.1111111111111111	0.4232179522514343	3.0417003631591797	0.06703322592405209
cov10_n5_g0_s42_hotspots_p80_chr1	5	10	4904	407	1541	0	0.30414776993851805	0.2215427552704332	0.1111111111111111	0.16874320805072784	16.243759155273438	0.04925251381635055
cov10_n5_g0_s42_hotspots_p80_chr1	5	10	4905	601	1652	0	0.4624233941492725	0.41023822948998423	0.25	0.30415070056915283	11.557714462280273	0.04539576206810305
cov10_n5_g0_s42_hotspots_p80_chr1	5	10	4906	108	712	1	0.46665050450744366	0.4221912332166656	0.42857142857142855	0.37111735343933105	7.905529022216797	0.04717610588920824
cov10_n5_g0_s42_hotspots_p80_chr1	5	10	4907	426	1210	0	0.39375512839918125	0.3519719524945002	0.25	0.38156983256340027	5.3244452476501465	0.054220044406083606
cov10_n5_g0_s42_hotspots_p80_chr1	5	10	4908	471	939	0	0.3085973214696249	0.2561157063974467	0.25	0.27260202169418335	6.407610893249512	0.05556793061630353
cov10_n5_g0_s42_hotspots_p80_chr1	5	10	4909	536	1076	0	0.5042834092452607	0.47969621726063166	0.25	0.6468170881271362	3.039179563522339	0.058128018827106394
cov10_n5_g0_s42_hotspots_p80_chr1	5	10	4910	420	1205	0	0.2262951078467568	0.1500069459392975	0.1111111111111111	0.1553884893655777	10.604314804077148	0.05386857116710403
cov10_n5_g0_s42_hotspots_p80_chr1	5	10	4911	789	1687	0	0.4378932053621524	0.38362123906578477	0.25	0.29341718554496765	11.13615894317627	0.04642611183081792
cov10_n5_g0_s42_hotspots_p80_chr1	5	10	4914	312	733	0	0.2648519890477937	0.19525773949526737	0.25	0.1884216070175171	9.879049301147461	0.05313375542305465
cov10_n5_g0_s42_hotspots_p80_chr1	5	10	4918	154	521	1	0.3919551061714138	0.35273950899115303	0.25	0.4042193293571472	4.701197147369385	0.056016073133602365
cov10_n5_g0_s42_hotspots_p80_chr1	5	10	4919	846	2081	0	0.535466513391832	0.5053575221069151	0.25	0.5496000647544861	4.7461466789245605	0.04884378248042118
cov10_n5_g0_s42_hotspots_p80_chr1	5	10	4920	134	576	1	0.3725847733723194	0.2932951463982934	0.1111111111111111	0.1192353144288063	48.8214225769043	0.04647427872911902
cov10_n5_g0_s42_hotspots_p80_chr1	5	10	4921	239	298	0	0.2550271192738538	0.1535786480025531	0.0	0.12559425830841064	20.61594009399414	0.04978308593349466
cov10_n5_g0_s42_hotspots_p80_chr1	5	10	4922	479	1558	0	0.3101570796736493	0.2450365402101775	0.1111111111111111	0.21994832158088684	9.94242000579834	0.051550922644023604
cov10_n5_g0_s42_hotspots_p80_chr1	5	10	4923	246	631	0	0.389829555285522	0.32059558144390693	0.25	0.2159557342529297	16.292585372924805	0.04677009055099258
cov10_n5_g0_s42_hotspots_p80_chr1	5	10	4924	535	2030	0	0.545785648533254	0.5015608891586657	0.25	0.32295677065849304	14.279912948608398	0.041959168196267306
cov10_n5_g0_s42_hotspots_p80_chr1	5	10	4925	268	1115	0	0.1592709552232944	0.1152349268821553	0.42857142857142855	0.19931015372276306	3.192891836166382	0.07360975052562103
cov10_n5_g0_s42_hotspots_p80_chr1	5	10	4926	839	1851	0	0.7552135200080234	0.7360264026295034	0.42857142857142855	0.5590165257453918	9.125575065612793	0.03278252800611506
cov10_n5_g0_s42_hotspots_p80_chr1	5	10	4927	831	1873	0	0.46182980892559367	0.4064923499353534	0.25	0.2783229351043701	13.76689338684082	0.04490390447419377
cov10_n5_g0_s42_hotspots_p80_chr1	5	10	4928	325	687	0	0.42086185314066255	0.35591720794163934	0.25	0.22962228953838348	16.796585083007812	0.04578304663456609
cov10_n5_g0_s42_hotspots_p80_chr1	5	10	4929	524	1426	0	0.5221264804309715	0.4801822050393774	0.25	0.3854273557662964	9.175640106201172	0.043990521027306634
cov10_n5_g0_s42_hotspots_p80_chr1	5	10	4930	414	1284	0	0.5693480740634604	0.5325102291912645	0.42857142857142855	0.42886805534362793	8.812076568603516	0.042120866918575896
cov10_n5_g0_s42_hotspots_p80_chr1	5	10	4931	321	1288	0	0.7027117843271578	0.6783860909020143	0.6666666666666666	0.4729516804218292	11.038012504577637	0.03560466123179393
cov10_n5_g0_s42_hotspots_p80_chr1	5	10	4932	456	1494	0	0.7448886582355468	0.7247260463402003	0.42857142857142855	0.5687915086746216	8.575244903564453	0.03337254634784966
cov10_n5_g0_s42_hotspots_p80_chr1	5	10	4933	749	2258	0	0.4370211432778714	0.3825102237225888	0.25	0.2918547987937927	11.210920333862305	0.04642962793811155
cov10_n5_g0_s42_hotspots_p80_chr1	5	10	4934	610	1238	0	0.4055108316156345	0.35568385050982837	0.25	0.32255977392196655	7.902318000793457	0.04968918776243363
cov10_n5_g0_s42_hotspots_p80_chr1	5	10	4935	128	516	1	0.4355856088546362	0.38059587321061156	0.25	0.28872400522232056	11.38023567199707	0.04641955872285033
cov10_n5_g0_s42_hotspots_p80_chr1	5	10	4936	130	439	1	0.36579793007972605	0.28252404007096743	0.25	0.16697759926319122	23.995849609375	0.04675505888351957
cov10_n5_g0_s42_hotspots_p80_chr1	5	10	4937	141	647	1	0.535526689502704	0.49253106794862234	0.42857142857142855	0.36217278242111206	10.932025909423828	0.04280847430007388
cov10_n5_g0_s42_hotspots_p80_chr1	5	10	4938	775	1694	0	0.47087093653932854	0.4157129684564566	0.42857142857142855	0.27407705783843994	14.758031845092773	0.04445909640046799
cov10_n5_g0_s42_hotspots_p80_chr1	5	10	4939	536	1328	0	0.2726275783183241	0.19142355971345093	0.1111111111111111	0.1636449545621872	13.877280235290527	0.05081857996073396
cov10_n5_g0_s42_hotspots_p80_chr1	5	10	4940	503	1621	0	0.34000219716025354	0.2667991472612368	0.25	0.20030799508094788	14.405784606933594	0.048643263157274845
cov10_n5_g0_s42_hotspots_p80_chr1	5	10	4941	277	1278	0	0.383196629456534	0.31749861290244874	0.25	0.23209787905216217	13.629220008850098	0.047504290970588225
cov10_n5_g0_s42_hotspots_p80_chr1	5	10	4942	466	1767	0	0.3552113267461239	0.30576973178002215	0.42857142857142855	0.31038108468055725	6.548670768737793	0.05344977984674694
cov10_n5_g0_s42_hotspots_p80_chr1	5	10	4944	203	564	0	0.39172995328742655	0.33112583347705316	0.25	0.2567498981952667	11.639199256896973	0.047856115273409744
cov10_n5_g0_s42_hotspots_p80_chr1	5	10	4945	143	380	1	0.3570716848789841	0.29610678320109934	0.1111111111111111	0.24999991059303284	10.20002269744873	0.049754275127139376
cov10_n5_g0_s42_hotspots_p80_chr1	5	10	4946	542	1813	0	0.44484814968148395	0.4052093653728901	0.42857142857142855	0.4165327548980713	5.702893257141113	0.05108038772027061
cov10_n5_g0_s42_hotspots_p80_chr1	5	10	4947	1060	1986	0	0.3551083960259748	0.28985533475161235	0.1111111111111111	0.2313084900379181	11.784436225891113	0.04903242492893553
cov10_n5_g0_s42_hotspots_p80_chr1	5	10	4948	343	883	0	0.06968235389389518	-0.007306644239306145	0.0	0.056990846991539	7.474900245666504	0.06234828599917654
cov10_n5_g0_s42_hotspots_p80_chr1	5	10	4949	693	2177	0	0.5013193285828685	0.46412010422315203	0.25	0.44878721237182617	6.23904275894165	0.047535002038199055
cov10_n5_g0_s42_hotspots_p80_chr1	5	10	4950	244	694	0	0.2301338373910996	0.16294367994098144	0.1111111111111111	0.17792297899723053	8.365017890930176	0.055719866222697076
cov10_n5_g0_s42_hotspots_p80_chr1	5	10	4951	401	1205	0	0.3840022387936373	0.3143800941766377	0.1111111111111111	0.214969664812088	15.954498291015625	0.04699606139012916
cov10_n5_g0_s42_hotspots_p80_chr1	5	10	4952	529	1729	0	0.29782490900697534	0.23417645665739287	0.1111111111111111	0.22055906057357788	9.11679744720459	0.05261463900463764
cov10_n5_g0_s42_hotspots_p80_chr1	5	10	4953	215	896	0	0.3550583207673029	0.28185791006569166	0.1111111111111111	0.20178596675395966	15.480585098266602	0.04794301899941262
cov10_n5_g0_s42_hotspots_p80_chr1	5	10	4954	618	1518	0	0.6428553300881099	0.6136985680644391	0.42857142857142855	0.5057228207588196	8.07925796508789	0.03896867675928835
cov10_n5_g0_s42_hotspots_p80_chr1	5	10	4955	529	1363	0	0.5811650427380968	0.5493548519813778	0.25	0.5085445642471313	6.529967784881592	0.043261169960559884
cov10_n5_g0_s42_hotspots_p80_chr1	5	10	4956	55	374	1	0.42962676969177094	0.3730404765859045	0.1111111111111111	0.27880334854125977	11.872895240783691	0.046462903698383774
cov10_n5_g0_s42_hotspots_p80_chr1	5	10	4957	597	1512	0	0.3258701924600841	0.2699765169299952	0.25	0.2636018991470337	7.641213417053223	0.053083486113749356
cov10_n5_g0_s42_hotspots_p80_chr1	5	10	4958	506	1578	0	0.5642468008298297	0.5345648543973119	0.25	0.5528472661972046	5.208323001861572	0.04621437699956816
cov10_n5_g0_s42_hotspots_p80_chr1	5	10	4959	1014	2308	0	0.34483686937842173	0.2707474004434207	0.25	0.19803819060325623	15.16001033782959	0.04831507845264111
cov10_n5_g0_s42_hotspots_p80_chr1	5	10	4960	672	1964	0	0.41114679200822185	0.36285408050871465	0.25	0.33456435799598694	7.551000118255615	0.04982557780735068
cov10_n5_g0_s42_hotspots_p80_chr1	5	10	4961	616	1711	0	0.35728458078980757	0.2922093638756857	0.1111111111111111	0.2323991060256958	11.817608833312988	0.04894637936321577
cov10_n5_g0_s42_hotspots_p80_chr1	5	10	4962	629	1852	0	0.41204459667759524	0.3497546088374163	0.1111111111111111	0.2470615804195404	13.90746784210205	0.04651333031326262
cov10_n5_g0_s42_hotspots_p80_chr1	5	10	4963	346	1316	0	0.2975537140350119	0.24900169286203316	0.25	0.2875993251800537	5.352110862731934	0.05828834138717565
cov10_n5_g0_s42_hotspots_p80_chr1	5	10	4964	372	1120	0	0.12702472766576298	0.04634858502167162	0.0	0.09361083060503006	9.206494331359863	0.058220984307784926
cov10_n5_g0_s42_hotspots_p80_chr1	5	10	4965	53	157	1	0.3188493802438642	0.2711341507441015	0.1111111111111111	0.3042754530906677	5.490441799163818	0.0570552930388444
cov10_n5_g0_s42_hotspots_p80_chr1	5	10	4967	497	1367	0	0.5808637599046158	0.5475128601149203	0.25	0.4810519516468048	7.290119171142578	0.042536922868696696
cov10_n5_g0_s42_hotspots_p80_chr1	5	10	4968	45	766	1	0.2978935695568437	0.25861656823024715	0.25	0.34976309537887573	3.6269729137420654	0.0647887694458239
cov10_n5_g0_s42_hotspots_p80_chr1	5	10	4969	269	730	0	0.41334429874917017	0.366935427652052	0.1111111111111111	0.34926360845565796	7.003048896789551	0.05038470681854093
cov10_n5_g0_s42_hotspots_p80_chr1	5	10	4970	95	402	1	0.44134577198251335	0.37746084626909654	0.25	0.22249950468540192	19.672964096069336	0.04497657399058553
cov10_n5_g0_s42_hotspots_p80_chr1	5	10	4971	286	834	0	0.2940628606717496	0.25613610398621506	0.25	0.3579322099685669	3.3748061656951904	0.0664398640580298
cov10_n5_g0_s42_hotspots_p80_chr1	5	10	4972	504	1543	0	0.37425140562117215	0.3135903244982287	0.25	0.25464075803756714	10.800429344177246	0.04882783627231445
cov10_n5_g0_s42_hotspots_p80_chr1	5	10	4973	736	1964	0	0.4049661314835539	0.35927487823003024	0.25	0.3528909385204315	6.584552764892578	0.051321805421869614
cov10_n5_g0_s42_hotspots_p80_chr1	5	10	4974	239	1128	0	0.14260914245827466	0.07786477855543121	0.25	0.12686732411384583	6.317790508270264	0.062001638841717006
cov10_n5_g0_s42_hotspots_p80_chr1	5	10	4975	81	375	1	0.3511901609796878	0.3028437596834387	0.1111111111111111	0.3156696557998657	6.188551425933838	0.05423569443042876
cov10_n5_g0_s42_hotspots_p80_chr1	5	10	4976	434	1455	0	0.43565068673619695	0.37235008849061413	0.25	0.23235489428043365	17.576936721801758	0.045270130711330084
cov10_n5_g0_s42_hotspots_p80_chr1	5	10	4977	1056	2505	0	0.5603685316614744	0.5184217151120587	0.25	0.3403509259223938	13.553879737854004	0.04147879685594998
cov10_n5_g0_s42_hotspots_p80_chr1	5	10	4978	827	1946	0	0.5326080718909186	0.49168095771590664	0.42857142857142855	0.3930775821208954	9.179712295532227	0.04354665040035146
cov10_n5_g0_s42_hotspots_p80_chr1	5	10	4979	600	1495	0	0.48590920998463577	0.4314811903790343	0.25	0.26485157012939453	16.82965087890625	0.04380044339669284
cov10_n5_g0_s42_hotspots_p80_chr1	5	10	4980	569	1150	0	0.5313596250930136	0.49500356077176444	0.25	0.455494225025177	6.804266929626465	0.04538294101410714
cov10_n5_g0_s42_hotspots_p80_chr1	5	10	4981	143	565	1	0.40431304785976	0.34445449236686426	0.25	0.2609749436378479	12.000734329223633	0.04729406019064285
cov10_n5_g0_s42_hotspots_p80_chr1	5	10	4982	403	1383	0	0.4513069888767199	0.39747841770221815	0.25	0.2941942811012268	11.766454696655273	0.0457315051944359
cov10_n5_g0_s42_hotspots_p80_chr1	5	10	4983	285	1325	0	0.3579630803818583	0.2887507906960366	0.1111111111111111	0.2163047045469284	13.693504333496094	0.048283725803605314
cov10_n5_g0_s42_hotspots_p80_chr1	5	10	4984	171	717	1	0.3629242695120545	0.30981619810228045	0.25	0.29129552841186523	7.761298179626465	0.05151774117152307
cov10_n5_g0_s42_hotspots_p80_chr1	5	10	4985	379	1430	0	0.3844166085950255	0.3331026126322312	0.25	0.3080868422985077	7.784451007843018	0.0506490972716716
cov10_n5_g0_s42_hotspots_p80_chr1	5	10	4986	1059	1861	0	0.2629383884694821	0.19277702286443096	0.1111111111111111	0.18607284128665924	9.984170913696289	0.05311890024374582
cov10_n5_g0_s42_hotspots_p80_chr1	5	10	4987	568	1526	0	0.10068573843855845	0.02845563549942594	0.1111111111111111	0.08460256457328796	7.081722259521484	0.06198463343552217
cov10_n5_g0_s42_hotspots_p80_chr1	5	10	4988	538	1106	0	0.3075365612308535	0.24624851448179472	0.1111111111111111	0.2331346869468689	8.700610160827637	0.05264036027123947
cov10_n5_g0_s42_hotspots_p80_chr1	5	10	4989	779	1527	0	0.2736619665864345	0.19636469722778263	0.1111111111111111	0.1725701093673706	12.573833465576172	0.05129597811323569
cov10_n5_g0_s42_hotspots_p80_chr1	5	10	4990	693	1285	0	0.3496815243395122	0.27821222867875434	0.1111111111111111	0.20729632675647736	14.227619171142578	0.04839515721079474
cov10_n5_g0_s42_hotspots_p80_chr1	5	10	4991	377	763	0	0.28033289866310956	0.2229037925536281	0.1111111111111111	0.235988587141037	7.055635452270508	0.055602971919266865
cov10_n5_g0_s42_hotspots_p80_chr1	5	10	4992	286	715	0	0.27671836575938474	0.18687134331526986	0.1111111111111111	0.14819134771823883	17.43412971496582	0.04975969989282795
cov10_n5_g0_s42_hotspots_p80_chr1	5	10	4993	221	678	0	0.4069904069416875	0.34676343874063853	0.25	0.25887924432754517	12.357876777648926	0.04708613671872587
cov10_n5_g0_s42_hotspots_p80_chr1	5	10	4994	994	2381	0	0.5932076785194368	0.5602512498296616	0.42857142857142855	0.47902145981788635	7.667849540710449	0.04165424341084148
cov10_n5_g0_s42_hotspots_p80_chr1	5	10	4995	462	1810	0	0.5671737025569212	0.5314491233727318	0.25	0.44930076599121094	7.967606544494629	0.04268897692946117
cov10_n5_g0_s42_hotspots_p80_chr1	5	10	4996	980	2023	0	0.7655005718653985	0.748214040480745	0.42857142857142855	0.5157564878463745	11.014673233032227	0.03249718854831847
cov10_n5_g0_s42_hotspots_p80_chr1	5	10	4997	902	2011	0	0.6766107451418004	0.6502302565565112	0.42857142857142855	0.5225658416748047	8.38234806060791	0.037126804065454
cov10_n5_g0_s42_hotspots_p80_chr1	5	10	4998	289	830	0	0.3639313948862348	0.30957794122688304	0.25	0.28464823961257935	8.173199653625488	0.05105044151846828
cov10_n5_g0_s42_hotspots_p80_chr1	5	10	4999	13	19	1	0.39202874483743033	0.3516408306666994	0.25	0.393333375453949	4.9668869972229	0.05522680639904848
cov10_n5_g0_s42_hotspots_p80_chr1	5	10	5000	140	298	1	0.2294339389627428	0.09159216122445947	0.0	0.08860322833061218	33.52634811401367	0.04929325422222071
cov10_n5_g0_s42_hotspots_p80_chr1	5	10	5001	399	981	0	0.2954623955220666	0.23293995508827134	0.1111111111111111	0.2236214429140091	8.728658676147461	0.05304674374716641
cov10_n5_g0_s42_hotspots_p80_chr1	5	10	5002	33	381	1	0.3300498385826407	0.2812432341171633	0.1111111111111111	0.30332767963409424	5.919772148132324	0.055632089455926154
cov10_n5_g0_s42_hotspots_p80_chr1	5	10	5003	848	1964	0	0.4943598274956057	0.4429157599751917	0.25	0.2919679284095764	14.334613800048828	0.04372842748228708
cov10_n5_g0_s42_hotspots_p80_chr1	5	10	5004	476	1650	0	0.4942763812555222	0.45890942863569256	0.42857142857142855	0.47218257188796997	5.478854179382324	0.04919945015933477
cov10_n5_g0_s42_hotspots_p80_chr1	5	10	5005	399	1436	0	0.44853040928504245	0.4113819452452191	0.42857142857142855	0.44416967034339905	5.098659038543701	0.05225683064576376
cov10_n5_g0_s42_hotspots_p80_chr1	5	10	5006	564	1614	0	0.5407044857053955	0.5019359695510048	0.25	0.4183940589427948	8.35062313079834	0.04364543508484693
cov10_n5_g0_s42_hotspots_p80_chr1	5	10	5007	206	655	0	0.3895476961772641	0.35079642199863514	0.25	0.40764129161834717	4.565990447998047	0.05656346302523032
cov10_n5_g0_s42_hotspots_p80_chr1	5	10	5008	781	2087	0	0.5151355201177089	0.4767146330710332	0.25	0.4317511320114136	7.117803573608398	0.04579742277939836
cov10_n5_g0_s42_hotspots_p80_chr1	5	10	5009	455	1868	0	0.4162035915712655	0.3658488388741316	0.1111111111111111	0.32052722573280334	8.43047046661377	0.04878607196229874
cov10_n5_g0_s42_hotspots_p80_chr1	5	10	5010	174	1205	1	0.4757628097780811	0.438473928235212	0.25	0.4470506012439728	5.6628828048706055	0.04972025104864255
cov10_n5_g0_s42_hotspots_p80_chr1	5	10	5011	113	423	1	0.5400042495144706	0.5193634387123046	0.25	0.740948498249054	2.6557562351226807	0.059177820733428324
cov10_n5_g0_s42_hotspots_p80_chr1	5	10	5012	917	2331	0	0.6667189982428562	0.6389278881191293	0.42857142857142855	0.4937070608139038	9.118364334106445	0.0374476230524946
cov10_n5_g0_s42_hotspots_p80_chr1	5	10	5013	708	1924	0	0.5285637108839197	0.4887367748803006	0.25	0.4096592962741852	8.323750495910645	0.044197630667871246
cov10_n5_g0_s42_hotspots_p80_chr1	5	10	5014	750	2179	0	0.4642107157937866	0.4039939196005249	0.1111111111111111	0.21240496635437012	23.88201332092285	0.04428748783867672
cov10_n5_g0_s42_hotspots_p80_chr1	5	10	5015	1072	3287	0	0.4292635048328069	0.3616862842305027	0.1111111111111111	0.20490610599517822	21.943613052368164	0.04522290666645167
cov10_n5_g0_s42_hotspots_p80_chr1	5	10	5016	978	2631	0	0.5607503523913764	0.5247268050135506	0.42857142857142855	0.4484996199607849	7.8160080909729	0.043090415465121525
cov10_n5_g0_s42_hotspots_p80_chr1	5	10	5017	1050	3060	0	0.29400468683698544	0.2299241734324056	0.1111111111111111	0.2175203412771225	9.13437271118164	0.052733818081214016
cov10_n5_g0_s42_hotspots_p80_chr1	5	10	5018	1006	2566	0	0.5957250505655125	0.5608566444140918	0.25	0.43731746077537537	9.27829360961914	0.040750989165901225
cov10_n5_g0_s42_hotspots_p80_chr1	5	10	5019	70	511	1	0.3961869022047745	0.3456640328138265	0.25	0.31596478819847107	7.861271858215332	0.05010238875825286
cov10_n5_g0_s42_hotspots_p80_chr1	5	10	5020	473	1887	0	0.38995890669112093	0.337006594212478	0.1111111111111111	0.2991831600666046	8.494412422180176	0.049755801075424703
cov10_n5_g0_s42_hotspots_p80_chr1	5	10	5021	835	2869	0	0.49597738227995597	0.44901210653737084	0.25	0.3400842547416687	10.634588241577148	0.044440843004865796
cov10_n5_g0_s42_hotspots_p80_chr1	5	10	5022	661	2678	0	0.29418217441574196	0.19945885417646037	0.1111111111111111	0.14304064214229584	21.14870262145996	0.048742687190555085
cov10_n5_g0_s42_hotspots_p80_chr1	5	10	5023	215	960	0	0.4007609733735346	0.35270600487834536	0.25	0.3340853750705719	7.194919586181641	0.05066468379433065
cov10_n5_g0_s42_hotspots_p80_chr1	5	10	5024	210	564	0	0.4367069493880827	0.385534332524229	0.25	0.315771222114563	9.563240051269531	0.04720415467013722
cov10_n5_g0_s42_hotspots_p80_chr1	5	10	5025	606	1321	0	0.40046729801750486	0.3505634554649351	0.25	0.3210403621196747	7.780093669891357	0.05001462532386443
cov10_n5_g0_s42_hotspots_p80_chr1	5	10	5026	1255	2134	0	0.48020723254250164	0.424777840615071	0.42857142857142855	0.26074159145355225	16.95925521850586	0.04396990684025122
cov10_n5_g0_s42_hotspots_p80_chr1	5	10	5027	417	1103	0	0.3992062515475081	0.356232962786453	0.25	0.3732723593711853	5.718905925750732	0.05309774768639749
cov10_n5_g0_s42_hotspots_p80_chr1	5	10	5028	626	2274	0	0.32276212907773955	0.23230926527398205	0.1111111111111111	0.15350788831710815	22.10414695739746	0.04793709768228144
cov10_n5_g0_s42_hotspots_p80_chr1	5	10	5029	729	2103	0	0.41519954884012417	0.34787869564364365	0.1111111111111111	0.21824176609516144	18.097061157226562	0.045820421841106074
cov10_n5_g0_s42_hotspots_p80_chr1	5	10	5030	1063	1970	0	0.16108935186740708	0.017864663605154412	0.0	0.06844224035739899	27.69843292236328	0.05107913333674606
cov10_n5_g0_s42_hotspots_p80_chr1	5	10	5031	626	1860	0	0.35923631123429395	0.3173386297058797	0.42857142857142855	0.36579710245132446	4.82225227355957	0.057124110638863176
cov10_n5_g0_s42_hotspots_p80_chr1	5	10	5032	181	669	1	0.31834484014220016	0.26051468617947043	0.1111111111111111	0.2517222464084625	7.996913909912109	0.05295745198890486
cov10_n5_g0_s42_hotspots_p80_chr1	5	10	5033	400	1281	0	0.4085890675552865	0.3621898752408905	0.25	0.3482823967933655	6.881458282470703	0.05074508235843322
cov10_n5_g0_s42_hotspots_p80_chr1	5	10	5034	619	1490	0	0.556081578985003	0.5244025489476328	0.25	0.5204238295555115	5.708640098571777	0.04568964899345362
cov10_n5_g0_s42_hotspots_p80_chr1	5	10	5035	365	1232	0	0.47719632502559806	0.43476600318262937	0.25	0.39065760374069214	7.460564136505127	0.04714009444489847
cov10_n5_g0_s42_hotspots_p80_chr1	5	10	5036	115	638	1	0.5125097984374216	0.4758736701759292	0.42857142857142855	0.455092191696167	6.3412604331970215	0.04685889327632169
cov10_n5_g0_s42_hotspots_p80_chr1	5	10	5037	541	1599	0	0.44748705804750266	0.4118947377010777	0.25	0.46195054054260254	4.691806316375732	0.05342720992952862
cov10_n5_g0_s42_hotspots_p80_chr1	5	10	5038	1244	1765	0	0.4589375872142165	0.4062540694392939	0.25	0.30111807584762573	11.614581108093262	0.04550431812216785
cov10_n5_g0_s42_hotspots_p80_chr1	5	10	5039	1326	2241	0	0.29041309377653257	0.2248475862253081	0.1111111111111111	0.21108438074588776	9.464337348937988	0.052586363980699116
cov10_n5_g0_s42_hotspots_p80_chr1	5	10	5040	633	914	0	0.4211695328712056	0.37896435906356146	0.25	0.38639354705810547	5.940515518188477	0.051693586450318886
cov10_n5_g0_s42_hotspots_p80_chr1	5	10	5041	877	1683	0	0.35252644321319576	0.3027509768415144	0.25	0.3072689473628998	6.581366539001465	0.053506607270999075
cov10_n5_g0_s42_hotspots_p80_chr1	5	10	5042	1453	2748	0	0.43165976967610675	0.38291624228834126	0.25	0.33388710021972656	8.357067108154297	0.0482317808279114
cov10_n5_g0_s42_hotspots_p80_chr1	5	10	5043	432	1380	0	0.4326628822438631	0.37621582086329286	0.1111111111111111	0.2792939841747284	11.999027252197266	0.04631717962252359
cov10_n5_g0_s42_hotspots_p80_chr1	5	10	5044	703	1754	0	0.4487459930941343	0.40133474447197903	0.25	0.34518617391586304	8.450150489807129	0.047469282648673984
cov10_n5_g0_s42_hotspots_p80_chr1	5	10	5045	540	1385	0	0.4697351751608575	0.41937185343743427	0.25	0.3174161911010742	10.950100898742676	0.045326164087118814
cov10_n5_g0_s42_hotspots_p80_chr1	5	10	5046	759	1970	0	0.5710328203229961	0.5334008852797417	0.42857142857142855	0.41321125626564026	9.548779487609863	0.04174938944471538
cov10_n5_g0_s42_hotspots_p80_chr1	5	10	5047	654	1491	0	0.24268386445076034	0.15559756005550604	0.0	0.1426420509815216	14.472932815551758	0.05148272406872285
cov10_n5_g0_s42_hotspots_p80_chr1	5	10	5048	1154	2365	0	0.24196542300998836	0.1597247310295749	0.1111111111111111	0.15076588094234467	12.878654479980469	0.05212263327826618
cov10_n5_g0_s42_hotspots_p80_chr1	5	10	5049	397	1515	0	0.525529880570867	0.48047453152182346	0.25	0.34246915578842163	11.773941993713379	0.04300372815220312
cov10_n5_g0_s42_hotspots_p80_chr1	5	10	5050	531	1898	0	0.5915113511549407	0.5597516441703201	0.42857142857142855	0.5032616257667542	6.907302379608154	0.042348208845234186
cov10_n5_g0_s42_hotspots_p80_chr1	5	10	5051	737	2248	0	0.41934937002892375	0.36219984495368773	0.25	0.2761755585670471	11.527934074401855	0.04694086470612064
cov10_n5_g0_s42_hotspots_p80_chr1	5	10	5052	357	1504	0	0.4653980231315082	0.41208199185745514	0.25	0.2936294674873352	12.560873031616211	0.04502228714561958
cov10_n5_g0_s42_hotspots_p80_chr1	5	10	5053	280	783	0	0.36910802929941644	0.3126267752090431	0.25	0.2745947539806366	9.034257888793945	0.05010637038930749
cov10_n5_g0_s42_hotspots_p80_chr1	5	10	5054	98	312	1	0.40844978793916464	0.370124194243613	0.25	0.41945821046829224	4.741000175476074	0.055129696676065314
cov10_n5_g0_s42_hotspots_p80_chr1	5	10	5055	769	1395	0	0.4828587574905683	0.4332431495278228	0.25	0.3193897306919098	11.427952766418457	0.0446862476295082
cov10_n5_g0_s42_hotspots_p80_chr1	5	10	5056	578	1797	0	0.5069935426340161	0.4583820416438394	0.25	0.31374379992485046	13.056432723999023	0.04345875464290215
cov10_n5_g0_s42_hotspots_p80_chr1	5	10	5057	792	1351	0	0.569044036949983	0.5295630449258633	0.42857142857142855	0.38019850850105286	11.200592041015625	0.041412798180097556
cov10_n5_g0_s42_hotspots_p80_chr1	5	10	5058	1044	1840	0	0.3717350988516407	0.3081190852737453	0.1111111111111111	0.24065449833869934	11.930237770080566	0.04841988534759263
cov10_n5_g0_s42_hotspots_p80_chr1	5	10	5059	965	1826	0	0.5197748180423256	0.47319492983115596	0.25	0.3271743357181549	12.619497299194336	0.043065752790451425
cov10_n5_g0_s42_hotspots_p80_chr1	5	10	5060	498	1486	0	0.6052606719110267	0.5702646142081991	0.42857142857142855	0.3287602663040161	16.947132110595703	0.03992225592106837
cov10_n5_g0_s42_hotspots_p80_chr1	5	10	5061	271	1151	0	0.28534278257187534	0.24500742067697603	0.1111111111111111	0.3324728310108185	3.682912588119507	0.0650514301891274
cov10_n5_g0_s42_hotspots_p80_chr1	5	10	5062	1109	2266	0	0.5143962974365993	0.46714312784986395	0.25	0.3238025903701782	12.61841869354248	0.04326201987560206
cov10_n5_g0_s42_hotspots_p80_chr1	5	10	5063	633	1701	0	0.4022791672483549	0.36024205393311814	0.1111111111111111	0.3823421001434326	5.535040378570557	0.05335380858562221
cov10_n5_g0_s42_hotspots_p80_chr1	5	10	5064	345	1602	0	0.296807037610647	0.1667048439584564	0.0	0.09288324415683746	51.05562210083008	0.047753688674440235
cov10_n5_g0_s42_hotspots_p80_chr1	5	10	5065	554	2047	0	0.059053470232215514	-0.11735206527590257	0.0	0.024611245840787888	28.786823272705078	0.05302046994077169
cov10_n5_g0_s42_hotspots_p80_chr1	5	10	5066	378	1248	0	0.6063500242299217	0.5812816110497748	0.25	0.6321790218353271	4.599775791168213	0.04535006838138802
cov10_n5_g0_s42_hotspots_p80_chr1	5	10	5067	599	1387	0	0.33186745160397974	0.2538260751357534	0.25	0.184723898768425	16.13813018798828	0.048486530648386296
cov10_n5_g0_s42_hotspots_p80_chr1	5	10	5072	711	1197	0	0.42240318528227805	0.37740148568391874	0.25	0.3624415397644043	6.791229248046875	0.05028321438154985
cov10_n5_g0_s42_hotspots_p80_chr1	5	10	5073	982	2045	0	0.5064706488451023	0.4550976423873734	0.1111111111111111	0.26836106181144714	17.80900001525879	0.043128725041817084
cov10_n5_g0_s42_hotspots_p80_chr1	5	10	5074	1436	2152	0	0.41255098453787037	0.34836195538481884	0.25	0.23656082153320312	15.206864356994629	0.04625141186039756
cov10_n5_g0_s42_hotspots_p80_chr1	5	10	5075	1075	2105	0	0.2520789399957951	0.18565535164761182	0.1111111111111111	0.19131292402744293	8.680695533752441	0.05462062107835138
cov10_n5_g0_s42_hotspots_p80_chr1	5	10	5076	671	1592	0	0.4167471814953082	0.35724912998011815	0.1111111111111111	0.26230916380882263	12.62084674835205	0.04667846514377015
cov10_n5_g0_s42_hotspots_p80_chr1	5	10	5077	855	1465	0	0.33962924314095755	0.25642885573181	0.25	0.17106680572032928	19.70827865600586	0.047738006008382156
cov10_n5_g0_s42_hotspots_p80_chr1	5	10	5078	710	1282	0	0.4530209166357166	0.40177799075795506	0.25	0.3138637840747833	10.416553497314453	0.046159441571948914
cov10_n5_g0_s42_hotspots_p80_chr1	5	10	5079	466	1330	0	0.4978240489152589	0.45439822995998225	0.1111111111111111	0.3771212697029114	8.712839126586914	0.04526652157591423
cov10_n5_g0_s42_hotspots_p80_chr1	5	10	5080	317	1467	0	0.38125222841129514	0.3220510810151163	0.1111111111111111	0.26286646723747253	10.51778793334961	0.04872505032696662
cov10_n5_g0_s42_hotspots_p80_chr1	5	10	5081	311	1327	0	0.4086171240327139	0.3478734493898606	0.1111111111111111	0.25594329833984375	12.744292259216309	0.04691604031757115
cov10_n5_g0_s42_hotspots_p80_chr1	5	10	5082	187	1010	1	0.4229542488166371	0.37030795129297667	0.42857142857142855	0.30521994829177856	9.60132122039795	0.04770539274009544
cov10_n5_g0_s42_hotspots_p80_chr1	5	10	5083	1026	1947	0	0.5812403905780004	0.5420671151315717	0.42857142857142855	0.32452628016471863	16.039167404174805	0.040702712432353606
cov10_n5_g0_s42_hotspots_p80_chr1	5	10	5084	891	1643	0	0.4809419781853129	0.43225856498942783	0.1111111111111111	0.3290446400642395	10.681830406188965	0.04499986884922467
cov10_n5_g0_s42_hotspots_p80_chr1	5	10	5085	390	1328	0	0.5245412371649473	0.4806722404121318	0.25	0.3593903183937073	10.651152610778809	0.043320092700317656
cov10_n5_g0_s42_hotspots_p80_chr1	5	10	5086	533	2207	0	0.5073148039979952	0.4615878567149699	0.1111111111111111	0.3478688597679138	10.633935928344727	0.0440015666842974
cov10_n5_g0_s42_hotspots_p80_chr1	5	10	5087	550	1688	0	0.4438189157449227	0.39286746735589995	0.25	0.31712639331817627	9.793021202087402	0.04680584207495253
cov10_n5_g0_s42_hotspots_p80_chr1	5	10	5088	477	1754	0	0.6170565044405537	0.5826456666231024	0.1111111111111111	0.3806096911430359	13.141962051391602	0.03934594468533315
cov10_n5_g0_s42_hotspots_p80_chr1	5	10	5089	315	1729	0	0.6011995323871242	0.5667218989762501	0.25	0.43789222836494446	9.424814224243164	0.04045769450877552
cov10_n5_g0_s42_hotspots_p80_chr1	5	10	5090	700	1818	0	0.521043280101394	0.47657628770564614	0.42857142857142855	0.35423141717910767	10.817911148071289	0.043408915961055845
cov10_n5_g0_s42_hotspots_p80_chr1	5	10	5091	865	1665	0	0.4665222737037972	0.40984989267496036	0.1111111111111111	0.2632666826248169	15.700844764709473	0.044494968408500035
cov10_n5_g0_s42_hotspots_p80_chr1	5	10	5092	795	1848	0	0.5151728121155591	0.46856670515373094	0.1111111111111111	0.331545889377594	12.072260856628418	0.043332460820133416
cov10_n5_g0_s42_hotspots_p80_chr1	5	10	5093	780	1935	0	0.5486878944897189	0.5058174394742002	0.42857142857142855	0.34707897901535034	12.495802879333496	0.0420112035049357
cov10_n5_g0_s42_hotspots_p80_chr1	5	10	5094	701	1587	0	0.5943093784146279	0.5587048267160631	0.6666666666666666	0.4229312241077423	9.873148918151855	0.04063747084725855
cov10_n5_g0_s42_hotspots_p80_chr1	5	10	5095	712	1257	0	0.5195713642102805	0.4722369197160239	0.25	0.31632256507873535	13.489630699157715	0.04295375222808992
cov10_n5_g0_s42_hotspots_p80_chr1	5	10	5096	421	1050	0	0.3155684519534703	0.25455154175015005	0.25	0.23727715015411377	8.843931198120117	0.05222080821329809
cov10_n5_g0_s42_hotspots_p80_chr1	5	10	5097	403	1083	0	0.4972949640688902	0.4504321410592655	0.25	0.34054726362228394	10.662115097045898	0.044380614514890115
cov10_n5_g0_s42_hotspots_p80_chr1	5	10	5098	825	1268	0	0.5706348132798201	0.5309968719456516	0.25	0.37370821833610535	11.65792465209961	0.04127579049137285
cov10_n5_g0_s42_hotspots_p80_chr1	5	10	5099	684	1512	0	0.5906292478821639	0.5546004803718427	0.25	0.41930896043777466	9.920454025268555	0.0407857592669068
cov10_n5_g0_s42_hotspots_p80_chr1	5	10	5100	840	1884	0	0.6709934519578563	0.6431030850265187	0.25	0.44904688000679016	11.164087295532227	0.037073268585695096
cov10_n5_g0_s42_hotspots_p80_chr1	5	10	5101	451	1021	0	0.4041518885115493	0.334102825727438	0.25	0.20831291377544403	18.820314407348633	0.046071806687454794
cov10_n5_g0_s42_hotspots_p80_chr1	5	10	5102	953	1706	0	0.47832662710625024	0.43040552684113936	0.25	0.3370360732078552	10.070855140686035	0.0453434122753365
cov10_n5_g0_s42_hotspots_p80_chr1	5	10	5103	1080	1830	0	0.3639977469009181	0.2793752369849898	0.1111111111111111	0.1629846692085266	24.93869972229004	0.04675794662473018
cov10_n5_g0_s42_hotspots_p80_chr1	5	10	5104	1019	1910	0	0.4759036819438221	0.4186038668727914	0.1111111111111111	0.240822434425354	19.526042938232422	0.04400066548115983
cov10_n5_g0_s42_hotspots_p80_chr1	5	10	5105	696	1939	0	0.5349092237465477	0.49176948553077077	0.42857142857142855	0.36065906286239624	10.998575210571289	0.04281606530692451
cov10_n5_g0_s42_hotspots_p80_chr1	5	10	5106	687	1569	0	0.4482333852104265	0.39345277458296773	0.25	0.28782203793525696	12.126358032226562	0.0457351316652631
cov10_n5_g0_s42_hotspots_p80_chr1	5	10	5107	670	1677	0	0.3507989415489611	0.29405309286827713	0.25	0.26827239990234375	8.54937744140625	0.05119309138069609
cov10_n5_g0_s42_hotspots_p80_chr1	5	10	5108	544	1537	0	0.4430733490682566	0.40344798084649314	0.25	0.41631242632865906	5.663468837738037	0.05124027516771467
cov10_n5_g0_s42_hotspots_p80_chr1	5	10	5109	794	1896	0	0.636381061159857	0.6044376265268213	0.42857142857142855	0.4133334159851074	11.852323532104492	0.03857432560488461
cov10_n5_g0_s42_hotspots_p80_chr1	5	10	5110	694	2257	0	0.5673939735389775	0.5274127709982792	0.25	0.3724130690097809	11.60618782043457	0.04141191055514584
cov10_n5_g0_s42_hotspots_p80_chr1	5	10	5111	854	2250	0	0.4453995625046971	0.3927803614507486	0.42857142857142855	0.3044057786464691	10.704435348510742	0.04632182300489888
cov10_n5_g0_s42_hotspots_p80_chr1	5	10	5112	565	2019	0	0.40242651959554837	0.33740656829596644	0.1111111111111111	0.2340894639492035	14.776766777038574	0.046641989264302366
cov10_n5_g0_s42_hotspots_p80_chr1	5	10	5113	768	1848	0	0.4695794918934714	0.4188124811864986	0.1111111111111111	0.3139413595199585	11.186424255371094	0.045251731223671536
cov10_n5_g0_s42_hotspots_p80_chr1	5	10	5114	374	1381	0	0.41531039510095996	0.3591313413473567	0.25	0.28224629163742065	10.825777053833008	0.04736475519643871
cov10_n5_g0_s42_hotspots_p80_chr1	5	10	5115	729	1563	0	0.4207440014556494	0.3561457912101538	0.25	0.2317289113998413	16.48334503173828	0.045822446257611386
cov10_n5_g0_s42_hotspots_p80_chr1	5	10	5116	337	969	0	0.4484940970969689	0.3894010495037077	0.1111111111111111	0.2555643320083618	15.398662567138672	0.045099192967594584
cov10_n5_g0_s42_hotspots_p80_chr1	5	10	5117	707	1325	0	0.5739179580677376	0.5373111218622165	0.25	0.4286970794200897	8.961247444152832	0.041849845431418876
cov10_n5_g0_s42_hotspots_p80_chr1	5	10	5118	55	316	1	0.20684835789937528	0.14546887264606004	0.1111111111111111	0.17965659499168396	6.628080368041992	0.05905618090008294
cov10_n5_g0_s42_hotspots_p80_chr1	5	10	5119	540	1360	0	0.45271026438810263	0.4162097620720971	0.1111111111111111	0.45254144072532654	5.003731727600098	0.05230132421868216
cov10_n5_g0_s42_hotspots_p80_chr1	5	10	5120	302	1307	0	0.46443688725130955	0.4117496147929274	0.25	0.29930242896080017	12.039345741271973	0.045185729582646474
cov10_n5_g0_s42_hotspots_p80_chr1	5	10	5121	362	1314	0	0.5196443754857211	0.48875583065829536	0.25	0.5372445583343506	4.677764892578125	0.04985973957084148
cov10_n5_g0_s42_hotspots_p80_chr1	5	10	5122	343	1606	0	0.39329338475567227	0.3340537820268013	0.1111111111111111	0.2639558017253876	11.100454330444336	0.04802396105773262
cov10_n5_g0_s42_hotspots_p80_chr1	5	10	5123	285	808	0	0.43270020911742935	0.3987620793677734	0.25	0.4774654507637024	4.106391429901123	0.05618458887509966
cov10_n5_g0_s42_hotspots_p80_chr1	5	10	5124	439	1572	0	0.5330655509466374	0.5114217108477415	0.25	0.7158781290054321	2.7723817825317383	0.05856080229563737
cov10_n5_g0_s42_hotspots_p80_chr1	5	10	5125	532	2665	0	0.6827432461132196	0.6614083772571376	0.42857142857142855	0.67716383934021	5.082733154296875	0.039667212009825016
cov10_n5_g0_s42_hotspots_p80_chr1	5	10	5126	927	2069	0	0.5681402778216633	0.5269336894276468	0.42857142857142855	0.3283436894416809	14.97006893157959	0.041149496183373525
cov10_n5_g0_s42_hotspots_p80_chr1	5	10	5127	342	988	0	0.05429895981821273	0.003397399766233887	0.1111111111111111	0.066440150141716	3.339580535888672	0.07688162679647109
cov10_n5_g0_s42_hotspots_p80_chr1	5	10	5128	294	1084	0	0.3310596313044272	0.3013616770622004	0.25	0.47266632318496704	2.452862024307251	0.07233779215473164
cov10_n5_g0_s42_hotspots_p80_chr1	5	10	5129	733	1775	0	0.4262544828148363	0.372296226339816	0.25	0.29638704657554626	10.34164047241211	0.04718866860619264
cov10_n5_g0_s42_hotspots_p80_chr1	5	10	5130	575	1315	0	0.3476322729188391	0.27409751090552537	0.1111111111111111	0.20011454820632935	15.088737487792969	0.04824789949076473
cov10_n5_g0_s42_hotspots_p80_chr1	5	10	5131	31	182	1	0.1581140315445007	0.0860663060059846	0.1111111111111111	0.12499985843896866	8.000033378601074	0.05863014726834896
cov10_n5_g0_s42_hotspots_p80_chr1	5	10	5132	453	1223	0	0.36767232998026367	0.292173498969662	0.1111111111111111	0.19360363483428955	18.03287124633789	0.047171605937883145
cov10_n5_g0_s42_hotspots_p80_chr1	5	10	5133	576	1698	0	0.6488896591088498	0.6186825720117894	0.42857142857142855	0.39652594923973083	13.389628410339355	0.038091057895757084
cov10_n5_g0_s42_hotspots_p80_chr1	5	10	5134	585	1752	0	0.4564961579255608	0.3947415726952243	0.1111111111111111	0.2187698781490326	21.770544052124023	0.04450079754066485
cov10_n5_g0_s42_hotspots_p80_chr1	5	10	5135	667	1729	0	0.4683338622695581	0.4125785236757267	0.25	0.2704290747642517	14.995965003967285	0.04451305653711517
cov10_n5_g0_s42_hotspots_p80_chr1	5	10	5136	671	2167	0	0.40329671317478555	0.3369420684331673	0.25	0.22722934186458588	15.750359535217285	0.04644874452665617
cov10_n5_g0_s42_hotspots_p80_chr1	5	10	5137	880	2260	0	0.5384319457650335	0.5087671063379849	0.25	0.5569081902503967	4.673738956451416	0.04888739510599745
cov10_n5_g0_s42_hotspots_p80_chr1	5	10	5138	352	1205	0	0.37662970375596005	0.31139101483418524	0.1111111111111111	0.23391775786876678	12.962019920349121	0.04790372650015225
cov10_n5_g0_s42_hotspots_p80_chr1	5	10	5139	306	870	0	0.1604639807324509	0.09620673708338444	0.1111111111111111	0.14092369377613068	6.482716083526611	0.06102118882491416
cov10_n5_g0_s42_hotspots_p80_chr1	5	10	5140	582	1357	0	0.2767142173185024	0.20363841836618057	0.1111111111111111	0.18395468592643738	11.313873291015625	0.05181761251027404
cov10_n5_g0_s42_hotspots_p80_chr1	5	10	5141	585	1400	0	0.17316358386260733	0.09002646316914853	0.1111111111111111	0.11747124791145325	10.864757537841797	0.05534575511213423
cov10_n5_g0_s42_hotspots_p80_chr1	5	10	5142	707	1644	0	0.2662598220805955	0.179722556012107	0.1111111111111111	0.15129613876342773	15.485511779785156	0.05050470647866616
cov10_n5_g0_s42_hotspots_p80_chr1	5	10	5143	770	2154	0	0.3425479862407243	0.2785367512860406	0.1111111111111111	0.23367658257484436	10.744406700134277	0.049950105591537224
cov10_n5_g0_s42_hotspots_p80_chr1	5	10	5144	498	1093	0	0.4671071013342023	0.433237268916699	0.25	0.488137423992157	4.578452110290527	0.05281565055463001
cov10_n5_g0_s42_hotspots_p80_chr1	5	10	5145	697	1735	0	0.5349484700525545	0.49373079307057416	0.25	0.38769134879112244	9.519665718078613	0.04329681908410401
cov10_n5_g0_s42_hotspots_p80_chr1	5	10	5146	384	1647	0	0.353452031397675	0.31415512768892595	0.1111111111111111	0.3848678171634674	4.217040538787842	0.059496428181292534
cov10_n5_g0_s42_hotspots_p80_chr1	5	10	5147	670	2024	0	0.5828355093237487	0.5453627192890322	0.42857142857142855	0.3999261260032654	10.619461059570312	0.04095672898031333
cov10_n5_g0_s42_hotspots_p80_chr1	5	10	5148	540	1364	0	0.3937850726593567	0.3360783107382481	0.25	0.2722651958465576	10.459339141845703	0.04830919476121564
cov10_n5_g0_s42_hotspots_p80_chr1	5	10	5149	1046	2234	0	0.6125318603824181	0.5822066104593104	0.42857142857142855	0.5156185626983643	7.0561909675598145	0.04115095704275588
cov10_n5_g0_s42_hotspots_p80_chr1	5	10	5150	564	1131	0	0.37905229803766327	0.30110106038579443	0.25	0.18209746479988098	21.665090560913086	0.04654543760803972
cov10_n5_g0_s42_hotspots_p80_chr1	5	10	5151	924	2293	0	0.12464696050170622	0.013455363876074256	0.0	0.06892582029104233	16.351943969726562	0.054035228897282336
cov10_n5_g0_s42_hotspots_p80_chr1	5	10	5152	566	1532	0	0.6048140726380007	0.5753137703811381	0.42857142857142855	0.5388956665992737	6.298023700714111	0.04231159453140228
cov10_n5_g0_s42_hotspots_p80_chr1	5	10	5153	754	1823	0	0.5058831166408861	0.45504270093680904	0.42857142857142855	0.282772034406662	16.00285530090332	0.04321169332191207
cov10_n5_g0_s42_hotspots_p80_chr1	5	10	5154	416	1457	0	0.2202836951046926	0.13427832188483851	0.1111111111111111	0.1357000321149826	13.175734519958496	0.052632818777747434
cov10_n5_g0_s42_hotspots_p80_chr1	5	10	5155	115	1152	1	0.2605110233657691	0.180725248922304	0.25	0.16250735521316528	12.849204063415527	0.051577961342311324
cov10_n5_g0_s42_hotspots_p80_chr1	5	10	5156	629	1567	0	0.43613971301199334	0.3719703031241664	0.1111111111111111	0.2254951298236847	18.704532623291016	0.04517534164758677
cov10_n5_g0_s42_hotspots_p80_chr1	5	10	5157	753	1525	0	0.6049860274459782	0.5706940185347066	0.25	0.43592599034309387	9.630197525024414	0.040228975273646314
cov10_n5_g0_s42_hotspots_p80_chr1	5	10	5158	974	1877	0	0.2569609515258027	0.1745509915757206	0.1111111111111111	0.15600284934043884	13.565608024597168	0.05139487984371963
cov10_n5_g0_s42_hotspots_p80_chr1	5	10	5159	739	1723	0	0.4848522691989315	0.4383210888372827	0.25	0.34856051206588745	9.674588203430176	0.04526855553606963
cov10_n5_g0_s42_hotspots_p80_chr1	5	10	5160	579	1552	0	0.4848267572020972	0.43842857970231475	0.25	0.349875271320343	9.601006507873535	0.045305304875720875
cov10_n5_g0_s42_hotspots_p80_chr1	5	10	5161	1214	1976	0	0.5916479638942584	0.5538607813944025	0.42857142857142855	0.3420712351799011	14.957659721374512	0.04031545554034654
cov10_n5_g0_s42_hotspots_p80_chr1	5	10	5162	513	1502	0	0.49138097737660763	0.44070411835341233	0.25	0.303530216217041	13.103970527648926	0.044002935466686134
cov10_n5_g0_s42_hotspots_p80_chr1	5	10	5163	562	1687	0	0.4776620716830301	0.44053643212385013	0.25	0.44916388392448425	5.654599189758301	0.04964645420091584
cov10_n5_g0_s42_hotspots_p80_chr1	5	10	5164	651	1528	0	0.4990221257036808	0.4581738237121675	0.25	0.4055023491382599	7.572213649749756	0.04607885043458768
cov10_n5_g0_s42_hotspots_p80_chr1	5	10	5165	368	1519	0	0.22252476417499648	0.14077056938549506	0.1111111111111111	0.14356733858585358	12.012001991271973	0.05312992646691583
cov10_n5_g0_s42_hotspots_p80_chr1	5	10	5166	898	1871	0	0.6508494205387507	0.6218126710628606	0.42857142857142855	0.4927212595939636	8.72425651550293	0.03832989029683918
cov10_n5_g0_s42_hotspots_p80_chr1	5	10	5167	949	1644	0	0.10537100871126551	0.034169880134734834	0.1111111111111111	0.0892866998910904	6.963680744171143	0.0620370395361714
cov10_n5_g0_s42_hotspots_p80_chr1	5	10	5168	627	1200	0	0.4322912739485124	0.3775218167158151	0.1111111111111111	0.29058837890625	11.065385818481445	0.046655193955445276
cov10_n5_g0_s42_hotspots_p80_chr1	5	10	5169	367	814	0	0.27158338985176156	0.20501174430627495	0.1111111111111111	0.19999957084655762	9.219733238220215	0.053439590219591916
cov10_n5_g0_s42_hotspots_p80_chr1	5	10	5170	704	1534	0	0.58540070231978	0.5548215923244134	0.42857142857142855	0.5289846658706665	6.123367786407471	0.04354809928303817
cov10_n5_g0_s42_hotspots_p80_chr1	5	10	5171	461	927	0	0.5669573307708905	0.5287857488926295	0.25	0.40797537565231323	9.65612506866455	0.0418884027944894
cov10_n5_g0_s42_hotspots_p80_chr1	5	10	5172	660	1327	0	0.49040378525028167	0.43871946294735287	0.25	0.2932249903678894	13.985424995422363	0.04390515596269623
cov10_n5_g0_s42_hotspots_p80_chr1	5	10	5173	654	1394	0	0.5422194188851248	0.5029885543447823	0.42857142857142855	0.4110053777694702	8.70212173461914	0.04337515918127642
cov10_n5_g0_s42_hotspots_p80_chr1	5	10	5174	1105	1895	0	0.39103124544621104	0.3304805333032083	0.25	0.2569824159145355	11.576739311218262	0.04790448240776233
cov10_n5_g0_s42_hotspots_p80_chr1	5	10	5175	620	1246	0	0.5274044681759834	0.4879323782524861	0.25	0.41476941108703613	8.084332466125488	0.04441118628560294
cov10_n5_g0_s42_hotspots_p80_chr1	5	10	5176	654	1500	0	0.009369617666716023	-0.07500512553655787	0.0	0.007475532125681639	7.854698657989502	0.06367123815604521
cov10_n5_g0_s42_hotspots_p80_chr1	5	10	5177	815	1324	0	0.263930620271284	0.18849740313970206	0.1111111111111111	0.1733526736497879	11.590132713317871	0.052074372117635354
cov10_n5_g0_s42_hotspots_p80_chr1	5	10	5178	514	1123	0	0.2667362660274816	0.1708764657628421	0.1111111111111111	0.1360732764005661	19.21270179748535	0.04970155791930494
cov10_n5_g0_s42_hotspots_p80_chr1	5	10	5179	463	1176	0	0.6957736903513784	0.6741533280767401	0.42857142857142855	0.6523724794387817	5.687412738800049	0.03789423990055618
cov10_n5_g0_s42_hotspots_p80_chr1	5	10	5180	734	1425	0	0.6639277492194988	0.6380173287222229	0.25	0.5654697418212891	6.892755031585693	0.03855060710801923
cov10_n5_g0_s42_hotspots_p80_chr1	5	10	5181	1100	1891	0	0.3386344180544573	0.2693849295194226	0.25	0.21328887343406677	12.603633880615234	0.0492476706778857
cov10_n5_g0_s42_hotspots_p80_chr1	5	10	5182	426	1249	0	0.6921930082093347	0.67423050898851	0.42857142857142855	0.7738873958587646	4.000081539154053	0.04189867666738772
cov10_n5_g0_s42_hotspots_p80_chr1	5	10	5183	1071	2271	0	0.6339632958414805	0.6016952685364612	0.25	0.40098369121551514	12.498124122619629	0.03866822519660731
cov10_n5_g0_s42_hotspots_p80_chr1	5	10	5184	777	2146	0	0.3174165474801529	0.2760577615789569	0.1111111111111111	0.3467053174972534	4.190907955169678	0.06123006432798744
cov10_n5_g0_s42_hotspots_p80_chr1	5	10	5185	313	1008	0	0.5718024769500969	0.5348236531717846	0.42857142857142855	0.42412814497947693	9.087989807128906	0.04189034383522858
cov10_n5_g0_s42_hotspots_p80_chr1	5	10	5186	442	995	0	0.34329259248849775	0.2984662224686259	0.25	0.33574581146240234	5.2273030281066895	0.05667946024569374
cov10_n5_g0_s42_hotspots_p80_chr1	5	10	5187	1206	2168	0	0.5256218046175217	0.48060825358496323	0.25	0.34296441078186035	11.74406909942627	0.04300633606791222
cov10_n5_g0_s42_hotspots_p80_chr1	5	10	5188	972	2456	0	0.41946315820426006	0.35600734792599004	0.1111111111111111	0.23885874450206757	15.41968059539795	0.04600389740251724
cov10_n5_g0_s42_hotspots_p80_chr1	5	10	5189	718	2172	0	0.44734772515369287	0.403398421605281	0.25	0.37524303793907166	7.106163024902344	0.04881414991648943
cov10_n5_g0_s42_hotspots_p80_chr1	5	10	5190	504	1655	0	0.5278679637311084	0.4829729880199116	0.25	0.34231036901474	11.889960289001465	0.04289236647261269
cov10_n5_g0_s42_hotspots_p80_chr1	5	10	5191	886	1855	0	0.7138843802630679	0.6906283439217914	0.42857142857142855	0.5195993185043335	9.438188552856445	0.035020137816778124
cov10_n5_g0_s42_hotspots_p80_chr1	5	10	5192	495	1471	0	0.6763420981923094	0.6566902868828716	0.42857142857142855	0.733525276184082	4.250820159912109	0.04210680590128956
cov10_n5_g0_s42_hotspots_p80_chr1	5	10	5193	943	1636	0	0.36980730821435776	0.31202192737809414	0.25	0.26801902055740356	9.518965721130371	0.04972999923467919
cov10_n5_g0_s42_hotspots_p80_chr1	5	10	5194	435	935	0	0.2631426151086312	0.1961021386869162	0.1111111111111111	0.1948145627975464	9.12240982055664	0.053816161695165586
cov10_n5_g0_s42_hotspots_p80_chr1	5	10	5195	45	139	1	0.4025304378126018	0.33744151969592545	0.25	0.2337268590927124	14.830309867858887	0.04662868396118399
cov10_n5_g0_s42_hotspots_p80_chr1	5	10	5202	106	363	1	0.2581990144211094	0.2208471507746185	0.1111111111111111	0.33333268761634827	3.000013828277588	0.07071056418535943
cov10_n5_g0_s42_hotspots_p80_chr1	5	10	5203	662	2352	0	0.5997247745809635	0.5634094869702058	0.25	0.3891434371471405	11.875575065612793	0.04008570256575123
cov10_n5_g0_s42_hotspots_p80_chr1	5	10	5204	909	2125	0	0.3026275631163732	0.238584904030923	0.1111111111111111	0.22102981805801392	9.37314224243164	0.052234552825715236
cov10_n5_g0_s42_hotspots_p80_chr1	5	10	5205	642	1882	0	0.31318332899172063	0.25264738395579145	0.1111111111111111	0.23830284178256989	8.635923385620117	0.0524969333676036
cov10_n5_g0_s42_hotspots_p80_chr1	5	10	5206	299	733	0	0.12633162391823008	0.07799391430968403	0.1111111111111111	0.15040011703968048	3.5277509689331055	0.07274155594190684
cov10_n5_g0_s42_hotspots_p80_chr1	5	10	5207	516	1205	0	0.29056695126673854	0.21071571187858693	0.1111111111111111	0.17187634110450745	14.289935111999512	0.05015336313237716
cov10_n5_g0_s42_hotspots_p80_chr1	5	10	5208	636	1207	0	0.15702724268167295	0.06642183766269033	0.1111111111111111	0.10030374675989151	12.25422191619873	0.05494122256632687
cov10_n5_g0_s42_hotspots_p80_chr1	5	10	5209	672	2060	0	0.36254175996029864	0.3081855866475595	0.25	0.2842290997505188	8.13484001159668	0.05114152197274209
cov10_n5_g0_s42_hotspots_p80_chr1	5	10	5210	206	820	0	0.22819037611380413	0.1750309311191208	0.25	0.22130350768566132	5.316037654876709	0.06119524345225423
cov10_n5_g0_s42_hotspots_p80_chr1	5	10	5211	484	1941	0	0.4424218509836869	0.39113872307683245	0.25	0.3147066533565521	9.881691932678223	0.046812737344439886
cov10_n5_g0_s42_hotspots_p80_chr1	5	10	5212	672	1711	0	0.5860723310700705	0.5553724180602523	0.42857142857142855	0.5263939499855042	6.1979875564575195	0.04341444343085091
cov10_n5_g0_s42_hotspots_p80_chr1	5	10	5213	697	1803	0	0.22871557566116602	0.11311934533333473	0.0	0.10423608869314194	24.07272720336914	0.04998078991910448
cov10_n5_g0_s42_hotspots_p80_chr1	5	10	5214	622	1839	0	0.17114791881349872	0.05360912549611364	0.0	0.08465331047773361	20.43738555908203	0.05184937490317467
cov10_n5_g0_s42_hotspots_p80_chr1	5	10	5215	149	445	1	0.5503589689975025	0.5069083500256399	0.25	0.32973238825798035	13.929607391357422	0.04181754657212326
cov10_n5_g0_s42_hotspots_p80_chr1	5	10	5216	688	1439	0	0.4108517352377167	0.36388954478968677	0.25	0.34446609020233154	7.112909317016602	0.0503491566151863
cov10_n5_g0_s42_hotspots_p80_chr1	5	10	5217	1062	2148	0	0.44597445930561685	0.3865115430587413	0.25	0.25417593121528625	15.392926216125488	0.04517943937802012
cov10_n5_g0_s42_hotspots_p80_chr1	5	10	5218	513	1364	0	0.5590574302887061	0.5180024582293948	0.25	0.364965558052063	11.732190132141113	0.04172070258206166
cov10_n5_g0_s42_hotspots_p80_chr1	5	10	5219	810	1876	0	0.2877214414760402	0.22869903393655966	0.1111111111111111	0.23333021998405457	7.602780818939209	0.05456632791998255
cov10_n5_g0_s42_hotspots_p80_chr1	5	10	5220	382	1705	0	0.5141893791911512	0.48404926873114246	0.25	0.5489572882652283	4.386711597442627	0.05103653816013531
cov10_n5_g0_s42_hotspots_p80_chr1	5	10	5221	514	1834	0	0.38428976586807917	0.3360175273953876	0.25	0.32810908555984497	6.858846664428711	0.05178724076857105
cov10_n5_g0_s42_hotspots_p80_chr1	5	10	5222	466	1205	0	0.5666806094452026	0.5329999340491665	0.25	0.4834272265434265	6.870439529418945	0.04361481971200511
cov10_n5_g0_s42_hotspots_p80_chr1	5	10	5223	459	950	0	0.41074671625552356	0.35828549788452874	0.1111111111111111	0.3055656850337982	9.0346040725708	0.04853597464407108
cov10_n5_g0_s42_hotspots_p80_chr1	5	10	5224	532	1505	0	0.7382678263946718	0.7202704874549055	0.6666666666666666	0.7162694334983826	5.311841011047363	0.035663510008471
cov10_n5_g0_s42_hotspots_p80_chr1	5	10	5225	524	2144	0	0.5983554578417122	0.5724859214396393	0.25	0.617577850818634	4.693589687347412	0.04555565584219161
cov10_n5_g0_s42_hotspots_p80_chr1	5	10	5226	188	1424	1	0.46807508331665487	0.4492687130577302	0.25	0.7663591504096985	1.8652470111846924	0.07327843798640345
cov10_n5_g0_s42_hotspots_p80_chr1	5	10	5227	119	252	1	0.37804929578979274	0.3171628928449093	0.25	0.2540827989578247	11.069201469421387	0.048567946771817916
cov10_n5_g0_s42_hotspots_p80_chr1	5	10	5228	537	1776	0	0.2908207291684777	0.2217484245657105	0.1111111111111111	0.20025956630706787	10.544698715209961	0.05180860814706249
cov10_n5_g0_s42_hotspots_p80_chr1	5	10	5229	112	396	1	0.43701454184740246	0.37451514189446394	0.25	0.23721706867218018	16.96953582763672	0.04528276569590765
cov10_n5_g0_s42_hotspots_p80_chr1	5	10	5230	95	386	1	0.48322136533183657	0.4285551791100883	0.1111111111111111	0.26604390144348145	16.495126724243164	0.04390421471429223
cov10_n5_g0_s42_hotspots_p80_chr1	5	10	5231	248	633	0	0.40657767967198866	0.33819961902794093	0.1111111111111111	0.21602477133274078	17.71128273010254	0.04610467400295859
cov10_n5_g0_s42_hotspots_p80_chr1	5	10	5232	277	1165	0	0.263319952174688	0.20624110102580231	0.25	0.2282060980796814	6.657067775726318	0.05689176592401654
cov10_n5_g0_s42_hotspots_p80_chr1	5	10	5233	409	1183	0	0.5010254221099978	0.45011494995569384	0.25	0.2904459238052368	14.878495216369629	0.04345007708057321
cov10_n5_g0_s42_hotspots_p80_chr1	5	10	5234	182	865	1	0.3585680628466994	0.2887732605082981	0.1111111111111111	0.21418797969818115	14.012739181518555	0.048177853579967435
cov10_n5_g0_s42_hotspots_p80_chr1	5	10	5235	565	1338	0	0.4924975136128254	0.4384625407677402	0.1111111111111111	0.25450798869132996	18.72298812866211	0.04353261317120235
cov10_n5_g0_s42_hotspots_p80_chr1	5	10	5236	669	1799	0	0.33141461784437376	0.2753459035024764	0.1111111111111111	0.2649272382259369	7.824564456939697	0.05265830407752635
cov10_n5_g0_s42_hotspots_p80_chr1	5	10	5237	428	1497	0	0.3738137383097255	0.30473888205721017	0.1111111111111111	0.21768862009048462	14.743785858154297	0.047532846834815165
cov10_n5_g0_s42_hotspots_p80_chr1	5	10	5238	224	1005	0	0.4797601006577737	0.42676079572742426	0.1111111111111111	0.2882935404777527	13.846769332885742	0.044286229157259965
cov10_n5_g0_s42_hotspots_p80_chr1	5	10	5239	197	849	1	0.4016864736899901	0.37055102990450867	0.25	0.4999719262123108	3.227403402328491	0.06223522269899412
cov10_n5_g0_s42_hotspots_p80_chr1	5	10	5240	536	1611	0	0.3111706205400449	0.2428464690265126	0.1111111111111111	0.20944318175315857	11.036584854125977	0.05084663963091963
cov10_n5_g0_s42_hotspots_p80_chr1	5	10	5241	296	1043	0	0.4070800346912446	0.33207149627313237	0.1111111111111111	0.17290370166301727	27.715394973754883	0.04567816085167908
cov10_n5_g0_s42_hotspots_p80_chr1	5	10	5242	494	1837	0	0.44897847543046043	0.3882419912908112	0.1111111111111111	0.2420940101146698	17.197011947631836	0.04490434839182158
cov10_n5_g0_s42_hotspots_p80_chr1	5	10	5243	654	2385	0	0.5051325776496471	0.45599483059044105	0.25	0.30897951126098633	13.36353588104248	0.0434796914271808
cov10_n5_g0_s42_hotspots_p80_chr1	5	10	5244	679	1446	0	0.35599769827682326	0.2964366833151978	0.1111111111111111	0.25618311762809753	9.655245780944824	0.050136986088980734
cov10_n5_g0_s42_hotspots_p80_chr1	5	10	5246	181	562	1	0.07353301061107724	0.014054736570818151	0.1111111111111111	0.07618206739425659	4.658319473266602	0.06929978959539233
cov10_n5_g0_s42_hotspots_p80_chr1	5	10	5247	53	818	1	0.3724253855926072	0.306570172153088	0.25	0.23097676038742065	12.999061584472656	0.048028367964356104
cov10_n5_g0_s42_hotspots_p80_chr1	5	10	5248	394	1175	0	0.3037134322818793	0.27133581625440906	0.42857142857142855	0.41854214668273926	2.632810354232788	0.07179880028404663
cov10_n5_g0_s42_hotspots_p80_chr1	5	10	5249	587	1571	0	0.5748737475897705	0.534736983969838	0.25	0.34242773056030273	14.092144966125488	0.040925302418816256
cov10_n5_g0_s42_hotspots_p80_chr1	5	10	5250	770	2134	0	0.6316249997341145	0.5993170097682419	0.42857142857142855	0.3760297894477844	14.107306480407715	0.038806141901347596
cov10_n5_g0_s42_hotspots_p80_chr1	5	10	5251	525	1800	0	0.26359369522208415	0.21457628350858432	0.25	0.2639784514904022	4.985435485839844	0.060724058218884186
cov10_n5_g0_s42_hotspots_p80_chr1	5	10	5252	349	1281	0	0.4125054196397934	0.3541533965340187	0.25	0.2692912220954895	11.732345581054688	0.04710599209390827
cov10_n5_g0_s42_hotspots_p80_chr1	5	10	5253	873	1625	0	0.5225345687147221	0.47958031046464195	0.25	0.37249550223350525	9.839159965515137	0.04368015844009304
cov10_n5_g0_s42_hotspots_p80_chr1	5	10	5254	747	1696	0	0.4922183492899575	0.43979174254633624	0.25	0.28227686882019043	15.203202247619629	0.04371282349056317
cov10_n5_g0_s42_hotspots_p80_chr1	5	10	5255	780	1593	0	0.49073626592743097	0.4386691567040605	0.1111111111111111	0.28846895694732666	14.469988822937012	0.04383505622903492
cov10_n5_g0_s42_hotspots_p80_chr1	5	10	5256	60	383	1	0.23087862215876667	0.15970679549045233	0.1111111111111111	0.16859859228134155	9.376258850097656	0.054682367955412085
cov10_n5_g0_s42_hotspots_p80_chr1	5	10	5257	530	844	0	0.5098183834916759	0.4633427098155553	0.25	0.3375205993652344	11.40776252746582	0.04368228582951958
cov10_n5_g0_s42_hotspots_p80_chr1	5	10	5258	897	1686	0	0.5071025124480107	0.45900613421816266	0.25	0.32008856534957886	12.549351692199707	0.04353877159164976
cov10_n5_g0_s42_hotspots_p80_chr1	5	10	5259	658	1170	0	0.481961704773362	0.4358621054919483	0.1111111111111111	0.3535090386867523	9.293815612792969	0.04557889129363234
cov10_n5_g0_s42_hotspots_p80_chr1	5	10	5260	873	1923	0	0.674606052849905	0.6474752404165016	0.42857142857142855	0.4935353100299835	9.341875076293945	0.03701870656962213
cov10_n5_g0_s42_hotspots_p80_chr1	5	10	5261	164	501	1	0.3355708409331763	0.30434067879082494	0.25	0.4568882882595062	2.697232484817505	0.06964150182231975
cov10_n5_g0_s42_hotspots_p80_chr1	5	10	5262	801	2139	0	0.4645084418154998	0.40871113955599603	0.1111111111111111	0.27280193567276	14.496471405029297	0.044702002042362854
cov10_n5_g0_s42_hotspots_p80_chr1	5	10	5263	540	1957	0	0.4503130071983789	0.39882483478036035	0.25	0.3123416304588318	10.392960548400879	0.04627125580121137
cov10_n5_g0_s42_hotspots_p80_chr1	5	10	5264	208	788	0	0.5141168949416329	0.4675178172165781	0.25	0.3325871229171753	11.947659492492676	0.04339693802200887
cov10_n5_g0_s42_hotspots_p80_chr1	5	10	5265	220	875	0	0.21991801281511464	0.14403550568530996	0.1111111111111111	0.15313950181007385	10.311387062072754	0.05428217472844423
cov10_n5_g0_s42_hotspots_p80_chr1	5	10	5266	542	1591	0	0.4959735980131457	0.4455318380839909	0.25	0.30223649740219116	13.464592933654785	0.043785593570786416
cov10_n5_g0_s42_hotspots_p80_chr1	5	10	5267	464	1167	0	0.47197309143000593	0.4354234769229278	0.42857142857142855	0.455416738986969	5.370151042938232	0.050503441268178066
cov10_n5_g0_s42_hotspots_p80_chr1	5	10	5268	136	659	1	0.4406464445149133	0.3801670761037964	0.25	0.24956677854061127	15.587517738342285	0.045322066881440526
cov10_n5_g0_s42_hotspots_p80_chr1	5	10	5269	907	1676	0	0.4819340475282737	0.4303415248705332	0.1111111111111111	0.30072373151779175	12.841327667236328	0.04438244036861759
cov10_n5_g0_s42_hotspots_p80_chr1	5	10	5270	896	2302	0	0.5167140051503614	0.4677469964400773	0.42857142857142855	0.29320135712623596	15.528826713562012	0.04288295542308714
cov10_n5_g0_s42_hotspots_p80_chr1	5	10	5271	694	1598	0	0.2766650857887447	0.21851298738905803	0.1111111111111111	0.23124249279499054	7.157205581665039	0.0555902807627026
cov10_n5_g0_s42_hotspots_p80_chr1	5	10	5272	878	2193	0	0.4906356575358704	0.4371913919480571	0.1111111111111111	0.2707453668117523	16.419734954833984	0.04367553331212634
cov10_n5_g0_s42_hotspots_p80_chr1	5	10	5273	34	204	1	0.33240317267177366	0.29228864278964795	0.1111111111111111	0.36578619480133057	4.1290082931518555	0.060814723154684905
cov10_n5_g0_s42_hotspots_p80_chr1	5	10	5274	104	288	1	0.2176133357700677	0.14976885729732584	0.1111111111111111	0.16941647231578827	8.249539375305176	0.056286353996686675
cov10_n5_g0_s42_hotspots_p80_chr1	5	10	5275	411	1178	0	0.45763847268273383	0.401256910269078	0.25	0.2719281017780304	14.161420822143555	0.04497820809094191
cov10_n5_g0_s42_hotspots_p80_chr1	5	10	5276	469	1319	0	0.3973988488132959	0.3373907797176602	0.1111111111111111	0.2601011097431183	11.671823501586914	0.04764923462593558
cov10_n5_g0_s42_hotspots_p80_chr1	5	10	5277	831	1462	0	0.4852154098338418	0.42954543433540465	0.25	0.24092136323451996	20.280961990356445	0.04372338846108816
cov10_n5_g0_s42_hotspots_p80_chr1	5	10	5278	1083	1685	0	0.41240083289713964	0.3468948203024	0.1111111111111111	0.22942113876342773	16.15631103515625	0.04611491913239853
cov10_n5_g0_s42_hotspots_p80_chr1	5	10	5279	442	1103	0	0.417370108580854	0.3516398352313013	0.25	0.22644945979118347	16.985179901123047	0.04586598271760815
cov10_n5_g0_s42_hotspots_p80_chr1	5	10	5280	1032	1919	0	0.37274079154589	0.30089881452561956	0.25	0.20680058002471924	16.243528366088867	0.04728143744147266
cov10_n5_g0_s42_hotspots_p80_chr1	5	10	5281	630	1405	0	0.3227470285134595	0.23368206863083696	0.0	0.15654602646827698	21.252519607543945	0.04801495024588353
cov10_n5_g0_s42_hotspots_p80_chr1	5	10	5282	1217	2316	0	0.6286667001753372	0.5995306866568174	0.42857142857142855	0.52617347240448	7.137613773345947	0.04025441977095827
cov10_n5_g0_s42_hotspots_p80_chr1	5	10	5283	1028	2096	0	0.58191755350214	0.5427274580280331	0.25	0.33390235900878906	15.186371803283691	0.04066441554836867
cov10_n5_g0_s42_hotspots_p80_chr1	5	10	5284	763	1544	0	0.4478292728962734	0.40236359490968027	0.1111111111111111	0.3617711067199707	7.661735534667969	0.04819365705893827
cov10_n5_g0_s42_hotspots_p80_chr1	5	10	5285	538	1480	0	0.3951168013501169	0.3321987281414025	0.1111111111111111	0.2451505959033966	12.988383293151855	0.047293185600269134
cov10_n5_g0_s42_hotspots_p80_chr1	5	10	5286	626	1925	0	0.2984497971626681	0.23679790955016394	0.25	0.22806653380393982	8.562280654907227	0.05309951649497355
cov10_n5_g0_s42_hotspots_p80_chr1	5	10	5287	472	1618	0	0.6126258374536759	0.580276303672749	0.25	0.47057878971099854	8.474145889282227	0.04027630654762679
cov10_n5_g0_s42_hotspots_p80_chr1	5	10	5288	934	1930	0	0.6489296501279976	0.618955585981911	0.25	0.4617450535297394	9.875537872314453	0.0381710446923668
cov10_n5_g0_s42_hotspots_p80_chr1	5	10	5289	796	2265	0	0.44766757584080485	0.4022396018468054	0.1111111111111111	0.3620912730693817	7.64267110824585	0.04821926521851404
cov10_n5_g0_s42_hotspots_p80_chr1	5	10	5290	732	2086	0	0.5113266555440543	0.46096594269693986	0.25	0.27713242173194885	17.021278381347656	0.042996660744710945
cov10_n5_g0_s42_hotspots_p80_chr1	5	10	5291	542	2448	0	0.33857196677515117	0.2557920092775902	0.1111111111111111	0.1721910536289215	19.330846786499023	0.047808782824051356
cov10_n5_g0_s42_hotspots_p80_chr1	5	10	5292	809	2478	0	0.6558896715918473	0.6272583319616194	0.42857142857142855	0.4939700663089752	8.815162658691406	0.038054710183993486
cov10_n5_g0_s42_hotspots_p80_chr1	5	10	5293	761	2026	0	0.5042268329210957	0.4611545386161622	0.25	0.37916868925094604	8.842131614685059	0.0449204057666727
cov10_n5_g0_s42_hotspots_p80_chr1	5	10	5294	559	1465	0	0.25909253885270056	0.15194873657579608	0.1111111111111111	0.11957457661628723	23.474809646606445	0.04934179551380438
cov10_n5_g0_s42_hotspots_p80_chr1	5	10	5295	518	1423	0	0.09006757734277232	-0.02320024039669385	0.0	0.05106814205646515	15.552739143371582	0.055212102837813436
cov10_n5_g0_s42_hotspots_p80_chr1	5	10	5296	588	1720	0	0.45819100536094426	0.4087044054013329	0.25	0.32732972502708435	9.796980857849121	0.04625207732019109
cov10_n5_g0_s42_hotspots_p80_chr1	5	10	5297	479	1633	0	0.39959166393577916	0.3449239560982652	0.25	0.2903819978237152	9.468114852905273	0.048665292305861
cov10_n5_g0_s42_hotspots_p80_chr1	5	10	5298	712	1236	0	0.25468565118668646	0.1792424525363512	0.1111111111111111	0.16966512799263	11.266623497009277	0.052546608753918145
cov10_n5_g0_s42_hotspots_p80_chr1	5	10	5299	781	1554	0	0.3117226382334433	0.21346568856317763	0.1111111111111111	0.13807252049446106	25.485441207885742	0.047959498446197874
cov10_n5_g0_s42_hotspots_p80_chr1	5	10	5300	674	1601	0	0.5529794363445276	0.5098530103987604	0.25	0.33028799295425415	14.015297889709473	0.041718612370579874
cov10_n5_g0_s42_hotspots_p80_chr1	5	10	5301	426	1908	0	0.27139311286684253	0.17270043912228544	0.1111111111111111	0.1329360008239746	20.839265823364258	0.049347230992055256
cov10_n5_g0_s42_hotspots_p80_chr1	5	10	5302	847	1851	0	0.5872279639063039	0.5487841505326858	0.25	0.3421787917613983	14.725746154785156	0.04047171285398379
cov10_n5_g0_s42_hotspots_p80_chr1	5	10	5303	499	1501	0	0.5663073299621916	0.5492474882935896	0.42857142857142855	0.8408563137054443	2.2679355144500732	0.061703637192076236
cov10_n5_g0_s42_hotspots_p80_chr1	5	10	5304	335	828	0	0.08254063362326869	-0.010915071268587307	0.1111111111111111	0.05585438013076782	10.919208526611328	0.05801292753833074
cov10_n5_g0_s42_hotspots_p80_chr1	5	10	5305	73	341	1	0.31622787355818044	0.2581988964635029	0.1111111111111111	0.24999959766864777	8.000031471252441	0.05303296967936882
cov10_n5_g0_s42_hotspots_p80_chr1	5	10	5306	213	794	0	0.4883318727828652	0.43379888076275225	0.1111111111111111	0.2577778398990631	17.943574905395508	0.043677671346791645
cov10_n5_g0_s42_hotspots_p80_chr1	5	10	5307	413	1875	0	0.3558612488444772	0.30030980877996544	0.25	0.27586865425109863	8.32006549835205	0.05121570915337878
cov10_n5_g0_s42_hotspots_p80_chr1	5	10	5308	144	293	1	0.41911280557972186	0.34998427583878483	0.25	0.20441362261772156	21.019004821777344	0.04552616467229649
cov10_n5_g0_s42_hotspots_p80_chr1	5	10	5310	319	943	0	0.5424243243335409	0.5135324496619852	0.25	0.5700280666351318	4.527472019195557	0.049099715516931645
cov10_n5_g0_s42_hotspots_p80_chr1	5	10	5311	571	1687	0	0.520208573970653	0.48169898230104147	0.25	0.4294811189174652	7.335620880126953	0.04534984311113275
cov10_n5_g0_s42_hotspots_p80_chr1	5	10	5312	399	1330	0	0.012674957116400588	-0.019029103963775232	0.1111111111111111	0.025589022785425186	1.2267487049102783	0.11207850136775693
cov10_n5_g0_s42_hotspots_p80_chr1	5	10	5313	455	1586	0	0.3907289366142835	0.34344231423866056	0.25	0.3369709849357605	6.722582817077637	0.05171604657549779
cov10_n5_g0_s42_hotspots_p80_chr1	5	10	5314	580	1504	0	0.49582386827093733	0.44549134952327013	0.25	0.30363720655441284	13.332603454589844	0.04381056288890449
cov10_n5_g0_s42_hotspots_p80_chr1	5	10	5315	604	1709	0	0.4808837248438738	0.4369631096287154	0.25	0.37521907687187195	8.212594985961914	0.04632447746658414
cov10_n5_g0_s42_hotspots_p80_chr1	5	10	5316	539	1582	0	0.17868481083361684	0.08034158849705149	0.1111111111111111	0.10281485319137573	15.10196590423584	0.05304368511477675
cov10_n5_g0_s42_hotspots_p80_chr1	5	10	5317	962	1775	0	0.21186319159705663	0.12295522187005992	0.1111111111111111	0.12794628739356995	13.709628105163574	0.05265013303491589
cov10_n5_g0_s42_hotspots_p80_chr1	5	10	5318	621	1497	0	0.27459917306744785	0.1764953170643199	0.1111111111111111	0.13442431390285492	20.864730834960938	0.04926434320901478
cov10_n5_g0_s42_hotspots_p80_chr1	5	10	5319	1123	1979	0	0.49368140831760343	0.4597711177320891	0.25	0.49155160784721375	5.043422222137451	0.05020675014283926
cov10_n5_g0_s42_hotspots_p80_chr1	5	10	5320	491	1760	0	0.27357557861650694	0.22438512263490432	0.1111111111111111	0.2695927619934082	5.148824691772461	0.05983121650982151
cov10_n5_g0_s42_hotspots_p80_chr1	5	10	5321	758	1876	0	0.028622908887414557	-0.09478640769416566	0.0	0.016134073957800865	15.736550331115723	0.05668914178394553
cov10_n5_g0_s42_hotspots_p80_chr1	5	10	5322	689	1465	0	0.45046671323623716	0.4249858604469992	0.1111111111111111	0.6120162010192871	2.708754062652588	0.0636756351274579
cov10_n5_g0_s42_hotspots_p80_chr1	5	10	5323	493	1644	0	0.5538084132051271	0.5108824902836698	0.42857142857142855	0.3334107995033264	13.795254707336426	0.04170197285035843
cov10_n5_g0_s42_hotspots_p80_chr1	5	10	5324	705	1871	0	0.3395265508680129	0.26357848330069805	0.1111111111111111	0.1916888952255249	15.686407089233398	0.04835725057151816
cov10_n5_g0_s42_hotspots_p80_chr1	5	10	5325	1019	1986	0	0.32704919544777195	0.23762269045847717	0.1111111111111111	0.15579265356063843	22.034448623657227	0.04783649498418089
cov10_n5_g0_s42_hotspots_p80_chr1	5	10	5326	861	1864	0	0.45836640993440175	0.40224324064304096	0.1111111111111111	0.27364903688430786	14.028387069702148	0.04497560759760596
cov10_n5_g0_s42_hotspots_p80_chr1	5	10	5327	361	1496	0	0.3835918899865132	0.3322222384266658	0.25	0.30752697587013245	7.779333591461182	0.05068714442100377
cov10_n5_g0_s42_hotspots_p80_chr1	5	10	5328	728	2017	0	0.6500474201667384	0.624691401327417	0.42857142857142855	0.5975464582443237	5.917206287384033	0.04030820187886121
cov10_n5_g0_s42_hotspots_p80_chr1	5	10	5329	289	1827	0	0.5808993100066298	0.5471143332285539	0.25	0.47324806451797485	7.533452033996582	0.04234413382970294
cov10_n5_g0_s42_hotspots_p80_chr1	5	10	5330	514	1753	0	0.5606900460511094	0.5228348171721008	0.25	0.4191657304763794	8.94631290435791	0.04244284203055544
cov10_n5_g0_s42_hotspots_p80_chr1	5	10	5331	544	1714	0	0.13549180554222107	0.08212922165046987	0.1111111111111111	0.14562314748764038	4.328477382659912	0.06826225581008065
cov10_n5_g0_s42_hotspots_p80_chr1	5	10	5332	548	1324	0	0.24376385263447142	0.15316372675503337	0.1111111111111111	0.1374596506357193	15.723822593688965	0.05106538818948704
cov10_n5_g0_s42_hotspots_p80_chr1	5	10	5333	983	2160	0	0.49482955355700503	0.45601576006253025	0.25	0.4295157194137573	6.636256217956543	0.04728650489759888
cov10_n5_g0_s42_hotspots_p80_chr1	5	10	5334	672	1664	0	0.2991154561305159	0.23594827859663303	0.1111111111111111	0.22278624773025513	9.013032913208008	0.05265879946254118
cov10_n5_g0_s42_hotspots_p80_chr1	5	10	5335	396	1016	0	0.2556109442211351	0.2057483972197516	0.25	0.25447314977645874	5.044811248779297	0.06087222508559604
cov10_n5_g0_s42_hotspots_p80_chr1	5	10	5336	831	1567	0	0.38089725365341703	0.31077706181540954	0.1111111111111111	0.21315275132656097	15.966282844543457	0.047086474816256524
cov10_n5_g0_s42_hotspots_p80_chr1	5	10	5337	947	1917	0	0.5582859871454845	0.5255590004099482	0.25	0.5024991631507874	6.171812057495117	0.044864697781226655
cov10_n5_g0_s42_hotspots_p80_chr1	5	10	5338	451	1184	0	0.19317275357069802	0.08451250583937168	0.0	0.09921125322580338	18.955703735351562	0.05160790562423754
cov10_n5_g0_s42_hotspots_p80_chr1	5	10	5339	504	1621	0	0.49970221956151023	0.45056949480187075	0.25	0.31411975622177124	12.653247833251953	0.04378686808919051
cov10_n5_g0_s42_hotspots_p80_chr1	5	10	5340	801	2114	0	0.4235947143163432	0.35425484588771466	0.1111111111111111	0.19730670750141144	23.04556655883789	0.04534170382566382
cov10_n5_g0_s42_hotspots_p80_chr1	5	10	5341	928	2453	0	0.5045241330998199	0.45293808866160623	0.25	0.2707596719264984	17.36064910888672	0.04319977895640899
cov10_n5_g0_s42_hotspots_p80_chr1	5	10	5342	619	1877	0	0.14535730910832811	0.056680001992516514	0.1111111111111111	0.09608113020658493	11.443727493286133	0.05578436816282146
cov10_n5_g0_s42_hotspots_p80_chr1	5	10	5343	883	2626	0	0.5367545697160779	0.4980430101017314	0.25	0.42109549045562744	8.123822212219238	0.04396825360613519
cov10_n5_g0_s42_hotspots_p80_chr1	5	10	5344	371	1557	0	0.39074769185494257	0.33207661839132124	0.25	0.26675426959991455	10.728527069091797	0.048284021808613665
cov10_n5_g0_s42_hotspots_p80_chr1	5	10	5345	590	1718	0	0.09289107587067569	0.021669218995176008	0.0	0.0797269269824028	6.78747034072876	0.06279326453109679
cov10_n5_g0_s42_hotspots_p80_chr1	5	10	5346	1089	2692	0	0.3552224022757479	0.30245130633579015	0.25	0.2906857132911682	7.466607093811035	0.05216025307774759
cov10_n5_g0_s42_hotspots_p80_chr1	5	10	5347	551	1973	0	0.48903537534962405	0.4479707291127403	0.25	0.4043300747871399	7.314395904541016	0.046768668497185605
cov10_n5_g0_s42_hotspots_p80_chr1	5	10	5348	592	1825	0	0.5999749748833318	0.5640976875073376	0.25	0.40362757444381714	11.047770500183105	0.04016605822333679
cov10_n5_g0_s42_hotspots_p80_chr1	5	10	5349	472	1636	0	0.5559548723043964	0.5139593181389978	0.42857142857142855	0.35104072093963623	12.541056632995605	0.041731555025565886
cov10_n5_g0_s42_hotspots_p80_chr1	5	10	5350	920	2720	0	0.4530998296113095	0.39799041611340086	0.25	0.2838936150074005	12.736393928527832	0.04540893542401182
cov10_n5_g0_s42_hotspots_p80_chr1	5	10	5351	537	1196	0	0.4396053340583176	0.3807132112886983	0.25	0.2611187696456909	14.17162799835205	0.0455680832517116
cov10_n5_g0_s42_hotspots_p80_chr1	5	10	5352	416	1289	0	0.3187348483833763	0.27424253818743893	0.1111111111111111	0.3249254524707794	4.811291217803955	0.0589357944454683
cov10_n5_g0_s42_hotspots_p80_chr1	5	10	5353	850	2306	0	0.268453047534009	0.19276418491577405	0.1111111111111111	0.17445960640907288	11.839049339294434	0.05180279884537801
cov10_n5_g0_s42_hotspots_p80_chr1	5	10	5354	893	2329	0	0.3736311700932244	0.29507937739688217	0.25	0.1814916878938675	21.190574645996094	0.04671644767413446
cov10_n5_g0_s42_hotspots_p80_chr1	5	10	5355	1012	1718	0	0.20739857688782648	0.10767545228126055	0.0	0.1129327118396759	16.863279342651367	0.05173579035769903
cov10_n5_g0_s42_hotspots_p80_chr1	5	10	5356	600	1208	0	0.3315719617219644	0.253269344993272	0.1111111111111111	0.18395662307739258	16.24406623840332	0.04847399983032099
cov10_n5_g0_s42_hotspots_p80_chr1	5	10	5357	1487	2604	0	0.4239225169955889	0.35385777435334503	0.1111111111111111	0.18802353739738464	25.416664123535156	0.045295536948735934
cov10_n5_g0_s42_hotspots_p80_chr1	5	10	5358	1258	2592	0	0.4547870384099963	0.3934124894002826	0.25	0.22885988652706146	19.744529724121094	0.0445958212830968
cov10_n5_g0_s42_hotspots_p80_chr1	5	10	5359	1599	2798	0	0.33773571478248354	0.26432266600765114	0.1111111111111111	0.1993163377046585	14.356157302856445	0.048724992174560874
cov10_n5_g0_s42_hotspots_p80_chr1	5	10	5360	437	1869	0	0.4971440958919364	0.4676612602454361	0.25	0.557584285736084	3.9747841358184814	0.053450011483330416
cov10_n5_g0_s42_hotspots_p80_chr1	5	10	5361	1213	3000	0	0.3426835401852278	0.2714040628713879	0.25	0.20702774822711945	13.699332237243652	0.04875771187172248
cov10_n5_g0_s42_hotspots_p80_chr1	5	10	5362	790	1581	0	0.24344157682350812	0.18776997174239252	0.1111111111111111	0.22174280881881714	6.026434898376465	0.05886833386566998
cov10_n5_g0_s42_hotspots_p80_chr1	5	10	5363	688	1414	0	0.3148294310247564	0.25657101804552285	0.1111111111111111	0.2484387457370758	8.029378890991211	0.053052701389075134
cov10_n5_g0_s42_hotspots_p80_chr1	5	10	5364	1010	1710	0	0.5240677156572066	0.4757712770112293	0.25	0.2826579809188843	17.187881469726562	0.04259068834032576
cov10_n5_g0_s42_hotspots_p80_chr1	5	10	5365	846	1933	0	0.5065681556441255	0.4675203770298127	0.42857142857142855	0.42549365758895874	7.0869526863098145	0.04622051825548063
cov10_n5_g0_s42_hotspots_p80_chr1	5	10	5366	1012	2413	0	0.2987979406707163	0.20876111446521892	0.1111111111111111	0.15223164856433868	19.262619018554688	0.04886478340653012
cov10_n5_g0_s42_hotspots_p80_chr1	5	10	5367	1024	2233	0	0.569655882305177	0.5363776525663445	0.25	0.4887348413467407	6.792795181274414	0.043548945364262556
cov10_n5_g0_s42_hotspots_p80_chr1	5	10	5368	1058	1691	0	0.30781713879530354	0.21266589724658194	0.1111111111111111	0.1436123251914978	22.970592498779297	0.04822978775417834
cov10_n5_g0_s42_hotspots_p80_chr1	5	10	5369	995	1603	0	0.17993315039745966	0.08007110077274919	0.1111111111111111	0.10189303755760193	15.592052459716797	0.052841509995499907
cov10_n5_g0_s42_hotspots_p80_chr1	5	10	5370	657	1652	0	0.29795314302286124	0.1698451514694465	0.1111111111111111	0.09538140892982483	48.79085922241211	0.04774189421186723
cov10_n5_g0_s42_hotspots_p80_chr1	5	10	5371	1685	2918	0	0.19170907839003287	0.11628605853698348	0.1111111111111111	0.13934828341007233	9.463507652282715	0.05589384526873372
cov10_n5_g0_s42_hotspots_p80_chr1	5	10	5372	1200	2335	0	0.31701410929265017	0.23355547513735733	0.25	0.1688774675130844	17.61910057067871	0.048631984914588804
cov10_n5_g0_s42_hotspots_p80_chr1	5	10	5373	1376	2388	0	0.3184540929511966	0.22099415416410143	0.1111111111111111	0.13933180272579193	26.11939811706543	0.04776936753961101
cov10_n5_g0_s42_hotspots_p80_chr1	5	10	5374	662	1271	0	0.4465613991995065	0.3854148939930315	0.1111111111111111	0.2407122403383255	17.208221435546875	0.0449759464484086
cov10_n5_g0_s42_hotspots_p80_chr1	5	10	5375	663	1865	0	0.23481812922539447	0.15177189832107604	0.1111111111111111	0.14649730920791626	12.84617805480957	0.05235041098830543
cov10_n5_g0_s42_hotspots_p80_chr1	5	10	5376	379	886	0	0.21914758947021418	0.1310768270042126	0.0	0.13213597238063812	13.753124237060547	0.05242332064769638
cov10_n5_g0_s42_hotspots_p80_chr1	5	10	5377	850	2031	0	0.3967402795506201	0.31861015115587676	0.25	0.1660773754119873	28.533935546875	0.045909563208161745
cov10_n5_g0_s42_hotspots_p80_chr1	5	10	5378	1146	1863	0	0.40993865028104676	0.33673009035336227	0.1111111111111111	0.15526609122753143	34.854148864746094	0.045632301217445985
cov10_n5_g0_s42_hotspots_p80_chr1	5	10	5380	698	2020	0	0.32346089331460304	0.2393214985313695	0.0	0.16796143352985382	18.543615341186523	0.04831438010048821
cov10_n5_g0_s42_hotspots_p80_chr1	5	10	5381	71	268	1	0.30736950492924303	0.1971433656135037	0.1111111111111111	0.11861501634120941	33.574703216552734	0.047741271777719724
cov10_n5_g0_s42_hotspots_p80_chr1	5	10	5382	807	2859	0	0.2815312848251572	0.17802593204954867	0.0	0.127846822142601	24.24618911743164	0.04874741877401118
cov10_n5_g0_s42_hotspots_p80_chr1	5	10	5383	706	2592	0	0.24264150105481722	0.13964556164758063	0.0	0.12055482715368271	20.25493812561035	0.05014338743314901
cov10_n5_g0_s42_hotspots_p80_chr1	5	10	5384	497	2117	0	0.36528369846270087	0.30360235139258895	0.25	0.24840447306632996	10.81214427947998	0.04913334025052415
cov10_n5_g0_s42_hotspots_p80_chr1	5	10	5385	722	2469	0	0.35219766073558856	0.26636099835454596	0.1111111111111111	0.1625903844833374	23.46135711669922	0.04711516761437255
cov10_n5_g0_s42_hotspots_p80_chr1	5	10	5386	829	2084	0	0.22780949122877392	0.0965891606070476	0.1111111111111111	0.09233825653791428	30.43338966369629	0.049487794713629296
cov10_n5_g0_s42_hotspots_p80_chr1	5	10	5387	1011	2463	0	0.42791299752904016	0.3664723252099155	0.25	0.24837607145309448	14.840944290161133	0.04582994856304511
cov10_n5_g0_s42_hotspots_p80_chr1	5	10	5388	813	1889	0	0.45045175046927766	0.40386612583078996	0.1111111111111111	0.35217660665512085	8.179854393005371	0.047615769765941715
cov10_n5_g0_s42_hotspots_p80_chr1	5	10	5389	988	2095	0	0.27643874261777435	0.19805252962152847	0.1111111111111111	0.17100897431373596	13.065618515014648	0.05100651422875539
cov10_n5_g0_s42_hotspots_p80_chr1	5	10	5390	1226	2314	0	0.4655526735495664	0.4099801347484947	0.25	0.27410030364990234	14.424098014831543	0.044677778085128274
cov10_n5_g0_s42_hotspots_p80_chr1	5	10	5391	829	2315	0	0.33498652633235165	0.25296253932022045	0.1111111111111111	0.1741049885749817	18.50982093811035	0.04800825122395617
cov10_n5_g0_s42_hotspots_p80_chr1	5	10	5392	818	2067	0	0.652698551657793	0.6235310947744016	0.25	0.48280468583106995	9.13802433013916	0.038129871623741915
cov10_n5_g0_s42_hotspots_p80_chr1	5	10	5393	965	1774	0	0.2091844140766676	0.11316828039811451	0.1111111111111111	0.11778057366609573	15.771804809570312	0.051996641114159775
cov10_n5_g0_s42_hotspots_p80_chr1	5	10	5394	849	1706	0	0.19523765683252178	0.09546557630221414	0.1111111111111111	0.1082390770316124	16.267807006835938	0.05222253730120307
cov10_n5_g0_s42_hotspots_p80_chr1	5	10	5395	807	1950	0	0.3040536337207239	0.20534736225977573	0.0	0.13715136051177979	24.573678970336914	0.04819665491585794
cov10_n5_g0_s42_hotspots_p80_chr1	5	10	5396	672	2157	0	0.5744367742957253	0.5373213178996227	0.25	0.41891035437583923	9.40182876586914	0.0416530549738241
cov10_n5_g0_s42_hotspots_p80_chr1	5	10	5397	910	2133	0	0.22454087407279513	0.1353806505020921	0.0	0.13268440961837769	14.319276809692383	0.05205311857907552
cov10_n5_g0_s42_hotspots_p80_chr1	5	10	5398	811	1609	0	0.2064179173772223	0.08790766645598756	0.0	0.09576474875211716	23.230228424072266	0.05058921088086009
cov10_n5_g0_s42_hotspots_p80_chr1	5	10	5399	887	1930	0	0.2770880459589329	0.18745061276493943	0.0	0.14865002036094666	17.37303352355957	0.049761991836658206
cov10_n5_g0_s42_hotspots_p80_chr1	5	10	5400	934	2109	0	0.3630618892554668	0.27634439882940887	0.0	0.15605725347995758	27.062219619750977	0.0467077324668222
cov10_n5_g0_s42_hotspots_p80_chr1	5	10	5401	650	1491	0	0.4788796482594252	0.437661451034816	0.25	0.4032459855079651	7.051518440246582	0.047501977704663356
cov10_n5_g0_s42_hotspots_p80_chr1	5	10	5402	632	1465	0	0.3434698380990999	0.2581383604772722	0.1111111111111111	0.16520003974437714	21.61359214782715	0.04745881998831762
cov10_n5_g0_s42_hotspots_p80_chr1	5	10	5403	825	1877	0	0.4877154943978103	0.4482478285365978	0.25	0.4222530722618103	6.670485973358154	0.04756743800778504
cov10_n5_g0_s42_hotspots_p80_chr1	5	10	5404	616	1857	0	0.3153598739535077	0.213633803130279	0.1111111111111111	0.13167719542980194	28.67885398864746	0.04772290096477249
cov10_n5_g0_s42_hotspots_p80_chr1	5	10	5405	603	1814	0	0.2613014324378827	0.1597172331842117	0.1111111111111111	0.12685979902744293	21.213165283203125	0.049547529491197964
cov10_n5_g0_s42_hotspots_p80_chr1	5	10	5406	458	1543	0	0.1507278922350087	0.07059556383248697	0.1111111111111111	0.10877326875925064	9.600920677185059	0.057079699953629236
cov10_n5_g0_s42_hotspots_p80_chr1	5	10	5407	243	1040	0	0.18657835892793823	0.10736328944607496	0.1111111111111111	0.13026756048202515	10.256991386413574	0.05538360036852305
cov10_n5_g0_s42_hotspots_p80_chr1	5	10	5408	829	2025	0	0.5996787967535079	0.5630015146746564	0.42857142857142855	0.3510567545890808	14.589912414550781	0.040018403362588426
cov10_n5_g0_s42_hotspots_p80_chr1	5	10	5409	342	1376	0	0.36401894037953675	0.28485846717856	0.1111111111111111	0.1813759207725525	20.13996696472168	0.047050790042985374
cov10_n5_g0_s42_hotspots_p80_chr1	5	10	5410	650	1448	0	0.35205571327949314	0.2878541835016804	0.1111111111111111	0.23501741886138916	11.219996452331543	0.0493861853710261
cov10_n5_g0_s42_hotspots_p80_chr1	5	10	5411	672	1312	0	0.3194827286373124	0.24889351186680636	0.25	0.20452897250652313	12.199868202209473	0.05001956014183725
cov10_n5_g0_s42_hotspots_p80_chr1	5	10	5412	590	1694	0	0.41002053114563636	0.3431215099999603	0.0	0.2226456254720688	16.957149505615234	0.04608605048593077
cov10_n5_g0_s42_hotspots_p80_chr1	5	10	5413	162	1178	1	0.19375891875935128	0.11519484705166962	0.1111111111111111	0.13509801030158997	10.284793853759766	0.05513525725219974
cov10_n5_g0_s42_hotspots_p80_chr1	5	10	5414	590	1947	0	0.24525497511930536	0.15523617483904703	0.1111111111111111	0.13884824514389038	15.60000991821289	0.05105918500485307
cov10_n5_g0_s42_hotspots_p80_chr1	5	10	5415	706	1899	0	0.3237082139225547	0.2435222565306358	0.1111111111111111	0.1778925359249115	16.55625343322754	0.04863680823674715
cov10_n5_g0_s42_hotspots_p80_chr1	5	10	5416	884	1587	0	0.29940042365594643	0.2077806571188868	0.1111111111111111	0.14931802451610565	20.102514266967773	0.04873625621374069
cov10_n5_g0_s42_hotspots_p80_chr1	5	10	5417	822	1908	0	0.31313828686581935	0.2229016274672155	0.1111111111111111	0.1535179615020752	20.80290412902832	0.04830411802488655
cov10_n5_g0_s42_hotspots_p80_chr1	5	10	5418	828	2145	0	0.27695263368254913	0.19458856845550407	0.1111111111111111	0.1625448316335678	14.51558780670166	0.05048186848946105
cov10_n5_g0_s42_hotspots_p80_chr1	5	10	5419	488	1150	0	0.2822898473818326	0.2043287367502137	0.1111111111111111	0.17385342717170715	13.18238353729248	0.05078354040921006
cov10_n5_g0_s42_hotspots_p80_chr1	5	10	5420	1206	2268	0	0.3952794730924178	0.318059294691498	0.25	0.17541378736495972	25.38932228088379	0.04599199965231154
cov10_n5_g0_s42_hotspots_p80_chr1	5	10	5421	965	2067	0	0.5006126241550624	0.4480775348151257	0.42857142857142855	0.2602791488170624	18.496726989746094	0.04329433600339308
cov10_n5_g0_s42_hotspots_p80_chr1	5	10	5422	1543	2797	0	0.5222023718720504	0.4801669716330265	0.25	0.384247362613678	9.234766960144043	0.04395843424042534
cov10_n5_g0_s42_hotspots_p80_chr1	5	10	5423	668	1918	0	0.12003134160242196	0.04817464984722522	0.1111111111111111	0.09927371144294739	7.3095526695251465	0.06094031870019746
cov10_n5_g0_s42_hotspots_p80_chr1	5	10	5424	759	1686	0	0.4740189390589792	0.41741500982361285	0.25	0.25540557503700256	17.222679138183594	0.04414475518012422
cov10_n5_g0_s42_hotspots_p80_chr1	5	10	5425	826	1913	0	0.5723973080724766	0.5319008198743783	0.25	0.33980560302734375	14.1874418258667	0.04101259396634369
cov10_n5_g0_s42_hotspots_p80_chr1	5	10	5426	728	1597	0	0.5104033262182976	0.46026603718223896	0.1111111111111111	0.2853741943836212	15.994386672973633	0.04306568402046105
cov10_n5_g0_s42_hotspots_p80_chr1	5	10	5427	775	1677	0	0.43370959322908964	0.3687977374036	0.25	0.2219281792640686	19.09603500366211	0.045221071091244375
cov10_n5_g0_s42_hotspots_p80_chr1	5	10	5428	1184	2117	0	0.4086913194319739	0.3445046847698884	0.1111111111111111	0.23737473785877228	14.821489334106445	0.046438091521627166
cov10_n5_g0_s42_hotspots_p80_chr1	5	10	5429	460	1750	0	0.46708614390005027	0.41796143400362573	0.25	0.32887977361679077	10.085319519042969	0.04577145971785574
cov10_n5_g0_s42_hotspots_p80_chr1	5	10	5430	708	1679	0	0.36758919681311486	0.2951114338263893	0.1111111111111111	0.2045808732509613	16.142301559448242	0.04744953803637327
cov10_n5_g0_s42_hotspots_p80_chr1	5	10	5431	865	2025	0	0.316438144377545	0.24762023002429523	0.1111111111111111	0.20939549803733826	11.41860294342041	0.05047501798825724
cov10_n5_g0_s42_hotspots_p80_chr1	5	10	5432	702	1931	0	0.6735646090262727	0.646303371825673	0.25	0.42224884033203125	12.72305965423584	0.03703004020666028
cov10_n5_g0_s42_hotspots_p80_chr1	5	10	5433	883	1937	0	0.29737886896529697	0.18238735476626747	0.0	0.11316689848899841	34.526405334472656	0.04791875685321198
cov10_n5_g0_s42_hotspots_p80_chr1	5	10	5434	671	1864	0	0.4365740212818543	0.3811275683617133	0.1111111111111111	0.2854485809803009	11.695799827575684	0.04627652471680622
cov10_n5_g0_s42_hotspots_p80_chr1	5	10	5435	881	2377	0	0.5686037470188507	0.5275078066725085	0.25	0.31442558765411377	16.351354598999023	0.041137997035655745
cov10_n5_g0_s42_hotspots_p80_chr1	5	10	5436	794	2235	0	0.43186924585411496	0.3814397350626583	0.1111111111111111	0.32121986150741577	9.037946701049805	0.04771748317334434
cov10_n5_g0_s42_hotspots_p80_chr1	5	10	5437	515	1893	0	0.3940138739559091	0.3480877018040148	0.1111111111111111	0.34800833463668823	6.409346103668213	0.05205992055333175
cov10_n5_g0_s42_hotspots_p80_chr1	5	10	5438	568	1711	0	0.347962707201331	0.2889177870447893	0.1111111111111111	0.2564377784729004	9.206008911132812	0.05075056530652634
cov10_n5_g0_s42_hotspots_p80_chr1	5	10	5439	769	1551	0	0.47782212078783265	0.4205620525946087	0.25	0.2267846167087555	22.196029663085938	0.04392312219514427
cov10_n5_g0_s42_hotspots_p80_chr1	5	10	5440	349	1415	0	0.4344357059437773	0.37559302620786106	0.25	0.2630996108055115	13.632658958435059	0.04584122262490423
cov10_n5_g0_s42_hotspots_p80_chr1	5	10	5441	374	1306	0	0.44095507522952576	0.3808985104610778	0.1111111111111111	0.25242045521736145	15.2584228515625	0.04535545614337574
cov10_n5_g0_s42_hotspots_p80_chr1	5	10	5442	619	1864	0	0.4503717613535921	0.39883156403119097	0.25	0.3119295835494995	10.423151969909668	0.046255867460882345
cov10_n5_g0_s42_hotspots_p80_chr1	5	10	5443	736	1751	0	0.5589548656101399	0.5163260720897627	0.1111111111111111	0.3124639093875885	16.000141143798828	0.041459903220485414
cov10_n5_g0_s42_hotspots_p80_chr1	5	10	5444	685	2081	0	0.5249021005077209	0.47712373773764133	0.25	0.2967311143875122	15.645895004272461	0.04260605603712017
cov10_n5_g0_s42_hotspots_p80_chr1	5	10	5445	681	1837	0	0.43139303830335884	0.369618682775107	0.1111111111111111	0.2449900507926941	15.503129959106445	0.04562168969188417
cov10_n5_g0_s42_hotspots_p80_chr1	5	10	5446	881	1641	0	0.5501964501064205	0.5064027285697389	0.25	0.31899145245552063	14.874675750732422	0.04177795161342099
cov10_n5_g0_s42_hotspots_p80_chr1	5	10	5447	840	1763	0	0.5389732469444054	0.4931499950519268	0.1111111111111111	0.29280033707618713	16.94186782836914	0.042116687815638584
cov10_n5_g0_s42_hotspots_p80_chr1	5	10	5448	462	1217	0	0.4913552209367261	0.4411092489766729	0.1111111111111111	0.3081853985786438	12.709752082824707	0.044074593585794485
cov10_n5_g0_s42_hotspots_p80_chr1	5	10	5449	966	1360	0	0.4384583895328323	0.37207237133892285	0.1111111111111111	0.19635184109210968	24.931987762451172	0.044940013352352
cov10_n5_g0_s42_hotspots_p80_chr1	5	10	5450	903	2226	0	0.42121876775958045	0.3529030982681958	0.0	0.1573989987373352	35.80812072753906	0.04541021775405716
cov10_n5_g0_s42_hotspots_p80_chr1	5	10	5451	716	1942	0	0.5986996317926476	0.5618795926349992	0.25	0.3664267063140869	13.34792423248291	0.04005423340287832
cov10_n5_g0_s42_hotspots_p80_chr1	5	10	5452	762	1810	0	0.5133667647981169	0.4632989718643816	0.1111111111111111	0.25175660848617554	20.790437698364258	0.042923825764429574
cov10_n5_g0_s42_hotspots_p80_chr1	5	10	5453	737	1680	0	0.37459329455245854	0.31799637160347244	0.25	0.2752169966697693	9.262738227844238	0.04973336762462408
cov10_n5_g0_s42_hotspots_p80_chr1	5	10	5454	1127	1841	0	0.3878120248983393	0.3168860105152672	0.0	0.2088651955127716	17.237741470336914	0.04669932590821468
cov10_n5_g0_s42_hotspots_p80_chr1	5	10	5455	801	2096	0	0.20524028452386142	0.1266568539057264	0.25	0.14092688262462616	10.604923248291016	0.054534974177143494
cov10_n5_g0_s42_hotspots_p80_chr1	5	10	5456	962	1736	0	0.5365781745028927	0.49110128449340196	0.25	0.31825190782546997	14.21327018737793	0.042287117977213025
cov10_n5_g0_s42_hotspots_p80_chr1	5	10	5457	1081	2016	0	0.621497489843485	0.5893911988977019	0.42857142857142855	0.4624273180961609	9.031539916992188	0.03964721893468974
cov10_n5_g0_s42_hotspots_p80_chr1	5	10	5458	763	2495	0	0.5408854435042151	0.515529090157732	0.25	0.6362976431846619	3.61293363571167	0.0527096211343748
cov10_n5_g0_s42_hotspots_p80_chr1	5	10	5459	764	2145	0	0.638743029954355	0.6073310697445177	0.42857142857142855	0.4363689720630646	10.71308708190918	0.038535078710477455
cov10_n5_g0_s42_hotspots_p80_chr1	5	10	5460	407	1732	0	0.662914271311404	0.634275849793152	0.25	0.4174377918243408	12.609597206115723	0.03747158228812363
cov10_n5_g0_s42_hotspots_p80_chr1	5	10	5461	463	1637	0	0.64110723811905	0.6098227787237007	0.25	0.39503157138824463	13.169456481933594	0.038392814551472206
cov10_n5_g0_s42_hotspots_p80_chr1	5	10	5462	566	2430	0	0.4935752814918443	0.4480798113810712	0.25	0.3563902676105499	9.590143203735352	0.04496076392531766
cov10_n5_g0_s42_hotspots_p80_chr1	5	10	5463	755	2572	0	0.6173913348423916	0.5868083287862307	0.25	0.5051116943359375	7.469925880432129	0.04059333147241138
cov10_n5_g0_s42_hotspots_p80_chr1	5	10	5464	538	1794	0	0.45835649440015064	0.399802777376391	0.25	0.25299593806266785	16.411550521850586	0.04468421298286937
cov10_n5_g0_s42_hotspots_p80_chr1	5	10	5465	846	1929	0	0.45877137679542945	0.3977936924403523	0.25	0.22559158504009247	20.678394317626953	0.04445826915745117
cov10_n5_g0_s42_hotspots_p80_chr1	5	10	5466	540	1630	0	0.6323057729355025	0.6014725292773275	0.25	0.4772416949272156	8.777029037475586	0.039216878141088214
cov10_n5_g0_s42_hotspots_p80_chr1	5	10	5467	664	2659	0	0.47379156464037286	0.4434580830919013	0.1111111111111111	0.5394413471221924	3.857057809829712	0.05516888104177233
cov10_n5_g0_s42_hotspots_p80_chr1	5	10	5468	1038	2893	0	0.5833369786749113	0.5452464813938604	0.25	0.3835788369178772	11.563775062561035	0.04078072498352853
cov10_n5_g0_s42_hotspots_p80_chr1	5	10	5469	713	2073	0	0.5055680208846459	0.46275108015736116	0.42857142857142855	0.38162750005722046	8.775054931640625	0.044903841524835106
cov10_n5_g0_s42_hotspots_p80_chr1	5	10	5470	366	1116	0	0.4381077947658857	0.38550949006045065	0.42857142857142855	0.3053063750267029	10.295802116394043	0.046771306375616994
cov10_n5_g0_s42_hotspots_p80_chr1	5	10	5471	919	1736	0	0.5911263343573684	0.5541314006375015	0.25	0.3942527174949646	11.240386009216309	0.04050676203457809
cov10_n5_g0_s42_hotspots_p80_chr1	5	10	5472	796	2474	0	0.5384215464793962	0.49266483356816076	0.25	0.3032535910606384	15.761697769165039	0.04215203334213273
cov10_n5_g0_s42_hotspots_p80_chr1	5	10	5473	812	1451	0	0.43808780158366895	0.3914007837225587	0.25	0.35073497891426086	7.800711154937744	0.04846383229427004
cov10_n5_g0_s42_hotspots_p80_chr1	5	10	5474	697	1453	0	0.6984449040175613	0.6738692341462237	0.6666666666666666	0.5272923111915588	8.772661209106445	0.03589456115605122
cov10_n5_g0_s42_hotspots_p80_chr1	5	10	5475	815	1800	0	0.49254477485525267	0.4427415995214755	0.25	0.3120728135108948	12.455166816711426	0.04408214503469506
cov10_n5_g0_s42_hotspots_p80_chr1	5	10	5476	812	2261	0	0.6267818958068664	0.5952970894161123	0.25	0.46950143575668335	8.911051750183105	0.03943659711705355
cov10_n5_g0_s42_hotspots_p80_chr1	5	10	5477	373	789	0	0.17069835116988935	0.1189458358194899	0.1111111111111111	0.18157729506492615	4.4188127517700195	0.06649005772401591
cov10_n5_g0_s42_hotspots_p80_chr1	5	10	5478	573	1542	0	0.42498585845732123	0.3696252601917347	0.25	0.2871783971786499	10.950035095214844	0.04696442307035205
cov10_n5_g0_s42_hotspots_p80_chr1	5	10	5479	492	1902	0	0.617158683519914	0.5846985971779411	0.25	0.4608801603317261	8.96576976776123	0.03987217661956538
cov10_n5_g0_s42_hotspots_p80_chr1	5	10	5480	479	1908	0	0.44513304557956446	0.3876657917912981	0.25	0.26916560530662537	13.674471855163574	0.04547839099418535
cov10_n5_g0_s42_hotspots_p80_chr1	5	10	5481	352	1067	0	0.2510502070580271	0.2125286625353114	0.25	0.3181830048561096	3.112699270248413	0.0701775735550456
cov10_n5_g0_s42_hotspots_p80_chr1	5	10	5483	3	26	1	0.31622777142784575	0.2894143807081529	0.1111111111111111	0.5	2.0	0.07905694150420949
cov10_n5_g0_s42_hotspots_p80_chr1	5	10	5484	209	636	0	0.5004236709120568	0.4524205259658178	0.25	0.3263757526874542	11.754656791687012	0.043949170436993354
cov10_n5_g0_s42_hotspots_p80_chr1	5	10	5485	154	810	1	0.5407649641793308	0.4967756147080533	0.25	0.33964112401008606	12.674956321716309	0.04228464214276132
cov10_n5_g0_s42_hotspots_p80_chr1	5	10	5487	2	21	1	0.31622777142784575	0.2894143807081529	0.1111111111111111	0.5	2.0	0.07905694150420949
cov10_n5_g0_s42_hotspots_p80_chr1	5	10	5488	258	544	0	0.4530941738170088	0.3947541883895094	0.42857142857142855	0.2587195634841919	15.335164070129395	0.044961342661194795
cov10_n5_g0_s42_hotspots_p80_chr1	5	10	5489	851	2362	0	0.49787675625093963	0.44501511756464895	0.42857142857142855	0.2634134888648987	17.86231231689453	0.04339043584913376
cov10_n5_g0_s42_hotspots_p80_chr1	5	10	5490	520	1411	0	0.5355501197127766	0.4928339796713384	0.42857142857142855	0.3662107288837433	10.69321060180664	0.0428708809963517
cov10_n5_g0_s42_hotspots_p80_chr1	5	10	5491	647	2054	0	0.3506426079774283	0.2843765684387365	0.25	0.22650788724422455	11.982093811035156	0.04909871621310835
cov10_n5_g0_s42_hotspots_p80_chr1	5	10	5492	571	1663	0	0.4474799362487864	0.39859108628195405	0.42857142857142855	0.33309420943260193	9.023664474487305	0.04711449116784596
cov10_n5_g0_s42_hotspots_p80_chr1	5	10	5493	754	1721	0	0.4409907436468829	0.39435322290356056	0.25	0.3513627052307129	7.876215934753418	0.048272590823474855
cov10_n5_g0_s42_hotspots_p80_chr1	5	10	5494	879	1876	0	0.2578338036098488	0.19923169250769512	0.25	0.21942676603794098	6.903518199920654	0.056688067647155296
cov10_n5_g0_s42_hotspots_p80_chr1	5	10	5495	722	1615	0	0.3919735118546988	0.33462889165914117	0.25	0.2740596830844879	10.228057861328125	0.0484956701695124
cov10_n5_g0_s42_hotspots_p80_chr1	5	10	5496	846	1805	0	0.5161648906256256	0.47042712586886715	0.25	0.341794490814209	11.402936935424805	0.04344233272135832
cov10_n5_g0_s42_hotspots_p80_chr1	5	10	5497	1163	1849	0	0.5386864667382851	0.4955655132762118	0.25	0.35700637102127075	11.383877754211426	0.04257948161120685
cov10_n5_g0_s42_hotspots_p80_chr1	5	10	5498	937	2367	0	0.49427216328406837	0.44218278290413515	0.25	0.2839069068431854	15.154808044433594	0.04364958466951571
cov10_n5_g0_s42_hotspots_p80_chr1	5	10	5499	926	1667	0	0.3753546137863027	0.3076020860510924	0.25	0.22312822937965393	14.149608612060547	0.0476211662559844
cov10_n5_g0_s42_hotspots_p80_chr1	5	10	5500	724	1566	0	0.38578899516818865	0.34872579875784554	0.25	0.4226880371570587	4.165142059326172	0.05820359174456537
cov10_n5_g0_s42_hotspots_p80_chr1	5	10	5501	367	1476	0	0.41108594247002295	0.35973546408329643	0.1111111111111111	0.31300950050354004	8.624226570129395	0.04882988566077803
cov10_n5_g0_s42_hotspots_p80_chr1	5	10	5502	778	2163	0	0.6477470882424858	0.6240999442829726	0.42857142857142855	0.6435209512710571	5.065888404846191	0.04183156408035369
cov10_n5_g0_s42_hotspots_p80_chr1	5	10	5503	721	1266	0	0.423854438581569	0.39179161036271387	0.25	0.49805331230163574	3.6211938858032227	0.05883564976031345
cov10_n5_g0_s42_hotspots_p80_chr1	5	10	5504	972	2115	0	0.6426478420922517	0.6120442914190953	0.25	0.4580520689487457	9.842069625854492	0.03846813882490852
cov10_n5_g0_s42_hotspots_p80_chr1	5	10	5505	678	1720	0	0.5264766689024739	0.4840942628670423	0.25	0.37747061252593994	9.726619720458984	0.04356351634957407
cov10_n5_g0_s42_hotspots_p80_chr1	5	10	5506	851	2308	0	0.5573995582747635	0.5174632546529423	0.25	0.38782253861427307	10.328496932983398	0.04208480717214374
cov10_n5_g0_s42_hotspots_p80_chr1	5	10	5507	742	2152	0	0.53290257845608	0.48839224043555135	0.1111111111111111	0.3422333300113678	12.123305320739746	0.04266034779598707
cov10_n5_g0_s42_hotspots_p80_chr1	5	10	5508	1024	2139	0	0.29619729451687893	0.21938084002101813	0.1111111111111111	0.1807306706905365	13.429767608642578	0.05027041707496692
cov10_n5_g0_s42_hotspots_p80_chr1	5	10	5509	937	2335	0	0.5953422632475925	0.5640433655315041	0.42857142857142855	0.5094802379608154	6.827297210693359	0.042231322514078164
cov10_n5_g0_s42_hotspots_p80_chr1	5	10	5510	161	508	1	0.539635557627713	0.5041159932686125	0.25	0.4651561975479126	6.729355812072754	0.04507495955010356
cov10_n5_g0_s42_hotspots_p80_chr1	5	10	5511	434	1349	0	0.5302487226562266	0.496707387515358	0.42857142857142855	0.49611377716064453	5.711716651916504	0.04698845546659869
cov10_n5_g0_s42_hotspots_p80_chr1	5	10	5512	123	623	1	0.45579740465925184	0.41005179231028965	0.1111111111111111	0.3595283329486847	8.036138534545898	0.04751664684385955
cov10_n5_g0_s42_hotspots_p80_chr1	5	10	5513	490	982	0	0.5279865849881573	0.4839528340406186	0.25	0.354364275932312	11.099817276000977	0.043061853830238646
cov10_n5_g0_s42_hotspots_p80_chr1	5	10	5514	620	969	0	0.1467788453974923	0.09307269564513833	0.1111111111111111	0.1548900157213211	4.4900383949279785	0.06715273893682987
cov10_n5_g0_s42_hotspots_p80_chr1	5	10	5515	551	1451	0	0.04179588065695282	-0.025999440285574067	0.0	0.039534762501716614	5.588287353515625	0.06737319712938404
cov10_n5_g0_s42_hotspots_p80_chr1	5	10	5516	1059	1969	0	0.5895171098163532	0.5529174163080507	0.42857142857142855	0.3050635755062103	18.671627044677734	0.0405480844641626
cov10_n5_g0_s42_hotspots_p80_chr1	5	10	5517	852	1780	0	0.5895162315629592	0.5528689258640961	0.42857142857142855	0.30562907457351685	18.6025390625	0.040543875654303195
cov10_n5_g0_s42_hotspots_p80_chr1	5	10	5518	1244	2434	0	0.4347675179170208	0.37172452780334453	0.1111111111111111	0.23476555943489075	17.1480770111084	0.04533339763969869
cov10_n5_g0_s42_hotspots_p80_chr1	5	10	5519	712	1966	0	0.47862680948944347	0.4302771558650524	0.25	0.33294105529785156	10.33306884765625	0.045221711141819214
cov10_n5_g0_s42_hotspots_p80_chr1	5	10	5520	839	2030	0	0.48670710402170836	0.43925303316899855	0.25	0.33888858556747437	10.313152313232422	0.04491772023954317
cov10_n5_g0_s42_hotspots_p80_chr1	5	10	5521	1055	1972	0	0.46852367144828294	0.4153026380741955	0.1111111111111111	0.293032169342041	12.78210735321045	0.044863889926095565
cov10_n5_g0_s42_hotspots_p80_chr1	5	10	5522	1087	1906	0	0.5836253066238473	0.5539608978346963	0.25	0.546928882598877	5.6934614181518555	0.04428155615540068
cov10_n5_g0_s42_hotspots_p80_chr1	5	10	5523	504	1715	0	0.5775143287865212	0.5425493443523747	0.42857142857142855	0.45475050806999207	8.063974380493164	0.04214678466796627
cov10_n5_g0_s42_hotspots_p80_chr1	5	10	5524	882	1638	0	0.5521862717632531	0.5177012174498747	0.25	0.47660619020462036	6.71153450012207	0.04449083408605777
cov10_n5_g0_s42_hotspots_p80_chr1	5	10	5525	787	2102	0	0.5133633751738813	0.47173619829524366	0.25	0.39290666580200195	8.535737037658691	0.04472021853057731
cov10_n5_g0_s42_hotspots_p80_chr1	5	10	5526	605	1443	0	0.6213111928181664	0.5896793830226446	0.25	0.47514206171035767	8.549511909484863	0.03982915136100776
cov10_n5_g0_s42_hotspots_p80_chr1	5	10	5527	235	614	0	0.5254065698293547	0.4881295804805813	0.25	0.44438326358795166	6.989490985870361	0.04545858049850495
cov10_n5_g0_s42_hotspots_p80_chr1	5	10	5528	357	1115	0	0.4696146373299856	0.4258732237800091	0.25	0.37789273262023926	7.721756935119629	0.04721587402829939
cov10_n5_g0_s42_hotspots_p80_chr1	5	10	5529	491	1832	0	0.4224699022316559	0.3788552481765931	0.25	0.37422457337379456	6.372312068939209	0.05089684314998441
cov10_n5_g0_s42_hotspots_p80_chr1	5	10	5530	572	1656	0	0.46744619627487954	0.4082345376412454	0.25	0.23066221177577972	20.53432273864746	0.04422019780708277
cov10_n5_g0_s42_hotspots_p80_chr1	5	10	5531	547	1638	0	0.3327061598129451	0.28845849061490086	0.25	0.33438611030578613	4.949886798858643	0.057908372343695176
cov10_n5_g0_s42_hotspots_p80_chr1	5	10	5532	494	1384	0	0.304867794722157	0.25798347886828893	0.25	0.30155590176582336	5.11043119430542	0.058636151980552324
cov10_n5_g0_s42_hotspots_p80_chr1	5	10	5533	722	1846	0	0.7305887938127535	0.709000009746974	0.42857142857142855	0.5375561714172363	9.23566722869873	0.03414187579278986
cov10_n5_g0_s42_hotspots_p80_chr1	5	10	5534	842	2186	0	0.614150141578629	0.5907015833970217	0.25	0.6665627956390381	4.244602203369141	0.045957621575484484
cov10_n5_g0_s42_hotspots_p80_chr1	5	10	5535	457	1336	0	0.513849495406191	0.4760926304196078	0.25	0.4404246211051941	6.806105136871338	0.04620025103092324
cov10_n5_g0_s42_hotspots_p80_chr1	5	10	5536	360	1849	0	0.6613003904319793	0.6335131346764153	0.42857142857142855	0.5105652213096619	8.388129234313965	0.03791273045660456
cov10_n5_g0_s42_hotspots_p80_chr1	5	10	5537	488	1174	0	0.587380473548596	0.5513407974091133	0.25	0.4239567816257477	9.597670555114746	0.04101969590556308
cov10_n5_g0_s42_hotspots_p80_chr1	5	10	5538	718	1850	0	0.34577207123719506	0.2552824264621441	0.1111111111111111	0.15103930234909058	26.204137802124023	0.04713626434713538
cov10_n5_g0_s42_hotspots_p80_chr1	5	10	5539	575	1560	0	0.07888696337033044	0.0358778970542214	0.1111111111111111	0.11027996242046356	2.5585105419158936	0.08266955400646081
cov10_n5_g0_s42_hotspots_p80_chr1	5	10	5540	812	2274	0	0.36478763891904054	0.3094723137169204	0.25	0.2796746492385864	8.506367683410645	0.05070615727300165
cov10_n5_g0_s42_hotspots_p80_chr1	5	10	5541	303	945	0	0.28172989107041196	0.21608863218000482	0.1111111111111111	0.20726770162582397	9.237884521484375	0.053073392650335435
cov10_n5_g0_s42_hotspots_p80_chr1	5	10	5542	443	1560	0	0.5017046034407555	0.46900184825628866	0.1111111111111111	0.5090883374214172	4.856014728546143	0.050286041021239486
cov10_n5_g0_s42_hotspots_p80_chr1	5	10	5543	539	1059	0	0.42786827688767354	0.3715845626777432	0.1111111111111111	0.2809716761112213	11.5948486328125	0.046617662625807015
cov10_n5_g0_s42_hotspots_p80_chr1	5	10	5544	501	1043	0	0.4338527050891496	0.3804298183396105	0.25	0.29973578453063965	10.475564002990723	0.04684628225246657
cov10_n5_g0_s42_hotspots_p80_chr1	5	10	5545	940	1883	0	0.5338824479068617	0.48823337584631776	0.25	0.3208760619163513	13.841609954833984	0.0424110107428218
cov10_n5_g0_s42_hotspots_p80_chr1	5	10	5546	702	1454	0	0.38973000053719287	0.3172466994846206	0.1111111111111111	0.20165491104125977	18.67583465576172	0.04648698232637794
cov10_n5_g0_s42_hotspots_p80_chr1	5	10	5547	928	1828	0	0.3849809911734158	0.32874812198234055	0.1111111111111111	0.27918264269828796	9.507620811462402	0.04918151770300265
cov10_n5_g0_s42_hotspots_p80_chr1	5	10	5548	571	1810	0	0.24744012409326707	0.17536636793509947	0.1111111111111111	0.17438089847564697	10.067288398742676	0.053569961508075144
cov10_n5_g0_s42_hotspots_p80_chr1	5	10	5549	277	1467	0	0.5490995825429614	0.5228368933673954	0.42857142857142855	0.6184139847755432	3.94197154045105	0.05078318351195955
cov10_n5_g0_s42_hotspots_p80_chr1	5	10	5550	380	1876	0	0.2972467614735035	0.23832821651986044	0.1111111111111111	0.2381543517112732	7.789098739624023	0.05398180535345852
cov10_n5_g0_s42_hotspots_p80_chr1	5	10	5551	600	1380	0	0.3792132524848298	0.3157382966711818	0.1111111111111111	0.2420070916414261	12.276678085327148	0.04804326561732156
cov10_n5_g0_s42_hotspots_p80_chr1	5	10	5552	952	2095	0	0.2991414517463682	0.23504856699692378	0.1111111111111111	0.2195143699645996	9.285327911376953	0.052427455224457194
cov10_n5_g0_s42_hotspots_p80_chr1	5	10	5553	777	1785	0	0.25679292745097765	0.18825753880366397	0.1111111111111111	0.18769972026348114	9.358556747436523	0.053825435092362026
cov10_n5_g0_s42_hotspots_p80_chr1	5	10	5554	860	1789	0	0.515725777598785	0.4869194187545957	0.25	0.5711050629615784	4.077328205108643	0.052059659832807484
cov10_n5_g0_s42_hotspots_p80_chr1	5	10	5555	1052	2624	0	0.6043046474496834	0.5691493122933172	0.25	0.41396206617355347	10.655180931091309	0.040041576981325884
cov10_n5_g0_s42_hotspots_p80_chr1	5	10	5556	716	1937	0	0.5841622662971258	0.54694642280257	0.42857142857142855	0.4034094512462616	10.484429359436035	0.0409291679123793
cov10_n5_g0_s42_hotspots_p80_chr1	5	10	5557	823	1980	0	0.38276429008877044	0.3212527473312712	0.1111111111111111	0.25157076120376587	11.574775695800781	0.04818797449573055
cov10_n5_g0_s42_hotspots_p80_chr1	5	10	5558	894	1517	0	0.39287102602227986	0.331089962365402	0.25	0.2508273124694824	12.26648998260498	0.04759096443031428
cov10_n5_g0_s42_hotspots_p80_chr1	5	10	5559	728	1546	0	0.14007007052515888	0.06506190829457179	0.1111111111111111	0.10885456949472427	8.278801918029785	0.05886941103609555
cov10_n5_g0_s42_hotspots_p80_chr1	5	10	5560	732	1754	0	0.3389198346741502	0.27505451599658826	0.1111111111111111	0.23334825038909912	10.547629356384277	0.05018325601259944
cov10_n5_g0_s42_hotspots_p80_chr1	5	10	5561	675	1623	0	0.36355817508048227	0.31072509569839685	0.25	0.2930600345134735	7.694929122924805	0.05156690856933528
cov10_n5_g0_s42_hotspots_p80_chr1	5	10	5562	719	1634	0	0.4607451981926572	0.40207535376316506	0.1111111111111111	0.24959586560726166	17.03792953491211	0.044560945922100276
cov10_n5_g0_s42_hotspots_p80_chr1	5	10	5563	946	1744	0	0.512454430665148	0.46366721458447385	0.25	0.3045662045478821	14.155234336853027	0.04313043728193218
cov10_n5_g0_s42_hotspots_p80_chr1	5	10	5564	747	1621	0	0.1516355029731003	0.08402784614932161	0.1111111111111111	0.12822121381759644	6.992815971374512	0.06038578343971683
cov10_n5_g0_s42_hotspots_p80_chr1	5	10	5565	802	1351	0	0.4454901999364719	0.39097510482616277	0.25	0.2904144525527954	11.765488624572754	0.04593862440450828
cov10_n5_g0_s42_hotspots_p80_chr1	5	10	5566	926	2420	0	0.613757384770112	0.5794061354790929	0.25	0.4119495451450348	11.098784446716309	0.03957905726727467
cov10_n5_g0_s42_hotspots_p80_chr1	5	10	5567	430	1886	0	0.1687758693664669	0.11331776020898679	0.1111111111111111	0.1686526983976364	5.00730562210083	0.06444446600320952
cov10_n5_g0_s42_hotspots_p80_chr1	5	10	5568	1032	2476	0	0.3823426286902784	0.3264081408208926	0.1111111111111111	0.28035905957221985	9.299213409423828	0.04942068766825292
cov10_n5_g0_s42_hotspots_p80_chr1	5	10	5569	653	1721	0	0.20546915713702857	0.12422404079326389	0.1111111111111111	0.13658645749092102	11.31482982635498	0.05405379427099287
cov10_n5_g0_s42_hotspots_p80_chr1	5	10	5570	539	1493	0	0.713198254121871	0.6900728611952821	0.42857142857142855	0.5433909296989441	8.613224983215332	0.03513263479687336
cov10_n5_g0_s42_hotspots_p80_chr1	5	10	5571	620	1004	0	0.5864717511577697	0.5538168066144747	0.25	0.4899238348007202	7.164849281311035	0.04236754831175674
cov10_n5_g0_s42_hotspots_p80_chr1	5	10	5572	572	1464	0	0.4546317038957348	0.3997937697334615	0.25	0.2854588031768799	12.68243408203125	0.04536872684774329
cov10_n5_g0_s42_hotspots_p80_chr1	5	10	5573	483	1901	0	0.5512548725046497	0.5211478384227244	0.25	0.5479702353477478	5.060122013092041	0.047227589197697734
cov10_n5_g0_s42_hotspots_p80_chr1	5	10	5574	455	1580	0	0.3222918911836603	0.26715102425947573	0.1111111111111111	0.2657403349876404	7.3545098304748535	0.05358111175710451
cov10_n5_g0_s42_hotspots_p80_chr1	5	10	5575	902	1866	0	0.6353762582716679	0.6047917053846026	0.25	0.47831183671951294	8.822867393493652	0.03905398572962522
cov10_n5_g0_s42_hotspots_p80_chr1	5	10	5576	572	1645	0	0.3398557486335226	0.27415610797201534	0.25	0.2264581322669983	11.261167526245117	0.049776687509370664
cov10_n5_g0_s42_hotspots_p80_chr1	5	10	5577	986	2290	0	0.5628609892896005	0.5221985654284845	0.42857142857142855	0.36624205112457275	11.809618949890137	0.041560184015359554
cov10_n5_g0_s42_hotspots_p80_chr1	5	10	5578	177	493	1	0.31437752498427923	0.1994971514647341	0.1111111111111111	0.10812394320964813	42.26970672607422	0.04748789674297306
cov10_n5_g0_s42_hotspots_p80_chr1	5	10	5579	312	881	0	0.3262378738102723	0.24234594782300453	0.25	0.16879305243492126	18.67797088623047	0.048221078514363164
cov10_n5_g0_s42_hotspots_p80_chr1	5	10	5580	940	1879	0	0.5202675009380162	0.4715506816895166	0.25	0.288008451461792	16.31597137451172	0.042732636690591644
cov10_n5_g0_s42_hotspots_p80_chr1	5	10	5581	410	1114	0	0.3909247212381721	0.3453699335033275	0.1111111111111111	0.3498765826225281	6.242038249969482	0.052470638710908034
cov10_n5_g0_s42_hotspots_p80_chr1	5	10	5582	784	2347	0	0.4592099102258306	0.40243155419118265	0.1111111111111111	0.2677498161792755	14.707338333129883	0.04484603277305788
cov10_n5_g0_s42_hotspots_p80_chr1	5	10	5583	703	1951	0	0.37268751637561615	0.2868612929504267	0.1111111111111111	0.15206347405910492	30.033771514892578	0.04643146304843299
cov10_n5_g0_s42_hotspots_p80_chr1	5	10	5584	1062	1802	0	0.42080946917772	0.35816359168660944	0.1111111111111111	0.24319905042648315	14.969842910766602	0.046032780241007404
cov10_n5_g0_s42_hotspots_p80_chr1	5	10	5585	789	1514	0	0.10907532481505848	0.023151238041652717	0.1111111111111111	0.07738285511732101	9.934213638305664	0.05806344370484637
cov10_n5_g0_s42_hotspots_p80_chr1	5	10	5586	185	566	1	0.226130707963146	0.14908139902594206	0.1111111111111111	0.15381048619747162	10.807300567626953	0.053736143312378123
cov10_n5_g0_s42_hotspots_p80_chr1	5	10	5587	1017	1962	0	0.2634543283950736	0.18581466093800125	0.1111111111111111	0.16816914081573486	12.271227836608887	0.0517474370360015
cov10_n5_g0_s42_hotspots_p80_chr1	5	10	5588	845	1729	0	0.437957335318511	0.3721760287904059	0.1111111111111111	0.20846597850322723	22.068012237548828	0.04499000787460231
cov10_n5_g0_s42_hotspots_p80_chr1	5	10	5589	1195	2161	0	0.47868517824116597	0.4314522005704628	0.1111111111111111	0.3434127867221832	9.714871406555176	0.04549311064924685
cov10_n5_g0_s42_hotspots_p80_chr1	5	10	5590	753	1696	0	0.2398060708938704	0.16339793799565652	0.0	0.16127394139766693	11.055081367492676	0.05314444579708545
cov10_n5_g0_s42_hotspots_p80_chr1	5	10	5591	940	1391	0	0.296094754930062	0.194430810366458	0.1111111111111111	0.13194416463375092	25.179729461669922	0.048339530365481366
cov10_n5_g0_s42_hotspots_p80_chr1	5	10	5592	891	1995	0	0.41674429311253997	0.3504233726205999	0.1111111111111111	0.22330327332019806	17.414825439453125	0.04583953387753663
cov10_n5_g0_s42_hotspots_p80_chr1	5	10	5593	818	1766	0	0.3214448269757584	0.2490282882576634	0.1111111111111111	0.19933432340621948	13.002256393432617	0.04964574476416856
cov10_n5_g0_s42_hotspots_p80_chr1	5	10	5594	264	780	0	0.39841669409933145	0.33493880036845847	0.1111111111111111	0.242229163646698	13.526714324951172	0.047042018566277315
cov10_n5_g0_s42_hotspots_p80_chr1	5	10	5595	856	2148	0	0.32773380119228224	0.29034084492935275	0.1111111111111111	0.38645488023757935	3.595959186553955	0.06359126634108965
cov10_n5_g0_s42_hotspots_p80_chr1	5	10	5596	841	2171	0	0.19357677569723494	0.13172895673141027	0.25	0.16960659623146057	6.513151168823242	0.059759194160958734
cov10_n5_g0_s42_hotspots_p80_chr1	5	10	5597	834	1703	0	0.31941594452451816	0.2658010549509276	0.1111111111111111	0.27199578285217285	6.895389556884766	0.05433991577474985
cov10_n5_g0_s42_hotspots_p80_chr1	5	10	5598	1323	2455	0	0.42437235637482706	0.36579591944439094	0.1111111111111111	0.26689624786376953	12.640935897827148	0.04641518756475856
cov10_n5_g0_s42_hotspots_p80_chr1	5	10	5599	883	1901	0	0.45711423428381026	0.39921968421446	0.1111111111111111	0.25972744822502136	15.487584114074707	0.044815853597173154
cov10_n5_g0_s42_hotspots_p80_chr1	5	10	5600	741	2371	0	0.3745119979570336	0.30912224929233423	0.25	0.23312407732009888	12.904084205627441	0.04799025992329277
cov10_n5_g0_s42_hotspots_p80_chr1	5	10	5601	1019	2030	0	0.5309153951428857	0.4856594909873849	0.25	0.33301183581352234	12.708708763122559	0.04264409002852816
cov10_n5_g0_s42_hotspots_p80_chr1	5	10	5602	883	1675	0	0.3286087656666739	0.2547092863922014	0.25	0.19630758464336395	14.010515213012695	0.049098361008319345
cov10_n5_g0_s42_hotspots_p80_chr1	5	10	5603	789	1426	0	0.4228158453652347	0.3785795060756071	0.42857142857142855	0.3689596951007843	6.566208362579346	0.05058544776077518
cov10_n5_g0_s42_hotspots_p80_chr1	5	10	5604	804	1473	0	0.37179721552976275	0.30338957438681313	0.25	0.2203533947467804	14.234517097473145	0.04771142547781764
cov10_n5_g0_s42_hotspots_p80_chr1	5	10	5605	1037	2034	0	0.5058335404448219	0.454321493153126	0.25	0.26699405908584595	17.94659423828125	0.04314557491671992
cov10_n5_g0_s42_hotspots_p80_chr1	5	10	5606	1046	2176	0	0.404675450409256	0.347268178810808	0.1111111111111111	0.27472421526908875	10.849004745483398	0.0477342481627385
cov10_n5_g0_s42_hotspots_p80_chr1	5	10	5607	406	1041	0	0.4542974437121741	0.40372837082820306	0.25	0.31903690099716187	10.138385772705078	0.046235846016146484
cov10_n5_g0_s42_hotspots_p80_chr1	5	10	5608	277	1215	0	0.5243228864659869	0.4829081872619914	0.25	0.39105772972106934	8.988473892211914	0.0439929694879207
cov10_n5_g0_s42_hotspots_p80_chr1	5	10	5609	210	1396	0	0.39060587838581284	0.3235008940910491	0.0	0.22545143961906433	15.008646011352539	0.04696377498700543
cov10_n5_g0_s42_hotspots_p80_chr1	5	10	5610	517	1772	0	0.24508204740692663	0.17143687291541365	0.1111111111111111	0.1696418970823288	10.435822486877441	0.053381530018340034
cov10_n5_g0_s42_hotspots_p80_chr1	5	10	5611	606	1861	0	0.18739144259096482	0.09761155954445366	0.1111111111111111	0.116048663854599	13.037345886230469	0.05365203464881495
cov10_n5_g0_s42_hotspots_p80_chr1	5	10	5612	1050	2248	0	0.48775392410184654	0.4373458708109382	0.25	0.3089261054992676	12.464141845703125	0.0442520782582729
cov10_n5_g0_s42_hotspots_p80_chr1	5	10	5613	786	1893	0	0.4975303285650266	0.46342460030642263	0.42857142857142855	0.4891536831855774	5.172712802886963	0.04970672152445233
cov10_n5_g0_s42_hotspots_p80_chr1	5	10	5614	1073	2419	0	0.46762469521549554	0.4125354509643494	0.25	0.2770498991012573	14.24455738067627	0.04463494953011239
cov10_n5_g0_s42_hotspots_p80_chr1	5	10	5615	1047	1416	0	0.45533616884102635	0.3971554284137732	0.25	0.25855666399002075	15.506827354431152	0.04486996070943952
cov10_n5_g0_s42_hotspots_p80_chr1	5	10	5616	612	1113	0	0.37228547610739987	0.29691157737512053	0.0	0.19352665543556213	18.502933502197266	0.046988671092511945
cov10_n5_g0_s42_hotspots_p80_chr1	5	10	5617	1039	1955	0	0.48887593057243345	0.43690166797468244	0.25	0.2914103865623474	14.07204818725586	0.04394580612961029
cov10_n5_g0_s42_hotspots_p80_chr1	5	10	5618	1071	1929	0	0.4954190313828072	0.44394790083521196	0.25	0.290406733751297	14.55130672454834	0.043669162471872726
cov10_n5_g0_s42_hotspots_p80_chr1	5	10	5619	908	2058	0	0.5030571178775111	0.4513707183238281	0.25	0.23635989427566528	22.649417877197266	0.043244549596735155
cov10_n5_g0_s42_hotspots_p80_chr1	5	10	5620	1224	1578	0	0.37422318942196764	0.2982462098261035	0.25	0.1909702569246292	19.19994354248047	0.04686354981221165
cov10_n5_g0_s42_hotspots_p80_chr1	5	10	5621	1045	2330	0	0.5291586092228656	0.48211271411884976	0.1111111111111111	0.2619907855987549	20.397157669067383	0.04246029262540144
cov10_n5_g0_s42_hotspots_p80_chr1	5	10	5622	803	1780	0	0.4312662261111725	0.3907533792620248	0.25	0.4047865867614746	5.675559043884277	0.05175416202072621
cov10_n5_g0_s42_hotspots_p80_chr1	5	10	5623	1158	2124	0	0.41168639166924276	0.34953867827302876	0.25	0.24789755046367645	13.789820671081543	0.04655081163078023
cov10_n5_g0_s42_hotspots_p80_chr1	5	10	5624	1048	1664	0	0.493480656405553	0.4395493034600515	0.25	0.23530232906341553	21.991649627685547	0.04349581479708552
cov10_n5_g0_s42_hotspots_p80_chr1	5	10	5625	1048	2391	0	0.5141390772124221	0.4646843394485909	0.25	0.2897096276283264	15.74727725982666	0.042956255930908335
cov10_n5_g0_s42_hotspots_p80_chr1	5	10	5626	1193	2200	0	0.2346718053979806	0.15709118666281013	0.1111111111111111	0.15662811696529388	11.224123001098633	0.05320274644856966
cov10_n5_g0_s42_hotspots_p80_chr1	5	10	5627	683	1666	0	0.36744336404319417	0.2909073392023679	0.1111111111111111	0.18994860351085663	18.710206985473633	0.047099272431055356
cov10_n5_g0_s42_hotspots_p80_chr1	5	10	5628	412	957	0	0.3926343521225686	0.3217270830775256	0.1111111111111111	0.2079271376132965	17.828889846801758	0.04649165108353667
cov10_n5_g0_s42_hotspots_p80_chr1	5	10	5629	803	1807	0	0.3826962210844444	0.30837605429336046	0.25	0.19566994905471802	19.126262664794922	0.046639059655849475
cov10_n5_g0_s42_hotspots_p80_chr1	5	10	5630	921	1621	0	0.35414474397243945	0.274184671280845	0.25	0.17987576127052307	19.381452560424805	0.047387421325357594
cov10_n5_g0_s42_hotspots_p80_chr1	5	10	5631	787	1591	0	0.5348293463940845	0.48869223640203935	0.25	0.30674245953559875	15.200319290161133	0.04229230248452708
cov10_n5_g0_s42_hotspots_p80_chr1	5	10	5632	688	1423	0	0.41853986675578886	0.3524099320381573	0.1111111111111111	0.2236166149377823	17.516027450561523	0.04577716819440643
cov10_n5_g0_s42_hotspots_p80_chr1	5	10	5633	825	1330	0	0.4433978606737374	0.37884140027024754	0.25	0.1841382086277008	28.99141502380371	0.044838276969347245
cov10_n5_g0_s42_hotspots_p80_chr1	5	10	5634	893	1474	0	0.3892740273953583	0.31308469157943014	0.25	0.18526551127433777	22.074539184570312	0.04625943841783763
cov10_n5_g0_s42_hotspots_p80_chr1	5	10	5635	724	1625	0	0.2534989463435553	0.17996542230192528	0.1111111111111111	0.17357662320137024	10.664484024047852	0.05295499743214599
cov10_n5_g0_s42_hotspots_p80_chr1	5	10	5636	966	2260	0	0.5073562630333974	0.4561295489161259	0.25	0.2686334550380707	17.835111618041992	0.04310101312571453
cov10_n5_g0_s42_hotspots_p80_chr1	5	10	5637	953	1504	0	0.2540531202941977	0.13588792930890278	0.1111111111111111	0.10726998001337051	28.045467376708984	0.049085180196306394
cov10_n5_g0_s42_hotspots_p80_chr1	5	10	5638	802	1919	0	0.13833904216717238	0.054927304677434334	0.0	0.09757743775844574	10.049875259399414	0.05706057605214609
cov10_n5_g0_s42_hotspots_p80_chr1	5	10	5639	842	1798	0	0.531236961520854	0.4841953663286379	0.25	0.27367156744003296	18.84027099609375	0.04236879140847623
cov10_n5_g0_s42_hotspots_p80_chr1	5	10	5640	871	1451	0	0.49235235189807985	0.43931706714802116	0.42857142857142855	0.2737407684326172	16.174957275390625	0.043635946171033016
cov10_n5_g0_s42_hotspots_p80_chr1	5	10	5641	681	1212	0	0.4263487319537073	0.38035565504541125	0.25	0.3549894094467163	7.212224960327148	0.04958045436710395
cov10_n5_g0_s42_hotspots_p80_chr1	5	10	5642	676	1933	0	0.329066434895783	0.2618832550209065	0.1111111111111111	0.21837566792964935	11.353471755981445	0.05009098228728429
cov10_n5_g0_s42_hotspots_p80_chr1	5	10	5643	1057	1940	0	0.42893472351518225	0.3650811273251098	0.25	0.23261724412441254	17.00077247619629	0.04552114382052073
cov10_n5_g0_s42_hotspots_p80_chr1	5	10	5644	787	1327	0	0.38761014892145684	0.3138406836109678	0.1111111111111111	0.19665901362895966	19.423728942871094	0.046478464913115296
cov10_n5_g0_s42_hotspots_p80_chr1	5	10	5645	971	1718	0	0.5483286138864141	0.5140522947633235	0.25	0.48112791776657104	6.494275093078613	0.044934758563945854
cov10_n5_g0_s42_hotspots_p80_chr1	5	10	5646	820	1805	0	0.5987484646274729	0.5637413192538606	0.42857142857142855	0.42944738268852234	9.719388961791992	0.04048273888869049
cov10_n5_g0_s42_hotspots_p80_chr1	5	10	5647	553	1715	0	0.5507505790508219	0.5106475531319584	0.25	0.39181897044181824	9.87890911102295	0.04249973055189504
cov10_n5_g0_s42_hotspots_p80_chr1	5	10	5648	897	1750	0	0.31871965629134624	0.20884569368298908	0.0	0.115897998213768	37.812538146972656	0.047445634104592356
cov10_n5_g0_s42_hotspots_p80_chr1	5	10	5649	903	1846	0	0.4232234836865177	0.358384343615731	0.25	0.22921407222747803	17.04617691040039	0.045686233755304693
cov10_n5_g0_s42_hotspots_p80_chr1	5	10	5650	853	1714	0	0.5566435598395179	0.5136779061482492	0.25	0.3150791525840759	15.605767250061035	0.04154022505753132
cov10_n5_g0_s42_hotspots_p80_chr1	5	10	5651	826	2454	0	0.3266435366017535	0.27366536121406254	0.1111111111111111	0.2784397602081299	6.8810648918151855	0.0540775425685765
cov10_n5_g0_s42_hotspots_p80_chr1	5	10	5652	810	1582	0	0.6858668013131116	0.6597232733673849	0.6666666666666666	0.4521310031414032	11.505911827087402	0.03641075605849314
cov10_n5_g0_s42_hotspots_p80_chr1	5	10	5653	925	1662	0	0.5357156185047495	0.48977135551789475	0.25	0.26854538917541504	19.897714614868164	0.042255009745641836
cov10_n5_g0_s42_hotspots_p80_chr1	5	10	5654	951	1947	0	0.43112952067744736	0.36551714642469385	0.25	0.21892035007476807	19.391582489013672	0.04527701229900667
cov10_n5_g0_s42_hotspots_p80_chr1	5	10	5655	797	2386	0	0.6094176091755902	0.5742526989890137	0.1111111111111111	0.39517658948898315	11.890975952148438	0.039690480703029093
cov10_n5_g0_s42_hotspots_p80_chr1	5	10	5656	549	1190	0	0.37667702374572976	0.301418785126256	0.1111111111111111	0.19324378669261932	18.99753189086914	0.046816249940194385
cov10_n5_g0_s42_hotspots_p80_chr1	5	10	5657	689	2150	0	0.7848970250102068	0.7689468509887244	0.6666666666666666	0.6889364123344421	6.489884853363037	0.03132717584487781
cov10_n5_g0_s42_hotspots_p80_chr1	5	10	5658	470	1428	0	0.3157055539165213	0.2686532902321663	0.25	0.30664271116256714	5.299918174743652	0.05766552916658959
cov10_n5_g0_s42_hotspots_p80_chr1	5	10	5659	669	1532	0	0.675281626394978	0.6490112049636495	0.6666666666666666	0.4017496407032013	14.126314163208008	0.03709616197092988
cov10_n5_g0_s42_hotspots_p80_chr1	5	10	5660	834	1856	0	0.6860300120495642	0.6605522239376618	0.42857142857142855	0.5317559242248535	8.322072982788086	0.03665037457175772
cov10_n5_g0_s42_hotspots_p80_chr1	5	10	5661	903	1859	0	0.5569167300055413	0.5151684675475983	0.25	0.3544696569442749	12.342191696166992	0.041718553875995996
cov10_n5_g0_s42_hotspots_p80_chr1	5	10	5662	360	1136	0	0.3462917846836727	0.30769633134641156	0.25	0.38708940148353577	4.001583099365234	0.06073151376002107
cov10_n5_g0_s42_hotspots_p80_chr1	5	10	5663	715	1381	0	0.5748561239939676	0.5396961955294444	0.42857142857142855	0.4533904492855072	8.037918090820312	0.04228683852814399
cov10_n5_g0_s42_hotspots_p80_chr1	5	10	5664	448	1339	0	0.5536773847287167	0.5246142200154912	0.25	0.5658729672431946	4.786805152893066	0.04777007937468169
cov10_n5_g0_s42_hotspots_p80_chr1	5	10	5665	458	1374	0	0.43885979811876985	0.40766998528725934	0.25	0.5159344673156738	3.617698907852173	0.058099591252000996
cov10_n5_g0_s42_hotspots_p80_chr1	5	10	5666	98	417	1	0.5840782832812512	0.5456300744340707	0.25	0.3702673614025116	12.441741943359375	0.0406613529026981
cov10_n5_g0_s42_hotspots_p80_chr1	5	10	5667	700	1714	0	0.5861294298294012	0.5476368081229335	0.25	0.3308650255203247	15.691171646118164	0.040525316167045244
cov10_n5_g0_s42_hotspots_p80_chr1	5	10	5668	746	1642	0	0.6129743813409131	0.5782484956612908	0.25	0.3983081877231598	11.841756820678711	0.03954801730613878
cov10_n5_g0_s42_hotspots_p80_chr1	5	10	5669	930	1846	0	0.4434478218741806	0.3938318477595586	0.25	0.3274422883987427	9.170343399047852	0.04717921516818255
cov10_n5_g0_s42_hotspots_p80_chr1	5	10	5670	819	2111	0	0.5849754624778938	0.5462610446280395	0.25	0.3516606390476227	13.835592269897461	0.04056061634661927
cov10_n5_g0_s42_hotspots_p80_chr1	5	10	5671	1092	2371	0	0.4126279851071931	0.3536813932839907	0.1111111111111111	0.2658347189426422	12.046585083007812	0.04699430729913663
cov10_n5_g0_s42_hotspots_p80_chr1	5	10	5672	916	1557	0	0.5601020696480126	0.5184657638954484	0.25	0.3497995436191559	12.819345474243164	0.04154625278476178
cov10_n5_g0_s42_hotspots_p80_chr1	5	10	5673	674	1988	0	0.5841236144285117	0.5515022295500047	0.25	0.49210381507873535	7.0447587966918945	0.0425893162398776
cov10_n5_g0_s42_hotspots_p80_chr1	5	10	5674	749	1508	0	0.44970022606776366	0.39476674224880115	0.25	0.2862882614135742	12.33698844909668	0.045626439535815654
cov10_n5_g0_s42_hotspots_p80_chr1	5	10	5675	475	1796	0	0.49086597235847035	0.4363645604133988	0.1111111111111111	0.24782507121562958	19.615772247314453	0.04356738413407138
cov10_n5_g0_s42_hotspots_p80_chr1	5	10	5676	949	2281	0	0.6347976596514934	0.604959467304191	0.42857142857142855	0.5003995895385742	8.046496391296387	0.03938874817159056
cov10_n5_g0_s42_hotspots_p80_chr1	5	10	5677	567	1480	0	0.7507498599698039	0.7311593575506984	0.42857142857142855	0.5481454730033875	9.379266738891602	0.03304541347670519
cov10_n5_g0_s42_hotspots_p80_chr1	5	10	5678	176	1075	1	0.5015140828141746	0.45077932384242847	0.42857142857142855	0.2922085225582123	14.728226661682129	0.04344729953490827
cov10_n5_g0_s42_hotspots_p80_chr1	5	10	5679	651	1869	0	0.4921923852105158	0.44509114127341853	0.1111111111111111	0.3403313159942627	10.45769214630127	0.044650148101760934
cov10_n5_g0_s42_hotspots_p80_chr1	5	10	5680	908	1978	0	0.6769380805473789	0.6497490000273505	0.25	0.46969497203826904	10.38570785522461	0.03681171222335479
cov10_n5_g0_s42_hotspots_p80_chr1	5	10	5681	841	2300	0	0.5842297546284264	0.5454313148245188	0.25	0.3308694362640381	15.589203834533691	0.040589280706267
cov10_n5_g0_s42_hotspots_p80_chr1	5	10	5682	797	1598	0	0.4614843992478364	0.40798515766740606	0.25	0.29366493225097656	12.347519874572754	0.04521088628455272
cov10_n5_g0_s42_hotspots_p80_chr1	5	10	5683	1143	2342	0	0.5060222378832536	0.4557321345344313	0.25	0.2917599081993103	15.040350914001465	0.04327005883485385
cov10_n5_g0_s42_hotspots_p80_chr1	5	10	5684	437	1562	0	0.4871411129411753	0.4349784228002493	0.42857142857142855	0.29092901945114136	14.018630027770996	0.04401165301621336
cov10_n5_g0_s42_hotspots_p80_chr1	5	10	5685	694	1699	0	0.6646703104031335	0.6400754789981641	0.25	0.6022840738296509	6.089475631713867	0.03925941646319579
cov10_n5_g0_s42_hotspots_p80_chr1	5	10	5686	1040	1933	0	0.6843960608264132	0.6580076082747902	0.42857142857142855	0.4753139019012451	10.366304397583008	0.03645902426003366
cov10_n5_g0_s42_hotspots_p80_chr1	5	10	5687	830	2320	0	0.6338487348445991	0.6019200854179059	0.42857142857142855	0.4340662956237793	10.66176700592041	0.03875670562093582
cov10_n5_g0_s42_hotspots_p80_chr1	5	10	5688	919	2212	0	0.8811223663398977	0.8726226374862338	0.6666666666666666	0.7724699974060059	6.5054779052734375	0.02364545526224231
cov10_n5_g0_s42_hotspots_p80_chr1	5	10	5689	588	1775	0	0.6486222221504072	0.621445309543826	0.42857142857142855	0.5514688491821289	6.916903018951416	0.03936779013050283
cov10_n5_g0_s42_hotspots_p80_chr1	5	10	5690	936	1716	0	0.7315675560876324	0.7104741419639257	0.42857142857142855	0.5867266058921814	7.7733330726623535	0.034269938593841504
cov10_n5_g0_s42_hotspots_p80_chr1	5	10	5691	882	2079	0	0.5338498795895592	0.49927214151435084	0.42857142857142855	0.4802762269973755	6.177690505981445	0.04606548288098289
cov10_n5_g0_s42_hotspots_p80_chr1	5	10	5692	767	1700	0	0.4468365565241855	0.40557552972796695	0.25	0.40056779980659485	6.221789836883545	0.050062254740596904
cov10_n5_g0_s42_hotspots_p80_chr1	5	10	5693	571	1932	0	0.8313012602714859	0.820599806871844	0.6666666666666666	0.8672128319740295	4.594470024108887	0.029742186478885907
cov10_n5_g0_s42_hotspots_p80_chr1	5	10	5694	575	2171	0	0.5307684695306307	0.5061101802831218	0.25	0.6497097611427307	3.336886167526245	0.05474905359350874
cov10_n5_g0_s42_hotspots_p80_chr1	5	10	5695	683	1435	0	0.36683452946351974	0.2779593648538714	0.25	0.12776905298233032	41.215362548828125	0.04652353961524092
cov10_n5_g0_s42_hotspots_p80_chr1	5	10	5696	725	1715	0	0.6513417160601649	0.6235978750433586	0.42857142857142855	0.5318663120269775	7.498645305633545	0.038828290375364845
cov10_n5_g0_s42_hotspots_p80_chr1	5	10	5697	742	2194	0	0.6381860857704422	0.6110813005204353	0.42857142857142855	0.5651687979698181	6.375412940979004	0.040432825735772775
cov10_n5_g0_s42_hotspots_p80_chr1	5	10	5698	808	2058	0	0.6005171762944699	0.5644698097561724	0.42857142857142855	0.39629030227661133	11.481376647949219	0.04009074909247652
cov10_n5_g0_s42_hotspots_p80_chr1	5	10	5699	552	2069	0	0.5404999363440899	0.5048587530582246	0.42857142857142855	0.4631268382072449	6.810224533081055	0.04494264545207522
cov10_n5_g0_s42_hotspots_p80_chr1	5	10	5700	344	1025	0	0.6111645389625245	0.5783117981721284	0.42857142857142855	0.46081236004829407	8.795045852661133	0.04021433854051041
cov10_n5_g0_s42_hotspots_p80_chr1	5	10	5701	567	1586	0	0.256348008108865	0.15080396917176658	0.25	0.12087955325841904	22.48661994934082	0.0495125070379703
cov10_n5_g0_s42_hotspots_p80_chr1	5	10	5702	636	1919	0	0.676891679976281	0.6513223902950827	0.6666666666666666	0.5529272556304932	7.493285655975342	0.0374636313100111
cov10_n5_g0_s42_hotspots_p80_chr1	5	10	5703	789	1732	0	0.5940405580051541	0.5619792897134288	0.42857142857142855	0.4956681430339813	7.181582450866699	0.0419788368420378
cov10_n5_g0_s42_hotspots_p80_chr1	5	10	5704	523	1231	0	0.5596480326928899	0.5178390470076031	0.25	0.34655657410621643	13.03922176361084	0.041543510655854085
cov10_n5_g0_s42_hotspots_p80_chr1	5	10	5705	658	1209	0	0.5652819940389189	0.5242549182413965	0.25	0.3516634702682495	12.919502258300781	0.04134262029007908
cov10_n5_g0_s42_hotspots_p80_chr1	5	10	5706	572	1452	0	0.37980150001118357	0.3155342240273449	0.1111111111111111	0.2384321391582489	12.686848640441895	0.047886444273217185
cov10_n5_g0_s42_hotspots_p80_chr1	5	10	5707	1145	1606	0	0.6170800723805617	0.5834735275651186	0.42857142857142855	0.428058922290802	10.390727996826172	0.039531014373464866
cov10_n5_g0_s42_hotspots_p80_chr1	5	10	5708	1216	2251	0	0.671198510378187	0.6433452429933221	0.6666666666666666	0.457598477602005	10.757288932800293	0.03706764662844754
cov10_n5_g0_s42_hotspots_p80_chr1	5	10	5709	744	1685	0	0.5676977607270184	0.5314348230054654	0.42857142857142855	0.43995893001556396	8.324920654296875	0.04244668686883856
cov10_n5_g0_s42_hotspots_p80_chr1	5	10	5710	860	1358	0	0.34266144649193964	0.27928837438533616	0.25	0.23627522587776184	10.516327857971191	0.05007246477927281
cov10_n5_g0_s42_hotspots_p80_chr1	5	10	5711	784	1419	0	0.5381108816713546	0.4950578192668268	0.25	0.35868972539901733	11.253192901611328	0.042630357150822785
cov10_n5_g0_s42_hotspots_p80_chr1	5	10	5712	849	1585	0	0.44022863905634996	0.37653216935255873	0.1111111111111111	0.2254161536693573	19.07025909423828	0.04503765344893779
cov10_n5_g0_s42_hotspots_p80_chr1	5	10	5713	739	1700	0	0.6903360627056453	0.6646311244002336	0.25	0.4910745620727539	9.88089370727539	0.0361897073826794
cov10_n5_g0_s42_hotspots_p80_chr1	5	10	5714	798	1526	0	0.4549586199548548	0.3951438635229523	0.25	0.24468785524368286	17.28577995300293	0.044717988489317
cov10_n5_g0_s42_hotspots_p80_chr1	5	10	5715	818	1521	0	0.2641426698436091	0.162442357800465	0.0	0.12731534242630005	21.522146224975586	0.04943905690274974
cov10_n5_g0_s42_hotspots_p80_chr1	5	10	5716	592	1844	0	0.3798524304881302	0.30185048865073305	0.1111111111111111	0.18159827589988708	21.876428604125977	0.04651236288818677
cov10_n5_g0_s42_hotspots_p80_chr1	5	10	5717	837	2753	0	0.47815347242815204	0.43904635887889026	0.25	0.42628347873687744	6.290825366973877	0.04853455698611509
cov10_n5_g0_s42_hotspots_p80_chr1	5	10	5718	724	1658	0	0.7587844682450466	0.740109177258307	0.42857142857142855	0.6143516302108765	7.627335071563721	0.03266625754277487
cov10_n5_g0_s42_hotspots_p80_chr1	5	10	5719	588	1516	0	0.22956847607217926	0.17562261548721997	0.1111111111111111	0.2192070633172989	5.483847618103027	0.060690906587888
cov10_n5_g0_s42_hotspots_p80_chr1	5	10	5720	555	1928	0	0.5483783380757242	0.5151760265995068	0.25	0.49779024720191956	6.067892074584961	0.045509035698623745
cov10_n5_g0_s42_hotspots_p80_chr1	5	10	5721	532	2307	0	0.4233193916269958	0.3763285120841559	0.25	0.3465338945388794	7.461306571960449	0.04942307370352645
cov10_n5_g0_s42_hotspots_p80_chr1	5	10	5722	578	1188	0	0.32881100378566064	0.2241885194722063	0.0	0.12211915105581284	36.248924255371094	0.04726776963630711
cov10_n5_g0_s42_hotspots_p80_chr1	5	10	5723	811	1316	0	0.5525392790476944	0.5174124230626015	0.25	0.4665568768978119	7.012729644775391	0.044155275603034304
cov10_n5_g0_s42_hotspots_p80_chr1	5	10	5724	613	1432	0	0.6095927844161727	0.5810754755773175	0.42857142857142855	0.5561824440956116	6.006411552429199	0.04242872991905616
cov10_n5_g0_s42_hotspots_p80_chr1	5	10	5725	523	1251	0	0.5526338383557204	0.5176011132920949	0.25	0.46796828508377075	6.972878456115723	0.044190706474124306
cov10_n5_g0_s42_hotspots_p80_chr1	5	10	5726	699	1403	0	0.5948844839219144	0.564970708509694	0.25	0.5367047786712646	6.142770767211914	0.04302776244095834
cov10_n5_g0_s42_hotspots_p80_chr1	5	10	5727	458	1520	0	0.5191591278142663	0.4811476775332735	0.25	0.4361480474472046	7.084400653839111	0.04564756081750757
cov10_n5_g0_s42_hotspots_p80_chr1	5	10	5728	834	1703	0	0.6612998589717455	0.6370501229266704	0.42857142857142855	0.6156303286552429	5.769351005554199	0.03985561979042597
cov10_n5_g0_s42_hotspots_p80_chr1	5	10	5729	582	2014	0	0.4358199251469125	0.40464878316606795	0.25	0.5150251984596252	3.580364227294922	0.058447745301229766
cov10_n5_g0_s42_hotspots_p80_chr1	5	10	5730	724	1894	0	0.21042554750972473	0.16101823241771143	0.25	0.2232465296983719	4.442193508148193	0.0647895994304455
cov10_n5_g0_s42_hotspots_p80_chr1	5	10	5731	697	1327	0	0.5495827195556894	0.5161396000580294	0.25	0.493684321641922	6.196371555328369	0.04526464482742832
cov10_n5_g0_s42_hotspots_p80_chr1	5	10	5732	963	1772	0	0.5545591148597369	0.5205926799140794	0.25	0.4838640093803406	6.567788124084473	0.044541084184448715
cov10_n5_g0_s42_hotspots_p80_chr1	5	10	5733	651	1532	0	0.659693848012819	0.6325518001839597	0.42857142857142855	0.5353847742080688	7.591416358947754	0.03833630763872263
cov10_n5_g0_s42_hotspots_p80_chr1	5	10	5734	894	2130	0	0.6721275799024719	0.6450803555690895	0.25	0.5081825852394104	8.746491432189941	0.03725898038726284
cov10_n5_g0_s42_hotspots_p80_chr1	5	10	5735	484	1947	0	0.2612701701543914	0.20250489740007263	0.1111111111111111	0.22073769569396973	7.004814147949219	0.05639856711257692
cov10_n5_g0_s42_hotspots_p80_chr1	5	10	5737	447	2322	0	0.5472922795310056	0.5030208198935178	0.25	0.31504061818122864	15.089522361755371	0.041871066554858845
cov10_n5_g0_s42_hotspots_p80_chr1	5	10	5738	709	2446	0	0.5440871181375425	0.5064742493045875	0.25	0.43322107195854187	7.886561393737793	0.04380490009355974
cov10_n5_g0_s42_hotspots_p80_chr1	5	10	5739	774	2098	0	0.7780855835969578	0.7610735905311282	0.42857142857142855	0.5820197463035583	8.936126708984375	0.031443878537559825
cov10_n5_g0_s42_hotspots_p80_chr1	5	10	5740	491	1402	0	0.48147591566584996	0.436844464074968	0.25	0.36803239583969116	8.557502746582031	0.046049370267600934
cov10_n5_g0_s42_hotspots_p80_chr1	5	10	5741	689	1841	0	0.6006799317634675	0.573743725488097	0.42857142857142855	0.5940452218055725	5.112310886383057	0.044439312544823466
cov10_n5_g0_s42_hotspots_p80_chr1	5	10	5742	687	1909	0	0.41364436502993485	0.3696298498577495	0.25	0.36871445178985596	6.292800426483154	0.05140841195178882
cov10_n5_g0_s42_hotspots_p80_chr1	5	10	5743	876	1944	0	0.09846813308496902	0.007223119038787082	0.0	0.06691974401473999	10.825621604919434	0.05762004336255805
cov10_n5_g0_s42_hotspots_p80_chr1	5	10	5744	622	2045	0	0.38672545970043126	0.32073056438212616	0.1111111111111111	0.2307227998971939	14.047350883483887	0.047288829682708915
cov10_n5_g0_s42_hotspots_p80_chr1	5	10	5745	869	2149	0	0.32476144022906095	0.25771159078345307	0.1111111111111111	0.21770213544368744	11.126885414123535	0.05034773609035876
cov10_n5_g0_s42_hotspots_p80_chr1	5	10	5746	641	1417	0	0.4851457096713507	0.4465578121710264	0.25	0.4323785901069641	6.294858932495117	0.04820637232597633
cov10_n5_g0_s42_hotspots_p80_chr1	5	10	5747	771	1819	0	0.3462495764158344	0.26174429601471483	0.1111111111111111	0.16721561551094055	21.438520431518555	0.047402367849346795
cov10_n5_g0_s42_hotspots_p80_chr1	5	10	5748	838	1928	0	0.4992296835144135	0.4465073274083438	0.25	0.23839199542999268	21.927417755126953	0.04333708134468925
cov10_n5_g0_s42_hotspots_p80_chr1	5	10	5749	655	1288	0	0.4464060192355528	0.39176454026667423	0.25	0.2892896234989166	11.905956268310547	0.045863346456884585
cov10_n5_g0_s42_hotspots_p80_chr1	5	10	5750	657	1791	0	0.4219393663541247	0.36141369509926874	0.25	0.25547462701797485	13.638749122619629	0.04625076288940136
cov10_n5_g0_s42_hotspots_p80_chr1	5	10	5751	805	1692	0	0.21965020246681496	0.11659193265301074	0.1111111111111111	0.11362576484680176	18.684419631958008	0.05099880239248908
cov10_n5_g0_s42_hotspots_p80_chr1	5	10	5752	925	2224	0	0.4297995411632514	0.36891865051811124	0.25	0.25129613280296326	14.626157760620117	0.045805593585214584
cov10_n5_g0_s42_hotspots_p80_chr1	5	10	5753	731	1907	0	0.43077587334182865	0.40033288578066767	0.25	0.523254930973053	3.388800859451294	0.05976910168213822
cov10_n5_g0_s42_hotspots_p80_chr1	5	10	5754	1049	1567	0	0.37594510004722376	0.3274662814275316	0.25	0.32407090067863464	6.728819847106934	0.052319466777867904
cov10_n5_g0_s42_hotspots_p80_chr1	5	10	5755	723	1681	0	0.3801908434263702	0.34001136954252004	0.25	0.390240877866745	4.745782852172852	0.05641554085927943
cov10_n5_g0_s42_hotspots_p80_chr1	5	10	5756	801	1582	0	0.5560029263274203	0.523823988214914	0.25	0.5121780633926392	5.8922648429870605	0.04539311940623585
cov10_n5_g0_s42_hotspots_p80_chr1	5	10	5757	176	540	1	0.2724654277508427	0.22170293918998288	0.1111111111111111	0.26101890206336975	5.448147773742676	0.05906998461965691
cov10_n5_g0_s42_hotspots_p80_chr1	5	10	5758	261	906	0	0.3564664095653565	0.3031234099745176	0.1111111111111111	0.2879111170768738	7.664616107940674	0.05187788943647767
cov10_n5_g0_s42_hotspots_p80_chr1	5	10	5759	33	275	1	0.25684049588851326	0.11285753967070881	0.0	0.0882686898112297	42.33344650268555	0.04851733017412448
cov10_n5_g0_s42_hotspots_p80_chr1	5	10	5768	44	167	1	0.32326988329362166	0.26131441908497166	0.1111111111111111	0.23626373708248138	9.360657691955566	0.051517545478617977
cov10_n5_g0_s42_hotspots_p80_chr1	5	10	5769	1007	1813	0	0.46764728334019195	0.41845956552245345	0.25	0.32821106910705566	10.15080451965332	0.04572061052234806
cov10_n5_g0_s42_hotspots_p80_chr1	5	10	5770	1575	2510	0	0.46922306150550375	0.4119833702637957	0.25	0.25461262464523315	16.981218338012695	0.04430625500143812
cov10_n5_g0_s42_hotspots_p80_chr1	5	10	5771	732	1487	0	0.5498166455794649	0.5061146249942831	0.42857142857142855	0.32407695055007935	14.391613960266113	0.0418112025309797
cov10_n5_g0_s42_hotspots_p80_chr1	5	10	5772	819	1506	0	0.48478676357868716	0.4331334088115334	0.25	0.29820188879966736	13.214498519897461	0.04421449067699124
cov10_n5_g0_s42_hotspots_p80_chr1	5	10	5773	950	2123	0	0.5400986445408203	0.49956579514609495	0.25	0.3938176929950714	9.40428352355957	0.04312879431820346
cov10_n5_g0_s42_hotspots_p80_chr1	5	10	5774	723	1604	0	0.5304759510198831	0.4920388097259562	0.25	0.4273473918437958	7.704407691955566	0.04456131440112894
cov10_n5_g0_s42_hotspots_p80_chr1	5	10	5775	988	1988	0	0.4783497911231459	0.4297628855380573	0.25	0.3308119773864746	10.454390525817871	0.045184179194537356
cov10_n5_g0_s42_hotspots_p80_chr1	5	10	5776	702	1795	0	0.4059560554087018	0.35217575269709767	0.1111111111111111	0.29657769203186035	9.368091583251953	0.048491527273704975
cov10_n5_g0_s42_hotspots_p80_chr1	5	10	5777	171	894	1	0.2084928325241214	0.10104449579030342	0.1111111111111111	0.10559145361185074	19.49372100830078	0.05112020012235631
cov10_n5_g0_s42_hotspots_p80_chr1	5	10	5778	408	1062	0	0.19606795278064637	0.13446489114470458	0.1111111111111111	0.17192547023296356	6.502834796905518	0.059687612391819314
cov10_n5_g0_s42_hotspots_p80_chr1	5	10	5779	685	1474	0	0.3160270134776366	0.25570495220640393	0.25	0.2402542233467102	8.651200294494629	0.052379529054874245
cov10_n5_g0_s42_hotspots_p80_chr1	5	10	5780	916	1935	0	0.37072797468109453	0.3190023909891464	0.25	0.3017594814300537	7.546731472015381	0.05145433797093211
cov10_n5_g0_s42_hotspots_p80_chr1	5	10	5781	839	1626	0	0.5925801633838141	0.5564606407126055	0.42857142857142855	0.4138224720954895	10.252650260925293	0.04062123577300671
cov10_n5_g0_s42_hotspots_p80_chr1	5	10	5782	801	1149	0	0.4646725106269134	0.4184754015442939	0.25	0.35514673590660095	8.559496879577637	0.04674005091503851
cov10_n5_g0_s42_hotspots_p80_chr1	5	10	5783	437	1213	0	0.6819795093928545	0.6560609935979878	0.6666666666666666	0.5253519415855408	8.425814628601074	0.03683444318627028
cov10_n5_g0_s42_hotspots_p80_chr1	5	10	5784	1059	2087	0	0.36635839310077656	0.31247496323195617	0.25	0.28794994950294495	8.093720436096191	0.051035843514780105
cov10_n5_g0_s42_hotspots_p80_chr1	5	10	5785	779	2036	0	0.34367162579323907	0.303264744827337	0.1111111111111111	0.3699069321155548	4.3159098625183105	0.05955439395721804
cov10_n5_g0_s42_hotspots_p80_chr1	5	10	5786	313	1576	0	0.435656611132284	0.3929670362971232	0.25	0.3851289451122284	6.3980302810668945	0.05028003002758811
cov10_n5_g0_s42_hotspots_p80_chr1	5	10	5787	155	711	1	0.2578523258708536	0.1525248987239141	0.1111111111111111	0.12145590037107468	22.53590202331543	0.04947111297358698
cov10_n5_g0_s42_hotspots_p80_chr1	5	10	5788	412	1587	0	0.3788528766544689	0.3236936610995803	0.25	0.28396210074424744	8.900007247924805	0.04984659070822681
cov10_n5_g0_s42_hotspots_p80_chr1	5	10	5789	906	1652	0	0.3903765683963796	0.34356069441640325	0.25	0.34028735756874084	6.580301761627197	0.051943931934690823
cov10_n5_g0_s42_hotspots_p80_chr1	5	10	5790	919	1769	0	0.5643634676420868	0.5343688782784995	0.25	0.5472489595413208	5.317626953125	0.04598290461295027
cov10_n5_g0_s42_hotspots_p80_chr1	5	10	5791	392	1077	0	0.4320303562421688	0.37554656834144234	0.25	0.27914556860923767	11.97669506072998	0.04634615137762791
cov10_n5_g0_s42_hotspots_p80_chr1	5	10	5792	792	1532	0	0.4369352931351753	0.3858698142486943	0.1111111111111111	0.31655845046043396	9.525691032409668	0.047217036853344274
cov10_n5_g0_s42_hotspots_p80_chr1	5	10	5793	723	1565	0	0.2645024911249917	0.20304255471699276	0.1111111111111111	0.21296711266040802	7.712666034698486	0.05527997031066937
cov10_n5_g0_s42_hotspots_p80_chr1	5	10	5794	972	2061	0	0.6335436767757316	0.6019900938624383	0.42857142857142855	0.451063334941864	9.863884925842285	0.038883574485385146
cov10_n5_g0_s42_hotspots_p80_chr1	5	10	5795	1502	2363	0	0.5937544435897876	0.5576982362036946	0.42857142857142855	0.4131397008895874	10.327371597290039	0.040554618750359483
cov10_n5_g0_s42_hotspots_p80_chr1	5	10	5796	1499	2432	0	0.46550707482056863	0.4093879312180751	0.25	0.269234299659729	14.94726848602295	0.0446105560333275
cov10_n5_g0_s42_hotspots_p80_chr1	5	10	5797	823	1901	0	0.46855605906474995	0.42272419649446424	0.1111111111111111	0.3581554591655731	8.557560920715332	0.04658239284670421
cov10_n5_g0_s42_hotspots_p80_chr1	5	10	5798	481	1002	0	0.612720581200934	0.5850086915751408	0.25	0.5713584423065186	5.750130653381348	0.04262712311684454
cov10_n5_g0_s42_hotspots_p80_chr1	5	10	5799	242	345	0	0.32783059703293804	0.29773453621506596	0.25	0.4649975597858429	2.485236167907715	0.0721437120211463
cov10_n5_g0_s42_hotspots_p80_chr1	5	10	5800	617	1191	0	0.6157426487491023	0.5847178050201556	0.25	0.4969925880432129	7.674828052520752	0.04054303931055774
cov10_n5_g0_s42_hotspots_p80_chr1	5	10	5801	823	1671	0	0.3675473562874337	0.31867103672872865	0.1111111111111111	0.31856805086135864	6.65567684173584	0.05277552324712897
cov10_n5_g0_s42_hotspots_p80_chr1	5	10	5802	831	1525	0	0.4695867369149448	0.4317269818626598	0.25	0.43975675106048584	5.701335430145264	0.04993680886276898
cov10_n5_g0_s42_hotspots_p80_chr1	5	10	5803	806	1610	0	0.4575783941145841	0.4034398490705843	0.25	0.2899196147918701	12.455060958862305	0.0453211874392526
cov10_n5_g0_s42_hotspots_p80_chr1	5	10	5804	845	1730	0	0.17231196381972372	0.09036337075135911	0.1111111111111111	0.11861760169267654	10.551217079162598	0.05560224306421463
cov10_n5_g0_s42_hotspots_p80_chr1	5	10	5805	1481	2055	0	0.3019594349222569	0.20987161761535394	0.1111111111111111	0.14876987040042877	20.598573684692383	0.048610582085676514
cov10_n5_g0_s42_hotspots_p80_chr1	5	10	5806	953	1443	0	0.31903034517381595	0.28110496020801223	0.1111111111111111	0.3758588433265686	3.6023385524749756	0.0639583776815435
cov10_n5_g0_s42_hotspots_p80_chr1	5	10	5807	786	1807	0	0.2842306176178597	0.21172882798107787	0.1111111111111111	0.18817678093910217	11.40721607208252	0.051525855150759546
cov10_n5_g0_s42_hotspots_p80_chr1	5	10	5808	966	1396	0	0.46990634226190586	0.4110367879905488	0.25	0.21440286934375763	24.017704010009766	0.04414108198316293
cov10_n5_g0_s42_hotspots_p80_chr1	5	10	5809	1077	1703	0	0.6357893345928771	0.6088394502248625	0.42857142857142855	0.5712143778800964	6.194385528564453	0.040766217363897767
cov10_n5_g0_s42_hotspots_p80_chr1	5	10	5810	1021	1752	0	0.30602816898073526	0.2344958188885316	0.1111111111111111	0.1979558914899826	11.94966983795166	0.050559613304297535
cov10_n5_g0_s42_hotspots_p80_chr1	5	10	5811	899	1688	0	0.35874971807487865	0.306666651569398	0.25	0.2958133816719055	7.3538947105407715	0.052160451255501346
cov10_n5_g0_s42_hotspots_p80_chr1	5	10	5812	895	1878	0	0.4136297211102576	0.3417454968530398	0.1111111111111111	0.1902664601802826	23.63028907775879	0.045581244418213485
cov10_n5_g0_s42_hotspots_p80_chr1	5	10	5813	661	1843	0	0.5040176165379252	0.47094801260920716	0.25	0.5039587020874023	5.001168727874756	0.04979580420007121
cov10_n5_g0_s42_hotspots_p80_chr1	5	10	5814	622	1569	0	0.5234571014748542	0.47499844664843727	0.42857142857142855	0.27037492394447327	18.74128532409668	0.042604014805736036
cov10_n5_g0_s42_hotspots_p80_chr1	5	10	5815	598	1248	0	0.5921826409972767	0.5621712830995385	0.25	0.5362865328788757	6.096599102020264	0.04323067028817112
cov10_n5_g0_s42_hotspots_p80_chr1	5	10	5816	1240	2009	0	0.6339910645953984	0.6022362378718278	0.42857142857142855	0.36986982822418213	14.690566062927246	0.03874967219459841
cov10_n5_g0_s42_hotspots_p80_chr1	5	10	5817	709	1266	0	0.5796736432029341	0.5404405116309986	0.42857142857142855	0.35874420404434204	13.054713249206543	0.040789551457938035
cov10_n5_g0_s42_hotspots_p80_chr1	5	10	5818	444	718	0	0.42916359972329393	0.36946587378178997	0.25	0.2589643597602844	13.732062339782715	0.04599409200668639
cov10_n5_g0_s42_hotspots_p80_chr1	5	10	5819	262	882	0	0.32895188899241384	0.29778315920828735	0.25	0.4526146650314331	2.6410555839538574	0.0704973946899958
cov10_n5_g0_s42_hotspots_p80_chr1	5	10	5820	766	1545	0	0.5836075584580243	0.5559865729811944	0.42857142857142855	0.5863427519798279	4.9534592628479	0.0457359252462706
cov10_n5_g0_s42_hotspots_p80_chr1	5	10	5821	956	1303	0	0.5036916182583755	0.4689195478452804	0.42857142857142855	0.4802972674369812	5.498941898345947	0.04869987535509936
cov10_n5_g0_s42_hotspots_p80_chr1	5	10	5822	829	1255	0	0.43542673804326465	0.37544886071825845	0.25	0.2552608251571655	14.548955917358398	0.04563840470121613
cov10_n5_g0_s42_hotspots_p80_chr1	5	10	5823	926	1493	0	0.09271022290089168	-0.045008937905802786	0.0	0.044592518359422684	21.6123104095459	0.05343605036523463
cov10_n5_g0_s42_hotspots_p80_chr1	5	10	5824	902	1736	0	0.10453598216149963	0.06063086324733636	0.25	0.13939201831817627	2.812067985534668	0.07904534985573261
cov10_n5_g0_s42_hotspots_p80_chr1	5	10	5825	849	1463	0	0.529798213043161	0.49271583748344006	0.25	0.4458877146244049	7.058948993682861	0.04518145106959529
cov10_n5_g0_s42_hotspots_p80_chr1	5	10	5826	565	1327	0	0.6925879432890755	0.6694046868845356	0.42857142857142855	0.6049211025238037	6.554240703582764	0.0371827478975835
cov10_n5_g0_s42_hotspots_p80_chr1	5	10	5827	810	1351	0	0.3442438451708924	0.2737826954016587	0.1111111111111111	0.21006108820438385	13.427993774414062	0.048791244727964096
cov10_n5_g0_s42_hotspots_p80_chr1	5	10	5828	897	1731	0	0.3593440998931715	0.29100873132873417	0.25	0.21977342665195465	13.367207527160645	0.04833484444940349
cov10_n5_g0_s42_hotspots_p80_chr1	5	10	5829	1488	2244	0	0.43317809228455384	0.3767313807064221	0.25	0.2792164087295532	12.034307479858398	0.04628839066457114
cov10_n5_g0_s42_hotspots_p80_chr1	5	10	5830	921	1708	0	0.5677835307596066	0.5269878413892787	0.25	0.2992702126502991	17.997350692749023	0.04120916861166425
cov10_n5_g0_s42_hotspots_p80_chr1	5	10	5831	1174	2150	0	0.4066535819316471	0.3474850029684519	0.25	0.26476532220840454	11.79497241973877	0.04728580074683427
cov10_n5_g0_s42_hotspots_p80_chr1	5	10	5832	940	1790	0	0.6911264872455286	0.6654653280105001	0.42857142857142855	0.48351192474365234	10.2157621383667	0.036139173999877226
cov10_n5_g0_s42_hotspots_p80_chr1	5	10	5833	864	1911	0	0.4277738807850073	0.3749322931639182	0.25	0.30396154522895813	9.902873992919922	0.04735453635440899
cov10_n5_g0_s42_hotspots_p80_chr1	5	10	5834	1049	1700	0	0.5706935966009701	0.5307703720367583	0.25	0.3666374385356903	12.114416122436523	0.041214577726725876
cov10_n5_g0_s42_hotspots_p80_chr1	5	10	5835	513	1060	0	0.3646164917843629	0.31178574854132735	0.25	0.2934008836746216	7.7218217849731445	0.051495480519376205
cov10_n5_g0_s42_hotspots_p80_chr1	5	10	5836	539	1566	0	0.15057880099817553	0.10228521558369719	0.1111111111111111	0.17470824718475342	3.7142484188079834	0.07065321715161042
cov10_n5_g0_s42_hotspots_p80_chr1	5	10	5837	739	1575	0	0.3876441532104509	0.3205042154224026	0.0	0.22551771998405457	14.773219108581543	0.04710134918764395
cov10_n5_g0_s42_hotspots_p80_chr1	5	10	5838	715	1935	0	0.47674073365697683	0.4312368285478542	0.25	0.3602433204650879	8.756746292114258	0.046111326697672414
cov10_n5_g0_s42_hotspots_p80_chr1	5	10	5839	558	1444	0	0.5489880860395416	0.5069635308029016	0.25	0.3622668981552124	11.482556343078613	0.04215772002807721
cov10_n5_g0_s42_hotspots_p80_chr1	5	10	5840	700	1918	0	0.6395144989124557	0.6106154866263062	0.42857142857142855	0.5182148814201355	7.614668369293213	0.03937631135363739
cov10_n5_g0_s42_hotspots_p80_chr1	5	10	5841	493	1007	0	0.46422634161435156	0.4263041428188596	0.42857142857142855	0.43835875391960144	5.607511043548584	0.05037220631564465
cov10_n5_g0_s42_hotspots_p80_chr1	5	10	5842	579	1878	0	0.5167525571213627	0.4928047699078677	0.25	0.6623672246932983	3.0432488918304443	0.05740745613949618
cov10_n5_g0_s42_hotspots_p80_chr1	5	10	5843	727	2160	0	0.7076474009098443	0.6844388547708268	0.42857142857142855	0.4506646692752838	12.328119277954102	0.0355051936948935
cov10_n5_g0_s42_hotspots_p80_chr1	5	10	5844	817	2068	0	0.5345920317544622	0.49325449067909277	0.42857142857142855	0.3862797021865845	9.576597213745117	0.04328818487290819
cov10_n5_g0_s42_hotspots_p80_chr1	5	10	5845	196	537	1	0.48762755957393666	0.43526503888107027	0.25	0.2882593274116516	14.308029174804688	0.04395837577581305
cov10_n5_g0_s42_hotspots_p80_chr1	5	10	5846	620	1682	0	0.4941074489513598	0.4462856782751252	0.25	0.3320050537586212	11.074482917785645	0.044369986552478376
cov10_n5_g0_s42_hotspots_p80_chr1	5	10	5847	577	1048	0	0.33631753892369654	0.2512874119894361	0.25	0.1662987321615219	20.44989776611328	0.047746793788357875
cov10_n5_g0_s42_hotspots_p80_chr1	5	10	5848	618	1397	0	0.5179656824353424	0.4744930443478469	0.25	0.36864399909973145	9.870919227600098	0.04385346076057259
cov10_n5_g0_s42_hotspots_p80_chr1	5	10	5849	624	1958	0	0.3883309270880205	0.3090081903548164	0.25	0.17033323645591736	25.98813819885254	0.04614458259513801
cov10_n5_g0_s42_hotspots_p80_chr1	5	10	5850	605	1302	0	0.4636375995896215	0.41105645631593385	0.25	0.30047279596328735	11.904659271240234	0.045250911443929266
cov10_n5_g0_s42_hotspots_p80_chr1	5	10	5851	937	1731	0	0.48366396989897575	0.4294866596249909	0.25	0.27159786224365234	15.856405258178711	0.043935585019450135
cov10_n5_g0_s42_hotspots_p80_chr1	5	10	5852	568	1279	0	0.3582351355806841	0.2995206282587671	0.1111111111111111	0.26074084639549255	9.438179969787598	0.05020660994172311
cov10_n5_g0_s42_hotspots_p80_chr1	5	10	5853	435	961	0	0.42414758007935066	0.38308440071360056	0.25	0.3977140188217163	5.686723709106445	0.052053162381340945
cov10_n5_g0_s42_hotspots_p80_chr1	5	10	5854	877	1750	0	0.4049814304179676	0.3476880124348841	0.1111111111111111	0.2753925919532776	10.812737464904785	0.04773971972215906
cov10_n5_g0_s42_hotspots_p80_chr1	5	10	5855	697	2194	0	0.3386836820266655	0.2870320281283763	0.25	0.2907024621963501	6.786739826202393	0.053743044022241615
cov10_n5_g0_s42_hotspots_p80_chr1	5	10	5856	929	2302	0	0.4097075976113551	0.34979496431827906	0.25	0.2604934573173523	12.368709564208984	0.04699092939539062
cov10_n5_g0_s42_hotspots_p80_chr1	5	10	5857	672	1840	0	0.08896476493970702	0.01919472792393417	0.1111111111111111	0.07815106958150864	6.4794206619262695	0.0635486380597969
cov10_n5_g0_s42_hotspots_p80_chr1	5	10	5858	812	1915	0	0.44701753458329974	0.40337424131657934	0.25	0.3780023753643036	6.99246072769165	0.04896557628151876
cov10_n5_g0_s42_hotspots_p80_chr1	5	10	5859	940	2090	0	0.5060624417743828	0.4591793223808911	0.25	0.3353343605995178	11.387334823608398	0.04382965823853889
cov10_n5_g0_s42_hotspots_p80_chr1	5	10	5860	91	377	1	0.37306736044494493	0.29727733471974965	0.1111111111111111	0.19186663627624512	18.90364646911621	0.04692456561875424
cov10_n5_g0_s42_hotspots_p80_chr1	5	10	5862	724	1879	0	0.42240893663906737	0.374434445299845	0.1111111111111111	0.3387851119041443	7.772980213165283	0.04913460239565193
cov10_n5_g0_s42_hotspots_p80_chr1	5	10	5863	639	1361	0	0.5780972069601549	0.5455808204595501	0.25	0.49756091833114624	6.7496185302734375	0.04317582573038729
cov10_n5_g0_s42_hotspots_p80_chr1	5	10	5864	992	1924	0	0.523424627476774	0.48215038437318336	0.25	0.39325830340385437	8.857730865478516	0.04410107743582599
cov10_n5_g0_s42_hotspots_p80_chr1	5	10	5865	884	1799	0	0.5944594167482292	0.5610055707828205	0.42857142857142855	0.4681049883365631	8.063579559326172	0.04134797513906957
cov10_n5_g0_s42_hotspots_p80_chr1	5	10	5866	1242	1875	0	0.4432199420191529	0.3843569537511307	0.1111111111111111	0.25989803671836853	14.541282653808594	0.045388671484022196
cov10_n5_g0_s42_hotspots_p80_chr1	5	10	5867	722	1500	0	0.37619064358192	0.3183777361229316	0.25	0.26915913820266724	9.767149925231934	0.04933563270631603
cov10_n5_g0_s42_hotspots_p80_chr1	5	10	5868	501	1069	0	0.5988705656742387	0.5643804017360553	0.42857142857142855	0.4411686658859253	9.213543891906738	0.040630719699654316
cov10_n5_g0_s42_hotspots_p80_chr1	5	10	5869	1014	1931	0	0.43019953005933464	0.3722714750419757	0.25	0.27002525329589844	12.691154479980469	0.04620402361831297
cov10_n5_g0_s42_hotspots_p80_chr1	5	10	5870	965	1542	0	0.4566745422919957	0.40942766784663637	0.25	0.3463857173919678	8.690876960754395	0.04697191814406547
cov10_n5_g0_s42_hotspots_p80_chr1	5	10	5871	457	892	0	0.715377192945149	0.6966423597774067	0.42857142857142855	0.7238470315933228	4.883673667907715	0.037951465291914205
cov10_n5_g0_s42_hotspots_p80_chr1	5	10	5872	559	1378	0	0.7878084594784828	0.7722217156622387	0.42857142857142855	0.702132523059845	6.29467248916626	0.031227291174835345
cov10_n5_g0_s42_hotspots_p80_chr1	5	10	5873	428	1471	0	0.6953903582082881	0.6703641538860947	0.42857142857142855	0.45768457651138306	11.542364120483398	0.035979774005491495
cov10_n5_g0_s42_hotspots_p80_chr1	5	10	5874	878	1809	0	0.5433634413707736	0.5050465243438499	0.42857142857142855	0.4234461784362793	8.232930183410645	0.04360117173329619
cov10_n5_g0_s42_hotspots_p80_chr1	5	10	5875	393	976	0	0.20976904553435072	0.14483863476571945	0.1111111111111111	0.17204710841178894	7.432896614074707	0.057632262459650294
cov10_n5_g0_s42_hotspots_p80_chr1	5	10	5876	1033	1932	0	0.6672905249652945	0.6405599829289417	0.42857142857142855	0.5335357189178467	7.821190357208252	0.03782252462353537
cov10_n5_g0_s42_hotspots_p80_chr1	5	10	5877	550	1541	0	0.8054115798444693	0.7935030761245292	0.6666666666666666	0.8640742897987366	4.344137191772461	0.03251261018596019
cov10_n5_g0_s42_hotspots_p80_chr1	5	10	5878	916	2175	0	0.6461738531208814	0.6175549819726339	0.42857142857142855	0.5153736472129822	7.860032558441162	0.038903159466323924
cov10_n5_g0_s42_hotspots_p80_chr1	5	10	5879	1104	2765	0	0.7951228888470852	0.7798512770037151	0.42857142857142855	0.5861104726791382	9.201945304870605	0.03046073458690785
cov10_n5_g0_s42_hotspots_p80_chr1	5	10	5880	1015	1845	0	0.4170643874579859	0.35895900394293273	0.25	0.2705197334289551	11.884428977966309	0.046895604845966464
cov10_n5_g0_s42_hotspots_p80_chr1	5	10	5881	952	1982	0	0.6395112322662526	0.6158309059607544	0.25	0.64832603931427	4.86496114730835	0.04275234821882026
cov10_n5_g0_s42_hotspots_p80_chr1	5	10	5882	1045	2361	0	0.6917840390393081	0.6709954804446817	0.42857142857142855	0.6841797828674316	5.111762523651123	0.03904410159169339
cov10_n5_g0_s42_hotspots_p80_chr1	5	10	5883	751	1908	0	0.7645736668179536	0.7473283333589914	0.42857142857142855	0.6875949501991272	6.182204246520996	0.03292351802908017
cov10_n5_g0_s42_hotspots_p80_chr1	5	10	5884	1033	2049	0	0.5655966657325798	0.545319779471386	0.42857142857142855	0.7519105672836304	2.8291194438934326	0.056203046990603835
cov10_n5_g0_s42_hotspots_p80_chr1	5	10	5885	634	1660	0	0.8210858050351764	0.8086097676563502	0.42857142857142855	0.7832985520362854	5.49404764175415	0.029303529470198143
cov10_n5_g0_s42_hotspots_p80_chr1	5	10	5886	872	2831	0	0.6476400441120359	0.6172023008685412	0.25	0.3991945683956146	13.16037368774414	0.03812936303299221
cov10_n5_g0_s42_hotspots_p80_chr1	5	10	5887	839	2515	0	0.7324035008723487	0.7158404454583684	0.6666666666666666	0.7809926271438599	4.397207736968994	0.03791767446070152
cov10_n5_g0_s42_hotspots_p80_chr1	5	10	5888	648	1805	0	0.6659222175321385	0.6377395739931033	0.42857142857142855	0.4763645827770233	9.770978927612305	0.03738282508460172
cov10_n5_g0_s42_hotspots_p80_chr1	5	10	5889	693	1714	0	0.5734948067403887	0.5520730952123647	0.42857142857142855	0.7232049107551575	3.1441712379455566	0.05347509656745042
cov10_n5_g0_s42_hotspots_p80_chr1	5	10	5890	983	1957	0	0.6935626339382659	0.6683356740875405	0.42857142857142855	0.5098889470100403	9.251030921936035	0.03607985382882362
cov10_n5_g0_s42_hotspots_p80_chr1	5	10	5891	781	1974	0	0.6689082540635954	0.6417715134517672	0.42857142857142855	0.514606237411499	8.447982788085938	0.03750482507908674
cov10_n5_g0_s42_hotspots_p80_chr1	5	10	5892	690	1571	0	0.5145022468337946	0.46536651193013573	0.1111111111111111	0.29509809613227844	15.198884010314941	0.04297601999921632
cov10_n5_g0_s42_hotspots_p80_chr1	5	10	5893	309	1106	0	0.5379512186886379	0.50429935429529	0.42857142857142855	0.4932214617729187	5.948012351989746	0.04621076987273961
cov10_n5_g0_s42_hotspots_p80_chr1	5	10	5894	333	623	0	0.5503875922126552	0.517215214322101	0.42857142857142855	0.4977222681045532	6.114108562469482	0.04534137513144456
cov10_n5_g0_s42_hotspots_p80_chr1	5	10	5895	4	28	1	0.31622777142784575	0.28941438070815295	0.1111111111111111	0.5	2.0	0.07905694150420949
cov10_n5_g0_s42_hotspots_p80_chr1	5	10	5896	405	1101	0	0.6743103637187586	0.6490364596912638	0.42857142857142855	0.5679612159729004	7.0477800369262695	0.03786557929168194
cov10_n5_g0_s42_hotspots_p80_chr1	5	10	5897	754	1564	0	0.6862751916762376	0.6600854080686446	0.42857142857142855	0.47567883133888245	10.40732192993164	0.036368713745993646
cov10_n5_g0_s42_hotspots_p80_chr1	5	10	5898	959	2228	0	0.7952790894564548	0.7813178238211268	0.6666666666666666	0.5362117290496826	10.998578071594238	0.030910385986723677
cov10_n5_g0_s42_hotspots_p80_chr1	5	10	5899	477	1811	0	0.6526475094752578	0.6240689229224861	0.42857142857142855	0.5039281845092773	8.386682510375977	0.03835124034936438
cov10_n5_g0_s42_hotspots_p80_chr1	5	10	5900	1285	3201	0	0.845083174130024	0.833750580933207	0.6666666666666666	0.7289736270904541	6.719628810882568	0.026746093893070744
cov10_n5_g0_s42_hotspots_p80_chr1	5	10	5901	971	2362	0	0.5645068622348723	0.5296627379394189	0.42857142857142855	0.4653821885585785	7.356800079345703	0.04326889592969238
cov10_n5_g0_s42_hotspots_p80_chr1	5	10	5902	777	2070	0	0.5565611150435155	0.5205172276772229	0.25	0.45051708817481995	7.630854606628418	0.04342235446791041
cov10_n5_g0_s42_hotspots_p80_chr1	5	10	5903	610	1743	0	0.6495288085026035	0.6191854880907345	0.25	0.41218459606170654	12.416048049926758	0.038024183528792964
cov10_n5_g0_s42_hotspots_p80_chr1	5	10	5904	457	1513	0	0.7992449941941604	0.7847341554993738	0.6666666666666666	0.7286162376403809	6.016336441040039	0.03057114406231099
cov10_n5_g0_s42_hotspots_p80_chr1	5	10	5905	746	2055	0	0.805730907321402	0.7915602126317844	0.6666666666666666	0.7229266166687012	6.211002349853516	0.02996538930510878
cov10_n5_g0_s42_hotspots_p80_chr1	5	10	5906	1082	2776	0	0.5141158602700787	0.48727782574123535	0.25	0.6055830121040344	3.6036665439605713	0.054228904853257424
cov10_n5_g0_s42_hotspots_p80_chr1	5	10	5907	1006	2128	0	0.3790804404413352	0.3266378961092336	0.25	0.29977166652679443	7.995611667633057	0.05064088562304564
cov10_n5_g0_s42_hotspots_p80_chr1	5	10	5908	822	1969	0	0.6210226443436175	0.5902220066943087	0.25	0.4958253502845764	7.843817710876465	0.0401806564117715
cov10_n5_g0_s42_hotspots_p80_chr1	5	10	5909	1101	2437	0	0.5383593692405456	0.5004225547402024	0.25	0.43116268515586853	7.795289039611816	0.04413297194638951
cov10_n5_g0_s42_hotspots_p80_chr1	5	10	5910	759	1767	0	0.7804706812686637	0.7641550436302835	0.6666666666666666	0.6833518743515015	6.52220344543457	0.03161914998052214
cov10_n5_g0_s42_hotspots_p80_chr1	5	10	5911	877	2459	0	0.6162778868695185	0.5845777154195938	0.42857142857142855	0.4808156192302704	8.214215278625488	0.04022031866995347
cov10_n5_g0_s42_hotspots_p80_chr1	5	10	5912	844	1938	0	0.7063012816290702	0.6823591211016893	0.6666666666666666	0.47703489661216736	10.960987091064453	0.035429277954566823
cov10_n5_g0_s42_hotspots_p80_chr1	5	10	5913	950	1682	0	0.7100713339024025	0.6875739921086441	0.42857142857142855	0.5919579267501831	7.194361686706543	0.03574467825545013
cov10_n5_g0_s42_hotspots_p80_chr1	5	10	5914	933	1887	0	0.561096675589852	0.5187984732579194	0.42857142857142855	0.3141229748725891	15.953132629394531	0.04138756200374582
cov10_n5_g0_s42_hotspots_p80_chr1	5	10	5915	523	1151	0	0.39473117598575636	0.3331251207498116	0.1111111111111111	0.2517467439174652	12.292638778686523	0.047519838354433644
cov10_n5_g0_s42_hotspots_p80_chr1	5	10	5916	1123	2398	0	0.44128926044783184	0.3872558672593296	0.25	0.2946472764015198	11.215323448181152	0.04627429230400582
cov10_n5_g0_s42_hotspots_p80_chr1	5	10	5917	724	1630	0	0.6499381244958478	0.6197412793389091	0.25	0.44292187690734863	10.766133308410645	0.038032076246158425
cov10_n5_g0_s42_hotspots_p80_chr1	5	10	5918	726	1527	0	0.5908498565785761	0.5532276683201576	0.42857142857142855	0.37401533126831055	12.478013038635254	0.040394125643019585
cov10_n5_g0_s42_hotspots_p80_chr1	5	10	5919	708	1582	0	0.5108227747127811	0.4685963408525536	0.25	0.3866901397705078	8.725380897521973	0.04471187233456108
cov10_n5_g0_s42_hotspots_p80_chr1	5	10	5920	1105	2316	0	0.7392196088305204	0.7193474350704021	0.6666666666666666	0.6288138628005981	6.909915447235107	0.03413100060096844
cov10_n5_g0_s42_hotspots_p80_chr1	5	10	5921	679	1350	0	0.746618733973145	0.7266177531911209	0.6666666666666666	0.5702905654907227	8.569891929626465	0.0332737428700992
cov10_n5_g0_s42_hotspots_p80_chr1	5	10	5922	951	1889	0	0.713840056430756	0.6940883156394042	0.6666666666666666	0.690025806427002	5.351075649261475	0.037227002492434984
cov10_n5_g0_s42_hotspots_p80_chr1	5	10	5923	1072	1974	0	0.5695482111200005	0.5363979129277727	0.25	0.49095261096954346	6.729021072387695	0.043621810292946164
cov10_n5_g0_s42_hotspots_p80_chr1	5	10	5924	1067	2170	0	0.5626103590204105	0.5269488488295729	0.42857142857142855	0.45320436358451843	7.705438137054443	0.04308374626287347
cov10_n5_g0_s42_hotspots_p80_chr1	5	10	5925	845	2165	0	0.41511516015988215	0.34698340774777514	0.25	0.21356883645057678	18.889976501464844	0.0457589603370392
cov10_n5_g0_s42_hotspots_p80_chr1	5	10	5926	520	1453	0	0.6827328190395564	0.6575585418864305	0.42857142857142855	0.5539308190345764	7.595571517944336	0.03709503437962253
cov10_n5_g0_s42_hotspots_p80_chr1	5	10	5927	791	1779	0	0.6833930665336118	0.6573301514634724	0.42857142857142855	0.5124092698097229	8.893593788146973	0.03665323746586286
cov10_n5_g0_s42_hotspots_p80_chr1	5	10	5928	940	1989	0	0.6410660375407116	0.6122373073575779	0.42857142857142855	0.5177817940711975	7.664468288421631	0.03926822647799524
cov10_n5_g0_s42_hotspots_p80_chr1	5	10	5929	409	930	0	0.6752474150241555	0.6478961184960672	0.42857142857142855	0.4711715579032898	10.269227027893066	0.036896764721934275
cov10_n5_g0_s42_hotspots_p80_chr1	5	10	5930	846	1653	0	0.4738565512975889	0.4161985196827289	0.1111111111111111	0.24029265344142914	19.443876266479492	0.044061465179335145
cov10_n5_g0_s42_hotspots_p80_chr1	5	10	5931	654	1857	0	0.49991114089730626	0.45181396339573243	0.25	0.32566988468170166	11.781494140625	0.04396176161020908
cov10_n5_g0_s42_hotspots_p80_chr1	5	10	5932	735	1450	0	0.6507748119292727	0.6205570672247575	0.42857142857142855	0.4296731948852539	11.469776153564453	0.03796649489474959
cov10_n5_g0_s42_hotspots_p80_chr1	5	10	5933	1099	2079	0	0.6428691981331315	0.6118269133828318	0.42857142857142855	0.4333600401878357	11.00316333770752	0.03833062443148071
cov10_n5_g0_s42_hotspots_p80_chr1	5	10	5934	1115	1983	0	0.6118378512731233	0.5792815910227931	0.42857142857142855	0.4668430984020233	8.588173866271973	0.040265051893366786
cov10_n5_g0_s42_hotspots_p80_chr1	5	10	5935	1113	1681	0	0.6272531190263075	0.5941494759426161	0.25	0.39627400040626526	12.527502059936523	0.03894142534370842
cov10_n5_g0_s42_hotspots_p80_chr1	5	10	5936	1013	2051	0	0.6397570524501432	0.6083246244970376	0.42857142857142855	0.39227187633514404	13.29920768737793	0.038451867049986446
cov10_n5_g0_s42_hotspots_p80_chr1	5	10	5937	1391	2425	0	0.5820498343833604	0.5442229934126013	0.42857142857142855	0.39316248893737793	10.958375930786133	0.040925145200061915
cov10_n5_g0_s42_hotspots_p80_chr1	5	10	5938	879	1899	0	0.4780574930307663	0.4371314368072785	0.42857142857142855	0.40637099742889404	6.919661521911621	0.04769268107606554
cov10_n5_g0_s42_hotspots_p80_chr1	5	10	5940	4	23	1	0.31622777142784575	0.28941438070815295	0.1111111111111111	0.5	2.0	0.07905694150420949
cov10_n5_g0_s42_hotspots_p80_chr1	5	10	5941	291	761	0	0.3353749558196072	0.2794485381077914	0.42857142857142855	0.26709794998168945	7.882974147796631	0.052442405019796495
cov10_n5_g0_s42_hotspots_p80_chr1	5	10	5942	905	1895	0	0.764503493660868	0.7462901346502131	0.6666666666666666	0.5568607449531555	9.4240083694458	0.03228150545228588
cov10_n5_g0_s42_hotspots_p80_chr1	5	10	5943	738	1618	0	0.7085676745736688	0.6847437694476298	0.42857142857142855	0.5041802525520325	9.875542640686035	0.03528245788892583
cov10_n5_g0_s42_hotspots_p80_chr1	5	10	5944	1008	1601	0	0.5967462723685225	0.5601189697230106	0.25	0.3888198733329773	11.777483940124512	0.04021502002384879
cov10_n5_g0_s42_hotspots_p80_chr1	5	10	5945	1058	1633	0	0.44335676789797623	0.38155094743699447	0.1111111111111111	0.23797912895679474	17.353973388671875	0.04505996517882541
cov10_n5_g0_s42_hotspots_p80_chr1	5	10	5946	1000	2080	0	0.5931594533908057	0.5571180434320652	0.25	0.4146294593811035	10.232754707336426	0.04060073968048777
cov10_n5_g0_s42_hotspots_p80_chr1	5	10	5947	1091	1822	0	0.578173591496629	0.5416549358432066	0.25	0.4258993864059448	9.214515686035156	0.04155789083256172
cov10_n5_g0_s42_hotspots_p80_chr1	5	10	5948	763	2198	0	0.6586914359424574	0.6293910181174818	0.42857142857142855	0.43293318152427673	11.574233055114746	0.03762072730891067
cov10_n5_g0_s42_hotspots_p80_chr1	5	10	5949	800	2370	0	0.709945483860887	0.6898022841990352	0.42857142857142855	0.6819950342178345	5.418231964111328	0.03737713977818068
cov10_n5_g0_s42_hotspots_p80_chr1	5	10	5950	874	1840	0	0.6497081212659004	0.6193569325714853	0.42857142857142855	0.4263436794281006	11.611464500427246	0.038010577466723774
cov10_n5_g0_s42_hotspots_p80_chr1	5	10	5951	586	1980	0	0.6751818200581118	0.6481903049385561	0.42857142857142855	0.4987068772315979	9.164752960205078	0.0370187350777869
cov10_n5_g0_s42_hotspots_p80_chr1	5	10	5952	500	1540	0	0.6570197263074198	0.6314166649977618	0.42857142857142855	0.5834665894508362	6.340081214904785	0.03942398345924414
cov10_n5_g0_s42_hotspots_p80_chr1	5	10	5953	589	1221	0	0.5385392148595411	0.49978537099618386	0.42857142857142855	0.41967707872390747	8.23330307006836	0.043815963500832895
cov10_n5_g0_s42_hotspots_p80_chr1	5	10	5954	946	1470	0	0.781642217387287	0.7651570940547298	0.6666666666666666	0.5678242444992065	9.474540710449219	0.03130820907624378
cov10_n5_g0_s42_hotspots_p80_chr1	5	10	5955	711	1619	0	0.7142189011808014	0.6910415974755483	0.25	0.528305172920227	9.138248443603516	0.03501929747949314
cov10_n5_g0_s42_hotspots_p80_chr1	5	10	5956	524	1267	0	0.7027888206296051	0.6808010356163358	0.42857142857142855	0.628520131111145	6.251458168029785	0.03683656607476577
cov10_n5_g0_s42_hotspots_p80_chr1	5	10	5957	1202	2365	0	0.6614129930180618	0.6329182997875782	0.42857142857142855	0.4810529947280884	9.452128410339355	0.037645564364555885
cov10_n5_g0_s42_hotspots_p80_chr1	5	10	5958	1398	2358	0	0.4005525003323099	0.3534325140699311	0.25	0.3408721089363098	6.904083251953125	0.05105058542984054
cov10_n5_g0_s42_hotspots_p80_chr1	5	10	5959	763	2167	0	0.486328459332523	0.4545539608437147	0.42857142857142855	0.5206977128982544	4.361721992492676	0.05255808208705037
cov10_n5_g0_s42_hotspots_p80_chr1	5	10	5960	654	1627	0	0.6205748348774741	0.5899282840279331	0.42857142857142855	0.49999919533729553	7.7022881507873535	0.04028521237124236
cov10_n5_g0_s42_hotspots_p80_chr1	5	10	5961	245	1618	0	0.736703334293689	0.7182777615517155	0.6666666666666666	0.7017273902893066	5.510847568511963	0.03549107764314716
cov10_n5_g0_s42_hotspots_p80_chr1	5	10	5962	605	2183	0	0.7106446976480391	0.6915825673916501	0.6666666666666666	0.7185178995132446	4.891024112701416	0.03825065146292587
cov10_n5_g0_s42_hotspots_p80_chr1	5	10	5963	1090	2399	0	0.6260310440239008	0.5956802028922792	0.42857142857142855	0.5001096725463867	7.834861755371094	0.039936014367795
cov10_n5_g0_s42_hotspots_p80_chr1	5	10	5964	989	2177	0	0.630037590880146	0.5991690915418497	0.42857142857142855	0.4805305600166321	8.595296859741211	0.0393907472234272
cov10_n5_g0_s42_hotspots_p80_chr1	5	10	5965	1054	2654	0	0.7092984207932742	0.6875859951858304	0.6666666666666666	0.6260865926742554	6.417399883270264	0.03629595309750331
cov10_n5_g0_s42_hotspots_p80_chr1	5	10	5966	557	1668	0	0.5106693845739549	0.47361434974082384	0.25	0.449860155582428	6.443095684051514	0.046805560447313065
cov10_n5_g0_s42_hotspots_p80_chr1	5	10	5967	455	1482	0	0.5669541582437265	0.534588732046549	0.25	0.5053811073303223	6.292566776275635	0.04426697567478533
cov10_n5_g0_s42_hotspots_p80_chr1	5	10	5968	474	1707	0	0.6702600282727709	0.648807754177358	0.42857142857142855	0.6854575872421265	4.7807440757751465	0.04107758560471779
cov10_n5_g0_s42_hotspots_p80_chr1	5	10	5969	670	1535	0	0.44100871801286606	0.3754893969826637	0.1111111111111111	0.1861821860074997	28.053569793701172	0.044885022195538034
cov10_n5_g0_s42_hotspots_p80_chr1	5	10	5970	772	2162	0	0.6198350939638786	0.5858024658332672	0.25	0.3778438866138458	13.455427169799805	0.039239950735182806
cov10_n5_g0_s42_hotspots_p80_chr1	5	10	5971	574	2137	0	0.6751764139452552	0.6492073877930883	0.42857142857142855	0.5425093770027161	7.744441032409668	0.037436803222786905
cov10_n5_g0_s42_hotspots_p80_chr1	5	10	5972	665	1846	0	0.6062594686846705	0.5740826098786936	0.42857142857142855	0.48223111033439636	7.902720928192139	0.04087270693938945
cov10_n5_g0_s42_hotspots_p80_chr1	5	10	5973	945	1666	0	0.5695056037952508	0.533109819524028	0.42857142857142855	0.43630197644233704	8.519060134887695	0.04225858547409597
cov10_n5_g0_s42_hotspots_p80_chr1	5	10	5974	790	1945	0	0.6156334175962361	0.5855846312831223	0.42857142857142855	0.5187416672706604	7.042261600494385	0.041003533837474945
cov10_n5_g0_s42_hotspots_p80_chr1	5	10	5975	773	1753	0	0.657502200472314	0.6302931917552224	0.42857142857142855	0.5372534990310669	7.4886908531188965	0.03850864882863104
cov10_n5_g0_s42_hotspots_p80_chr1	5	10	5976	821	2146	0	0.6546659023110835	0.6250388002566759	0.25	0.4504089951515198	10.563194274902344	0.0378326468172385
cov10_n5_g0_s42_hotspots_p80_chr1	5	10	5977	725	1745	0	0.6147883954991384	0.5827938823927058	0.42857142857142855	0.47591733932495117	8.343692779541016	0.04023121747384619
cov10_n5_g0_s42_hotspots_p80_chr1	5	10	5978	973	2161	0	0.5779032192726044	0.539173494576946	0.42857142857142855	0.37986788153648376	11.57217788696289	0.04099801823623769
cov10_n5_g0_s42_hotspots_p80_chr1	5	10	5979	1054	2394	0	0.5722928835342728	0.5327640086883016	0.25	0.37273210287094116	11.787263870239258	0.04119230561937813
cov10_n5_g0_s42_hotspots_p80_chr1	5	10	5980	964	2093	0	0.5812769530648574	0.5422161198707428	0.25	0.35819298028945923	13.167463302612305	0.04072278045309515
cov10_n5_g0_s42_hotspots_p80_chr1	5	10	5981	715	1983	0	0.46873707561079864	0.4095152447319565	0.0	0.2216884046792984	22.353349685668945	0.044167388895160836
cov10_n5_g0_s42_hotspots_p80_chr1	5	10	5982	724	1366	0	0.5564663546005113	0.5179513110564556	0.25	0.41197699308395386	9.122249603271484	0.042548691548361287
cov10_n5_g0_s42_hotspots_p80_chr1	5	10	5983	954	1904	0	0.44970492660771677	0.3935246804489658	0.25	0.2769697308540344	13.181376457214355	0.04542531217323433
cov10_n5_g0_s42_hotspots_p80_chr1	5	10	5984	595	1347	0	0.5228896709286032	0.47642395109190855	0.25	0.32502326369285583	12.940803527832031	0.04290478571187256
cov10_n5_g0_s42_hotspots_p80_chr1	5	10	5985	301	1195	0	0.025347805520565734	-0.02893792646477274	0.0	0.030040720477700233	3.5598361492156982	0.07655843533081014
cov10_n5_g0_s42_hotspots_p80_chr1	5	10	5986	190	1012	1	0.2996864058815468	0.24748747424440667	0.25	0.26948297023773193	6.183600902557373	0.056338807362401884
cov10_n5_g0_s42_hotspots_p80_chr1	5	10	5987	1140	1929	0	0.440772205422084	0.3824709716830383	0.0	0.2648007869720459	13.853511810302734	0.045588313355916066
cov10_n5_g0_s42_hotspots_p80_chr1	5	10	5988	716	1636	0	0.6028097198933297	0.5696202430000136	0.42857142857142855	0.4644594192504883	8.422383308410645	0.040765715411450874
cov10_n5_g0_s42_hotspots_p80_chr1	5	10	5989	610	1723	0	0.5528700070701887	0.5171520937040743	0.42857142857142855	0.457345187664032	7.3068108558654785	0.04386350058137816
cov10_n5_g0_s42_hotspots_p80_chr1	5	10	5990	702	1443	0	0.4722973779874666	0.4173287230266078	0.25	0.27475616335868835	14.774274826049805	0.044410409007175855
cov10_n5_g0_s42_hotspots_p80_chr1	5	10	5991	676	1396	0	0.5847552850990626	0.5480739464841069	0.42857142857142855	0.41418540477752686	9.966180801391602	0.04102821920425328
cov10_n5_g0_s42_hotspots_p80_chr1	5	10	5992	1091	1974	0	0.6619375929855841	0.6332529141696195	0.42857142857142855	0.4676911234855652	10.015803337097168	0.03754426707824147
cov10_n5_g0_s42_hotspots_p80_chr1	5	10	5993	650	1716	0	0.6383325124104008	0.6067924966262699	0.42857142857142855	0.3867397904396057	13.621541023254395	0.03852226896489215
cov10_n5_g0_s42_hotspots_p80_chr1	5	10	5994	1160	2091	0	0.4856880388514514	0.44224163990757714	0.25	0.3793860077857971	8.19449520111084	0.04613549975401067
cov10_n5_g0_s42_hotspots_p80_chr1	5	10	5995	705	1859	0	0.6038497691705156	0.5734902775037236	0.42857142857142855	0.5220432877540588	6.689826965332031	0.04193199824137985
cov10_n5_g0_s42_hotspots_p80_chr1	5	10	5996	365	897	0	0.6281881232056158	0.5960647265542567	0.42857142857142855	0.4466265141963959	9.891463279724121	0.03912267312362589
cov10_n5_g0_s42_hotspots_p80_chr1	5	10	5997	963	1786	0	0.6273976203572859	0.5957830423845384	0.42857142857142855	0.46456804871559143	9.119205474853516	0.03934327321050474
cov10_n5_g0_s42_hotspots_p80_chr1	5	10	5998	770	1701	0	0.689514016150557	0.6642346901567078	0.42857142857142855	0.5283925533294678	8.514177322387695	0.03641670590937055
cov10_n5_g0_s42_hotspots_p80_chr1	5	10	5999	910	1699	0	0.5544241691747565	0.5177242907812251	0.25	0.4415333569049835	7.88364839553833	0.04333466828829304
cov10_n5_g0_s42_hotspots_p80_chr1	5	10	6000	627	1806	0	0.5740826381945183	0.5362764377939376	0.42857142857142855	0.40630480647087097	9.981940269470215	0.04148177488849604
cov10_n5_g0_s42_hotspots_p80_chr1	5	10	6001	981	1767	0	0.8134802659532503	0.7998244861783522	0.6666666666666666	0.722965657711029	6.330365180969238	0.02932203092897205
cov10_n5_g0_s42_hotspots_p80_chr1	5	10	6002	724	1540	0	0.6091617600068658	0.5766932970122015	0.42857142857142855	0.47245168685913086	8.312286376953125	0.0405159187952889
cov10_n5_g0_s42_hotspots_p80_chr1	5	10	6003	827	1530	0	0.5782904142899097	0.5388755849962769	0.42857142857142855	0.35775911808013916	13.064128875732422	0.04084143304673654
cov10_n5_g0_s42_hotspots_p80_chr1	5	10	6004	179	1157	1	0.6881721693544309	0.662206286432307	0.25	0.4832982122898102	10.137569427490234	0.036284241628080555
cov10_n5_g0_s42_hotspots_p80_chr1	5	10	6005	271	1213	0	0.5539734559735481	0.5191282947095013	0.42857142857142855	0.47033026814460754	6.936527252197266	0.04416336905804544
cov10_n5_g0_s42_hotspots_p80_chr1	5	10	6006	1024	2180	0	0.9168764275246974	0.9112428284775155	0.6666666666666666	0.9014109373092651	5.173040866851807	0.02023163244818417
cov10_n5_g0_s42_hotspots_p80_chr1	5	10	6007	998	2422	0	0.7138483018789137	0.6906870499459952	0.42857142857142855	0.5345685482025146	8.916101455688477	0.035058739522408934
cov10_n5_g0_s42_hotspots_p80_chr1	5	10	6008	732	1544	0	0.3001592514601127	0.24343231384395922	0.42857142857142855	0.24865294992923737	7.285951137542725	0.054519407206201236
cov10_n5_g0_s42_hotspots_p80_chr1	5	10	6009	813	1816	0	0.714115754001398	0.6908999977617999	0.42857142857142855	0.5235493183135986	9.302334785461426	0.03501431195035295
cov10_n5_g0_s42_hotspots_p80_chr1	5	10	6010	948	1781	0	0.78611173440359	0.7718747225563997	0.42857142857142855	0.7872561812400818	4.985473155975342	0.032726187771445724
cov10_n5_g0_s42_hotspots_p80_chr1	5	10	6011	610	1673	0	0.6688621378740113	0.6407380959120648	0.25	0.45261311531066895	10.919151306152344	0.037171385410837435
cov10_n5_g0_s42_hotspots_p80_chr1	5	10	6012	739	1817	0	0.3179907357408451	0.2699119811603	0.42857142857142855	0.3016315698623657	5.557063102722168	0.056931817305018784
cov10_n5_g0_s42_hotspots_p80_chr1	5	10	6013	531	1106	0	0.3622464724220844	0.28895690035085164	0.25	0.20168399810791016	16.130041122436523	0.04760810418870222
cov10_n5_g0_s42_hotspots_p80_chr1	5	10	6014	778	1602	0	0.360701050419662	0.28199202213320335	0.1111111111111111	0.18329933285713196	19.361682891845703	0.04721343508421368
cov10_n5_g0_s42_hotspots_p80_chr1	5	10	6015	820	1784	0	0.48788380406005705	0.43783168319226584	0.25	0.3124731481075287	12.189264297485352	0.04430718873359256
cov10_n5_g0_s42_hotspots_p80_chr1	5	10	6016	374	985	0	0.5920093360092705	0.5571435946811064	0.25	0.44229817390441895	8.957706451416016	0.04103602903324738
cov10_n5_g0_s42_hotspots_p80_chr1	5	10	6017	918	1549	0	0.09255655226796991	0.017127540902606597	0.0	0.07534798979759216	7.544682502746582	0.06148216017585903
cov10_n5_g0_s42_hotspots_p80_chr1	5	10	6018	915	1867	0	0.5478759449593857	0.5049891933794668	0.25	0.3482133150100708	12.37781047821045	0.04205716638456075
cov10_n5_g0_s42_hotspots_p80_chr1	5	10	6019	963	1685	0	0.6688796137279461	0.6407607152298274	0.6666666666666666	0.45357754826545715	10.873336791992188	0.037171404129549945
cov10_n5_g0_s42_hotspots_p80_chr1	5	10	6020	729	1573	0	0.5585800604607274	0.5159966147534244	0.25	0.3013293147087097	17.181385040283203	0.04148355220786823
cov10_n5_g0_s42_hotspots_p80_chr1	5	10	6021	1087	1763	0	0.54902914953482	0.5064295748510881	0.25	0.35174691677093506	12.18148422241211	0.042040610375576055
cov10_n5_g0_s42_hotspots_p80_chr1	5	10	6022	403	1316	0	0.11479246838634136	-0.01213539874142179	0.0	0.05741040036082268	19.990129470825195	0.053275290408269595
cov10_n5_g0_s42_hotspots_p80_chr1	5	10	6023	961	1701	0	0.48918342095244766	0.43748601688999433	0.25	0.2942063510417938	13.823226928710938	0.04396866465034262
cov10_n5_g0_s42_hotspots_p80_chr1	5	10	6024	679	1019	0	0.3455061976027584	0.24634391660714838	0.0	0.12080591171979904	40.8983039855957	0.046921280418202135
cov10_n5_g0_s42_hotspots_p80_chr1	5	10	6025	774	1246	0	0.46116539952281105	0.42178379353485734	0.25	0.4218735992908478	5.974735736846924	0.04982745024339131
cov10_n5_g0_s42_hotspots_p80_chr1	5	10	6026	730	1547	0	0.502726235299974	0.46039063215619735	0.42857142857142855	0.38789212703704834	8.398682594299316	0.04526442303932716
cov10_n5_g0_s42_hotspots_p80_chr1	5	10	6027	679	1628	0	0.4848034661964534	0.43229315032573506	0.42857142857142855	0.28924691677093506	14.046365737915039	0.0440871335675647
cov10_n5_g0_s42_hotspots_p80_chr1	5	10	6028	850	1703	0	0.5261528359877301	0.4816364559094553	0.42857142857142855	0.34936484694480896	11.340582847595215	0.04307449068749954
cov10_n5_g0_s42_hotspots_p80_chr1	5	10	6029	907	1539	0	0.6882824981705282	0.6627729358454792	0.6666666666666666	0.43519383668899536	12.506561279296875	0.036380023417171385
cov10_n5_g0_s42_hotspots_p80_chr1	5	10	6030	328	1078	0	0.6060970367202144	0.5746975560888947	0.42857142857142855	0.498794823884964	7.3826189041137695	0.04122125594693341
cov10_n5_g0_s42_hotspots_p80_chr1	5	10	6031	244	835	0	0.6602122796543577	0.6311163401161572	0.42857142857142855	0.4267957806587219	11.964566230773926	0.03756025287702343
cov10_n5_g0_s42_hotspots_p80_chr1	5	10	6032	457	1353	0	0.3340378762391493	0.2723593262763483	0.25	0.2408308982849121	9.619157791137695	0.05094443559665513
cov10_n5_g0_s42_hotspots_p80_chr1	5	10	6033	436	1393	0	0.5319289371136472	0.4921861275999564	0.42857142857142855	0.4092908501625061	8.44526195526123	0.0439734639486154
cov10_n5_g0_s42_hotspots_p80_chr1	5	10	6034	875	1721	0	0.5124553236213026	0.48297128291410696	0.25	0.5594992637634277	4.194528102874756	0.051793601631649616
cov10_n5_g0_s42_hotspots_p80_chr1	5	10	6035	1401	2013	0	0.48963948096246346	0.43923742062180404	0.25	0.3077413737773895	12.657594680786133	0.044145698007866586
cov10_n5_g0_s42_hotspots_p80_chr1	5	10	6036	760	1323	0	0.4014884769102031	0.3455613464686057	0.25	0.28310686349868774	10.055770874023438	0.04824451132351563
cov10_n5_g0_s42_hotspots_p80_chr1	5	10	6037	695	1524	0	0.5693323980589111	0.5339647075310053	0.42857142857142855	0.453799843788147	7.869970321655273	0.042653448146954945
cov10_n5_g0_s42_hotspots_p80_chr1	5	10	6038	705	1920	0	0.6652445586625508	0.6389556201500923	0.42857142857142855	0.5518696904182434	7.265401363372803	0.038224791100009196
cov10_n5_g0_s42_hotspots_p80_chr1	5	10	6039	909	2077	0	0.3997110008197603	0.33327895369484994	0.25	0.22749768197536469	15.435054779052734	0.04660854493736514
cov10_n5_g0_s42_hotspots_p80_chr1	5	10	6040	662	1797	0	0.5684319001046472	0.5285691092778472	0.25	0.3730267882347107	11.610390663146973	0.04137013287830159
cov10_n5_g0_s42_hotspots_p80_chr1	5	10	6041	1145	1708	0	0.42998972224246357	0.37278760128332994	0.25	0.2747500240802765	12.24646282196045	0.04633522128980087
cov10_n5_g0_s42_hotspots_p80_chr1	5	10	6042	828	2038	0	0.6319553671477018	0.602028142295314	0.42857142857142855	0.33543306589126587	17.74725341796875	0.03907901100926031
cov10_n5_g0_s42_hotspots_p80_chr1	5	10	6043	852	1678	0	0.3512280937930337	0.3038587996885709	0.25	0.32203471660614014	5.947617530822754	0.0546946829229159
cov10_n5_g0_s42_hotspots_p80_chr1	5	10	6044	545	1141	0	0.40050249076028555	0.3455198723066667	0.1111111111111111	0.28860288858413696	9.628954887390137	0.04852992348243818
cov10_n5_g0_s42_hotspots_p80_chr1	5	10	6045	868	1505	0	0.43098825050908834	0.36939572148086625	0.1111111111111111	0.24632714688777924	15.306516647338867	0.045661910183634295
cov10_n5_g0_s42_hotspots_p80_chr1	5	10	6046	899	1678	0	0.6122134399790579	0.5776641976733127	0.25	0.3460952341556549	15.645319938659668	0.039604100236589335
cov10_n5_g0_s42_hotspots_p80_chr1	5	10	6047	1031	2098	0	0.5571659651556045	0.5147118666747483	0.25	0.3359830975532532	13.750046730041504	0.04158331639091959
cov10_n5_g0_s42_hotspots_p80_chr1	5	10	6048	728	1733	0	0.6661878996465121	0.6406985336758275	0.42857142857142855	0.5745279788970947	6.722660541534424	0.03855831211616052
cov10_n5_g0_s42_hotspots_p80_chr1	5	10	6049	923	1697	0	0.44703748659675135	0.3929374717295156	0.25	0.2931368947029114	11.62831974029541	0.045926871075935814
cov10_n5_g0_s42_hotspots_p80_chr1	5	10	6050	133	172	1	0.539650361847666	0.49655069055199885	0.25	0.3562310039997101	11.474437713623047	0.042523203318513544
cov10_n5_g0_s42_hotspots_p80_chr1	5	10	6051	319	696	0	0.574345137187203	0.5428725717328557	0.25	0.5178082585334778	6.151455879211426	0.0440794492165499
cov10_n5_g0_s42_hotspots_p80_chr1	5	10	6052	821	1285	0	0.46166183758653057	0.4015180737262726	0.25	0.23121348023414612	19.93387222290039	0.04439601398679513
cov10_n5_g0_s42_hotspots_p80_chr1	5	10	6053	495	861	0	0.31359790316100433	0.25882400953433576	0.25	0.26371023058891296	7.070699214935303	0.054307531157542
cov10_n5_g0_s42_hotspots_p80_chr1	5	10	6054	640	1249	0	0.7392538628116179	0.7185353455710083	0.42857142857142855	0.5577313303947449	8.78429889678955	0.03367991755213975
cov10_n5_g0_s42_hotspots_p80_chr1	5	10	6055	770	1655	0	0.5531692516610583	0.5222645610449456	0.25	0.5340563654899597	5.364284515380859	0.046475206251106925
cov10_n5_g0_s42_hotspots_p80_chr1	5	10	6056	856	1952	0	0.8124559547957416	0.7985057014437276	0.6666666666666666	0.6285189986228943	8.354737281799316	0.029215786185860532
cov10_n5_g0_s42_hotspots_p80_chr1	5	10	6057	1118	1647	0	0.5725581110930592	0.5322429875696707	0.1111111111111111	0.34807536005973816	13.52890396118164	0.04103134172646738
cov10_n5_g0_s42_hotspots_p80_chr1	5	10	6058	686	1346	0	0.6950720717737217	0.6698343491186113	0.42857142857142855	0.4890650808811188	10.099417686462402	0.03594954468431085
cov10_n5_g0_s42_hotspots_p80_chr1	5	10	6059	790	1573	0	0.5898922230375602	0.5569029411913269	0.25	0.48114073276519775	7.5157294273376465	0.04192224892586862
cov10_n5_g0_s42_hotspots_p80_chr1	5	10	6060	835	2164	0	0.5954250196479179	0.5674903326855156	0.42857142857142855	0.5757241249084473	5.348047733306885	0.04425698685698313
cov10_n5_g0_s42_hotspots_p80_chr1	5	10	6061	838	1420	0	0.4855657466571349	0.43664642940814513	0.1111111111111111	0.19183188676834106	32.03498458862305	0.04394358879300418
cov10_n5_g0_s42_hotspots_p80_chr1	5	10	6062	775	1276	0	0.37311307661273113	0.32623611752453974	0.1111111111111111	0.3341081142425537	6.235579967498779	0.05323612076733698
cov10_n5_g0_s42_hotspots_p80_chr1	5	10	6063	630	1000	0	0.09874317942197057	0.006491429829026432	0.1111111111111111	0.06642535328865051	11.048837661743164	0.05743878539505218
cov10_n5_g0_s42_hotspots_p80_chr1	5	10	6064	919	1780	0	0.5171569839041551	0.47104203310342185	0.25	0.3361218571662903	11.836445808410645	0.04330647809710461
cov10_n5_g0_s42_hotspots_p80_chr1	5	10	6065	620	1046	0	0.6612629575908316	0.6358931165910623	0.42857142857142855	0.5846974849700928	6.39522647857666	0.03912921260501897
cov10_n5_g0_s42_hotspots_p80_chr1	5	10	6066	441	896	0	0.5326433786525575	0.4902619857481905	0.1111111111111111	0.373311847448349	10.178868293762207	0.04314481596169826
cov10_n5_g0_s42_hotspots_p80_chr1	5	10	6067	691	1383	0	0.22322337414924123	0.14958694704566478	0.1111111111111111	0.15933504700660706	9.813563346862793	0.0545625522374853
cov10_n5_g0_s42_hotspots_p80_chr1	5	10	6068	493	1286	0	0.5359449818139062	0.5042356058149772	0.25	0.5235507488250732	5.239537239074707	0.04762303450078532
cov10_n5_g0_s42_hotspots_p80_chr1	5	10	6069	587	1558	0	0.6278306531444723	0.5951891114636025	0.42857142857142855	0.4274612069129944	10.786028861999512	0.03900769800929665
cov10_n5_g0_s42_hotspots_p80_chr1	5	10	6070	812	2007	0	0.17294639850496266	0.07402340931934788	0.0	0.0997564047574997	15.028353691101074	0.05322573703045396
cov10_n5_g0_s42_hotspots_p80_chr1	5	10	6071	512	1466	0	0.04457926483734501	-0.019157523561316784	0.0	0.044551678001880646	5.0061936378479	0.06909521280172704
cov10_n5_g0_s42_hotspots_p80_chr1	5	10	6072	53	988	1	0.11943588396387368	0.015306357262697677	0.0	0.07041275501251221	14.38589859008789	0.054925791771198954
cov10_n5_g0_s42_hotspots_p80_chr1	5	10	6073	863	1683	0	0.5287095788444776	0.4972449806836995	0.25	0.5279961228370667	5.013521671295166	0.04851058333984418
cov10_n5_g0_s42_hotspots_p80_chr1	5	10	6074	953	1668	0	0.2827220788654416	0.14131963440282097	0.0	0.08729585260152817	52.44477844238281	0.04797777292885349
cov10_n5_g0_s42_hotspots_p80_chr1	5	10	6075	589	1594	0	0.4965830933493509	0.4611072737380445	0.25	0.4708452522754669	5.561570644378662	0.04892177834114209
cov10_n5_g0_s42_hotspots_p80_chr1	5	10	6076	206	566	0	0.16206912009677496	0.05859179975353344	0.1111111111111111	0.09103666245937347	15.846664428710938	0.053231815649164245
cov10_n5_g0_s42_hotspots_p80_chr1	5	10	6077	426	1051	0	0.2234888266704576	0.062362495531911054	0.0	0.07669530808925629	42.456485748291016	0.049101349994235606
cov10_n5_g0_s42_hotspots_p80_chr1	5	10	6078	599	1337	0	0.531594533848669	0.48785763234414325	0.25	0.3552059233188629	11.198777198791504	0.042897127865323945
cov10_n5_g0_s42_hotspots_p80_chr1	5	10	6079	611	1365	0	0.6566226400919855	0.6300846141813599	0.42857142857142855	0.5581123232841492	6.920834064483643	0.03893043922084359
cov10_n5_g0_s42_hotspots_p80_chr1	5	10	6080	90	1047	1	0.5278118137671316	0.49742238806735256	0.25	0.5452525019645691	4.685251712799072	0.04941339740204289
cov10_n5_g0_s42_hotspots_p80_chr1	5	10	6081	718	1638	0	0.18430236306366168	0.1234812860942619	0.1111111111111111	0.1658640056848526	6.173442363739014	0.06079047579463186
cov10_n5_g0_s42_hotspots_p80_chr1	5	10	6082	910	2228	0	0.5528646235342064	0.5194331941544622	0.42857142857142855	0.49289318919181824	6.290742874145508	0.04497311172639167
cov10_n5_g0_s42_hotspots_p80_chr1	5	10	6083	94	212	1	0.25649458718102075	0.05923488777521786	0.0	0.06578945368528366	76.00005340576172	0.0483272833479212
cov10_n5_g0_s42_hotspots_p80_chr1	5	10	6084	533	683	0	0.25649458739806524	0.05923488776265991	0.0	0.06578940153121948	76.00016021728516	0.04832728334799133
cov10_n5_g0_s42_hotspots_p80_chr1	5	10	6085	438	510	0	0.2564919197601121	0.05922550882237798	0.0	0.06575488299131393	76.0783920288086	0.048327319140518715
