1	0	168
1	169	2967
1	2968	2974
1	2975	3014
1	3015	3047
1	3048	3166
1	3167	3177
1	3178	3194
1	3195	3216
1	3217	3233
1	3234	3240
1	3241	3317
1	3318	3347
1	3348	3463
1	3464	3491
1	3492	3514
1	3515	3524
1	3525	3566
1	3567	3587
1	3588	3804
1	3805	3815
1	3816	4589
1	4590	4627
1	4628	4785
1	4786	4813
1	4814	4953
1	4954	4968
1	4969	5047
1	5048	6917
1	6918	6930
1	6931	6960
1	6961	6983
1	6984	7662
1	7663	7669
1	7670	9068
1	9069	9137
1	9138	9202
1	9203	9227
1	9228	9256
1	9257	9313
1	9314	9344
1	9345	9536
1	9537	9584
1	9585	9628
1	9629	9660
1	9661	9687
1	9688	9710
1	9711	9748
1	9749	9921
1	9922	10070
1	10071	10098
1	10099	10137
1	10138	10178
1	10179	10194
1	10195	10210
1	10211	10342
1	10343	10366
1	10367	10448
1	10449	10529
1	10530	10565
1	10566	10628
1	10629	10642
1	10643	10653
1	10654	10714
1	10715	10764
1	10765	10778
1	10779	10787
1	10788	10851
1	10852	10928
1	10929	10938
1	10939	10965
1	10966	11009
1	11010	11026
1	11027	11178
1	11179	11212
1	11213	11228
1	11229	11268
1	11269	12664
1	12665	12690
1	12691	14008
1	14009	14036
1	14037	14186
1	14187	14194
1	14195	14214
1	14215	14233
1	14234	14241
1	14242	14270
1	14271	14279
1	14280	14380
1	14381	14396
1	14397	15371
1	15372	15444
1	15445	15451
1	15452	16094
1	16095	16157
1	16158	16168
1	16169	16301
1	16302	16364
1	16365	17721
1	17722	17760
1	17761	17782
1	17783	17807
1	17808	17852
1	17853	17925
1	17926	17949
1	17950	18061
1	18062	19494
1	19495	19782
1	19783	19825
1	19826	19869
1	19870	19884
1	19885	19907
1	19908	19916
1	19917	19925
1	19926	19943
1	19944	20055
1	20056	20068
1	20069	20330
1	20331	20339
1	20340	20356
1	20357	20449
1	20450	20462
1	20463	20474
1	20475	20522
1	20523	20663
1	20664	23607
1	23608	23729
1	23730	23746
1	23747	23768
1	23769	23787
1	23788	23803
1	23804	23873
1	23874	23961
1	23962	23975
1	23976	24001
1	24002	24010
1	24011	24041
1	24042	24195
1	24196	26478
1	26479	26490
1	26491	26941
1	26942	27078
1	27079	27142
1	27143	30003
1	30004	30039
1	30040	30184
1	30185	30206
1	30207	31337
1	31338	31404
1	31405	31424
1	31425	31457
1	31458	31494
1	31495	31515
1	31516	31531
1	31532	31639
1	31640	31646
1	31647	31656
1	31657	31702
1	31703	31714
1	31715	31722
1	31723	31742
1	31743	32114
1	32115	32122
1	32123	32145
1	32146	32252
1	32253	32272
1	32273	32296
1	32297	32387
1	32388	32420
1	32421	32466
1	32467	32486
1	32487	32500
1	32501	32676
1	32677	35087
1	35088	35100
1	35101	35329
1	35330	35344
1	35345	35502
1	35503	35516
1	35517	37184
1	37185	37228
1	37229	37265
1	37266	37484
1	37485	37506
1	37507	37622
1	37623	37641
1	37642	39049
1	39050	43762
1	43763	43832
1	43833	43934
1	43935	43952
1	43953	43961
1	43962	43987
1	43988	44001
1	44002	44046
1	44047	44121
1	44122	44182
1	44183	44233
1	44234	44380
1	44381	44458
1	44459	44468
1	44469	44827
1	44828	46649
1	46650	46699
1	46700	46707
1	46708	46766
1	46767	46846
1	46847	46965
1	46966	49323
1	49324	49340
1	49341	49359
1	49360	50746
1	50747	50777
1	50778	50786
1	50787	50827
1	50828	52788
1	52789	52856
1	52857	53441
1	53442	53474
1	53475	53594
1	53595	53731
1	53732	53951
1	53952	57427
1	57428	57436
1	57437	57479
1	57480	57489
1	57490	57510
1	57511	57529
1	57530	57537
1	57538	58046
1	58047	58096
1	58097	58205
1	58206	58218
1	58219	58281
1	58282	58367
1	58368	58475
1	58476	58482
1	58483	58507
1	58508	58560
1	58561	60139
1	60140	60154
1	60155	60505
1	60506	61792
1	61793	61803
1	61804	61811
1	61812	62482
1	62483	62530
1	62531	67040
1	67041	67144
1	67145	67313
1	67314	67485
1	67486	67498
1	67499	67509
1	67510	67638
1	67639	69516
1	69517	69581
1	69582	69590
1	69591	69755
1	69756	69783
1	69784	70009
1	70010	70045
1	70046	70121
1	70122	70130
1	70131	70147
1	70148	70234
1	70235	70245
1	70246	70262
1	70263	70293
1	70294	70312
1	70313	70338
1	70339	70353
1	70354	70404
1	70405	74893
1	74894	74935
1	74936	74946
1	74947	74969
1	74970	74982
1	74983	74998
1	74999	75035
1	75036	75101
1	75102	75213
1	75214	75230
1	75231	75240
1	75241	75452
1	75453	75468
1	75469	75482
1	75483	82306
1	82307	82313
1	82314	82367
1	82368	82378
1	82379	82475
1	82476	82485
1	82486	83502
1	83503	83514
1	83515	83546
1	83547	83566
1	83567	83586
1	83587	83600
1	83601	83615
1	83616	83752
1	83753	83855
1	83856	83993
1	83994	84023
1	84024	84092
1	84093	84101
1	84102	84113
1	84114	84127
1	84128	84144
1	84145	84157
1	84158	84267
1	84268	84364
1	84365	84391
1	84392	84415
1	84416	84474
1	84475	84492
1	84493	84558
1	84559	84703
1	84704	84753
1	84754	84763
1	84764	84813
1	84814	84828
1	84829	86998
1	86999	87221
1	87222	87228
1	87229	87350
1	87351	87505
1	87506	87512
1	87513	87541
1	87542	87577
1	87578	87622
1	87623	87882
1	87883	88051
1	88052	88113
1	88114	88162
1	88163	88245
1	88246	88264
1	88265	88281
1	88282	88334
1	88335	88484
1	88485	88555
1	88556	88568
1	88569	88604
1	88605	88835
1	88836	88874
1	88875	89219
1	89220	89244
1	89245	89286
1	89287	89318
1	89319	89436
1	89437	90690
1	90691	90707
1	90708	91462
1	91463	91534
1	91535	91581
1	91582	91593
1	91594	95828
1	95829	95844
1	95845	95851
1	95852	95899
1	95900	95907
1	95908	95916
1	95917	95929
1	95930	95966
1	95967	95983
1	95984	96029
1	96030	96039
1	96040	96052
1	96053	96065
1	96066	96084
1	96085	96102
1	96103	96115
1	96116	96473
1	96474	97906
1	97907	97935
1	97936	97942
1	97943	98179
1	98180	98927
1	98928	98948
1	98949	100103
1	100104	100485
1	100486	100567
1	100568	100574
1	100575	100602
1	100603	100638
1	100639	100650
1	100651	100671
1	100672	100707
1	100708	100725
1	100726	100737
1	100738	100749
1	100750	100823
1	100824	100848
1	100849	101009
1	101010	101017
1	101018	101084
1	101085	101158
1	101159	101199
1	101200	101210
1	101211	101226
1	101227	101260
1	101261	101918
1	101919	102171
1	102172	102185
1	102186	102192
1	102193	102302
1	102303	102373
1	102374	102398
1	102399	102411
1	102412	102445
1	102446	102919
1	102920	103397
1	103398	103577
1	103578	109257
1	109258	109264
1	109265	111548
1	111549	111567
1	111568	112990
1	112991	112997
1	112998	113095
1	113096	113109
1	113110	113983
1	113984	114009
1	114010	114031
1	114032	114560
1	114561	114580
1	114581	114592
1	114593	114603
1	114604	114621
1	114622	114640
1	114641	116565
1	116566	116581
1	116582	116599
1	116600	116608
1	116609	116713
1	116714	120079
1	120080	120192
1	120193	120257
1	120258	120268
1	120269	124491
1	124492	124550
1	124551	125622
1	125623	125709
1	125710	127286
1	127287	127312
1	127313	127319
1	127320	130138
1	130139	130168
1	130169	130486
1	130487	130493
1	130494	130645
1	130646	134638
1	134639	134660
1	134661	134672
1	134673	134903
1	134904	136591
1	136592	136754
1	136755	136876
1	136877	136900
1	136901	138116
1	138117	138159
1	138160	142465
1	142466	142484
1	142485	142494
1	142495	142503
1	142504	142904
1	142905	142913
1	142914	143641
1	143642	143664
1	143665	143687
1	143688	143702
1	143703	143721
1	143722	143855
1	143856	143907
1	143908	143973
1	143974	143991
1	143992	144011
1	144012	144028
1	144029	144036
1	144037	144076
1	144077	144163
1	144164	144546
1	144547	144573
1	144574	144586
1	144587	144631
1	144632	144643
1	144644	144664
1	144665	144681
1	144682	144762
1	144763	144835
1	144836	144847
1	144848	144908
1	144909	144919
1	144920	144926
1	144927	144942
1	144943	145037
1	145038	145432
1	145433	145446
1	145447	145461
1	145462	145535
1	145536	145557
1	145558	145587
1	145588	145679
1	145680	145687
1	145688	145834
1	145835	145960
1	145961	146321
1	146322	146360
1	146361	146379
1	146380	146737
1	146738	148443
1	148444	148452
1	148453	148471
1	148472	148479
1	148480	148543
1	148544	148649
1	148650	148698
1	148699	148707
1	148708	148869
1	148870	148961
1	148962	149012
1	149013	149058
1	149059	150252
1	150253	150282
1	150283	151318
1	151319	151425
1	151426	151464
1	151465	151522
1	151523	151538
1	151539	151580
1	151581	152833
1	152834	152843
1	152844	152912
1	152913	152924
1	152925	152936
1	152937	152974
1	152975	153093
1	153094	153128
1	153129	153188
1	153189	153218
1	153219	153227
1	153228	153256
1	153257	154341
1	154342	154380
1	154381	154412
1	154413	154443
1	154444	154575
1	154576	154622
1	154623	154677
1	154678	154687
1	154688	154697
1	154698	154728
1	154729	155709
1	155710	155826
1	155827	155849
1	155850	155879
1	155880	157098
1	157099	157667
1	157668	157689
1	157690	158075
1	158076	158119
1	158120	158133
1	158134	159016
1	159017	159079
1	159080	160347
1	160348	160432
1	160433	160495
1	160496	160644
1	160645	160671
1	160672	160682
1	160683	160689
1	160690	160703
1	160704	160712
1	160713	160810
1	160811	160829
1	160830	161616
1	161617	161676
1	161677	161716
1	161717	161873
1	161874	161899
1	161900	161918
1	161919	161934
1	161935	162115
1	162116	162128
1	162129	162157
1	162158	162212
1	162213	162288
1	162289	162320
1	162321	162333
1	162334	163647
1	163648	163655
1	163656	163706
1	163707	164977
1	164978	165554
1	165555	165704
1	165705	165823
1	165824	165833
1	165834	166979
1	166980	167029
1	167030	167051
1	167052	167082
1	167083	167226
1	167227	167316
1	167317	167524
1	167525	167568
1	167569	167584
1	167585	167602
1	167603	167646
1	167647	169846
1	169847	169917
1	169918	169937
1	169938	170005
1	170006	170120
1	170121	170173
1	170174	170187
1	170188	170281
1	170282	170303
1	170304	170533
1	170534	170557
1	170558	170580
1	170581	170604
1	170605	170614
1	170615	170626
1	170627	170635
1	170636	170666
1	170667	171429
1	171430	171487
1	171488	171509
1	171510	171524
1	171525	171823
1	171824	171869
1	171870	171941
1	171942	171952
1	171953	171983
1	171984	172578
1	172579	172593
1	172594	172751
1	172752	174970
1	174971	175025
1	175026	175036
1	175037	175049
1	175050	175090
1	175091	175097
1	175098	175140
1	175141	175156
1	175157	175310
1	175311	175331
1	175332	175368
1	175369	175516
1	175517	175591
1	175592	175683
1	175684	175796
1	175797	175925
1	175926	175942
1	175943	175961
1	175962	176003
1	176004	176246
1	176247	176254
1	176255	176291
1	176292	176311
1	176312	176355
1	176356	176885
1	176886	177599
1	177600	177609
1	177610	177616
1	177617	178454
1	178455	178560
1	178561	178567
1	178568	178596
1	178597	178626
1	178627	179904
1	179905	179957
1	179958	179969
1	179970	180123
1	180124	180156
1	180157	180177
1	180178	181234
1	181235	182000
1	182001	182043
1	182044	182097
1	182098	182400
1	182401	182436
1	182437	182495
1	182496	182532
1	182533	184193
1	184194	184209
1	184210	184217
1	184218	184241
1	184242	184288
1	184289	184312
1	184313	184319
1	184320	184419
1	184420	184467
1	184468	184522
1	184523	184541
1	184542	184618
1	184619	185228
1	185229	185261
1	185262	185294
1	185295	185310
1	185311	185401
1	185402	185418
1	185419	185488
1	185489	185497
1	185498	185508
1	185509	185543
1	185544	185835
1	185836	185849
1	185850	186488
1	186489	186546
1	186547	186825
1	186826	186846
1	186847	186855
1	186856	187186
1	187187	187213
1	187214	187236
1	187237	187319
1	187320	187433
1	187434	187514
1	187515	187570
1	187571	187720
1	187721	187758
1	187759	187805
1	187806	187816
1	187817	187838
1	187839	187935
1	187936	188070
1	188071	188083
1	188084	188111
1	188112	188127
1	188128	188206
1	188207	188226
1	188227	188242
1	188243	188269
1	188270	188291
1	188292	188740
1	188741	188751
1	188752	188773
1	188774	188803
1	188804	188815
1	188816	188829
1	188830	188871
1	188872	188976
1	188977	189030
1	189031	189099
1	189100	189109
1	189110	189693
1	189694	189767
1	189768	189857
1	189858	190415
1	190416	190481
1	190482	191262
1	191263	191295
1	191296	191313
1	191314	191323
1	191324	191335
1	191336	191345
1	191346	191356
1	191357	192000
1	192001	192059
1	192060	193464
1	193465	193481
1	193482	195082
1	195083	195137
1	195138	195545
1	195546	195988
1	195989	196013
1	196014	196130
1	196131	196163
1	196164	196204
1	196205	196251
1	196252	196460
1	196461	196667
1	196668	196692
1	196693	196775
1	196776	196823
1	196824	196833
1	196834	196897
1	196898	197126
1	197127	197157
1	197158	197301
1	197302	197430
1	197431	197464
1	197465	197474
1	197475	197494
1	197495	197514
1	197515	197690
1	197691	197734
1	197735	197742
1	197743	197918
1	197919	197927
1	197928	197954
1	197955	197962
1	197963	198037
1	198038	198215
1	198216	198239
1	198240	198258
1	198259	198272
1	198273	198296
1	198297	198312
1	198313	199431
1	199432	199450
1	199451	201161
1	201162	201289
1	201290	201299
1	201300	201329
1	201330	201337
1	201338	201366
1	201367	201437
1	201438	201463
1	201464	201498
1	201499	201550
1	201551	201559
1	201560	201615
1	201616	201627
1	201628	201765
1	201766	201779
1	201780	201897
1	201898	201920
1	201921	201931
1	201932	201985
1	201986	204540
1	204541	204580
1	204581	204592
1	204593	204608
1	204609	204645
1	204646	204660
1	204661	205573
1	205574	205612
1	205613	205656
1	205657	205749
1	205750	205933
1	205934	205949
1	205950	206040
1	206041	206050
1	206051	206066
1	206067	206567
1	206568	206678
1	206679	206777
1	206778	206814
1	206815	206828
1	206829	206852
1	206853	207573
1	207574	207602
1	207603	207981
1	207982	208026
1	208027	208176
1	208177	210292
1	210293	210366
1	210367	210377
1	210378	210564
1	210565	210585
1	210586	210614
1	210615	210622
1	210623	210629
1	210630	210661
1	210662	211124
1	211125	211153
1	211154	211252
1	211253	211314
1	211315	211321
1	211322	211330
1	211331	211769
1	211770	211783
1	211784	211840
1	211841	211860
1	211861	211868
1	211869	212056
1	212057	212075
1	212076	212246
1	212247	212276
1	212277	212344
1	212345	212355
1	212356	212367
1	212368	212406
1	212407	212496
1	212497	212503
1	212504	212517
1	212518	212527
1	212528	212535
1	212536	212550
1	212551	212557
1	212558	212641
1	212642	212669
1	212670	212694
1	212695	212722
1	212723	212785
1	212786	212851
1	212852	212867
1	212868	212883
1	212884	212895
1	212896	212910
1	212911	213026
1	213027	213147
1	213148	213160
1	213161	213177
1	213178	215648
1	215649	215748
1	215749	216135
1	216136	216188
1	216189	216274
1	216275	216284
1	216285	220015
1	220016	220196
1	220197	220362
1	220363	220572
1	220573	220669
1	220670	220702
1	220703	220719
1	220720	220777
1	220778	220811
1	220812	220821
1	220822	222845
1	222846	222860
1	222861	222915
1	222916	222943
1	222944	222951
1	222952	223057
1	223058	223122
1	223123	223143
1	223144	223229
1	223230	223711
1	223712	223809
1	223810	223831
1	223832	223882
1	223883	223998
1	223999	224080
1	224081	224090
1	224091	224131
1	224132	224242
1	224243	224283
1	224284	224328
1	224329	224361
1	224362	224433
1	224434	224442
1	224443	224451
1	224452	224979
1	224980	225285
1	225286	225305
1	225306	225378
1	225379	225385
1	225386	225414
1	225415	225457
1	225458	225478
1	225479	225519
1	225520	228586
1	228587	228759
1	228760	228777
1	228778	230409
1	230410	230477
1	230478	230505
1	230506	231258
1	231259	231512
1	231513	231551
1	231552	231571
1	231572	231759
1	231760	231840
1	231841	231872
1	231873	231886
1	231887	231896
1	231897	231928
1	231929	231944
1	231945	231966
1	231967	232005
1	232006	232041
1	232042	232056
1	232057	232068
1	232069	232080
1	232081	232089
1	232090	232326
1	232327	232341
1	232342	232719
1	232720	232740
1	232741	232772
1	232773	235512
1	235513	238920
1	238921	238938
1	238939	239258
1	239259	240059
1	240060	240071
1	240072	240104
1	240105	242055
1	242056	243913
1	243914	244234
1	244235	244259
1	244260	244303
1	244304	244858
1	244859	244885
1	244886	244909
1	244910	245048
1	245049	245137
1	245138	245311
1	245312	245374
1	245375	248203
1	248204	248223
1	248224	248257
1	248258	248271
1	248272	248343
1	248344	248371
1	248372	248593
1	248594	248617
1	248618	248692
1	248693	248858
1	248859	248892
1	248893	248904
1	248905	249032
1	249033	249065
1	249066	249095
1	249096	249145
1	249146	249165
1	249166	249199
1	249200	249248
1	249249	249282
1	249283	249292
1	249293	249323
1	249324	249385
1	249386	249402
1	249403	249436
1	249437	249534
1	249535	249621
1	249622	249654
1	249655	249771
1	249772	249792
1	249793	251307
1	251308	251318
1	251319	251361
1	251362	251464
1	251465	251494
1	251495	251521
1	251522	251796
1	251797	251819
1	251820	251890
1	251891	251906
1	251907	251923
1	251924	251936
1	251937	252198
1	252199	252205
1	252206	252280
1	252281	252298
1	252299	252376
1	252377	252393
1	252394	252403
1	252404	252668
1	252669	252683
1	252684	252694
1	252695	252881
1	252882	252895
1	252896	252907
1	252908	252920
1	252921	252968
1	252969	252987
1	252988	253585
1	253586	253616
1	253617	253636
1	253637	253660
1	253661	253667
1	253668	253680
1	253681	253691
1	253692	254679
1	254680	254699
1	254700	254710
1	254711	254824
1	254825	256007
1	256008	256314
1	256315	256322
1	256323	256736
1	256737	256772
1	256773	256797
1	256798	256840
1	256841	256851
1	256852	257016
1	257017	257262
1	257263	257337
1	257338	257354
1	257355	257564
1	257565	257595
1	257596	257646
1	257647	257655
1	257656	257805
1	257806	258036
1	258037	258179
1	258180	258320
1	258321	258361
1	258362	258402
1	258403	258422
1	258423	258655
1	258656	258724
1	258725	258789
1	258790	258907
1	258908	259364
1	259365	259427
1	259428	259527
1	259528	259554
1	259555	259584
1	259585	259629
1	259630	259664
1	259665	259703
1	259704	259731
1	259732	259743
1	259744	259883
1	259884	260025
1	260026	260040
1	260041	260053
1	260054	260067
1	260068	260174
1	260175	260183
1	260184	260211
1	260212	260223
1	260224	260290
1	260291	260339
1	260340	260371
1	260372	260395
1	260396	260427
1	260428	260437
1	260438	260456
1	260457	260480
1	260481	260520
1	260521	260625
1	260626	260718
1	260719	260729
1	260730	260856
1	260857	260892
1	260893	260953
1	260954	261042
1	261043	261072
1	261073	261208
1	261209	261268
1	261269	261333
1	261334	261348
1	261349	261359
1	261360	261404
1	261405	261415
1	261416	261424
1	261425	261444
1	261445	261479
1	261480	261529
1	261530	261561
1	261562	261575
1	261576	261593
1	261594	261603
1	261604	261620
1	261621	261627
1	261628	261640
1	261641	261657
1	261658	261746
1	261747	261790
1	261791	261800
1	261801	261818
1	261819	261828
1	261829	261862
1	261863	261907
1	261908	261956
1	261957	261993
1	261994	262005
1	262006	262036
1	262037	262056
1	262057	262064
1	262065	262491
1	262492	262512
1	262513	262541
1	262542	262571
1	262572	263140
1	263141	263183
1	263184	263191
1	263192	263204
1	263205	263324
1	263325	263385
1	263386	263403
1	263404	263418
1	263419	263442
1	263443	263457
1	263458	263468
1	263469	263479
1	263480	263557
1	263558	263604
1	263605	263626
1	263627	263651
1	263652	264002
1	264003	264024
1	264025	264039
1	264040	264477
1	264478	264562
1	264563	264581
1	264582	264665
1	264666	264678
1	264679	264686
1	264687	264729
1	264730	264785
1	264786	264804
1	264805	264884
1	264885	264906
1	264907	264946
1	264947	264955
1	264956	264967
1	264968	265003
1	265004	265029
1	265030	265041
1	265042	265100
1	265101	265117
1	265118	268785
1	268786	268805
1	268806	268833
1	268834	268935
1	268936	268982
1	268983	269391
1	269392	269428
1	269429	269526
1	269527	269535
1	269536	269591
1	269592	269611
1	269612	269626
1	269627	269967
1	269968	269997
1	269998	270031
1	270032	270070
1	270071	270442
1	270443	270655
1	270656	270670
1	270671	270677
1	270678	270709
1	270710	270762
1	270763	270786
1	270787	271749
1	271750	271761
1	271762	271774
1	271775	271790
1	271791	271813
1	271814	271872
1	271873	271908
1	271909	271928
1	271929	271946
1	271947	271958
1	271959	272014
1	272015	272057
1	272058	272106
1	272107	272115
1	272116	272474
1	272475	272650
1	272651	272712
1	272713	272728
1	272729	272747
1	272748	272770
1	272771	272791
1	272792	272798
1	272799	272822
1	272823	272866
1	272867	272890
1	272891	272926
1	272927	273377
1	273378	273390
1	273391	273473
1	273474	273481
1	273482	273507
1	273508	273515
1	273516	273561
1	273562	273569
1	273570	273614
1	273615	273675
1	273676	273713
1	273714	273724
1	273725	273741
1	273742	273756
1	273757	273775
1	273776	274288
1	274289	274324
1	274325	274407
1	274408	274459
1	274460	274477
1	274478	274630
1	274631	274640
1	274641	274650
1	274651	274726
1	274727	274737
1	274738	274771
1	274772	274798
1	274799	274845
1	274846	274912
1	274913	275105
1	275106	275167
1	275168	275183
1	275184	275193
1	275194	275212
1	275213	275231
1	275232	275280
1	275281	275347
1	275348	275365
1	275366	275534
1	275535	275541
1	275542	275565
1	275566	275601
1	275602	275776
1	275777	275788
1	275789	275817
1	275818	275846
1	275847	275855
1	275856	275938
1	275939	275958
1	275959	275999
1	276000	276006
1	276007	276276
1	276277	276380
1	276381	276417
1	276418	276447
1	276448	276970
1	276971	277241
1	277242	280986
1	280987	281070
1	281071	282217
1	282218	283755
1	283756	283887
1	283888	285326
1	285327	285334
1	285335	285406
1	285407	285502
1	285503	285533
1	285534	285558
1	285559	286194
1	286195	286207
1	286208	286225
1	286226	286322
1	286323	286339
1	286340	286524
1	286525	286715
1	286716	286775
1	286776	286908
1	286909	287085
1	287086	287093
1	287094	287110
1	287111	287130
1	287131	287592
1	287593	287651
1	287652	287699
1	287700	287714
1	287715	287738
1	287739	287784
1	287785	287856
1	287857	287864
1	287865	290863
1	290864	291930
1	291931	291941
1	291942	291953
1	291954	292100
1	292101	292122
1	292123	292147
1	292148	292164
1	292165	292180
1	292181	292198
1	292199	292215
1	292216	292245
1	292246	292254
1	292255	292277
1	292278	292326
1	292327	292358
1	292359	292575
1	292576	292609
1	292610	292705
1	292706	292722
1	292723	296122
1	296123	296154
1	296155	296208
1	296209	297019
1	297020	297159
1	297160	297204
1	297205	297230
1	297231	298876
1	298877	298900
1	298901	298955
1	298956	298967
1	298968	298980
1	298981	299014
1	299015	299065
1	299066	299209
1	299210	299529
1	299530	299918
1	299919	300900
1	300901	300936
1	300937	301027
1	301028	302853
1	302854	302860
1	302861	302878
1	302879	302897
1	302898	302912
1	302913	302929
1	302930	302949
1	302950	302962
1	302963	303015
1	303016	304068
1	304069	304130
1	304131	304144
1	304145	304181
1	304182	304352
1	304353	304379
1	304380	304446
1	304447	304459
1	304460	304800
1	304801	304832
1	304833	304840
1	304841	304869
1	304870	304901
1	304902	304925
1	304926	305044
1	305045	305171
1	305172	305281
1	305282	305378
1	305379	306920
1	306921	306937
1	306938	307012
1	307013	307582
1	307583	307600
1	307601	307617
1	307618	307822
1	307823	307894
1	307895	309479
1	309480	309698
1	309699	310021
1	310022	310254
1	310255	313690
1	313691	313722
1	313723	313966
1	313967	313984
1	313985	314033
1	314034	314054
1	314055	314097
1	314098	314127
1	314128	314190
1	314191	314206
1	314207	314615
1	314616	314725
1	314726	314797
1	314798	314933
1	314934	315100
1	315101	315757
1	315758	315770
1	315771	315910
1	315911	315925
1	315926	315942
1	315943	315985
1	315986	316019
1	316020	316127
1	316128	316137
1	316138	316144
1	316145	317825
1	317826	317933
1	317934	321478
1	321479	321793
1	321794	321867
1	321868	322240
1	322241	322375
1	322376	322524
1	322525	322560
1	322561	322581
1	322582	322834
1	322835	322964
1	322965	322975
1	322976	323088
1	323089	323109
1	323110	323150
1	323151	323181
1	323182	323190
1	323191	323525
1	323526	323532
1	323533	323550
1	323551	323560
1	323561	323676
1	323677	323708
1	323709	323744
1	323745	323793
1	323794	323837
1	323838	323853
1	323854	323867
1	323868	323878
1	323879	323888
1	323889	323915
1	323916	323940
1	323941	323948
1	323949	323971
1	323972	323992
1	323993	324006
1	324007	324030
1	324031	324037
1	324038	324063
1	324064	324084
1	324085	324145
1	324146	324207
1	324208	324385
1	324386	327021
1	327022	327053
1	327054	327074
1	327075	327127
1	327128	329605
1	329606	329881
1	329882	331228
1	331229	331242
1	331243	331251
1	331252	331264
1	331265	331289
1	331290	331296
1	331297	331424
1	331425	331434
1	331435	331442
1	331443	331504
1	331505	331526
1	331527	331533
1	331534	331541
1	331542	331560
1	331561	331580
1	331581	331591
1	331592	332692
1	332693	332709
1	332710	332719
1	332720	332739
1	332740	333690
1	333691	333898
1	333899	333910
1	333911	333934
1	333935	333949
1	333950	333959
1	333960	333970
1	333971	335697
1	335698	335719
1	335720	335752
1	335753	335801
1	335802	344371
1	344372	344388
1	344389	344436
1	344437	344443
1	344444	344477
1	344478	344489
1	344490	344506
1	344507	344519
1	344520	344629
1	344630	348390
1	348391	348472
1	348473	353813
1	353814	353844
1	353845	370832
1	370833	370865
1	370866	370885
1	370886	371102
1	371103	371121
1	371122	371452
1	371453	375310
1	375311	375338
1	375339	377990
1	377991	378009
1	378010	378063
1	378064	378140
1	378141	382614
1	382615	382716
1	382717	382934
1	382935	383004
1	383005	383085
1	383086	383134
1	383135	383191
1	383192	387653
1	387654	396923
1	396924	396932
1	396933	396959
1	396960	397022
1	397023	406087
1	406088	406101
1	406102	409085
1	409086	409094
1	409095	409158
1	409159	409186
1	409187	409196
1	409197	414011
1	414012	414136
1	414137	414146
1	414147	414233
1	414234	414262
1	414263	418292
1	418293	418408
1	418409	422506
1	422507	422597
1	422598	422608
1	422609	442961
1	442962	442970
1	442971	442992
1	442993	443013
1	443014	443047
1	443048	443059
1	443060	443104
1	443105	443113
1	443114	443127
1	443128	443156
1	443157	446790
1	446791	446891
1	446892	447047
1	447048	447056
1	447057	447132
1	447133	447248
1	447249	451807
1	451808	456192
1	456193	456341
1	456342	456409
1	456410	456510
1	456511	456528
1	456529	456553
1	456554	456562
1	456563	456594
1	456595	456610
1	456611	456676
1	456677	456728
1	456729	456744
1	456745	458347
1	458348	458365
1	458366	458384
1	458385	458567
1	458568	459862
1	459863	459874
1	459875	459891
1	459892	460427
1	460428	462004
1	462005	462158
1	462159	464260
1	464261	464270
1	464271	464406
1	464407	464422
1	464423	464522
1	464523	464563
1	464564	465323
1	465324	465381
1	465382	465448
1	465449	465459
1	465460	465733
1	465734	465741
1	465742	465795
1	465796	465862
1	465863	465878
1	465879	466285
1	466286	466320
1	466321	466357
1	466358	466380
1	466381	467583
1	467584	470863
1	470864	470882
1	470883	471310
1	471311	471375
1	471376	473032
1	473033	473052
1	473053	473095
1	473096	473269
1	473270	473291
1	473292	473659
1	473660	475950
1	475951	476005
1	476006	476104
1	476105	476124
1	476125	476168
1	476169	476179
1	476180	476191
1	476192	476333
1	476334	476522
1	476523	476668
1	476669	476680
1	476681	476695
1	476696	476714
1	476715	478345
1	478346	478637
1	478638	478658
1	478659	478856
1	478857	478926
1	478927	479126
1	479127	479137
1	479138	479226
1	479227	479235
1	479236	479250
1	479251	480679
1	480680	480711
1	480712	481045
1	481046	481319
1	481320	481621
1	481622	481690
1	481691	481698
1	481699	481826
1	481827	481946
1	481947	482094
1	482095	482107
1	482108	482161
1	482162	482519
1	482520	482578
1	482579	482635
1	482636	482716
1	482717	482735
1	482736	482824
1	482825	482871
1	482872	485748
1	485749	485760
1	485761	485774
1	485775	485791
1	485792	485801
1	485802	485809
1	485810	485817
1	485818	487312
1	487313	487392
1	487393	487469
1	487470	487477
1	487478	487504
1	487505	487532
1	487533	487548
1	487549	487611
1	487612	487636
1	487637	487653
1	487654	487660
1	487661	487681
1	487682	487689
1	487690	487740
1	487741	487824
1	487825	487850
1	487851	489725
1	489726	489739
1	489740	489775
1	489776	489924
1	489925	489938
1	489939	490135
1	490136	490147
1	490148	490326
1	490327	490384
1	490385	490449
1	490450	490467
1	490468	490636
1	490637	490652
1	490653	490672
1	490673	490702
1	490703	490726
1	490727	490734
1	490735	490744
1	490745	490829
1	490830	490863
1	490864	491078
1	491079	491182
1	491183	491320
1	491321	491334
1	491335	491345
1	491346	491580
1	491581	491821
1	491822	491953
1	491954	492000
1	492001	492034
1	492035	492044
1	492045	492193
1	492194	492239
1	492240	492257
1	492258	492281
1	492282	492302
1	492303	492333
1	492334	492353
1	492354	492448
1	492449	492461
1	492462	492469
1	492470	492484
1	492485	492492
1	492493	492509
1	492510	492523
1	492524	492551
1	492552	492679
1	492680	492735
1	492736	492744
1	492745	492762
1	492763	492774
1	492775	492802
1	492803	492844
1	492845	492866
1	492867	492901
1	492902	492942
1	492943	492959
1	492960	492976
1	492977	493004
1	493005	493048
1	493049	493075
1	493076	493095
1	493096	493109
1	493110	493123
1	493124	493164
1	493165	493182
1	493183	493198
1	493199	493222
1	493223	493320
1	493321	493362
1	493363	493498
1	493499	493825
1	493826	493857
1	493858	493930
1	493931	493961
1	493962	494008
1	494009	499140
1	499141	499160
1	499161	499275
1	499276	499291
1	499292	499332
1	499333	499350
1	499351	499365
1	499366	499606
1	499607	499617
1	499618	499737
1	499738	499786
1	499787	499804
1	499805	499824
1	499825	499848
1	499849	499883
1	499884	499963
1	499964	502812
1	502813	502916
1	502917	506161
1	506162	506185
1	506186	510829
1	510830	510837
1	510838	510871
1	510872	514484
1	514485	514992
1	514993	515317
1	515318	515342
1	515343	515384
1	515385	515454
1	515455	515463
1	515464	515658
1	515659	515684
1	515685	515697
1	515698	515729
1	515730	515855
1	515856	515990
1	515991	516008
1	516009	531951
1	531952	535988
1	535989	535997
1	535998	536019
1	536020	536030
1	536031	536037
1	536038	536067
1	536068	536082
1	536083	536103
1	536104	536138
1	536139	536227
1	536228	536336
1	536337	536355
1	536356	536373
1	536374	536463
1	536464	536473
1	536474	536499
1	536500	536530
1	536531	536546
1	536547	536567
1	536568	536634
1	536635	536649
1	536650	536708
1	536709	537120
1	537121	537133
1	537134	537625
1	537626	537656
1	537657	537674
1	537675	537696
1	537697	537708
1	537709	537748
1	537749	538161
1	538162	538176
1	538177	538189
1	538190	538205
1	538206	538236
1	538237	538269
1	538270	538276
1	538277	538283
1	538284	538306
1	538307	538350
1	538351	538412
1	538413	538426
1	538427	538444
1	538445	538472
1	538473	538484
1	538485	538522
1	538523	538552
1	538553	538633
1	538634	538648
1	538649	538656
1	538657	538670
1	538671	538691
1	538692	538816
1	538817	538843
1	538844	539150
1	539151	539164
1	539165	539203
1	539204	539216
1	539217	539249
1	539250	539756
1	539757	539771
1	539772	539782
1	539783	539878
1	539879	539909
1	539910	540000
1	540001	540032
1	540033	540184
1	540185	540385
1	540386	541007
1	541008	541029
1	541030	541097
1	541098	541169
1	541170	541623
1	541624	543897
1	543898	543969
1	543970	544132
1	544133	544144
1	544145	544680
1	544681	544720
1	544721	544810
1	544811	545020
1	545021	545066
1	545067	545256
1	545257	545295
1	545296	545907
1	545908	545914
1	545915	545947
1	545948	545958
1	545959	546029
1	546030	546108
1	546109	546118
1	546119	546139
1	546140	546163
1	546164	546189
1	546190	547755
1	547756	547802
1	547803	547840
1	547841	547850
1	547851	547912
1	547913	547938
1	547939	547952
1	547953	548042
1	548043	548055
1	548056	548111
1	548112	548374
1	548375	549018
1	549019	549036
1	549037	549071
1	549072	549096
1	549097	549155
1	549156	549189
1	549190	549241
1	549242	549389
1	549390	549426
1	549427	549509
1	549510	549516
1	549517	549561
1	549562	549600
1	549601	549619
1	549620	549645
1	549646	549726
1	549727	549734
1	549735	550192
1	550193	550201
1	550202	550208
1	550209	550277
1	550278	551673
1	551674	551694
1	551695	551735
1	551736	551746
1	551747	551754
1	551755	551765
1	551766	551792
1	551793	552081
1	552082	552092
1	552093	552391
1	552392	552404
1	552405	552420
1	552421	552484
1	552485	552496
1	552497	552518
1	552519	552781
1	552782	552814
1	552815	552821
1	552822	552840
1	552841	552952
1	552953	552964
1	552965	553073
1	553074	553114
1	553115	553123
1	553124	553149
1	553150	553213
1	553214	553606
1	553607	553697
1	553698	553718
1	553719	553752
1	553753	553790
1	553791	553828
1	553829	553861
1	553862	553870
1	553871	553903
1	553904	554022
1	554023	554225
1	554226	554239
1	554240	554246
1	554247	554485
1	554486	554555
1	554556	554588
1	554589	554614
1	554615	554621
1	554622	554689
1	554690	554720
1	554721	554746
1	554747	554995
1	554996	555050
1	555051	555064
1	555065	555101
1	555102	555288
1	555289	555454
1	555455	555471
1	555472	555493
1	555494	555509
1	555510	555663
1	555664	555680
1	555681	555689
1	555690	555713
1	555714	555720
1	555721	555737
1	555738	555750
1	555751	555767
1	555768	555804
1	555805	556181
1	556182	556267
1	556268	556348
1	556349	556357
1	556358	556380
1	556381	556408
1	556409	556416
1	556417	556480
1	556481	556491
1	556492	557340
1	557341	557366
1	557367	557422
1	557423	557984
1	557985	558010
1	558011	558379
1	558380	558418
1	558419	558435
1	558436	558453
1	558454	558470
1	558471	560234
1	560235	560379
1	560380	561519
1	561520	561619
1	561620	561664
1	561665	561678
1	561679	561799
1	561800	561812
1	561813	561841
1	561842	561851
1	561852	561862
1	561863	561869
1	561870	561896
1	561897	562132
1	562133	562160
1	562161	562172
1	562173	562185
1	562186	562590
1	562591	562738
1	562739	564622
1	564623	564703
1	564704	564710
1	564711	564859
1	564860	564871
1	564872	564932
1	564933	565027
1	565028	565070
1	565071	565089
1	565090	565429
1	565430	565456
1	565457	565468
1	565469	565483
1	565484	565493
1	565494	565502
1	565503	565519
1	565520	565553
1	565554	565606
1	565607	565622
1	565623	565634
1	565635	565769
1	565770	565805
1	565806	566083
1	566084	566103
1	566104	566111
1	566112	566239
1	566240	566323
1	566324	566343
1	566344	566389
1	566390	566404
1	566405	566424
1	566425	566443
1	566444	566452
1	566453	566460
1	566461	566470
1	566471	566505
1	566506	566534
1	566535	566571
1	566572	566579
1	566580	566622
1	566623	566667
1	566668	566762
1	566763	566790
1	566791	566800
1	566801	567061
1	567062	567085
1	567086	567392
1	567393	567404
1	567405	567420
1	567421	567453
1	567454	567496
1	567497	567507
1	567508	567524
1	567525	567532
1	567533	567553
1	567554	567584
1	567585	567644
1	567645	567699
1	567700	567723
1	567724	567917
1	567918	567965
1	567966	567978
1	567979	568011
1	568012	568101
1	568102	568131
1	568132	568146
1	568147	568439
1	568440	568450
1	568451	568594
1	568595	568615
1	568616	568644
1	568645	568651
1	568652	568663
1	568664	568685
1	568686	568702
1	568703	568771
1	568772	568780
1	568781	568808
1	568809	569163
1	569164	569280
1	569281	569294
1	569295	569317
1	569318	569336
1	569337	569352
1	569353	569612
1	569613	569668
1	569669	569699
1	569700	569728
1	569729	569739
1	569740	569748
1	569749	569863
1	569864	569879
1	569880	570072
1	570073	570093
1	570094	570133
1	570134	570576
1	570577	570591
1	570592	570604
1	570605	570631
1	570632	570645
1	570646	570663
1	570664	570698
1	570699	570721
1	570722	570739
1	570740	570756
1	570757	570766
1	570767	570778
1	570779	570798
1	570799	570851
1	570852	570884
1	570885	570891
1	570892	570952
1	570953	570967
1	570968	571066
1	571067	571102
1	571103	571129
1	571130	571154
1	571155	571167
1	571168	571199
1	571200	571262
1	571263	571288
1	571289	571295
1	571296	571468
1	571469	571530
1	571531	571549
1	571550	571587
1	571588	571743
1	571744	571767
1	571768	572054
1	572055	572105
1	572106	572130
1	572131	572199
1	572200	572208
1	572209	572239
1	572240	572251
1	572252	572259
1	572260	572924
1	572925	572954
1	572955	572989
1	572990	572998
1	572999	573011
1	573012	573022
1	573023	574686
1	574687	574700
1	574701	574749
1	574750	574811
1	574812	575275
1	575276	575308
1	575309	575405
1	575406	575449
1	575450	575497
1	575498	575524
1	575525	575541
1	575542	575688
1	575689	575695
1	575696	576351
1	576352	576417
1	576418	576424
1	576425	576453
1	576454	576683
1	576684	576716
1	576717	576736
1	576737	576761
1	576762	576782
1	576783	576796
1	576797	576900
1	576901	576917
1	576918	576940
1	576941	577059
1	577060	578002
1	578003	578020
1	578021	578027
1	578028	578036
1	578037	578060
1	578061	578219
1	578220	578253
1	578254	578277
1	578278	578303
1	578304	578321
1	578322	578398
1	578399	578425
1	578426	578436
1	578437	578459
1	578460	579592
1	579593	579690
1	579691	581097
1	581098	581222
1	581223	581479
1	581480	581531
1	581532	581538
1	581539	581552
1	581553	581564
1	581565	581576
1	581577	581730
1	581731	581907
1	581908	582037
1	582038	582063
1	582064	582092
1	582093	582158
1	582159	582177
1	582178	582193
1	582194	582383
1	582384	582394
1	582395	582660
1	582661	582681
1	582682	583068
1	583069	583136
1	583137	583158
1	583159	583468
1	583469	583480
1	583481	583493
1	583494	583557
1	583558	583639
1	583640	583663
1	583664	583674
1	583675	583788
1	583789	583802
1	583803	583893
1	583894	584095
1	584096	584148
1	584149	584189
1	584190	584367
1	584368	584488
1	584489	584509
1	584510	584526
1	584527	584563
1	584564	584596
1	584597	584755
1	584756	584764
1	584765	584777
1	584778	584808
1	584809	584839
1	584840	584908
1	584909	585040
1	585041	585177
1	585178	585213
1	585214	585280
1	585281	585316
1	585317	585453
1	585454	585465
1	585466	585487
1	585488	585500
1	585501	585516
1	585517	585530
1	585531	585538
1	585539	585559
1	585560	585612
1	585613	585660
1	585661	585700
1	585701	585737
1	585738	585890
1	585891	585919
1	585920	585936
1	585937	585995
1	585996	586020
1	586021	586081
1	586082	586109
1	586110	586127
1	586128	586138
1	586139	586166
1	586167	586182
1	586183	586342
1	586343	586373
1	586374	586439
1	586440	586501
1	586502	586554
1	586555	586627
1	586628	586636
1	586637	586652
1	586653	586939
1	586940	587036
1	587037	587284
1	587285	587296
1	587297	587307
1	587308	587372
1	587373	587438
1	587439	587481
1	587482	587496
1	587497	587504
1	587505	587519
1	587520	587550
1	587551	587623
1	587624	587683
1	587684	587710
1	587711	587832
1	587833	587839
1	587840	588181
1	588182	588214
1	588215	588507
1	588508	588516
1	588517	588538
1	588539	588560
1	588561	588573
1	588574	588582
1	588583	588601
1	588602	588610
1	588611	588644
1	588645	588694
1	588695	588703
1	588704	588711
1	588712	588722
1	588723	588734
1	588735	588820
1	588821	588899
1	588900	589040
1	589041	589073
1	589074	589089
1	589090	589122
1	589123	589132
1	589133	589160
1	589161	589181
1	589182	589195
1	589196	589251
1	589252	589260
1	589261	589298
1	589299	589324
1	589325	589333
1	589334	589361
1	589362	589377
1	589378	589392
1	589393	589493
1	589494	590242
1	590243	590267
1	590268	590306
1	590307	590821
1	590822	590832
1	590833	590872
1	590873	590894
1	590895	593730
1	593731	593742
1	593743	593757
1	593758	593780
1	593781	593787
1	593788	593805
1	593806	593857
1	593858	593864
1	593865	594007
1	594008	594021
1	594022	594040
1	594041	594212
1	594213	594247
1	594248	594753
1	594754	595128
1	595129	595143
1	595144	595171
1	595172	595233
1	595234	597917
1	597918	597944
1	597945	598126
1	598127	598152
1	598153	598165
1	598166	598200
1	598201	598292
1	598293	598315
1	598316	598331
1	598332	598343
1	598344	598426
1	598427	598449
1	598450	598469
1	598470	598489
1	598490	598528
1	598529	598542
1	598543	598553
1	598554	598565
1	598566	598582
1	598583	598598
1	598599	598610
1	598611	598643
1	598644	598678
1	598679	598689
1	598690	598701
1	598702	598711
1	598712	598744
1	598745	598783
1	598784	598810
1	598811	598821
1	598822	598852
1	598853	598883
1	598884	598926
1	598927	598936
1	598937	598974
1	598975	598993
1	598994	599000
1	599001	599018
1	599019	599087
1	599088	599118
1	599119	599127
1	599128	599146
1	599147	599170
1	599171	599217
1	599218	599236
1	599237	599249
1	599250	599282
1	599283	599295
1	599296	599388
1	599389	599461
1	599462	599504
1	599505	599511
1	599512	599524
1	599525	599565
1	599566	599605
1	599606	599689
1	599690	599723
1	599724	599833
1	599834	599862
1	599863	599875
1	599876	599882
1	599883	599899
1	599900	600015
1	600016	600025
1	600026	600070
1	600071	600135
1	600136	600222
1	600223	600240
1	600241	600265
1	600266	600338
1	600339	600421
1	600422	600716
1	600717	601230
1	601231	601324
1	601325	601399
1	601400	601453
1	601454	601470
1	601471	601484
1	601485	601894
1	601895	602020
1	602021	602040
1	602041	602301
1	602302	602318
1	602319	602348
1	602349	602355
1	602356	602371
1	602372	602393
1	602394	602426
1	602427	602437
1	602438	602464
1	602465	602490
1	602491	602564
1	602565	602596
1	602597	604632
1	604633	604796
1	604797	604805
1	604806	604823
1	604824	604866
1	604867	604901
1	604902	604935
1	604936	605413
1	605414	605431
1	605432	605472
1	605473	605492
1	605493	605562
1	605563	605570
1	605571	605605
1	605606	605614
1	605615	605659
1	605660	605675
1	605676	605684
1	605685	605696
1	605697	605718
1	605719	605746
1	605747	605766
1	605767	605802
1	605803	605833
1	605834	605857
1	605858	605894
1	605895	606995
1	606996	607109
1	607110	607139
1	607140	608310
1	608311	608334
1	608335	608375
1	608376	608780
1	608781	608793
1	608794	608844
1	608845	608921
1	608922	608948
1	608949	608960
1	608961	608979
1	608980	609038
1	609039	609051
1	609052	609062
1	609063	609146
1	609147	609237
1	609238	609247
1	609248	609356
1	609357	609373
1	609374	609513
1	609514	609539
1	609540	609568
1	609569	609624
1	609625	609658
1	609659	609678
1	609679	609704
1	609705	609739
1	609740	609763
1	609764	609872
1	609873	609962
1	609963	610069
1	610070	610099
1	610100	610149
1	610150	610273
1	610274	610287
1	610288	610498
1	610499	610622
1	610623	610644
1	610645	610655
1	610656	610671
1	610672	610741
1	610742	610937
1	610938	610955
1	610956	610971
1	610972	610997
1	610998	611015
1	611016	611066
1	611067	611128
1	611129	611279
1	611280	611286
1	611287	611296
1	611297	611307
1	611308	611338
1	611339	611348
1	611349	611441
1	611442	611449
1	611450	611499
1	611500	611509
1	611510	611518
1	611519	611581
1	611582	611592
1	611593	611609
1	611610	611655
1	611656	611667
1	611668	611712
1	611713	611794
1	611795	612007
1	612008	612064
1	612065	612125
1	612126	612183
1	612184	612196
1	612197	612213
1	612214	612249
1	612250	612274
1	612275	612321
1	612322	612335
1	612336	612411
1	612412	612711
1	612712	612725
1	612726	614636
1	614637	614905
1	614906	615027
1	615028	615039
1	615040	615060
1	615061	615074
1	615075	615091
1	615092	615098
1	615099	615126
1	615127	615173
1	615174	616641
1	616642	616680
1	616681	616724
1	616725	616763
1	616764	616916
1	616917	616934
1	616935	616954
1	616955	616971
1	616972	617296
1	617297	617372
1	617373	617396
1	617397	617500
1	617501	617514
1	617515	617663
1	617664	617676
1	617677	617829
1	617830	617840
1	617841	617856
1	617857	617877
1	617878	617885
1	617886	617901
1	617902	618038
1	618039	618086
1	618087	618132
1	618133	618319
1	618320	618337
1	618338	618408
1	618409	619068
1	619069	619097
1	619098	619110
1	619111	619119
1	619120	619138
1	619139	619177
1	619178	619189
1	619190	619230
1	619231	619310
1	619311	619339
1	619340	619378
1	619379	619395
1	619396	619404
1	619405	619417
1	619418	619424
1	619425	619446
1	619447	619472
1	619473	619483
1	619484	619498
1	619499	619511
1	619512	619533
1	619534	619554
1	619555	619578
1	619579	619607
1	619608	619629
1	619630	619742
1	619743	619793
1	619794	620068
1	620069	620096
1	620097	620120
1	620121	620201
1	620202	620314
1	620315	620693
1	620694	620718
1	620719	620739
1	620740	620758
1	620759	620781
1	620782	620828
1	620829	620880
1	620881	620925
1	620926	620935
1	620936	620971
1	620972	620988
1	620989	621022
1	621023	621036
1	621037	621055
1	621056	621070
1	621071	621086
1	621087	621101
1	621102	621247
1	621248	621262
1	621263	621291
1	621292	621345
1	621346	621363
1	621364	621378
1	621379	621391
1	621392	621405
1	621406	621889
1	621890	621908
1	621909	621995
1	621996	622087
1	622088	622105
1	622106	622113
1	622114	622124
1	622125	622254
1	622255	622348
1	622349	622456
1	622457	622617
1	622618	622626
1	622627	622672
1	622673	622690
1	622691	622746
1	622747	622890
1	622891	622910
1	622911	622931
1	622932	622951
1	622952	622973
1	622974	622996
1	622997	623006
1	623007	623024
1	623025	623051
1	623052	623062
1	623063	623123
1	623124	623133
1	623134	623171
1	623172	623199
1	623200	623210
1	623211	623225
1	623226	623242
1	623243	623310
1	623311	623320
1	623321	623361
1	623362	623372
1	623373	623501
1	623502	623656
1	623657	623768
1	623769	623846
1	623847	623857
1	623858	624013
1	624014	624030
1	624031	624056
1	624057	624073
1	624074	624104
1	624105	624126
1	624127	624321
1	624322	624342
1	624343	624349
1	624350	624358
1	624359	624368
1	624369	624388
1	624389	624397
1	624398	624459
1	624460	624500
1	624501	624639
1	624640	624648
1	624649	624700
1	624701	624730
1	624731	624965
1	624966	624975
1	624976	625024
1	625025	625031
1	625032	625045
1	625046	625057
1	625058	625069
1	625070	625083
1	625084	626547
1	626548	626557
1	626558	626837
1	626838	626849
1	626850	626863
1	626864	626902
1	626903	627553
1	627554	627626
1	627627	627643
1	627644	628231
1	628232	628378
1	628379	628392
1	628393	628474
1	628475	628517
1	628518	628527
1	628528	631389
1	631390	631414
1	631415	631486
1	631487	631534
1	631535	631542
1	631543	631749
1	631750	631841
1	631842	631915
1	631916	631926
1	631927	631963
1	631964	631993
1	631994	632060
1	632061	632104
1	632105	632138
1	632139	632261
1	632262	632268
1	632269	632278
1	632279	632357
1	632358	632408
1	632409	632481
1	632482	632495
1	632496	632505
1	632506	632523
1	632524	632724
1	632725	632863
1	632864	632965
1	632966	633310
1	633311	633339
1	633340	633365
1	633366	633409
1	633410	633416
1	633417	633452
1	633453	633472
1	633473	633482
1	633483	633516
1	633517	633540
1	633541	633584
1	633585	633600
1	633601	633792
1	633793	633836
1	633837	633892
1	633893	633942
1	633943	633950
1	633951	634136
1	634137	634188
1	634189	634205
1	634206	634260
1	634261	634330
1	634331	634510
1	634511	634535
1	634536	634560
1	634561	634837
1	634838	634874
1	634875	634900
1	634901	634916
1	634917	634978
1	634979	635013
1	635014	635201
1	635202	635224
1	635225	635267
1	635268	635508
1	635509	635517
1	635518	635557
1	635558	635596
1	635597	635633
1	635634	635678
1	635679	635713
1	635714	635732
1	635733	635748
1	635749	635756
1	635757	635796
1	635797	635846
1	635847	635856
1	635857	635911
1	635912	636026
1	636027	636056
1	636057	636162
1	636163	636217
1	636218	636235
1	636236	636248
1	636249	636296
1	636297	636337
1	636338	636374
1	636375	636432
1	636433	636814
1	636815	637200
1	637201	637228
1	637229	637437
1	637438	637577
1	637578	637591
1	637592	637611
1	637612	637667
1	637668	637687
1	637688	637765
1	637766	637974
1	637975	638001
1	638002	638037
1	638038	638065
1	638066	638079
1	638080	638571
1	638572	638594
1	638595	638608
1	638609	638621
1	638622	638811
1	638812	638862
1	638863	638886
1	638887	638898
1	638899	638967
1	638968	639032
1	639033	639060
1	639061	639084
1	639085	639094
1	639095	639310
1	639311	640826
1	640827	640834
1	640835	640863
1	640864	640964
1	640965	641009
1	641010	641026
1	641027	641052
1	641053	641101
1	641102	641296
1	641297	641357
1	641358	641393
1	641394	641455
1	641456	641487
1	641488	641495
1	641496	641504
1	641505	641532
1	641533	641570
1	641571	641585
1	641586	641605
1	641606	641707
1	641708	642267
1	642268	642322
1	642323	643018
1	643019	643025
1	643026	644298
1	644299	644360
1	644361	644408
1	644409	647436
1	647437	647482
1	647483	647576
1	647577	647639
1	647640	648819
1	648820	648870
1	648871	648941
1	648942	649037
1	649038	649049
1	649050	649088
1	649089	649182
1	649183	651163
1	651164	651177
1	651178	651200
1	651201	651905
1	651906	651943
1	651944	651955
1	651956	655122
1	655123	655212
1	655213	655233
1	655234	655325
1	655326	655344
1	655345	655351
1	655352	655376
1	655377	655471
1	655472	655501
1	655502	655541
1	655542	655569
1	655570	655587
1	655588	655739
1	655740	655782
1	655783	655795
1	655796	655866
1	655867	655924
1	655925	655937
1	655938	655972
1	655973	655983
1	655984	656290
1	656291	656315
1	656316	656326
1	656327	657082
1	657083	657182
1	657183	657250
1	657251	657358
1	657359	657723
1	657724	657746
1	657747	657844
1	657845	657912
1	657913	657960
1	657961	657968
1	657969	657994
1	657995	658004
1	658005	658916
1	658917	658934
1	658935	658986
1	658987	658996
1	658997	659021
1	659022	659188
1	659189	659244
1	659245	659479
1	659480	659487
1	659488	659782
1	659783	659793
1	659794	659812
1	659813	659835
1	659836	659863
1	659864	660051
1	660052	660068
1	660069	660078
1	660079	660166
1	660167	660189
1	660190	660209
1	660210	660222
1	660223	661335
1	661336	661344
1	661345	662013
1	662014	662044
1	662045	662118
1	662119	662137
1	662138	662159
1	662160	662167
1	662168	662181
1	662182	662188
1	662189	662203
1	662204	662279
1	662280	663668
1	663669	663704
1	663705	663769
1	663770	663777
1	663778	663793
1	663794	665491
1	665492	665561
1	665562	665575
1	665576	665601
1	665602	666443
1	666444	666467
1	666468	666511
1	666512	666591
1	666592	666671
1	666672	666906
1	666907	666929
1	666930	666988
1	666989	666998
1	666999	667041
1	667042	667056
1	667057	667099
1	667100	667196
1	667197	667244
1	667245	667260
1	667261	667289
1	667290	667614
1	667615	667655
1	667656	667667
1	667668	667686
1	667687	667694
1	667695	667718
1	667719	667726
1	667727	667852
1	667853	668384
1	668385	668402
1	668403	668413
1	668414	668442
1	668443	668465
1	668466	668484
1	668485	668651
1	668652	668742
1	668743	668795
1	668796	668827
1	668828	668913
1	668914	669055
1	669056	669128
1	669129	669168
1	669169	669193
1	669194	669201
1	669202	669273
1	669274	669296
1	669297	669830
1	669831	669895
1	669896	669956
1	669957	669967
1	669968	669974
1	669975	669987
1	669988	670023
1	670024	670044
1	670045	670077
1	670078	670105
1	670106	670121
1	670122	670132
1	670133	670189
1	670190	670233
1	670234	670240
1	670241	670261
1	670262	670447
1	670448	670456
1	670457	670463
1	670464	670512
1	670513	670527
1	670528	670540
1	670541	670671
1	670672	670701
1	670702	670742
1	670743	670808
1	670809	670817
1	670818	670960
1	670961	670998
1	670999	671039
1	671040	671063
1	671064	671097
1	671098	671109
1	671110	671128
1	671129	671192
1	671193	671209
1	671210	671246
1	671247	671256
1	671257	671460
1	671461	671482
1	671483	671820
1	671821	671836
1	671837	671849
1	671850	671882
1	671883	671915
1	671916	672038
1	672039	672074
1	672075	672249
1	672250	672382
1	672383	672440
1	672441	672463
1	672464	672504
1	672505	672539
1	672540	672609
1	672610	672620
1	672621	672864
1	672865	672908
1	672909	672922
1	672923	673179
1	673180	673189
1	673190	673199
1	673200	673207
1	673208	673233
1	673234	673257
1	673258	673272
1	673273	673286
1	673287	673309
1	673310	673328
1	673329	673344
1	673345	673791
1	673792	673815
1	673816	673912
1	673913	673926
1	673927	673958
1	673959	673993
1	673994	674013
1	674014	674020
1	674021	674030
1	674031	674037
1	674038	674140
1	674141	674155
1	674156	674167
1	674168	674194
1	674195	674240
1	674241	674281
1	674282	674445
1	674446	674544
1	674545	674620
1	674621	674666
1	674667	674674
1	674675	674968
1	674969	675004
1	675005	675021
1	675022	675042
1	675043	675062
1	675063	675087
1	675088	675101
1	675102	675141
1	675142	675162
1	675163	675202
1	675203	675377
1	675378	675423
1	675424	675461
1	675462	675476
1	675477	675509
1	675510	675524
1	675525	675609
1	675610	675658
1	675659	677004
1	677005	677026
1	677027	677146
1	677147	677162
1	677163	677170
1	677171	677252
1	677253	677306
1	677307	677333
1	677334	678428
1	678429	678557
1	678558	678588
1	678589	678652
1	678653	678742
1	678743	678752
1	678753	678764
1	678765	678796
1	678797	678886
1	678887	679889
1	679890	679896
1	679897	680085
1	680086	682983
1	682984	683009
1	683010	683028
1	683029	683074
1	683075	683081
1	683082	683115
1	683116	683129
1	683130	683152
1	683153	683187
1	683188	683228
1	683229	683260
1	683261	683688
1	683689	683718
1	683719	683751
1	683752	683763
1	683764	683788
1	683789	683807
1	683808	683818
1	683819	683833
1	683834	683873
1	683874	684123
1	684124	684193
1	684194	684202
1	684203	684277
1	684278	684465
1	684466	684488
1	684489	684549
1	684550	684625
1	684626	684670
1	684671	684679
1	684680	684686
1	684687	684705
1	684706	684717
1	684718	684810
1	684811	684818
1	684819	684826
1	684827	684854
1	684855	684960
1	684961	685051
1	685052	685071
1	685072	685092
1	685093	685244
1	685245	685261
1	685262	685277
1	685278	685367
1	685368	685392
1	685393	685408
1	685409	685542
1	685543	685550
1	685551	685565
1	685566	685610
1	685611	686267
1	686268	686384
1	686385	686400
1	686401	686563
1	686564	686682
1	686683	687114
1	687115	687132
1	687133	687289
1	687290	687362
1	687363	687404
1	687405	687668
1	687669	687756
1	687757	687842
1	687843	687873
1	687874	687881
1	687882	687953
1	687954	688135
1	688136	688146
1	688147	688179
1	688180	688199
1	688200	688210
1	688211	688226
1	688227	688245
1	688246	688344
1	688345	688368
1	688369	688382
1	688383	688396
1	688397	688411
1	688412	688420
1	688421	688442
1	688443	688459
1	688460	688514
1	688515	688531
1	688532	688605
1	688606	688698
1	688699	688717
1	688718	688758
1	688759	688780
1	688781	688788
1	688789	688797
1	688798	688837
1	688838	688999
1	689000	689052
1	689053	689085
1	689086	689190
1	689191	689230
1	689231	689242
1	689243	689252
1	689253	689265
1	689266	689350
1	689351	689406
1	689407	689414
1	689415	689444
1	689445	689539
1	689540	689566
1	689567	689685
1	689686	689732
1	689733	689750
1	689751	689763
1	689764	689785
1	689786	689805
1	689806	689868
1	689869	689917
1	689918	689925
1	689926	690040
1	690041	690115
1	690116	690131
1	690132	690142
1	690143	690157
1	690158	690184
1	690185	690194
1	690195	690391
1	690392	690409
1	690410	690467
1	690468	690491
1	690492	690499
1	690500	690525
1	690526	690548
1	690549	690566
1	690567	690600
1	690601	690639
1	690640	690649
1	690650	690760
1	690761	690775
1	690776	691079
1	691080	691118
1	691119	691132
1	691133	691171
1	691172	691287
1	691288	691295
1	691296	691335
1	691336	691345
1	691346	691363
1	691364	691946
1	691947	691965
1	691966	692013
1	692014	694697
1	694698	694923
1	694924	694955
1	694956	694986
1	694987	695031
1	695032	695042
1	695043	696918
1	696919	696954
1	696955	696994
1	696995	697012
1	697013	697026
1	697027	697044
1	697045	697113
1	697114	697353
1	697354	699692
1	699693	699726
1	699727	699753
1	699754	699776
1	699777	699814
1	699815	699876
1	699877	699902
1	699903	699918
1	699919	699990
1	699991	700029
1	700030	700048
1	700049	700129
1	700130	700144
1	700145	700158
1	700159	700186
1	700187	700407
1	700408	700741
1	700742	700862
1	700863	700881
1	700882	700908
1	700909	701141
1	701142	701307
1	701308	701365
1	701366	701889
1	701890	701941
1	701942	702259
1	702260	703973
1	703974	704165
1	704166	704216
1	704217	704252
1	704253	704332
1	704333	704534
1	704535	704752
1	704753	704765
1	704766	704774
1	704775	704781
1	704782	704794
1	704795	704858
1	704859	704958
1	704959	704977
1	704978	704988
1	704989	705078
1	705079	705104
1	705105	705120
1	705121	705138
1	705139	705368
1	705369	705390
1	705391	705400
1	705401	705432
1	705433	705450
1	705451	705831
1	705832	705898
1	705899	705909
1	705910	705925
1	705926	705940
1	705941	705970
1	705971	706110
1	706111	706173
1	706174	706187
1	706188	706218
1	706219	706231
1	706232	706261
1	706262	706308
1	706309	706318
1	706319	706390
1	706391	706421
1	706422	706444
1	706445	706470
1	706471	706497
1	706498	706578
1	706579	706881
1	706882	706915
1	706916	706944
1	706945	706994
1	706995	707026
1	707027	707035
1	707036	707077
1	707078	707133
1	707134	707191
1	707192	707221
1	707222	707368
1	707369	707551
1	707552	707562
1	707563	707587
1	707588	707606
1	707607	707618
1	707619	707663
1	707664	707749
1	707750	707784
1	707785	707882
1	707883	707894
1	707895	707913
1	707914	707959
1	707960	707977
1	707978	707991
1	707992	707999
1	708000	708048
1	708049	708062
1	708063	708212
1	708213	708227
1	708228	709403
1	709404	709433
1	709434	709448
1	709449	709480
1	709481	709496
1	709497	709592
1	709593	711258
1	711259	711299
1	711300	711321
1	711322	711390
1	711391	711446
1	711447	711461
1	711462	711496
1	711497	711556
1	711557	711569
1	711570	711645
1	711646	712595
1	712596	712605
1	712606	712810
1	712811	712817
1	712818	712889
1	712890	712929
1	712930	713691
1	713692	713742
1	713743	713760
1	713761	713796
1	713797	713813
1	713814	713831
1	713832	713838
1	713839	713845
1	713846	713852
1	713853	713897
1	713898	713914
1	713915	714084
1	714085	714147
1	714148	716775
1	716776	717074
1	717075	720194
1	720195	720242
1	720243	721964
1	721965	722008
1	722009	722026
1	722027	722033
1	722034	722044
1	722045	722065
1	722066	722122
1	722123	723586
1	723587	723783
1	723784	723794
1	723795	723830
1	723831	723841
1	723842	723853
1	723854	723861
1	723862	723875
1	723876	723888
1	723889	723903
1	723904	723911
1	723912	723929
1	723930	723947
1	723948	724147
1	724148	724162
1	724163	724497
1	724498	724574
1	724575	724616
1	724617	724641
1	724642	724728
1	724729	724739
1	724740	724770
1	724771	724782
1	724783	724869
1	724870	724881
1	724882	724908
1	724909	725017
1	725018	725417
1	725418	725477
1	725478	725503
1	725504	725591
1	725592	725859
1	725860	725987
1	725988	726011
1	726012	726223
1	726224	726242
1	726243	726260
1	726261	726405
1	726406	728592
1	728593	728617
1	728618	728626
1	728627	728648
1	728649	728786
1	728787	728830
1	728831	728859
1	728860	728882
1	728883	728912
1	728913	728924
1	728925	728932
1	728933	728949
1	728950	728970
1	728971	729010
1	729011	729039
1	729040	729089
1	729090	729096
1	729097	729136
1	729137	729406
1	729407	729432
1	729433	729451
1	729452	729498
1	729499	729587
1	729588	729617
1	729618	729696
1	729697	729762
1	729763	730159
1	730160	730325
1	730326	730382
1	730383	730406
1	730407	730501
1	730502	730512
1	730513	730525
1	730526	730633
1	730634	730671
1	730672	730684
1	730685	731037
1	731038	731052
1	731053	731129
1	731130	731222
1	731223	731252
1	731253	731266
1	731267	731295
1	731296	731306
1	731307	731319
1	731320	731367
1	731368	731401
1	731402	731425
1	731426	731432
1	731433	731512
1	731513	731537
1	731538	731585
1	731586	731593
1	731594	731717
1	731718	731740
1	731741	731751
1	731752	731762
1	731763	731780
1	731781	731787
1	731788	731798
1	731799	731942
1	731943	732048
1	732049	732076
1	732077	732096
1	732097	732124
1	732125	732179
1	732180	732190
1	732191	732238
1	732239	732247
1	732248	732254
1	732255	732265
1	732266	732323
1	732324	732332
1	732333	732349
1	732350	732361
1	732362	732370
1	732371	732562
1	732563	732625
1	732626	732658
1	732659	732680
1	732681	732781
1	732782	732808
1	732809	733041
1	733042	733137
1	733138	733235
1	733236	733256
1	733257	733333
1	733334	733343
1	733344	733373
1	733374	733476
1	733477	733515
1	733516	733553
1	733554	733605
1	733606	733624
1	733625	733697
1	733698	733746
1	733747	733804
1	733805	733972
1	733973	733979
1	733980	733995
1	733996	734002
1	734003	734023
1	734024	734045
1	734046	734073
1	734074	734151
1	734152	734191
1	734192	734198
1	734199	734636
1	734637	734663
1	734664	734683
1	734684	734730
1	734731	734756
1	734757	734778
1	734779	734786
1	734787	734808
1	734809	734821
1	734822	734966
1	734967	735567
1	735568	735611
1	735612	735682
1	735683	735713
1	735714	735729
1	735730	735750
1	735751	735760
1	735761	735816
1	735817	735823
1	735824	735867
1	735868	735893
1	735894	735950
1	735951	735969
1	735970	736010
1	736011	736257
1	736258	736426
1	736427	736460
1	736461	736470
1	736471	736479
1	736480	736505
1	736506	736540
1	736541	736581
1	736582	736614
1	736615	736713
1	736714	736799
1	736800	736812
1	736813	736846
1	736847	737561
1	737562	737630
1	737631	737677
1	737678	737817
1	737818	737824
1	737825	737835
1	737836	737867
1	737868	737921
1	737922	737933
1	737934	738008
1	738009	738033
1	738034	738058
1	738059	738098
1	738099	738132
1	738133	738217
1	738218	738238
1	738239	738330
1	738331	738341
1	738342	738363
1	738364	738384
1	738385	738407
1	738408	738433
1	738434	738979
1	738980	739000
1	739001	739028
1	739029	739052
1	739053	739085
1	739086	739109
1	739110	739143
1	739144	739157
1	739158	739168
1	739169	739288
1	739289	739333
1	739334	739675
1	739676	739684
1	739685	739889
1	739890	739956
1	739957	739986
1	739987	740118
1	740119	740133
1	740134	740248
1	740249	740255
1	740256	740485
1	740486	740646
1	740647	743687
1	743688	743714
1	743715	743844
1	743845	743870
1	743871	743879
1	743880	743979
1	743980	743994
1	743995	744008
1	744009	744023
1	744024	744336
1	744337	744355
1	744356	744388
1	744389	744402
1	744403	744409
1	744410	744440
1	744441	744463
1	744464	744504
1	744505	744515
1	744516	744667
1	744668	744679
1	744680	744783
1	744784	744849
1	744850	744965
1	744966	744975
1	744976	745090
1	745091	745264
1	745265	745271
1	745272	745401
1	745402	745411
1	745412	745499
1	745500	745511
1	745512	745821
1	745822	745830
1	745831	745854
1	745855	745867
1	745868	745886
1	745887	745901
1	745902	745915
1	745916	745932
1	745933	745942
1	745943	745960
1	745961	745977
1	745978	745989
1	745990	746020
1	746021	746044
1	746045	746065
1	746066	746112
1	746113	746133
1	746134	746149
1	746150	746173
1	746174	746433
1	746434	746447
1	746448	746558
1	746559	746582
1	746583	746619
1	746620	746639
1	746640	746657
1	746658	746690
1	746691	746785
1	746786	746831
1	746832	746938
1	746939	746996
1	746997	747023
1	747024	747031
1	747032	747059
1	747060	747076
1	747077	747090
1	747091	747128
1	747129	750348
1	750349	750518
1	750519	754001
1	754002	754924
1	754925	754966
1	754967	755033
1	755034	757632
1	757633	757639
1	757640	757664
1	757665	757687
1	757688	757750
1	757751	757794
1	757795	757825
1	757826	757849
1	757850	757910
1	757911	757940
1	757941	758063
1	758064	758104
1	758105	758138
1	758139	758152
1	758153	758183
1	758184	758219
1	758220	758255
1	758256	758323
1	758324	758339
1	758340	758391
1	758392	758403
1	758404	758417
1	758418	758435
1	758436	758456
1	758457	758582
1	758583	759661
1	759662	759994
1	759995	762066
1	762067	762149
1	762150	762177
1	762178	762187
1	762188	762196
1	762197	764403
1	764404	764417
1	764418	764427
1	764428	764437
1	764438	764460
1	764461	764482
1	764483	764492
1	764493	764794
1	764795	764863
1	764864	764953
1	764954	765347
1	765348	765394
1	765395	765566
1	765567	765580
1	765581	765606
1	765607	765619
1	765620	765635
1	765636	765644
1	765645	765823
1	765824	765839
1	765840	765847
1	765848	765864
1	765865	765990
1	765991	766039
1	766040	766241
1	766242	766257
1	766258	766283
1	766284	766298
1	766299	766767
1	766768	766780
1	766781	766789
1	766790	766817
1	766818	767102
1	767103	767122
1	767123	767147
1	767148	767165
1	767166	767175
1	767176	767212
1	767213	767221
1	767222	767272
1	767273	767297
1	767298	767320
1	767321	767362
1	767363	767404
1	767405	767437
1	767438	767490
1	767491	767626
1	767627	767646
1	767647	767660
1	767661	767670
1	767671	767698
1	767699	767734
1	767735	767783
1	767784	767967
1	767968	767976
1	767977	767985
1	767986	768028
1	768029	768076
1	768077	768101
1	768102	768122
1	768123	768207
1	768208	768303
1	768304	768327
1	768328	768392
1	768393	768406
1	768407	768532
1	768533	768684
1	768685	768760
1	768761	768767
1	768768	768781
1	768782	769183
1	769184	769202
1	769203	769385
1	769386	769433
1	769434	769502
1	769503	769586
1	769587	769623
1	769624	769854
1	769855	769955
1	769956	769993
1	769994	770022
1	770023	770037
1	770038	770064
1	770065	770133
1	770134	770161
1	770162	770176
1	770177	770312
1	770313	770325
1	770326	770384
1	770385	770481
1	770482	770491
1	770492	770599
1	770600	770610
1	770611	770771
1	770772	770802
1	770803	774239
1	774240	774448
1	774449	774957
1	774958	774976
1	774977	774994
1	774995	775002
1	775003	775029
1	775030	775043
1	775044	775060
1	775061	775075
1	775076	775083
1	775084	775117
1	775118	775144
1	775145	775156
1	775157	775170
1	775171	775203
1	775204	775232
1	775233	776559
1	776560	776569
1	776570	776579
1	776580	776591
1	776592	776599
1	776600	776656
1	776657	776672
1	776673	776703
1	776704	776712
1	776713	776751
1	776752	776759
1	776760	776773
1	776774	776851
1	776852	776890
1	776891	776914
1	776915	776989
1	776990	777019
1	777020	777049
1	777050	777265
1	777266	777308
1	777309	777319
1	777320	777430
1	777431	777447
1	777448	777483
1	777484	777499
1	777500	778289
1	778290	778308
1	778309	778327
1	778328	778335
1	778336	778342
1	778343	778362
1	778363	778377
1	778378	778437
1	778438	778494
1	778495	778636
1	778637	778693
1	778694	778708
1	778709	781008
1	781009	781241
1	781242	782513
1	782514	782540
1	782541	782951
1	782952	782964
1	782965	783018
1	783019	784440
1	784441	784501
1	784502	784629
1	784630	784654
1	784655	784669
1	784670	784682
1	784683	784690
1	784691	784973
1	784974	785017
1	785018	785080
1	785081	786281
1	786282	786295
1	786296	786547
1	786548	786581
1	786582	786743
1	786744	786754
1	786755	786807
1	786808	786867
1	786868	786960
1	786961	787013
1	787014	787027
1	787028	787235
1	787236	787475
1	787476	787508
1	787509	787572
1	787573	787660
1	787661	787669
1	787670	787847
1	787848	790800
1	790801	790926
1	790927	790948
1	790949	794560
1	794561	794587
1	794588	794692
1	794693	794737
1	794738	794747
1	794748	794756
1	794757	794768
1	794769	794787
1	794788	794805
1	794806	794821
1	794822	794843
1	794844	794898
1	794899	794931
1	794932	794959
1	794960	794975
1	794976	795103
1	795104	795138
1	795139	795168
1	795169	795176
1	795177	795186
1	795187	795207
1	795208	795258
1	795259	795285
1	795286	796925
1	796926	797572
1	797573	797641
1	797642	799334
1	799335	799379
1	799380	799487
1	799488	799989
1	799990	800004
1	800005	800029
1	800030	800051
1	800052	800498
1	800499	803772
1	803773	803787
1	803788	803802
1	803803	803821
1	803822	803829
1	803830	803848
1	803849	803860
1	803861	803984
1	803985	804022
1	804023	804143
1	804144	804235
1	804236	804245
1	804246	804280
1	804281	804315
1	804316	804608
1	804609	805079
1	805080	805298
1	805299	805345
1	805346	805358
1	805359	805368
1	805369	805553
1	805554	805568
1	805569	805596
1	805597	805607
1	805608	805622
1	805623	805838
1	805839	805868
1	805869	805888
1	805889	805899
1	805900	805915
1	805916	805999
1	806000	806068
1	806069	806076
1	806077	806168
1	806169	806213
1	806214	806226
1	806227	806252
1	806253	806530
1	806531	806546
1	806547	806567
1	806568	806582
1	806583	806611
1	806612	806634
1	806635	806892
1	806893	807057
1	807058	807072
1	807073	807082
1	807083	807092
1	807093	807132
1	807133	807214
1	807215	807279
1	807280	807409
1	807410	807600
1	807601	807665
1	807666	807687
1	807688	807923
1	807924	807933
1	807934	807959
1	807960	807975
1	807976	807989
1	807990	809646
1	809647	809740
1	809741	809802
1	809803	809837
1	809838	809856
1	809857	809864
1	809865	809947
1	809948	811087
1	811088	811115
1	811116	811140
1	811141	811169
1	811170	813193
1	813194	813458
1	813459	813466
1	813467	813497
1	813498	814323
1	814324	814334
1	814335	814358
1	814359	814877
1	814878	814909
1	814910	814919
1	814920	818755
1	818756	818766
1	818767	827764
2	0	29
2	30	949
2	950	967
2	968	984
2	985	1014
2	1015	1057
2	1058	1076
2	1077	1135
2	1136	1154
2	1155	1979
2	1980	2135
2	2136	2157
2	2158	3632
2	3633	3650
2	3651	3662
2	3663	3671
2	3672	4810
2	4811	4832
2	4833	4889
2	4890	4991
2	4992	5016
2	5017	5032
2	5033	5772
2	5773	5856
2	5857	5871
2	5872	5933
2	5934	5956
2	5957	5979
2	5980	6909
2	6910	6919
2	6920	6931
2	6932	6958
2	6959	7097
2	7098	7147
2	7148	7175
2	7176	7186
2	7187	7238
2	7239	7267
2	7268	7307
2	7308	8241
2	8242	8274
2	8275	8348
2	8349	8741
2	8742	8748
2	8749	8760
2	8761	8843
2	8844	9491
2	9492	9549
2	9550	10625
2	10626	10657
2	10658	10686
2	10687	10712
2	10713	11294
2	11295	11440
2	11441	11461
2	11462	11477
2	11478	11567
2	11568	11706
2	11707	11782
2	11783	12347
2	12348	12378
2	12379	12433
2	12434	12570
2	12571	12610
2	12611	12691
2	12692	12716
2	12717	12726
2	12727	12910
2	12911	13864
2	13865	13917
2	13918	14700
2	14701	15364
2	15365	15377
2	15378	15385
2	15386	15405
2	15406	15428
2	15429	16772
2	16773	16855
2	16856	16890
2	16891	16918
2	16919	16946
2	16947	16969
2	16970	16992
2	16993	17011
2	17012	17639
2	17640	17663
2	17664	19860
2	19861	19883
2	19884	19900
2	19901	19942
2	19943	21288
2	21289	21485
2	21486	21736
2	21737	24468
2	24469	24479
2	24480	24486
2	24487	24507
2	24508	24718
2	24719	24758
2	24759	24777
2	24778	25411
2	25412	25453
2	25454	25462
2	25463	25636
2	25637	25644
2	25645	25663
2	25664	25699
2	25700	25718
2	25719	25746
2	25747	25852
2	25853	25887
2	25888	26054
2	26055	26062
2	26063	28063
2	28064	28245
2	28246	28255
2	28256	28285
2	28286	28298
2	28299	28306
2	28307	28345
2	28346	28359
2	28360	29782
2	29783	29895
2	29896	29923
2	29924	29983
2	29984	30027
2	30028	30044
2	30045	30052
2	30053	30081
2	30082	30182
2	30183	30285
2	30286	30292
2	30293	30383
2	30384	30601
2	30602	30620
2	30621	30702
2	30703	30723
2	30724	30742
2	30743	30781
2	30782	30825
2	30826	30854
2	30855	30912
2	30913	30920
2	30921	30951
2	30952	31010
2	31011	31042
2	31043	31062
2	31063	31078
2	31079	31117
2	31118	31162
2	31163	31169
2	31170	31189
2	31190	31200
2	31201	31222
2	31223	31230
2	31231	31403
2	31404	31418
2	31419	31429
2	31430	31456
2	31457	31479
2	31480	31496
2	31497	31652
2	31653	31677
2	31678	31693
2	31694	31705
2	31706	31758
2	31759	31767
2	31768	31801
2	31802	31829
2	31830	31850
2	31851	31864
2	31865	31887
2	31888	31930
2	31931	31943
2	31944	31962
2	31963	31978
2	31979	32000
2	32001	32033
2	32034	32067
2	32068	32140
2	32141	32396
2	32397	32461
2	32462	32479
2	32480	32510
2	32511	32537
2	32538	32630
2	32631	32646
2	32647	32660
2	32661	32715
2	32716	32740
2	32741	32775
2	32776	32797
2	32798	32832
2	32833	32854
2	32855	32862
2	32863	32878
2	32879	32907
2	32908	32942
2	32943	32977
2	32978	33093
2	33094	33179
2	33180	33188
2	33189	33376
2	33377	33440
2	33441	33459
2	33460	33473
2	33474	33489
2	33490	33513
2	33514	33539
2	33540	33583
2	33584	34062
2	34063	34125
2	34126	34133
2	34134	34150
2	34151	34162
2	34163	34206
2	34207	34229
2	34230	34303
2	34304	34416
2	34417	34635
2	34636	35733
2	35734	36969
2	36970	37129
2	37130	37892
2	37893	37904
2	37905	37912
2	37913	38431
2	38432	38446
2	38447	38483
2	38484	38955
2	38956	38964
2	38965	39458
2	39459	39771
2	39772	43225
2	43226	43275
2	43276	43327
2	43328	43350
2	43351	43386
2	43387	43408
2	43409	43432
2	43433	46010
2	46011	46036
2	46037	46252
2	46253	46314
2	46315	46324
2	46325	46363
2	46364	46378
2	46379	46764
2	46765	46772
2	46773	46928
2	46929	46944
2	46945	46977
2	46978	46992
2	46993	47227
2	47228	48993
2	48994	49030
2	49031	49039
2	49040	49052
2	49053	49070
2	49071	49095
2	49096	50473
2	50474	50482
2	50483	50503
2	50504	50533
2	50534	50612
2	50613	54912
2	54913	55083
2	55084	55186
2	55187	64955
2	64956	67022
2	67023	67033
2	67034	67049
2	67050	67102
2	67103	70664
2	70665	70677
2	70678	73458
2	73459	73473
2	73474	75360
2	75361	75382
2	75383	75412
2	75413	75452
2	75453	93030
2	93031	103055
2	103056	103113
2	103114	108901
2	108902	110015
2	110016	114341
2	114342	114380
2	114381	137716
2	137717	137732
2	137733	137852
2	137853	153424
2	153425	161582
2	161583	161620
2	161621	161708
2	161709	161721
2	161722	184813
2	184814	184823
2	184824	184949
2	184950	186098
2	186099	186137
2	186138	186154
2	186155	186348
2	186349	186425
2	186426	186479
2	186480	186489
2	186490	186511
2	186512	186518
2	186519	186545
2	186546	190006
2	190007	190481
2	190482	190516
2	190517	190530
2	190531	190538
2	190539	190545
2	190546	190553
2	190554	190570
2	190571	190580
2	190581	190869
2	190870	190907
2	190908	190929
2	190930	190950
2	190951	191016
2	191017	191215
2	191216	191434
2	191435	196456
2	196457	196475
2	196476	196493
2	196494	196545
2	196546	196562
2	196563	196694
2	196695	196942
2	196943	196971
2	196972	197145
2	197146	197226
2	197227	197805
2	197806	197827
2	197828	197835
2	197836	199644
2	199645	199674
2	199675	199692
2	199693	201148
2	201149	201233
2	201234	201244
2	201245	204045
2	204046	204055
2	204056	204091
2	204092	205804
2	205805	206720
2	206721	206749
2	206750	206920
2	206921	206948
2	206949	207226
2	207227	207262
2	207263	207368
2	207369	207437
2	207438	207484
2	207485	207514
2	207515	208327
2	208328	208389
2	208390	208414
2	208415	208538
2	208539	208568
2	208569	208596
2	208597	208606
2	208607	211406
2	211407	211475
2	211476	211777
2	211778	211838
2	211839	212315
2	212316	213897
2	213898	216295
2	216296	216310
2	216311	216328
2	216329	216352
2	216353	216365
2	216366	216385
2	216386	216395
2	216396	216442
2	216443	216512
2	216513	216542
2	216543	216567
2	216568	216687
2	216688	216800
2	216801	216909
2	216910	220520
2	220521	220555
2	220556	220566
2	220567	220742
2	220743	220754
2	220755	220783
2	220784	221320
2	221321	221365
2	221366	221373
2	221374	221397
2	221398	221416
2	221417	221453
2	221454	221468
2	221469	221478
2	221479	221507
2	221508	221525
2	221526	221542
2	221543	221553
2	221554	221577
2	221578	221620
2	221621	221724
2	221725	223635
2	223636	223691
2	223692	228139
2	228140	228590
2	228591	228747
2	228748	228756
2	228757	228815
2	228816	229039
2	229040	229053
2	229054	229073
2	229074	229080
2	229081	229093
2	229094	229132
2	229133	229563
2	229564	229590
2	229591	229702
2	229703	229868
2	229869	229926
2	229927	231173
2	231174	231768
2	231769	232149
2	232150	232324
2	232325	232423
2	232424	232482
2	232483	232532
2	232533	232557
2	232558	232598
2	232599	232630
2	232631	232678
2	232679	232716
2	232717	232779
2	232780	232960
2	232961	232989
2	232990	233192
2	233193	235752
2	235753	235815
2	235816	235920
2	235921	235938
2	235939	235965
2	235966	236585
2	236586	236653
2	236654	236665
2	236666	238672
2	238673	238684
2	238685	238740
2	238741	238755
2	238756	238776
2	238777	238791
2	238792	238825
2	238826	239645
2	239646	239663
2	239664	239769
2	239770	240654
2	240655	240687
2	240688	243845
2	243846	244450
2	244451	247691
2	247692	251733
2	251734	256507
2	256508	256663
2	256664	256680
2	256681	256831
2	256832	256865
2	256866	256929
2	256930	256953
2	256954	256972
2	256973	260600
2	260601	260614
2	260615	260964
2	260965	261024
2	261025	264268
2	264269	264375
2	264376	267951
2	267952	268065
2	268066	268113
2	268114	268158
2	268159	268372
2	268373	268403
2	268404	268462
2	268463	268481
2	268482	276015
2	276016	276027
2	276028	276034
2	276035	276119
2	276120	276270
2	276271	276310
2	276311	276849
2	276850	277039
2	277040	280430
2	280431	280495
2	280496	282265
2	282266	287287
2	287288	292413
2	292414	292591
2	292592	292604
2	292605	292612
2	292613	292629
2	292630	292682
2	292683	292699
2	292700	301934
2	301935	301957
2	301958	304296
2	304297	304394
2	304395	304454
2	304455	304461
2	304462	304476
2	304477	304495
2	304496	304538
2	304539	304625
2	304626	304704
2	304705	304810
2	304811	304825
2	304826	304853
2	304854	304960
2	304961	304995
2	304996	305051
2	305052	305239
2	305240	305271
2	305272	305339
2	305340	305363
2	305364	305376
2	305377	306291
2	306292	306331
2	306332	306352
2	306353	306400
2	306401	306885
2	306886	307200
2	307201	307243
2	307244	307307
2	307308	307350
2	307351	307435
2	307436	307467
2	307468	308729
2	308730	308772
2	308773	308836
2	308837	308852
2	308853	310675
2	310676	310765
2	310766	316071
2	316072	316087
2	316088	320772
2	320773	320873
2	320874	320888
2	320889	321162
2	321163	321178
2	321179	321243
2	321244	321251
2	321252	321281
2	321282	321311
2	321312	321347
2	321348	321372
2	321373	321566
2	321567	323927
2	323928	323967
2	323968	325517
2	325518	325712
2	325713	325728
2	325729	328676
2	328677	328701
2	328702	330419
2	330420	330426
2	330427	333857
2	333858	333899
2	333900	337368
2	337369	337459
2	337460	337574
2	337575	337582
2	337583	337601
2	337602	337619
2	337620	337824
2	337825	337869
2	337870	341168
2	341169	341237
2	341238	345455
2	345456	345486
2	345487	345524
2	345525	345677
2	345678	345694
2	345695	345728
2	345729	349455
2	349456	349641
2	349642	353531
2	353532	353599
2	353600	353669
2	353670	353682
2	353683	353726
2	353727	353847
2	353848	357448
2	357449	357477
2	357478	357503
2	357504	357520
2	357521	357572
2	357573	361698
2	361699	362251
2	362252	362291
2	362292	362315
2	362316	362401
2	362402	362437
2	362438	362444
2	362445	362468
2	362469	362515
2	362516	362557
2	362558	362609
2	362610	364958
2	364959	366160
2	366161	366189
2	366190	366201
2	366202	366354
2	366355	366463
2	366464	366485
2	366486	366500
2	366501	369070
2	369071	369077
2	369078	369098
2	369099	372412
2	372413	373940
2	373941	374004
2	374005	374048
2	374049	374069
2	374070	374095
2	374096	374121
2	374122	374135
2	374136	374159
2	374160	374174
2	374175	374310
2	374311	374428
2	374429	374481
2	374482	374493
2	374494	374508
2	374509	374604
2	374605	374614
2	374615	374650
2	374651	374669
2	374670	374691
2	374692	374718
2	374719	374731
2	374732	375309
2	375310	375362
2	375363	375388
2	375389	375398
2	375399	375474
2	375475	375512
2	375513	375848
2	375849	375914
2	375915	375956
2	375957	376018
2	376019	376053
2	376054	376087
2	376088	376131
2	376132	376147
2	376148	376309
2	376310	376359
2	376360	376426
2	376427	376453
2	376454	376460
2	376461	376511
2	376512	376533
2	376534	376543
2	376544	376564
2	376565	376631
2	376632	376647
2	376648	376667
2	376668	376677
2	376678	376684
2	376685	376740
2	376741	376756
2	376757	376788
2	376789	376893
2	376894	376916
2	376917	376924
2	376925	376939
2	376940	376966
2	376967	377101
2	377102	377119
2	377120	377147
2	377148	377216
2	377217	377233
2	377234	377262
2	377263	377284
2	377285	377291
2	377292	377312
2	377313	377324
2	377325	377331
2	377332	377356
2	377357	377368
2	377369	377405
2	377406	377416
2	377417	377471
2	377472	377485
2	377486	377563
2	377564	377576
2	377577	377602
2	377603	377611
2	377612	377703
2	377704	377868
2	377869	377881
2	377882	377902
2	377903	377999
2	378000	378013
2	378014	378117
2	378118	378282
2	378283	378453
2	378454	378487
2	378488	378496
2	378497	378539
2	378540	378586
2	378587	378605
2	378606	378619
2	378620	378652
2	378653	378799
2	378800	378825
2	378826	378835
2	378836	378849
2	378850	378886
2	378887	378909
2	378910	379022
2	379023	379056
2	379057	379085
2	379086	379147
2	379148	379204
2	379205	379270
2	379271	379281
2	379282	379304
2	379305	379327
2	379328	379338
2	379339	379402
2	379403	379426
2	379427	379499
2	379500	379511
2	379512	379523
2	379524	379612
2	379613	379626
2	379627	381067
2	381068	382500
2	382501	383264
2	383265	383306
2	383307	383324
2	383325	383343
2	383344	383365
2	383366	383387
2	383388	383421
2	383422	383445
2	383446	383539
2	383540	383550
2	383551	385885
2	385886	385907
2	385908	385932
2	385933	385947
2	385948	385959
2	385960	385988
2	385989	386033
2	386034	386040
2	386041	386072
2	386073	386082
2	386083	388712
2	388713	388720
2	388721	388746
2	388747	388944
2	388945	392408
2	392409	392425
2	392426	392499
2	392500	392545
2	392546	392588
2	392589	392637
2	392638	393171
2	393172	393178
2	393179	394942
2	394943	395089
2	395090	395271
2	395272	395286
2	395287	396350
2	396351	396395
2	396396	397175
2	397176	398974
2	398975	403551
2	403552	403574
2	403575	405345
2	405346	405396
2	405397	405600
2	405601	405611
2	405612	405636
2	405637	405667
2	405668	405700
2	405701	405724
2	405725	406454
2	406455	406470
2	406471	406505
2	406506	406522
2	406523	406854
2	406855	406909
2	406910	406994
2	406995	407015
2	407016	407038
2	407039	407072
2	407073	407177
2	407178	407215
2	407216	408324
2	408325	408417
2	408418	408570
2	408571	409731
2	409732	409746
2	409747	409767
2	409768	409997
2	409998	412075
2	412076	412084
2	412085	412102
2	412103	412130
2	412131	412155
2	412156	412178
2	412179	412189
2	412190	412200
2	412201	415481
2	415482	415511
2	415512	418948
2	418949	418969
2	418970	419120
2	419121	419128
2	419129	419278
2	419279	419290
2	419291	419411
2	419412	419448
2	419449	419458
2	419459	419472
2	419473	419510
2	419511	419676
2	419677	419805
2	419806	420354
2	420355	420517
2	420518	420553
2	420554	422137
2	422138	422687
2	422688	422731
2	422732	427182
2	427183	427223
2	427224	427518
2	427519	427541
2	427542	431522
2	431523	431548
2	431549	431597
2	431598	431636
2	431637	431683
2	431684	431707
2	431708	431750
2	431751	431785
2	431786	431795
2	431796	431803
2	431804	431814
2	431815	431845
2	431846	431856
2	431857	431901
2	431902	431933
2	431934	431947
2	431948	431973
2	431974	431984
2	431985	432174
2	432175	432191
2	432192	432205
2	432206	432214
2	432215	432240
2	432241	432285
2	432286	432303
2	432304	432327
2	432328	432487
2	432488	432523
2	432524	433672
2	433673	433714
2	433715	433728
2	433729	433749
2	433750	433780
2	433781	433968
2	433969	433983
2	433984	434026
2	434027	434051
2	434052	434062
2	434063	434111
2	434112	434519
2	434520	434604
2	434605	436432
2	436433	436464
2	436465	437180
2	437181	437206
2	437207	437213
2	437214	437226
2	437227	438990
2	438991	439035
2	439036	439046
2	439047	439055
2	439056	439168
2	439169	439194
2	439195	439233
2	439234	439267
2	439268	439290
2	439291	439304
2	439305	439313
2	439314	439330
2	439331	439352
2	439353	439362
2	439363	439390
2	439391	439398
2	439399	442630
2	442631	442643
2	442644	442712
2	442713	446791
2	446792	446979
2	446980	446986
2	446987	446993
2	446994	447042
2	447043	447065
2	447066	447077
2	447078	447117
2	447118	447160
2	447161	449859
2	449860	449870
2	449871	450189
2	450190	450206
2	450207	450274
2	450275	450281
2	450282	450654
2	450655	450670
2	450671	450677
2	450678	450725
2	450726	450794
2	450795	450868
2	450869	450890
2	450891	451026
2	451027	451067
2	451068	452183
2	452184	452530
2	452531	452553
2	452554	452568
2	452569	452607
2	452608	452615
2	452616	452858
2	452859	452872
2	452873	454043
2	454044	454970
2	454971	455094
2	455095	455187
2	455188	455300
2	455301	455363
2	455364	455391
2	455392	455399
2	455400	455409
2	455410	455421
2	455422	455444
2	455445	455466
2	455467	455473
2	455474	455507
2	455508	455569
2	455570	455589
2	455590	455614
2	455615	455631
2	455632	455662
2	455663	455686
2	455687	455710
2	455711	455720
2	455721	455734
2	455735	455778
2	455779	457064
2	457065	457095
2	457096	457109
2	457110	457164
2	457165	457180
2	457181	457206
2	457207	457218
2	457219	457464
2	457465	457506
2	457507	457578
2	457579	457642
2	457643	457660
2	457661	457683
2	457684	457695
2	457696	457710
2	457711	457718
2	457719	457730
2	457731	457774
2	457775	457880
2	457881	458347
2	458348	458395
2	458396	458842
2	458843	458875
2	458876	459182
2	459183	459199
2	459200	459538
2	459539	459581
2	459582	459639
2	459640	459754
2	459755	459793
2	459794	459820
2	459821	461398
2	461399	461427
2	461428	461441
2	461442	461464
2	461465	461475
2	461476	461508
2	461509	461544
2	461545	461568
2	461569	461596
2	461597	461612
2	461613	462617
2	462618	462628
2	462629	462701
2	462702	462724
2	462725	462748
2	462749	462906
2	462907	463019
2	463020	464027
2	464028	464113
2	464114	466023
2	466024	466039
2	466040	466120
2	466121	466246
2	466247	466295
2	466296	466359
2	466360	466371
2	466372	466383
2	466384	466403
2	466404	466414
2	466415	466658
2	466659	466716
2	466717	466726
2	466727	466737
2	466738	468114
2	468115	468188
2	468189	468224
2	468225	468237
2	468238	469209
2	469210	469900
2	469901	469910
2	469911	469931
2	469932	471080
2	471081	472289
2	472290	472591
2	472592	472641
2	472642	474373
2	474374	474417
2	474418	474434
2	474435	475142
2	475143	476819
2	476820	476862
2	476863	476882
2	476883	476903
2	476904	477001
2	477002	479039
2	479040	479198
2	479199	479205
2	479206	479215
2	479216	479237
2	479238	479255
2	479256	479281
2	479282	479295
2	479296	479357
2	479358	479380
2	479381	479708
2	479709	479741
2	479742	479764
2	479765	479807
2	479808	479933
2	479934	479942
2	479943	480006
2	480007	480077
2	480078	480121
2	480122	480134
2	480135	480145
2	480146	480168
2	480169	480175
2	480176	480427
2	480428	480499
2	480500	480520
2	480521	480534
2	480535	480551
2	480552	480584
2	480585	480605
2	480606	480650
2	480651	480753
2	480754	480792
2	480793	480834
2	480835	480848
2	480849	480973
2	480974	480990
2	480991	480997
2	480998	481037
2	481038	481133
2	481134	481150
2	481151	481336
2	481337	481380
2	481381	481416
2	481417	481445
2	481446	481519
2	481520	481805
2	481806	482109
2	482110	482133
2	482134	482144
2	482145	482174
2	482175	482368
2	482369	482382
2	482383	482401
2	482402	482426
2	482427	482434
2	482435	482608
2	482609	482642
2	482643	482651
2	482652	482662
2	482663	482677
2	482678	482685
2	482686	482697
2	482698	482947
2	482948	482987
2	482988	482996
2	482997	483265
2	483266	483288
2	483289	483317
2	483318	483348
2	483349	483390
2	483391	483426
2	483427	483452
2	483453	483460
2	483461	483714
2	483715	485539
2	485540	485569
2	485570	485581
2	485582	485979
2	485980	485995
2	485996	486008
2	486009	486046
2	486047	486075
2	486076	487675
2	487676	487714
2	487715	487729
2	487730	487741
2	487742	487751
2	487752	487765
2	487766	487788
2	487789	487806
2	487807	487821
2	487822	487866
2	487867	487974
2	487975	488058
2	488059	488086
2	488087	488110
2	488111	488127
2	488128	489375
2	489376	489390
2	489391	491090
2	491091	494176
2	494177	495257
2	495258	495622
2	495623	495743
2	495744	495755
2	495756	495764
2	495765	497704
2	497705	497733
2	497734	502083
2	502084	502353
2	502354	507661
2	507662	507686
2	507687	507862
2	507863	507969
2	507970	508171
2	508172	508427
2	508428	508513
2	508514	508531
2	508532	508550
2	508551	508596
2	508597	508713
2	508714	508759
2	508760	508769
2	508770	509446
2	509447	509498
2	509499	509533
2	509534	509543
2	509544	509581
2	509582	509612
2	509613	511605
2	511606	511633
2	511634	511642
2	511643	511650
2	511651	511666
2	511667	511701
2	511702	514188
2	514189	514278
2	514279	514290
2	514291	514807
2	514808	514834
2	514835	514868
2	514869	514961
2	514962	514979
2	514980	515714
2	515715	515758
2	515759	515765
2	515766	515792
2	515793	515844
2	515845	515864
2	515865	515983
2	515984	516022
2	516023	516053
2	516054	516109
2	516110	516139
2	516140	516148
2	516149	516184
2	516185	516244
2	516245	516280
2	516281	516363
2	516364	516446
2	516447	516534
2	516535	516546
2	516547	516796
2	516797	516862
2	516863	518048
2	518049	518081
2	518082	518122
2	518123	518147
2	518148	518204
2	518205	518222
2	518223	518236
2	518237	518297
2	518298	518315
2	518316	518401
2	518402	518462
2	518463	518479
2	518480	518527
2	518528	518570
2	518571	518583
2	518584	518618
2	518619	518631
2	518632	518640
2	518641	518690
2	518691	518717
2	518718	518879
2	518880	518914
2	518915	518962
2	518963	518990
2	518991	519264
2	519265	519276
2	519277	519328
2	519329	519352
2	519353	519396
2	519397	519449
2	519450	519471
2	519472	519578
2	519579	519638
2	519639	519683
2	519684	519713
2	519714	519738
2	519739	519777
2	519778	519815
2	519816	519831
2	519832	520153
2	520154	520210
2	520211	520217
2	520218	520242
2	520243	520258
2	520259	520387
2	520388	520747
2	520748	520788
2	520789	520861
2	520862	520957
2	520958	520984
2	520985	521038
2	521039	521063
2	521064	521756
2	521757	521781
2	521782	521849
2	521850	521933
2	521934	521948
2	521949	522039
2	522040	522054
2	522055	522063
2	522064	522116
2	522117	522147
2	522148	522176
2	522177	522207
2	522208	522218
2	522219	522251
2	522252	522261
2	522262	522341
2	522342	522352
2	522353	522366
2	522367	522373
2	522374	522398
2	522399	522421
2	522422	522428
2	522429	522451
2	522452	522475
2	522476	522516
2	522517	523123
2	523124	523164
2	523165	523259
2	523260	523269
2	523270	523279
2	523280	523287
2	523288	526851
2	526852	526901
2	526902	527008
2	527009	527028
2	527029	531230
2	531231	531249
2	531250	536386
3	0	1936
3	1937	1981
3	1982	2748
3	2749	3138
3	3139	3201
3	3202	3210
3	3211	3229
3	3230	3242
3	3243	4978
3	4979	5004
3	5005	5056
3	5057	5094
3	5095	7173
3	7174	7897
3	7898	7912
3	7913	8034
3	8035	8172
3	8173	8314
3	8315	8358
3	8359	8400
3	8401	12491
3	12492	12509
3	12510	12535
3	12536	12559
3	12560	12572
3	12573	12586
3	12587	12925
3	12926	13001
3	13002	13044
3	13045	13084
3	13085	13152
3	13153	13169
3	13170	13233
3	13234	13243
3	13244	13262
3	13263	13311
3	13312	13323
3	13324	13390
3	13391	13408
3	13409	13471
3	13472	13517
3	13518	13544
3	13545	13562
3	13563	13569
3	13570	13577
3	13578	13593
3	13594	13630
3	13631	13769
3	13770	13776
3	13777	13806
3	13807	13838
3	13839	13855
3	13856	13882
3	13883	13927
3	13928	13937
3	13938	13995
3	13996	14018
3	14019	14054
3	14055	14335
3	14336	14380
3	14381	14399
3	14400	14496
3	14497	14507
3	14508	14519
3	14520	18344
3	18345	18468
3	18469	18557
3	18558	18669
3	18670	18737
3	18738	18774
3	18775	18781
3	18782	18802
3	18803	18810
3	18811	18820
3	18821	18910
3	18911	18952
3	18953	19938
3	19939	19962
3	19963	19983
3	19984	19992
3	19993	20080
3	20081	20202
3	20203	21467
3	21468	21882
3	21883	21896
3	21897	21937
3	21938	22001
3	22002	22012
3	22013	22028
3	22029	22786
3	22787	22820
3	22821	22917
3	22918	22958
3	22959	23171
3	23172	23190
3	23191	24602
3	24603	24884
3	24885	24939
3	24940	25012
3	25013	25118
3	25119	25140
3	25141	25192
3	25193	25336
3	25337	25362
3	25363	25372
3	25373	25389
3	25390	25399
3	25400	25416
3	25417	26121
3	26122	26157
3	26158	27155
3	27156	27196
3	27197	27205
3	27206	27244
3	27245	27251
3	27252	27480
3	27481	27705
3	27706	27712
3	27713	29238
3	29239	29818
3	29819	29836
3	29837	29851
3	29852	29897
3	29898	31043
3	31044	31065
3	31066	31073
3	31074	31137
3	31138	31207
3	31208	31246
3	31247	31263
3	31264	31293
3	31294	31306
3	31307	31317
3	31318	31324
3	31325	31351
3	31352	31395
3	31396	31414
3	31415	31423
3	31424	31527
3	31528	31535
3	31536	31587
3	31588	31629
3	31630	31655
3	31656	31682
3	31683	31736
3	31737	31809
3	31810	31832
3	31833	31879
3	31880	32026
3	32027	32056
3	32057	40674
3	40675	40748
3	40749	40763
3	40764	40797
3	40798	44541
3	44542	44569
3	44570	44748
3	44749	44839
3	44840	44846
3	44847	44855
3	44856	44874
3	44875	44967
3	44968	44976
3	44977	44991
3	44992	45001
3	45002	45008
3	45009	45126
3	45127	45140
3	45141	45531
3	45532	45550
3	45551	45585
3	45586	46250
3	46251	46297
3	46298	46304
3	46305	47438
3	47439	47645
3	47646	47657
3	47658	47696
3	47697	47792
3	47793	49900
3	49901	49916
3	49917	49941
3	49942	50026
3	50027	50045
3	50046	50054
3	50055	50077
3	50078	50087
3	50088	50453
3	50454	50480
3	50481	50547
3	50548	50583
3	50584	50624
3	50625	50680
3	50681	50760
3	50761	51840
3	51841	51867
3	51868	52281
3	52282	55186
3	55187	55200
3	55201	55243
3	55244	58526
3	58527	58566
3	58567	62199
3	62200	62351
3	62352	62365
3	62366	62376
3	62377	62522
3	62523	66568
3	66569	66651
3	66652	66673
3	66674	66685
3	66686	66706
3	66707	67375
3	67376	70447
3	70448	70602
3	70603	70686
3	70687	71192
3	71193	71249
3	71250	71260
3	71261	71284
3	71285	71306
3	71307	71321
3	71322	71355
3	71356	71457
3	71458	71469
3	71470	71491
3	71492	71521
3	71522	71545
3	71546	71569
3	71570	71603
3	71604	71666
3	71667	71709
3	71710	71721
3	71722	71747
3	71748	71757
3	71758	71784
3	71785	71809
3	71810	71848
3	71849	71871
3	71872	71882
3	71883	71915
3	71916	71930
3	71931	72012
3	72013	72095
3	72096	72111
3	72112	72127
3	72128	72672
3	72673	73014
3	73015	73049
3	73050	73095
3	73096	73400
3	73401	73423
3	73424	74377
3	74378	74422
3	74423	74471
3	74472	74498
3	74499	74574
3	74575	74584
3	74585	74690
3	74691	74915
3	74916	75005
3	75006	75128
3	75129	75239
3	75240	75267
3	75268	75301
3	75302	75319
3	75320	75362
3	75363	75393
3	75394	75413
3	75414	75578
3	75579	75743
3	75744	75853
3	75854	75987
3	75988	76017
3	76018	76048
3	76049	76773
3	76774	76798
3	76799	76818
3	76819	76855
3	76856	76894
3	76895	78830
3	78831	78847
3	78848	78880
3	78881	78901
3	78902	78921
3	78922	78944
3	78945	78966
3	78967	78976
3	78977	79745
3	79746	79893
3	79894	80149
3	80150	80230
3	80231	80268
3	80269	80296
3	80297	80337
3	80338	80355
3	80356	83021
3	83022	86334
3	86335	87128
3	87129	87158
3	87159	94588
3	94589	94614
3	94615	94637
3	94638	94695
3	94696	96697
3	96698	96762
3	96763	97639
3	97640	97654
3	97655	97713
3	97714	97819
3	97820	97833
3	97834	97851
3	97852	97861
3	97862	97876
3	97877	97892
3	97893	97932
3	97933	97948
3	97949	97973
3	97974	97983
3	97984	98041
3	98042	98143
3	98144	101031
3	101032	101040
3	101041	101051
3	101052	101087
3	101088	101106
3	101107	101132
3	101133	101165
3	101166	101203
3	101204	101230
3	101231	101251
3	101252	101281
3	101282	101294
3	101295	101331
3	101332	101375
3	101376	101404
3	101405	101417
3	101418	101428
3	101429	101445
3	101446	101498
3	101499	101508
3	101509	101518
3	101519	101568
3	101569	101581
3	101582	101609
3	101610	101753
3	101754	101823
3	101824	101843
3	101844	101855
3	101856	101873
3	101874	101910
3	101911	101934
3	101935	102246
3	102247	102271
3	102272	102281
3	102282	102293
3	102294	102303
3	102304	102351
3	102352	105480
3	105481	105514
3	105515	109290
3	109291	109356
3	109357	113417
3	113418	113742
3	113743	113777
3	113778	113809
3	113810	113835
3	113836	113914
3	113915	113922
3	113923	114049
3	114050	114102
3	114103	114272
3	114273	114287
3	114288	114317
3	114318	114423
3	114424	114436
3	114437	114466
3	114467	114479
3	114480	114503
3	114504	114596
3	114597	114609
3	114610	114674
3	114675	114681
3	114682	114693
3	114694	114725
3	114726	114765
3	114766	114785
3	114786	114829
3	114830	114895
3	114896	117098
3	117099	117114
3	117115	117145
3	117146	120648
3	120649	120663
3	120664	120828
3	120829	120882
3	120883	120969
3	120970	120977
3	120978	121049
3	121050	121361
3	121362	121417
3	121418	121450
3	121451	123814
3	123815	123832
3	123833	123842
3	123843	127981
3	127982	128593
3	128594	128607
3	128608	128617
3	128618	128696
3	128697	128709
3	128710	128727
3	128728	128746
3	128747	128755
3	128756	128787
3	128788	128844
3	128845	128852
3	128853	128924
3	128925	129175
3	129176	131939
3	131940	131983
3	131984	132043
3	132044	132051
3	132052	132060
3	132061	132072
3	132073	132094
3	132095	132115
3	132116	132164
3	132165	132225
3	132226	132314
3	132315	132566
3	132567	132598
3	132599	132954
3	132955	132979
3	132980	133022
3	133023	133173
3	133174	133351
3	133352	133359
3	133360	133847
3	133848	134054
3	134055	134061
3	134062	134087
3	134088	134114
3	134115	134241
3	134242	134267
3	134268	134332
3	134333	134348
3	134349	134361
3	134362	134667
3	134668	134682
3	134683	134695
3	134696	134732
3	134733	134748
3	134749	134772
3	134773	134995
3	134996	135098
3	135099	135162
3	135163	135200
3	135201	135271
3	135272	135384
3	135385	135398
3	135399	135452
3	135453	135459
3	135460	135486
3	135487	135596
3	135597	135726
3	135727	135762
3	135763	135921
3	135922	135958
3	135959	135973
3	135974	136007
3	136008	136027
3	136028	136043
3	136044	136066
3	136067	136078
3	136079	136096
3	136097	136118
3	136119	137539
3	137540	137574
3	137575	137619
3	137620	137805
3	137806	137860
3	137861	138068
3	138069	138296
3	138297	138740
3	138741	138896
3	138897	138935
3	138936	138945
3	138946	138954
3	138955	138972
3	138973	138981
3	138982	139048
3	139049	139058
3	139059	139279
3	139280	139332
3	139333	139341
3	139342	139530
3	139531	139550
3	139551	139651
3	139652	139710
3	139711	140094
3	140095	142924
3	142925	142967
3	142968	142997
3	142998	143061
3	143062	143120
3	143121	143180
3	143181	143218
3	143219	143227
3	143228	143235
3	143236	143265
3	143266	143274
3	143275	143307
3	143308	143410
3	143411	143466
3	143467	143525
3	143526	143948
3	143949	144598
3	144599	144624
3	144625	144672
3	144673	144719
3	144720	144823
3	144824	144849
3	144850	144901
3	144902	144908
3	144909	146315
3	146316	146329
3	146330	147501
3	147502	147631
3	147632	147648
3	147649	147862
3	147863	148574
3	148575	148590
3	148591	148618
3	148619	148747
3	148748	148827
3	148828	148889
3	148890	148918
3	148919	148932
3	148933	148970
3	148971	148979
3	148980	148999
3	149000	149007
3	149008	149086
3	149087	149253
3	149254	150560
3	150561	150605
3	150606	150665
3	150666	150715
3	150716	150728
3	150729	150736
3	150737	150754
3	150755	150781
3	150782	151778
3	151779	151789
3	151790	151828
3	151829	153180
3	153181	154195
3	154196	154235
3	154236	154250
3	154251	154297
3	154298	154313
3	154314	154450
3	154451	154464
3	154465	154650
3	154651	156993
3	156994	157103
3	157104	157159
3	157160	157166
3	157167	157219
3	157220	157259
3	157260	157277
3	157278	157313
3	157314	157338
3	157339	157368
3	157369	157699
3	157700	158437
3	158438	158444
3	158445	158482
3	158483	158494
3	158495	158514
3	158515	158566
3	158567	158579
3	158580	158866
3	158867	158890
3	158891	159123
3	159124	159140
3	159141	159397
3	159398	161826
3	161827	161889
3	161890	161915
3	161916	161936
3	161937	161946
3	161947	162006
3	162007	162050
3	162051	164302
3	164303	164309
3	164310	164326
3	164327	164358
3	164359	165107
3	165108	165115
3	165116	165344
3	165345	165415
3	165416	165432
3	165433	165503
3	165504	165511
3	165512	165552
3	165553	165804
3	165805	165816
3	165817	165827
3	165828	165848
3	165849	165857
3	165858	166423
3	166424	166491
3	166492	166508
3	166509	166518
3	166519	166589
3	166590	166850
3	166851	166921
3	166922	166962
3	166963	168997
3	168998	169008
3	169009	169173
3	169174	169193
3	169194	169552
3	169553	169573
3	169574	169591
3	169592	169695
3	169696	169712
3	169713	169744
3	169745	169774
3	169775	169785
3	169786	169799
3	169800	169820
3	169821	169880
3	169881	169998
3	169999	170012
3	170013	170023
3	170024	170060
3	170061	170070
3	170071	170095
3	170096	170113
3	170114	170143
3	170144	170169
3	170170	170955
3	170956	171114
3	171115	172558
3	172559	172608
3	172609	172615
3	172616	172765
3	172766	172839
3	172840	172850
3	172851	173027
3	173028	173042
3	173043	173076
3	173077	173293
3	173294	173302
3	173303	173311
3	173312	173343
3	173344	173378
3	173379	173397
3	173398	173448
3	173449	173559
3	173560	173597
3	173598	173625
3	173626	173684
3	173685	173710
3	173711	173831
3	173832	173850
3	173851	173876
3	173877	173997
3	173998	174031
3	174032	174161
3	174162	174202
3	174203	174228
3	174229	175319
3	175320	175994
3	175995	176476
3	176477	176539
3	176540	178665
3	178666	178798
3	178799	178818
3	178819	178827
3	178828	178839
3	178840	178908
3	178909	179049
3	179050	179078
3	179079	179110
3	179111	179125
3	179126	179136
3	179137	179241
3	179242	180312
3	180313	180422
3	180423	180445
3	180446	184662
3	184663	184683
3	184684	184692
3	184693	184836
3	184837	184848
3	184849	184928
3	184929	184949
3	184950	185302
3	185303	185325
3	185326	186618
3	186619	186642
3	186643	186706
3	186707	188205
3	188206	188237
3	188238	188247
3	188248	188289
3	188290	188340
3	188341	188352
3	188353	192690
3	192691	192935
3	192936	195147
3	195148	196353
3	196354	196367
3	196368	196408
3	196409	196428
3	196429	196455
3	196456	196756
3	196757	198304
3	198305	198345
3	198346	198366
3	198367	198380
3	198381	198590
3	198591	198600
3	198601	198620
3	198621	198641
3	198642	198727
3	198728	198745
3	198746	201940
3	201941	202069
3	202070	202091
3	202092	202332
3	202333	204197
3	204198	204376
3	204377	204443
3	204444	204455
3	204456	204624
3	204625	204648
3	204649	204655
3	204656	204677
3	204678	204743
3	204744	204764
3	204765	204790
3	204791	204806
3	204807	205525
3	205526	205536
3	205537	205561
3	205562	206043
3	206044	206124
3	206125	206226
3	206227	206466
3	206467	206484
3	206485	206598
3	206599	206814
3	206815	206828
3	206829	206857
3	206858	206902
3	206903	206921
3	206922	206931
3	206932	206939
3	206940	206967
3	206968	208501
3	208502	208524
3	208525	208734
3	208735	208746
3	208747	210056
3	210057	211071
3	211072	211209
3	211210	215791
3	215792	216554
3	216555	216602
3	216603	219836
3	219837	220896
3	220897	220932
3	220933	220968
3	220969	221332
3	221333	221362
3	221363	221381
3	221382	221402
3	221403	221521
3	221522	221529
3	221530	221588
3	221589	224849
3	224850	224886
3	224887	224928
3	224929	225042
3	225043	226468
3	226469	226516
3	226517	229634
3	229635	229645
3	229646	229653
3	229654	233494
3	233495	233514
3	233515	233830
3	233831	233843
3	233844	234090
3	234091	234122
3	234123	234160
3	234161	234174
3	234175	234237
3	234238	234786
3	234787	234810
3	234811	234898
3	234899	234922
3	234923	234948
3	234949	237693
3	237694	237718
3	237719	237726
3	237727	242362
3	242363	242387
3	242388	242443
3	242444	247466
3	247467	248334
3	248335	248349
3	248350	248407
3	248408	249973
3	249974	250035
3	250036	250067
3	250068	250106
3	250107	250119
3	250120	250140
3	250141	254831
3	254832	254865
3	254866	254917
3	254918	254936
3	254937	254954
3	254955	254970
3	254971	254981
3	254982	255002
3	255003	255027
3	255028	255038
3	255039	255056
3	255057	255201
3	255202	255213
3	255214	255880
3	255881	255909
3	255910	255922
3	255923	255944
3	255945	256603
3	256604	256721
3	256722	257094
3	257095	257226
3	257227	257286
3	257287	257477
3	257478	257558
3	257559	257700
3	257701	257879
3	257880	257914
3	257915	257928
3	257929	257942
3	257943	257983
3	257984	258308
3	258309	258347
3	258348	258395
3	258396	258413
3	258414	258420
3	258421	258427
3	258428	258445
3	258446	258453
3	258454	258471
3	258472	258512
3	258513	258523
3	258524	258539
3	258540	258640
3	258641	258676
3	258677	258891
3	258892	259027
3	259028	259107
3	259108	259255
3	259256	259284
3	259285	259399
3	259400	259428
3	259429	259460
3	259461	260765
3	260766	260807
3	260808	260843
3	260844	260851
3	260852	261635
3	261636	261690
3	261691	261761
3	261762	262465
3	262466	262476
3	262477	262522
3	262523	262529
3	262530	262551
3	262552	265930
3	265931	265970
3	265971	266154
3	266155	266526
3	266527	266664
3	266665	270911
3	270912	271039
3	271040	281373
3	281374	287935
3	287936	287991
3	287992	288514
3	288515	288566
3	288567	288734
3	288735	293049
3	293050	293092
3	293093	293109
3	293110	299960
3	299961	301585
3	301586	301594
3	301595	301604
3	301605	301613
3	301614	301624
3	301625	301685
3	301686	301860
3	301861	301902
3	301903	301937
3	301938	301971
3	301972	302088
3	302089	302132
3	302133	302159
3	302160	302356
3	302357	305856
3	305857	330913
3	330914	330946
3	330947	343739
3	343740	343758
3	343759	343858
3	343859	344102
3	344103	344390
3	344391	345805
3	345806	345812
3	345813	348762
3	348763	348849
3	348850	349121
3	349122	349155
3	349156	353524
3	353525	358128
3	358129	358137
3	358138	358166
3	358167	358345
3	358346	358436
3	358437	364120
3	364121	372391
3	372392	390266
3	390267	390547
3	390548	390631
3	390632	390726
3	390727	390933
3	390934	391205
3	391206	391219
3	391220	391315
3	391316	401677
3	401678	401716
3	401717	403443
3	403444	403574
3	403575	405937
3	405938	405957
3	405958	405994
3	405995	406044
3	406045	406147
3	406148	406159
3	406160	410056
3	410057	410073
3	410074	410266
3	410267	410287
3	410288	410306
3	410307	410334
3	410335	410352
3	410353	410360
3	410361	410375
3	410376	410386
3	410387	410869
3	410870	410904
3	410905	410924
3	410925	410946
3	410947	410974
3	410975	414026
3	414027	414047
3	414048	414173
3	414174	414193
3	414194	414307
3	414308	414324
3	414325	414335
3	414336	414797
3	414798	418476
3	418477	418591
3	418592	418605
3	418606	418645
3	418646	418678
3	418679	418849
3	418850	419525
3	419526	419573
3	419574	419604
3	419605	419615
3	419616	419656
3	419657	420414
3	420415	420426
3	420427	420434
3	420435	420474
3	420475	420757
3	420758	420769
3	420770	420992
3	420993	421003
3	421004	421036
3	421037	421089
3	421090	421097
3	421098	421119
3	421120	421128
3	421129	421136
3	421137	421201
3	421202	421209
3	421210	421225
3	421226	421253
3	421254	422812
3	422813	422853
3	422854	422863
3	422864	422883
3	422884	422916
3	422917	422995
3	422996	423015
3	423016	423268
3	423269	423354
3	423355	423365
3	423366	423386
3	423387	423478
3	423479	423582
3	423583	423595
3	423596	423966
3	423967	424073
3	424074	424090
3	424091	424101
3	424102	424122
3	424123	424157
3	424158	424195
3	424196	424217
3	424218	424251
3	424252	424294
3	424295	424318
3	424319	424336
3	424337	424421
3	424422	424433
3	424434	424457
3	424458	424472
3	424473	424488
3	424489	424689
3	424690	425445
3	425446	425477
3	425478	425507
3	425508	425526
3	425527	425573
3	425574	425601
3	425602	425608
3	425609	425621
3	425622	425632
3	425633	428522
3	428523	428570
3	428571	428579
3	428580	428607
3	428608	428667
3	428668	428738
3	428739	428777
3	428778	428822
3	428823	428853
3	428854	428897
3	428898	429100
3	429101	429109
3	429110	429205
3	429206	431312
3	431313	431326
3	431327	431603
3	431604	433590
3	433591	433660
3	433661	433677
3	433678	433696
3	433697	433704
3	433705	433750
3	433751	433817
3	433818	433913
3	433914	433923
3	433924	433970
3	433971	434381
3	434382	434389
3	434390	434419
3	434420	434427
3	434428	434483
3	434484	434535
3	434536	434544
3	434545	434565
3	434566	434608
3	434609	434666
3	434667	434734
3	434735	434778
3	434779	434787
3	434788	434801
3	434802	434822
3	434823	434874
3	434875	434886
3	434887	434996
3	434997	435065
3	435066	435077
3	435078	435113
3	435114	435139
3	435140	438791
3	438792	438805
3	438806	438978
3	438979	439022
3	439023	439047
3	439048	439675
3	439676	439781
3	439782	439790
3	439791	441762
3	441763	441783
3	441784	441809
3	441810	442370
3	442371	442386
3	442387	442394
3	442395	442418
3	442419	442429
3	442430	442468
3	442469	442521
3	442522	442535
3	442536	442554
3	442555	442717
3	442718	444003
3	444004	444200
3	444201	444236
3	444237	444261
3	444262	444294
3	444295	444346
3	444347	444392
3	444393	444466
3	444467	444476
3	444477	444699
3	444700	444721
3	444722	444773
3	444774	444822
3	444823	444839
3	444840	444846
3	444847	444873
3	444874	444885
3	444886	444910
3	444911	444959
3	444960	445007
3	445008	445104
3	445105	445170
3	445171	445294
3	445295	445317
3	445318	445343
3	445344	445373
3	445374	445416
3	445417	445434
3	445435	445519
3	445520	445550
3	445551	445569
3	445570	445578
3	445579	445650
3	445651	445663
3	445664	445672
3	445673	445684
3	445685	445780
3	445781	445805
3	445806	445825
3	445826	445842
3	445843	445850
3	445851	445972
3	445973	446030
3	446031	446112
3	446113	446135
3	446136	446183
3	446184	446220
3	446221	446241
3	446242	446427
3	446428	446436
3	446437	446616
3	446617	446647
3	446648	446661
3	446662	446732
3	446733	446761
3	446762	446788
3	446789	446927
3	446928	446947
3	446948	446986
3	446987	447064
3	447065	447102
3	447103	447115
3	447116	447177
3	447178	447201
3	447202	447244
3	447245	447273
3	447274	447293
3	447294	447312
3	447313	447320
3	447321	447330
3	447331	447366
3	447367	447408
3	447409	447417
3	447418	447476
3	447477	447627
3	447628	447640
3	447641	447652
3	447653	447699
3	447700	447725
3	447726	447791
3	447792	447809
3	447810	447910
3	447911	447932
3	447933	447939
3	447940	447984
3	447985	447999
3	448000	448010
3	448011	448092
3	448093	448127
3	448128	448238
3	448239	448256
3	448257	448272
3	448273	448344
3	448345	448361
3	448362	448676
3	448677	448718
3	448719	448752
3	448753	449052
3	449053	449116
3	449117	449155
3	449156	449190
3	449191	449236
3	449237	449251
3	449252	449292
3	449293	449417
3	449418	449426
3	449427	449451
3	449452	449479
3	449480	449488
3	449489	449496
3	449497	449517
3	449518	449529
3	449530	449544
3	449545	449707
3	449708	449733
3	449734	449741
3	449742	449759
3	449760	449793
3	449794	450058
3	450059	450103
3	450104	450141
3	450142	450227
3	450228	452345
3	452346	452426
3	452427	452488
3	452489	453505
3	453506	453512
3	453513	453566
3	453567	453609
3	453610	453645
3	453646	453659
3	453660	453689
3	453690	453876
3	453877	453951
3	453952	454009
3	454010	454016
3	454017	454203
3	454204	454224
3	454225	454887
3	454888	455115
3	455116	455185
3	455186	456312
3	456313	456588
3	456589	456600
3	456601	456608
3	456609	456962
3	456963	457489
3	457490	457525
3	457526	457548
3	457549	457649
3	457650	457660
3	457661	457685
3	457686	457714
3	457715	457732
3	457733	457870
3	457871	457914
3	457915	457934
3	457935	457976
3	457977	458044
3	458045	458138
3	458139	458170
3	458171	458181
3	458182	458207
3	458208	458244
3	458245	458349
3	458350	458441
3	458442	458482
3	458483	458609
3	458610	458631
3	458632	458672
3	458673	458689
3	458690	458708
3	458709	458770
3	458771	458804
3	458805	458815
3	458816	458850
3	458851	458926
3	458927	458936
3	458937	458946
3	458947	458966
3	458967	459008
3	459009	459105
3	459106	459839
3	459840	459880
3	459881	459911
3	459912	459946
3	459947	461167
3	461168	461184
3	461185	461196
3	461197	461203
3	461204	461236
3	461237	461533
3	461534	461643
3	461644	461836
3	461837	461848
3	461849	461973
3	461974	461983
3	461984	462057
3	462058	462123
3	462124	462137
3	462138	462146
3	462147	462183
3	462184	462219
3	462220	462296
3	462297	462347
3	462348	462440
3	462441	462721
3	462722	462790
3	462791	462809
3	462810	462840
3	462841	462854
3	462855	462875
3	462876	462890
3	462891	462923
3	462924	462935
3	462936	462961
3	462962	462992
3	462993	463226
3	463227	463246
3	463247	463308
3	463309	463325
3	463326	463364
3	463365	463733
3	463734	463744
3	463745	463782
3	463783	463839
3	463840	463849
3	463850	463872
3	463873	463885
3	463886	463931
3	463932	463943
3	463944	464109
3	464110	464123
3	464124	464429
3	464430	464441
3	464442	464539
3	464540	464604
3	464605	464626
3	464627	464660
3	464661	464725
3	464726	464780
3	464781	464796
3	464797	464818
3	464819	464868
3	464869	464922
3	464923	465162
3	465163	465196
3	465197	465224
3	465225	465252
3	465253	465330
3	465331	465339
3	465340	465350
3	465351	465371
3	465372	465390
3	465391	465404
3	465405	465451
3	465452	465462
3	465463	465488
3	465489	465512
3	465513	465529
3	465530	465541
3	465542	465560
3	465561	465605
3	465606	465623
3	465624	465640
3	465641	465678
3	465679	465701
3	465702	465747
3	465748	465948
3	465949	465979
3	465980	466008
3	466009	466030
3	466031	466068
3	466069	466097
3	466098	466373
3	466374	466386
3	466387	466424
3	466425	466439
3	466440	466490
3	466491	466772
3	466773	466796
3	466797	466838
3	466839	466998
3	466999	467027
3	467028	467129
3	467130	467138
3	467139	467158
3	467159	467206
3	467207	467249
3	467250	467269
3	467270	467308
3	467309	467319
3	467320	467531
3	467532	467540
3	467541	467572
3	467573	470200
3	470201	470387
3	470388	470450
3	470451	470462
3	470463	470482
3	470483	470512
3	470513	470541
3	470542	470566
3	470567	470641
3	470642	470681
3	470682	470702
3	470703	470773
3	470774	470805
3	470806	470872
3	470873	470896
3	470897	470959
3	470960	470969
3	470970	471115
3	471116	471868
3	471869	471888
3	471889	472018
3	472019	472088
3	472089	472113
3	472114	472130
3	472131	472157
3	472158	472178
3	472179	472191
3	472192	472228
3	472229	472262
3	472263	472329
3	472330	472348
3	472349	472386
3	472387	472394
3	472395	472415
3	472416	472558
3	472559	472578
3	472579	472601
3	472602	472663
3	472664	472709
3	472710	472733
3	472734	472746
3	472747	472773
3	472774	472789
3	472790	472809
3	472810	472829
3	472830	472861
3	472862	472881
3	472882	473113
3	473114	473120
3	473121	473133
3	473134	473147
3	473148	473274
3	473275	473295
3	473296	473349
3	473350	473407
3	473408	473421
3	473422	473453
3	473454	473467
3	473468	473480
3	473481	473597
3	473598	473604
3	473605	473624
3	473625	473643
3	473644	473687
3	473688	473711
3	473712	473788
3	473789	473798
3	473799	473816
3	473817	473976
3	473977	474030
3	474031	474050
3	474051	474517
3	474518	474538
3	474539	474646
3	474647	474667
3	474668	474721
3	474722	474790
3	474791	474812
3	474813	474878
3	474879	475102
3	475103	475124
3	475125	475190
3	475191	475197
3	475198	476035
3	476036	476074
3	476075	476168
3	476169	476741
3	476742	476808
3	476809	478013
3	478014	479044
3	479045	479095
3	479096	479105
3	479106	480679
3	480680	480821
3	480822	480918
3	480919	480957
3	480958	480982
3	480983	481026
3	481027	481053
3	481054	481084
3	481085	481234
3	481235	481406
3	481407	481435
3	481436	482796
3	482797	482814
3	482815	482840
3	482841	482861
3	482862	485340
3	485341	485781
3	485782	486879
3	486880	486913
3	486914	486934
3	486935	486966
3	486967	486974
3	486975	487028
3	487029	488318
3	488319	488330
3	488331	488712
3	488713	490245
3	490246	490267
3	490268	490334
3	490335	490395
3	490396	490415
3	490416	491254
3	491255	491276
3	491277	491331
3	491332	491590
3	491591	491625
3	491626	491654
3	491655	491665
3	491666	491819
3	491820	491918
3	491919	491932
3	491933	492022
3	492023	492039
3	492040	492053
3	492054	492074
3	492075	492083
3	492084	492093
3	492094	492212
3	492213	492241
3	492242	492281
3	492282	492310
3	492311	492386
3	492387	492409
3	492410	492466
3	492467	492496
3	492497	492516
3	492517	492528
3	492529	492554
3	492555	492572
3	492573	492720
3	492721	492732
3	492733	495562
3	495563	495619
3	495620	499418
3	499419	499429
3	499430	505049
3	505050	505079
3	505080	505117
3	505118	505185
3	505186	505384
3	505385	505397
3	505398	505506
3	505507	507386
3	507387	507506
3	507507	508635
3	508636	508782
3	508783	508799
3	508800	508809
3	508810	508817
3	508818	508942
3	508943	508993
3	508994	509039
3	509040	509054
3	509055	510408
3	510409	510542
3	510543	510569
3	510570	510583
3	510584	510648
3	510649	510671
3	510672	510681
3	510682	511587
3	511588	511609
3	511610	512353
3	512354	512390
3	512391	512439
3	512440	512508
3	512509	512524
3	512525	512642
3	512643	512742
3	512743	512749
3	512750	512772
3	512773	512810
3	512811	512843
3	512844	512878
3	512879	513984
3	513985	513999
3	514000	514020
3	514021	514050
3	514051	514069
3	514070	514150
3	514151	514159
3	514160	514188
3	514189	514214
3	514215	514237
3	514238	514931
3	514932	515637
3	515638	516053
3	516054	516596
3	516597	517060
3	517061	517080
3	517081	517220
3	517221	517275
3	517276	517299
3	517300	517340
3	517341	517359
3	517360	517368
3	517369	517385
3	517386	517426
3	517427	517807
3	517808	517824
3	517825	517948
3	517949	520407
3	520408	520447
3	520448	520614
3	520615	520651
3	520652	523180
3	523181	523199
3	523200	524215
3	524216	524240
3	524241	526166
3	526167	526311
3	526312	526338
3	526339	526359
3	526360	526409
3	526410	526428
3	526429	526691
3	526692	526720
3	526721	526758
3	526759	526840
3	526841	526847
3	526848	526876
3	526877	526888
3	526889	526896
3	526897	526971
3	526972	527061
3	527062	527082
3	527083	527300
3	527301	527312
3	527313	527400
3	527401	531389
3	531390	531443
3	531444	531494
3	531495	531538
3	531539	531555
3	531556	531661
3	531662	532178
3	532179	532192
3	532193	532203
3	532204	535735
3	535736	535750
3	535751	536576
3	536577	536706
3	536707	536729
3	536730	538779
3	538780	538790
3	538791	538996
3	538997	539009
3	539010	539023
3	539024	539284
3	539285	539305
3	539306	539322
3	539323	539407
3	539408	539817
3	539818	540413
3	540414	540421
3	540422	540478
3	540479	540498
3	540499	540548
3	540549	541581
3	541582	541625
3	541626	541656
3	541657	543540
3	543541	543588
3	543589	543640
3	543641	543682
3	543683	543730
3	543731	543738
3	543739	543767
3	543768	543774
3	543775	543781
3	543782	543790
3	543791	543896
3	543897	544726
3	544727	544757
3	544758	545550
3	545551	545614
3	545615	545654
3	545655	545672
3	545673	545810
3	545811	545831
3	545832	545844
3	545845	545859
3	545860	545874
3	545875	546539
3	546540	546562
3	546563	547244
3	547245	547430
3	547431	549231
3	549232	549241
3	549242	549259
3	549260	549316
3	549317	549723
3	549724	549779
3	549780	549846
3	549847	549854
3	549855	549898
3	549899	551585
3	551586	551615
3	551616	551698
3	551699	551717
3	551718	551913
3	551914	555064
3	555065	556441
3	556442	557476
3	557477	557498
3	557499	557543
3	557544	557587
3	557588	557608
3	557609	559139
3	559140	559176
3	559177	559201
3	559202	559214
3	559215	559289
3	559290	559427
3	559428	559477
3	559478	559563
3	559564	559669
3	559670	559705
3	559706	559726
3	559727	560984
3	560985	561000
3	561001	561010
3	561011	561044
3	561045	561057
3	561058	562532
3	562533	562673
3	562674	563361
3	563362	563448
3	563449	563489
3	563490	563501
3	563502	563589
3	563590	563614
3	563615	566676
3	566677	566803
3	566804	566861
3	566862	566879
3	566880	566947
3	566948	566979
3	566980	566986
3	566987	567034
3	567035	567450
3	567451	567471
3	567472	567503
3	567504	567619
3	567620	567636
3	567637	567927
3	567928	568073
3	568074	568174
3	568175	568323
3	568324	568340
3	568341	568451
3	568452	568694
3	568695	569004
3	569005	569036
3	569037	569110
3	569111	569217
3	569218	569267
3	569268	569343
3	569344	569426
3	569427	569434
3	569435	569643
3	569644	569713
3	569714	569754
3	569755	569776
3	569777	569837
3	569838	569861
3	569862	569894
3	569895	569904
3	569905	569947
3	569948	569972
3	569973	569996
3	569997	570293
3	570294	570355
3	570356	570427
3	570428	570465
3	570466	570494
3	570495	570608
3	570609	570643
3	570644	570658
3	570659	570737
3	570738	570752
3	570753	570778
3	570779	570820
3	570821	570906
3	570907	571080
3	571081	571126
3	571127	571144
3	571145	571162
3	571163	571176
3	571177	571226
3	571227	571356
3	571357	571430
3	571431	571438
3	571439	573676
3	573677	573701
3	573702	573713
3	573714	573743
3	573744	573755
3	573756	573851
3	573852	573904
3	573905	573914
3	573915	573924
3	573925	573971
3	573972	574019
3	574020	574029
3	574030	578222
3	578223	579158
3	579159	579460
3	579461	579473
3	579474	579674
3	579675	581005
3	581006	581075
3	581076	581094
3	581095	581638
3	581639	581652
3	581653	581664
3	581665	581834
3	581835	584490
3	584491	584876
3	584877	584983
3	584984	585009
3	585010	585039
3	585040	585050
3	585051	585065
3	585066	585157
3	585158	585737
3	585738	585756
3	585757	586236
3	586237	586249
3	586250	586366
3	586367	586379
3	586380	586391
3	586392	586509
3	586510	586536
3	586537	586800
3	586801	587501
3	587502	587756
3	587757	587810
3	587811	587836
3	587837	587862
3	587863	587891
3	587892	587920
3	587921	588793
3	588794	588858
3	588859	589106
3	589107	589154
3	589155	590461
3	590462	590483
3	590484	592613
3	592614	592920
3	592921	592938
3	592939	592964
3	592965	592975
3	592976	595392
3	595393	595464
3	595465	595524
3	595525	595617
3	595618	595667
3	595668	595676
3	595677	596496
3	596497	596538
3	596539	598806
3	598807	598967
3	598968	598983
3	598984	599006
3	599007	599028
3	599029	599124
3	599125	599273
3	599274	599630
3	599631	599825
3	599826	599841
3	599842	599860
3	599861	601169
3	601170	601181
3	601182	601373
3	601374	601548
3	601549	602667
3	602668	602684
3	602685	603802
3	603803	603820
3	603821	603832
3	603833	604138
3	604139	604153
3	604154	604208
3	604209	604223
3	604224	604254
3	604255	604275
3	604276	604314
3	604315	604337
3	604338	604347
3	604348	604405
3	604406	604425
3	604426	604508
3	604509	604534
3	604535	604767
3	604768	604917
3	604918	604961
3	604962	604990
3	604991	605048
3	605049	605095
3	605096	605139
3	605140	605157
3	605158	605189
3	605190	605250
3	605251	605268
3	605269	605293
3	605294	605311
3	605312	605336
3	605337	605435
3	605436	605444
3	605445	605458
3	605459	605479
3	605480	605487
3	605488	605498
3	605499	605513
3	605514	605525
3	605526	605626
3	605627	605751
3	605752	605767
3	605768	605870
3	605871	605879
3	605880	605891
3	605892	605908
3	605909	605933
3	605934	605944
3	605945	606073
3	606074	606103
3	606104	606127
3	606128	606134
3	606135	606146
3	606147	606190
3	606191	606259
3	606260	606268
3	606269	606303
3	606304	606374
3	606375	606384
3	606385	606452
3	606453	606568
3	606569	606578
3	606579	606593
3	606594	606618
3	606619	607115
3	607116	607146
3	607147	607153
3	607154	607168
3	607169	607175
3	607176	607188
3	607189	607254
3	607255	607280
3	607281	607325
3	607326	607373
3	607374	607471
3	607472	607485
3	607486	607510
3	607511	607533
3	607534	607613
3	607614	607625
3	607626	607636
3	607637	607698
3	607699	607710
3	607711	607729
3	607730	607742
3	607743	607757
3	607758	607771
3	607772	607826
3	607827	607887
3	607888	607912
3	607913	608046
3	608047	608145
3	608146	611167
3	611168	611251
3	611252	612268
3	612269	612275
3	612276	612288
3	612289	612296
3	612297	612359
3	612360	612368
3	612369	612454
3	612455	612474
3	612475	612550
3	612551	612595
3	612596	612669
3	612670	612677
3	612678	612691
3	612692	612706
3	612707	612748
3	612749	612755
3	612756	612788
3	612789	612801
3	612802	612832
3	612833	612878
3	612879	612899
3	612900	612916
3	612917	612925
3	612926	612980
3	612981	614189
3	614190	614206
3	614207	614405
3	614406	614426
3	614427	614464
3	614465	614494
3	614495	614517
3	614518	614527
3	614528	614539
3	614540	614572
3	614573	614587
3	614588	614625
3	614626	614862
3	614863	615331
3	615332	615345
3	615346	615364
3	615365	615372
3	615373	615402
3	615403	615409
3	615410	615427
3	615428	615469
3	615470	615499
3	615500	615514
3	615515	617019
4	0	140
4	141	248
4	249	1977
4	1978	1990
4	1991	2058
4	2059	2465
4	2466	2543
4	2544	2550
4	2551	2619
4	2620	2929
4	2930	2956
4	2957	3425
4	3426	3436
4	3437	3489
4	3490	3506
4	3507	3530
4	3531	3557
4	3558	3569
4	3570	3630
4	3631	3663
4	3664	3682
4	3683	3693
4	3694	3703
4	3704	3719
4	3720	3794
4	3795	3827
4	3828	3861
4	3862	3982
4	3983	4004
4	4005	4048
4	4049	5082
4	5083	5090
4	5091	5103
4	5104	5126
4	5127	5150
4	5151	5161
4	5162	5222
4	5223	5243
4	5244	5587
4	5588	5596
4	5597	5664
4	5665	5675
4	5676	5685
4	5686	8424
4	8425	8435
4	8436	8453
4	8454	8467
4	8468	10587
4	10588	10653
4	10654	12287
4	12288	12300
4	12301	12309
4	12310	12337
4	12338	12370
4	12371	12405
4	12406	12423
4	12424	12444
4	12445	12591
4	12592	12654
4	12655	12689
4	12690	15266
4	15267	17786
4	17787	17796
4	17797	17814
4	17815	18025
4	18026	18121
4	18122	18186
4	18187	18193
4	18194	18245
4	18246	18613
4	18614	18624
4	18625	18631
4	18632	18643
4	18644	18662
4	18663	18683
4	18684	19527
4	19528	19539
4	19540	20652
4	20653	22361
4	22362	22412
4	22413	23335
4	23336	23458
4	23459	23465
4	23466	23477
4	23478	23487
4	23488	23504
4	23505	23512
4	23513	23523
4	23524	25713
4	25714	25730
4	25731	25747
4	25748	25770
4	25771	25825
4	25826	25846
4	25847	25899
4	25900	31549
4	31550	31587
4	31588	31622
4	31623	31750
4	31751	38586
4	38587	38631
4	38632	42100
4	42101	42107
4	42108	42125
4	42126	42436
4	42437	42458
4	42459	42483
4	42484	42494
4	42495	42509
4	42510	42536
4	42537	42556
4	42557	42595
4	42596	44549
4	44550	44581
4	44582	44644
4	44645	49761
4	49762	50026
4	50027	50060
4	50061	56072
4	56073	62326
4	62327	62339
4	62340	62457
4	62458	62567
4	62568	62613
4	62614	62627
4	62628	73394
4	73395	77566
4	77567	77602
4	77603	77650
4	77651	77691
4	77692	77710
4	77711	77724
4	77725	77740
4	77741	78048
4	78049	78114
4	78115	78127
4	78128	78141
4	78142	78160
4	78161	78169
4	78170	78184
4	78185	78194
4	78195	78343
4	78344	78365
4	78366	78513
4	78514	78521
4	78522	78545
4	78546	81533
4	81534	81642
4	81643	81661
4	81662	81674
4	81675	81693
4	81694	81732
4	81733	81742
4	81743	81751
4	81752	81764
4	81765	81779
4	81780	81805
4	81806	81987
4	81988	82005
4	82006	82015
4	82016	82032
4	82033	82045
4	82046	82654
4	82655	82671
4	82672	82690
4	82691	82804
4	82805	83914
4	83915	83967
4	83968	83981
4	83982	84013
4	84014	84037
4	84038	84058
4	84059	84067
4	84068	84090
4	84091	84167
4	84168	85563
4	85564	88248
4	88249	88270
4	88271	88278
4	88279	88381
4	88382	93689
4	93690	93721
4	93722	100448
4	100449	128805
4	128806	132649
4	132650	132804
4	132805	133022
4	133023	133206
4	133207	133260
4	133261	135227
4	135228	135238
4	135239	135305
4	135306	145840
4	145841	145931
4	145932	145940
4	145941	146082
4	146083	146109
4	146110	148841
4	148842	148901
4	148902	148931
4	148932	148955
4	148956	149031
4	149032	149054
4	149055	149091
4	149092	149125
4	149126	152640
4	152641	152702
4	152703	152898
4	152899	152905
4	152906	152946
4	152947	152980
4	152981	153028
4	153029	155123
4	155124	155165
4	155166	155265
4	155266	155399
4	155400	156350
4	156351	157150
4	157151	157191
4	157192	157224
4	157225	157244
4	157245	157300
4	157301	157309
4	157310	157329
4	157330	157735
4	157736	157761
4	157762	157771
4	157772	157789
4	157790	165021
4	165022	167872
4	167873	167899
4	167900	167987
4	167988	168656
4	168657	168669
4	168670	168685
4	168686	168737
4	168738	168750
4	168751	168796
4	168797	168953
4	168954	169069
4	169070	169076
4	169077	169124
4	169125	170751
4	170752	170903
4	170904	172375
4	172376	172389
4	172390	172434
4	172435	172741
4	172742	172756
4	172757	172827
4	172828	173364
4	173365	173704
4	173705	173714
4	173715	173821
4	173822	173831
4	173832	176214
4	176215	177273
4	177274	177281
4	177282	177357
4	177358	177380
4	177381	179053
4	179054	179328
4	179329	179374
4	179375	179383
4	179384	179645
4	179646	179687
4	179688	179695
4	179696	179730
4	179731	179748
4	179749	179823
4	179824	179841
4	179842	179871
4	179872	179907
4	179908	179915
4	179916	179964
4	179965	182156
4	182157	182264
4	182265	182273
4	182274	182289
4	182290	182305
4	182306	182338
4	182339	182359
4	182360	182390
4	182391	182430
4	182431	186013
4	186014	186044
4	186045	186057
4	186058	186197
4	186198	186241
4	186242	186761
4	186762	186781
4	186782	186811
4	186812	186953
4	186954	186998
4	186999	187016
4	187017	187046
4	187047	187059
4	187060	187246
4	187247	189946
4	189947	189956
4	189957	189974
4	189975	190049
4	190050	190402
4	190403	190418
4	190419	190792
4	190793	190800
4	190801	190825
4	190826	190916
4	190917	193884
4	193885	193929
4	193930	193937
4	193938	196748
4	196749	196777
4	196778	196798
4	196799	196840
4	196841	197075
4	197076	197084
4	197085	197101
4	197102	197112
4	197113	197176
4	197177	197222
4	197223	197229
4	197230	197331
4	197332	198350
4	198351	198375
4	198376	199587
4	199588	199599
4	199600	199688
4	199689	202719
4	202720	202739
4	202740	202748
4	202749	202758
4	202759	202772
4	202773	202830
4	202831	202849
4	202850	207270
4	207271	209519
4	209520	210294
4	210295	210630
4	210631	210686
4	210687	210732
4	210733	210966
4	210967	211118
4	211119	211171
4	211172	211302
4	211303	211322
4	211323	211350
4	211351	211452
4	211453	211501
4	211502	211579
4	211580	211611
4	211612	211735
4	211736	211762
4	211763	211777
4	211778	211796
4	211797	212094
4	212095	212118
4	212119	212126
4	212127	212211
4	212212	212223
4	212224	212233
4	212234	212264
4	212265	212332
4	212333	212422
4	212423	212945
4	212946	212953
4	212954	212994
4	212995	213146
4	213147	213211
4	213212	213219
4	213220	213386
4	213387	213547
4	213548	213692
4	213693	213857
4	213858	213884
4	213885	214061
4	214062	214068
4	214069	214091
4	214092	214111
4	214112	214260
4	214261	214381
4	214382	214502
4	214503	214513
4	214514	214520
4	214521	214547
4	214548	214564
4	214565	215719
4	215720	215750
4	215751	215765
4	215766	215779
4	215780	215872
4	215873	216193
4	216194	216248
4	216249	217306
4	217307	217314
4	217315	217322
4	217323	217356
4	217357	217421
4	217422	217613
4	217614	217634
4	217635	217660
4	217661	217770
4	217771	220871
4	220872	220903
4	220904	220917
4	220918	220928
4	220929	220979
4	220980	220996
4	220997	221010
4	221011	221023
4	221024	221050
4	221051	221093
4	221094	221216
4	221217	221233
4	221234	221326
4	221327	221345
4	221346	221423
4	221424	221536
4	221537	221569
4	221570	221590
4	221591	221599
4	221600	221641
4	221642	221744
4	221745	221858
4	221859	221897
4	221898	221908
4	221909	221940
4	221941	222612
4	222613	222709
4	222710	222766
4	222767	222793
4	222794	222850
4	222851	222881
4	222882	223165
4	223166	223184
4	223185	223198
4	223199	223215
4	223216	223229
4	223230	223262
4	223263	223300
4	223301	223636
4	223637	225731
4	225732	225742
4	225743	225883
4	225884	225946
4	225947	226125
4	226126	226202
4	226203	226213
4	226214	226338
4	226339	226358
4	226359	226385
4	226386	226418
4	226419	226439
4	226440	226534
4	226535	226806
4	226807	227154
4	227155	227163
4	227164	227405
4	227406	227436
4	227437	228720
4	228721	228773
4	228774	228802
4	228803	228818
4	228819	228828
4	228829	228849
4	228850	228862
4	228863	228870
4	228871	229183
4	229184	229217
4	229218	229306
4	229307	229316
4	229317	229342
4	229343	229458
4	229459	229472
4	229473	229483
4	229484	229500
4	229501	229606
4	229607	231049
4	231050	231085
4	231086	231424
4	231425	231433
4	231434	231735
4	231736	231955
4	231956	231986
4	231987	232012
4	232013	232025
4	232026	232033
4	232034	232049
4	232050	232099
4	232100	232127
4	232128	234864
4	234865	234871
4	234872	235042
4	235043	235049
4	235050	235076
4	235077	235134
4	235135	235174
4	235175	235187
4	235188	235292
4	235293	235406
4	235407	235414
4	235415	235455
4	235456	235493
4	235494	235523
4	235524	235576
4	235577	235608
4	235609	235615
4	235616	236272
4	236273	236777
4	236778	237037
4	237038	237375
4	237376	237384
4	237385	237405
4	237406	237412
4	237413	237506
4	237507	237521
4	237522	237542
4	237543	237621
4	237622	237660
4	237661	237727
4	237728	237744
4	237745	237762
4	237763	237789
4	237790	237819
4	237820	237999
4	238000	238052
4	238053	238065
4	238066	238087
4	238088	238238
4	238239	238318
4	238319	238416
4	238417	238461
4	238462	238477
4	238478	238486
4	238487	238503
4	238504	238534
4	238535	238553
4	238554	238601
4	238602	239261
4	239262	239276
4	239277	239308
4	239309	239323
4	239324	239362
4	239363	239400
4	239401	240580
4	240581	240666
4	240667	240676
4	240677	240762
4	240763	240810
4	240811	242034
4	242035	242321
4	242322	242361
4	242362	242369
4	242370	242616
4	242617	242638
4	242639	242648
4	242649	242697
4	242698	242738
4	242739	242761
4	242762	242793
4	242794	242805
4	242806	242813
4	242814	242833
4	242834	242864
4	242865	242914
4	242915	242973
4	242974	243001
4	243002	243031
4	243032	243079
4	243080	243099
4	243100	243233
4	243234	243292
4	243293	243320
4	243321	243600
4	243601	245540
4	245541	245571
4	245572	245606
4	245607	245665
4	245666	245756
4	245757	245771
4	245772	245880
4	245881	246114
4	246115	246224
4	246225	247609
4	247610	247673
4	247674	247724
4	247725	247747
4	247748	247761
4	247762	247773
4	247774	248045
4	248046	248062
4	248063	248949
4	248950	249650
4	249651	249681
4	249682	249828
4	249829	250006
4	250007	250029
4	250030	250131
4	250132	250155
4	250156	250164
4	250165	250178
4	250179	250189
4	250190	250204
4	250205	250338
4	250339	250354
4	250355	250559
4	250560	250588
4	250589	250872
4	250873	251022
4	251023	251087
4	251088	251133
4	251134	251155
4	251156	251174
4	251175	251186
4	251187	251405
4	251406	251428
4	251429	251468
4	251469	251764
4	251765	251786
4	251787	251802
4	251803	251813
4	251814	251822
4	251823	251853
4	251854	251868
4	251869	251901
4	251902	251921
4	251922	252626
4	252627	252804
4	252805	252824
4	252825	252883
4	252884	252934
4	252935	252981
4	252982	253006
4	253007	253147
4	253148	253240
4	253241	253322
4	253323	253887
4	253888	253907
4	253908	253919
4	253920	253930
4	253931	253945
4	253946	253954
4	253955	253973
4	253974	253987
4	253988	254001
4	254002	254024
4	254025	254054
4	254055	254063
4	254064	254078
4	254079	254102
4	254103	254432
4	254433	254469
4	254470	254843
4	254844	254933
4	254934	254949
4	254950	254974
4	254975	254983
4	254984	255211
4	255212	256004
4	256005	256066
4	256067	256084
4	256085	256097
4	256098	256341
4	256342	256350
4	256351	256498
4	256499	256525
4	256526	256541
4	256542	256554
4	256555	256625
4	256626	256645
4	256646	256652
4	256653	256741
4	256742	256755
4	256756	256773
4	256774	256802
4	256803	256813
4	256814	256835
4	256836	256860
4	256861	256896
4	256897	256924
4	256925	257511
4	257512	257951
4	257952	257983
4	257984	257996
4	257997	258041
4	258042	258067
4	258068	258079
4	258080	258097
4	258098	258433
4	258434	259110
4	259111	259158
4	259159	259211
4	259212	259310
4	259311	259438
4	259439	259454
4	259455	259464
4	259465	259504
4	259505	259514
4	259515	259525
4	259526	259540
4	259541	259572
4	259573	259589
4	259590	261371
4	261372	261391
4	261392	261398
4	261399	261577
4	261578	261610
4	261611	261633
4	261634	261733
4	261734	261758
4	261759	261891
4	261892	261915
4	261916	261963
4	261964	261975
4	261976	261990
4	261991	261999
4	262000	262020
4	262021	262084
4	262085	262112
4	262113	262128
4	262129	262155
4	262156	262197
4	262198	262271
4	262272	262279
4	262280	262286
4	262287	262363
4	262364	262381
4	262382	262396
4	262397	262431
4	262432	262443
4	262444	262502
4	262503	262511
4	262512	262622
4	262623	262639
4	262640	262653
4	262654	262688
4	262689	262796
4	262797	262814
4	262815	262821
4	262822	262876
4	262877	262884
4	262885	262914
4	262915	262988
4	262989	263168
4	263169	263402
4	263403	263424
4	263425	263469
4	263470	263479
4	263480	263494
4	263495	263606
4	263607	263751
4	263752	263990
4	263991	264140
4	264141	264985
4	264986	265061
4	265062	265214
4	265215	265221
4	265222	265228
4	265229	265298
4	265299	265332
4	265333	265351
4	265352	265360
4	265361	265377
4	265378	265390
4	265391	265420
4	265421	265434
4	265435	265480
4	265481	265552
4	265553	265770
4	265771	265817
4	265818	266053
4	266054	266073
4	266074	266090
4	266091	266101
4	266102	266116
4	266117	266140
4	266141	266156
4	266157	266168
4	266169	266189
4	266190	266235
4	266236	266285
4	266286	266326
4	266327	266346
4	266347	266370
4	266371	266394
4	266395	266424
4	266425	266434
4	266435	266459
4	266460	266473
4	266474	266485
4	266486	266531
4	266532	266570
4	266571	266608
4	266609	266792
4	266793	266812
4	266813	266833
4	266834	266921
4	266922	266928
4	266929	266965
4	266966	266982
4	266983	267281
4	267282	267376
4	267377	267441
4	267442	267471
4	267472	267580
4	267581	267614
4	267615	267626
4	267627	267648
4	267649	267734
4	267735	267816
4	267817	267831
4	267832	267845
4	267846	267883
4	267884	267890
4	267891	267906
4	267907	267944
4	267945	268073
4	268074	268255
4	268256	268308
4	268309	268327
4	268328	268381
4	268382	268412
4	268413	268433
4	268434	268499
4	268500	268528
4	268529	268947
4	268948	268964
4	268965	269028
4	269029	269048
4	269049	269120
4	269121	269131
4	269132	269156
4	269157	269208
4	269209	269249
4	269250	269257
4	269258	269284
4	269285	269313
4	269314	269330
4	269331	269396
4	269397	269412
4	269413	269530
4	269531	269600
4	269601	269645
4	269646	269908
4	269909	269943
4	269944	270026
4	270027	270067
4	270068	270086
4	270087	270094
4	270095	270551
4	270552	270568
4	270569	270664
4	270665	270692
4	270693	270734
4	270735	274075
4	274076	274107
4	274108	275444
4	275445	275549
4	275550	275835
4	275836	275843
4	275844	275964
4	275965	275977
4	275978	276328
4	276329	276349
4	276350	276369
4	276370	276376
4	276377	276429
4	276430	276467
4	276468	276524
4	276525	276543
4	276544	276551
4	276552	276564
4	276565	276586
4	276587	276613
4	276614	276637
4	276638	276663
4	276664	276722
4	276723	276731
4	276732	276811
4	276812	276838
4	276839	276854
4	276855	276875
4	276876	276947
4	276948	277288
4	277289	277403
4	277404	277425
4	277426	277513
4	277514	277530
4	277531	279044
4	279045	279160
4	279161	279185
4	279186	279250
4	279251	279278
4	279279	279330
4	279331	279415
4	279416	279433
4	279434	279442
4	279443	279455
4	279456	279519
4	279520	281298
4	281299	281320
4	281321	281341
4	281342	281410
4	281411	285066
4	285067	285090
4	285091	285136
4	285137	285264
4	285265	285317
4	285318	285339
4	285340	285471
4	285472	285486
4	285487	288968
4	288969	289149
4	289150	289166
4	289167	289175
4	289176	289188
4	289189	289317
4	289318	289339
4	289340	289445
4	289446	289480
4	289481	289495
4	289496	289531
4	289532	289613
4	289614	289782
4	289783	289921
4	289922	290321
4	290322	290387
4	290388	290406
4	290407	290517
4	290518	290532
4	290533	290559
4	290560	290581
4	290582	290591
4	290592	290598
4	290599	290608
4	290609	290667
4	290668	290774
4	290775	290803
4	290804	290815
4	290816	290822
4	290823	290852
4	290853	290863
4	290864	291114
4	291115	291154
4	291155	291216
4	291217	291223
4	291224	291234
4	291235	291254
4	291255	291268
4	291269	291277
4	291278	291287
4	291288	291330
4	291331	291342
4	291343	291370
4	291371	291396
4	291397	291405
4	291406	291415
4	291416	291426
4	291427	291439
4	291440	291480
4	291481	291489
4	291490	291503
4	291504	291535
4	291536	291543
4	291544	291636
4	291637	291649
4	291650	291663
4	291664	291685
4	291686	291810
4	291811	291960
4	291961	291994
4	291995	292012
4	292013	292031
4	292032	292223
4	292224	292350
4	292351	292381
4	292382	292402
4	292403	292434
4	292435	292605
4	292606	292682
4	292683	292734
4	292735	292745
4	292746	292756
4	292757	292778
4	292779	292794
4	292795	292863
4	292864	292881
4	292882	292949
4	292950	293046
4	293047	293054
4	293055	293130
4	293131	293207
4	293208	293422
4	293423	293435
4	293436	293453
4	293454	293465
4	293466	293488
4	293489	293507
4	293508	293538
4	293539	293937
4	293938	294254
4	294255	294343
4	294344	294353
4	294354	294386
4	294387	294437
4	294438	294444
4	294445	294601
4	294602	294658
4	294659	294687
4	294688	294718
4	294719	294767
4	294768	294849
4	294850	294872
4	294873	294973
4	294974	295030
4	295031	295751
4	295752	295781
4	295782	295940
4	295941	296889
4	296890	296952
4	296953	297311
4	297312	297400
4	297401	297420
4	297421	297439
4	297440	297455
4	297456	297467
4	297468	297667
4	297668	298909
4	298910	298920
4	298921	299099
4	299100	299110
4	299111	299147
4	299148	299167
4	299168	299214
4	299215	299228
4	299229	299264
4	299265	299294
4	299295	299462
4	299463	299487
4	299488	299508
4	299509	299535
4	299536	299545
4	299546	300026
4	300027	300036
4	300037	300104
4	300105	300198
4	300199	300217
4	300218	300365
4	300366	300372
4	300373	300521
4	300522	300538
4	300539	300595
4	300596	300632
4	300633	300667
4	300668	300691
4	300692	300753
4	300754	300806
4	300807	300894
4	300895	300917
4	300918	300940
4	300941	300963
4	300964	300983
4	300984	301006
4	301007	301016
4	301017	301029
4	301030	301061
4	301062	301094
4	301095	301108
4	301109	301174
4	301175	301229
4	301230	301249
4	301250	301540
4	301541	301579
4	301580	301666
4	301667	301685
4	301686	301788
4	301789	301810
4	301811	301819
4	301820	301856
4	301857	301882
4	301883	301946
4	301947	301994
4	301995	302414
4	302415	302446
4	302447	302496
4	302497	302587
4	302588	302607
4	302608	302625
4	302626	302647
4	302648	302713
4	302714	302725
4	302726	302748
4	302749	302790
4	302791	302826
4	302827	302900
4	302901	303099
4	303100	303129
4	303130	303163
4	303164	303171
4	303172	303544
4	303545	303588
4	303589	303713
4	303714	303737
4	303738	303779
4	303780	303831
4	303832	303838
4	303839	303859
4	303860	304520
4	304521	304649
4	304650	304676
4	304677	304727
4	304728	304837
4	304838	304877
4	304878	304915
4	304916	304941
4	304942	304954
4	304955	304970
4	304971	305056
4	305057	305063
4	305064	305102
4	305103	305120
4	305121	305140
4	305141	305443
4	305444	305482
4	305483	305563
4	305564	305613
4	305614	305629
4	305630	305734
4	305735	305791
4	305792	305846
4	305847	306060
4	306061	306072
4	306073	306186
4	306187	306224
4	306225	306291
4	306292	306349
4	306350	306398
4	306399	306418
4	306419	306480
4	306481	306544
4	306545	306560
4	306561	306597
4	306598	306607
4	306608	306630
4	306631	306842
4	306843	306981
4	306982	307000
4	307001	307015
4	307016	307032
4	307033	307039
4	307040	307050
4	307051	307092
4	307093	307109
4	307110	307267
4	307268	307372
4	307373	307382
4	307383	307496
4	307497	307524
4	307525	307558
4	307559	307580
4	307581	307608
4	307609	307640
4	307641	307694
4	307695	307747
4	307748	307762
4	307763	307789
4	307790	307801
4	307802	307898
4	307899	307918
4	307919	307940
4	307941	307966
4	307967	307982
4	307983	308100
4	308101	308134
4	308135	308150
4	308151	308177
4	308178	308196
4	308197	308224
4	308225	308242
4	308243	308278
4	308279	308322
4	308323	308352
4	308353	308422
4	308423	308433
4	308434	308448
4	308449	308565
4	308566	308579
4	308580	308607
4	308608	308622
4	308623	308654
4	308655	308711
4	308712	309712
4	309713	309837
4	309838	310298
4	310299	310380
4	310381	310404
4	310405	310469
4	310470	310476
4	310477	310537
4	310538	310553
4	310554	310701
4	310702	310731
4	310732	310776
4	310777	310792
4	310793	310799
4	310800	310806
4	310807	311066
4	311067	311134
4	311135	311155
4	311156	311177
4	311178	311184
4	311185	311194
4	311195	311223
4	311224	311258
4	311259	311280
4	311281	311296
4	311297	312420
4	312421	312452
4	312453	312474
4	312475	312512
4	312513	312519
4	312520	312549
4	312550	312581
4	312582	312589
4	312590	312785
4	312786	313611
4	313612	313638
4	313639	314208
4	314209	314228
4	314229	314286
4	314287	314417
4	314418	314606
4	314607	314617
4	314618	316405
4	316406	316435
4	316436	316963
4	316964	317126
4	317127	317168
4	317169	317191
4	317192	317226
4	317227	317375
4	317376	317392
4	317393	317406
4	317407	317441
4	317442	317539
4	317540	317846
4	317847	317939
4	317940	318014
4	318015	318033
4	318034	318044
4	318045	318211
4	318212	319244
4	319245	319254
4	319255	319268
4	319269	319287
4	319288	319300
4	319301	320508
4	320509	320552
4	320553	320599
4	320600	320670
4	320671	320725
4	320726	321169
4	321170	321196
4	321197	321241
4	321242	321338
4	321339	321383
4	321384	321398
4	321399	321459
4	321460	321478
4	321479	321851
4	321852	321859
4	321860	322822
4	322823	322849
4	322850	322899
4	322900	322915
4	322916	322937
4	322938	322945
4	322946	323050
4	323051	323058
4	323059	323184
4	323185	323419
4	323420	324439
4	324440	324509
4	324510	324519
4	324520	324559
4	324560	324619
4	324620	324652
4	324653	324700
4	324701	324719
4	324720	324730
4	324731	324753
4	324754	324775
4	324776	324787
4	324788	325335
4	325336	326307
4	326308	326344
4	326345	326356
4	326357	326388
4	326389	326917
4	326918	327007
4	327008	329023
4	329024	329049
4	329050	329107
4	329108	330051
4	330052	330065
4	330066	330117
4	330118	330308
4	330309	330464
4	330465	330476
4	330477	330521
4	330522	330674
4	330675	330743
4	330744	330905
4	330906	330932
4	330933	331316
4	331317	331335
4	331336	331361
4	331362	331385
4	331386	331417
4	331418	331445
4	331446	331478
4	331479	331495
4	331496	331562
4	331563	331601
4	331602	331679
4	331680	332216
4	332217	332280
4	332281	333211
4	333212	333297
4	333298	333318
4	333319	333442
4	333443	333464
4	333465	333492
4	333493	333557
4	333558	333567
4	333568	333616
4	333617	334490
4	334491	334745
4	334746	334779
4	334780	334864
4	334865	334877
4	334878	334913
4	334914	334979
4	334980	335003
4	335004	335023
4	335024	335034
4	335035	335061
4	335062	335074
4	335075	335129
4	335130	335155
4	335156	335180
4	335181	335288
4	335289	336597
4	336598	336606
4	336607	336620
4	336621	336636
4	336637	336724
4	336725	338696
4	338697	338886
4	338887	339829
4	339830	339836
4	339837	339881
4	339882	339928
4	339929	340050
4	340051	343214
4	343215	343247
4	343248	344152
4	344153	344163
4	344164	344188
4	344189	344243
4	344244	346666
4	346667	346680
4	346681	346720
4	346721	346821
4	346822	346835
4	346836	346888
4	346889	346949
4	346950	346975
4	346976	347045
4	347046	347071
4	347072	347085
4	347086	347145
4	347146	347198
4	347199	347488
4	347489	347505
4	347506	347526
4	347527	347541
4	347542	347996
4	347997	348007
4	348008	348024
4	348025	348047
4	348048	348184
4	348185	348386
4	348387	348403
4	348404	348614
4	348615	348631
4	348632	349655
4	349656	349700
4	349701	349821
4	349822	349833
4	349834	349849
4	349850	349877
4	349878	349912
4	349913	350047
4	350048	350092
4	350093	350110
4	350111	350345
4	350346	350388
4	350389	350402
4	350403	350417
4	350418	350431
4	350432	350463
4	350464	350508
4	350509	350517
4	350518	351280
4	351281	351291
4	351292	351319
4	351320	351358
4	351359	351443
4	351444	351530
4	351531	351538
4	351539	351597
4	351598	351828
4	351829	351845
4	351846	351855
4	351856	352009
4	352010	352249
4	352250	352272
4	352273	352324
4	352325	352334
4	352335	352348
4	352349	352364
4	352365	352373
4	352374	352654
4	352655	352670
4	352671	352683
4	352684	352802
4	352803	352820
4	352821	352868
4	352869	352914
4	352915	352935
4	352936	353151
4	353152	353165
4	353166	353210
4	353211	353229
4	353230	353450
4	353451	353493
4	353494	353501
4	353502	353544
4	353545	353604
4	353605	353651
4	353652	353888
4	353889	353902
4	353903	353976
4	353977	354013
4	354014	354024
4	354025	354104
4	354105	354121
4	354122	354153
4	354154	354160
4	354161	354196
4	354197	354261
4	354262	354286
4	354287	354323
4	354324	354387
4	354388	354456
4	354457	354532
4	354533	354568
4	354569	354595
4	354596	354630
4	354631	354810
4	354811	354938
4	354939	355040
4	355041	355051
4	355052	355132
4	355133	355441
4	355442	355607
4	355608	355629
4	355630	355672
4	355673	355946
4	355947	356031
4	356032	356041
4	356042	356052
4	356053	356071
4	356072	356099
4	356100	356177
4	356178	356278
4	356279	356431
4	356432	356446
4	356447	356511
4	356512	356552
4	356553	356564
4	356565	356598
4	356599	356608
4	356609	356638
4	356639	356654
4	356655	356727
4	356728	356755
4	356756	356773
4	356774	356818
4	356819	357084
4	357085	357453
4	357454	357513
4	357514	357544
4	357545	357556
4	357557	357692
4	357693	357736
4	357737	357840
4	357841	357852
4	357853	357882
4	357883	357892
4	357893	357902
4	357903	357923
4	357924	357956
4	357957	358020
4	358021	358054
4	358055	358251
4	358252	358331
4	358332	358412
4	358413	358628
4	358629	360060
4	360061	360078
4	360079	360122
4	360123	360135
4	360136	360224
4	360225	360231
4	360232	360248
4	360249	360265
4	360266	360288
4	360289	360314
4	360315	360357
4	360358	360371
4	360372	360465
4	360466	360518
4	360519	360535
4	360536	360548
4	360549	360555
4	360556	360743
4	360744	360758
4	360759	360769
4	360770	360830
4	360831	360852
4	360853	363177
4	363178	363186
4	363187	363367
4	363368	363382
4	363383	363390
4	363391	363414
4	363415	363456
4	363457	363512
4	363513	363521
4	363522	363537
4	363538	363574
4	363575	363586
4	363587	363662
4	363663	363710
4	363711	363830
4	363831	364000
4	364001	364039
4	364040	364055
4	364056	364072
4	364073	364109
4	364110	364129
4	364130	364184
4	364185	364201
4	364202	364280
4	364281	364423
4	364424	364436
4	364437	364444
4	364445	364578
4	364579	364617
4	364618	364636
4	364637	364651
4	364652	364722
4	364723	364842
4	364843	364855
4	364856	364868
4	364869	365598
4	365599	365692
4	365693	365710
4	365711	365727
4	365728	365743
4	365744	365751
4	365752	365763
4	365764	366859
4	366860	367119
4	367120	367231
4	367232	367251
4	367252	367693
4	367694	368779
4	368780	368808
4	368809	368837
4	368838	370103
4	370104	370121
4	370122	371135
4	371136	371158
4	371159	371276
4	371277	371403
4	371404	371653
4	371654	371675
4	371676	371834
4	371835	371878
4	371879	373430
4	373431	374790
4	374791	374882
4	374883	375089
4	375090	375243
4	375244	375340
4	375341	375384
4	375385	377898
4	377899	378281
4	378282	378294
4	378295	378323
4	378324	378361
4	378362	378383
4	378384	378415
4	378416	378456
4	378457	378465
4	378466	378942
4	378943	378966
4	378967	378993
4	378994	379025
4	379026	379054
4	379055	379101
4	379102	379108
4	379109	379174
4	379175	381159
4	381160	381174
4	381175	381193
4	381194	381211
4	381212	381229
4	381230	381240
4	381241	381256
4	381257	381289
4	381290	381297
4	381298	381316
4	381317	381324
4	381325	381398
4	381399	381476
4	381477	382158
4	382159	382172
4	382173	382263
4	382264	382357
4	382358	382371
4	382372	382392
4	382393	385831
4	385832	385850
4	385851	385866
4	385867	385895
4	385896	385959
4	385960	386085
4	386086	386111
4	386112	386118
4	386119	387699
4	387700	387802
4	387803	387824
4	387825	387831
4	387832	387838
4	387839	389814
4	389815	390059
4	390060	390186
4	390187	390195
4	390196	390202
4	390203	390611
4	390612	390850
4	390851	390878
4	390879	391065
4	391066	391137
4	391138	391243
4	391244	391333
4	391334	391350
4	391351	391389
4	391390	391401
4	391402	391410
4	391411	391427
4	391428	391469
4	391470	391478
4	391479	391491
4	391492	391625
4	391626	391715
4	391716	391725
4	391726	391733
4	391734	391793
4	391794	391810
4	391811	391852
4	391853	391864
4	391865	392182
4	392183	392261
4	392262	392280
4	392281	392295
4	392296	392336
4	392337	392371
4	392372	392392
4	392393	392634
4	392635	392670
4	392671	393010
4	393011	393124
4	393125	393142
4	393143	393337
4	393338	393372
4	393373	393379
4	393380	393415
4	393416	393427
4	393428	393471
4	393472	393480
4	393481	393500
4	393501	393515
4	393516	393564
4	393565	393571
4	393572	393702
4	393703	393718
4	393719	393748
4	393749	393772
4	393773	393786
4	393787	394032
4	394033	394048
4	394049	394182
4	394183	394333
4	394334	394358
4	394359	394366
4	394367	394406
4	394407	394420
4	394421	394447
4	394448	394533
4	394534	394560
4	394561	394632
4	394633	394654
4	394655	394668
4	394669	394710
4	394711	394734
4	394735	394799
4	394800	394829
4	394830	394852
4	394853	394922
4	394923	394977
4	394978	395059
4	395060	395102
4	395103	395122
4	395123	395166
4	395167	395399
4	395400	395409
4	395410	396592
4	396593	396601
4	396602	396623
4	396624	396642
4	396643	396696
4	396697	396730
4	396731	396739
4	396740	396755
4	396756	396767
4	396768	397826
4	397827	397885
4	397886	397893
4	397894	397917
4	397918	397957
4	397958	397969
4	397970	398082
4	398083	398138
4	398139	398149
4	398150	398171
4	398172	398178
4	398179	398202
4	398203	398213
4	398214	398270
4	398271	398283
4	398284	398294
4	398295	398405
4	398406	398445
4	398446	398985
4	398986	399054
4	399055	400250
4	400251	400265
4	400266	400272
4	400273	400287
4	400288	400305
4	400306	400322
4	400323	400336
4	400337	400523
4	400524	400540
4	400541	400705
4	400706	400738
4	400739	400977
4	400978	401195
4	401196	401671
4	401672	401750
4	401751	402667
4	402668	403143
4	403144	403156
4	403157	403192
4	403193	403233
4	403234	403277
4	403278	403300
4	403301	403459
4	403460	403509
4	403510	403584
4	403585	403599
4	403600	403652
4	403653	403736
4	403737	404650
4	404651	405067
4	405068	405083
4	405084	405935
4	405936	407206
4	407207	407258
4	407259	407326
4	407327	407966
4	407967	408020
4	408021	411847
4	411848	411887
4	411888	416072
4	416073	416111
4	416112	416959
4	416960	416970
4	416971	416983
4	416984	417007
4	417008	417066
4	417067	417081
4	417082	420524
4	420525	420575
4	420576	420582
4	420583	421126
4	421127	424182
4	424183	424908
4	424909	424938
4	424939	424958
4	424959	424969
4	424970	425254
4	425255	425273
4	425274	425304
4	425305	425630
4	425631	426113
4	426114	426181
4	426182	426205
4	426206	432928
4	432929	432979
4	432980	433008
4	433009	433321
4	433322	433512
4	433513	433532
4	433533	435471
4	435472	436500
4	436501	436943
4	436944	436995
4	436996	437051
4	437052	437100
4	437101	438502
4	438503	438599
4	438600	438655
4	438656	438735
4	438736	438747
4	438748	438811
4	438812	438890
4	438891	438991
4	438992	443978
4	443979	444103
4	444104	444188
4	444189	444217
4	444218	444251
4	444252	444288
4	444289	444303
4	444304	444321
4	444322	444333
4	444334	444361
4	444362	444391
4	444392	444494
4	444495	447858
4	447859	447934
4	447935	451469
4	451470	451534
4	451535	451552
4	451553	451574
4	451575	451905
4	451906	452229
4	452230	452599
4	452600	452626
4	452627	452840
4	452841	452987
4	452988	454304
4	454305	454335
4	454336	454377
4	454378	454389
4	454390	454969
4	454970	454979
4	454980	454993
4	454994	455021
4	455022	455244
4	455245	455381
4	455382	455430
4	455431	455500
4	455501	455511
4	455512	455534
4	455535	455543
4	455544	455550
4	455551	455653
4	455654	457197
4	457198	457211
4	457212	457861
4	457862	457895
4	457896	457948
4	457949	459718
4	459719	459851
4	459852	461325
4	461326	461343
4	461344	461372
4	461373	461712
4	461713	461731
4	461732	461738
4	461739	461756
4	461757	461781
4	461782	461797
4	461798	461870
4	461871	462165
4	462166	462196
4	462197	462206
4	462207	462237
4	462238	463725
4	463726	463782
4	463783	463854
4	463855	463869
4	463870	464571
4	464572	464596
4	464597	464687
4	464688	464743
4	464744	464775
4	464776	464784
4	464785	464896
4	464897	465092
4	465093	465180
4	465181	465340
4	465341	465355
4	465356	465422
4	465423	465688
4	465689	465740
4	465741	465767
4	465768	473319
4	473320	473360
4	473361	473545
4	473546	473562
4	473563	473577
4	473578	474167
4	474168	474216
4	474217	479609
4	479610	479950
4	479951	480759
4	480760	481006
4	481007	481136
4	481137	481160
4	481161	481196
4	481197	481208
4	481209	481220
4	481221	481282
4	481283	481303
4	481304	481322
4	481323	482327
4	482328	482346
4	482347	483432
4	483433	483538
4	483539	483850
4	483851	483860
4	483861	483874
4	483875	484715
4	484716	484728
4	484729	488294
4	488295	488304
4	488305	488436
4	488437	488476
4	488477	488489
4	488490	488501
4	488502	488509
4	488510	488523
4	488524	488580
4	488581	488726
4	488727	490299
4	490300	490349
4	490350	490363
4	490364	490383
4	490384	490392
4	490393	490494
4	490495	491384
4	491385	491402
4	491403	492242
4	492243	492291
4	492292	494423
4	494424	494650
4	494651	494671
4	494672	495643
4	495644	495661
4	495662	498988
4	498989	499128
4	499129	499152
4	499153	499187
4	499188	499333
4	499334	499356
4	499357	499504
4	499505	499764
4	499765	500046
4	500047	500078
4	500079	500096
4	500097	500262
4	500263	500311
4	500312	504958
4	504959	506117
4	506118	507535
4	507536	507551
4	507552	507565
4	507566	511399
4	511400	514499
4	514500	514506
4	514507	514635
4	514636	517150
4	517151	517211
4	517212	517224
4	517225	517235
4	517236	517317
4	517318	517674
4	517675	517706
4	517707	517751
4	517752	517799
4	517800	517905
4	517906	517912
4	517913	520267
4	520268	520357
4	520358	520365
4	520366	520372
4	520373	520411
4	520412	520424
4	520425	520448
4	520449	520456
4	520457	520471
4	520472	520491
4	520492	520502
4	520503	520552
4	520553	520563
4	520564	520595
4	520596	520602
4	520603	520623
4	520624	520650
4	520651	520684
4	520685	520935
4	520936	520984
4	520985	520993
4	520994	521016
4	521017	521052
4	521053	521288
4	521289	521315
4	521316	521350
4	521351	521360
4	521361	521370
4	521371	521465
4	521466	521479
4	521480	521491
4	521492	521522
4	521523	521556
4	521557	521655
4	521656	521685
4	521686	522016
4	522017	522034
4	522035	522057
4	522058	522071
4	522072	523494
4	523495	523542
4	523543	523560
4	523561	523908
4	523909	528361
4	528362	528652
4	528653	528672
4	528673	528732
4	528733	528764
4	528765	528784
4	528785	528795
4	528796	528821
4	528822	528839
4	528840	528853
4	528854	528879
4	528880	528943
4	528944	528961
4	528962	528970
4	528971	528995
4	528996	529038
4	529039	531360
5	0	639
5	640	3386
5	3387	3619
5	3620	3649
5	3650	3683
5	3684	3691
5	3692	3739
5	3740	3754
5	3755	3809
5	3810	3833
5	3834	3845
5	3846	3858
5	3859	3878
5	3879	4805
5	4806	4814
5	4815	4839
5	4840	4863
5	4864	6620
5	6621	6689
5	6690	6717
5	6718	6726
5	6727	6869
5	6870	6946
5	6947	6960
5	6961	7842
5	7843	7899
5	7900	7915
5	7916	8070
5	8071	8104
5	8105	8359
5	8360	8379
5	8380	8405
5	8406	8465
5	8466	9210
5	9211	9226
5	9227	9234
5	9235	9246
5	9247	9273
5	9274	9282
5	9283	9302
5	9303	9490
5	9491	9527
5	9528	9541
5	9542	9573
5	9574	9593
5	9594	9647
5	9648	11261
5	11262	11275
5	11276	11298
5	11299	12540
5	12541	12553
5	12554	12560
5	12561	12615
5	12616	12622
5	12623	12658
5	12659	12704
5	12705	12734
5	12735	12808
5	12809	12815
5	12816	12822
5	12823	12838
5	12839	12847
5	12848	12854
5	12855	12980
5	12981	12989
5	12990	13026
5	13027	13073
5	13074	15450
5	15451	15524
5	15525	17065
5	17066	17127
5	17128	18880
5	18881	18904
5	18905	18935
5	18936	18990
5	18991	19035
5	19036	19302
5	19303	19317
5	19318	19359
5	19360	19372
5	19373	19415
5	19416	19734
5	19735	19818
5	19819	19837
5	19838	19850
5	19851	19872
5	19873	19899
5	19900	20817
5	20818	20871
5	20872	20884
5	20885	20897
5	20898	20948
5	20949	20995
5	20996	21070
5	21071	21084
5	21085	21092
5	21093	21104
5	21105	21140
5	21141	21166
5	21167	21288
5	21289	21302
5	21303	21326
5	21327	21369
5	21370	21378
5	21379	21439
5	21440	21463
5	21464	21473
5	21474	23633
5	23634	23642
5	23643	24613
5	24614	24630
5	24631	24647
5	24648	24714
5	24715	24775
5	24776	24786
5	24787	24846
5	24847	24915
5	24916	24922
5	24923	24968
5	24969	24978
5	24979	25049
5	25050	25249
5	25250	25274
5	25275	25505
5	25506	26850
5	26851	26860
5	26861	26913
5	26914	26923
5	26924	27027
5	27028	27106
5	27107	27144
5	27145	27311
5	27312	27374
5	27375	27387
5	27388	27467
5	27468	27489
5	27490	27514
5	27515	27528
5	27529	27624
5	27625	27717
5	27718	27734
5	27735	27751
5	27752	27857
5	27858	27901
5	27902	27908
5	27909	28453
5	28454	28482
5	28483	28505
5	28506	28523
5	28524	28537
5	28538	28544
5	28545	28621
5	28622	28701
5	28702	30433
5	30434	30513
5	30514	30549
5	30550	30570
5	30571	30579
5	30580	30984
5	30985	30992
5	30993	32472
5	32473	32486
5	32487	32521
5	32522	32537
5	32538	32682
5	32683	32709
5	32710	33039
5	33040	33074
5	33075	33096
5	33097	33153
5	33154	33364
5	33365	33437
5	33438	33482
5	33483	33624
5	33625	35531
5	35532	35538
5	35539	35569
5	35570	35579
5	35580	35586
5	35587	35646
5	35647	35775
5	35776	35790
5	35791	35830
5	35831	37969
5	37970	37978
5	37979	37989
5	37990	38187
5	38188	38208
5	38209	38222
5	38223	38267
5	38268	38287
5	38288	38319
5	38320	38341
5	38342	38350
5	38351	38477
5	38478	39954
5	39955	40042
5	40043	40067
5	40068	40090
5	40091	40099
5	40100	40164
5	40165	40721
5	40722	40838
5	40839	40939
5	40940	40955
5	40956	40981
5	40982	41067
5	41068	41120
5	41121	41131
5	41132	41596
5	41597	41638
5	41639	41688
5	41689	41695
5	41696	41717
5	41718	41724
5	41725	41743
5	41744	41763
5	41764	41788
5	41789	41825
5	41826	41848
5	41849	41871
5	41872	41891
5	41892	41918
5	41919	41929
5	41930	41964
5	41965	41993
5	41994	42110
5	42111	42128
5	42129	42211
5	42212	42224
5	42225	42304
5	42305	42352
5	42353	42375
5	42376	42428
5	42429	42443
5	42444	42552
5	42553	42579
5	42580	42593
5	42594	42613
5	42614	42630
5	42631	42645
5	42646	42671
5	42672	42729
5	42730	42741
5	42742	42790
5	42791	42797
5	42798	42812
5	42813	42836
5	42837	42953
5	42954	42966
5	42967	42982
5	42983	43028
5	43029	43064
5	43065	43542
5	43543	43567
5	43568	43840
5	43841	43966
5	43967	43975
5	43976	44009
5	44010	44084
5	44085	44852
5	44853	44877
5	44878	44924
5	44925	48186
5	48187	48206
5	48207	48235
5	48236	48599
5	48600	48807
5	48808	48843
5	48844	48914
5	48915	49204
5	49205	49255
5	49256	49341
5	49342	49920
5	49921	49965
5	49966	49982
5	49983	49991
5	49992	50030
5	50031	50055
5	50056	50121
5	50122	50181
5	50182	50215
5	50216	50235
5	50236	50255
5	50256	50426
5	50427	50444
5	50445	50493
5	50494	50508
5	50509	50515
5	50516	50535
5	50536	50550
5	50551	50576
5	50577	50598
5	50599	50725
5	50726	50801
5	50802	52855
5	52856	52871
5	52872	52879
5	52880	52895
5	52896	52919
5	52920	52990
5	52991	53100
5	53101	53108
5	53109	53139
5	53140	53275
5	53276	53402
5	53403	53682
5	53683	53714
5	53715	53864
5	53865	53904
5	53905	53951
5	53952	53959
5	53960	55161
5	55162	58194
5	58195	58218
5	58219	62488
5	62489	62519
5	62520	62534
5	62535	62879
5	62880	62889
5	62890	62920
5	62921	62944
5	62945	63125
5	63126	63250
5	63251	63416
5	63417	63516
5	63517	63545
5	63546	63593
5	63594	63605
5	63606	63627
5	63628	63666
5	63667	66910
5	66911	69840
5	69841	69872
5	69873	69887
5	69888	69907
5	69908	69918
5	69919	69980
5	69981	70009
5	70010	70062
5	70063	72881
5	72882	73138
5	73139	73596
5	73597	77341
5	77342	77379
5	77380	80420
5	80421	80484
5	80485	80494
5	80495	80502
5	80503	80512
5	80513	80521
5	80522	80593
5	80594	81353
5	81354	81391
5	81392	81402
5	81403	85513
5	85514	90120
5	90121	90156
5	90157	90893
5	90894	90917
5	90918	90924
5	90925	91843
5	91844	91867
5	91868	92811
5	92812	92862
5	92863	95458
5	95459	95843
5	95844	96725
5	96726	97123
5	97124	97833
5	97834	97863
5	97864	97874
5	97875	97888
5	97889	97910
5	97911	97923
5	97924	98008
5	98009	105338
5	105339	105439
5	105440	107064
5	107065	107084
5	107085	107093
5	107094	107127
5	107128	107140
5	107141	108177
5	108178	108195
5	108196	108205
5	108206	108217
5	108218	108255
5	108256	108352
5	108353	108678
5	108679	108743
5	108744	108764
5	108765	108817
5	108818	108831
5	108832	108982
5	108983	108997
5	108998	109016
5	109017	109037
5	109038	109048
5	109049	109103
5	109104	109119
5	109120	109151
5	109152	109359
5	109360	109420
5	109421	111068
5	111069	111078
5	111079	111099
5	111100	111151
5	111152	111192
5	111193	111212
5	111213	111233
5	111234	111240
5	111241	111341
5	111342	111354
5	111355	111363
5	111364	111617
5	111618	111635
5	111636	111723
5	111724	111741
5	111742	111775
5	111776	111787
5	111788	111851
5	111852	111862
5	111863	111886
5	111887	111910
5	111911	111985
5	111986	112011
5	112012	112191
5	112192	112209
5	112210	112240
5	112241	112304
5	112305	112362
5	112363	112378
5	112379	112717
5	112718	112745
5	112746	112787
5	112788	112848
5	112849	112886
5	112887	122299
5	122300	122447
5	122448	122469
5	122470	122482
5	122483	122496
5	122497	122604
5	122605	122613
5	122614	122898
5	122899	122916
5	122917	122934
5	122935	122977
5	122978	122999
5	123000	123009
5	123010	123251
5	123252	123265
5	123266	123429
5	123430	123477
5	123478	123521
5	123522	123620
5	123621	123664
5	123665	123899
5	123900	123989
5	123990	124003
5	124004	125086
5	125087	125101
5	125102	125200
5	125201	125265
5	125266	125302
5	125303	125341
5	125342	125357
5	125358	125426
5	125427	125564
5	125565	125662
5	125663	125676
5	125677	128250
5	128251	128260
5	128261	128275
5	128276	128501
5	128502	128525
5	128526	128535
5	128536	128627
5	128628	128660
5	128661	129416
5	129417	129598
5	129599	129619
5	129620	129630
5	129631	129637
5	129638	129670
5	129671	129690
5	129691	129788
5	129789	130039
5	130040	130162
5	130163	130180
5	130181	130230
5	130231	131685
5	131686	131699
5	131700	132869
5	132870	132918
5	132919	132998
5	132999	133027
5	133028	133038
5	133039	133055
5	133056	133108
5	133109	133163
5	133164	133207
5	133208	133383
5	133384	133395
5	133396	133495
5	133496	133583
5	133584	133603
5	133604	133617
5	133618	133632
5	133633	133648
5	133649	133659
5	133660	134877
5	134878	134901
5	134902	138977
5	138978	139090
5	139091	143736
5	143737	143753
5	143754	143769
5	143770	143850
5	143851	143918
5	143919	143931
5	143932	143953
5	143954	143961
5	143962	144056
5	144057	144079
5	144080	144088
5	144089	144118
5	144119	144133
5	144134	144160
5	144161	144242
5	144243	144255
5	144256	144292
5	144293	144331
5	144332	144392
5	144393	148862
5	148863	148998
5	148999	149065
5	149066	149074
5	149075	149518
5	149519	149534
5	149535	149553
5	149554	149607
5	149608	149652
5	149653	149708
5	149709	151973
5	151974	154844
5	154845	154882
5	154883	154906
5	154907	157956
5	157957	158397
5	158398	158406
5	158407	158478
5	158479	160133
5	160134	160275
5	160276	160294
5	160295	160317
5	160318	160331
5	160332	160355
5	160356	160394
5	160395	161818
5	161819	161837
5	161838	161854
5	161855	161869
5	161870	161923
5	161924	161964
5	161965	161987
5	161988	162149
5	162150	162168
5	162169	162206
5	162207	162514
5	162515	162605
5	162606	162836
5	162837	162861
5	162862	162949
5	162950	163000
5	163001	163028
5	163029	163041
5	163042	163049
5	163050	163152
5	163153	163162
5	163163	163218
5	163219	163227
5	163228	164692
5	164693	164719
5	164720	167687
5	167688	167705
5	167706	167742
5	167743	171118
5	171119	174290
5	174291	174326
5	174327	177910
5	177911	178957
5	178958	180980
5	180981	181060
5	181061	181237
5	181238	181320
5	181321	181351
5	181352	181667
5	181668	181730
5	181731	181810
5	181811	181818
5	181819	181913
5	181914	182139
5	182140	182156
5	182157	182284
5	182285	182295
5	182296	182302
5	182303	185293
5	185294	185302
5	185303	187286
5	187287	187642
5	187643	187652
5	187653	187693
5	187694	187718
5	187719	187742
5	187743	187791
5	187792	187841
5	187842	189563
5	189564	189714
5	189715	189864
5	189865	189934
5	189935	189946
5	189947	190017
5	190018	190041
5	190042	190051
5	190052	190059
5	190060	190107
5	190108	190151
5	190152	190200
5	190201	190255
5	190256	190263
5	190264	190302
5	190303	192169
5	192170	192178
5	192179	192219
5	192220	195153
5	195154	200459
5	200460	200484
5	200485	200500
5	200501	200527
5	200528	203766
5	203767	204088
5	204089	204109
5	204110	204117
5	204118	204212
5	204213	204262
5	204263	204278
5	204279	204300
5	204301	204322
5	204323	204349
5	204350	204385
5	204386	204425
5	204426	204446
5	204447	204459
5	204460	204480
5	204481	204495
5	204496	204508
5	204509	204520
5	204521	204544
5	204545	204583
5	204584	204601
5	204602	204609
5	204610	204654
5	204655	204776
5	204777	204815
5	204816	205162
5	205163	205180
5	205181	205195
5	205196	205261
5	205262	205314
5	205315	206787
5	206788	207265
5	207266	207299
5	207300	207317
5	207318	207362
5	207363	207415
5	207416	208268
5	208269	208359
5	208360	212506
5	212507	212620
5	212621	212707
5	212708	212744
5	212745	212801
5	212802	212861
5	212862	212899
5	212900	213066
5	213067	216692
5	216693	216713
5	216714	218937
5	218938	218957
5	218958	218967
5	218968	219007
5	219008	219014
5	219015	219022
5	219023	219060
5	219061	219076
5	219077	219190
5	219191	219917
5	219918	219942
5	219943	219971
5	219972	219989
5	219990	220000
5	220001	220026
5	220027	220049
5	220050	220161
5	220162	220180
5	220181	220199
5	220200	220207
5	220208	220217
5	220218	220226
5	220227	220571
5	220572	220651
5	220652	220676
5	220677	220801
5	220802	220827
5	220828	220955
5	220956	220998
5	220999	221577
5	221578	221584
5	221585	221591
5	221592	221600
5	221601	223639
5	223640	223705
5	223706	223762
5	223763	224864
5	224865	224873
5	224874	224978
5	224979	227930
5	227931	227940
5	227941	228270
5	228271	228280
5	228281	228300
5	228301	228786
5	228787	228805
5	228806	228817
5	228818	228892
5	228893	228903
5	228904	228913
5	228914	228931
5	228932	229499
5	229500	229541
5	229542	229557
5	229558	229578
5	229579	231115
5	231116	231448
5	231449	236103
5	236104	236140
5	236141	236209
5	236210	244887
5	244888	245077
5	245078	245090
5	245091	255720
5	255721	256119
5	256120	256766
5	256767	256792
5	256793	256876
5	256877	256883
5	256884	256913
5	256914	256926
5	256927	256959
5	256960	257014
5	257015	257024
5	257025	259647
5	259648	259654
5	259655	259677
5	259678	259685
5	259686	259719
5	259720	259817
5	259818	261180
5	261181	270066
5	270067	275252
5	275253	275283
5	275284	275293
5	275294	276800
5	276801	289787
5	289788	297561
5	297562	298672
5	298673	300049
5	300050	300059
5	300060	305855
5	305856	310530
5	310531	310585
5	310586	310592
5	310593	313905
5	313906	313923
5	313924	316929
5	316930	327148
5	327149	327170
5	327171	327182
5	327183	327233
5	327234	329715
5	329716	329728
5	329729	329771
5	329772	330010
5	330011	335909
5	335910	335956
5	335957	338526
5	338527	338593
5	338594	338673
5	338674	338711
5	338712	340471
5	340472	340610
5	340611	345057
5	345058	346694
5	346695	346719
5	346720	346730
5	346731	347168
5	347169	347177
5	347178	348406
5	348407	348447
5	348448	348475
5	348476	349241
5	349242	349251
5	349252	349270
5	349271	349502
5	349503	349570
5	349571	360467
5	360468	360595
5	360596	360614
5	360615	361259
5	361260	361271
5	361272	361291
5	361292	361866
5	361867	361913
5	361914	369032
5	369033	369094
5	369095	370481
5	370482	370535
5	370536	370889
5	370890	372335
5	372336	372370
5	372371	372648
5	372649	372895
5	372896	372906
5	372907	374698
5	374699	374741
5	374742	374755
5	374756	376232
5	376233	376254
5	376255	377669
5	377670	377774
5	377775	377799
5	377800	377816
5	377817	377833
5	377834	377861
5	377862	377906
5	377907	377945
5	377946	378050
5	378051	378123
5	378124	378165
5	378166	378194
5	378195	378218
5	378219	378895
5	378896	379460
5	379461	379497
5	379498	380522
5	380523	380530
5	380531	380638
5	380639	380703
5	380704	380719
5	380720	381881
5	381882	381921
5	381922	381987
5	381988	382023
5	382024	382083
5	382084	382090
5	382091	382131
5	382132	382155
5	382156	382309
5	382310	382345
5	382346	382373
5	382374	382439
5	382440	382473
5	382474	382483
5	382484	382509
5	382510	382526
5	382527	382590
5	382591	383936
5	383937	384016
5	384017	384041
5	384042	384063
5	384064	384407
5	384408	384613
5	384614	384639
5	384640	384761
5	384762	384872
5	384873	384952
5	384953	384979
5	384980	384993
5	384994	385029
5	385030	385036
5	385037	385169
5	385170	385230
5	385231	385250
5	385251	385262
5	385263	385290
5	385291	385303
5	385304	385348
5	385349	385362
5	385363	385449
5	385450	385470
5	385471	385497
5	385498	385520
5	385521	385785
5	385786	385817
5	385818	385879
5	385880	385944
5	385945	386013
5	386014	386067
5	386068	386076
5	386077	386083
5	386084	386108
5	386109	386148
5	386149	386251
5	386252	386258
5	386259	386267
5	386268	386303
5	386304	386325
5	386326	386336
5	386337	386347
5	386348	386363
5	386364	386417
5	386418	386450
5	386451	386469
5	386470	386492
5	386493	386550
5	386551	386559
5	386560	386574
5	386575	386581
5	386582	386652
5	386653	386683
5	386684	386702
5	386703	386728
5	386729	386768
5	386769	386883
5	386884	386897
5	386898	387127
5	387128	387236
5	387237	387293
5	387294	387305
5	387306	387328
5	387329	387355
5	387356	387598
5	387599	387610
5	387611	387623
5	387624	387722
5	387723	387994
5	387995	388060
5	388061	388087
5	388088	388116
5	388117	388145
5	388146	388179
5	388180	388356
5	388357	388455
5	388456	388467
5	388468	388493
5	388494	388503
5	388504	388605
5	388606	388753
5	388754	388800
5	388801	388819
5	388820	389189
5	389190	389205
5	389206	389367
5	389368	389719
5	389720	389786
5	389787	389863
5	389864	389871
5	389872	389890
5	389891	389899
5	389900	389906
5	389907	389922
5	389923	389938
5	389939	389963
5	389964	390049
5	390050	390070
5	390071	390085
5	390086	390093
5	390094	390141
5	390142	390157
5	390158	390194
5	390195	390314
5	390315	390333
5	390334	390525
5	390526	390541
5	390542	390560
5	390561	390624
5	390625	390665
5	390666	390712
5	390713	390764
5	390765	390775
5	390776	390797
5	390798	390814
5	390815	390870
5	390871	390879
5	390880	390899
5	390900	390917
5	390918	390942
5	390943	390961
5	390962	390973
5	390974	391115
5	391116	391140
5	391141	391180
5	391181	391281
5	391282	392807
5	392808	396042
5	396043	396052
5	396053	396131
5	396132	396206
5	396207	396216
5	396217	396783
5	396784	396820
5	396821	396844
5	396845	396870
5	396871	396948
5	396949	396964
5	396965	397000
5	397001	397013
5	397014	397025
5	397026	397436
5	397437	397476
5	397477	398398
5	398399	398494
5	398495	398529
5	398530	398562
5	398563	398574
5	398575	398590
5	398591	398851
5	398852	398860
5	398861	398945
5	398946	399102
5	399103	399115
5	399116	399135
5	399136	399182
5	399183	399481
5	399482	399557
5	399558	400469
5	400470	400601
5	400602	400631
5	400632	402468
5	402469	402535
5	402536	402637
5	402638	402743
5	402744	402846
5	402847	402869
5	402870	402914
5	402915	402928
5	402929	402971
5	402972	402985
5	402986	403073
5	403074	403106
5	403107	403456
5	403457	403501
5	403502	404108
5	404109	404874
5	404875	404947
5	404948	404968
5	404969	404985
5	404986	404992
5	404993	405064
5	405065	405088
5	405089	405110
5	405111	405177
5	405178	406613
5	406614	406838
5	406839	407148
5	407149	407161
5	407162	407226
5	407227	407254
5	407255	407270
5	407271	407312
5	407313	407945
5	407946	408049
5	408050	409665
5	409666	409730
5	409731	411821
5	411822	412025
5	412026	412076
5	412077	412092
5	412093	412106
5	412107	412145
5	412146	412167
5	412168	412192
5	412193	412215
5	412216	412266
5	412267	412277
5	412278	412387
5	412388	412403
5	412404	412426
5	412427	412444
5	412445	412460
5	412461	412623
5	412624	412653
5	412654	412761
5	412762	412847
5	412848	412882
5	412883	412957
5	412958	412979
5	412980	413627
5	413628	413660
5	413661	413747
5	413748	413770
5	413771	413791
5	413792	413798
5	413799	413921
5	413922	414272
5	414273	414298
5	414299	414307
5	414308	414342
5	414343	414394
5	414395	414533
5	414534	414546
5	414547	414660
5	414661	414766
5	414767	414830
5	414831	414926
5	414927	414996
5	414997	415069
5	415070	415076
5	415077	415108
5	415109	415126
5	415127	415219
5	415220	415397
5	415398	415667
5	415668	415771
5	415772	416080
5	416081	416145
5	416146	416181
5	416182	416204
5	416205	416298
5	416299	416457
5	416458	416661
5	416662	416713
5	416714	416750
5	416751	416844
5	416845	416870
5	416871	417020
5	417021	418283
5	418284	418294
5	418295	418320
5	418321	418338
5	418339	418358
5	418359	418372
5	418373	418532
5	418533	418577
5	418578	418677
5	418678	418962
5	418963	419014
5	419015	419036
5	419037	419086
5	419087	419097
5	419098	419111
5	419112	419130
5	419131	420586
5	420587	420607
5	420608	420634
5	420635	420644
5	420645	420683
5	420684	423609
5	423610	423695
5	423696	423711
5	423712	423774
5	423775	424028
5	424029	424044
5	424045	424061
5	424062	424081
5	424082	424097
5	424098	424115
5	424116	424326
5	424327	424334
5	424335	424364
5	424365	424382
5	424383	424389
5	424390	424433
5	424434	424585
5	424586	424642
5	424643	424669
5	424670	424710
5	424711	424725
5	424726	424777
5	424778	424834
5	424835	424947
5	424948	425010
5	425011	425020
5	425021	425031
5	425032	425082
5	425083	425093
5	425094	425100
5	425101	425114
5	425115	425127
5	425128	425151
5	425152	425172
5	425173	425236
5	425237	425256
5	425257	425408
5	425409	425438
5	425439	425456
5	425457	426146
5	426147	426160
5	426161	428789
5	428790	428862
5	428863	428921
5	428922	428942
5	428943	428965
5	428966	428972
5	428973	428990
5	428991	429015
5	429016	429121
5	429122	429133
5	429134	429142
5	429143	429177
5	429178	429279
5	429280	429297
5	429298	429321
5	429322	429407
5	429408	429426
5	429427	429439
5	429440	429458
5	429459	429557
5	429558	429568
5	429569	429592
5	429593	429652
5	429653	429681
5	429682	429735
5	429736	429831
5	429832	429849
5	429850	429962
5	429963	429988
5	429989	430011
5	430012	430208
5	430209	430359
5	430360	430385
5	430386	430393
5	430394	430492
5	430493	430516
5	430517	430525
5	430526	430581
5	430582	430590
5	430591	430606
5	430607	430615
5	430616	430627
5	430628	430712
5	430713	430726
5	430727	431033
5	431034	431238
5	431239	431263
5	431264	431331
5	431332	431379
5	431380	431689
5	431690	431736
5	431737	431767
5	431768	431814
5	431815	431821
5	431822	431849
5	431850	431860
5	431861	431875
5	431876	431885
5	431886	431905
5	431906	431917
5	431918	431925
5	431926	431947
5	431948	431958
5	431959	431972
5	431973	431986
5	431987	431997
5	431998	432053
5	432054	432127
5	432128	432372
5	432373	432531
5	432532	432659
5	432660	432761
5	432762	432769
5	432770	432806
5	432807	432850
5	432851	432934
5	432935	432948
5	432949	433052
5	433053	433061
5	433062	433088
5	433089	433102
5	433103	433115
5	433116	433159
5	433160	433189
5	433190	433204
5	433205	433211
5	433212	433247
5	433248	433258
5	433259	433273
5	433274	433285
5	433286	433297
5	433298	433315
5	433316	433324
5	433325	433336
5	433337	433365
5	433366	433398
5	433399	433411
5	433412	433427
5	433428	433444
5	433445	433464
5	433465	433472
5	433473	434239
5	434240	434279
5	434280	434312
5	434313	434320
5	434321	434439
5	434440	434499
5	434500	434509
5	434510	434591
5	434592	434623
5	434624	434670
5	434671	434937
5	434938	435004
5	435005	435041
5	435042	435279
5	435280	436429
5	436430	436442
5	436443	437098
5	437099	437115
5	437116	437124
5	437125	437144
5	437145	437251
5	437252	437260
5	437261	437296
5	437297	437303
5	437304	437351
5	437352	437401
5	437402	437467
5	437468	441023
5	441024	441106
5	441107	441144
5	441145	441206
5	441207	441726
5	441727	441825
5	441826	441909
5	441910	441933
5	441934	441941
5	441942	441959
5	441960	442063
5	442064	442154
5	442155	442262
5	442263	442459
5	442460	442671
5	442672	442692
5	442693	442709
5	442710	442864
5	442865	442876
5	442877	442936
5	442937	442943
5	442944	442956
5	442957	442969
5	442970	442990
5	442991	442997
5	442998	443006
5	443007	443013
5	443014	443115
5	443116	443123
5	443124	443171
5	443172	443181
5	443182	443195
5	443196	443236
5	443237	443269
5	443270	443281
5	443282	443302
5	443303	443312
5	443313	443338
5	443339	443352
5	443353	443369
5	443370	443392
5	443393	443407
5	443408	443419
5	443420	443456
5	443457	443486
5	443487	443504
5	443505	443541
5	443542	444015
5	444016	444042
5	444043	444264
5	444265	444332
5	444333	444355
5	444356	444403
5	444404	444423
5	444424	444451
5	444452	444555
5	444556	444690
5	444691	444802
5	444803	444815
5	444816	444831
5	444832	444884
5	444885	444941
5	444942	444990
5	444991	445037
5	445038	445048
5	445049	445061
5	445062	445082
5	445083	445706
5	445707	445737
5	445738	445755
5	445756	445762
5	445763	445777
5	445778	445791
5	445792	445818
5	445819	445900
5	445901	445953
5	445954	445992
5	445993	446017
5	446018	446033
5	446034	446047
5	446048	446061
5	446062	446302
5	446303	451206
5	451207	451382
5	451383	452067
5	452068	453758
5	453759	453913
5	453914	453920
5	453921	456799
5	456800	456814
5	456815	456834
5	456835	456841
5	456842	456887
5	456888	456902
5	456903	456912
5	456913	458172
5	458173	458185
5	458186	458193
5	458194	458200
5	458201	458433
5	458434	458490
5	458491	458498
5	458499	458514
5	458515	458578
5	458579	458606
5	458607	458634
5	458635	461507
5	461508	461580
5	461581	461609
5	461610	461619
5	461620	461654
5	461655	461837
5	461838	461852
5	461853	461980
5	461981	462023
5	462024	462053
5	462054	462071
5	462072	462087
5	462088	462271
5	462272	462302
5	462303	462357
5	462358	462696
5	462697	462725
5	462726	462743
5	462744	462896
5	462897	462932
5	462933	463374
5	463375	463392
5	463393	464441
5	464442	464469
5	464470	464480
5	464481	464512
5	464513	465199
5	465200	465264
5	465265	465275
5	465276	465312
5	465313	465716
5	465717	465747
5	465748	465787
5	465788	465801
5	465802	465817
5	465818	465825
5	465826	465832
5	465833	465846
5	465847	465880
5	465881	465932
5	465933	466978
5	466979	466986
5	466987	466998
5	466999	467006
5	467007	468220
5	468221	468233
5	468234	468244
5	468245	468294
5	468295	468865
5	468866	468873
5	468874	468887
5	468888	468914
5	468915	469510
5	469511	470311
5	470312	470333
5	470334	470350
5	470351	470411
5	470412	470422
5	470423	470474
5	470475	470494
5	470495	470504
5	470505	470535
5	470536	470542
5	470543	470553
5	470554	470730
5	470731	470741
5	470742	470772
5	470773	470790
5	470791	470801
5	470802	470987
5	470988	471050
5	471051	471066
5	471067	471107
5	471108	471614
5	471615	471656
5	471657	471680
5	471681	472347
5	472348	472356
5	472357	472650
5	472651	472745
5	472746	472869
5	472870	472883
5	472884	472923
5	472924	472934
5	472935	472948
5	472949	472968
5	472969	472994
5	472995	473014
5	473015	473186
5	473187	473205
5	473206	473229
5	473230	473244
5	473245	473283
5	473284	473292
5	473293	473311
5	473312	473418
5	473419	473453
5	473454	473477
5	473478	473562
5	473563	475746
5	475747	475757
5	475758	476139
5	476140	476156
5	476157	476165
5	476166	476177
5	476178	476194
5	476195	476228
5	476229	476242
5	476243	476259
5	476260	476391
5	476392	476398
5	476399	476469
5	476470	476795
5	476796	476829
5	476830	476850
5	476851	476884
5	476885	476905
5	476906	476975
5	476976	476992
5	476993	477041
5	477042	477122
5	477123	477130
5	477131	477145
5	477146	477153
5	477154	477720
5	477721	478129
5	478130	478167
5	478168	478260
5	478261	478371
5	478372	478613
5	478614	478629
5	478630	478669
5	478670	478684
5	478685	478765
5	478766	478795
5	478796	479046
5	479047	479062
5	479063	479094
5	479095	479102
5	479103	479175
5	479176	479224
5	479225	479343
5	479344	479507
5	479508	479586
5	479587	479637
5	479638	479644
5	479645	479655
5	479656	480168
5	480169	480179
5	480180	480197
5	480198	480365
5	480366	480374
5	480375	480402
5	480403	480432
5	480433	480591
5	480592	480599
5	480600	480752
5	480753	480759
5	480760	480775
5	480776	480869
5	480870	482174
5	482175	482212
5	482213	482220
5	482221	482317
5	482318	482427
5	482428	482454
5	482455	482463
5	482464	482484
5	482485	482495
5	482496	483350
5	483351	483703
5	483704	483719
5	483720	483755
5	483756	483767
5	483768	483817
5	483818	483835
5	483836	483848
5	483849	484565
5	484566	485091
5	485092	485117
5	485118	485182
5	485183	485190
5	485191	485211
5	485212	485425
5	485426	485524
5	485525	485827
5	485828	485857
5	485858	485898
5	485899	487168
5	487169	487210
5	487211	487360
5	487361	487508
5	487509	487529
5	487530	487716
5	487717	487754
5	487755	489229
5	489230	489314
5	489315	489333
5	489334	489614
5	489615	489634
5	489635	489644
5	489645	489786
5	489787	489820
5	489821	489831
5	489832	489872
5	489873	489901
5	489902	489928
5	489929	490002
5	490003	490040
5	490041	490053
5	490054	490070
5	490071	490090
5	490091	490131
5	490132	490144
5	490145	490198
5	490199	490213
5	490214	490224
5	490225	490238
5	490239	490494
5	490495	490570
5	490571	490633
5	490634	490643
5	490644	490744
5	490745	490763
5	490764	490774
5	490775	490804
5	490805	490872
5	490873	491140
5	491141	491160
5	491161	491172
5	491173	491187
5	491188	491199
5	491200	491281
5	491282	491288
5	491289	491298
5	491299	491305
5	491306	491318
5	491319	491333
5	491334	491355
5	491356	491420
5	491421	491428
5	491429	491474
5	491475	491607
5	491608	491614
5	491615	491648
5	491649	491677
5	491678	491702
5	491703	491951
5	491952	491959
5	491960	491980
5	491981	491998
5	491999	492019
5	492020	492039
5	492040	492159
5	492160	492167
5	492168	492247
5	492248	492257
5	492258	492267
5	492268	492278
5	492279	492301
5	492302	492313
5	492314	492322
5	492323	492354
5	492355	492385
5	492386	492448
5	492449	492487
5	492488	493486
5	493487	493495
5	493496	493523
5	493524	493578
5	493579	493588
5	493589	493623
5	493624	493696
5	493697	493730
5	493731	493751
5	493752	493875
5	493876	493907
5	493908	493975
5	493976	493991
5	493992	494031
5	494032	494048
5	494049	494070
5	494071	494104
5	494105	494317
5	494318	494375
5	494376	494385
5	494386	494409
5	494410	494438
5	494439	494473
5	494474	494482
5	494483	494517
5	494518	494562
5	494563	494579
5	494580	494665
5	494666	494672
5	494673	494690
5	494691	494744
5	494745	494754
5	494755	494820
5	494821	495354
5	495355	496314
5	496315	496355
5	496356	496469
5	496470	496865
5	496866	496892
5	496893	496916
5	496917	498691
5	498692	498733
5	498734	498772
5	498773	498784
5	498785	498804
5	498805	498814
5	498815	498841
5	498842	498888
5	498889	498905
5	498906	498935
5	498936	498950
5	498951	499298
5	499299	499309
5	499310	499356
5	499357	499368
5	499369	499377
5	499378	501463
5	501464	501663
5	501664	501685
5	501686	501731
5	501732	501825
5	501826	501866
5	501867	501876
5	501877	501889
5	501890	501932
5	501933	501949
5	501950	501963
5	501964	504954
5	504955	506488
5	506489	506521
5	506522	506537
5	506538	507467
5	507468	508189
5	508190	509365
5	509366	509412
5	509413	509475
5	509476	509504
5	509505	509513
5	509514	509547
5	509548	510175
5	510176	510203
5	510204	510812
5	510813	510824
5	510825	511604
5	511605	514081
5	514082	514106
5	514107	514121
5	514122	514143
5	514144	515832
5	515833	515849
5	515850	518531
5	518532	518864
5	518865	518871
5	518872	518880
5	518881	518890
5	518891	518916
5	518917	518978
5	518979	519062
5	519063	519115
5	519116	519147
5	519148	519161
5	519162	519169
5	519170	519207
5	519208	519226
5	519227	519234
5	519235	519251
5	519252	519264
5	519265	519274
5	519275	519281
5	519282	519299
5	519300	519311
5	519312	519331
5	519332	519356
5	519357	523522
5	523523	523546
5	523547	523560
5	523561	523608
5	523609	523624
5	523625	523653
5	523654	523674
5	523675	523710
5	523711	523737
5	523738	523803
5	523804	523922
5	523923	523930
5	523931	523947
5	523948	523983
5	523984	524017
5	524018	524074
5	524075	524088
5	524089	534243
5	534244	534267
5	534268	534276
5	534277	534287
5	534288	540698
5	540699	540817
5	540818	540831
5	540832	543158
5	543159	543169
5	543170	543179
5	543180	543204
5	543205	543218
5	543219	543227
5	543228	543247
5	543248	543573
5	543574	543632
5	543633	543643
5	543644	543650
5	543651	543659
5	543660	543704
5	543705	543732
5	543733	543744
5	543745	543753
5	543754	543926
5	543927	543964
5	543965	547633
5	547634	547752
5	547753	552488
5	552489	552502
5	552503	552565
5	552566	552624
5	552625	552638
5	552639	554490
5	554491	554500
5	554501	554984
5	554985	555137
5	555138	555192
5	555193	555337
5	555338	555394
5	555395	555995
5	555996	556022
5	556023	556128
5	556129	556137
5	556138	556246
5	556247	556272
5	556273	556315
5	556316	556324
5	556325	556368
5	556369	556430
5	556431	556484
5	556485	556498
5	556499	556799
5	556800	556820
5	556821	556827
5	556828	557002
5	557003	557059
5	557060	557099
5	557100	557159
5	557160	557171
5	557172	557187
5	557188	557199
5	557200	557214
5	557215	557239
5	557240	557263
5	557264	557277
5	557278	557325
5	557326	557357
5	557358	557370
5	557371	557948
5	557949	559659
5	559660	559707
5	559708	562179
5	562180	562201
5	562202	562216
5	562217	563038
5	563039	563082
5	563083	563100
5	563101	564437
5	564438	564461
5	564462	564539
5	564540	564627
5	564628	564846
5	564847	565274
5	565275	565282
5	565283	565320
5	565321	565342
5	565343	565357
5	565358	565896
5	565897	565956
5	565957	566003
5	566004	566065
5	566066	566098
5	566099	566216
5	566217	566322
5	566323	566358
5	566359	566613
5	566614	566628
5	566629	566737
5	566738	566788
5	566789	566826
5	566827	566847
5	566848	567012
5	567013	567021
5	567022	567029
5	567030	567051
5	567052	567205
5	567206	569019
5	569020	569054
5	569055	569177
5	569178	571756
5	571757	571781
5	571782	573796
5	573797	573813
5	573814	574239
5	574240	583621
5	583622	583857
5	583858	583911
5	583912	583937
5	583938	587176
5	587177	587333
5	587334	591612
5	591613	591679
5	591680	591706
5	591707	591717
5	591718	591742
5	591743	591749
5	591750	591776
5	591777	591810
5	591811	591864
5	591865	591887
5	591888	591926
5	591927	591942
5	591943	592017
5	592018	592063
5	592064	592106
5	592107	592200
5	592201	592280
5	592281	592310
5	592311	592354
5	592355	592371
5	592372	592397
5	592398	592412
5	592413	592501
5	592502	592522
5	592523	592595
5	592596	592684
5	592685	592714
5	592715	592722
5	592723	592798
5	592799	592811
5	592812	593317
5	593318	593345
5	593346	593516
5	593517	593586
5	593587	593968
5	593969	594088
5	594089	594204
5	594205	594238
5	594239	594260
5	594261	594275
5	594276	594303
5	594304	594335
5	594336	594413
5	594414	594433
5	594434	594440
5	594441	594465
5	594466	594597
5	594598	594624
5	594625	594647
5	594648	594991
5	594992	595035
5	595036	595059
5	595060	595088
5	595089	595166
5	595167	595246
5	595247	595410
5	595411	595666
5	595667	595788
5	595789	595860
5	595861	595881
5	595882	595967
5	595968	595994
5	595995	596130
5	596131	596195
5	596196	596273
5	596274	596497
5	596498	596514
5	596515	596653
5	596654	596848
5	596849	596895
5	596896	596921
5	596922	596938
5	596939	596954
5	596955	596966
5	596967	596992
5	596993	597018
5	597019	597033
5	597034	597074
5	597075	597210
5	597211	597311
5	597312	597337
5	597338	597469
5	597470	597511
5	597512	597609
5	597610	597671
5	597672	597696
5	597697	597713
5	597714	597816
5	597817	597837
5	597838	598162
5	598163	598178
5	598179	598281
5	598282	598307
5	598308	598322
5	598323	598332
5	598333	598339
5	598340	598346
5	598347	598369
5	598370	598677
5	598678	598724
5	598725	598866
5	598867	598874
5	598875	598910
5	598911	598929
5	598930	598966
5	598967	598983
5	598984	599000
5	599001	599302
5	599303	599651
5	599652	599673
5	599674	599684
5	599685	599738
5	599739	599754
5	599755	599788
5	599789	599883
5	599884	599922
5	599923	599940
5	599941	599954
5	599955	600186
5	600187	600200
5	600201	600585
5	600586	602090
5	602091	602175
5	602176	602202
5	602203	602218
5	602219	602250
5	602251	603104
5	603105	605899
5	605900	605956
5	605957	605972
5	605973	607241
5	607242	607250
5	607251	607270
5	607271	607322
5	607323	607357
5	607358	607374
5	607375	607382
5	607383	607389
5	607390	607402
5	607403	607441
5	607442	607457
5	607458	607483
5	607484	607739
5	607740	607748
5	607749	607775
5	607776	607820
5	607821	610549
5	610550	610600
5	610601	610836
5	610837	610852
5	610853	610884
5	610885	611103
5	611104	611174
5	611175	611230
5	611231	611248
5	611249	612677
5	612678	612842
5	612843	612853
5	612854	612885
5	612886	612898
5	612899	613636
5	613637	618934
5	618935	620270
5	620271	620347
5	620348	620503
5	620504	620585
5	620586	620601
5	620602	620614
5	620615	620662
5	620663	620677
5	620678	620695
5	620696	620705
5	620706	620728
5	620729	620833
5	620834	620866
5	620867	620968
5	620969	621062
5	621063	621078
5	621079	621091
5	621092	621129
5	621130	621196
5	621197	621203
5	621204	621211
5	621212	621279
5	621280	621307
5	621308	621373
5	621374	621564
5	621565	621752
5	621753	621788
5	621789	621820
5	621821	621874
5	621875	621892
5	621893	622009
5	622010	622032
5	622033	622039
5	622040	622055
5	622056	622158
5	622159	622209
5	622210	622242
5	622243	622268
5	622269	622315
5	622316	622721
5	622722	622916
5	622917	625173
5	625174	625183
5	625184	625220
5	625221	625248
5	625249	625306
5	625307	626263
5	626264	626292
5	626293	626361
5	626362	626524
5	626525	626578
5	626579	626598
5	626599	626628
5	626629	626648
5	626649	626657
5	626658	626685
5	626686	626692
5	626693	626712
5	626713	626730
5	626731	626831
5	626832	626992
5	626993	627002
5	627003	627020
5	627021	627039
5	627040	627054
5	627055	627073
5	627074	627089
5	627090	627105
5	627106	627118
5	627119	627135
5	627136	627157
5	627158	627167
5	627168	627183
5	627184	627207
5	627208	627413
5	627414	627433
5	627434	627552
5	627553	627560
5	627561	627581
5	627582	627609
5	627610	627631
5	627632	627648
5	627649	627699
5	627700	627729
5	627730	627955
5	627956	627966
5	627967	627989
5	627990	628110
5	628111	628127
5	628128	628155
5	628156	628196
5	628197	628247
5	628248	628283
5	628284	628292
5	628293	628311
5	628312	628321
5	628322	628381
5	628382	628393
5	628394	628500
5	628501	628511
5	628512	628530
5	628531	628687
5	628688	628703
5	628704	628718
5	628719	628836
5	628837	628843
5	628844	628864
5	628865	629096
5	629097	629110
5	629111	629132
5	629133	629169
5	629170	629238
5	629239	629248
5	629249	629472
5	629473	629716
5	629717	631362
5	631363	631405
5	631406	631473
5	631474	631561
5	631562	631615
5	631616	631700
5	631701	634611
5	634612	634838
5	634839	634847
5	634848	635066
5	635067	635101
5	635102	635153
5	635154	635191
5	635192	635207
5	635208	635218
5	635219	635325
5	635326	635568
5	635569	635576
5	635577	635591
5	635592	635609
5	635610	635701
5	635702	635719
5	635720	636701
5	636702	636709
5	636710	636772
5	636773	636803
5	636804	636816
5	636817	636874
5	636875	636902
5	636903	636925
5	636926	636947
5	636948	637167
5	637168	637177
5	637178	637486
5	637487	637512
5	637513	638319
5	638320	638615
5	638616	639779
5	639780	640096
5	640097	640195
5	640196	640250
5	640251	640280
5	640281	641280
5	641281	641357
5	641358	641369
5	641370	641660
5	641661	641887
5	641888	645872
5	645873	645880
5	645881	646227
5	646228	647392
5	647393	647416
5	647417	647448
5	647449	647621
5	647622	648563
5	648564	648595
5	648596	648620
5	648621	648678
5	648679	648703
5	648704	649028
5	649029	649036
5	649037	649087
5	649088	649211
5	649212	649296
5	649297	649307
5	649308	649331
5	649332	649348
5	649349	649360
5	649361	649564
5	649565	649601
5	649602	649688
5	649689	649740
5	649741	649751
5	649752	649759
5	649760	649977
5	649978	650037
5	650038	650052
5	650053	650130
5	650131	650279
5	650280	650326
5	650327	650354
5	650355	650384
5	650385	650396
5	650397	650403
5	650404	650415
5	650416	650473
5	650474	650480
5	650481	650498
5	650499	650576
5	650577	650657
5	650658	650757
5	650758	650814
5	650815	650862
5	650863	650891
5	650892	651084
5	651085	651128
5	651129	651135
5	651136	651144
5	651145	651239
5	651240	651314
5	651315	651425
5	651426	651642
5	651643	651656
5	651657	651678
5	651679	651739
5	651740	651746
5	651747	651831
5	651832	651859
5	651860	651951
5	651952	651978
5	651979	652001
5	652002	652332
5	652333	652381
5	652382	652415
5	652416	652429
5	652430	652494
5	652495	652513
5	652514	652522
5	652523	652554
5	652555	652593
5	652594	653050
5	653051	653060
5	653061	653071
5	653072	653079
5	653080	653192
5	653193	653201
5	653202	653291
5	653292	653306
5	653307	653325
5	653326	653377
5	653378	653423
5	653424	653502
5	653503	655827
5	655828	655881
5	655882	655889
5	655890	656536
5	656537	656558
5	656559	656695
5	656696	656708
5	656709	656966
5	656967	656975
5	656976	657021
5	657022	657052
5	657053	657187
5	657188	657343
5	657344	657377
5	657378	657390
5	657391	657400
5	657401	657412
5	657413	657577
5	657578	657586
5	657587	657624
5	657625	657651
5	657652	657668
5	657669	657692
5	657693	657753
5	657754	657763
5	657764	657779
5	657780	657791
5	657792	657823
5	657824	657864
5	657865	657886
5	657887	657967
5	657968	658233
5	658234	658268
5	658269	658366
5	658367	658385
5	658386	660103
5	660104	660123
5	660124	660179
5	660180	660225
5	660226	660235
5	660236	660257
5	660258	662427
5	662428	662478
5	662479	662486
5	662487	662493
5	662494	662720
5	662721	662840
5	662841	662874
5	662875	662902
5	662903	663140
5	663141	665339
5	665340	665705
5	665706	665792
5	665793	666126
5	666127	666142
5	666143	666150
5	666151	666160
5	666161	666175
5	666176	666405
5	666406	666416
5	666417	666448
5	666449	669545
5	669546	669571
5	669572	669581
5	669582	669631
5	669632	669695
5	669696	669704
5	669705	669725
5	669726	669798
5	669799	669809
5	669810	669826
5	669827	669835
5	669836	669918
5	669919	670010
5	670011	670197
5	670198	672657
5	672658	672752
5	672753	672769
5	672770	672790
5	672791	672804
5	672805	672895
5	672896	672906
5	672907	672919
5	672920	673099
5	673100	673915
5	673916	674792
5	674793	675773
5	675774	675819
5	675820	675836
5	675837	675849
5	675850	675877
5	675878	675898
5	675899	675907
5	675908	675922
5	675923	676064
5	676065	676537
5	676538	676559
5	676560	677336
5	677337	681746
5	681747	681780
5	681781	681802
5	681803	681814
5	681815	681851
5	681852	682830
5	682831	682849
5	682850	682860
5	682861	682885
5	682886	682902
5	682903	687954
5	687955	687986
5	687987	688004
5	688005	688398
5	688399	689582
5	689583	689604
5	689605	689624
5	689625	689679
5	689680	691855
5	691856	692963
5	692964	693132
5	693133	695274
5	695275	695348
5	695349	696116
5	696117	696230
5	696231	697137
5	697138	697148
5	697149	697161
5	697162	697173
5	697174	697183
5	697184	697216
5	697217	697412
5	697413	697480
5	697481	698476
5	698477	698512
5	698513	698678
5	698679	698689
5	698690	698706
5	698707	700296
5	700297	700304
5	700305	703998
5	703999	704006
5	704007	704202
5	704203	707627
5	707628	710274
5	710275	710290
5	710291	711040
5	711041	711053
5	711054	711063
5	711064	711172
5	711173	711186
5	711187	713524
5	713525	713542
5	713543	713574
5	713575	713588
5	713589	713607
5	713608	713625
5	713626	713673
5	713674	713685
5	713686	713701
5	713702	713727
5	713728	713764
5	713765	713803
5	713804	713815
5	713816	713827
5	713828	713849
5	713850	713857
5	713858	713865
5	713866	713953
5	713954	713961
5	713962	713974
5	713975	713985
5	713986	713998
5	713999	714008
5	714009	714017
5	714018	714240
5	714241	714268
5	714269	716060
5	716061	716999
5	717000	717010
5	717011	718224
5	718225	718291
5	718292	718369
5	718370	718389
5	718390	718422
5	718423	719106
5	719107	720876
5	720877	722946
