pool	true_n	cov	block	n_nz_kmers	n_panel_kmers	would_fallback	cosine	pearson	jaccard_topN	mass_on_true	eff_n	h_rmse
cov10_n10_g0_s42_hotspots_p80_chr1	10	10	0	697	1219	0	0.12941240243877966	-0.0029226061905535893	0.1111111111111111	0.12259725481271744	11.14269733428955	0.04544576806065619
cov10_n10_g0_s42_hotspots_p80_chr1	10	10	1	1032	1819	0	0.5027779645731343	0.43545056356459594	0.3333333333333333	0.5264925360679626	9.119437217712402	0.03611741060153191
cov10_n10_g0_s42_hotspots_p80_chr1	10	10	2	1258	2115	0	0.33567465083125564	0.26313270412000234	0.25	0.4217821955680847	6.33374547958374	0.04657360201736636
cov10_n10_g0_s42_hotspots_p80_chr1	10	10	3	317	831	0	0.355177000854296	0.239905838591499	0.17647058823529413	0.29054051637649536	14.944324493408203	0.03687935274640064
cov10_n10_g0_s42_hotspots_p80_chr1	10	10	4	318	986	0	0.34107808153765534	0.2623791338888421	0.17647058823529413	0.3977184295654297	7.354550838470459	0.0442191348283859
cov10_n10_g0_s42_hotspots_p80_chr1	10	10	5	764	1310	0	0.3241053806747152	0.23619571740737813	0.17647058823529413	0.3515912890434265	8.497599601745605	0.042918823381939114
cov10_n10_g0_s42_hotspots_p80_chr1	10	10	6	1153	2054	0	0.5667349534054651	0.4776542516759492	0.3333333333333333	0.3735285699367523	23.020370483398438	0.029311702364827295
cov10_n10_g0_s42_hotspots_p80_chr1	10	10	7	1268	2011	0	0.48378730309009366	0.36846855700391573	0.25	0.3043486177921295	25.267738342285156	0.031366071972476005
cov10_n10_g0_s42_hotspots_p80_chr1	10	10	8	569	1603	0	0.13666975308740342	0.055657770991928104	0.17647058823529413	0.19824004173278809	4.752937316894531	0.05817519017411661
cov10_n10_g0_s42_hotspots_p80_chr1	10	10	9	297	1137	0	0.26760490747009363	0.17470186539512317	0.17647058823529413	0.29677635431289673	8.130730628967285	0.04522650047406174
cov10_n10_g0_s42_hotspots_p80_chr1	10	10	10	586	1673	0	0.419755433423471	0.33690315447603036	0.25	0.4199317693710327	9.99160385131836	0.038094893959565806
cov10_n10_g0_s42_hotspots_p80_chr1	10	10	11	597	1614	0	0.4610224187726492	0.3809457232005459	0.3333333333333333	0.4453178644180298	10.717755317687988	0.03609701134328541
cov10_n10_g0_s42_hotspots_p80_chr1	10	10	12	1139	2386	0	0.3809226824395965	0.24537466952309211	0.17647058823529413	0.2566275894641876	22.032663345336914	0.03428951027046724
cov10_n10_g0_s42_hotspots_p80_chr1	10	10	13	847	1698	0	0.3208379958170134	0.18960123890797692	0.17647058823529413	0.24511398375034332	17.13307762145996	0.0369702295098098
cov10_n10_g0_s42_hotspots_p80_chr1	10	10	14	878	1563	0	0.49699272382259374	0.42862886949548923	0.3333333333333333	0.5188119411468506	9.17656421661377	0.03626480050855801
cov10_n10_g0_s42_hotspots_p80_chr1	10	10	15	923	1478	0	0.5225287432597655	0.4507935680379825	0.25	0.49958571791648865	10.939571380615234	0.03381828571675919
cov10_n10_g0_s42_hotspots_p80_chr1	10	10	16	1187	2169	0	0.42325686001712687	0.2965516379501319	0.17647058823529413	0.28045839071273804	22.77566909790039	0.033131334474363276
cov10_n10_g0_s42_hotspots_p80_chr1	10	10	17	1370	2301	0	0.39047966403422607	0.27502459090466325	0.1111111111111111	0.3018523156642914	16.734310150146484	0.035246809440947734
cov10_n10_g0_s42_hotspots_p80_chr1	10	10	18	1477	2266	0	0.442717858424818	0.3591796661579824	0.17647058823529413	0.4242623448371887	10.88892650604248	0.03656910344960472
cov10_n10_g0_s42_hotspots_p80_chr1	10	10	19	996	2046	0	0.31011625724930564	0.18899039643628898	0.17647058823529413	0.2583599388599396	14.407837867736816	0.038362527547781175
cov10_n10_g0_s42_hotspots_p80_chr1	10	10	20	1008	1724	0	0.4366273142824516	0.34302688685681504	0.3333333333333333	0.3808992803096771	13.140186309814453	0.03534164877581073
cov10_n10_g0_s42_hotspots_p80_chr1	10	10	21	981	2167	0	0.2831938094036556	0.17641587235295486	0.25	0.27299097180366516	10.761453628540039	0.04158215666973755
cov10_n10_g0_s42_hotspots_p80_chr1	10	10	22	907	1545	0	0.4438143812421758	0.3318054865336296	0.17647058823529413	0.32018548250198364	19.21318817138672	0.03316822320438663
cov10_n10_g0_s42_hotspots_p80_chr1	10	10	23	1094	1637	0	0.5189136020298747	0.4334343295457073	0.25	0.42146825790405273	15.158647537231445	0.031952172257452914
cov10_n10_g0_s42_hotspots_p80_chr1	10	10	24	1170	1624	0	0.3876890855677959	0.2127744003599892	0.17647058823529413	0.1992199718952179	37.87053298950195	0.032894103610993326
cov10_n10_g0_s42_hotspots_p80_chr1	10	10	25	1014	1565	0	0.24493159516601412	0.11963784871943942	0.17647058823529413	0.21482917666435242	12.998794555664062	0.04092132315555873
cov10_n10_g0_s42_hotspots_p80_chr1	10	10	26	1068	1872	0	0.35512752125900354	0.24887094235483304	0.17647058823529413	0.3128233551979065	12.887550354003906	0.037919255044018205
cov10_n10_g0_s42_hotspots_p80_chr1	10	10	27	1158	2142	0	0.4356804504596463	0.33092378799855765	0.25	0.3417501449584961	16.252443313598633	0.03412828221347583
cov10_n10_g0_s42_hotspots_p80_chr1	10	10	28	889	1792	0	0.47122324879096056	0.40625106911267717	0.17647058823529413	0.5349494218826294	7.759396553039551	0.03903301836068287
cov10_n10_g0_s42_hotspots_p80_chr1	10	10	29	1192	2083	0	0.44158019683009053	0.3798746739518453	0.1111111111111111	0.546140730381012	6.537476062774658	0.042387512013707544
cov10_n10_g0_s42_hotspots_p80_chr1	10	10	30	776	1643	0	0.5007724504599859	0.43521433232768447	0.25	0.5380581617355347	8.66208553314209	0.036714099640877344
cov10_n10_g0_s42_hotspots_p80_chr1	10	10	31	1027	2298	0	0.20709674654188162	0.11278197069256532	0.17647058823529413	0.24307382106781006	7.258889675140381	0.0486244993517091
cov10_n10_g0_s42_hotspots_p80_chr1	10	10	32	879	1740	0	0.5570463413942693	0.4834635053686913	0.25	0.48340702056884766	13.27873420715332	0.031350234390528135
cov10_n10_g0_s42_hotspots_p80_chr1	10	10	33	1105	2349	0	0.6156978971235398	0.5763770918797301	0.5384615384615384	0.7900320291519165	6.073597431182861	0.036510387366362446
cov10_n10_g0_s42_hotspots_p80_chr1	10	10	34	761	1777	0	0.2125971178848366	0.07128785594272173	0.1111111111111111	0.17434079945087433	14.870198249816895	0.040678686753297444
cov10_n10_g0_s42_hotspots_p80_chr1	10	10	35	1078	2482	0	0.27355784872047695	0.1493110796948316	0.17647058823529413	0.2335185706615448	13.723201751708984	0.039712336447306124
cov10_n10_g0_s42_hotspots_p80_chr1	10	10	36	733	1765	0	0.4833422987522992	0.4095036976364193	0.17647058823529413	0.48316848278045654	10.007194519042969	0.03593299468291107
cov10_n10_g0_s42_hotspots_p80_chr1	10	10	37	799	2189	0	0.35012081823489677	0.2772450344438646	0.25	0.43010351061820984	6.6265869140625	0.045399139666073667
cov10_n10_g0_s42_hotspots_p80_chr1	10	10	38	492	1688	0	0.6342974735456892	0.5929916831864316	0.42857142857142855	0.7603150606155396	6.959831237792969	0.03384128897232231
cov10_n10_g0_s42_hotspots_p80_chr1	10	10	39	554	1857	0	0.6960375478940916	0.6667797137268839	0.42857142857142855	0.910913348197937	5.838632106781006	0.03337107657867239
cov10_n10_g0_s42_hotspots_p80_chr1	10	10	40	555	1818	0	0.5103875668438839	0.4408406168065297	0.3333333333333333	0.5129354596138	9.900901794433594	0.035073816517495186
cov10_n10_g0_s42_hotspots_p80_chr1	10	10	41	589	2048	0	0.5224372358730501	0.47218443752125594	0.3333333333333333	0.6657777428627014	6.15757417678833	0.040194224742077136
cov10_n10_g0_s42_hotspots_p80_chr1	10	10	42	314	1179	0	0.42377078963378484	0.3348803720201518	0.25	0.395819753408432	11.462176322937012	0.0367558695277498
cov10_n10_g0_s42_hotspots_p80_chr1	10	10	43	110	1380	1	0.29124952427287165	0.19239078511478327	0.17647058823529413	0.2973964214324951	9.590892791748047	0.04254208103402278
cov10_n10_g0_s42_hotspots_p80_chr1	10	10	44	522	1290	0	0.3294918581860696	0.2379573024290574	0.3333333333333333	0.34279006719589233	9.239167213439941	0.04178469289619491
cov10_n10_g0_s42_hotspots_p80_chr1	10	10	45	421	1470	0	0.4923377532849392	0.42870175954323386	0.3333333333333333	0.5496651530265808	8.022871017456055	0.03786664394127032
cov10_n10_g0_s42_hotspots_p80_chr1	10	10	46	504	1685	0	0.5686108721757195	0.5297953200754714	0.25	0.798729658126831	5.067931652069092	0.04146884823903536
cov10_n10_g0_s42_hotspots_p80_chr1	10	10	47	211	751	0	0.38501664113649064	0.30902190657504897	0.25	0.4358954429626465	7.801791191101074	0.04198163314408814
cov10_n10_g0_s42_hotspots_p80_chr1	10	10	48	1153	1969	0	0.23700056990548848	0.14156720043309912	0.1111111111111111	0.2661473751068115	7.9296555519104	0.04648647642034219
cov10_n10_g0_s42_hotspots_p80_chr1	10	10	49	1157	1833	0	0.4021644068107022	0.297088047306779	0.25	0.3333224058151245	14.55721378326416	0.035712390055126615
cov10_n10_g0_s42_hotspots_p80_chr1	10	10	50	1294	2290	0	0.4486163225088903	0.3278437351837019	0.17647058823529413	0.2951647937297821	23.10047721862793	0.03245307839408623
cov10_n10_g0_s42_hotspots_p80_chr1	10	10	51	132	323	1	0.25500896971710835	0.02969360737333122	0.05263157894736842	0.1361057162284851	35.1041259765625	0.03557835337325279
cov10_n10_g0_s42_hotspots_p80_chr1	10	10	52	903	1674	0	0.20440055920904313	0.03597356967512039	0.1111111111111111	0.14585793018341064	19.638307571411133	0.03901110370370886
cov10_n10_g0_s42_hotspots_p80_chr1	10	10	53	398	978	0	0.2681129914720942	0.15750939842139497	0.17647058823529413	0.2552173137664795	11.036096572875977	0.04176845219303817
cov10_n10_g0_s42_hotspots_p80_chr1	10	10	54	447	830	0	0.3650615710548113	0.2709042529092051	0.17647058823529413	0.3532699644565582	10.6787109375	0.03920941604658398
cov10_n10_g0_s42_hotspots_p80_chr1	10	10	55	1432	2386	0	0.22039198767431392	0.10173961484885549	0.17647058823529413	0.20851853489875793	11.171263694763184	0.04298425291320878
cov10_n10_g0_s42_hotspots_p80_chr1	10	10	56	1714	2712	0	0.28683890594615236	0.21138525476539194	0.25	0.3710319697856903	5.976590156555176	0.04913159866024419
cov10_n10_g0_s42_hotspots_p80_chr1	10	10	57	920	1767	0	0.41241917306457837	0.30278823611985484	0.17647058823529413	0.3227136731147766	16.33213233947754	0.03476461170162934
cov10_n10_g0_s42_hotspots_p80_chr1	10	10	58	301	862	0	0.33497782061783826	0.25782021605531125	0.25	0.4002818465232849	7.003260612487793	0.04510186397181972
cov10_n10_g0_s42_hotspots_p80_chr1	10	10	59	326	1092	0	0.3469648973271925	0.2745466108582247	0.17647058823529413	0.43021583557128906	6.504266262054443	0.04578510782558513
cov10_n10_g0_s42_hotspots_p80_chr1	10	10	60	309	1416	0	0.09155879012436019	-0.0009777344668302152	0.17647058823529413	0.12380631268024445	5.469081878662109	0.0567984134544867
cov10_n10_g0_s42_hotspots_p80_chr1	10	10	61	859	1639	0	0.2290345596308473	0.08679293821647747	0.17647058823529413	0.1832859069108963	15.615068435668945	0.03990355975963633
cov10_n10_g0_s42_hotspots_p80_chr1	10	10	62	882	1713	0	0.33639941440772175	0.17039076892379895	0.1111111111111111	0.20286668837070465	27.497238159179688	0.03460382104815932
cov10_n10_g0_s42_hotspots_p80_chr1	10	10	63	922	1542	0	0.4567440278164429	0.31778865676252566	0.25	0.24437223374843597	34.93349838256836	0.03157359901859899
cov10_n10_g0_s42_hotspots_p80_chr1	10	10	64	1314	1884	0	0.27475445560920797	0.18425822045806461	0.1111111111111111	0.3090381622314453	7.904333114624023	0.04537417443572065
cov10_n10_g0_s42_hotspots_p80_chr1	10	10	65	1023	1478	0	0.2993122197889572	0.1135774539340768	0.1111111111111111	0.1740483045578003	29.573951721191406	0.0351788075832073
cov10_n10_g0_s42_hotspots_p80_chr1	10	10	66	582	881	0	0.432508765796586	0.2895073900861451	0.25	0.24427028000354767	31.350799560546875	0.032218600755274614
cov10_n10_g0_s42_hotspots_p80_chr1	10	10	67	761	1087	0	0.2651983537376082	0.0523300999385855	0.05263157894736842	0.14554814994335175	33.19925308227539	0.035533703992742395
cov10_n10_g0_s42_hotspots_p80_chr1	10	10	68	839	1755	0	0.35930580191868006	0.24756021796167865	0.17647058823529413	0.3005506694316864	14.29200267791748	0.03705723084589929
cov10_n10_g0_s42_hotspots_p80_chr1	10	10	69	740	1745	0	0.17378717133237606	0.06243475732765823	0.1111111111111111	0.1828886717557907	9.029461860656738	0.046659785264015805
cov10_n10_g0_s42_hotspots_p80_chr1	10	10	70	963	1713	0	0.35060573676529666	0.2308936896795041	0.17647058823529413	0.2789217233657837	15.8005952835083	0.03665794813474295
cov10_n10_g0_s42_hotspots_p80_chr1	10	10	71	598	1609	0	0.4411669567656221	0.3361689989891238	0.25	0.34171783924102783	16.667503356933594	0.03384771285128395
cov10_n10_g0_s42_hotspots_p80_chr1	10	10	72	815	1788	0	0.18756772629459675	0.10662558435623773	0.17647058823529413	0.2570706307888031	5.323672771453857	0.054362915342339384
cov10_n10_g0_s42_hotspots_p80_chr1	10	10	73	745	1911	0	0.25153902226576613	0.11579640382525792	0.1111111111111111	0.20411403477191925	15.186758041381836	0.03953227131363293
cov10_n10_g0_s42_hotspots_p80_chr1	10	10	74	692	1581	0	0.4657860468856719	0.38300021706322335	0.25	0.43311217427253723	11.565706253051758	0.03532705675384217
cov10_n10_g0_s42_hotspots_p80_chr1	10	10	75	921	2368	0	0.43465158878101223	0.331991067832903	0.25	0.34840714931488037	15.563543319702148	0.03438228101296097
cov10_n10_g0_s42_hotspots_p80_chr1	10	10	76	940	1989	0	0.3175819153193709	0.15456248770783926	0.1111111111111111	0.2007720172405243	25.021028518676758	0.03532208596629566
cov10_n10_g0_s42_hotspots_p80_chr1	10	10	77	827	2214	0	0.468520894216833	0.3791937979004906	0.3333333333333333	0.40379276871681213	13.462969779968262	0.034190506680066075
cov10_n10_g0_s42_hotspots_p80_chr1	10	10	78	822	1539	0	0.4207648899982618	0.28162844244710317	0.3333333333333333	0.2535564601421356	27.53782081604004	0.0327113133557641
cov10_n10_g0_s42_hotspots_p80_chr1	10	10	79	1028	2069	0	0.40031987654005363	0.303088438985187	0.17647058823529413	0.3575018048286438	12.53885555267334	0.03678514291413053
cov10_n10_g0_s42_hotspots_p80_chr1	10	10	80	912	2192	0	0.3239536551047676	0.22661309168372917	0.17647058823529413	0.3217305839061737	10.138670921325684	0.04097043655217606
cov10_n10_g0_s42_hotspots_p80_chr1	10	10	81	899	1741	0	0.23125545272533632	0.02913133176805178	0.05263157894736842	0.1381169557571411	28.034317016601562	0.036750370839557706
cov10_n10_g0_s42_hotspots_p80_chr1	10	10	82	1152	2187	0	0.3874590579002544	0.23063942467432455	0.1111111111111111	0.22293120622634888	30.207164764404297	0.0332638112723428
cov10_n10_g0_s42_hotspots_p80_chr1	10	10	83	1048	2070	0	0.45775015687471293	0.388659235282446	0.17647058823529413	0.5045685768127441	8.230316162109375	0.03882465138972665
cov10_n10_g0_s42_hotspots_p80_chr1	10	10	84	530	1339	0	0.3702927303596132	0.22976853070849992	0.17647058823529413	0.24563740193843842	22.724872589111328	0.034437837527870066
cov10_n10_g0_s42_hotspots_p80_chr1	10	10	85	278	878	0	0.32335725461727177	0.13107846473266788	0.05263157894736842	0.1754811406135559	33.95504379272461	0.03434284455247855
cov10_n10_g0_s42_hotspots_p80_chr1	10	10	86	78	146	1	0.38967870934792326	0.19149359646623818	0.05263157894736842	0.17340046167373657	50.50251007080078	0.03261918671661536
cov10_n10_g0_s42_hotspots_p80_chr1	10	10	87	166	502	1	0.22501679990550755	0.08469110939860143	0.1111111111111111	0.18303579092025757	15.113247871398926	0.040243004952510125
cov10_n10_g0_s42_hotspots_p80_chr1	10	10	88	1337	2284	0	0.3841004455511276	0.2587405144289224	0.17647058823529413	0.2774638533592224	19.16358757019043	0.034765199280872315
cov10_n10_g0_s42_hotspots_p80_chr1	10	10	89	924	1504	0	0.38002298285680114	0.2483053742575751	0.17647058823529413	0.2636408507823944	20.77754783630371	0.034532720234967264
cov10_n10_g0_s42_hotspots_p80_chr1	10	10	90	699	1764	0	0.3387864600438944	0.19390492268371337	0.1111111111111111	0.23032842576503754	21.63500213623047	0.03538285372165094
cov10_n10_g0_s42_hotspots_p80_chr1	10	10	91	849	2132	0	0.23001645407048663	0.1349634006716302	0.25	0.2612866163253784	7.749672889709473	0.047008029592410745
cov10_n10_g0_s42_hotspots_p80_chr1	10	10	92	601	1928	0	0.35737447866696703	0.24551740092112576	0.17647058823529413	0.29950863122940063	14.237323760986328	0.03713761521606082
cov10_n10_g0_s42_hotspots_p80_chr1	10	10	93	1013	2092	0	0.32986218069301776	0.24496979136303407	0.17647058823529413	0.3659975230693817	8.122856140136719	0.043288263436575866
cov10_n10_g0_s42_hotspots_p80_chr1	10	10	94	1009	1839	0	0.4998256386696958	0.40775715968438686	0.25	0.3921271562576294	16.247377395629883	0.03223409792749094
cov10_n10_g0_s42_hotspots_p80_chr1	10	10	95	953	2117	0	0.2427913479118232	0.1614917424578363	0.25	0.31095343828201294	6.096431732177734	0.05022943446246168
cov10_n10_g0_s42_hotspots_p80_chr1	10	10	96	745	2287	0	0.14551062800930126	0.013012607809622377	0.05263157894736842	0.13548465073108673	11.53477668762207	0.0446650620563732
cov10_n10_g0_s42_hotspots_p80_chr1	10	10	97	1278	2647	0	0.5077224591829251	0.4100406471041688	0.25	0.36566200852394104	19.279380798339844	0.03137205929330295
cov10_n10_g0_s42_hotspots_p80_chr1	10	10	98	1158	2561	0	0.4216032983547646	0.30423869922569535	0.17647058823529413	0.30330806970596313	19.32146644592285	0.03374431301517989
cov10_n10_g0_s42_hotspots_p80_chr1	10	10	99	1117	2098	0	0.35421747193216796	0.18849222736081334	0.17647058823529413	0.20711107552051544	29.250499725341797	0.03405239237393153
cov10_n10_g0_s42_hotspots_p80_chr1	10	10	100	1000	2107	0	0.3845381844639475	0.28207583609064973	0.17647058823529413	0.3353425860404968	13.149267196655273	0.03690889873464922
cov10_n10_g0_s42_hotspots_p80_chr1	10	10	101	1249	2461	0	0.23558097294831337	0.10735097699784395	0.17647058823529413	0.2047092616558075	13.243582725524902	0.04101317115609712
cov10_n10_g0_s42_hotspots_p80_chr1	10	10	102	938	1779	0	0.4217039574020734	0.3018606410485825	0.17647058823529413	0.29696425795555115	20.165407180786133	0.033577712362919766
cov10_n10_g0_s42_hotspots_p80_chr1	10	10	103	878	1516	0	0.17003422687444214	0.030439698090765778	0.05263157894736842	0.14756807684898376	13.276631355285645	0.04269172901399788
cov10_n10_g0_s42_hotspots_p80_chr1	10	10	104	990	1765	0	0.43653469203747375	0.32545563855286835	0.3333333333333333	0.322409451007843	18.3325138092041	0.033553315964894526
cov10_n10_g0_s42_hotspots_p80_chr1	10	10	105	363	834	0	0.25973716352250387	0.09508997207203418	0.1111111111111111	0.17669720947742462	21.60771369934082	0.03723914747449497
cov10_n10_g0_s42_hotspots_p80_chr1	10	10	106	129	168	1	0.20498045449409483	0.08785926957651528	0.1111111111111111	0.19954073429107666	10.552658081054688	0.043996408521496125
cov10_n10_g0_s42_hotspots_p80_chr1	10	10	107	614	1138	0	0.24516932341417516	0.010968865297388204	0.05263157894736842	0.12899820506572723	36.12143325805664	0.035686964430175536
cov10_n10_g0_s42_hotspots_p80_chr1	10	10	108	915	1558	0	0.16354237328466467	0.039643994426860805	0.1111111111111111	0.15845158696174622	10.652889251708984	0.0450251229324719
cov10_n10_g0_s42_hotspots_p80_chr1	10	10	109	722	1324	0	0.32156943723459624	0.1844477906656163	0.17647058823529413	0.23590117692947388	18.581865310668945	0.036509531853191134
cov10_n10_g0_s42_hotspots_p80_chr1	10	10	110	410	1172	0	0.30917375980063144	0.1550320166237537	0.1111111111111111	0.2080102264881134	22.0920467376709	0.03599706867788293
cov10_n10_g0_s42_hotspots_p80_chr1	10	10	111	629	1758	0	0.32291109186497946	0.17659771681592654	0.17647058823529413	0.2229909896850586	20.969655990600586	0.03589738059995383
cov10_n10_g0_s42_hotspots_p80_chr1	10	10	112	975	2086	0	0.3135520036171747	0.17994149591757141	0.1111111111111111	0.23814347386360168	17.335718154907227	0.0370903763150594
cov10_n10_g0_s42_hotspots_p80_chr1	10	10	113	979	2013	0	0.37630406511106645	0.23791197932267152	0.17647058823529413	0.2505798637866974	22.552019119262695	0.03431944689683029
cov10_n10_g0_s42_hotspots_p80_chr1	10	10	114	1038	1670	0	0.31293160908916107	0.18541443468719798	0.17647058823529413	0.24804051220417023	15.916718482971191	0.03761962796692234
cov10_n10_g0_s42_hotspots_p80_chr1	10	10	115	1334	2415	0	0.46099492202180736	0.3614996136674955	0.25	0.3625585734844208	16.167240142822266	0.03341813790886547
cov10_n10_g0_s42_hotspots_p80_chr1	10	10	116	1079	2223	0	0.23844486126315448	0.10352810904020952	0.1111111111111111	0.19756866991519928	14.5659818649292	0.0401776334348366
cov10_n10_g0_s42_hotspots_p80_chr1	10	10	117	901	2070	0	0.1579230797106457	0.0020960116884877963	0.1111111111111111	0.12640798091888428	15.607813835144043	0.04165166087024923
cov10_n10_g0_s42_hotspots_p80_chr1	10	10	118	489	1366	0	0.3313201770230127	0.26069905555080447	0.17647058823529413	0.42796897888183594	5.993371486663818	0.047599525343276744
cov10_n10_g0_s42_hotspots_p80_chr1	10	10	119	607	1434	0	0.36639251076636803	0.2845851035283732	0.17647058823529413	0.3998311161994934	8.397307395935059	0.04170125553792327
cov10_n10_g0_s42_hotspots_p80_chr1	10	10	120	912	2008	0	0.24731632505775647	0.1002431901258589	0.1111111111111111	0.18817579746246338	17.273408889770508	0.03877133164949676
cov10_n10_g0_s42_hotspots_p80_chr1	10	10	121	651	1472	0	0.31271228622502095	0.16407477822039263	0.17647058823529413	0.21616771817207336	20.92705726623535	0.036150982337019105
cov10_n10_g0_s42_hotspots_p80_chr1	10	10	122	857	1942	0	0.4907881685539583	0.40837129623349844	0.3333333333333333	0.43810707330703735	12.549537658691406	0.03392322230991716
cov10_n10_g0_s42_hotspots_p80_chr1	10	10	123	992	2305	0	0.33028932341064393	0.20363387513657547	0.1111111111111111	0.2570892870426178	16.50521469116211	0.036940672473308
cov10_n10_g0_s42_hotspots_p80_chr1	10	10	124	658	1596	0	0.37943978863848005	0.27100940101110754	0.25	0.316580206155777	14.365418434143066	0.03645126462340342
cov10_n10_g0_s42_hotspots_p80_chr1	10	10	125	789	1830	0	0.4154419179738259	0.29233519426614246	0.1111111111111111	0.28826412558555603	20.770139694213867	0.0336327991683733
cov10_n10_g0_s42_hotspots_p80_chr1	10	10	126	870	1725	0	0.3023021736498925	0.19405113854945946	0.17647058823529413	0.28113043308258057	11.56290054321289	0.040351176489906763
cov10_n10_g0_s42_hotspots_p80_chr1	10	10	127	892	1645	0	0.45349917218732894	0.33659160620460354	0.17647058823529413	0.30572405457496643	22.003599166870117	0.032461958249920785
cov10_n10_g0_s42_hotspots_p80_chr1	10	10	128	638	1170	0	0.47964664557307035	0.3986732382836183	0.25	0.444241464138031	11.657479286193848	0.0348090405009045
cov10_n10_g0_s42_hotspots_p80_chr1	10	10	129	1206	2197	0	0.3783995116429814	0.24920550056147417	0.17647058823529413	0.2681971490383148	19.90640640258789	0.03474831997457379
cov10_n10_g0_s42_hotspots_p80_chr1	10	10	130	1138	1960	0	0.45131404751276033	0.34777220437580225	0.17647058823529413	0.34757256507873535	16.8603572845459	0.033503025678664505
cov10_n10_g0_s42_hotspots_p80_chr1	10	10	131	1060	2014	0	0.5576731376865186	0.47556122689930036	0.25	0.42824074625968933	16.958343505859375	0.030273724801300073
cov10_n10_g0_s42_hotspots_p80_chr1	10	10	132	1296	2643	0	0.44317210736546575	0.33242903946542385	0.17647058823529413	0.32394281029701233	18.71578598022461	0.033287059465289016
cov10_n10_g0_s42_hotspots_p80_chr1	10	10	133	1064	1838	0	0.41234861935857936	0.30154355898991425	0.1111111111111111	0.31939610838890076	16.66747283935547	0.03466227560113567
cov10_n10_g0_s42_hotspots_p80_chr1	10	10	134	358	791	0	0.31082087974174666	0.1691668472922454	0.17647058823529413	0.22489745914936066	19.100788116455078	0.036635768732793055
cov10_n10_g0_s42_hotspots_p80_chr1	10	10	135	848	1777	0	0.4386766874204955	0.3571587008880383	0.25	0.4323904514312744	10.292880058288574	0.03719483265162032
cov10_n10_g0_s42_hotspots_p80_chr1	10	10	136	1015	2108	0	0.16020049499500733	0.03196624619636527	0.1111111111111111	0.1511584371328354	11.232150077819824	0.04455312289576814
cov10_n10_g0_s42_hotspots_p80_chr1	10	10	137	1217	2057	0	0.4321293743486729	0.29672803502368167	0.17647058823529413	0.2606186270713806	27.49265480041504	0.03245181565126266
cov10_n10_g0_s42_hotspots_p80_chr1	10	10	138	1053	1773	0	0.49473852194805173	0.3951581073142717	0.25	0.3605888783931732	18.824644088745117	0.03182060615434127
cov10_n10_g0_s42_hotspots_p80_chr1	10	10	139	906	1803	0	0.10977566750998033	-0.003219817814166945	0.05263157894736842	0.121831513941288	8.118819236755371	0.049850314625447305
cov10_n10_g0_s42_hotspots_p80_chr1	10	10	140	968	2133	0	0.4684123887321488	0.37366802697946366	0.25	0.38125407695770264	15.09481430053711	0.033540479447824345
cov10_n10_g0_s42_hotspots_p80_chr1	10	10	141	1250	2179	0	0.528906877833501	0.4461947604155409	0.3333333333333333	0.43449121713638306	14.818230628967285	0.031738419608618555
cov10_n10_g0_s42_hotspots_p80_chr1	10	10	142	944	1381	0	0.5992445960795051	0.532481202430619	0.42857142857142855	0.5168749094009399	13.441179275512695	0.029795816563807156
cov10_n10_g0_s42_hotspots_p80_chr1	10	10	143	910	1178	0	0.4830087354015072	0.36525156746056414	0.25	0.2961510419845581	26.600116729736328	0.03129768682285746
cov10_n10_g0_s42_hotspots_p80_chr1	10	10	144	1137	1457	0	0.3129758321021068	0.20938035838830607	0.17647058823529413	0.2984684705734253	10.995746612548828	0.04050471554216864
cov10_n10_g0_s42_hotspots_p80_chr1	10	10	145	900	1873	0	0.43503356725007136	0.31320174245187543	0.17647058823529413	0.29274821281433105	22.082948684692383	0.032926844538252
cov10_n10_g0_s42_hotspots_p80_chr1	10	10	146	1160	1651	0	0.22602750845872258	0.12337845697313388	0.17647058823529413	0.24120275676250458	8.78128433227539	0.04550247355832953
cov10_n10_g0_s42_hotspots_p80_chr1	10	10	147	1109	1959	0	0.5131052785695753	0.4448253581397906	0.25	0.5214368104934692	9.682991981506348	0.03517571963569402
cov10_n10_g0_s42_hotspots_p80_chr1	10	10	148	1021	1813	0	0.5404494187812218	0.4529818303320866	0.25	0.40471577644348145	17.8324031829834	0.030646072244487062
cov10_n10_g0_s42_hotspots_p80_chr1	10	10	149	981	1798	0	0.22826334268339205	0.12201999176581925	0.3333333333333333	0.23577247560024261	9.373162269592285	0.04465605885166933
cov10_n10_g0_s42_hotspots_p80_chr1	10	10	150	1032	1618	0	0.25973911293607505	0.14942579506642364	0.25	0.25030621886253357	10.76791000366211	0.04225033769758694
cov10_n10_g0_s42_hotspots_p80_chr1	10	10	151	870	1338	0	0.3768559741061043	0.2408742601173609	0.17647058823529413	0.25497961044311523	21.84438705444336	0.034420637773916976
cov10_n10_g0_s42_hotspots_p80_chr1	10	10	152	889	1713	0	0.4855807672090051	0.37045611859249133	0.25	0.3042982518672943	25.46384620666504	0.03130729040057056
cov10_n10_g0_s42_hotspots_p80_chr1	10	10	153	668	1722	0	0.4511982181964549	0.3508257383777611	0.25	0.3585498332977295	15.83564281463623	0.03380804616059158
cov10_n10_g0_s42_hotspots_p80_chr1	10	10	154	1157	2287	0	0.283942212370653	0.16622228406841905	0.17647058823529413	0.2509390413761139	12.803342819213867	0.039986996688879554
cov10_n10_g0_s42_hotspots_p80_chr1	10	10	155	1110	1831	0	0.46493293136167674	0.35458664570265547	0.17647058823529413	0.3250805139541626	20.454971313476562	0.03237896234725305
cov10_n10_g0_s42_hotspots_p80_chr1	10	10	156	426	730	0	0.46076772918164327	0.37508459950610373	0.25	0.4187268614768982	12.108839988708496	0.03514948947964934
cov10_n10_g0_s42_hotspots_p80_chr1	10	10	157	272	724	0	0.4150165331048532	0.29563732326072156	0.25	0.29727885127067566	19.489591598510742	0.033884669769497014
cov10_n10_g0_s42_hotspots_p80_chr1	10	10	158	302	466	0	0.1741308182015226	-0.00467281205232572	0.05263157894736842	0.12234604358673096	20.25682830810547	0.039512160462427136
cov10_n10_g0_s42_hotspots_p80_chr1	10	10	159	1411	2005	0	0.19123120275512687	0.09892994478437954	0.1111111111111111	0.23280154168605804	6.747544288635254	0.05020479775079209
cov10_n10_g0_s42_hotspots_p80_chr1	10	10	160	1138	1921	0	0.3045848692611115	0.11058933960339928	0.17647058823529413	0.16942235827445984	32.320289611816406	0.03483099388205658
cov10_n10_g0_s42_hotspots_p80_chr1	10	10	161	1534	2250	0	0.41402481410514996	0.2550034030837909	0.25	0.2183222472667694	35.96306228637695	0.0324310529542755
cov10_n10_g0_s42_hotspots_p80_chr1	10	10	162	1750	2458	0	0.40373131479932695	0.26637958496641145	0.25	0.25661516189575195	24.75257682800293	0.033368549975625564
cov10_n10_g0_s42_hotspots_p80_chr1	10	10	163	1297	1959	0	0.3294900044158656	0.12212389436915386	0.05263157894736842	0.16600337624549866	39.395870208740234	0.033945305364086076
cov10_n10_g0_s42_hotspots_p80_chr1	10	10	164	1165	1732	0	0.3963158515118811	0.2821538318248456	0.17647058823529413	0.3066539168357849	16.702667236328125	0.03509627678185776
cov10_n10_g0_s42_hotspots_p80_chr1	10	10	165	1110	1689	0	0.4565570593283203	0.36991185713965724	0.3333333333333333	0.41363370418548584	12.183116912841797	0.03524096897223576
cov10_n10_g0_s42_hotspots_p80_chr1	10	10	166	1092	1707	0	0.34415494140133956	0.2438033697473159	0.3333333333333333	0.32395055890083313	11.286273956298828	0.03934035525356688
cov10_n10_g0_s42_hotspots_p80_chr1	10	10	167	1384	1829	0	0.1813098543527198	0.07130996174931718	0.17647058823529413	0.19131779670715332	8.98115348815918	0.0465135357270877
cov10_n10_g0_s42_hotspots_p80_chr1	10	10	168	1315	1924	0	0.47252180083087936	0.3748284170283381	0.17647058823529413	0.36980798840522766	16.326425552368164	0.03303195304797292
cov10_n10_g0_s42_hotspots_p80_chr1	10	10	169	695	1381	0	0.4436813183757497	0.3761169755886968	0.25	0.5088526606559753	7.6025309562683105	0.04027477652590369
cov10_n10_g0_s42_hotspots_p80_chr1	10	10	170	1192	2395	0	0.48493465466946273	0.37835341490251073	0.25	0.3352968990802765	20.91737937927246	0.031770219441513856
cov10_n10_g0_s42_hotspots_p80_chr1	10	10	171	665	1772	0	0.3949082534669949	0.3017419689074173	0.3333333333333333	0.3695610761642456	11.418785095214844	0.037693296283557415
cov10_n10_g0_s42_hotspots_p80_chr1	10	10	172	1035	1957	0	0.3063241443755523	0.17665737199974957	0.17647058823529413	0.24135704338550568	16.108030319213867	0.03771760628874192
cov10_n10_g0_s42_hotspots_p80_chr1	10	10	173	1359	1967	0	0.30509053636200767	0.17742914558547337	0.17647058823529413	0.24415698647499084	15.614181518554688	0.03794946476984274
cov10_n10_g0_s42_hotspots_p80_chr1	10	10	174	997	1612	0	0.4929515167812325	0.3934520671676933	0.25	0.36122849583625793	18.622777938842773	0.03190845999945361
cov10_n10_g0_s42_hotspots_p80_chr1	10	10	175	1132	1901	0	0.4245678073276605	0.31442267854197936	0.25	0.3235730528831482	17.2166805267334	0.03416295451247748
cov10_n10_g0_s42_hotspots_p80_chr1	10	10	176	1269	2031	0	0.41331250144102405	0.3029096860860726	0.25	0.32072651386260986	16.606855392456055	0.034653787485231374
cov10_n10_g0_s42_hotspots_p80_chr1	10	10	177	968	1291	0	0.1907356481496676	0.091454430154151	0.1111111111111111	0.2179633229970932	7.657673358917236	0.04834709091221818
cov10_n10_g0_s42_hotspots_p80_chr1	10	10	178	928	1283	0	0.5241683473157343	0.4530950202143257	0.3333333333333333	0.503803551197052	10.824780464172363	0.0338415274622896
cov10_n10_g0_s42_hotspots_p80_chr1	10	10	179	1365	2108	0	0.5192967671538733	0.44713188540059395	0.25	0.49685126543045044	10.923919677734375	0.03394333126115244
cov10_n10_g0_s42_hotspots_p80_chr1	10	10	180	858	1759	0	0.46060470966000083	0.3772099164631061	0.17647058823529413	0.42922359704971313	11.5156831741333	0.03553051292439532
cov10_n10_g0_s42_hotspots_p80_chr1	10	10	181	726	1476	0	0.22932899823608777	0.12126156077101674	0.1111111111111111	0.2330905646085739	9.679850578308105	0.04425625302531112
cov10_n10_g0_s42_hotspots_p80_chr1	10	10	182	998	1835	0	0.5731385460558194	0.5000214976297422	0.3333333333333333	0.48102065920829773	14.1968412399292	0.030461875602405427
cov10_n10_g0_s42_hotspots_p80_chr1	10	10	183	1370	2291	0	0.38392507816030375	0.2602309288275785	0.17647058823529413	0.28099924325942993	18.66735076904297	0.034887250036025795
cov10_n10_g0_s42_hotspots_p80_chr1	10	10	184	487	1096	0	0.4655119477747586	0.4152112586118759	0.25	0.6474336385726929	5.169769763946533	0.04526940192176936
cov10_n10_g0_s42_hotspots_p80_chr1	10	10	185	243	895	0	0.44917702481950683	0.3671688982577574	0.25	0.43307745456695557	10.757315635681152	0.036459652673762534
cov10_n10_g0_s42_hotspots_p80_chr1	10	10	186	718	1839	0	0.5167440078351976	0.43964398631794105	0.25	0.46729061007499695	12.228601455688477	0.03322600147907185
cov10_n10_g0_s42_hotspots_p80_chr1	10	10	187	926	1348	0	0.3922564066127432	0.30492201310426403	0.25	0.39023423194885254	10.103909492492676	0.038878778065745793
cov10_n10_g0_s42_hotspots_p80_chr1	10	10	188	918	2039	0	0.42877595348959374	0.295816546681953	0.25	0.266267329454422	25.93134880065918	0.03265537817530839
cov10_n10_g0_s42_hotspots_p80_chr1	10	10	189	1041	1832	0	0.3383244217220279	0.21990361103952447	0.1111111111111111	0.2767048478126526	14.949721336364746	0.03734131595737614
cov10_n10_g0_s42_hotspots_p80_chr1	10	10	190	917	1918	0	0.22775916293893922	0.059662959204430675	0.05263157894736842	0.15843401849269867	20.665922164916992	0.03819391861690296
cov10_n10_g0_s42_hotspots_p80_chr1	10	10	191	688	1547	0	0.3668934346137078	0.27397871210082897	0.25	0.3583126962184906	10.484684944152832	0.03932471602048185
cov10_n10_g0_s42_hotspots_p80_chr1	10	10	192	1001	1432	0	0.44801984051352584	0.37118979821273845	0.25	0.4582695960998535	9.557679176330566	0.037578917075370456
cov10_n10_g0_s42_hotspots_p80_chr1	10	10	193	791	1773	0	0.4788642664464677	0.3921628362114897	0.25	0.416567862033844	13.21457576751709	0.03397801394833472
cov10_n10_g0_s42_hotspots_p80_chr1	10	10	194	842	1833	0	0.5008771123236856	0.4277746804202357	0.3333333333333333	0.4899892210960388	10.449352264404297	0.03494672254476132
cov10_n10_g0_s42_hotspots_p80_chr1	10	10	195	538	1063	0	0.46441344789525246	0.40731220357341774	0.3333333333333333	0.5894196033477783	6.208125114440918	0.042307701318048646
cov10_n10_g0_s42_hotspots_p80_chr1	10	10	196	1210	2067	0	0.4679992377050445	0.36621696453764757	0.25	0.35442179441452026	17.43610191345215	0.032876265498612736
cov10_n10_g0_s42_hotspots_p80_chr1	10	10	197	775	1285	0	0.5003015693144921	0.43142869021735103	0.3333333333333333	0.5160577297210693	9.398685455322266	0.035914187295705044
cov10_n10_g0_s42_hotspots_p80_chr1	10	10	198	902	1651	0	0.2516561159867853	0.12874528462003915	0.05263157894736842	0.22269603610038757	12.769972801208496	0.040891546786634
cov10_n10_g0_s42_hotspots_p80_chr1	10	10	199	1020	1952	0	0.4393477740124883	0.3540309322092295	0.3333333333333333	0.4153977036476135	11.186356544494629	0.03645460767930384
cov10_n10_g0_s42_hotspots_p80_chr1	10	10	200	1249	2223	0	0.38304241050284854	0.27062241672083215	0.17647058823529413	0.30731090903282166	15.535945892333984	0.035865140449172606
cov10_n10_g0_s42_hotspots_p80_chr1	10	10	201	983	1922	0	0.3376642285629834	0.24571626725382154	0.17647058823529413	0.34620821475982666	9.512514114379883	0.041213322111500555
cov10_n10_g0_s42_hotspots_p80_chr1	10	10	202	1090	1738	0	0.379504755321271	0.2898313887855999	0.25	0.3756771683692932	10.204808235168457	0.03918826179123734
cov10_n10_g0_s42_hotspots_p80_chr1	10	10	203	986	1823	0	0.4198510044037616	0.3462736503041484	0.25	0.4648464024066925	8.157770156860352	0.04025128018064747
cov10_n10_g0_s42_hotspots_p80_chr1	10	10	204	763	1215	0	0.26519174746702007	0.14404683054511305	0.25	0.23385106027126312	12.860011100769043	0.04046452497684072
cov10_n10_g0_s42_hotspots_p80_chr1	10	10	205	1058	1661	0	0.40465409243908806	0.27559498648635616	0.25	0.27350178360939026	21.89008331298828	0.03372358634387403
cov10_n10_g0_s42_hotspots_p80_chr1	10	10	206	1118	1901	0	0.45014368603793065	0.351382739433116	0.17647058823529413	0.3641948699951172	15.276883125305176	0.03402561767370796
cov10_n10_g0_s42_hotspots_p80_chr1	10	10	207	1064	1765	0	0.2510274171858452	0.12136941991496461	0.17647058823529413	0.21214669942855835	14.001347541809082	0.04015475682910583
cov10_n10_g0_s42_hotspots_p80_chr1	10	10	208	1026	1923	0	0.45361605638153996	0.35620930763717823	0.25	0.3695918917655945	15.063708305358887	0.033997487762614444
cov10_n10_g0_s42_hotspots_p80_chr1	10	10	209	1047	1742	0	0.4680423584798695	0.3449237369815454	0.25	0.2847178876399994	27.02345085144043	0.03163489367669225
cov10_n10_g0_s42_hotspots_p80_chr1	10	10	210	742	1208	0	0.4196635869317174	0.2859699603057758	0.17647058823529413	0.2648113965988159	25.114770889282227	0.03294975859543993
cov10_n10_g0_s42_hotspots_p80_chr1	10	10	211	907	1512	0	0.41154809115971847	0.2711999015679317	0.17647058823529413	0.25129038095474243	26.821889877319336	0.03298198389681168
cov10_n10_g0_s42_hotspots_p80_chr1	10	10	212	1091	1920	0	0.5026355242682383	0.39632347203526547	0.25	0.3307243287563324	23.097986221313477	0.031054178335749468
cov10_n10_g0_s42_hotspots_p80_chr1	10	10	213	776	1085	0	0.40727549107973393	0.29121282349236105	0.25	0.30430445075035095	17.912654876708984	0.034453875731743876
cov10_n10_g0_s42_hotspots_p80_chr1	10	10	214	1303	2062	0	0.28769894852534417	0.13267402892772268	0.1111111111111111	0.19856177270412445	20.9935245513916	0.03672897082423257
cov10_n10_g0_s42_hotspots_p80_chr1	10	10	215	1025	1833	0	0.24454145914831082	0.09210579599748649	0.05263157894736842	0.1810409128665924	18.245323181152344	0.03850330853788288
cov10_n10_g0_s42_hotspots_p80_chr1	10	10	216	1013	1888	0	0.4558298383099756	0.3582779176534931	0.25	0.36930567026138306	15.234684944152832	0.03387081165559169
cov10_n10_g0_s42_hotspots_p80_chr1	10	10	217	1419	2269	0	0.4329080377797953	0.29878837184441426	0.17647058823529413	0.2633918821811676	27.01385498046875	0.032469152161686644
cov10_n10_g0_s42_hotspots_p80_chr1	10	10	218	1489	2023	0	0.36951513191225294	0.2439926676448027	0.17647058823529413	0.2732006907463074	18.293670654296875	0.035359507322247505
cov10_n10_g0_s42_hotspots_p80_chr1	10	10	219	1370	2371	0	0.5516276834421165	0.4746890617989776	0.3333333333333333	0.4631144106388092	14.18781566619873	0.031196982519258405
cov10_n10_g0_s42_hotspots_p80_chr1	10	10	220	893	1924	0	0.5201011267963667	0.44860916376839366	0.25	0.5010932087898254	10.77304744720459	0.034023080954481845
cov10_n10_g0_s42_hotspots_p80_chr1	10	10	221	1455	2494	0	0.4383588622590555	0.3508250907310183	0.25	0.4056078791618347	11.680109977722168	0.036141054332978505
cov10_n10_g0_s42_hotspots_p80_chr1	10	10	222	1314	2161	0	0.5116062758105748	0.41736966112345003	0.25	0.3801826238632202	18.10869598388672	0.03146139661933145
cov10_n10_g0_s42_hotspots_p80_chr1	10	10	223	996	1579	0	0.41995583525627433	0.31590632653122436	0.17647058823529413	0.3410286605358124	15.164408683776855	0.03495321041779872
cov10_n10_g0_s42_hotspots_p80_chr1	10	10	224	1216	2355	0	0.5326148876312312	0.46886925956287273	0.25	0.5542782545089722	9.233596801757812	0.034900664635302905
cov10_n10_g0_s42_hotspots_p80_chr1	10	10	225	1079	1750	0	0.3870750308792758	0.26915826814281996	0.25	0.29495173692703247	17.222192764282227	0.03519131111499729
cov10_n10_g0_s42_hotspots_p80_chr1	10	10	226	1020	2097	0	0.38863155422711676	0.30749769829547835	0.25	0.414212167263031	8.802994728088379	0.040428220048080644
cov10_n10_g0_s42_hotspots_p80_chr1	10	10	227	803	1615	0	0.39469635643104883	0.2877950519426065	0.17647058823529413	0.3258022665977478	14.676349639892578	0.03587763610805324
cov10_n10_g0_s42_hotspots_p80_chr1	10	10	228	1035	1526	0	0.46512885039187185	0.3731685412531678	0.25	0.3922739326953888	14.059431076049805	0.034035249256732576
cov10_n10_g0_s42_hotspots_p80_chr1	10	10	229	1183	2620	0	0.2871595752614007	0.16523222797256848	0.25	0.24503283202648163	13.73403263092041	0.039339112230382105
cov10_n10_g0_s42_hotspots_p80_chr1	10	10	230	1155	2391	0	0.5834796038592264	0.5131449455337048	0.42857142857142855	0.4967508912086487	13.796661376953125	0.030234732297447126
cov10_n10_g0_s42_hotspots_p80_chr1	10	10	231	920	1806	0	0.17220651020175756	0.06528339441349862	0.17647058823529413	0.188119575381279	8.379753112792969	0.04765912142271328
cov10_n10_g0_s42_hotspots_p80_chr1	10	10	232	726	1929	0	0.4883060823007969	0.4116569621149005	0.42857142857142855	0.4681834280490875	10.878077507019043	0.035051982283066455
cov10_n10_g0_s42_hotspots_p80_chr1	10	10	233	1032	2025	0	0.5335556196808419	0.45383234794693017	0.3333333333333333	0.4505070447921753	14.026725769042969	0.031857313603165044
cov10_n10_g0_s42_hotspots_p80_chr1	10	10	234	313	1111	0	0.32834649636524144	0.250251564891206	0.17647058823529413	0.39173802733421326	7.025436878204346	0.04527586178353719
cov10_n10_g0_s42_hotspots_p80_chr1	10	10	235	1234	2301	0	0.5820785510865149	0.5172847660919853	0.42857142857142855	0.5401886701583862	11.611069679260254	0.031242393389576222
cov10_n10_g0_s42_hotspots_p80_chr1	10	10	236	1605	2344	0	0.4244836776683399	0.33385931504626526	0.3333333333333333	0.3891700506210327	11.897156715393066	0.03643825062225028
cov10_n10_g0_s42_hotspots_p80_chr1	10	10	237	1031	2020	0	0.4379486468868895	0.3427893364322791	0.3333333333333333	0.3753250539302826	13.61542797088623	0.03506798548528357
cov10_n10_g0_s42_hotspots_p80_chr1	10	10	238	847	1309	0	0.39175582258288566	0.29784226881480813	0.25	0.36570224165916443	11.475605964660645	0.03774932341090821
cov10_n10_g0_s42_hotspots_p80_chr1	10	10	239	613	1482	0	0.12278141830245098	0.06087780290532007	0.25	0.2295389473438263	2.8612289428710938	0.07102749699731155
cov10_n10_g0_s42_hotspots_p80_chr1	10	10	240	952	1758	0	0.16207464977464267	0.076774901863733	0.17647058823529413	0.2183707058429718	5.508602619171143	0.05452752865705574
cov10_n10_g0_s42_hotspots_p80_chr1	10	10	241	1277	2193	0	0.3588886246623488	0.24036823402593713	0.25	0.2846011519432068	15.901790618896484	0.03639467084417353
cov10_n10_g0_s42_hotspots_p80_chr1	10	10	242	888	1440	0	0.4928166182683398	0.3835986805554001	0.3333333333333333	0.32320138812065125	23.250070571899414	0.031299031060532244
cov10_n10_g0_s42_hotspots_p80_chr1	10	10	243	671	1426	0	0.48308334645209783	0.3885145962482802	0.42857142857142855	0.38233426213264465	15.964590072631836	0.03281992015317583
cov10_n10_g0_s42_hotspots_p80_chr1	10	10	244	1337	2291	0	0.5019852271801772	0.3953725324572654	0.25	0.3297751843929291	23.171064376831055	0.03106490016339232
cov10_n10_g0_s42_hotspots_p80_chr1	10	10	245	965	1916	0	0.4102388644108473	0.30049356122292803	0.1111111111111111	0.32190197706222534	16.241506576538086	0.03485510104524027
cov10_n10_g0_s42_hotspots_p80_chr1	10	10	246	1161	2555	0	0.5582847810919097	0.5006343008270916	0.42857142857142855	0.6024881601333618	8.586465835571289	0.034634646631330306
cov10_n10_g0_s42_hotspots_p80_chr1	10	10	247	1491	3010	0	0.4330515183298427	0.313801995174629	0.25	0.29939666390419006	20.9211368560791	0.033151021546501507
cov10_n10_g0_s42_hotspots_p80_chr1	10	10	248	849	2324	0	0.3390547418013951	0.23204366762740664	0.17647058823529413	0.3034931421279907	12.480785369873047	0.03863685652266796
cov10_n10_g0_s42_hotspots_p80_chr1	10	10	249	1066	1913	0	0.4932841539636822	0.42881373275499773	0.3333333333333333	0.5440682768821716	8.220297813415527	0.03755603360572369
cov10_n10_g0_s42_hotspots_p80_chr1	10	10	250	908	1797	0	0.10242461482039251	0.03020595383093682	0.25	0.17114286124706268	3.5817155838012695	0.06566651043011737
cov10_n10_g0_s42_hotspots_p80_chr1	10	10	251	1283	2293	0	0.4979017767976828	0.4028860683843172	0.25	0.37932083010673523	17.229551315307617	0.0320498932768943
cov10_n10_g0_s42_hotspots_p80_chr1	10	10	252	882	1770	0	0.2500240232492047	0.12659284191492767	0.17647058823529413	0.2208605706691742	12.815251350402832	0.04090536553334958
cov10_n10_g0_s42_hotspots_p80_chr1	10	10	253	1056	1665	0	0.4717609032978461	0.37534515147624176	0.25	0.37478697299957275	15.844368934631348	0.033195729063125345
cov10_n10_g0_s42_hotspots_p80_chr1	10	10	254	766	1605	0	0.4357027415852064	0.36760426860758605	0.25	0.502414345741272	7.520669937133789	0.040694594411673474
cov10_n10_g0_s42_hotspots_p80_chr1	10	10	255	311	1012	0	0.43967024169401697	0.359139601573565	0.25	0.43735629320144653	10.106097221374512	0.03732943121837748
cov10_n10_g0_s42_hotspots_p80_chr1	10	10	256	996	2196	0	0.18632327672695856	0.0895184246533837	0.17647058823529413	0.21874293684959412	7.255480766296387	0.04925422243624427
cov10_n10_g0_s42_hotspots_p80_chr1	10	10	257	390	929	0	0.3806434633527375	0.27353578707166987	0.17647058823529413	0.3206067383289337	14.095856666564941	0.03654132717123041
cov10_n10_g0_s42_hotspots_p80_chr1	10	10	258	861	2272	0	0.3041380086598966	0.17440057382412041	0.17647058823529413	0.2402246743440628	16.028989791870117	0.0378057577255683
cov10_n10_g0_s42_hotspots_p80_chr1	10	10	259	881	1720	0	0.4891684140909017	0.4047087078916505	0.25	0.4279038906097412	13.068456649780273	0.03371560339341371
cov10_n10_g0_s42_hotspots_p80_chr1	10	10	260	1543	2531	0	0.5391553862294406	0.46146524736740757	0.3333333333333333	0.46147534251213074	13.649942398071289	0.031812990228665114
cov10_n10_g0_s42_hotspots_p80_chr1	10	10	261	1260	2458	0	0.509913246944033	0.4537718293652114	0.25	0.6107499599456787	6.970527172088623	0.038940846796801765
cov10_n10_g0_s42_hotspots_p80_chr1	10	10	262	1043	2255	0	0.4332825909420486	0.34041575846831923	0.3333333333333333	0.38290199637413025	12.804637908935547	0.03562237821870909
cov10_n10_g0_s42_hotspots_p80_chr1	10	10	263	1083	1937	0	0.4830901063499734	0.38821900151885064	0.25	0.38107824325561523	16.070446014404297	0.0327891702209792
cov10_n10_g0_s42_hotspots_p80_chr1	10	10	264	1290	2338	0	0.5062034925067637	0.4132524106652576	0.25	0.38722917437553406	17.088899612426758	0.03183388185257706
cov10_n10_g0_s42_hotspots_p80_chr1	10	10	265	1233	1887	0	0.3521793303954244	0.24340671152300697	0.17647058823529413	0.3050149083137512	13.33170223236084	0.037750197720877524
cov10_n10_g0_s42_hotspots_p80_chr1	10	10	266	1088	2070	0	0.4272591350929717	0.35231981550199837	0.3333333333333333	0.46077513694763184	8.598143577575684	0.03939371116947306
cov10_n10_g0_s42_hotspots_p80_chr1	10	10	267	796	1813	0	0.3828570063602802	0.25891084581552354	0.17647058823529413	0.2801828980445862	18.671960830688477	0.034914119429606115
cov10_n10_g0_s42_hotspots_p80_chr1	10	10	268	799	1255	0	0.3637411770908069	0.25104861264504064	0.25	0.2999454438686371	14.70620059967041	0.03674395215714497
cov10_n10_g0_s42_hotspots_p80_chr1	10	10	269	965	2185	0	0.42018198079100966	0.3116789586520242	0.17647058823529413	0.3275759220123291	16.45322036743164	0.03450782346276076
cov10_n10_g0_s42_hotspots_p80_chr1	10	10	270	1082	1591	0	0.4552389376404012	0.37677091781933786	0.3333333333333333	0.45195645093917847	10.14578628540039	0.03677155911498323
cov10_n10_g0_s42_hotspots_p80_chr1	10	10	271	764	1025	0	0.3955414411887269	0.29175050485482085	0.3333333333333333	0.3351408541202545	13.929301261901855	0.036187523543796826
cov10_n10_g0_s42_hotspots_p80_chr1	10	10	272	1059	1821	0	0.5323737508526883	0.4710900602193687	0.42857142857142855	0.5727825164794922	8.638808250427246	0.03556687500595712
cov10_n10_g0_s42_hotspots_p80_chr1	10	10	273	1108	1835	0	0.31091906714785605	0.20706191304572694	0.25	0.2966304123401642	10.986600875854492	0.04057306356919916
cov10_n10_g0_s42_hotspots_p80_chr1	10	10	274	983	1606	0	0.4491899656451553	0.3743429287270379	0.3333333333333333	0.46905651688575745	9.170852661132812	0.03795223883435336
cov10_n10_g0_s42_hotspots_p80_chr1	10	10	275	821	1514	0	0.5514088610025658	0.4933390726373958	0.42857142857142855	0.599104106426239	8.471160888671875	0.035040470696117404
cov10_n10_g0_s42_hotspots_p80_chr1	10	10	276	902	1593	0	0.3785011763712782	0.2688935104292916	0.25	0.3131144940853119	14.612621307373047	0.0363680998991899
cov10_n10_g0_s42_hotspots_p80_chr1	10	10	277	1060	1769	0	0.35265400203806485	0.2493745923470964	0.25	0.3197907507419586	12.160905838012695	0.038450059191963044
cov10_n10_g0_s42_hotspots_p80_chr1	10	10	278	809	1626	0	0.255039126026672	0.07969619868345595	0.1111111111111111	0.16560083627700806	23.71858024597168	0.03691897839505287
cov10_n10_g0_s42_hotspots_p80_chr1	10	10	279	1193	2062	0	0.5069198942677585	0.41155727625156596	0.3333333333333333	0.37617814540863037	18.15898323059082	0.031589858204957626
cov10_n10_g0_s42_hotspots_p80_chr1	10	10	280	1116	1802	0	0.36080392567808267	0.22207576096622028	0.17647058823529413	0.24631865322589874	21.455961227416992	0.034882546409038505
cov10_n10_g0_s42_hotspots_p80_chr1	10	10	281	959	1922	0	0.4833063979614176	0.3720604901530174	0.25	0.3188497722148895	22.975919723510742	0.03157409457898467
cov10_n10_g0_s42_hotspots_p80_chr1	10	10	282	1068	1439	0	0.3824866608870435	0.25938768473067775	0.25	0.2819273769855499	18.40594482421875	0.034990141262479145
cov10_n10_g0_s42_hotspots_p80_chr1	10	10	283	760	1669	0	0.47066738905787237	0.37875029727810267	0.25	0.3929847478866577	14.344218254089355	0.03374862056033477
cov10_n10_g0_s42_hotspots_p80_chr1	10	10	284	1472	2314	0	0.6241265136429338	0.5562545181114165	0.42857142857142855	0.48604270815849304	16.48908042907715	0.028159735270873537
cov10_n10_g0_s42_hotspots_p80_chr1	10	10	285	768	1758	0	0.3641519434709097	0.25370015403332136	0.17647058823529413	0.3056722581386566	14.192310333251953	0.03696725426947487
cov10_n10_g0_s42_hotspots_p80_chr1	10	10	286	784	1100	0	0.49203249230697005	0.41987565480357114	0.3333333333333333	0.49447354674339294	9.901510238647461	0.03572463918120117
cov10_n10_g0_s42_hotspots_p80_chr1	10	10	287	1221	2037	0	0.5347701755874054	0.4628177506166379	0.3333333333333333	0.49778425693511963	11.541229248046875	0.03299413453684416
cov10_n10_g0_s42_hotspots_p80_chr1	10	10	288	265	649	0	0.2500760774226467	0.17552849364220255	0.25	0.3417273759841919	5.355312347412109	0.05224760874038
cov10_n10_g0_s42_hotspots_p80_chr1	10	10	289	356	725	0	0.4120732656873763	0.29286935734238406	0.05263157894736842	0.29726526141166687	19.215896606445312	0.034019700009888215
cov10_n10_g0_s42_hotspots_p80_chr1	10	10	290	714	1943	0	0.30843496457610065	0.20470448850518153	0.17647058823529413	0.29551389813423157	10.893597602844238	0.04072687181404273
cov10_n10_g0_s42_hotspots_p80_chr1	10	10	291	1112	2030	0	0.5353964962399533	0.46655604799049977	0.25	0.5183241367340088	10.669604301452637	0.033552081881304895
cov10_n10_g0_s42_hotspots_p80_chr1	10	10	292	597	1370	0	0.259781543914455	0.13492163281244937	0.1111111111111111	0.22454653680324554	13.384553909301758	0.04028083908731497
cov10_n10_g0_s42_hotspots_p80_chr1	10	10	293	627	2161	0	0.49063094079355757	0.42046015724469066	0.17647058823529413	0.5063077211380005	9.390329360961914	0.03626827082411559
cov10_n10_g0_s42_hotspots_p80_chr1	10	10	294	1093	1908	0	0.41354827645944997	0.31183084398025396	0.25	0.34683889150619507	14.216639518737793	0.03552680991196331
cov10_n10_g0_s42_hotspots_p80_chr1	10	10	295	602	1635	0	0.5036031241821085	0.4147296149588548	0.25	0.40653759241104126	15.345305442810059	0.03237649584825825
cov10_n10_g0_s42_hotspots_p80_chr1	10	10	296	976	1582	0	0.39778270437284535	0.28434341816655795	0.17647058823529413	0.30889368057250977	16.58340835571289	0.03509318015821599
cov10_n10_g0_s42_hotspots_p80_chr1	10	10	297	1210	2234	0	0.4351028035079392	0.3474130421293376	0.25	0.4040721654891968	11.59487247467041	0.0363026502910527
cov10_n10_g0_s42_hotspots_p80_chr1	10	10	298	748	1961	0	0.2730883217795485	0.1506496469691809	0.17647058823529413	0.2362840175628662	13.357880592346191	0.039938291259670966
cov10_n10_g0_s42_hotspots_p80_chr1	10	10	299	882	1749	0	0.46132244448960813	0.3760011004669895	0.25	0.4204683005809784	12.037675857543945	0.03517435868830964
cov10_n10_g0_s42_hotspots_p80_chr1	10	10	300	757	1315	0	0.27213755948671614	0.16883371779737782	0.1111111111111111	0.2736958861351013	9.886449813842773	0.042779867767524155
cov10_n10_g0_s42_hotspots_p80_chr1	10	10	301	927	1441	0	0.4076732578817255	0.29591788045623935	0.17647058823529413	0.31575241684913635	16.669824600219727	0.03479190789088286
cov10_n10_g0_s42_hotspots_p80_chr1	10	10	302	667	1342	0	0.35580616175308244	0.2247283845513874	0.17647058823529413	0.2582547068595886	18.98149871826172	0.03553729516562284
cov10_n10_g0_s42_hotspots_p80_chr1	10	10	303	1062	2140	0	0.462620018762973	0.3751200570616489	0.3333333333333333	0.4109470844268799	12.672929763793945	0.034770485718604346
cov10_n10_g0_s42_hotspots_p80_chr1	10	10	304	105	417	1	0.3519646927353424	0.27730218339431734	0.17647058823529413	0.42277991771698	6.930578231811523	0.04468390702678645
cov10_n10_g0_s42_hotspots_p80_chr1	10	10	305	693	1312	0	0.5905464618646681	0.5185223633760087	0.3333333333333333	0.47986528277397156	15.145003318786621	0.02959208347966764
cov10_n10_g0_s42_hotspots_p80_chr1	10	10	306	1204	2100	0	0.4415576399201015	0.36490412006780043	0.17647058823529413	0.45712417364120483	9.330533981323242	0.03803783875858434
cov10_n10_g0_s42_hotspots_p80_chr1	10	10	307	921	1788	0	0.344133031262015	0.20779912381273222	0.25	0.2453266978263855	19.677188873291016	0.03566422013751911
cov10_n10_g0_s42_hotspots_p80_chr1	10	10	308	811	1652	0	0.4618345742006869	0.3438607452873104	0.25	0.30164480209350586	23.441268920898438	0.032080142731981336
cov10_n10_g0_s42_hotspots_p80_chr1	10	10	309	852	1241	0	0.48666987865589606	0.393520149663512	0.25	0.38824155926704407	15.713212013244629	0.0327857456662035
cov10_n10_g0_s42_hotspots_p80_chr1	10	10	310	781	1922	0	0.31960957355155944	0.21193236662316986	0.1111111111111111	0.2920231819152832	11.978567123413086	0.03954076956452297
cov10_n10_g0_s42_hotspots_p80_chr1	10	10	311	930	1425	0	0.45079681795374216	0.3443938016791517	0.25	0.33801954984664917	17.785987854003906	0.03328290140585708
cov10_n10_g0_s42_hotspots_p80_chr1	10	10	312	989	1827	0	0.36699606844595956	0.2897480854684004	0.25	0.4200272560119629	7.634276390075684	0.04286355231336304
cov10_n10_g0_s42_hotspots_p80_chr1	10	10	313	1022	2041	0	0.38457891221720797	0.2822453006210471	0.25	0.33574286103248596	13.120711326599121	0.03692336744502349
cov10_n10_g0_s42_hotspots_p80_chr1	10	10	314	500	1557	0	0.3426635066269647	0.23775297467928985	0.17647058823529413	0.3106691539287567	12.165763854980469	0.03874016737183259
cov10_n10_g0_s42_hotspots_p80_chr1	10	10	315	1162	2412	0	0.5301011088974653	0.4486571499498629	0.25	0.44132354855537415	14.427902221679688	0.031828726634553106
cov10_n10_g0_s42_hotspots_p80_chr1	10	10	316	934	2608	0	0.5635730703583556	0.49954170601897546	0.42857142857142855	0.5504235029220581	10.48350715637207	0.03265410425036068
cov10_n10_g0_s42_hotspots_p80_chr1	10	10	317	1050	2340	0	0.47854928713909317	0.39089524154177113	0.3333333333333333	0.4121907353401184	13.478976249694824	0.03386581306709714
cov10_n10_g0_s42_hotspots_p80_chr1	10	10	318	366	1166	0	0.46330250810101525	0.4067818639839351	0.42857142857142855	0.5935558080673218	6.092649459838867	0.04263523298734966
cov10_n10_g0_s42_hotspots_p80_chr1	10	10	319	521	1214	0	0.45649690694388545	0.38103656386461515	0.3333333333333333	0.4679511487483978	9.516443252563477	0.03733146143201733
cov10_n10_g0_s42_hotspots_p80_chr1	10	10	320	1015	2346	0	0.44420018501266284	0.33636075422757095	0.25	0.33295938372612	17.79815673828125	0.03346522886296552
cov10_n10_g0_s42_hotspots_p80_chr1	10	10	321	906	1873	0	0.3548280907872276	0.25468934841983654	0.17647058823529413	0.32976341247558594	11.577936172485352	0.03879731041544736
cov10_n10_g0_s42_hotspots_p80_chr1	10	10	322	591	1215	0	0.47532669654108345	0.400231306596311	0.3333333333333333	0.474539577960968	10.03320026397705	0.03618721859667798
cov10_n10_g0_s42_hotspots_p80_chr1	10	10	323	661	1724	0	0.21096122583888405	0.137834229375319	0.1111111111111111	0.3070163428783417	4.721523284912109	0.05594559363866954
cov10_n10_g0_s42_hotspots_p80_chr1	10	10	324	1191	2137	0	0.6845512192767679	0.62902994945158	0.42857142857142855	0.5380235910415649	16.188600540161133	0.02602094052886558
cov10_n10_g0_s42_hotspots_p80_chr1	10	10	325	720	1574	0	0.5249792872952819	0.4487125322172483	0.3333333333333333	0.47178226709365845	12.382293701171875	0.032864118741259475
cov10_n10_g0_s42_hotspots_p80_chr1	10	10	326	985	1649	0	0.5822674086404064	0.5040166165205053	0.25	0.4384455680847168	17.636550903320312	0.02937075856852048
cov10_n10_g0_s42_hotspots_p80_chr1	10	10	327	846	1436	0	0.4391323297700156	0.35137997895858925	0.17647058823529413	0.40489137172698975	11.762885093688965	0.036061560631918385
cov10_n10_g0_s42_hotspots_p80_chr1	10	10	328	269	771	0	0.3107126023870548	0.1999466602437287	0.1111111111111111	0.2800928056240082	12.305910110473633	0.03956690539450182
cov10_n10_g0_s42_hotspots_p80_chr1	10	10	329	828	1629	0	0.37074106087720965	0.2792759416901894	0.3333333333333333	0.3651505708694458	10.30854606628418	0.03936635263132531
cov10_n10_g0_s42_hotspots_p80_chr1	10	10	330	1132	1643	0	0.5317602116258727	0.45741549879038945	0.25	0.4829087257385254	12.125555038452148	0.03276597267727124
cov10_n10_g0_s42_hotspots_p80_chr1	10	10	331	947	1704	0	0.5784677267029831	0.5051451028689197	0.25	0.47704505920410156	14.70413875579834	0.030124545463490943
cov10_n10_g0_s42_hotspots_p80_chr1	10	10	332	949	2046	0	0.3046436881946957	0.19555664535001568	0.1111111111111111	0.2805493474006653	11.791413307189941	0.04010885326445482
cov10_n10_g0_s42_hotspots_p80_chr1	10	10	333	968	1960	0	0.3483922506956275	0.23087270275646185	0.17647058823529413	0.28280118107795715	15.176604270935059	0.036968003531262755
cov10_n10_g0_s42_hotspots_p80_chr1	10	10	334	1025	1989	0	0.39213748405452853	0.2757790794233784	0.25	0.3000619411468506	17.078702926635742	0.03509630829799676
cov10_n10_g0_s42_hotspots_p80_chr1	10	10	335	792	1440	0	0.6350955085154263	0.5741919419855954	0.42857142857142855	0.5446662902832031	13.596182823181152	0.02842023561151206
cov10_n10_g0_s42_hotspots_p80_chr1	10	10	336	1142	2170	0	0.5328231592982178	0.45043107802162047	0.3333333333333333	0.4354499578475952	14.972339630126953	0.03156339539858439
cov10_n10_g0_s42_hotspots_p80_chr1	10	10	337	690	1533	0	0.33778491037148345	0.22936467934833007	0.17647058823529413	0.2993558645248413	12.732244491577148	0.03851453873890429
cov10_n10_g0_s42_hotspots_p80_chr1	10	10	338	1193	2263	0	0.5210227786320893	0.44036216291621844	0.3333333333333333	0.4469614326953888	13.588556289672852	0.03244207364000264
cov10_n10_g0_s42_hotspots_p80_chr1	10	10	339	1227	2329	0	0.49930637960699586	0.4096133255334865	0.25	0.4030377268791199	15.34768295288086	0.03250939613415264
cov10_n10_g0_s42_hotspots_p80_chr1	10	10	340	1156	2321	0	0.4020158449453678	0.2948223481133884	0.17647058823529413	0.32709136605262756	15.10595417022705	0.03549309629200841
cov10_n10_g0_s42_hotspots_p80_chr1	10	10	341	707	1844	0	0.2239667904700043	0.11792264714980577	0.1111111111111111	0.232843279838562	9.252089500427246	0.04493259382159145
cov10_n10_g0_s42_hotspots_p80_chr1	10	10	342	713	2128	0	0.40070416869467923	0.3135705383464389	0.17647058823529413	0.3945635259151459	10.313684463500977	0.03841319104566277
cov10_n10_g0_s42_hotspots_p80_chr1	10	10	343	942	1903	0	0.41867347851018627	0.31716326166680864	0.25	0.34882110357284546	14.406068801879883	0.035293584849836954
cov10_n10_g0_s42_hotspots_p80_chr1	10	10	344	673	1758	0	0.18309065683733552	0.009190632865625896	0.05263157894736842	0.13031041622161865	19.741228103637695	0.03946411729536764
cov10_n10_g0_s42_hotspots_p80_chr1	10	10	345	288	918	0	0.44044377396291867	0.3755268662173514	0.3333333333333333	0.5241988897323608	7.059739112854004	0.04135343113945048
cov10_n10_g0_s42_hotspots_p80_chr1	10	10	346	735	1631	0	0.34514814696530144	0.2601306848038663	0.25	0.3749470114707947	8.473665237426758	0.04228227867487037
cov10_n10_g0_s42_hotspots_p80_chr1	10	10	347	380	1012	0	0.15264729714895595	0.03069924279060585	0.17647058823529413	0.15166400372982025	10.130088806152344	0.045877966187661226
cov10_n10_g0_s42_hotspots_p80_chr1	10	10	348	845	1964	0	0.41998787603283405	0.35590478543965015	0.25	0.5201957821846008	6.518383502960205	0.04321069334213588
cov10_n10_g0_s42_hotspots_p80_chr1	10	10	349	1083	2300	0	0.6039129797931992	0.5337044775636114	0.3333333333333333	0.48488056659698486	15.512402534484863	0.029044884455076046
cov10_n10_g0_s42_hotspots_p80_chr1	10	10	350	1011	1953	0	0.2967359830420026	0.09657360809310293	0.1111111111111111	0.1629633754491806	33.15586853027344	0.03492275357666317
cov10_n10_g0_s42_hotspots_p80_chr1	10	10	351	955	2210	0	0.4663690467773982	0.3548872621542418	0.25	0.32125529646873474	21.0745849609375	0.03224892904490224
cov10_n10_g0_s42_hotspots_p80_chr1	10	10	352	569	1845	0	0.3499035778834017	0.23903316499840935	0.17647058823529413	0.2988181710243225	13.711435317993164	0.037611201773925705
cov10_n10_g0_s42_hotspots_p80_chr1	10	10	353	826	2521	0	0.38582437854926577	0.28307970604074645	0.25	0.33496537804603577	13.267207145690918	0.03680705512234661
cov10_n10_g0_s42_hotspots_p80_chr1	10	10	354	845	1974	0	0.4404714983233029	0.36136003027955405	0.17647058823529413	0.4444604814052582	9.821307182312012	0.03757115772444055
cov10_n10_g0_s42_hotspots_p80_chr1	10	10	355	741	1968	0	0.5176643404413027	0.46043280631302874	0.3333333333333333	0.6032147407531738	7.364658355712891	0.0379375591367054
cov10_n10_g0_s42_hotspots_p80_chr1	10	10	356	824	1646	0	0.4800333888026309	0.39245329123259076	0.25	0.41264015436172485	13.533182144165039	0.033794308845001515
cov10_n10_g0_s42_hotspots_p80_chr1	10	10	357	429	833	0	0.2561307242224546	0.1641523071901162	0.17647058823529413	0.29043805599212646	7.7770771980285645	0.04616484319619162
cov10_n10_g0_s42_hotspots_p80_chr1	10	10	358	754	1025	0	0.32713279255295363	0.23128661640692516	0.25	0.327961802482605	9.949507713317871	0.04106627515445446
cov10_n10_g0_s42_hotspots_p80_chr1	10	10	359	1190	1953	0	0.5510782618601836	0.4680236547508824	0.3333333333333333	0.42561519145965576	16.764564514160156	0.030521833038482552
cov10_n10_g0_s42_hotspots_p80_chr1	10	10	360	1031	1955	0	0.2701480618807718	0.13128225560443502	0.25	0.21003344655036926	16.543479919433594	0.03847728113082236
cov10_n10_g0_s42_hotspots_p80_chr1	10	10	361	789	1369	0	0.3406652297545197	0.24163657577484474	0.17647058823529413	0.32598668336868286	10.920836448669434	0.03974461219937902
cov10_n10_g0_s42_hotspots_p80_chr1	10	10	362	828	1155	0	0.3459223832722613	0.23046252635120096	0.17647058823529413	0.28637269139289856	14.591306686401367	0.03729266433169427
cov10_n10_g0_s42_hotspots_p80_chr1	10	10	363	567	1322	0	0.42560637819058106	0.30980349851410455	0.25	0.3079310655593872	19.10333824157715	0.03368246215059656
cov10_n10_g0_s42_hotspots_p80_chr1	10	10	364	677	1595	0	0.581055920521458	0.5064711649148854	0.25	0.46640080213546753	15.520915985107422	0.029822187851868912
cov10_n10_g0_s42_hotspots_p80_chr1	10	10	365	405	793	0	0.4618994090031971	0.3774980762635092	0.25	0.4247933030128479	11.823323249816895	0.03528808769013099
cov10_n10_g0_s42_hotspots_p80_chr1	10	10	366	913	2093	0	0.6251234370314094	0.5689441778690478	0.42857142857142855	0.5987125039100647	10.901717185974121	0.029997117024971386
cov10_n10_g0_s42_hotspots_p80_chr1	10	10	367	1141	2056	0	0.6821094536286857	0.6248105100054695	0.42857142857142855	0.5115716457366943	17.778501510620117	0.025964730222973218
cov10_n10_g0_s42_hotspots_p80_chr1	10	10	368	944	2258	0	0.5520362804935343	0.4926701706976315	0.3333333333333333	0.5883784294128418	8.802820205688477	0.03462735218620235
cov10_n10_g0_s42_hotspots_p80_chr1	10	10	369	425	1617	0	0.39722333433848095	0.32502281485500323	0.17647058823529413	0.46137335896492004	7.412496089935303	0.04222449719778495
cov10_n10_g0_s42_hotspots_p80_chr1	10	10	370	1104	2335	0	0.42765684710231183	0.3457111218451206	0.3333333333333333	0.42682334780693054	10.039093971252441	0.037789865666429605
cov10_n10_g0_s42_hotspots_p80_chr1	10	10	371	877	2369	0	0.4407347655050858	0.3791844589625456	0.25	0.5468448400497437	6.495704650878906	0.04251160276649775
cov10_n10_g0_s42_hotspots_p80_chr1	10	10	372	859	2001	0	0.2130124020742351	0.0813312019083445	0.25	0.18557614088058472	13.175451278686523	0.04165085585538711
cov10_n10_g0_s42_hotspots_p80_chr1	10	10	373	1008	1424	0	0.44142683573166047	0.2862929454612898	0.1111111111111111	0.21244217455387115	43.17536544799805	0.03175549625150917
cov10_n10_g0_s42_hotspots_p80_chr1	10	10	374	1111	1980	0	0.3576659420911616	0.2360064903773652	0.17647058823529413	0.27738672494888306	16.6258487701416	0.036171459611775064
cov10_n10_g0_s42_hotspots_p80_chr1	10	10	375	463	946	0	0.31122871644111455	0.23072817917190505	0.1111111111111111	0.36990201473236084	7.079229354858398	0.04572716866238985
cov10_n10_g0_s42_hotspots_p80_chr1	10	10	376	718	1510	0	0.5042327342271131	0.42737118715864575	0.17647058823529413	0.4684791564941406	11.584614753723145	0.03402674735647586
cov10_n10_g0_s42_hotspots_p80_chr1	10	10	377	930	1829	0	0.5855859088836338	0.5225976031434091	0.3333333333333333	0.5536878108978271	11.185393333435059	0.031357763556613676
cov10_n10_g0_s42_hotspots_p80_chr1	10	10	378	1257	2240	0	0.2546420658696287	0.14117948023157692	0.25	0.2408587634563446	11.177260398864746	0.042026123907798175
cov10_n10_g0_s42_hotspots_p80_chr1	10	10	379	1192	2197	0	0.47640788163641895	0.37439769557066066	0.17647058823529413	0.3533134460449219	18.181827545166016	0.03246869252776497
cov10_n10_g0_s42_hotspots_p80_chr1	10	10	380	1100	2174	0	0.4336641249505683	0.3247192463394807	0.25	0.3284461796283722	17.433258056640625	0.033851216325076205
cov10_n10_g0_s42_hotspots_p80_chr1	10	10	381	1031	2423	0	0.3152039456503514	0.21570333594060512	0.17647058823529413	0.3105568587779999	10.301515579223633	0.04107336922048373
cov10_n10_g0_s42_hotspots_p80_chr1	10	10	382	801	1593	0	0.499253592851331	0.40993563161334917	0.25	0.40478476881980896	15.212270736694336	0.03255369653493473
cov10_n10_g0_s42_hotspots_p80_chr1	10	10	383	737	1748	0	0.405779920340639	0.33590026563066666	0.25	0.47833800315856934	7.196334362030029	0.04232198623398289
cov10_n10_g0_s42_hotspots_p80_chr1	10	10	384	549	1477	0	0.4477617454963001	0.3770207292887379	0.25	0.49144068360328674	8.301407814025879	0.039078983516071066
cov10_n10_g0_s42_hotspots_p80_chr1	10	10	385	489	1614	0	0.29669367512141803	0.21188229991258867	0.17647058823529413	0.34351396560668945	7.459809303283691	0.04546274562672779
cov10_n10_g0_s42_hotspots_p80_chr1	10	10	386	1097	2096	0	0.5037128525644168	0.43349718516863134	0.3333333333333333	0.5079812407493591	9.832650184631348	0.03537402392770855
cov10_n10_g0_s42_hotspots_p80_chr1	10	10	387	710	1627	0	0.46010485716447014	0.3911881986889335	0.25	0.5063794851303101	8.255843162536621	0.03870569007764382
cov10_n10_g0_s42_hotspots_p80_chr1	10	10	388	851	1779	0	0.15711409513622646	0.056948024482702315	0.05263157894736842	0.18473701179027557	7.233067512512207	0.05016304945261066
cov10_n10_g0_s42_hotspots_p80_chr1	10	10	389	1124	1719	0	0.17743743783630636	0.06859934362568747	0.17647058823529413	0.1897706538438797	8.742435455322266	0.04696148440715555
cov10_n10_g0_s42_hotspots_p80_chr1	10	10	390	1125	2154	0	0.453980110509002	0.36930550050647126	0.25	0.42191317677497864	11.577837944030762	0.0357052648623286
cov10_n10_g0_s42_hotspots_p80_chr1	10	10	391	1077	1767	0	0.5898856257322097	0.5126534214765756	0.3333333333333333	0.43949073553085327	18.015079498291016	0.029071229387160998
cov10_n10_g0_s42_hotspots_p80_chr1	10	10	392	1036	1708	0	0.42369575411164995	0.33431627390062846	0.25	0.3938407301902771	11.57355785369873	0.03668032618497196
cov10_n10_g0_s42_hotspots_p80_chr1	10	10	393	1034	2194	0	0.3916965071692852	0.286094756024366	0.25	0.32858508825302124	14.210318565368652	0.03616876895017803
cov10_n10_g0_s42_hotspots_p80_chr1	10	10	394	771	2014	0	0.37517872320506335	0.28932834643782074	0.17647058823529413	0.3881140947341919	9.34453296661377	0.040216852369584874
cov10_n10_g0_s42_hotspots_p80_chr1	10	10	395	524	1177	0	0.45204003560059003	0.3990125584974979	0.3333333333333333	0.6174085736274719	5.360539436340332	0.045147906602450556
cov10_n10_g0_s42_hotspots_p80_chr1	10	10	396	719	1568	0	0.20135236810834403	0.035079000422403986	0.1111111111111111	0.1457207202911377	19.09285545349121	0.039247845213700186
cov10_n10_g0_s42_hotspots_p80_chr1	10	10	397	873	1278	0	0.4105293170045383	0.3071816327322302	0.17647058823529413	0.3408951163291931	14.502630233764648	0.0354918971889829
cov10_n10_g0_s42_hotspots_p80_chr1	10	10	398	917	1861	0	0.32416012118682486	0.24393108230982535	0.25	0.38010305166244507	7.273049354553223	0.04492678901982745
cov10_n10_g0_s42_hotspots_p80_chr1	10	10	399	1025	2067	0	0.46795111013303026	0.4114896418569386	0.25	0.5958114266395569	6.168553352355957	0.04227148832703921
cov10_n10_g0_s42_hotspots_p80_chr1	10	10	400	1008	2385	0	0.555649680916026	0.47807263180207615	0.3333333333333333	0.45776981115341187	14.733567237854004	0.030886539322474923
cov10_n10_g0_s42_hotspots_p80_chr1	10	10	401	1197	2434	0	0.5231309026054406	0.42595149072554317	0.3333333333333333	0.36211153864860535	20.87065887451172	0.030718857434685366
cov10_n10_g0_s42_hotspots_p80_chr1	10	10	402	1126	2409	0	0.3946484302288865	0.2545438445315714	0.25	0.2505689859390259	24.806537628173828	0.03357792379441415
cov10_n10_g0_s42_hotspots_p80_chr1	10	10	403	1181	2321	0	0.36122094421966894	0.241759165504433	0.17647058823529413	0.2833602726459503	16.25054168701172	0.036205033097843335
cov10_n10_g0_s42_hotspots_p80_chr1	10	10	404	1204	2500	0	0.3167139680732168	0.1858244876724541	0.17647058823529413	0.24395005404949188	16.85515022277832	0.03717173641263091
cov10_n10_g0_s42_hotspots_p80_chr1	10	10	405	835	2152	0	0.3372254646308744	0.1988612415596806	0.17647058823529413	0.2397131323814392	19.790512084960938	0.03580967695118889
cov10_n10_g0_s42_hotspots_p80_chr1	10	10	406	578	1056	0	0.42492980418510773	0.35355497234841915	0.25	0.4789532423019409	7.871330738067627	0.040505043263748416
cov10_n10_g0_s42_hotspots_p80_chr1	10	10	407	1220	2054	0	0.2334945953419721	0.109267538919448	0.1111111111111111	0.20909324288368225	12.470207214355469	0.04158913410882204
cov10_n10_g0_s42_hotspots_p80_chr1	10	10	408	1519	2398	0	0.4236826326299802	0.29067935281867296	0.25	0.2663067877292633	25.31144142150879	0.03283414138059998
cov10_n10_g0_s42_hotspots_p80_chr1	10	10	409	1222	1844	0	0.5096465466950537	0.4080488279792108	0.25	0.3477882146835327	21.473773956298828	0.0310263569583593
cov10_n10_g0_s42_hotspots_p80_chr1	10	10	410	1020	1992	0	0.2979860164571397	0.10197508625305036	0.1111111111111111	0.16611088812351227	32.18070983886719	0.034973622005753366
cov10_n10_g0_s42_hotspots_p80_chr1	10	10	411	1323	2300	0	0.478279616268094	0.3964782866872678	0.25	0.4399137496948242	11.820303916931152	0.03475223741406563
cov10_n10_g0_s42_hotspots_p80_chr1	10	10	412	1019	2081	0	0.3929802391792173	0.2685853394998926	0.17647058823529413	0.28157156705856323	19.478872299194336	0.03446435767469404
cov10_n10_g0_s42_hotspots_p80_chr1	10	10	413	1215	1976	0	0.4810638662502234	0.3969065602064162	0.25	0.42873793840408325	12.589882850646973	0.034220110438731924
cov10_n10_g0_s42_hotspots_p80_chr1	10	10	414	888	1574	0	0.5112956749258463	0.4278323038616103	0.3333333333333333	0.43277379870414734	13.957972526550293	0.032613050293089224
cov10_n10_g0_s42_hotspots_p80_chr1	10	10	415	933	1803	0	0.29743669906058445	0.18974647795471744	0.17647058823529413	0.279591828584671	11.317231178283691	0.04068821494184343
cov10_n10_g0_s42_hotspots_p80_chr1	10	10	416	1147	1774	0	0.438517515874879	0.31852279157735075	0.17647058823529413	0.29758596420288086	21.714458465576172	0.0328890322282258
cov10_n10_g0_s42_hotspots_p80_chr1	10	10	417	1245	1696	0	0.3351724030338891	0.2454476485828967	0.3333333333333333	0.35217538475990295	9.057711601257324	0.04182823263498524
cov10_n10_g0_s42_hotspots_p80_chr1	10	10	418	1233	2074	0	0.3385877390390303	0.24340643502842946	0.25	0.3364255428314209	10.128952026367188	0.04053421152140978
cov10_n10_g0_s42_hotspots_p80_chr1	10	10	419	707	1161	0	0.3692201455881995	0.2477590933467584	0.17647058823529413	0.2816673815250397	17.18294906616211	0.03568328674841736
cov10_n10_g0_s42_hotspots_p80_chr1	10	10	420	1192	1895	0	0.4868191725928544	0.39158997871046736	0.25	0.3794465959072113	16.460159301757812	0.032569815739336545
cov10_n10_g0_s42_hotspots_p80_chr1	10	10	421	1176	2017	0	0.4224765051415669	0.31279806139423433	0.3333333333333333	0.3245711922645569	16.942800521850586	0.03429793779347252
cov10_n10_g0_s42_hotspots_p80_chr1	10	10	422	922	1485	0	0.4560507345939292	0.32041249039881203	0.25	0.2538878917694092	32.26579284667969	0.031665240017839755
cov10_n10_g0_s42_hotspots_p80_chr1	10	10	423	1141	1825	0	0.5128989124664375	0.4103893185593822	0.3333333333333333	0.34224292635917664	22.45922088623047	0.030837590789028885
cov10_n10_g0_s42_hotspots_p80_chr1	10	10	424	1302	1770	0	0.5242050762463049	0.43060471544991574	0.25	0.3792075514793396	19.10946273803711	0.030920984214313434
cov10_n10_g0_s42_hotspots_p80_chr1	10	10	425	876	1450	0	0.18979881363589032	0.06525043468963018	0.1111111111111111	0.17802828550338745	11.366037368774414	0.0436428346095457
cov10_n10_g0_s42_hotspots_p80_chr1	10	10	426	1510	2425	0	0.5064768442952808	0.4039735859310141	0.25	0.3451387882232666	21.534345626831055	0.031106608593490164
cov10_n10_g0_s42_hotspots_p80_chr1	10	10	427	1105	1776	0	0.4821084849695356	0.37256721403747717	0.17647058823529413	0.3252050280570984	21.977333068847656	0.03171364365472484
cov10_n10_g0_s42_hotspots_p80_chr1	10	10	428	1186	1911	0	0.5197435061926066	0.43486651299496837	0.3333333333333333	0.4244709312915802	14.992778778076172	0.0319774490830718
cov10_n10_g0_s42_hotspots_p80_chr1	10	10	429	841	1589	0	0.16378395871231058	0.046277436019186644	0.17647058823529413	0.16616477072238922	9.71549129486084	0.04605641359224759
cov10_n10_g0_s42_hotspots_p80_chr1	10	10	430	1098	1643	0	0.2817941029195852	0.1611236223398391	0.17647058823529413	0.24431049823760986	13.303918838500977	0.03973407364159482
cov10_n10_g0_s42_hotspots_p80_chr1	10	10	431	961	1575	0	0.48729775548772053	0.3709560092597285	0.25	0.2991170585155487	26.540340423583984	0.031195969644368778
cov10_n10_g0_s42_hotspots_p80_chr1	10	10	432	933	1760	0	0.4493124098283512	0.34069548615106826	0.17647058823529413	0.3308389484882355	18.444360733032227	0.033175541936583036
cov10_n10_g0_s42_hotspots_p80_chr1	10	10	433	1195	2159	0	0.49130737022307186	0.39934164186178395	0.3333333333333333	0.39322030544281006	15.6111421585083	0.032675056850233065
cov10_n10_g0_s42_hotspots_p80_chr1	10	10	434	839	1547	0	0.4441946338405864	0.33449630506690803	0.17647058823529413	0.32718712091445923	18.431222915649414	0.03332010112864355
cov10_n10_g0_s42_hotspots_p80_chr1	10	10	435	1186	2029	0	0.48962906973426884	0.4116370985363464	0.3333333333333333	0.4610389471054077	11.278703689575195	0.034722989504868344
cov10_n10_g0_s42_hotspots_p80_chr1	10	10	436	782	1564	0	0.4383065403469665	0.332685276099588	0.17647058823529413	0.33935245871543884	16.682222366333008	0.033925203579637936
cov10_n10_g0_s42_hotspots_p80_chr1	10	10	437	789	1275	0	0.43319188127842534	0.3305050734939427	0.17647058823529413	0.34806668758392334	15.48944091796875	0.03445046707872991
cov10_n10_g0_s42_hotspots_p80_chr1	10	10	438	924	2065	0	0.4132493180052463	0.3200196185602051	0.25	0.37583261728286743	12.090251922607422	0.03666482274115736
cov10_n10_g0_s42_hotspots_p80_chr1	10	10	439	1006	2025	0	0.47492098567392793	0.39168003340332674	0.25	0.4324116110801697	12.062796592712402	0.03471620473031778
cov10_n10_g0_s42_hotspots_p80_chr1	10	10	440	821	2145	0	0.3435147737542379	0.2433918748755509	0.17647058823529413	0.32428407669067383	11.221207618713379	0.039411317554827754
cov10_n10_g0_s42_hotspots_p80_chr1	10	10	441	585	1313	0	0.06050245109589826	-0.026500675002795872	0.1111111111111111	0.08942455798387527	4.577540874481201	0.06129569506557172
cov10_n10_g0_s42_hotspots_p80_chr1	10	10	442	642	1165	0	0.3799281812182193	0.28084805216359654	0.25	0.34392857551574707	12.202997207641602	0.03761006614242918
cov10_n10_g0_s42_hotspots_p80_chr1	10	10	443	708	1855	0	0.4531264922997108	0.3702311241886876	0.25	0.42990559339523315	11.109453201293945	0.03606111252007672
cov10_n10_g0_s42_hotspots_p80_chr1	10	10	444	1037	1332	0	0.22375886841014128	0.07681689813618461	0.1111111111111111	0.17519940435886383	16.311552047729492	0.03972819522440786
cov10_n10_g0_s42_hotspots_p80_chr1	10	10	445	753	1814	0	0.407821197952934	0.31928684306206667	0.17647058823529413	0.391781210899353	10.83558464050293	0.03773795751322896
cov10_n10_g0_s42_hotspots_p80_chr1	10	10	446	461	1161	0	0.5586459630840186	0.510490156738771	0.25	0.6911016702651978	6.534154415130615	0.03788496478127455
cov10_n10_g0_s42_hotspots_p80_chr1	10	10	447	903	1444	0	0.2669509619530862	0.1625084832426871	0.17647058823529413	0.26757436990737915	9.953458786010742	0.042859178086623644
cov10_n10_g0_s42_hotspots_p80_chr1	10	10	448	941	1871	0	0.5470756190272531	0.49252368125588336	0.3333333333333333	0.629342257976532	7.556503772735596	0.036480794214124666
cov10_n10_g0_s42_hotspots_p80_chr1	10	10	449	1151	1823	0	0.27141663801842464	0.09361157268520667	0.1111111111111111	0.17044773697853088	25.3565616607666	0.036288423271101614
cov10_n10_g0_s42_hotspots_p80_chr1	10	10	450	1699	2690	0	0.572227956093034	0.5138216396890435	0.3333333333333333	0.5948694944381714	9.25325870513916	0.03337216815652485
cov10_n10_g0_s42_hotspots_p80_chr1	10	10	451	645	1764	0	0.4744226913873833	0.3918507265372685	0.3333333333333333	0.4355805516242981	11.86298656463623	0.03485321018190972
cov10_n10_g0_s42_hotspots_p80_chr1	10	10	452	1094	2375	0	0.4617328626110721	0.3554663024978557	0.25	0.3387450873851776	18.579565048217773	0.03280121111420005
cov10_n10_g0_s42_hotspots_p80_chr1	10	10	453	505	1032	0	0.31593128547960786	0.17056144521871172	0.17647058823529413	0.22172510623931885	20.30278205871582	0.03621279362250569
cov10_n10_g0_s42_hotspots_p80_chr1	10	10	454	6	25	1	0.49497473956046223	0.46291004988627577	0.17647058823529413	0.875	3.200000047683716	0.05448623679425842
cov10_n10_g0_s42_hotspots_p80_chr1	10	10	455	748	1446	0	0.42697613607367735	0.3518784210643302	0.3333333333333333	0.45984214544296265	8.621635437011719	0.03937303010050505
cov10_n10_g0_s42_hotspots_p80_chr1	10	10	456	865	1776	0	0.21378879132852113	0.06739295347155576	0.1111111111111111	0.1698520928621292	15.842659950256348	0.04017933254099331
cov10_n10_g0_s42_hotspots_p80_chr1	10	10	457	680	1652	0	0.19016458265101022	0.07917507103981943	0.1111111111111111	0.19719994068145752	9.299202919006348	0.045838862472808904
cov10_n10_g0_s42_hotspots_p80_chr1	10	10	458	149	631	1	0.4104659984196561	0.32019397353646123	0.25	0.38598692417144775	11.308609962463379	0.03728786959100294
cov10_n10_g0_s42_hotspots_p80_chr1	10	10	459	109	537	1	0.31580858823292246	0.23093521805597753	0.17647058823529413	0.35680413246154785	7.834082126617432	0.04419934203954325
cov10_n10_g0_s42_hotspots_p80_chr1	10	10	460	1060	2082	0	0.4244504883351315	0.3299133458197155	0.25	0.37436291575431824	12.85489273071289	0.035867604917717684
cov10_n10_g0_s42_hotspots_p80_chr1	10	10	461	962	1447	0	0.3894297392442904	0.3018210084110649	0.25	0.3879331946372986	10.077303886413574	0.038994590951078566
cov10_n10_g0_s42_hotspots_p80_chr1	10	10	462	996	1566	0	0.18251676934954905	0.08580131866996851	0.17647058823529413	0.21534337103366852	7.183605194091797	0.0495147964603275
cov10_n10_g0_s42_hotspots_p80_chr1	10	10	463	1032	1854	0	0.4037876930874183	0.29537272920352525	0.25	0.3240804672241211	15.523885726928711	0.03528469390324535
cov10_n10_g0_s42_hotspots_p80_chr1	10	10	464	1314	2052	0	0.4243465932554984	0.3102464891222292	0.17647058823529413	0.31239455938339233	18.451623916625977	0.033859427562776045
cov10_n10_g0_s42_hotspots_p80_chr1	10	10	465	512	782	0	0.23534543885059722	0.11284138412553127	0.17647058823529413	0.21288429200649261	12.221491813659668	0.041720229880595254
cov10_n10_g0_s42_hotspots_p80_chr1	10	10	466	631	1538	0	0.36860740785975493	0.2600827561091038	0.25	0.31236210465431213	13.925519943237305	0.03696927558024893
cov10_n10_g0_s42_hotspots_p80_chr1	10	10	467	451	884	0	0.2771639520391186	0.15349412537899182	0.1111111111111111	0.23650848865509033	13.733463287353516	0.03960952322455156
cov10_n10_g0_s42_hotspots_p80_chr1	10	10	468	802	1542	0	0.2798783556165262	0.1467512053821564	0.1111111111111111	0.22304029762744904	15.746063232421875	0.038551893360114615
cov10_n10_g0_s42_hotspots_p80_chr1	10	10	469	655	1366	0	0.5062392628221888	0.4177344744830261	0.25	0.40804150700569153	15.392276763916016	0.03227989750666057
cov10_n10_g0_s42_hotspots_p80_chr1	10	10	470	1064	1769	0	0.17095694981721393	0.034612010518874727	0.1111111111111111	0.15125982463359833	12.773984909057617	0.04301629675077024
cov10_n10_g0_s42_hotspots_p80_chr1	10	10	471	1202	2033	0	0.6573867299480047	0.5969510902234766	0.3333333333333333	0.5223846435546875	15.836565971374512	0.027080453196637738
cov10_n10_g0_s42_hotspots_p80_chr1	10	10	472	1069	2479	0	0.4058969003001668	0.3082993302888547	0.1111111111111111	0.3581205904483795	12.846147537231445	0.03643834357652134
cov10_n10_g0_s42_hotspots_p80_chr1	10	10	473	541	1880	0	0.34275111957785154	0.19196359262573265	0.1111111111111111	0.22319577634334564	23.582277297973633	0.034958112273507674
cov10_n10_g0_s42_hotspots_p80_chr1	10	10	474	860	1898	0	0.5534899988314372	0.4898542450871238	0.3333333333333333	0.5546407699584961	9.95854663848877	0.033445497680146895
cov10_n10_g0_s42_hotspots_p80_chr1	10	10	475	480	1559	0	0.2648502255656994	0.20857562707307117	0.17647058823529413	0.4469231367111206	3.5118424892425537	0.06076246747988367
cov10_n10_g0_s42_hotspots_p80_chr1	10	10	476	948	2444	0	0.3029369167445387	0.17432635057720502	0.17647058823529413	0.24153217673301697	15.730932235717773	0.037957638938507225
cov10_n10_g0_s42_hotspots_p80_chr1	10	10	477	1356	2620	0	0.5541434042262261	0.4687978098779872	0.3333333333333333	0.4101240634918213	18.256345748901367	0.030155982906328163
cov10_n10_g0_s42_hotspots_p80_chr1	10	10	478	858	1457	0	0.2755291478474759	0.1596790634968405	0.17647058823529413	0.24954909086227417	12.190545082092285	0.040638800303807045
cov10_n10_g0_s42_hotspots_p80_chr1	10	10	479	1252	2194	0	0.42109925264961207	0.27248873613296654	0.25	0.23525932431221008	32.038726806640625	0.03243461936239966
cov10_n10_g0_s42_hotspots_p80_chr1	10	10	480	806	1621	0	0.3522008496730859	0.29591311397625036	0.17647058823529413	0.5293601155281067	4.426682472229004	0.05244410957537539
cov10_n10_g0_s42_hotspots_p80_chr1	10	10	481	912	1853	0	0.27549951170304443	0.17167360991258568	0.25	0.2747427821159363	10.055160522460938	0.04250042058813509
cov10_n10_g0_s42_hotspots_p80_chr1	10	10	483	354	1150	0	0.5782571409923618	0.49800205994869984	0.42857142857142855	0.42694777250289917	18.343936920166016	0.029394807647586483
cov10_n10_g0_s42_hotspots_p80_chr1	10	10	484	850	1942	0	0.2909076480826698	0.18892795493028322	0.1111111111111111	0.2892070710659027	10.117947578430176	0.04198107609558685
cov10_n10_g0_s42_hotspots_p80_chr1	10	10	485	935	1738	0	0.39192491693815595	0.26548753427376925	0.17647058823529413	0.2769252061843872	20.02998924255371	0.034376607861528644
cov10_n10_g0_s42_hotspots_p80_chr1	10	10	486	1007	1976	0	0.4204411371501503	0.33085013908129657	0.1111111111111111	0.3919804096221924	11.504868507385254	0.03683131180799191
cov10_n10_g0_s42_hotspots_p80_chr1	10	10	487	974	1806	0	0.22275113237787458	0.0694282486451595	0.1111111111111111	0.16839689016342163	17.497325897216797	0.03928616340344644
cov10_n10_g0_s42_hotspots_p80_chr1	10	10	488	702	2072	0	0.27078778840393386	0.14193383804473805	0.17647058823529413	0.22463421523571014	14.531362533569336	0.039352545457587
cov10_n10_g0_s42_hotspots_p80_chr1	10	10	489	1110	2582	0	0.5523704521303633	0.47567726333236593	0.25	0.46445441246032715	14.144083023071289	0.031186948855440096
cov10_n10_g0_s42_hotspots_p80_chr1	10	10	490	1082	2500	0	0.17746542414727207	0.09633893065139973	0.25	0.2455516755580902	5.223260402679443	0.05503873238326048
cov10_n10_g0_s42_hotspots_p80_chr1	10	10	491	92	310	1	0.26204057057659785	0.19622733091148753	0.1111111111111111	0.3913145959377289	4.484199523925781	0.05531074723239212
cov10_n10_g0_s42_hotspots_p80_chr1	10	10	492	82	322	1	0.3453842808177917	0.233706702324622	0.17647058823529413	0.29491347074508667	13.715638160705566	0.03773704920396119
cov10_n10_g0_s42_hotspots_p80_chr1	10	10	493	628	1594	0	0.5439981943119008	0.4551811513194725	0.42857142857142855	0.395365834236145	18.932004928588867	0.030361867198262168
cov10_n10_g0_s42_hotspots_p80_chr1	10	10	494	729	1389	0	0.5801396708780383	0.5191160777093998	0.5384615384615384	0.5713768005371094	10.30908203125	0.03215713183246013
cov10_n10_g0_s42_hotspots_p80_chr1	10	10	495	933	2379	0	0.5883359332956214	0.525260954932973	0.3333333333333333	0.5520911812782288	11.356094360351562	0.03115288871923942
cov10_n10_g0_s42_hotspots_p80_chr1	10	10	496	1059	2474	0	0.3674494225403213	0.2912732189783977	0.1111111111111111	0.4252288043498993	7.4670634269714355	0.04313868944999466
cov10_n10_g0_s42_hotspots_p80_chr1	10	10	497	777	2423	0	0.6325646468486489	0.5640380377806395	0.3333333333333333	0.46586769819259644	18.43675994873047	0.027628319689118382
cov10_n10_g0_s42_hotspots_p80_chr1	10	10	498	1247	1966	0	0.31491276640308824	0.1952596175146505	0.25	0.26354512572288513	14.278103828430176	0.03829626114563425
cov10_n10_g0_s42_hotspots_p80_chr1	10	10	499	1133	1883	0	0.5182176853703311	0.4378897968009362	0.25	0.4490446448326111	13.318194389343262	0.03264895070203176
cov10_n10_g0_s42_hotspots_p80_chr1	10	10	500	1078	1783	0	0.650517384970896	0.5845632257456694	0.42857142857142855	0.4551185667514801	20.43001365661621	0.02690814960439424
cov10_n10_g0_s42_hotspots_p80_chr1	10	10	501	990	1692	0	0.40110711310675423	0.2535870095712821	0.17647058823529413	0.23813381791114807	28.371257781982422	0.033094594021445004
cov10_n10_g0_s42_hotspots_p80_chr1	10	10	502	1088	2108	0	0.6023932798855978	0.553371648691107	0.42857142857142855	0.6791520118713379	7.867308139801025	0.03377829708660051
cov10_n10_g0_s42_hotspots_p80_chr1	10	10	503	1049	2148	0	0.6596591584365916	0.5968028737914342	0.42857142857142855	0.4812968373298645	18.785083770751953	0.026686689711274764
cov10_n10_g0_s42_hotspots_p80_chr1	10	10	504	700	1370	0	0.6127057082586813	0.5472346691797357	0.42857142857142855	0.5193488597869873	13.918277740478516	0.029150086237530196
cov10_n10_g0_s42_hotspots_p80_chr1	10	10	505	870	2231	0	0.5795445189280048	0.4910147861768942	0.25	0.32908856868743896	31.0132999420166	0.028815472100001238
cov10_n10_g0_s42_hotspots_p80_chr1	10	10	506	321	997	0	0.3863172499469658	0.24732391654649927	0.17647058823529413	0.2513871490955353	23.615764617919922	0.03392402564980556
cov10_n10_g0_s42_hotspots_p80_chr1	10	10	507	809	2212	0	0.6772241027363635	0.6289147687262083	0.42857142857142855	0.6491186022758484	10.884705543518066	0.027849666162787338
cov10_n10_g0_s42_hotspots_p80_chr1	10	10	508	789	1799	0	0.738600996302949	0.6975427149866279	0.5384615384615384	0.6719841361045837	12.080967903137207	0.02459115710153638
cov10_n10_g0_s42_hotspots_p80_chr1	10	10	509	830	1841	0	0.33373665223849525	0.24057992228776373	0.17647058823529413	0.34005892276763916	9.631621360778809	0.04120268298649213
cov10_n10_g0_s42_hotspots_p80_chr1	10	10	510	176	406	1	0.21854396973973284	0.12763333165846494	0.1111111111111111	0.26144930720329285	6.987192153930664	0.04884019162921577
cov10_n10_g0_s42_hotspots_p80_chr1	10	10	511	996	2091	0	0.31117040748904723	0.17884220899168746	0.1111111111111111	0.23917452991008759	16.926481246948242	0.03729009908461012
cov10_n10_g0_s42_hotspots_p80_chr1	10	10	512	651	2014	0	0.4485328804161761	0.3679437414702119	0.3333333333333333	0.4396688640117645	10.407279014587402	0.03676833346951777
cov10_n10_g0_s42_hotspots_p80_chr1	10	10	513	1103	2343	0	0.513729345064791	0.42705298284985577	0.25	0.4161246418952942	15.241293907165527	0.03209094567052607
cov10_n10_g0_s42_hotspots_p80_chr1	10	10	514	1364	2512	0	0.46808931142390187	0.3632340785656383	0.25	0.34345197677612305	18.574857711791992	0.03262395970454948
cov10_n10_g0_s42_hotspots_p80_chr1	10	10	515	1629	2577	0	0.5647305873964173	0.4833997048663848	0.42857142857142855	0.429307222366333	17.303991317749023	0.029985141947145487
cov10_n10_g0_s42_hotspots_p80_chr1	10	10	516	1016	2076	0	0.34622471186888243	0.21177229848493756	0.1111111111111111	0.24918407201766968	19.305259704589844	0.03570058541647567
cov10_n10_g0_s42_hotspots_p80_chr1	10	10	517	741	1843	0	0.554499542884295	0.4755570673362598	0.3333333333333333	0.4495300054550171	15.215456008911133	0.03078486612507116
cov10_n10_g0_s42_hotspots_p80_chr1	10	10	518	954	2058	0	0.5688490376855108	0.5125645212961623	0.42857142857142855	0.613684356212616	8.592190742492676	0.03421400886162482
cov10_n10_g0_s42_hotspots_p80_chr1	10	10	519	830	1644	0	0.5636023321456676	0.4845779066669902	0.25	0.4450841546058655	16.03471565246582	0.030279500923864444
cov10_n10_g0_s42_hotspots_p80_chr1	10	10	520	824	1580	0	0.4146808321741978	0.33072117614860136	0.3333333333333333	0.4131985902786255	10.071874618530273	0.038184857370386745
cov10_n10_g0_s42_hotspots_p80_chr1	10	10	521	667	1662	0	0.6072039840793279	0.5467305878059853	0.3333333333333333	0.5670455694198608	11.466562271118164	0.03037288696772145
cov10_n10_g0_s42_hotspots_p80_chr1	10	10	522	747	1958	0	0.3969436129321411	0.3045667232467041	0.17647058823529413	0.37317487597465515	11.314434051513672	0.03770737668098706
cov10_n10_g0_s42_hotspots_p80_chr1	10	10	523	418	620	0	0.6157963513528233	0.5729867609931627	0.5384615384615384	0.7464447021484375	6.8057966232299805	0.03493648536965585
cov10_n10_g0_s42_hotspots_p80_chr1	10	10	524	555	1598	0	0.21366230253964516	0.11703971020123993	0.25	0.24374625086784363	7.68386697769165	0.04761742724824154
cov10_n10_g0_s42_hotspots_p80_chr1	10	10	525	1036	2510	0	0.6458924569761598	0.5893428435808875	0.3333333333333333	0.5807734131813049	12.368213653564453	0.02843803271068168
cov10_n10_g0_s42_hotspots_p80_chr1	10	10	526	1135	2097	0	0.5656364328845169	0.4969552374762498	0.3333333333333333	0.5152845978736877	12.049817085266113	0.03160931429384666
cov10_n10_g0_s42_hotspots_p80_chr1	10	10	527	1109	1859	0	0.5344602900602815	0.4332154011654582	0.25	0.33171015977859497	25.960521697998047	0.030037060086230753
cov10_n10_g0_s42_hotspots_p80_chr1	10	10	528	1012	2209	0	0.5519672205521895	0.46374038611100393	0.25	0.3939301669597626	19.63306427001953	0.030030912628994693
cov10_n10_g0_s42_hotspots_p80_chr1	10	10	529	1181	2211	0	0.5158655522559551	0.43094462061290945	0.17647058823529413	0.4247848093509674	14.748069763183594	0.03218084189177422
cov10_n10_g0_s42_hotspots_p80_chr1	10	10	530	1078	1534	0	0.6080409531104024	0.5575258532494849	0.3333333333333333	0.6622844934463501	8.429007530212402	0.03282168185466137
cov10_n10_g0_s42_hotspots_p80_chr1	10	10	531	572	1330	0	0.2653401458862554	0.1503979894506558	0.25	0.24500000476837158	11.729344367980957	0.041269883307549056
cov10_n10_g0_s42_hotspots_p80_chr1	10	10	532	1054	2061	0	0.37712068717778063	0.27540298983708583	0.25	0.3347504734992981	12.691657066345215	0.03739014188741844
cov10_n10_g0_s42_hotspots_p80_chr1	10	10	533	1318	2335	0	0.4968552622334628	0.394964886441946	0.3333333333333333	0.3507264256477356	20.068866729736328	0.031560090458938525
cov10_n10_g0_s42_hotspots_p80_chr1	10	10	534	1067	1609	0	0.3362651320453692	0.13307851900396378	0.05263157894736842	0.1699666678905487	39.14137268066406	0.03382955007730685
cov10_n10_g0_s42_hotspots_p80_chr1	10	10	535	1131	2323	0	0.5720721299013654	0.5089798142770842	0.3333333333333333	0.5562636256217957	10.576457977294922	0.03226780196058629
cov10_n10_g0_s42_hotspots_p80_chr1	10	10	536	938	1916	0	0.3784231396074341	0.2791265275484404	0.17647058823529413	0.3426477611064911	12.197183609008789	0.03765909244906683
cov10_n10_g0_s42_hotspots_p80_chr1	10	10	537	855	1651	0	0.6001694391697656	0.5297563472345425	0.25	0.4860977828502655	15.24405288696289	0.029236064599222577
cov10_n10_g0_s42_hotspots_p80_chr1	10	10	538	1119	2330	0	0.5722680632329592	0.4963216616948616	0.25	0.46153882145881653	15.373845100402832	0.03015331087740256
cov10_n10_g0_s42_hotspots_p80_chr1	10	10	539	1185	2420	0	0.5360760626079859	0.47124270841641114	0.3333333333333333	0.5464040040969849	9.62553882598877	0.03438922069304691
cov10_n10_g0_s42_hotspots_p80_chr1	10	10	540	1029	2255	0	0.3552260855691293	0.20676714555234624	0.1111111111111111	0.22974807024002075	23.90595054626465	0.03461953546929756
cov10_n10_g0_s42_hotspots_p80_chr1	10	10	541	1040	2131	0	0.5216035873546195	0.4410620652735264	0.25	0.4475618004798889	13.582352638244629	0.032425409897984446
cov10_n10_g0_s42_hotspots_p80_chr1	10	10	542	995	1814	0	0.5282587827396279	0.4675387813604941	0.25	0.5768234133720398	8.387019157409668	0.036032483373914875
cov10_n10_g0_s42_hotspots_p80_chr1	10	10	543	1214	1896	0	0.5622221358851579	0.47600062253978837	0.3333333333333333	0.3988591134548187	19.869037628173828	0.029698009076921945
cov10_n10_g0_s42_hotspots_p80_chr1	10	10	544	815	1684	0	0.5872179436665783	0.5235469882370811	0.25	0.547568678855896	11.500622749328613	0.031112311322722557
cov10_n10_g0_s42_hotspots_p80_chr1	10	10	545	1205	2178	0	0.6334792240894697	0.5623547578299328	0.3333333333333333	0.42193901538848877	22.54059410095215	0.02738078616281491
cov10_n10_g0_s42_hotspots_p80_chr1	10	10	546	851	1678	0	0.6008999603584737	0.5293458862232949	0.25	0.4760192632675171	15.935118675231934	0.029058265463158865
cov10_n10_g0_s42_hotspots_p80_chr1	10	10	547	1115	2153	0	0.5793740161849241	0.5223109346723807	0.25	0.6055262088775635	9.154869079589844	0.03319003061046711
cov10_n10_g0_s42_hotspots_p80_chr1	10	10	548	1020	2216	0	0.39576971821496243	0.22571089876083988	0.17647058823529413	0.20472098886966705	37.37321472167969	0.03275151424778755
cov10_n10_g0_s42_hotspots_p80_chr1	10	10	549	1095	2650	0	0.32210688161407297	0.21650180030353788	0.17647058823529413	0.29844120144844055	11.648833274841309	0.03971102873066869
cov10_n10_g0_s42_hotspots_p80_chr1	10	10	550	1372	2412	0	0.25791720738975094	0.1040152860552117	0.05263157894736842	0.18627536296844482	19.17122459411621	0.0378989510239919
cov10_n10_g0_s42_hotspots_p80_chr1	10	10	551	859	2078	0	0.4317773908969126	0.32151397543072396	0.25	0.3242778480052948	17.729040145874023	0.03382843834064508
cov10_n10_g0_s42_hotspots_p80_chr1	10	10	552	1026	2357	0	0.37078017015415404	0.23838027473303763	0.17647058823529413	0.2601075768470764	20.320158004760742	0.034855183078128675
cov10_n10_g0_s42_hotspots_p80_chr1	10	10	553	1330	2918	0	0.49828634043694936	0.38770503057947225	0.25	0.31546342372894287	24.949382781982422	0.03102185906530657
cov10_n10_g0_s42_hotspots_p80_chr1	10	10	554	854	2172	0	0.34005173746289774	0.22471273606801487	0.17647058823529413	0.28414270281791687	14.322439193725586	0.037581904875163746
cov10_n10_g0_s42_hotspots_p80_chr1	10	10	555	989	2296	0	0.4771362569308027	0.39590480589850957	0.25	0.4425913393497467	11.621952056884766	0.03491521915237241
cov10_n10_g0_s42_hotspots_p80_chr1	10	10	556	1494	2881	0	0.520902241502111	0.4139518613864075	0.25	0.3146117925643921	27.41337013244629	0.030322473707945538
cov10_n10_g0_s42_hotspots_p80_chr1	10	10	557	871	1540	0	0.45368770941078523	0.3428624828357589	0.17647058823529413	0.3240125775337219	19.606061935424805	0.03282569873596135
cov10_n10_g0_s42_hotspots_p80_chr1	10	10	558	29	92	1	0.319185598353416	0.13998315534386865	0.1111111111111111	0.18528784811496735	29.675138473510742	0.034756415902946806
cov10_n10_g0_s42_hotspots_p80_chr1	10	10	560	752	1563	0	0.43443571943495635	0.3232275789027659	0.17647058823529413	0.32181650400161743	18.223609924316406	0.03363602447530573
cov10_n10_g0_s42_hotspots_p80_chr1	10	10	561	1106	2854	0	0.28490261219848634	0.11688266022614542	0.17647058823529413	0.18416814506053925	23.931161880493164	0.036220313681377556
cov10_n10_g0_s42_hotspots_p80_chr1	10	10	562	938	1809	0	0.46375761097839846	0.34145949295548256	0.3333333333333333	0.2884422540664673	25.85022735595703	0.03181900516040401
cov10_n10_g0_s42_hotspots_p80_chr1	10	10	563	831	1827	0	0.10756493381493612	-0.017113124457296167	0.05263157894736842	0.10968860983848572	9.61652946472168	0.04770349805658183
cov10_n10_g0_s42_hotspots_p80_chr1	10	10	564	1352	1996	0	0.28965534294097595	0.10781401988039876	0.1111111111111111	0.17396192252635956	27.72393035888672	0.03558046200605804
cov10_n10_g0_s42_hotspots_p80_chr1	10	10	565	861	1463	0	0.1945123024543442	0.07732936180861234	0.25	0.191440612077713	10.323476791381836	0.04452225129237567
cov10_n10_g0_s42_hotspots_p80_chr1	10	10	566	966	1533	0	0.4549847637031766	0.3396545987491909	0.25	0.3102662265300751	21.5042724609375	0.03249021890748918
cov10_n10_g0_s42_hotspots_p80_chr1	10	10	567	1017	1682	0	0.3434113070071799	0.22816741860071263	0.17647058823529413	0.2858007252216339	14.437850952148438	0.037433648605095717
cov10_n10_g0_s42_hotspots_p80_chr1	10	10	568	1095	2069	0	0.5517830191446299	0.45931166217321256	0.25	0.3675910234451294	22.53236961364746	0.029762054913471375
cov10_n10_g0_s42_hotspots_p80_chr1	10	10	569	896	1530	0	0.36641991905874366	0.23726689314750213	0.25	0.2650797665119171	19.107547760009766	0.03523481680564915
cov10_n10_g0_s42_hotspots_p80_chr1	10	10	570	928	2083	0	0.4125191379198731	0.33756585244441417	0.25	0.4544970691204071	8.238080024719238	0.0403868930063165
cov10_n10_g0_s42_hotspots_p80_chr1	10	10	571	1132	2096	0	0.2672914690992744	0.12203244671531066	0.17647058823529413	0.20053669810295105	17.765703201293945	0.03810854350725362
cov10_n10_g0_s42_hotspots_p80_chr1	10	10	572	901	2352	0	0.48925481527147746	0.3906983457150845	0.3333333333333333	0.3655720353126526	17.911182403564453	0.032155216179151534
cov10_n10_g0_s42_hotspots_p80_chr1	10	10	573	1009	2455	0	0.4494337427217429	0.33215519369648705	0.25	0.30488088726997375	21.730566024780273	0.032604056322757625
cov10_n10_g0_s42_hotspots_p80_chr1	10	10	574	821	1533	0	0.23584309711402102	0.09699188580895432	0.17647058823529413	0.19118362665176392	15.217555046081543	0.03991817357172351
cov10_n10_g0_s42_hotspots_p80_chr1	10	10	575	864	1841	0	0.40971672461779346	0.27850666845747163	0.25	0.2695130705833435	23.11041259765625	0.03342303137945892
cov10_n10_g0_s42_hotspots_p80_chr1	10	10	576	855	1699	0	0.27135198593603244	0.10813809373458129	0.05263157894736842	0.18316420912742615	21.947479248046875	0.03690028329401568
cov10_n10_g0_s42_hotspots_p80_chr1	10	10	577	733	2142	0	0.32771919036927455	0.21211771111687208	0.1111111111111111	0.2779987156391144	13.896907806396484	0.03813769662821949
cov10_n10_g0_s42_hotspots_p80_chr1	10	10	578	689	2061	0	0.4111270599870997	0.3358470488644777	0.17647058823529413	0.45221781730651855	8.265265464782715	0.04039564990287319
cov10_n10_g0_s42_hotspots_p80_chr1	10	10	579	691	1856	0	0.3479670124118087	0.24387971595184788	0.25	0.3153950273990631	12.172126770019531	0.038580421191728054
cov10_n10_g0_s42_hotspots_p80_chr1	10	10	580	910	1430	0	0.4445267257386049	0.34680850646744826	0.3333333333333333	0.3671567738056183	14.658607482910156	0.034421641401780084
cov10_n10_g0_s42_hotspots_p80_chr1	10	10	581	574	1843	0	0.2863842839178881	0.1542718994143461	0.17647058823529413	0.22785863280296326	15.796730995178223	0.038362172617950385
cov10_n10_g0_s42_hotspots_p80_chr1	10	10	582	480	1205	0	0.4448226551075794	0.3540845262702213	0.3333333333333333	0.39393851161003113	12.750197410583496	0.03529207539047
cov10_n10_g0_s42_hotspots_p80_chr1	10	10	583	789	1578	0	0.2934722651652097	0.17456871452866923	0.1111111111111111	0.25400298833847046	13.349237442016602	0.03938750582916128
cov10_n10_g0_s42_hotspots_p80_chr1	10	10	584	836	1446	0	0.4984429163039175	0.37778112989163054	0.25	0.2704082131385803	33.97747802734375	0.03068990440675776
cov10_n10_g0_s42_hotspots_p80_chr1	10	10	585	941	1804	0	0.2978331913744969	0.18051183638990112	0.17647058823529413	0.25940537452697754	13.182210922241211	0.03936666341309424
cov10_n10_g0_s42_hotspots_p80_chr1	10	10	586	1059	2074	0	0.5452243806534917	0.46025666245427926	0.25	0.416867196559906	17.106264114379883	0.030635903868403768
cov10_n10_g0_s42_hotspots_p80_chr1	10	10	587	637	1785	0	0.3716803305808688	0.26706818511651287	0.25	0.3242120146751404	13.142589569091797	0.037290432285486626
cov10_n10_g0_s42_hotspots_p80_chr1	10	10	588	914	1759	0	0.5333797640636901	0.43786383939135237	0.25	0.36479052901268005	21.378925323486328	0.030376167560882027
cov10_n10_g0_s42_hotspots_p80_chr1	10	10	589	729	1313	0	0.5036899076617769	0.39176521189631847	0.25	0.3064509332180023	27.01497459411621	0.030766524298062863
cov10_n10_g0_s42_hotspots_p80_chr1	10	10	590	670	1682	0	0.577217362657165	0.4966787776532269	0.25	0.425762802362442	18.379907608032227	0.029422498596618663
cov10_n10_g0_s42_hotspots_p80_chr1	10	10	591	868	2057	0	0.3876015663986659	0.3169166514582845	0.3333333333333333	0.4642485976219177	6.970594882965088	0.04338923587317918
cov10_n10_g0_s42_hotspots_p80_chr1	10	10	592	1233	1985	0	0.4509323372404689	0.3437227885837019	0.17647058823529413	0.3354092538356781	18.07476806640625	0.0332121771417196
cov10_n10_g0_s42_hotspots_p80_chr1	10	10	593	974	2425	0	0.43862075065019446	0.2928543586542228	0.25	0.2366131842136383	34.363746643066406	0.03197221481144618
cov10_n10_g0_s42_hotspots_p80_chr1	10	10	594	760	1725	0	0.4376283338956911	0.34838234287189535	0.3333333333333333	0.3983127772808075	12.071531295776367	0.03591256425219299
cov10_n10_g0_s42_hotspots_p80_chr1	10	10	595	882	2125	0	0.5341373844074119	0.43933249225110194	0.25	0.3681016266345978	21.055742263793945	0.030387633479198973
cov10_n10_g0_s42_hotspots_p80_chr1	10	10	596	762	2250	0	0.618627255121542	0.5592656436173128	0.3333333333333333	0.5714809894561768	11.718027114868164	0.029799833044231196
cov10_n10_g0_s42_hotspots_p80_chr1	10	10	597	623	1856	0	0.5852411936233345	0.514849074927972	0.25	0.4954555928707123	13.952763557434082	0.03012043880410939
cov10_n10_g0_s42_hotspots_p80_chr1	10	10	598	550	1464	0	0.23173727426814913	0.12145134169897881	0.17647058823529413	0.23075494170188904	10.085321426391602	0.04373257112176081
cov10_n10_g0_s42_hotspots_p80_chr1	10	10	599	1105	1920	0	0.2552912953503421	0.1328077177004877	0.17647058823529413	0.22562699019908905	12.802356719970703	0.04077150008708666
cov10_n10_g0_s42_hotspots_p80_chr1	10	10	600	1029	1802	0	0.507995825181374	0.4117495730520142	0.25	0.3719664216041565	18.65146255493164	0.03146859987167874
cov10_n10_g0_s42_hotspots_p80_chr1	10	10	601	1083	1769	0	0.4221910798112628	0.31659200119924824	0.25	0.3367008864879608	15.722790718078613	0.03468821216879871
cov10_n10_g0_s42_hotspots_p80_chr1	10	10	602	867	1865	0	0.3030725240409665	0.17561076462510733	0.1111111111111111	0.243536114692688	15.486966133117676	0.03805640555928043
cov10_n10_g0_s42_hotspots_p80_chr1	10	10	603	753	2251	0	0.4966246287586008	0.3925827862630609	0.25	0.3421294689178467	21.07053565979004	0.031431224146088836
cov10_n10_g0_s42_hotspots_p80_chr1	10	10	604	722	1642	0	0.29002187296374454	0.17001252907697786	0.17647058823529413	0.25006282329559326	13.451269149780273	0.0394223705486099
cov10_n10_g0_s42_hotspots_p80_chr1	10	10	605	943	2252	0	0.4550008895587279	0.3783633007230413	0.17647058823529413	0.4613054394721985	9.728530883789062	0.03717010717339486
cov10_n10_g0_s42_hotspots_p80_chr1	10	10	606	968	1955	0	0.627852338462663	0.5623322529944766	0.25	0.5053377151489258	15.436601638793945	0.02822090554278142
cov10_n10_g0_s42_hotspots_p80_chr1	10	10	607	631	1185	0	0.25308368481250143	0.07028465944274996	0.1111111111111111	0.15920878946781158	25.269357681274414	0.03669670680416269
cov10_n10_g0_s42_hotspots_p80_chr1	10	10	608	965	1902	0	0.4906503350103949	0.38748375729919937	0.25	0.34705784916877747	19.986677169799805	0.0317454260119844
cov10_n10_g0_s42_hotspots_p80_chr1	10	10	609	990	1768	0	0.31367624812612965	0.18428006713542497	0.17647058823529413	0.24514158070087433	16.3730411529541	0.03742453931189865
cov10_n10_g0_s42_hotspots_p80_chr1	10	10	610	1099	1968	0	0.5322659474404298	0.42995833360218283	0.17647058823529413	0.3279147744178772	26.347257614135742	0.03007732947649408
cov10_n10_g0_s42_hotspots_p80_chr1	10	10	611	787	1414	0	0.2729368837398848	0.13646565882197498	0.1111111111111111	0.21470165252685547	16.160457611083984	0.03855825177218082
cov10_n10_g0_s42_hotspots_p80_chr1	10	10	612	237	1089	0	0.4711916562770762	0.39780149554865124	0.3333333333333333	0.4831772446632385	9.510037422180176	0.036830117939206417
cov10_n10_g0_s42_hotspots_p80_chr1	10	10	613	458	1187	0	0.2800900429786286	0.15562425868387736	0.1111111111111111	0.23678912222385406	13.991742134094238	0.03938795924940364
cov10_n10_g0_s42_hotspots_p80_chr1	10	10	614	279	911	0	0.3073128380119011	0.18392644014335996	0.17647058823529413	0.2527742385864258	14.780726432800293	0.038259120855047
cov10_n10_g0_s42_hotspots_p80_chr1	10	10	615	790	1475	0	0.46934288521915474	0.369107678058838	0.25	0.36011600494384766	16.986177444458008	0.03294848186384791
cov10_n10_g0_s42_hotspots_p80_chr1	10	10	616	484	1602	0	0.5081382464391093	0.43995569510037724	0.25	0.5215656161308289	9.491742134094238	0.035538997148399136
cov10_n10_g0_s42_hotspots_p80_chr1	10	10	617	473	1265	0	0.17829792095703545	0.0610631141038569	0.05263157894736842	0.17849913239479065	9.97746753692627	0.04534947742988054
cov10_n10_g0_s42_hotspots_p80_chr1	10	10	618	693	1744	0	0.20569057972424568	0.0673960620914477	0.17647058823529413	0.17316824197769165	14.108872413635254	0.04126798691225172
cov10_n10_g0_s42_hotspots_p80_chr1	10	10	619	180	685	1	0.39466463665582585	0.28736314181341016	0.1111111111111111	0.3246573209762573	14.777669906616211	0.035836119597171145
cov10_n10_g0_s42_hotspots_p80_chr1	10	10	620	697	1814	0	0.5179027486767109	0.4854015046362853	0.42857142857142855	0.8763357400894165	3.49265193939209	0.05136246435073941
cov10_n10_g0_s42_hotspots_p80_chr1	10	10	621	202	927	0	0.4290932092461817	0.3732354212744878	0.25	0.5830868482589722	5.415477275848389	0.04583101339156974
cov10_n10_g0_s42_hotspots_p80_chr1	10	10	622	984	1843	0	0.404578177789349	0.30171314247647196	0.25	0.34072375297546387	14.099380493164062	0.035843470015732855
cov10_n10_g0_s42_hotspots_p80_chr1	10	10	623	802	1412	0	0.4391319374879243	0.3771971976940559	0.1111111111111111	0.5434821248054504	6.528591632843018	0.042496466827708294
cov10_n10_g0_s42_hotspots_p80_chr1	10	10	624	762	1664	0	0.45770875379262377	0.40482216205113564	0.25	0.6211515665054321	5.4297919273376465	0.04471280388885222
cov10_n10_g0_s42_hotspots_p80_chr1	10	10	625	1189	2455	0	0.37284151743236843	0.26724846171164635	0.25	0.32192033529281616	13.41379451751709	0.03710896993078635
cov10_n10_g0_s42_hotspots_p80_chr1	10	10	626	720	1470	0	0.37756437962937056	0.28729081419368785	0.25	0.3725934624671936	10.268608093261719	0.039189522301763896
cov10_n10_g0_s42_hotspots_p80_chr1	10	10	627	1189	1656	0	0.38179912412649286	0.28076980846060534	0.17647058823529413	0.33864182233810425	12.711261749267578	0.03723943234694391
cov10_n10_g0_s42_hotspots_p80_chr1	10	10	628	1055	1999	0	0.5882084439834345	0.5284204623805291	0.3333333333333333	0.5798627734184265	10.289922714233398	0.03186100749296744
cov10_n10_g0_s42_hotspots_p80_chr1	10	10	629	1191	1895	0	0.5454873883674991	0.45801320821282815	0.3333333333333333	0.4022688865661621	18.388078689575195	0.03039927431527471
cov10_n10_g0_s42_hotspots_p80_chr1	10	10	630	1226	1940	0	0.5219258309402419	0.4557432662656346	0.25	0.5363218784332275	9.47036361694336	0.03505855778436301
cov10_n10_g0_s42_hotspots_p80_chr1	10	10	631	1149	1665	0	0.43965516480220185	0.317944965277314	0.17647058823529413	0.29305949807167053	22.506750106811523	0.03275271331729903
cov10_n10_g0_s42_hotspots_p80_chr1	10	10	632	1556	1999	0	0.4226209675867111	0.27947833109586195	0.17647058823529413	0.24548323452472687	29.638647079467773	0.032527503675489636
cov10_n10_g0_s42_hotspots_p80_chr1	10	10	633	1052	1695	0	0.4630889683947161	0.36585966317256485	0.25	0.3711817264556885	15.565237998962402	0.033542767363166755
cov10_n10_g0_s42_hotspots_p80_chr1	10	10	634	1035	2166	0	0.4146506032929132	0.3310757460554357	0.25	0.41485244035720825	9.990272521972656	0.03826337863683226
cov10_n10_g0_s42_hotspots_p80_chr1	10	10	635	1277	2392	0	0.5685492420416125	0.49472311755845716	0.42857142857142855	0.4779399037361145	14.151080131530762	0.03063453987018424
cov10_n10_g0_s42_hotspots_p80_chr1	10	10	636	1173	2372	0	0.2992758638902038	0.18029721946429164	0.1111111111111111	0.25695905089378357	13.564868927001953	0.03910371377472639
cov10_n10_g0_s42_hotspots_p80_chr1	10	10	637	1073	2049	0	0.4549215455153841	0.3823055834055555	0.25	0.4831002950668335	8.867443084716797	0.03810380902688174
cov10_n10_g0_s42_hotspots_p80_chr1	10	10	638	1309	2652	0	0.5285118378392959	0.42022552978425676	0.17647058823529413	0.28788623213768005	33.70292663574219	0.030019527659588707
cov10_n10_g0_s42_hotspots_p80_chr1	10	10	639	1112	2257	0	0.42070415310017706	0.3377506234647645	0.25	0.4198295772075653	10.041705131530762	0.03801624003017352
cov10_n10_g0_s42_hotspots_p80_chr1	10	10	640	797	1680	0	0.4320799279595091	0.33002836232205934	0.17647058823529413	0.34996047616004944	15.243693351745605	0.03457036374347972
cov10_n10_g0_s42_hotspots_p80_chr1	10	10	641	1746	2544	0	0.4167489994256712	0.3352459767209751	0.3333333333333333	0.4248402714729309	9.62271785736084	0.03856045316018519
cov10_n10_g0_s42_hotspots_p80_chr1	10	10	642	965	1577	0	0.4216657411714437	0.3170503328539795	0.17647058823529413	0.3396359384059906	15.413788795471191	0.03481195644524306
cov10_n10_g0_s42_hotspots_p80_chr1	10	10	643	1310	2227	0	0.4975321585446641	0.4026568380548623	0.25	0.37997904419898987	17.14443016052246	0.032080401901785384
cov10_n10_g0_s42_hotspots_p80_chr1	10	10	644	1354	2742	0	0.45069717996159653	0.3495002336537069	0.25	0.35559380054473877	16.06427764892578	0.03375113904833555
cov10_n10_g0_s42_hotspots_p80_chr1	10	10	645	1292	1994	0	0.1917497177310372	0.09113264964899169	0.17647058823529413	0.2163299173116684	7.856628894805908	0.04796027883302265
cov10_n10_g0_s42_hotspots_p80_chr1	10	10	646	1387	2345	0	0.596802011067302	0.518258113367515	0.3333333333333333	0.41982847452163696	20.207691192626953	0.028618265467109397
cov10_n10_g0_s42_hotspots_p80_chr1	10	10	647	1222	2107	0	0.501250984035459	0.4282123060656664	0.25	0.4904084801673889	10.447072982788086	0.03493545877729495
cov10_n10_g0_s42_hotspots_p80_chr1	10	10	648	1117	2048	0	0.30905083104935543	0.19916856464605834	0.1111111111111111	0.2811858654022217	12.080164909362793	0.0397717158802676
cov10_n10_g0_s42_hotspots_p80_chr1	10	10	649	858	2160	0	0.4942457337088427	0.4017390630862157	0.25	0.39066779613494873	16.00554847717285	0.03247013370937037
cov10_n10_g0_s42_hotspots_p80_chr1	10	10	650	921	1739	0	0.2433143846242748	0.17162762366728113	0.1111111111111111	0.34640154242515564	4.933736801147461	0.05401456132558927
cov10_n10_g0_s42_hotspots_p80_chr1	10	10	651	1269	2915	0	0.5434091946947907	0.4673429875690225	0.3333333333333333	0.4705944359302521	13.33399772644043	0.03179570874621447
cov10_n10_g0_s42_hotspots_p80_chr1	10	10	652	667	1311	0	0.5106490516025334	0.4197262306360398	0.3333333333333333	0.39588668942451477	16.63808250427246	0.03180521620075197
cov10_n10_g0_s42_hotspots_p80_chr1	10	10	653	1311	2958	0	0.481150777113253	0.38867932824425533	0.25	0.391164630651474	15.130147933959961	0.03313990830904566
cov10_n10_g0_s42_hotspots_p80_chr1	10	10	654	988	2233	0	0.3639989314443726	0.22832493476766832	0.1111111111111111	0.25240036845207214	20.79793930053711	0.034928787491400805
cov10_n10_g0_s42_hotspots_p80_chr1	10	10	655	1290	1757	0	0.25696335551368865	0.15834224824794446	0.17647058823529413	0.27400335669517517	8.79489517211914	0.044567596319939284
cov10_n10_g0_s42_hotspots_p80_chr1	10	10	656	1204	1901	0	0.4548195467822659	0.3538980835436872	0.25	0.3569525480270386	16.235185623168945	0.03357903034011273
cov10_n10_g0_s42_hotspots_p80_chr1	10	10	657	1742	2648	0	0.4264772224883005	0.32024635651399114	0.17647058823529413	0.33558762073516846	16.150272369384766	0.034423998858676114
cov10_n10_g0_s42_hotspots_p80_chr1	10	10	658	944	2527	0	0.4343641532968553	0.2968234787808679	0.17647058823529413	0.2556292414665222	28.87266731262207	0.03230885792799328
cov10_n10_g0_s42_hotspots_p80_chr1	10	10	659	907	2100	0	0.44455212761468355	0.33782069682199084	0.17647058823529413	0.3364996016025543	17.453250885009766	0.0335402747475397
cov10_n10_g0_s42_hotspots_p80_chr1	10	10	660	54	143	1	0.35724396518415563	0.2731098071965878	0.25	0.3853379189968109	8.59500789642334	0.04172514480302571
cov10_n10_g0_s42_hotspots_p80_chr1	10	10	669	1	3	1	0.22360680157584636	0.18156825980063976	0.1111111111111111	0.5	2.0	0.07905694150420949
cov10_n10_g0_s42_hotspots_p80_chr1	10	10	679	211	505	0	0.33085176806929734	0.1969573851466072	0.17647058823529413	0.24466025829315186	18.28689956665039	0.03635792612196976
cov10_n10_g0_s42_hotspots_p80_chr1	10	10	680	237	822	0	0.33445295971901173	0.2070714740690417	0.1111111111111111	0.25743287801742554	16.87882423400879	0.0367013731637978
cov10_n10_g0_s42_hotspots_p80_chr1	10	10	681	1066	2006	0	0.4880424816111362	0.4019501515472064	0.25	0.4200143814086914	13.5016508102417	0.03355259517311139
cov10_n10_g0_s42_hotspots_p80_chr1	10	10	682	590	977	0	0.31393071857199156	0.1780582656486983	0.1111111111111111	0.23474451899528503	17.884496688842773	0.036906206308446175
cov10_n10_g0_s42_hotspots_p80_chr1	10	10	683	812	1593	0	0.3327336371598474	0.2111354535228829	0.1111111111111111	0.26779669523239136	15.437716484069824	0.03728556769142825
cov10_n10_g0_s42_hotspots_p80_chr1	10	10	684	1077	2145	0	0.18872781243899078	0.0843260959956213	0.17647058823529413	0.20681868493556976	8.327071189880371	0.04726606905249898
cov10_n10_g0_s42_hotspots_p80_chr1	10	10	685	931	1447	0	0.47283526577507107	0.348889537445276	0.25	0.2802436649799347	28.467418670654297	0.03144024957168002
cov10_n10_g0_s42_hotspots_p80_chr1	10	10	686	917	1720	0	0.45584041860257496	0.3302864151253165	0.25	0.2810889780521393	26.298931121826172	0.03197783770701089
cov10_n10_g0_s42_hotspots_p80_chr1	10	10	687	1166	1789	0	0.2612549422670783	0.09283105202958969	0.1111111111111111	0.1740202009677887	22.53874397277832	0.037007432316168314
cov10_n10_g0_s42_hotspots_p80_chr1	10	10	688	1064	2109	0	0.3548782633942887	0.2324848995087496	0.1111111111111111	0.2748654782772064	16.669343948364258	0.03623142209201157
cov10_n10_g0_s42_hotspots_p80_chr1	10	10	689	1066	1906	0	0.2472803031943579	0.08875705353377485	0.1111111111111111	0.17646628618240356	19.63611602783203	0.03801863202700779
cov10_n10_g0_s42_hotspots_p80_chr1	10	10	690	684	2061	0	0.31982516577528314	0.1967575089258615	0.25	0.25925499200820923	15.21846866607666	0.03772575925963158
cov10_n10_g0_s42_hotspots_p80_chr1	10	10	691	1067	2786	0	0.37586772324373025	0.2284243722372335	0.1111111111111111	0.23558086156845093	25.45598793029785	0.033942471798165605
cov10_n10_g0_s42_hotspots_p80_chr1	10	10	692	990	2322	0	0.3830130615757433	0.2780906682867171	0.25	0.32758960127830505	13.669953346252441	0.0366802451973782
cov10_n10_g0_s42_hotspots_p80_chr1	10	10	693	703	1746	0	0.24116489252481735	0.1252611357563785	0.1111111111111111	0.227447971701622	11.242527961730957	0.042346542474023065
cov10_n10_g0_s42_hotspots_p80_chr1	10	10	694	741	1935	0	0.339322071764994	0.21035258471173332	0.17647058823529413	0.25640740990638733	17.513103485107422	0.036369392934909296
cov10_n10_g0_s42_hotspots_p80_chr1	10	10	695	889	1825	0	0.4124765237897431	0.2942538538992728	0.25	0.29978039860725403	18.931800842285156	0.034070715299256746
cov10_n10_g0_s42_hotspots_p80_chr1	10	10	696	837	1980	0	0.44882144263325363	0.3421162111452465	0.25	0.33691632747650146	17.746105194091797	0.03334799968247243
cov10_n10_g0_s42_hotspots_p80_chr1	10	10	697	915	2108	0	0.3872943777913938	0.2640892543659284	0.17647058823529413	0.28290098905563354	18.74189567565918	0.03478077871742882
cov10_n10_g0_s42_hotspots_p80_chr1	10	10	698	782	1937	0	0.43695705549111963	0.3054623379089543	0.17647058823529413	0.269011527299881	26.383703231811523	0.03242296242272231
cov10_n10_g0_s42_hotspots_p80_chr1	10	10	699	275	1164	0	0.45594799556617405	0.33985407615581265	0.25	0.3079307973384857	21.924230575561523	0.032408616947697116
cov10_n10_g0_s42_hotspots_p80_chr1	10	10	700	668	2124	0	0.2965890653478913	0.22489355373631478	0.25	0.3954471945762634	5.625138759613037	0.04983522197550005
cov10_n10_g0_s42_hotspots_p80_chr1	10	10	701	840	2142	0	0.3012881110810263	0.19468313539459586	0.1111111111111111	0.2843668758869171	11.225505828857422	0.04065240782062272
cov10_n10_g0_s42_hotspots_p80_chr1	10	10	702	599	1948	0	0.49634460372924477	0.38363721099387965	0.17647058823529413	0.30805328488349915	25.960615158081055	0.031005894042577326
cov10_n10_g0_s42_hotspots_p80_chr1	10	10	703	656	1612	0	0.25832547961392205	0.16117579417019734	0.17647058823529413	0.2786354124546051	8.595318794250488	0.044807272218507006
cov10_n10_g0_s42_hotspots_p80_chr1	10	10	704	450	1683	0	0.35140642583984694	0.25104752850790624	0.17647058823529413	0.3274914622306824	11.51382064819336	0.03894769680460009
cov10_n10_g0_s42_hotspots_p80_chr1	10	10	705	682	1473	0	0.33538878470279254	0.19190928123312945	0.1111111111111111	0.23128768801689148	21.0277099609375	0.03558418786038414
cov10_n10_g0_s42_hotspots_p80_chr1	10	10	706	769	1864	0	0.4479770266378687	0.3586918851420031	0.25	0.40057188272476196	12.50692367553711	0.0353272786202611
cov10_n10_g0_s42_hotspots_p80_chr1	10	10	707	760	1881	0	0.27481090396044805	0.15717316127717734	0.17647058823529413	0.2457805573940277	12.501810073852539	0.04044012661495347
cov10_n10_g0_s42_hotspots_p80_chr1	10	10	708	508	1428	0	0.3984075351001843	0.30803180121440843	0.25	0.38111206889152527	10.92822551727295	0.037961122632684384
cov10_n10_g0_s42_hotspots_p80_chr1	10	10	709	174	600	1	0.41356805477299885	0.33173967345201427	0.3333333333333333	0.42213085293769836	9.598422050476074	0.03869070145028636
cov10_n10_g0_s42_hotspots_p80_chr1	10	10	710	357	977	0	0.3313405297828295	0.2245040563136881	0.1111111111111111	0.300144225358963	12.186785697937012	0.039055609180510015
cov10_n10_g0_s42_hotspots_p80_chr1	10	10	711	731	1814	0	0.5125370780979472	0.4230908374791013	0.25	0.4026385545730591	16.20391082763672	0.03185627656050333
cov10_n10_g0_s42_hotspots_p80_chr1	10	10	712	792	1588	0	0.5122797966180348	0.4591170137555309	0.17647058823529413	0.6368530988693237	6.470472812652588	0.03987129344577123
cov10_n10_g0_s42_hotspots_p80_chr1	10	10	714	186	433	1	0.15668878688640595	0.07009678838113564	0.1111111111111111	0.20958632230758667	5.58920431137085	0.054428750232111724
cov10_n10_g0_s42_hotspots_p80_chr1	10	10	715	1436	2755	0	0.5730381240052884	0.4942017511300375	0.3333333333333333	0.4409928619861603	16.885112762451172	0.02979622483557835
cov10_n10_g0_s42_hotspots_p80_chr1	10	10	716	1169	2628	0	0.42668601144390955	0.32179160879078156	0.25	0.3397791385650635	15.769700050354004	0.034542895660872514
cov10_n10_g0_s42_hotspots_p80_chr1	10	10	717	1291	2383	0	0.5442371073276929	0.45298071627049735	0.25	0.38125428557395935	20.37730598449707	0.03017104184771225
cov10_n10_g0_s42_hotspots_p80_chr1	10	10	718	830	2186	0	0.5025418552618197	0.4177463816086839	0.3333333333333333	0.4264295697212219	13.888325691223145	0.03292358684203927
cov10_n10_g0_s42_hotspots_p80_chr1	10	10	719	1073	1936	0	0.41826402842167976	0.2902669809739909	0.17647058823529413	0.2772093713283539	22.76592254638672	0.03325722230659911
cov10_n10_g0_s42_hotspots_p80_chr1	10	10	720	779	2093	0	0.31537395552971476	0.1871169959331566	0.1111111111111111	0.24785088002681732	16.190887451171875	0.03744879074257209
cov10_n10_g0_s42_hotspots_p80_chr1	10	10	721	1036	1728	0	0.3122367084329357	0.23701200715841578	0.17647058823529413	0.3922906219959259	6.335080623626709	0.04735412760556202
cov10_n10_g0_s42_hotspots_p80_chr1	10	10	722	992	1929	0	0.3712619874257445	0.29082919123018375	0.3333333333333333	0.40831655263900757	8.267361640930176	0.041727427550308845
cov10_n10_g0_s42_hotspots_p80_chr1	10	10	723	1193	2079	0	0.436070535137976	0.3236742388452747	0.17647058823529413	0.31851786375045776	18.743295669555664	0.03347552136295521
cov10_n10_g0_s42_hotspots_p80_chr1	10	10	724	1145	2308	0	0.35756998104233134	0.2746183925223539	0.17647058823529413	0.3902141749858856	8.396843910217285	0.041989513373392164
cov10_n10_g0_s42_hotspots_p80_chr1	10	10	725	1054	2067	0	0.4408431945457564	0.357940541697381	0.25	0.42663007974624634	10.677395820617676	0.03679839886794473
cov10_n10_g0_s42_hotspots_p80_chr1	10	10	726	871	1865	0	0.46702051037444825	0.35729351600474074	0.17647058823529413	0.3269372284412384	20.405305862426758	0.03233021305912413
cov10_n10_g0_s42_hotspots_p80_chr1	10	10	727	899	2031	0	0.4578171398401021	0.36674496743459417	0.25	0.39497315883636475	13.435347557067871	0.03453908934314282
cov10_n10_g0_s42_hotspots_p80_chr1	10	10	728	779	1123	0	0.44046736369616946	0.328871838786403	0.25	0.3212135136127472	18.803550720214844	0.03334267978163667
cov10_n10_g0_s42_hotspots_p80_chr1	10	10	729	228	441	0	0.31322259611239317	0.25254289799290874	0.17647058823529413	0.4677378237247467	4.484367847442627	0.05355479858409169
cov10_n10_g0_s42_hotspots_p80_chr1	10	10	730	547	1288	0	0.2442590823769247	0.12319410291692783	0.17647058823529413	0.22094741463661194	12.221474647521973	0.04147796159110967
cov10_n10_g0_s42_hotspots_p80_chr1	10	10	731	790	1717	0	0.495275618162995	0.4017265076070773	0.3333333333333333	0.386005699634552	16.462907791137695	0.03231514383057009
cov10_n10_g0_s42_hotspots_p80_chr1	10	10	732	889	2141	0	0.42663840863812796	0.3395127754817161	0.25	0.4039275050163269	11.156116485595703	0.03688689329238779
cov10_n10_g0_s42_hotspots_p80_chr1	10	10	733	895	1933	0	0.4098251483308263	0.32839653025927956	0.25	0.4224097728729248	9.413026809692383	0.03901182443035637
cov10_n10_g0_s42_hotspots_p80_chr1	10	10	734	634	1090	0	0.4383482962085694	0.3497434422009857	0.25	0.4011339545249939	11.94152545928955	0.03597127350610779
cov10_n10_g0_s42_hotspots_p80_chr1	10	10	735	665	1616	0	0.4116078338445984	0.31385672791413644	0.3333333333333333	0.35936933755874634	13.118531227111816	0.03611685544842929
cov10_n10_g0_s42_hotspots_p80_chr1	10	10	736	958	1768	0	0.15470528360122315	0.004799945795075929	0.1111111111111111	0.1283705234527588	14.523780822753906	0.04230521416885213
cov10_n10_g0_s42_hotspots_p80_chr1	10	10	737	1105	1692	0	0.3651210887990067	0.22639326426332765	0.17647058823529413	0.24743248522281647	21.775114059448242	0.034719859391714375
cov10_n10_g0_s42_hotspots_p80_chr1	10	10	738	811	1659	0	0.39786497272593474	0.27450300466805894	0.17647058823529413	0.2848767936229706	19.505512237548828	0.034331509851014394
cov10_n10_g0_s42_hotspots_p80_chr1	10	10	739	1055	2124	0	0.5829121427940173	0.5053889124621465	0.3333333333333333	0.44337815046310425	17.28453254699707	0.029406539505981075
cov10_n10_g0_s42_hotspots_p80_chr1	10	10	740	1043	2043	0	0.35970002360700176	0.2838669404464785	0.25	0.42218202352523804	7.2590789794921875	0.04377815333914308
cov10_n10_g0_s42_hotspots_p80_chr1	10	10	741	671	1758	0	0.4276115722962871	0.31662116060192524	0.17647058823529413	0.321595698595047	17.679847717285156	0.03395630251271237
cov10_n10_g0_s42_hotspots_p80_chr1	10	10	742	826	2209	0	0.5216739616176316	0.4378553949164851	0.25	0.42975571751594543	14.7351655960083	0.03199877428772068
cov10_n10_g0_s42_hotspots_p80_chr1	10	10	743	1387	2352	0	0.3539683776178942	0.22107625576203296	0.17647058823529413	0.25440073013305664	19.35940933227539	0.03549195619101527
cov10_n10_g0_s42_hotspots_p80_chr1	10	10	744	756	1707	0	0.4869015770292504	0.41216888961880666	0.25	0.478676974773407	10.346590995788574	0.03551668578478386
cov10_n10_g0_s42_hotspots_p80_chr1	10	10	745	751	1113	0	0.49010495964882356	0.38001116501357896	0.3333333333333333	0.32087987661361694	23.328840255737305	0.0313626805033373
cov10_n10_g0_s42_hotspots_p80_chr1	10	10	746	840	1520	0	0.44771703091375586	0.38772851824176313	0.25	0.5609318614006042	6.370697498321533	0.04254149465983747
cov10_n10_g0_s42_hotspots_p80_chr1	10	10	747	984	1966	0	0.45293227471815906	0.3443002721289067	0.25	0.33091723918914795	18.7338809967041	0.0330143479144452
cov10_n10_g0_s42_hotspots_p80_chr1	10	10	748	1129	1919	0	0.4779575017635781	0.3685652787641905	0.17647058823529413	0.3265937864780426	21.417203903198242	0.031892922746959054
cov10_n10_g0_s42_hotspots_p80_chr1	10	10	749	948	1878	0	0.21711439821046485	0.1149943536177848	0.17647058823529413	0.23508866131305695	8.529311180114746	0.046128221439108365
cov10_n10_g0_s42_hotspots_p80_chr1	10	10	750	1130	2441	0	0.3349779974794088	0.20502772733311658	0.17647058823529413	0.25300031900405884	17.530344009399414	0.03647668535984333
cov10_n10_g0_s42_hotspots_p80_chr1	10	10	751	1480	2451	0	0.3417268166926823	0.22040935875123369	0.17647058823529413	0.2720857858657837	15.774168014526367	0.03690826950651252
cov10_n10_g0_s42_hotspots_p80_chr1	10	10	752	741	1590	0	0.4204247622963246	0.32128743758752193	0.17647058823529413	0.35711944103240967	13.859564781188965	0.03548387905486708
cov10_n10_g0_s42_hotspots_p80_chr1	10	10	753	633	1786	0	0.42604411916100493	0.30983483298577785	0.25	0.3068908154964447	19.272642135620117	0.03363570477496308
cov10_n10_g0_s42_hotspots_p80_chr1	10	10	754	393	956	0	0.4293230727658068	0.33396733228037634	0.25	0.3726293444633484	13.274384498596191	0.035497743816270896
cov10_n10_g0_s42_hotspots_p80_chr1	10	10	755	801	1443	0	0.15049325946234535	0.06623847742779776	0.25	0.20762999355793	5.253562927246094	0.055769729548482645
cov10_n10_g0_s42_hotspots_p80_chr1	10	10	756	160	277	1	0.2928182446749567	0.1644957760907767	0.1111111111111111	0.2370714545249939	15.255897521972656	0.0384275501926674
cov10_n10_g0_s42_hotspots_p80_chr1	10	10	757	4	6	1	0.18257417570343107	0.1243411828254981	0.1111111111111111	0.3333333432674408	2.999999761581421	0.06770032168941854
cov10_n10_g0_s42_hotspots_p80_chr1	10	10	758	1017	1793	0	0.4143154355300208	0.2841837089950671	0.17647058823529413	0.27220621705055237	23.16680145263672	0.03330239607239775
cov10_n10_g0_s42_hotspots_p80_chr1	10	10	759	1569	1880	0	0.49943945475681645	0.4001126925919507	0.3333333333333333	0.36068424582481384	19.173938751220703	0.03162619104018404
cov10_n10_g0_s42_hotspots_p80_chr1	10	10	760	994	1555	0	0.470358244832181	0.34940460090193	0.17647058823529413	0.290584534406662	26.2006778717041	0.03163266553525319
cov10_n10_g0_s42_hotspots_p80_chr1	10	10	761	598	1304	0	0.5166248566177974	0.4216777193193822	0.25	0.3754252791404724	18.936670303344727	0.03116940459363938
cov10_n10_g0_s42_hotspots_p80_chr1	10	10	762	1628	2319	0	0.5268463482734332	0.438243214506787	0.3333333333333333	0.4035646319389343	17.04282569885254	0.03121753870586817
cov10_n10_g0_s42_hotspots_p80_chr1	10	10	763	1026	1701	0	0.47207530136577597	0.3648615240045441	0.25	0.33497294783592224	19.8610897064209	0.032279078982602405
cov10_n10_g0_s42_hotspots_p80_chr1	10	10	764	348	759	0	0.28720689057239945	0.20603772883924987	0.25	0.3492175340652466	6.763906478881836	0.0471699107899956
cov10_n10_g0_s42_hotspots_p80_chr1	10	10	765	97	209	1	0.3815042491582225	0.2767853636310201	0.1111111111111111	0.3276306390762329	13.559063911437988	0.03678064592948322
cov10_n10_g0_s42_hotspots_p80_chr1	10	10	766	809	2349	0	0.24583819182955882	0.14561055398826048	0.17647058823529413	0.2618548274040222	8.81408977508545	0.04487256036877749
cov10_n10_g0_s42_hotspots_p80_chr1	10	10	767	943	2069	0	0.5074771858847579	0.42088418005911343	0.3333333333333333	0.4172302484512329	14.793862342834473	0.03243253867254677
cov10_n10_g0_s42_hotspots_p80_chr1	10	10	768	1061	1739	0	0.45737345833400755	0.3530454067129815	0.17647058823529413	0.34525835514068604	17.549047470092773	0.033153333702941996
cov10_n10_g0_s42_hotspots_p80_chr1	10	10	769	698	1597	0	0.4406716947679758	0.35695457656983975	0.25	0.42287999391555786	10.85915470123291	0.03665927601450196
cov10_n10_g0_s42_hotspots_p80_chr1	10	10	770	850	1959	0	0.5932326722155289	0.5235447897629568	0.3333333333333333	0.4965931177139282	14.270812034606934	0.029739383120976896
cov10_n10_g0_s42_hotspots_p80_chr1	10	10	771	433	1028	0	0.4729307817321729	0.36478620911200427	0.25	0.3316667675971985	20.332523345947266	0.03218092098544493
cov10_n10_g0_s42_hotspots_p80_chr1	10	10	772	868	1951	0	0.44659045949710224	0.31917358251979183	0.17647058823529413	0.2778186500072479	25.840211868286133	0.032236555199922905
cov10_n10_g0_s42_hotspots_p80_chr1	10	10	773	745	1736	0	0.4691641233086907	0.3763064778803444	0.25	0.3889608383178711	14.549158096313477	0.03371578724968417
cov10_n10_g0_s42_hotspots_p80_chr1	10	10	774	1122	2284	0	0.4777777768862374	0.36352526867825014	0.17647058823529413	0.31001463532447815	23.751310348510742	0.03164253762909927
cov10_n10_g0_s42_hotspots_p80_chr1	10	10	775	886	1914	0	0.39267777834580436	0.2611423116496776	0.17647058823529413	0.2665412425994873	21.704198837280273	0.03405249330218424
cov10_n10_g0_s42_hotspots_p80_chr1	10	10	776	647	1484	0	0.19089147724328012	0.09072711256109112	0.17647058823529413	0.2164178490638733	7.78013277053833	0.04812080567637334
cov10_n10_g0_s42_hotspots_p80_chr1	10	10	777	1059	2059	0	0.18761349146887016	0.0906961817628997	0.17647058823529413	0.2197224199771881	7.290870189666748	0.04914434868563217
cov10_n10_g0_s42_hotspots_p80_chr1	10	10	778	149	305	1	0.45159613242582347	0.37386560748798864	0.3333333333333333	0.4547043740749359	9.863751411437988	0.037155151429648585
cov10_n10_g0_s42_hotspots_p80_chr1	10	10	779	15	125	1	0.3599445977835969	0.24996132851854264	0.17647058823529413	0.30519482493400574	13.909673690795898	0.03722456148922931
cov10_n10_g0_s42_hotspots_p80_chr1	10	10	780	831	1765	0	0.4290622911799531	0.32661106712664195	0.25	0.34806615114212036	15.195573806762695	0.034676253231531035
cov10_n10_g0_s42_hotspots_p80_chr1	10	10	781	595	1591	0	0.4840468606018852	0.3832181718786485	0.25	0.35715368390083313	18.368112564086914	0.032212466109986265
cov10_n10_g0_s42_hotspots_p80_chr1	10	10	782	411	1320	0	0.39457214555450526	0.28813810141592916	0.17647058823529413	0.32709836959838867	14.551109313964844	0.035934595069178905
cov10_n10_g0_s42_hotspots_p80_chr1	10	10	783	755	1893	0	0.4080098995606857	0.36395490565006283	0.3333333333333333	0.676484227180481	3.6376941204071045	0.05472689137078944
cov10_n10_g0_s42_hotspots_p80_chr1	10	10	784	807	2257	0	0.4105398758327063	0.2637837410891159	0.17647058823529413	0.2394988089799881	29.38353157043457	0.032812517761673356
cov10_n10_g0_s42_hotspots_p80_chr1	10	10	785	1142	2465	0	0.39385529829246185	0.27496773814130654	0.1111111111111111	0.2943732440471649	17.900976181030273	0.03481885700331162
cov10_n10_g0_s42_hotspots_p80_chr1	10	10	786	1050	1994	0	0.4178367620863192	0.2720189823779261	0.17647058823529413	0.24081100523471832	30.10652732849121	0.03260620891122173
cov10_n10_g0_s42_hotspots_p80_chr1	10	10	787	906	2158	0	0.49258346460094315	0.4117346619900784	0.25	0.44623351097106934	12.185273170471191	0.034062365144146775
cov10_n10_g0_s42_hotspots_p80_chr1	10	10	788	893	1829	0	0.3624901892825783	0.19351462471931058	0.1111111111111111	0.2047199308872223	31.352506637573242	0.03371783478330311
cov10_n10_g0_s42_hotspots_p80_chr1	10	10	789	1173	2358	0	0.30878602823643586	0.14185184844807858	0.1111111111111111	0.19381670653820038	25.38241195678711	0.035467241809848345
cov10_n10_g0_s42_hotspots_p80_chr1	10	10	790	1004	2000	0	0.4713846878967587	0.37941581726179435	0.17647058823529413	0.39282500743865967	14.399678230285645	0.03370478522373746
cov10_n10_g0_s42_hotspots_p80_chr1	10	10	791	1251	2152	0	0.4711499784904306	0.3555170811954589	0.25	0.30712777376174927	23.53315544128418	0.03183309667434508
cov10_n10_g0_s42_hotspots_p80_chr1	10	10	792	826	1645	0	0.5287567137355804	0.42485751571436425	0.25	0.32268866896629333	26.850006103515625	0.03014676754456869
cov10_n10_g0_s42_hotspots_p80_chr1	10	10	793	1306	2169	0	0.433890990377889	0.3296377023314402	0.17647058823529413	0.3430885672569275	15.993693351745605	0.03426129925124731
cov10_n10_g0_s42_hotspots_p80_chr1	10	10	794	1002	1722	0	0.5339791835487788	0.4645885392749266	0.3333333333333333	0.5146682262420654	10.764500617980957	0.03353436678786419
cov10_n10_g0_s42_hotspots_p80_chr1	10	10	795	951	1707	0	0.42494887509734763	0.3033023056059529	0.17647058823529413	0.2927464544773102	21.071243286132812	0.033337058638260086
cov10_n10_g0_s42_hotspots_p80_chr1	10	10	796	927	1319	0	0.3422700402227612	0.2052536551687389	0.25	0.24358636140823364	19.743852615356445	0.035695133894779636
cov10_n10_g0_s42_hotspots_p80_chr1	10	10	797	887	1666	0	0.40684014110299216	0.2950210432292169	0.25	0.31538963317871094	16.63998031616211	0.034824255089006904
cov10_n10_g0_s42_hotspots_p80_chr1	10	10	798	939	1691	0	0.33088395408871213	0.19801130833131708	0.1111111111111111	0.2463810294866562	18.03586196899414	0.03642953606146427
cov10_n10_g0_s42_hotspots_p80_chr1	10	10	799	1086	1939	0	0.427815549195604	0.3322880811206478	0.17647058823529413	0.3716304898262024	13.252277374267578	0.035554997716197606
cov10_n10_g0_s42_hotspots_p80_chr1	10	10	800	1066	1707	0	0.3020940776274829	0.1965223958569654	0.17647058823529413	0.28729239106178284	11.05696964263916	0.04077103841479605
cov10_n10_g0_s42_hotspots_p80_chr1	10	10	801	1211	2162	0	0.4355555484759488	0.3236972220967141	0.25	0.320032000541687	18.522525787353516	0.033537649602860015
cov10_n10_g0_s42_hotspots_p80_chr1	10	10	802	964	1652	0	0.44043874148103007	0.35385742619080257	0.17647058823529413	0.41020816564559937	11.52822494506836	0.036176994932213956
cov10_n10_g0_s42_hotspots_p80_chr1	10	10	803	1097	2139	0	0.3921271365951252	0.24170168367407444	0.1111111111111111	0.2329048365354538	28.34632682800293	0.03329732966035836
cov10_n10_g0_s42_hotspots_p80_chr1	10	10	804	1104	2327	0	0.49313272171805705	0.4254935018003917	0.25	0.5228132605552673	8.896812438964844	0.036714634017795664
cov10_n10_g0_s42_hotspots_p80_chr1	10	10	805	732	2477	0	0.4376672854349751	0.36028146962791024	0.3333333333333333	0.45210057497024536	9.37169361114502	0.03812548081527188
cov10_n10_g0_s42_hotspots_p80_chr1	10	10	806	914	2204	0	0.408080231144061	0.2850418964491244	0.17647058823529413	0.28742167353630066	20.15821647644043	0.03393435440242565
cov10_n10_g0_s42_hotspots_p80_chr1	10	10	807	1062	2086	0	0.19191172270433599	0.09635107872277526	0.3333333333333333	0.22647443413734436	7.1806640625	0.04924022817916798
cov10_n10_g0_s42_hotspots_p80_chr1	10	10	808	1122	2282	0	0.4884180528774663	0.3767839075580288	0.25	0.31579315662384033	23.920921325683594	0.031353981463708776
cov10_n10_g0_s42_hotspots_p80_chr1	10	10	809	689	1931	0	0.4985119813695829	0.4209890204390782	0.3333333333333333	0.4644365608692169	11.521221160888672	0.03426168759013471
cov10_n10_g0_s42_hotspots_p80_chr1	10	10	810	837	2420	0	0.43241081114402286	0.2964872867383541	0.05263157894736842	0.2594383955001831	27.77950668334961	0.03242492846000493
cov10_n10_g0_s42_hotspots_p80_chr1	10	10	811	1048	2343	0	0.4589076454081502	0.35742114431310856	0.25	0.3552333414554596	16.688724517822266	0.033330546647346755
cov10_n10_g0_s42_hotspots_p80_chr1	10	10	812	674	1672	0	0.4243352676205559	0.3007498673326302	0.17647058823529413	0.28793641924858093	21.718265533447266	0.033252238985665934
cov10_n10_g0_s42_hotspots_p80_chr1	10	10	813	938	1967	0	0.44127386442550837	0.3373269270670007	0.17647058823529413	0.3451634347438812	16.34432029724121	0.03393940326182544
cov10_n10_g0_s42_hotspots_p80_chr1	10	10	814	978	1740	0	0.28375278724194203	0.1552940544839254	0.1111111111111111	0.23221173882484436	14.931794166564941	0.038815081385687074
cov10_n10_g0_s42_hotspots_p80_chr1	10	10	815	1282	2481	0	0.3773253994152472	0.2567412332054439	0.25	0.28605952858924866	17.398799896240234	0.03540185894848217
cov10_n10_g0_s42_hotspots_p80_chr1	10	10	816	952	1779	0	0.5869349186460718	0.5253677435039198	0.3333333333333333	0.5650801658630371	10.788467407226562	0.031558584084032115
cov10_n10_g0_s42_hotspots_p80_chr1	10	10	817	952	1934	0	0.3970573339594376	0.29667261315312615	0.25	0.3461209833621979	13.159839630126953	0.03653159148627569
cov10_n10_g0_s42_hotspots_p80_chr1	10	10	818	588	1109	0	0.45393732668658304	0.36377273230877544	0.25	0.3980823755264282	13.003070831298828	0.03487270331079836
cov10_n10_g0_s42_hotspots_p80_chr1	10	10	819	815	1820	0	0.392620183049484	0.26762250191704096	0.17647058823529413	0.2801753282546997	19.637470245361328	0.03443980197748729
cov10_n10_g0_s42_hotspots_p80_chr1	10	10	820	1062	1897	0	0.6067910544194433	0.5310105573623375	0.25	0.4310205280780792	19.819028854370117	0.02833999992984328
cov10_n10_g0_s42_hotspots_p80_chr1	10	10	821	661	1433	0	0.44498809208225265	0.363394252379268	0.25	0.433891236782074	10.518045425415039	0.03679273960737398
cov10_n10_g0_s42_hotspots_p80_chr1	10	10	822	270	589	0	0.32339618979330625	0.23535098292789286	0.25	0.35067540407180786	8.504705429077148	0.04293118024751265
cov10_n10_g0_s42_hotspots_p80_chr1	10	10	823	779	1465	0	0.5383599620716585	0.4643657463743689	0.25	0.4843999147415161	12.352005004882812	0.032418847716629874
cov10_n10_g0_s42_hotspots_p80_chr1	10	10	824	965	1790	0	0.5725508811272881	0.48609125972412315	0.25	0.3861578404903412	21.98358154296875	0.02920978524168481
cov10_n10_g0_s42_hotspots_p80_chr1	10	10	825	590	1221	0	0.38225821444372693	0.29480490139680227	0.25	0.385295033454895	9.842984199523926	0.03945506837608647
cov10_n10_g0_s42_hotspots_p80_chr1	10	10	826	583	1608	0	0.5564851409600926	0.48505034986916	0.3333333333333333	0.4980565309524536	12.483888626098633	0.031719857265797034
cov10_n10_g0_s42_hotspots_p80_chr1	10	10	827	540	1548	0	0.5144610622872278	0.433189675007999	0.42857142857142855	0.4441612660884857	13.41601848602295	0.03273100693780705
cov10_n10_g0_s42_hotspots_p80_chr1	10	10	828	259	634	0	0.496564703109318	0.43905895751899043	0.17647058823529413	0.5965360403060913	6.92912483215332	0.03953023850085153
cov10_n10_g0_s42_hotspots_p80_chr1	10	10	829	417	776	0	0.4013944916762022	0.262198508274105	0.25	0.2529248893260956	25.186033248901367	0.03337655866960359
cov10_n10_g0_s42_hotspots_p80_chr1	10	10	830	775	2168	0	0.5130554453080436	0.439257799397173	0.17647058823529413	0.48668625950813293	11.112977981567383	0.03403080048300965
cov10_n10_g0_s42_hotspots_p80_chr1	10	10	831	537	1381	0	0.5207921392467505	0.41622867551983306	0.25	0.32728639245033264	25.320539474487305	0.030421281726795594
cov10_n10_g0_s42_hotspots_p80_chr1	10	10	832	1238	2095	0	0.4570578663840758	0.32852528573586304	0.17647058823529413	0.27266159653663635	28.099233627319336	0.03183077226841224
cov10_n10_g0_s42_hotspots_p80_chr1	10	10	833	709	1906	0	0.4116764630001671	0.34120019567048554	0.3333333333333333	0.47791898250579834	7.419994354248047	0.04171138861316026
cov10_n10_g0_s42_hotspots_p80_chr1	10	10	834	863	1387	0	0.577674168371626	0.5077077063956367	0.3333333333333333	0.502029538154602	13.24058723449707	0.030642991861193063
cov10_n10_g0_s42_hotspots_p80_chr1	10	10	835	978	1805	0	0.23534517290891097	0.12830681027517657	0.1111111111111111	0.23956751823425293	9.65060806274414	0.044117302776313115
cov10_n10_g0_s42_hotspots_p80_chr1	10	10	836	949	1771	0	0.4044948699757704	0.29317773308545664	0.17647058823529413	0.316201388835907	16.364336013793945	0.03497645872783329
cov10_n10_g0_s42_hotspots_p80_chr1	10	10	837	606	1546	0	0.36546985247452357	0.2928535912945449	0.25	0.44121381640434265	6.861276149749756	0.044370982063651886
cov10_n10_g0_s42_hotspots_p80_chr1	10	10	838	594	1859	0	0.39152696925713226	0.31983304422432324	0.25	0.46103495359420776	7.2119975090026855	0.04278592717772416
cov10_n10_g0_s42_hotspots_p80_chr1	10	10	839	79	368	1	0.3945305833070336	0.2949309197275739	0.17647058823529413	0.3477538228034973	12.871158599853516	0.03676654821194651
cov10_n10_g0_s42_hotspots_p80_chr1	10	10	840	775	1416	0	0.32851360513300004	0.21430814097225043	0.25	0.281423419713974	13.626564025878906	0.03825921397190558
cov10_n10_g0_s42_hotspots_p80_chr1	10	10	841	1124	1808	0	0.39113104914426666	0.3017926468448301	0.25	0.38204920291900635	10.481080055236816	0.03856815142801683
cov10_n10_g0_s42_hotspots_p80_chr1	10	10	842	817	1914	0	0.21547236365158465	0.11481787044795244	0.25	0.23671171069145203	8.285974502563477	0.0465488338564719
cov10_n10_g0_s42_hotspots_p80_chr1	10	10	843	1031	1769	0	0.26602550247511303	0.15517806141199667	0.1111111111111111	0.25337499380111694	11.023488998413086	0.04183903480325612
cov10_n10_g0_s42_hotspots_p80_chr1	10	10	844	1076	1995	0	0.3334447282679245	0.2281188313040168	0.17647058823529413	0.3050415515899658	11.948949813842773	0.039160097823557054
cov10_n10_g0_s42_hotspots_p80_chr1	10	10	845	994	1791	0	0.46903394467903853	0.4043614957457577	0.25	0.5362783670425415	7.649410247802734	0.039286345090502765
cov10_n10_g0_s42_hotspots_p80_chr1	10	10	846	854	2001	0	0.24967484059854425	0.14609857166455995	0.17647058823529413	0.2572730481624603	9.418047904968262	0.04397790497142772
cov10_n10_g0_s42_hotspots_p80_chr1	10	10	847	952	1596	0	0.37325370669411795	0.2696016946413174	0.17647058823529413	0.32756397128105164	12.984222412109375	0.037333589383636415
cov10_n10_g0_s42_hotspots_p80_chr1	10	10	848	1657	2510	0	0.46034781780999906	0.358045282502639	0.25	0.3524095118045807	17.063844680786133	0.033189142978650665
cov10_n10_g0_s42_hotspots_p80_chr1	10	10	849	1117	1744	0	0.4948159567085258	0.4044371419305709	0.3333333333333333	0.40015554428100586	15.290785789489746	0.03266645093048995
cov10_n10_g0_s42_hotspots_p80_chr1	10	10	850	1006	1927	0	0.4749673669371026	0.36339210241201275	0.17647058823529413	0.3196762502193451	22.075305938720703	0.03189126628680518
cov10_n10_g0_s42_hotspots_p80_chr1	10	10	851	927	1640	0	0.3792984508067791	0.25584527064739737	0.1111111111111111	0.28031304478645325	18.30945587158203	0.03509878361481648
cov10_n10_g0_s42_hotspots_p80_chr1	10	10	852	655	1207	0	0.3898284069535931	0.294153804542737	0.17647058823529413	0.3589058518409729	11.797388076782227	0.03758047333189761
cov10_n10_g0_s42_hotspots_p80_chr1	10	10	853	933	1982	0	0.3715712577865274	0.24151592732310417	0.1111111111111111	0.26476535201072693	19.695266723632812	0.0349679395727929
cov10_n10_g0_s42_hotspots_p80_chr1	10	10	854	540	1202	0	0.41890255883406924	0.32890403116998773	0.25	0.3898863196372986	11.543831825256348	0.036852592733234414
cov10_n10_g0_s42_hotspots_p80_chr1	10	10	855	1476	2537	0	0.4079508836508981	0.30412788075243535	0.25	0.3387314975261688	14.504559516906738	0.03556640549769393
cov10_n10_g0_s42_hotspots_p80_chr1	10	10	856	986	1678	0	0.48202180690779817	0.3712003192039187	0.25	0.3206964135169983	22.591506958007812	0.03164750017221414
cov10_n10_g0_s42_hotspots_p80_chr1	10	10	857	746	1644	0	0.48513284564261466	0.3716761460261274	0.25	0.31041595339775085	24.424928665161133	0.031396374842639185
cov10_n10_g0_s42_hotspots_p80_chr1	10	10	858	395	614	0	0.2762013346688295	0.17249317841078113	0.17647058823529413	0.27548256516456604	10.052253723144531	0.04248289018719489
cov10_n10_g0_s42_hotspots_p80_chr1	10	10	859	479	1100	0	0.5237722800440989	0.4642582478878396	0.3333333333333333	0.5857674479484558	7.995297431945801	0.036728740075577554
cov10_n10_g0_s42_hotspots_p80_chr1	10	10	860	279	870	0	0.39855682770616596	0.3050196431011871	0.25	0.3696255683898926	11.62669849395752	0.03743057059630913
cov10_n10_g0_s42_hotspots_p80_chr1	10	10	861	925	2319	0	0.3975847404853346	0.31924053656667273	0.3333333333333333	0.43109381198883057	8.505814552307129	0.04051973122549421
cov10_n10_g0_s42_hotspots_p80_chr1	10	10	862	236	436	0	0.42269400031654214	0.3217854626829345	0.17647058823529413	0.35175925493240356	14.439797401428223	0.03516055936132222
cov10_n10_g0_s42_hotspots_p80_chr1	10	10	863	389	1381	0	0.43974927598189556	0.35249230651393665	0.3333333333333333	0.40714362263679504	11.665812492370605	0.03610606686253066
cov10_n10_g0_s42_hotspots_p80_chr1	10	10	864	1167	2076	0	0.45668093172170476	0.33912664743487375	0.3333333333333333	0.30356138944625854	22.632505416870117	0.03230169469270343
cov10_n10_g0_s42_hotspots_p80_chr1	10	10	865	924	1809	0	0.2822731360946898	0.16350491102566533	0.17647058823529413	0.24803483486175537	12.951311111450195	0.03993827862422124
cov10_n10_g0_s42_hotspots_p80_chr1	10	10	866	67	152	1	0.38066768949763724	0.16565391004430294	0.1111111111111111	0.16087572276592255	55.990074157714844	0.03272712264987111
cov10_n10_g0_s42_hotspots_p80_chr1	10	10	867	573	1581	0	0.4216225073281766	0.3278162616727178	0.25	0.3762606382369995	12.556539535522461	0.03612264702775637
cov10_n10_g0_s42_hotspots_p80_chr1	10	10	868	1185	2364	0	0.5154335463302189	0.40959008249870366	0.25	0.3253062665462494	25.105012893676758	0.030571928204551183
cov10_n10_g0_s42_hotspots_p80_chr1	10	10	869	969	1963	0	0.5832376571004884	0.5196920926672306	0.3333333333333333	0.5498543977737427	11.251120567321777	0.031406440889949476
cov10_n10_g0_s42_hotspots_p80_chr1	10	10	870	757	1482	0	0.43799316088330015	0.34665073364427496	0.17647058823529413	0.3899742066860199	12.61429500579834	0.035580947509452086
cov10_n10_g0_s42_hotspots_p80_chr1	10	10	871	1340	2641	0	0.3193869725091857	0.18085244901934838	0.1111111111111111	0.2328803539276123	18.809131622314453	0.03650164339237707
cov10_n10_g0_s42_hotspots_p80_chr1	10	10	872	1400	2429	0	0.5108198490957466	0.4065119436454027	0.25	0.335284024477005	23.21185302734375	0.03082706451380087
cov10_n10_g0_s42_hotspots_p80_chr1	10	10	873	781	2036	0	0.4261015747795237	0.33748339237650854	0.25	0.3976359963417053	11.482987403869629	0.03666710892070285
cov10_n10_g0_s42_hotspots_p80_chr1	10	10	874	1123	1755	0	0.25541129616463737	0.15718278573771033	0.25	0.2737942337989807	8.702250480651855	0.04474286987118566
cov10_n10_g0_s42_hotspots_p80_chr1	10	10	875	1012	2267	0	0.4902877864786921	0.39092839485105974	0.25	0.3621973395347595	18.32363510131836	0.03204193670895483
cov10_n10_g0_s42_hotspots_p80_chr1	10	10	876	1147	2099	0	0.5221166137627392	0.42811771548011246	0.25	0.378048837184906	19.073884963989258	0.03098748307502033
cov10_n10_g0_s42_hotspots_p80_chr1	10	10	877	1096	2047	0	0.6354166218414362	0.5706847103993606	0.42857142857142855	0.5044888854026794	15.864046096801758	0.027869751541294292
cov10_n10_g0_s42_hotspots_p80_chr1	10	10	878	991	1762	0	0.4796513168647284	0.41212356183773075	0.25	0.5205755233764648	8.489532470703125	0.03769565856743904
cov10_n10_g0_s42_hotspots_p80_chr1	10	10	879	735	1185	0	0.26752868501772614	0.11998724055290806	0.1111111111111111	0.19795584678649902	18.264341354370117	0.037940796284692574
cov10_n10_g0_s42_hotspots_p80_chr1	10	10	880	1193	2229	0	0.5104462796113244	0.41287323571386264	0.17647058823529413	0.36533427238464355	19.521774291992188	0.031256600227606735
cov10_n10_g0_s42_hotspots_p80_chr1	10	10	881	194	383	1	0.4632475360389931	0.39347233388790276	0.25	0.5021519660949707	8.510515213012695	0.038254298641934435
cov10_n10_g0_s42_hotspots_p80_chr1	10	10	882	434	921	0	0.3715391372396338	0.30308808015227434	0.3333333333333333	0.4668486416339874	6.3336920738220215	0.04534810664383493
cov10_n10_g0_s42_hotspots_p80_chr1	10	10	883	975	1397	0	0.41663216335002334	0.2999916675449575	0.17647058823529413	0.3044889271259308	18.722444534301758	0.0340062566838435
cov10_n10_g0_s42_hotspots_p80_chr1	10	10	884	643	1053	0	0.36041207403577225	0.2445532453116403	0.25	0.29117870330810547	15.320731163024902	0.0365778794881971
cov10_n10_g0_s42_hotspots_p80_chr1	10	10	885	444	1166	0	0.43217159671844	0.342152003049837	0.25	0.39374685287475586	12.046980857849121	0.03610037762920225
cov10_n10_g0_s42_hotspots_p80_chr1	10	10	886	1008	1731	0	0.47804953188337873	0.3893651154433281	0.25	0.40751996636390686	13.76093578338623	0.03375749491391705
cov10_n10_g0_s42_hotspots_p80_chr1	10	10	887	890	1776	0	0.271535236047085	0.14651108222394896	0.25	0.23109933733940125	13.805588722229004	0.039720046643316
cov10_n10_g0_s42_hotspots_p80_chr1	10	10	888	1062	1938	0	0.5054023212060519	0.4263658923113492	0.3333333333333333	0.456462025642395	12.259286880493164	0.033592858455384435
cov10_n10_g0_s42_hotspots_p80_chr1	10	10	889	1265	2128	0	0.44764956320249605	0.3418176113081176	0.17647058823529413	0.3396638035774231	17.369121551513672	0.03347399739394039
cov10_n10_g0_s42_hotspots_p80_chr1	10	10	890	1146	2192	0	0.3004444816378449	0.20180616913758892	0.17647058823529413	0.3038986325263977	9.773971557617188	0.04206139012116484
cov10_n10_g0_s42_hotspots_p80_chr1	10	10	891	1636	3207	0	0.560135662950914	0.482102233370252	0.25	0.4531228840351105	15.28109359741211	0.03058099060569552
cov10_n10_g0_s42_hotspots_p80_chr1	10	10	892	1347	2447	0	0.515991759156542	0.425848907765758	0.3333333333333333	0.3985872268676758	16.75864028930664	0.03161353974282455
cov10_n10_g0_s42_hotspots_p80_chr1	10	10	893	1348	2261	0	0.443075506536089	0.35304030528332314	0.25	0.3964059054851532	12.493246078491211	0.0354897994426684
cov10_n10_g0_s42_hotspots_p80_chr1	10	10	894	1440	2507	0	0.5285473146815711	0.4543949473033514	0.42857142857142855	0.4843335747718811	11.909090042114258	0.032996733754031844
cov10_n10_g0_s42_hotspots_p80_chr1	10	10	895	783	1653	0	0.5198605209635008	0.4435735515249113	0.3333333333333333	0.47192031145095825	12.134904861450195	0.0331705531785708
cov10_n10_g0_s42_hotspots_p80_chr1	10	10	896	829	1509	0	0.4629783621083886	0.3450527867140751	0.17647058823529413	0.3016015291213989	23.56429100036621	0.032038413273949636
cov10_n10_g0_s42_hotspots_p80_chr1	10	10	897	904	1514	0	0.25806160065032085	0.12798379857500822	0.05263157894736842	0.21564501523971558	14.320819854736328	0.03979626207028019
cov10_n10_g0_s42_hotspots_p80_chr1	10	10	898	917	1784	0	0.5141532945094873	0.4204196986006818	0.25	0.3818613588809967	18.128999710083008	0.03138231459734511
cov10_n10_g0_s42_hotspots_p80_chr1	10	10	899	1064	1614	0	0.48460719474662634	0.3884027153604262	0.3333333333333333	0.3755286633968353	16.653039932250977	0.03258515066888063
cov10_n10_g0_s42_hotspots_p80_chr1	10	10	900	1073	1884	0	0.3120021076305562	0.20072852721976375	0.17647058823529413	0.27964577078819275	12.44797134399414	0.03943431572847905
cov10_n10_g0_s42_hotspots_p80_chr1	10	10	901	1069	2022	0	0.6435719120307267	0.5939446102609539	0.3333333333333333	0.6579533815383911	9.567620277404785	0.03019282380630238
cov10_n10_g0_s42_hotspots_p80_chr1	10	10	902	1573	2716	0	0.49098357901060785	0.3950606268232355	0.25	0.37624096870422363	17.029497146606445	0.03230198293213342
cov10_n10_g0_s42_hotspots_p80_chr1	10	10	903	1575	2673	0	0.45057741446754496	0.353279693214385	0.3333333333333333	0.3696039021015167	14.86160659790039	0.03416260680216267
cov10_n10_g0_s42_hotspots_p80_chr1	10	10	904	974	2209	0	0.26483413306011333	0.11146392398536512	0.05263157894736842	0.19016234576702118	19.395404815673828	0.03767063397472829
cov10_n10_g0_s42_hotspots_p80_chr1	10	10	905	780	2240	0	0.3916727212942364	0.27785765505020554	0.17647058823529413	0.3063032627105713	16.35096549987793	0.03533727127231034
cov10_n10_g0_s42_hotspots_p80_chr1	10	10	906	508	1028	0	0.34287860759160005	0.228930985006593	0.1111111111111111	0.2885139584541321	14.123655319213867	0.03759993482723288
cov10_n10_g0_s42_hotspots_p80_chr1	10	10	907	350	1084	0	0.4463244293790486	0.3460260819451189	0.25	0.3582213819026947	15.523811340332031	0.034053798237390805
cov10_n10_g0_s42_hotspots_p80_chr1	10	10	908	766	1811	0	0.40098032879986756	0.35997256350546686	0.3333333333333333	0.7045162916183472	3.239396572113037	0.05785717768800887
cov10_n10_g0_s42_hotspots_p80_chr1	10	10	909	1070	1994	0	0.47492415208643435	0.3561175271929402	0.25	0.2958676815032959	25.766386032104492	0.03155089531020236
cov10_n10_g0_s42_hotspots_p80_chr1	10	10	910	1187	2107	0	0.4461897490443508	0.3605514137890843	0.3333333333333333	0.4157777726650238	11.516396522521973	0.03599950660958229
cov10_n10_g0_s42_hotspots_p80_chr1	10	10	911	606	1275	0	0.29459808288432116	0.1616394955703988	0.17647058823529413	0.2305833101272583	16.32315444946289	0.03793843824073752
cov10_n10_g0_s42_hotspots_p80_chr1	10	10	912	1052	2757	0	0.41156575238184206	0.30674116943764723	0.3333333333333333	0.3366277515888214	14.947846412658691	0.03527990174091809
cov10_n10_g0_s42_hotspots_p80_chr1	10	10	913	960	2268	0	0.4089410942878683	0.3134360742298746	0.25	0.36628833413124084	12.464515686035156	0.03656673405315177
cov10_n10_g0_s42_hotspots_p80_chr1	10	10	914	642	1290	0	0.4442796434956697	0.3394901317429453	0.3333333333333333	0.34275293350219727	16.801593780517578	0.03372083541547366
cov10_n10_g0_s42_hotspots_p80_chr1	10	10	915	633	1283	0	0.33515933544747367	0.24014829467418622	0.25	0.33505502343177795	10.006227493286133	0.04076253718468146
cov10_n10_g0_s42_hotspots_p80_chr1	10	10	916	270	857	0	0.31003912033994463	0.21133996912335493	0.17647058823529413	0.30967259407043457	10.023686408996582	0.04150740542373405
cov10_n10_g0_s42_hotspots_p80_chr1	10	10	917	552	1421	0	0.3222657559654334	0.17405649502480397	0.1111111111111111	0.22019727528095245	21.419260025024414	0.035820298303957845
cov10_n10_g0_s42_hotspots_p80_chr1	10	10	918	1214	2477	0	0.35688356230210544	0.2639399477095137	0.17647058823529413	0.3532816469669342	10.204950332641602	0.03989601071417657
cov10_n10_g0_s42_hotspots_p80_chr1	10	10	919	656	1231	0	0.2994226840809343	0.1795290722082931	0.17647058823529413	0.25529322028160095	13.755960464477539	0.03899312797892115
cov10_n10_g0_s42_hotspots_p80_chr1	10	10	920	1080	1907	0	0.4052857868131411	0.2761945254202164	0.17647058823529413	0.2735161781311035	21.9561710357666	0.03369755892605746
cov10_n10_g0_s42_hotspots_p80_chr1	10	10	921	1411	2212	0	0.3978357294510444	0.28125504362681414	0.17647058823529413	0.30092954635620117	17.47744369506836	0.03482648000240189
cov10_n10_g0_s42_hotspots_p80_chr1	10	10	922	1499	2489	0	0.25843627664208146	0.10279107215975858	0.05263157894736842	0.18473611772060394	19.5705623626709	0.0377739864133333
cov10_n10_g0_s42_hotspots_p80_chr1	10	10	923	577	1449	0	0.4190544073288877	0.31847471352509577	0.25	0.351959228515625	14.176078796386719	0.035381762319726895
cov10_n10_g0_s42_hotspots_p80_chr1	10	10	924	326	1301	0	0.05989891442613741	-0.015413859727249127	0.1111111111111111	0.10118342936038971	3.5044429302215576	0.06755695460390546
cov10_n10_g0_s42_hotspots_p80_chr1	10	10	925	7	29	1	0.3395810842797296	0.25700628121316593	0.17647058823529413	0.380952388048172	7.945946216583252	0.043252147203790975
cov10_n10_g0_s42_hotspots_p80_chr1	10	10	926	223	1380	0	0.3495030615244317	0.19691755127191543	0.1111111111111111	0.22255027294158936	24.662992477416992	0.034647606387159226
cov10_n10_g0_s42_hotspots_p80_chr1	10	10	927	1196	2739	0	0.4799979769402974	0.35418886655193765	0.25	0.2695590853691101	31.708152770996094	0.031150002826743975
cov10_n10_g0_s42_hotspots_p80_chr1	10	10	928	1624	2459	0	0.42559439300854873	0.3002009195573364	0.25	0.28365668654441833	22.511568069458008	0.03310782907238955
cov10_n10_g0_s42_hotspots_p80_chr1	10	10	929	1159	2224	0	0.4429298878300859	0.31353503955969303	0.1111111111111111	0.27336040139198303	26.254201889038086	0.03229107150290655
cov10_n10_g0_s42_hotspots_p80_chr1	10	10	930	1368	2672	0	0.4389610516397102	0.3113586197471986	0.17647058823529413	0.27816835045814514	24.902135848999023	0.03250452419657088
cov10_n10_g0_s42_hotspots_p80_chr1	10	10	931	1331	2400	0	0.5357302244027117	0.4475562590913659	0.25	0.40279266238212585	17.690053939819336	0.030816068655162787
cov10_n10_g0_s42_hotspots_p80_chr1	10	10	932	805	2098	0	0.3791629766381567	0.2667516491032453	0.17647058823529413	0.30608615279197693	15.344914436340332	0.03604700799313554
cov10_n10_g0_s42_hotspots_p80_chr1	10	10	933	1002	2255	0	0.38374270973315083	0.28692074710610654	0.25	0.3526897132396698	11.838447570800781	0.03773801091864145
cov10_n10_g0_s42_hotspots_p80_chr1	10	10	934	1297	2031	0	0.2853207997898195	0.10994260165342902	0.1111111111111111	0.17775312066078186	25.765134811401367	0.0359272726462249
cov10_n10_g0_s42_hotspots_p80_chr1	10	10	935	821	1992	0	0.4234310692890252	0.33304267965365497	0.17647058823529413	0.3897767663002014	11.801400184631348	0.03653429011177225
cov10_n10_g0_s42_hotspots_p80_chr1	10	10	936	373	1225	0	0.39344041652393225	0.30330545493780053	0.25	0.3800206184387207	10.718737602233887	0.03829008356928031
cov10_n10_g0_s42_hotspots_p80_chr1	10	10	937	718	1463	0	0.35589101959218183	0.27168213108639433	0.25	0.3842817544937134	8.576982498168945	0.04179335771323313
cov10_n10_g0_s42_hotspots_p80_chr1	10	10	938	1143	2061	0	0.4340238177838299	0.35561383961425946	0.3333333333333333	0.4457602798938751	9.480351448059082	0.0381328721540781
cov10_n10_g0_s42_hotspots_p80_chr1	10	10	939	903	2416	0	0.40743826990499665	0.27438436504458674	0.17647058823529413	0.26546889543533325	23.555721282958984	0.033421316925278305
cov10_n10_g0_s42_hotspots_p80_chr1	10	10	940	1271	2595	0	0.43599266494546585	0.34157078160591176	0.25	0.3776530921459198	13.328224182128906	0.035266508798025134
cov10_n10_g0_s42_hotspots_p80_chr1	10	10	941	696	1701	0	0.4131470626158335	0.31455738148622436	0.25	0.3569876551628113	13.39377212524414	0.035927711405356944
cov10_n10_g0_s42_hotspots_p80_chr1	10	10	942	1247	1992	0	0.4080653421823746	0.2735238052807718	0.17647058823529413	0.26250165700912476	24.165470123291016	0.03333185881090578
cov10_n10_g0_s42_hotspots_p80_chr1	10	10	943	815	1388	0	0.36000870324765855	0.25587172895502136	0.17647058823529413	0.3207017183303833	12.601531982421875	0.03794981601382858
cov10_n10_g0_s42_hotspots_p80_chr1	10	10	944	1194	2007	0	0.2656914999683484	0.1139326471306525	0.1111111111111111	0.1923113316297531	19.08734703063965	0.03773732605378455
cov10_n10_g0_s42_hotspots_p80_chr1	10	10	945	1114	1696	0	0.2789818666560201	0.160106221062318	0.1111111111111111	0.24595139920711517	12.866289138793945	0.04008307074838829
cov10_n10_g0_s42_hotspots_p80_chr1	10	10	946	1372	1920	0	0.1973848414589608	0.0821210459700753	0.25	0.19647887349128723	10.09243392944336	0.0446917723627044
cov10_n10_g0_s42_hotspots_p80_chr1	10	10	947	811	1999	0	0.37002190200107726	0.24530912170330224	0.25	0.275018572807312	18.10218048095703	0.03539743182219698
cov10_n10_g0_s42_hotspots_p80_chr1	10	10	948	265	1252	0	0.4240656870578485	0.3212268020621381	0.3333333333333333	0.3457767963409424	15.040925025939941	0.03488013511993957
cov10_n10_g0_s42_hotspots_p80_chr1	10	10	949	653	1651	0	0.21352781538912471	0.11181464366225467	0.17647058823529413	0.23294678330421448	8.402247428894043	0.04642553451377644
cov10_n10_g0_s42_hotspots_p80_chr1	10	10	950	1502	2000	0	0.32381034131269026	0.21085258633868992	0.17647058823529413	0.28192782402038574	13.19184684753418	0.038635934480018716
cov10_n10_g0_s42_hotspots_p80_chr1	10	10	951	1266	1818	0	0.40458530562709216	0.2970641273376396	0.25	0.32684260606765747	15.322964668273926	0.03533641749870541
cov10_n10_g0_s42_hotspots_p80_chr1	10	10	952	1492	2237	0	0.3961787070301983	0.2455056606388593	0.17647058823529413	0.23274928331375122	28.973804473876953	0.03315947820490517
cov10_n10_g0_s42_hotspots_p80_chr1	10	10	953	906	2410	0	0.40281732474462567	0.30496223599580413	0.25	0.3562561869621277	12.784728050231934	0.03656622228684483
cov10_n10_g0_s42_hotspots_p80_chr1	10	10	954	757	2009	0	0.16805337512687638	0.10283378018386218	0.25	0.2839074432849884	3.5038139820098877	0.06409190847978896
cov10_n10_g0_s42_hotspots_p80_chr1	10	10	955	532	1860	0	0.5474352458277454	0.47997043439215986	0.25	0.5270626544952393	10.788002014160156	0.03303086505328425
cov10_n10_g0_s42_hotspots_p80_chr1	10	10	956	860	2504	0	0.47852549504554587	0.4328812603009823	0.25	0.6982166171073914	4.697100639343262	0.046536811739899174
cov10_n10_g0_s42_hotspots_p80_chr1	10	10	957	630	1364	0	0.25414583237098826	0.13560976177403278	0.1111111111111111	0.23147663474082947	12.054569244384766	0.0413310977464823
cov10_n10_g0_s42_hotspots_p80_chr1	10	10	958	1059	1451	0	0.3729195472042664	0.25593518806279913	0.17647058823529413	0.2929244637489319	16.207612991333008	0.03590169019352214
cov10_n10_g0_s42_hotspots_p80_chr1	10	10	959	1056	2050	0	0.24738682584574792	0.13841287849127018	0.1111111111111111	0.2444879710674286	10.238543510437012	0.043123739541960165
cov10_n10_g0_s42_hotspots_p80_chr1	10	10	960	1195	2065	0	0.44730909763173243	0.33308627513135475	0.25	0.3137456476688385	20.32638168334961	0.0328724848254911
cov10_n10_g0_s42_hotspots_p80_chr1	10	10	961	568	1903	0	0.320716727427276	0.2227436574748187	0.17647058823529413	0.3180418014526367	10.16891860961914	0.041038169680305964
cov10_n10_g0_s42_hotspots_p80_chr1	10	10	962	1486	2243	0	0.2871689015948932	0.1378788229909928	0.1111111111111111	0.20496895909309387	19.6290225982666	0.037072763442097124
cov10_n10_g0_s42_hotspots_p80_chr1	10	10	963	1107	1782	0	0.4917498802353826	0.40076993947248607	0.17647058823529413	0.3975749611854553	15.298553466796875	0.03275871279500684
cov10_n10_g0_s42_hotspots_p80_chr1	10	10	964	1173	1828	0	0.3680369538943124	0.263547459556207	0.1111111111111111	0.32309526205062866	12.975425720214844	0.03749161703365141
cov10_n10_g0_s42_hotspots_p80_chr1	10	10	965	343	748	0	0.373918326303149	0.2643853340824356	0.17647058823529413	0.3116920292377472	14.39136791229248	0.03659707701129849
cov10_n10_g0_s42_hotspots_p80_chr1	10	10	966	646	1350	0	0.46325013737910553	0.3691618109197003	0.17647058823529413	0.3834392726421356	14.596134185791016	0.033879090760964604
cov10_n10_g0_s42_hotspots_p80_chr1	10	10	967	843	1955	0	0.38781072303257114	0.3124126142839215	0.17647058823529413	0.44025716185569763	7.759375095367432	0.04195606690944786
cov10_n10_g0_s42_hotspots_p80_chr1	10	10	968	1000	2099	0	0.42197535407641196	0.31065931608281167	0.17647058823529413	0.3197912871837616	17.41168785095215	0.03418230932035404
cov10_n10_g0_s42_hotspots_p80_chr1	10	10	969	1161	2316	0	0.15462310089089232	0.025121603494258755	0.05263157894736842	0.14549100399017334	11.294745445251465	0.04464282459725713
cov10_n10_g0_s42_hotspots_p80_chr1	10	10	970	475	1092	0	0.3796153393833399	0.27448372043204283	0.25	0.3257647454738617	13.579360961914062	0.036825299604067524
cov10_n10_g0_s42_hotspots_p80_chr1	10	10	971	686	1899	0	0.2689884695325903	0.18783862839601034	0.17647058823529413	0.33444663882255554	6.468649864196777	0.048438420899932784
cov10_n10_g0_s42_hotspots_p80_chr1	10	10	972	461	1536	0	0.34890630099568426	0.2263199695367506	0.1111111111111111	0.2722838819026947	16.42002296447754	0.03647678675752298
cov10_n10_g0_s42_hotspots_p80_chr1	10	10	973	613	1788	0	0.3014956669328241	0.21167607208836384	0.25	0.33034977316856384	8.329408645629883	0.04387291222117059
cov10_n10_g0_s42_hotspots_p80_chr1	10	10	974	779	1392	0	0.48250071136622535	0.3874785926838523	0.25	0.3804662525653839	16.08287239074707	0.032803332943036494
cov10_n10_g0_s42_hotspots_p80_chr1	10	10	975	776	1322	0	0.39891010416419004	0.26664059222071285	0.17647058823529413	0.2660556137561798	22.48046112060547	0.03377720198883697
cov10_n10_g0_s42_hotspots_p80_chr1	10	10	976	1072	1830	0	0.5759371250691255	0.5083895489591892	0.3333333333333333	0.5207660794258118	12.231075286865234	0.031145973697108354
cov10_n10_g0_s42_hotspots_p80_chr1	10	10	977	948	1901	0	0.47886537194608275	0.3706674032211698	0.25	0.330619752407074	20.97825050354004	0.03192656931961053
cov10_n10_g0_s42_hotspots_p80_chr1	10	10	978	1103	2450	0	0.378469129560148	0.2709301214883789	0.1111111111111111	0.3186534643173218	14.106644630432129	0.03659881922894058
cov10_n10_g0_s42_hotspots_p80_chr1	10	10	979	776	1534	0	0.2904357403483497	0.17204318754883632	0.17647058823529413	0.2533113360404968	13.145915985107422	0.03959276811764018
cov10_n10_g0_s42_hotspots_p80_chr1	10	10	980	882	1944	0	0.37301808595061064	0.26543167365950293	0.25	0.31653183698654175	13.887530326843262	0.03686134219069753
cov10_n10_g0_s42_hotspots_p80_chr1	10	10	981	1175	2384	0	0.2481103984616725	0.13653285476635635	0.1111111111111111	0.23998285830020905	10.688813209533691	0.04265547785083233
cov10_n10_g0_s42_hotspots_p80_chr1	10	10	982	917	1825	0	0.2455265067121484	0.11127644699572725	0.1111111111111111	0.20261453092098236	14.684381484985352	0.039933798425065836
cov10_n10_g0_s42_hotspots_p80_chr1	10	10	983	941	1419	0	0.16480315017687905	-0.015483995974286267	0.05263157894736842	0.1161675825715065	20.12617301940918	0.039757551272210694
cov10_n10_g0_s42_hotspots_p80_chr1	10	10	984	989	1866	0	0.4484995644389125	0.3568695477994397	0.17647058823529413	0.39109310507774353	13.15114688873291	0.03496790730112124
cov10_n10_g0_s42_hotspots_p80_chr1	10	10	985	1231	1925	0	0.39489268346096934	0.27088821872076685	0.1111111111111111	0.28283584117889404	19.49347686767578	0.034411488466420816
cov10_n10_g0_s42_hotspots_p80_chr1	10	10	986	816	1359	0	0.38461904370316274	0.2452383182658647	0.17647058823529413	0.25041770935058594	23.590190887451172	0.03396817506852354
cov10_n10_g0_s42_hotspots_p80_chr1	10	10	987	753	1252	0	0.38971308273936206	0.2616641961329537	0.17647058823529413	0.2730775773525238	20.366573333740234	0.034366507770758746
cov10_n10_g0_s42_hotspots_p80_chr1	10	10	988	924	2092	0	0.5579066133642862	0.49447988957642314	0.25	0.5558203458786011	10.075210571289062	0.03318309873669679
cov10_n10_g0_s42_hotspots_p80_chr1	10	10	989	702	1816	0	0.33426153054163515	0.1610663639877008	0.1111111111111111	0.19479922950267792	29.44410514831543	0.034460631864081194
cov10_n10_g0_s42_hotspots_p80_chr1	10	10	990	1018	2028	0	0.42547163115425074	0.33338555330527	0.25	0.38381221890449524	12.288633346557617	0.03616171461297892
cov10_n10_g0_s42_hotspots_p80_chr1	10	10	991	1025	2328	0	0.26269167897341417	0.13398982265223935	0.1111111111111111	0.22032634913921356	14.21541976928711	0.039730478371081006
cov10_n10_g0_s42_hotspots_p80_chr1	10	10	992	752	1267	0	0.32565016720058637	0.1800531344402302	0.05263157894736842	0.22494742274284363	20.957550048828125	0.03583399446517421
cov10_n10_g0_s42_hotspots_p80_chr1	10	10	993	708	1123	0	0.32385262934845765	0.1645741682248273	0.17647058823529413	0.2069416046142578	24.490585327148438	0.03525685969720307
cov10_n10_g0_s42_hotspots_p80_chr1	10	10	994	1009	1673	0	0.46654704074596776	0.35974855197419553	0.17647058823529413	0.3368021249771118	19.18851089477539	0.03254882853710141
cov10_n10_g0_s42_hotspots_p80_chr1	10	10	995	798	1770	0	0.5152656199699291	0.41942487284009955	0.3333333333333333	0.3716903626918793	19.21762466430664	0.031164381289646857
cov10_n10_g0_s42_hotspots_p80_chr1	10	10	996	1135	1774	0	0.35117336392886217	0.22272214553339073	0.17647058823529413	0.2616114020347595	18.018962860107422	0.03591218516382255
cov10_n10_g0_s42_hotspots_p80_chr1	10	10	997	903	1786	0	0.4401391672912979	0.35403010909332394	0.25	0.4121643304824829	11.40352725982666	0.03627314611920428
cov10_n10_g0_s42_hotspots_p80_chr1	10	10	998	1023	1604	0	0.5457715675545206	0.4521017698316757	0.25	0.3658512234687805	22.254241943359375	0.029951002683689564
cov10_n10_g0_s42_hotspots_p80_chr1	10	10	999	965	1644	0	0.12001276596326499	0.021688379587948562	0.17647058823529413	0.14917592704296112	6.472282886505127	0.052994081589924365
cov10_n10_g0_s42_hotspots_p80_chr1	10	10	1000	777	1892	0	0.06989732077751291	-0.04998269858967626	0.05263157894736842	0.07654241472482681	8.339052200317383	0.050572871656534936
cov10_n10_g0_s42_hotspots_p80_chr1	10	10	1001	725	1487	0	0.33972604633149717	0.16096093870357484	0.17647058823529413	0.19057540595531464	31.77781105041504	0.03416017692118674
cov10_n10_g0_s42_hotspots_p80_chr1	10	10	1002	1097	1526	0	0.40396874140769734	0.251924882810209	0.17647058823529413	0.2306486964225769	30.675630569458008	0.03287655497156693
cov10_n10_g0_s42_hotspots_p80_chr1	10	10	1003	1038	1960	0	0.4430188265064251	0.34670502844729484	0.25	0.3720386028289795	14.179742813110352	0.03466183552359679
cov10_n10_g0_s42_hotspots_p80_chr1	10	10	1004	837	1603	0	0.3176963569635713	0.19178873319111836	0.17647058823529413	0.25304412841796875	15.762748718261719	0.037555273805842344
cov10_n10_g0_s42_hotspots_p80_chr1	10	10	1005	1290	2159	0	0.2930604201023875	0.10879501712045797	0.1111111111111111	0.17319358885288239	28.631942749023438	0.035406093065041534
cov10_n10_g0_s42_hotspots_p80_chr1	10	10	1006	944	1613	0	0.43018198567850624	0.32936126896148143	0.17647058823529413	0.35369452834129333	14.792709350585938	0.0347961854983021
cov10_n10_g0_s42_hotspots_p80_chr1	10	10	1007	1185	2018	0	0.2868485262005996	0.12827631916532525	0.17647058823529413	0.1943538933992386	21.78305435180664	0.036578077920305596
cov10_n10_g0_s42_hotspots_p80_chr1	10	10	1008	1036	1645	0	0.39516865797901873	0.24682400244688096	0.17647058823529413	0.23646195232868195	27.92816925048828	0.03326292102204563
cov10_n10_g0_s42_hotspots_p80_chr1	10	10	1009	669	1620	0	0.4502138824712154	0.35928143271431545	0.25	0.3942399322986603	13.041167259216309	0.03497003277319222
cov10_n10_g0_s42_hotspots_p80_chr1	10	10	1010	1058	1842	0	0.3956832628173827	0.26689485407674346	0.17647058823529413	0.2726808488368988	21.056493759155273	0.0340872255268771
cov10_n10_g0_s42_hotspots_p80_chr1	10	10	1011	879	1982	0	0.3529392108213885	0.23991288439188543	0.17647058823529413	0.29489865899086	14.3236665725708	0.037221430541748486
cov10_n10_g0_s42_hotspots_p80_chr1	10	10	1012	1162	2055	0	0.47444595133533557	0.36448304108572	0.17647058823529413	0.3252309560775757	21.280887603759766	0.032004751374942395
cov10_n10_g0_s42_hotspots_p80_chr1	10	10	1013	826	1641	0	0.4258329413648502	0.34644388211985594	0.17647058823529413	0.4380926191806793	9.44814682006836	0.03844189482747174
cov10_n10_g0_s42_hotspots_p80_chr1	10	10	1014	1120	2200	0	0.5048664438122141	0.4305430137909442	0.3333333333333333	0.48312050104141235	10.920487403869629	0.03445048978968738
cov10_n10_g0_s42_hotspots_p80_chr1	10	10	1015	1176	1868	0	0.40358960309470765	0.31299776028061765	0.25	0.382281631231308	11.145846366882324	0.03762698348573056
cov10_n10_g0_s42_hotspots_p80_chr1	10	10	1016	995	1595	0	0.17587280969679628	0.0461465263929049	0.1111111111111111	0.16161265969276428	11.842588424682617	0.04360597335209291
cov10_n10_g0_s42_hotspots_p80_chr1	10	10	1017	1086	2189	0	0.33730296260475534	0.18835127795326645	0.17647058823529413	0.2241148203611374	22.651613235473633	0.03523563552155943
cov10_n10_g0_s42_hotspots_p80_chr1	10	10	1018	950	1416	0	0.3239518371529125	0.1956238069552208	0.17647058823529413	0.2514375150203705	16.599720001220703	0.037073319749727295
cov10_n10_g0_s42_hotspots_p80_chr1	10	10	1019	454	642	0	0.45430785326617656	0.35845484211112766	0.25	0.37552589178085327	14.635941505432129	0.03413571574625664
cov10_n10_g0_s42_hotspots_p80_chr1	10	10	1020	609	660	0	0.3654027337288989	0.1353355865763913	0.17647058823529413	0.15411077439785004	56.218284606933594	0.03297075424939706
cov10_n10_g0_s42_hotspots_p80_chr1	10	10	1021	1094	1527	0	0.29544808122087546	0.18032410955147932	0.3333333333333333	0.2624743580818176	12.6703462600708	0.03975386173120807
cov10_n10_g0_s42_hotspots_p80_chr1	10	10	1022	1397	1684	0	0.36209472342174703	0.23583199464772625	0.1111111111111111	0.26943933963775635	18.060192108154297	0.035616451731119686
cov10_n10_g0_s42_hotspots_p80_chr1	10	10	1023	971	1430	0	0.5407244574755347	0.47507125862014593	0.25	0.5404186844825745	10.011320114135742	0.03387535928639602
cov10_n10_g0_s42_hotspots_p80_chr1	10	10	1024	907	1281	0	0.35673057540532027	0.22724861881088773	0.17647058823529413	0.2615090608596802	18.608322143554688	0.03560856473485236
cov10_n10_g0_s42_hotspots_p80_chr1	10	10	1025	1231	1998	0	0.512025835936296	0.45034069165897245	0.25	0.5675231218338013	8.13985538482666	0.036970882696453045
cov10_n10_g0_s42_hotspots_p80_chr1	10	10	1026	850	1479	0	0.39368421535981074	0.29448804481746954	0.25	0.34874778985977173	12.743042945861816	0.036865403385294544
cov10_n10_g0_s42_hotspots_p80_chr1	10	10	1027	1231	1847	0	0.39385654654629526	0.27260142206142607	0.25	0.2888307273387909	18.594711303710938	0.03464328829320642
cov10_n10_g0_s42_hotspots_p80_chr1	10	10	1028	887	1602	0	0.33562125847890273	0.22244980188477786	0.17647058823529413	0.2870541214942932	13.670092582702637	0.03803642603442521
cov10_n10_g0_s42_hotspots_p80_chr1	10	10	1029	1131	2097	0	0.39633748966484916	0.2551067098655524	0.1111111111111111	0.24873246252536774	25.39015769958496	0.033473655279697395
cov10_n10_g0_s42_hotspots_p80_chr1	10	10	1030	672	1041	0	0.301518071335859	0.21105621489342188	0.1111111111111111	0.32834210991859436	8.432832717895508	0.043720088340659824
cov10_n10_g0_s42_hotspots_p80_chr1	10	10	1031	949	1933	0	0.34414386419093235	0.27329907548265914	0.17647058823529413	0.4360707104206085	6.22825288772583	0.0465489715138179
cov10_n10_g0_s42_hotspots_p80_chr1	10	10	1032	579	1784	0	0.3197748008603287	0.19006133802326244	0.17647058823529413	0.2472541332244873	16.726354598999023	0.037137424153130025
cov10_n10_g0_s42_hotspots_p80_chr1	10	10	1033	838	1308	0	0.5180350954232804	0.42791971722476657	0.25	0.3982633352279663	16.919118881225586	0.0315142962927115
cov10_n10_g0_s42_hotspots_p80_chr1	10	10	1034	718	1401	0	0.3591288607848043	0.26926829279689174	0.1111111111111111	0.36502689123153687	9.679457664489746	0.04035873609942394
cov10_n10_g0_s42_hotspots_p80_chr1	10	10	1035	1344	2346	0	0.20395167027463224	0.06216456372053007	0.05263157894736842	0.16838395595550537	14.670775413513184	0.04100090454566875
cov10_n10_g0_s42_hotspots_p80_chr1	10	10	1036	930	1956	0	0.3267889934535533	0.18965138338204957	0.1111111111111111	0.23788583278656006	18.871118545532227	0.03629976970202841
cov10_n10_g0_s42_hotspots_p80_chr1	10	10	1037	925	2075	0	0.40102670284602887	0.2707338833750152	0.25	0.27040207386016846	21.995128631591797	0.03379796513029864
cov10_n10_g0_s42_hotspots_p80_chr1	10	10	1038	509	1797	0	0.43983709375870067	0.3747402172678724	0.25	0.5227859616279602	7.078413963317871	0.04133966087854734
cov10_n10_g0_s42_hotspots_p80_chr1	10	10	1039	693	1578	0	0.2686199951290192	0.13596909401370158	0.05263157894736842	0.2178094983100891	15.209783554077148	0.03908088720859663
cov10_n10_g0_s42_hotspots_p80_chr1	10	10	1040	977	1783	0	0.4726995612890667	0.3779395994381726	0.17647058823529413	0.38142630457878113	15.35851001739502	0.033321393613317055
cov10_n10_g0_s42_hotspots_p80_chr1	10	10	1041	753	1386	0	0.2584299477865732	0.11099651324368631	0.05263157894736842	0.1935526728630066	17.827373504638672	0.03830518637192339
cov10_n10_g0_s42_hotspots_p80_chr1	10	10	1042	696	1743	0	0.3182162910120746	0.21240675787876825	0.17647058823529413	0.29583489894866943	11.570335388183594	0.03988435423027149
cov10_n10_g0_s42_hotspots_p80_chr1	10	10	1043	107	378	1	0.3133842798112402	0.2576685189188287	0.17647058823529413	0.4999723434448242	3.9288227558135986	0.056406416937616756
cov10_n10_g0_s42_hotspots_p80_chr1	10	10	1044	403	1256	0	0.33816968433828726	0.19503944250850422	0.17647058823529413	0.23270970582962036	21.11739158630371	0.035498659415235535
cov10_n10_g0_s42_hotspots_p80_chr1	10	10	1045	666	1304	0	0.2507641686316274	0.11141944387734318	0.17647058823529413	0.19908775389194489	15.86506175994873	0.03924506752819024
cov10_n10_g0_s42_hotspots_p80_chr1	10	10	1046	1015	1803	0	0.27966476490555486	0.1458001243352055	0.1111111111111111	0.22184893488883972	15.89134693145752	0.03849635329945189
cov10_n10_g0_s42_hotspots_p80_chr1	10	10	1047	1426	2578	0	0.38033112203303643	0.26333690896066186	0.17647058823529413	0.2952181100845337	16.597312927246094	0.035568086124553915
cov10_n10_g0_s42_hotspots_p80_chr1	10	10	1048	1326	1932	0	0.3180482767376866	0.1366708799669433	0.1111111111111111	0.1830698400735855	30.182310104370117	0.034734353276705904
cov10_n10_g0_s42_hotspots_p80_chr1	10	10	1049	1097	1672	0	0.23213851237658226	0.08171595590282274	0.1111111111111111	0.17642368376255035	17.313331604003906	0.03912707225251035
cov10_n10_g0_s42_hotspots_p80_chr1	10	10	1050	1060	1975	0	0.41685646225936096	0.2600107769877416	0.1111111111111111	0.22138743102550507	35.45415496826172	0.03238980371606792
cov10_n10_g0_s42_hotspots_p80_chr1	10	10	1051	1200	2065	0	0.4455016693279572	0.3245116505456222	0.25	0.29477253556251526	22.84149932861328	0.03256252724023669
cov10_n10_g0_s42_hotspots_p80_chr1	10	10	1052	1242	1996	0	0.43172426063470004	0.3110945285378676	0.25	0.29574012756347656	21.310436248779297	0.03312426094730724
cov10_n10_g0_s42_hotspots_p80_chr1	10	10	1053	1140	1919	0	0.3679196589653213	0.28259065123699834	0.25	0.3864547610282898	9.063764572143555	0.04077966349717896
cov10_n10_g0_s42_hotspots_p80_chr1	10	10	1054	941	1582	0	0.42099615837949755	0.29798693555310124	0.17647058823529413	0.2890733778476715	21.209972381591797	0.033416493048901756
cov10_n10_g0_s42_hotspots_p80_chr1	10	10	1055	1054	1743	0	0.27585421612169797	0.11954303983157252	0.17647058823529413	0.1920783668756485	20.625396728515625	0.03709249273822191
cov10_n10_g0_s42_hotspots_p80_chr1	10	10	1056	803	1427	0	0.4928786371031244	0.41231076643770403	0.3333333333333333	0.44771233201026917	12.119420051574707	0.034089905409201884
cov10_n10_g0_s42_hotspots_p80_chr1	10	10	1057	942	1641	0	0.4737772205671621	0.3793397577319554	0.25	0.38277751207351685	15.319890022277832	0.033301488132396674
cov10_n10_g0_s42_hotspots_p80_chr1	10	10	1058	991	2184	0	0.3126682774627953	0.17085458241523327	0.17647058823529413	0.22541244328022003	19.24030303955078	0.03655334268970452
cov10_n10_g0_s42_hotspots_p80_chr1	10	10	1059	918	1758	0	0.39651236346184526	0.3197625442436245	0.25	0.43812763690948486	8.190533638000488	0.04099796510915412
cov10_n10_g0_s42_hotspots_p80_chr1	10	10	1060	789	1882	0	0.30378833281092543	0.19109037535837498	0.1111111111111111	0.2721073031425476	12.464128494262695	0.039656144302863267
cov10_n10_g0_s42_hotspots_p80_chr1	10	10	1061	954	1808	0	0.5252599645827032	0.4310987606866454	0.3333333333333333	0.37599390745162964	19.51582908630371	0.030830520346024085
cov10_n10_g0_s42_hotspots_p80_chr1	10	10	1062	1108	1938	0	0.34089997452801146	0.23485528196378375	0.05263157894736842	0.3068546652793884	12.342085838317871	0.038673739855546445
cov10_n10_g0_s42_hotspots_p80_chr1	10	10	1063	358	1202	0	0.28751810638761444	0.11586014668942204	0.05263157894736842	0.18182608485221863	25.00448989868164	0.03599090137942573
cov10_n10_g0_s42_hotspots_p80_chr1	10	10	1064	878	2199	0	0.3649673299835322	0.22246818667670054	0.1111111111111111	0.24118244647979736	22.899002075195312	0.03453866244850775
cov10_n10_g0_s42_hotspots_p80_chr1	10	10	1065	765	1671	0	0.3410031827978987	0.18130280815519173	0.17647058823529413	0.2113056778907776	26.043216705322266	0.03466565012078035
cov10_n10_g0_s42_hotspots_p80_chr1	10	10	1066	973	2164	0	0.17016177251125084	0.029394469267086148	0.1111111111111111	0.1466025710105896	13.472271919250488	0.042559665610612356
cov10_n10_g0_s42_hotspots_p80_chr1	10	10	1067	1027	2185	0	0.28784238023288466	0.10034533712222377	0.1111111111111111	0.16899681091308594	29.010316848754883	0.035473781279749796
cov10_n10_g0_s42_hotspots_p80_chr1	10	10	1068	816	1298	0	0.38961509676129125	0.2824700358731284	0.17647058823529413	0.3235235810279846	14.503063201904297	0.036098171967154036
cov10_n10_g0_s42_hotspots_p80_chr1	10	10	1069	1126	1957	0	0.455931359553835	0.34689153301203357	0.25	0.3296494483947754	19.129087448120117	0.03285318238578614
cov10_n10_g0_s42_hotspots_p80_chr1	10	10	1070	360	506	0	0.36514837344412127	0.09759000728283682	0.05263157894736842	0.1333332657814026	75.00006866455078	0.03291402943027012
cov10_n10_g0_s42_hotspots_p80_chr1	10	10	1071	419	771	0	0.3276021911082797	0.22924744920075263	0.17647058823529413	0.32088151574134827	10.423272132873535	0.04058368635197039
cov10_n10_g0_s42_hotspots_p80_chr1	10	10	1072	1030	2082	0	0.5381840925729237	0.4663241551797416	0.25	0.49809733033180237	11.674365043640137	0.03279449131916995
cov10_n10_g0_s42_hotspots_p80_chr1	10	10	1073	830	1542	0	0.4620341708197417	0.34160146183316203	0.25	0.29431793093681335	24.64419937133789	0.03195972319906429
cov10_n10_g0_s42_hotspots_p80_chr1	10	10	1075	876	1765	0	0.4185241021703693	0.32201673860890195	0.3333333333333333	0.3656656742095947	13.100034713745117	0.035917011239516024
cov10_n10_g0_s42_hotspots_p80_chr1	10	10	1076	954	2104	0	0.28093784074064126	0.09684281108108021	0.1111111111111111	0.16914735734462738	27.58608055114746	0.03578070240824635
cov10_n10_g0_s42_hotspots_p80_chr1	10	10	1077	717	1816	0	0.31404919764983535	0.2374761268170472	0.1111111111111111	0.3878823518753052	6.555340766906738	0.04676682773787861
cov10_n10_g0_s42_hotspots_p80_chr1	10	10	1078	441	1074	0	0.2772003724575981	0.13608816318695577	0.17647058823529413	0.21060724556446075	17.323711395263672	0.03801363209559128
cov10_n10_g0_s42_hotspots_p80_chr1	10	10	1079	740	1473	0	0.31915804178880897	0.20157193613512275	0.17647058823529413	0.26975223422050476	13.99849796295166	0.038321956237653325
cov10_n10_g0_s42_hotspots_p80_chr1	10	10	1080	1051	1968	0	0.20725359058819248	0.007536321208198303	0.05263157894736842	0.12859448790550232	25.975234985351562	0.03754652324377098
cov10_n10_g0_s42_hotspots_p80_chr1	10	10	1081	990	2067	0	0.3087631958497827	0.06707418847771489	0.1111111111111111	0.14412058889865875	45.898555755615234	0.034088682178743515
cov10_n10_g0_s42_hotspots_p80_chr1	10	10	1082	986	1746	0	0.2890374981664485	0.18016909442909054	0.1111111111111111	0.27194562554359436	11.296507835388184	0.04094719338236681
cov10_n10_g0_s42_hotspots_p80_chr1	10	10	1083	741	1302	0	0.3144210808904955	0.12240034900655523	0.1111111111111111	0.17351430654525757	32.83618927001953	0.03459612408797815
cov10_n10_g0_s42_hotspots_p80_chr1	10	10	1084	986	1957	0	0.6086868381537891	0.5499157297701213	0.5384615384615384	0.5818525552749634	10.943642616271973	0.03061999744249529
cov10_n10_g0_s42_hotspots_p80_chr1	10	10	1085	1172	2226	0	0.39608946997465616	0.2531639889221908	0.17647058823529413	0.2457101047039032	25.98606300354004	0.03341783669829888
cov10_n10_g0_s42_hotspots_p80_chr1	10	10	1086	1273	2308	0	0.4659809986302576	0.36694271382884347	0.25	0.3645094037055969	16.342517852783203	0.033220513962420935
cov10_n10_g0_s42_hotspots_p80_chr1	10	10	1087	907	1694	0	0.18980348859161922	0.10565905971863429	0.17647058823529413	0.2508775293827057	5.723806381225586	0.052977990556961854
cov10_n10_g0_s42_hotspots_p80_chr1	10	10	1088	1200	2095	0	0.3837098401828787	0.25136941360595044	0.1111111111111111	0.2632410228252411	21.247053146362305	0.03435424737441435
cov10_n10_g0_s42_hotspots_p80_chr1	10	10	1089	720	1750	0	0.295392995531571	0.17581314765774517	0.17647058823529413	0.2537587583065033	13.550594329833984	0.03921825987509352
cov10_n10_g0_s42_hotspots_p80_chr1	10	10	1090	502	1701	0	0.20494208126613897	-0.0034132861565777345	0.05263157894736842	0.12344302237033844	27.563173294067383	0.03734830835822739
cov10_n10_g0_s42_hotspots_p80_chr1	10	10	1091	1208	2854	0	0.5759294136304095	0.4893230894665739	0.3333333333333333	0.37978464365005493	22.99660873413086	0.029053345296430763
cov10_n10_g0_s42_hotspots_p80_chr1	10	10	1092	6	38	1	0.22360680157584636	0.18156825980064087	0.05263157894736842	0.5	2.0	0.07905694150420949
cov10_n10_g0_s42_hotspots_p80_chr1	10	10	1093	1159	2581	0	0.3710144125579841	0.30901729794676325	0.1111111111111111	0.5047069191932678	5.403848171234131	0.04797290120584483
cov10_n10_g0_s42_hotspots_p80_chr1	10	10	1094	766	1783	0	0.26089055562351776	0.15708659008311018	0.17647058823529413	0.2648056149482727	9.70649242401123	0.04331032034570057
cov10_n10_g0_s42_hotspots_p80_chr1	10	10	1095	842	1528	0	0.3221924409932345	0.2147365790651093	0.25	0.29392004013061523	12.01634407043457	0.039439191528611875
cov10_n10_g0_s42_hotspots_p80_chr1	10	10	1096	1097	2770	0	0.43571062105937924	0.3579379050209327	0.25	0.44949448108673096	9.396097183227539	0.038165472975410085
cov10_n10_g0_s42_hotspots_p80_chr1	10	10	1097	1100	2400	0	0.29865991916917656	0.16068912226154405	0.05263157894736842	0.2249872386455536	17.62130355834961	0.037375131424528626
cov10_n10_g0_s42_hotspots_p80_chr1	10	10	1098	887	1549	0	0.21609822684490795	0.04983040104476496	0.1111111111111111	0.15378883481025696	19.744802474975586	0.038711831840096474
cov10_n10_g0_s42_hotspots_p80_chr1	10	10	1099	1048	1695	0	0.44306742524029397	0.3168712258556409	0.17647058823529413	0.2813350260257721	24.80230140686035	0.03241369908988985
cov10_n10_g0_s42_hotspots_p80_chr1	10	10	1100	865	1498	0	0.3738204289259771	0.2572858518906121	0.25	0.2942715883255005	16.13724708557129	0.0359016233588028
cov10_n10_g0_s42_hotspots_p80_chr1	10	10	1101	910	2250	0	0.21445265692411616	0.09651458212077729	0.17647058823529413	0.2053327113389969	10.908035278320312	0.043389082100697834
cov10_n10_g0_s42_hotspots_p80_chr1	10	10	1102	737	2232	0	0.40473422462109315	0.28892076603834443	0.17647058823529413	0.3044140636920929	17.677074432373047	0.034584611862398584
cov10_n10_g0_s42_hotspots_p80_chr1	10	10	1103	432	1866	0	0.4169756050718955	0.2964747956986119	0.25	0.29476436972618103	20.011117935180664	0.033730429275925664
cov10_n10_g0_s42_hotspots_p80_chr1	10	10	1106	509	1133	0	0.28351806419992626	0.14681266749758662	0.17647058823529413	0.21969224512577057	16.654518127441406	0.038096148942815385
cov10_n10_g0_s42_hotspots_p80_chr1	10	10	1107	776	2449	0	0.44406632082511976	0.3512868681171951	0.17647058823529413	0.3856666386127472	13.257802963256836	0.035052452209644536
cov10_n10_g0_s42_hotspots_p80_chr1	10	10	1108	1373	2893	0	0.34498154209885706	0.2438511149277792	0.17647058823529413	0.3221452534198761	11.468015670776367	0.03917429055596834
cov10_n10_g0_s42_hotspots_p80_chr1	10	10	1109	1193	2683	0	0.2834762863940912	0.15180814746849083	0.1111111111111111	0.2270655632019043	15.585864067077637	0.03852719627311239
cov10_n10_g0_s42_hotspots_p80_chr1	10	10	1110	1114	2146	0	0.37413808339067933	0.2738004947228764	0.25	0.33770233392715454	12.274272918701172	0.03773770650002424
cov10_n10_g0_s42_hotspots_p80_chr1	10	10	1111	652	2003	0	0.398695367722286	0.2261245277655475	0.1111111111111111	0.20107153058052063	39.317073822021484	0.03263815534700508
cov10_n10_g0_s42_hotspots_p80_chr1	10	10	1112	700	1429	0	0.18217199639022136	0.0674826559555707	0.1111111111111111	0.18514873087406158	9.681034088134766	0.04558851241107063
cov10_n10_g0_s42_hotspots_p80_chr1	10	10	1113	1494	2566	0	0.3978039799933679	0.2900118406997669	0.17647058823529413	0.32419726252555847	15.056344032287598	0.035633154019291596
cov10_n10_g0_s42_hotspots_p80_chr1	10	10	1114	1237	2754	0	0.48330784670375276	0.4063415539381492	0.25	0.4657314717769623	10.769028663635254	0.035304497233642915
cov10_n10_g0_s42_hotspots_p80_chr1	10	10	1115	949	2613	0	0.2986358213188929	0.18154721815979016	0.17647058823529413	0.26029467582702637	13.162952423095703	0.039356046210205615
cov10_n10_g0_s42_hotspots_p80_chr1	10	10	1116	901	2396	0	0.37707473195418195	0.21612248204769677	0.1111111111111111	0.21636486053466797	30.372568130493164	0.033476013478951176
cov10_n10_g0_s42_hotspots_p80_chr1	10	10	1117	886	2249	0	0.32858668943008446	0.25430154884781114	0.17647058823529413	0.408577024936676	6.467731952667236	0.04648901723160633
cov10_n10_g0_s42_hotspots_p80_chr1	10	10	1118	535	1956	0	0.31601882524381464	0.18858495770367228	0.1111111111111111	0.24957512319087982	16.033315658569336	0.03749251723255438
cov10_n10_g0_s42_hotspots_p80_chr1	10	10	1119	637	1698	0	0.35448608309045315	0.24999889615943843	0.25	0.3173014521598816	12.481141090393066	0.0381871368705578
cov10_n10_g0_s42_hotspots_p80_chr1	10	10	1120	1088	2166	0	0.5251454603113044	0.4433211233951688	0.3333333333333333	0.44002965092658997	14.242798805236816	0.03205561280470438
cov10_n10_g0_s42_hotspots_p80_chr1	10	10	1121	1176	2332	0	0.44166072849891974	0.3570381186538299	0.3333333333333333	0.419097900390625	11.105717658996582	0.03643901379679583
cov10_n10_g0_s42_hotspots_p80_chr1	10	10	1122	1184	2383	0	0.5879397045450738	0.5198807989785729	0.25	0.5122017860412598	13.175996780395508	0.030301657059831212
cov10_n10_g0_s42_hotspots_p80_chr1	10	10	1123	1484	2269	0	0.4808804870340788	0.3972241827730408	0.25	0.4311356544494629	12.440746307373047	0.03430632155153948
cov10_n10_g0_s42_hotspots_p80_chr1	10	10	1124	1225	2201	0	0.3738394296143674	0.2595117929340481	0.1111111111111111	0.299560546875	15.574028968811035	0.03610701853863706
cov10_n10_g0_s42_hotspots_p80_chr1	10	10	1125	1215	2090	0	0.4055376806940666	0.2860077045657299	0.17647058823529413	0.2953287959098816	18.856054306030273	0.034272365680143815
cov10_n10_g0_s42_hotspots_p80_chr1	10	10	1126	917	2101	0	0.44742752175447864	0.3569864002524649	0.17647058823529413	0.39569222927093506	12.785873413085938	0.03519106288107527
cov10_n10_g0_s42_hotspots_p80_chr1	10	10	1127	956	2019	0	0.3614007632280545	0.25353414120738144	0.25	0.3112325072288513	13.483674049377441	0.037402750790832676
cov10_n10_g0_s42_hotspots_p80_chr1	10	10	1128	573	1720	0	0.29512085589293746	0.2281525158012137	0.3333333333333333	0.41684845089912415	5.012372970581055	0.05197795114441402
cov10_n10_g0_s42_hotspots_p80_chr1	10	10	1129	864	2076	0	0.5392893262328572	0.46919617819291254	0.25	0.5096631050109863	11.196372032165527	0.03304958949918484
cov10_n10_g0_s42_hotspots_p80_chr1	10	10	1130	854	2293	0	0.46598202944066996	0.3741072814491139	0.25	0.39272019267082214	14.07900333404541	0.03400068309755149
cov10_n10_g0_s42_hotspots_p80_chr1	10	10	1131	566	1360	0	0.2415445397385713	0.09492353190191298	0.1111111111111111	0.18555907905101776	16.94454574584961	0.03903591604743931
cov10_n10_g0_s42_hotspots_p80_chr1	10	10	1132	912	2347	0	0.3008638137503413	0.19971541194369885	0.17647058823529413	0.2975485324859619	10.224081039428711	0.04157802865199009
cov10_n10_g0_s42_hotspots_p80_chr1	10	10	1133	919	2614	0	0.6101398141801728	0.5315966606578133	0.3333333333333333	0.372343510389328	26.85165786743164	0.028011814205627598
cov10_n10_g0_s42_hotspots_p80_chr1	10	10	1134	763	2012	0	0.4285955118758417	0.3679814412702546	0.25	0.5477030277252197	6.123574733734131	0.04384100532431377
cov10_n10_g0_s42_hotspots_p80_chr1	10	10	1135	755	1931	0	0.5155165377813158	0.42945065350140255	0.25	0.4189642369747162	15.14018726348877	0.03206566157068249
cov10_n10_g0_s42_hotspots_p80_chr1	10	10	1136	536	2087	0	0.434180018536575	0.33510702606666043	0.17647058823529413	0.3604729175567627	14.50755786895752	0.034791343131179216
cov10_n10_g0_s42_hotspots_p80_chr1	10	10	1137	783	1849	0	0.32164152340548485	0.21592960910477116	0.25	0.29792520403862	11.655468940734863	0.0397195786420924
cov10_n10_g0_s42_hotspots_p80_chr1	10	10	1138	423	659	0	0.3889637620244673	0.26988768452233564	0.1111111111111111	0.2927124500274658	17.65777015686035	0.03501603192951136
cov10_n10_g0_s42_hotspots_p80_chr1	10	10	1139	435	1094	0	0.39585219999034427	0.346266587187601	0.17647058823529413	0.6150944828987122	4.1417365074157715	0.05225247878421471
cov10_n10_g0_s42_hotspots_p80_chr1	10	10	1140	432	867	0	0.15507038945487608	0.007732436015034805	0.05263157894736842	0.13052502274513245	14.114652633666992	0.042535773117580146
cov10_n10_g0_s42_hotspots_p80_chr1	10	10	1141	626	1557	0	0.36301985319809327	0.2568975900370376	0.1111111111111111	0.3165413439273834	13.152246475219727	0.03753737682444119
cov10_n10_g0_s42_hotspots_p80_chr1	10	10	1142	945	1866	0	0.47281660048973007	0.390758067362232	0.25	0.43784061074256897	11.661471366882324	0.0350329043455219
cov10_n10_g0_s42_hotspots_p80_chr1	10	10	1143	923	1576	0	0.3539984692673443	0.18789778084008468	0.1111111111111111	0.20663514733314514	29.349069595336914	0.034048788490639866
cov10_n10_g0_s42_hotspots_p80_chr1	10	10	1144	841	1741	0	0.27662745875584926	0.13388811068373113	0.17647058823529413	0.20822732150554657	17.648799896240234	0.03791695085125657
cov10_n10_g0_s42_hotspots_p80_chr1	10	10	1145	1134	2306	0	0.31780157357765104	0.1627994341229501	0.17647058823529413	0.21003016829490662	22.89542579650879	0.03564947668662601
cov10_n10_g0_s42_hotspots_p80_chr1	10	10	1146	1034	1885	0	0.5079183234734064	0.4298073576232645	0.25	0.4616078734397888	12.107136726379395	0.03359210258036295
cov10_n10_g0_s42_hotspots_p80_chr1	10	10	1147	1085	1972	0	0.43667943661840813	0.3149908590683166	0.3333333333333333	0.29313310980796814	22.19196128845215	0.032869958966796786
cov10_n10_g0_s42_hotspots_p80_chr1	10	10	1148	1003	2322	0	0.5284645474374227	0.42956429782576505	0.3333333333333333	0.35032176971435547	22.756084442138672	0.03038913113505679
cov10_n10_g0_s42_hotspots_p80_chr1	10	10	1149	863	1790	0	0.5639103261858809	0.4705867043652863	0.3333333333333333	0.3396542966365814	27.564231872558594	0.029229275364558067
cov10_n10_g0_s42_hotspots_p80_chr1	10	10	1150	1000	1702	0	0.421378552027557	0.27363536359859497	0.1111111111111111	0.2368340939283371	31.656028747558594	0.032446637346972056
cov10_n10_g0_s42_hotspots_p80_chr1	10	10	1151	729	2072	0	0.43097517535559693	0.3514900737748657	0.25	0.4394826889038086	9.61658763885498	0.038093708293256694
cov10_n10_g0_s42_hotspots_p80_chr1	10	10	1152	702	1847	0	0.23309527810925998	0.0991028161878716	0.1111111111111111	0.19550861418247223	14.214618682861328	0.040504381245665314
cov10_n10_g0_s42_hotspots_p80_chr1	10	10	1153	1084	2343	0	0.069037279463365	-0.012300063910153636	0.05263157894736842	0.10754449665546417	4.120888710021973	0.06335980406469421
cov10_n10_g0_s42_hotspots_p80_chr1	10	10	1154	793	2263	0	0.32241380476580034	0.22907097333475843	0.3333333333333333	0.3327999413013458	9.38557243347168	0.04183098798644989
cov10_n10_g0_s42_hotspots_p80_chr1	10	10	1155	1265	2745	0	0.5105521523588726	0.4124326605316876	0.25	0.3628527522087097	19.797914505004883	0.03121294371824019
cov10_n10_g0_s42_hotspots_p80_chr1	10	10	1156	921	1963	0	0.35931770932369034	0.240352873239929	0.25	0.28377556800842285	16.032724380493164	0.03633478390778458
cov10_n10_g0_s42_hotspots_p80_chr1	10	10	1157	603	1504	0	0.36323595042641094	0.3005108318484747	0.25	0.4947749972343445	5.389669895172119	0.04829403587768031
cov10_n10_g0_s42_hotspots_p80_chr1	10	10	1158	768	1882	0	0.428029474449967	0.29662002629198475	0.17647058823529413	0.2697583734989166	25.17662239074707	0.03274288358949931
cov10_n10_g0_s42_hotspots_p80_chr1	10	10	1159	914	1985	0	0.4857974509070375	0.37219742165175207	0.17647058823529413	0.30965620279312134	24.612220764160156	0.03136458510390405
cov10_n10_g0_s42_hotspots_p80_chr1	10	10	1160	960	1648	0	0.607990827005638	0.5298061978808641	0.3333333333333333	0.399036705493927	23.214984893798828	0.028122118709006976
cov10_n10_g0_s42_hotspots_p80_chr1	10	10	1161	930	2051	0	0.41006205420969566	0.2865217860400667	0.05263157894736842	0.28654608130455017	20.479068756103516	0.03382327759997372
cov10_n10_g0_s42_hotspots_p80_chr1	10	10	1162	726	1442	0	0.4905919029824917	0.4172832412495473	0.25	0.4874446392059326	10.129549980163574	0.03557248645904622
cov10_n10_g0_s42_hotspots_p80_chr1	10	10	1163	935	1964	0	0.36460326555445427	0.29431929765468134	0.17647058823529413	0.45260894298553467	6.489254951477051	0.04521878766126119
cov10_n10_g0_s42_hotspots_p80_chr1	10	10	1164	847	1908	0	0.48919277571890313	0.39886177446796584	0.17647058823529413	0.400531530380249	14.917176246643066	0.03296409094175976
cov10_n10_g0_s42_hotspots_p80_chr1	10	10	1165	1007	2352	0	0.45005193064526294	0.331646004523547	0.17647058823529413	0.3016510307788849	22.259510040283203	0.03251814977422842
cov10_n10_g0_s42_hotspots_p80_chr1	10	10	1166	1306	2578	0	0.5069182315168081	0.4342885694187894	0.3333333333333333	0.4933883547782898	10.5559663772583	0.03465102511711777
cov10_n10_g0_s42_hotspots_p80_chr1	10	10	1167	1099	2026	0	0.4433484999100271	0.3802960491924107	0.25	0.5377077460289001	6.7982611656188965	0.041766446855351795
cov10_n10_g0_s42_hotspots_p80_chr1	10	10	1168	800	1610	0	0.4305055251425761	0.35535070605490504	0.17647058823529413	0.46091750264167786	8.723905563354492	0.039122251196199796
cov10_n10_g0_s42_hotspots_p80_chr1	10	10	1169	845	1445	0	0.20554355023240453	0.01878693593669536	0.1111111111111111	0.13469643890857697	23.286029815673828	0.03807967243230259
cov10_n10_g0_s42_hotspots_p80_chr1	10	10	1170	1082	1859	0	0.3352787873044264	0.18893181604650994	0.17647058823529413	0.22711580991744995	21.793020248413086	0.03543710848799281
cov10_n10_g0_s42_hotspots_p80_chr1	10	10	1171	1126	2024	0	0.4878270616484464	0.39507658883879077	0.25	0.3899255096912384	15.651955604553223	0.032769018606395486
cov10_n10_g0_s42_hotspots_p80_chr1	10	10	1172	759	1472	0	0.44934078726466337	0.3720168246746704	0.25	0.45612818002700806	9.704604148864746	0.037386199147107564
cov10_n10_g0_s42_hotspots_p80_chr1	10	10	1173	215	1064	0	0.43255466641396223	0.32382035838699785	0.17647058823529413	0.3289341628551483	17.292749404907227	0.03391918155674467
cov10_n10_g0_s42_hotspots_p80_chr1	10	10	1174	257	990	0	0.08525367245918594	-0.06443144491072876	0.05263157894736842	0.07581810653209686	12.643877983093262	0.04526671511102768
cov10_n10_g0_s42_hotspots_p80_chr1	10	10	1175	669	1510	0	0.3709737436917417	0.2514394013281428	0.17647058823529413	0.28646838665008545	16.769994735717773	0.0357660159828485
cov10_n10_g0_s42_hotspots_p80_chr1	10	10	1176	1016	2131	0	0.3482068874642501	0.17001287208932708	0.25	0.19271796941757202	32.646026611328125	0.03392786615136755
cov10_n10_g0_s42_hotspots_p80_chr1	10	10	1177	1156	2585	0	0.42101008050587013	0.2972533944625428	0.17647058823529413	0.2872750163078308	21.47777557373047	0.033373784112411424
cov10_n10_g0_s42_hotspots_p80_chr1	10	10	1178	1150	1949	0	0.3196252256228407	0.17826569681314117	0.17647058823529413	0.22878091037273407	19.518321990966797	0.03631076404188602
cov10_n10_g0_s42_hotspots_p80_chr1	10	10	1179	248	721	0	0.32849439026129845	0.13829862519942684	0.1111111111111111	0.17825403809547424	33.96074295043945	0.034240866954929235
cov10_n10_g0_s42_hotspots_p80_chr1	10	10	1180	154	355	1	0.3338729247584433	0.08334623664204902	0.1111111111111111	0.14443612098693848	53.433143615722656	0.03350890757352277
cov10_n10_g0_s42_hotspots_p80_chr1	10	10	1181	1010	2997	0	0.5759472650357579	0.4985085509828769	0.25	0.4489527642726898	16.45751190185547	0.02978505877733878
cov10_n10_g0_s42_hotspots_p80_chr1	10	10	1182	23	248	1	0.40488817119114795	0.2109419046064843	0.1111111111111111	0.1639343798160553	61.000038146972656	0.03232772752937721
cov10_n10_g0_s42_hotspots_p80_chr1	10	10	1183	484	1321	0	0.4449711156830833	0.33382913835701844	0.17647058823529413	0.32283928990364075	18.997255325317383	0.033179686152676406
cov10_n10_g0_s42_hotspots_p80_chr1	10	10	1184	491	1458	0	0.2774616353791865	0.18424077762260774	0.1111111111111111	0.3031974732875824	8.374420166015625	0.04454937788491813
cov10_n10_g0_s42_hotspots_p80_chr1	10	10	1185	421	1275	0	0.4661924238163304	0.3356665787156356	0.25	0.26324132084846497	31.36333465576172	0.03147143502687374
cov10_n10_g0_s42_hotspots_p80_chr1	10	10	1186	848	1843	0	0.43207993053216104	0.3727427479161586	0.25	0.5584836602210999	5.985594749450684	0.044069696226845506
cov10_n10_g0_s42_hotspots_p80_chr1	10	10	1187	975	1797	0	0.47798293427753585	0.4165653257693937	0.17647058823529413	0.5616549849510193	7.242451190948486	0.039645903088279165
cov10_n10_g0_s42_hotspots_p80_chr1	10	10	1188	1137	1762	0	0.5532289070757611	0.4794416361745448	0.25	0.4830288887023926	13.117877960205078	0.031548786685871175
cov10_n10_g0_s42_hotspots_p80_chr1	10	10	1189	970	2386	0	0.4415518310540774	0.40376421964612563	0.17647058823529413	0.7696098685264587	3.2917141914367676	0.055887288740644206
cov10_n10_g0_s42_hotspots_p80_chr1	10	10	1190	956	2248	0	0.5969684736017592	0.5298654094017671	0.3333333333333333	0.5153365135192871	13.419027328491211	0.029885981943752648
cov10_n10_g0_s42_hotspots_p80_chr1	10	10	1191	605	1616	0	0.5356201182314345	0.4444923806097168	0.17647058823529413	0.3869289457798004	19.16246223449707	0.030577681434209754
cov10_n10_g0_s42_hotspots_p80_chr1	10	10	1192	858	1935	0	0.5340951585141915	0.438142169239146	0.25	0.3619796931743622	21.77052116394043	0.030318668761038513
cov10_n10_g0_s42_hotspots_p80_chr1	10	10	1193	551	1134	0	0.2646144175817157	0.11904193142120255	0.1111111111111111	0.19882914423942566	17.711973190307617	0.038192466048822774
cov10_n10_g0_s42_hotspots_p80_chr1	10	10	1194	521	1318	0	0.4683842972851007	0.4251743910092058	0.3333333333333333	0.7198109030723572	4.234165191650391	0.04901681904518793
cov10_n10_g0_s42_hotspots_p80_chr1	10	10	1195	710	1447	0	0.3524384695492536	0.26949948037779536	0.25	0.387301504611969	8.280723571777344	0.04232347044724354
cov10_n10_g0_s42_hotspots_p80_chr1	10	10	1196	807	2130	0	0.38945255945106055	0.2615683668047271	0.17647058823529413	0.27336588501930237	20.29646873474121	0.03438685802021825
cov10_n10_g0_s42_hotspots_p80_chr1	10	10	1197	951	2130	0	0.5950685340891855	0.5246545214846189	0.3333333333333333	0.4896574020385742	14.768939018249512	0.02953349628585826
cov10_n10_g0_s42_hotspots_p80_chr1	10	10	1198	739	1421	0	0.27292550302839086	0.14271614468083677	0.17647058823529413	0.22373798489570618	14.880200386047363	0.03912412887567182
cov10_n10_g0_s42_hotspots_p80_chr1	10	10	1199	675	1294	0	0.28809993635835807	0.18945335459006094	0.05263157894736842	0.2958748936653137	9.481348037719727	0.0427631919707961
cov10_n10_g0_s42_hotspots_p80_chr1	10	10	1200	812	1787	0	0.30094019047665543	0.14884270648763726	0.1111111111111111	0.20732331275939941	21.069976806640625	0.03639990262505989
cov10_n10_g0_s42_hotspots_p80_chr1	10	10	1201	924	1427	0	0.3508681997126989	0.22028009646325308	0.1111111111111111	0.2575497031211853	18.559480667114258	0.035771999176699494
cov10_n10_g0_s42_hotspots_p80_chr1	10	10	1202	93	152	1	0.22205064269900293	0.09138125024374819	0.1111111111111111	0.19277840852737427	13.26744556427002	0.04135468275384247
cov10_n10_g0_s42_hotspots_p80_chr1	10	10	1203	898	1905	0	0.27181971159949003	0.15598751698381322	0.17647058823529413	0.24734067916870117	12.077326774597168	0.04082457034486261
cov10_n10_g0_s42_hotspots_p80_chr1	10	10	1204	725	1286	0	0.41274694915006	0.280845429720764	0.25	0.26830267906188965	23.665613174438477	0.033278158282544296
cov10_n10_g0_s42_hotspots_p80_chr1	10	10	1205	1026	2123	0	0.44209111473081847	0.3546254060755233	0.25	0.4068567454814911	11.807024955749512	0.03593813863273854
cov10_n10_g0_s42_hotspots_p80_chr1	10	10	1206	1281	2297	0	0.4741285334626059	0.3670113528967569	0.17647058823529413	0.3350926339626312	20.019926071166992	0.03219699353086093
cov10_n10_g0_s42_hotspots_p80_chr1	10	10	1207	1041	1708	0	0.32558983742473396	0.22408219323419395	0.17647058823529413	0.3109895884990692	10.960996627807617	0.04016134141087295
cov10_n10_g0_s42_hotspots_p80_chr1	10	10	1208	880	1633	0	0.34644555831499296	0.23967457809605233	0.17647058823529413	0.30758124589920044	12.686747550964355	0.038292649579652865
cov10_n10_g0_s42_hotspots_p80_chr1	10	10	1209	742	1741	0	0.146738290386861	0.038056337003111694	0.1111111111111111	0.1623106449842453	8.17321491241455	0.04871970097624253
cov10_n10_g0_s42_hotspots_p80_chr1	10	10	1210	1150	2154	0	0.3934455847270251	0.2613442880453181	0.17647058823529413	0.26554521918296814	21.952922821044922	0.03399319380297673
cov10_n10_g0_s42_hotspots_p80_chr1	10	10	1211	721	1389	0	0.2504564203367378	0.0906571020503817	0.05263157894736842	0.17682182788848877	20.062850952148438	0.0378283962650249
cov10_n10_g0_s42_hotspots_p80_chr1	10	10	1212	1080	2292	0	0.0642074967760221	-0.039302314708688516	0.05263157894736842	0.08067407459020615	6.334371566772461	0.0549697693774356
cov10_n10_g0_s42_hotspots_p80_chr1	10	10	1213	1018	1737	0	0.2480419992265155	0.050866270435161134	0.17647058823529413	0.14782875776290894	28.15351104736328	0.03639261496091304
cov10_n10_g0_s42_hotspots_p80_chr1	10	10	1214	892	1606	0	0.331325827472378	0.16920352268341501	0.17647058823529413	0.20587509870529175	25.900190353393555	0.034898913711568696
cov10_n10_g0_s42_hotspots_p80_chr1	10	10	1215	818	1492	0	0.3637799073059012	0.23827665978392548	0.17647058823529413	0.27149370312690735	17.9538631439209	0.03560189201881898
cov10_n10_g0_s42_hotspots_p80_chr1	10	10	1216	1057	1703	0	0.4880159763638969	0.38434106379027355	0.17647058823529413	0.3456116020679474	19.938451766967773	0.0318260943107917
cov10_n10_g0_s42_hotspots_p80_chr1	10	10	1217	1187	2180	0	0.5279054162486969	0.4676654617449329	0.3333333333333333	0.5805194973945618	8.269488334655762	0.03619781902093928
cov10_n10_g0_s42_hotspots_p80_chr1	10	10	1218	1092	2457	0	0.261256563211989	0.14095667647975219	0.17647058823529413	0.2329050600528717	12.582777976989746	0.04075731414812372
cov10_n10_g0_s42_hotspots_p80_chr1	10	10	1219	1244	1648	0	0.3766203900495234	0.2229235965801079	0.17647058823529413	0.22633561491966248	27.688655853271484	0.03369880381847772
cov10_n10_g0_s42_hotspots_p80_chr1	10	10	1220	851	1659	0	0.3139895236603119	0.20546444314088322	0.17647058823529413	0.2870000898838043	11.969232559204102	0.03970949562339424
cov10_n10_g0_s42_hotspots_p80_chr1	10	10	1221	1342	2207	0	0.21392093796738681	0.058480562458890134	0.05263157894736842	0.16148574650287628	17.548425674438477	0.0394791114738979
cov10_n10_g0_s42_hotspots_p80_chr1	10	10	1222	1982	2723	0	0.5407830351148618	0.47001612907065415	0.42857142857142855	0.5050377249717712	11.465646743774414	0.03282710893782228
cov10_n10_g0_s42_hotspots_p80_chr1	10	10	1223	920	1436	0	0.42147975640624724	0.29003862770420624	0.17647058823529413	0.26969966292381287	24.42264175415039	0.03297834156506335
cov10_n10_g0_s42_hotspots_p80_chr1	10	10	1224	1002	2097	0	0.41853995341622413	0.30881934027095065	0.25	0.3237224221229553	16.71584129333496	0.0344744480305819
cov10_n10_g0_s42_hotspots_p80_chr1	10	10	1225	1226	2356	0	0.4150217917577797	0.2816875268570443	0.17647058823529413	0.26542460918426514	24.44890785217285	0.03313168844475082
cov10_n10_g0_s42_hotspots_p80_chr1	10	10	1226	1413	2100	0	0.3864782000822706	0.28631014477021816	0.17647058823529413	0.34306013584136963	12.691399574279785	0.03711156978813651
cov10_n10_g0_s42_hotspots_p80_chr1	10	10	1227	763	1980	0	0.4866174127199463	0.40001118537525077	0.25	0.4175300598144531	13.58312702178955	0.03356239309076748
cov10_n10_g0_s42_hotspots_p80_chr1	10	10	1228	911	2020	0	0.46127823321372613	0.3731178671717318	0.25	0.4078430235385895	12.79204273223877	0.03474999831940143
cov10_n10_g0_s42_hotspots_p80_chr1	10	10	1229	1678	2893	0	0.5669065985071833	0.481578665735279	0.25	0.4008069336414337	20.005643844604492	0.029543295309849536
cov10_n10_g0_s42_hotspots_p80_chr1	10	10	1230	1095	2309	0	0.34996746790401284	0.2515851383007261	0.25	0.3326178193092346	11.07042407989502	0.03933942056359586
cov10_n10_g0_s42_hotspots_p80_chr1	10	10	1231	161	444	1	0.23884465872902064	0.1776999727568418	0.05263157894736842	0.38993149995803833	3.751926898956299	0.060056577491550356
cov10_n10_g0_s42_hotspots_p80_chr1	10	10	1232	668	1482	0	0.32355425513581465	0.21804597754247865	0.17647058823529413	0.2994552552700043	11.674285888671875	0.03964960565624775
cov10_n10_g0_s42_hotspots_p80_chr1	10	10	1233	1323	2129	0	0.35763828171837536	0.24616164779754224	0.17647058823529413	0.3005460798740387	14.160088539123535	0.03716715946147219
cov10_n10_g0_s42_hotspots_p80_chr1	10	10	1234	1030	1653	0	0.5036968612487782	0.3961768763337078	0.25	0.32518723607063293	23.992279052734375	0.03095210650331713
cov10_n10_g0_s42_hotspots_p80_chr1	10	10	1235	884	1546	0	0.1887168757328192	0.03782760782140863	0.05263157894736842	0.15023967623710632	15.778010368347168	0.040824535797842926
cov10_n10_g0_s42_hotspots_p80_chr1	10	10	1236	664	1189	0	0.2532168214663641	0.14244288084144685	0.17647058823529413	0.24500957131385803	10.681174278259277	0.042517753486886876
cov10_n10_g0_s42_hotspots_p80_chr1	10	10	1237	698	1204	0	0.18847031841384781	0.005626480571558831	0.1111111111111111	0.12805365025997162	21.66217041015625	0.0388189220203335
cov10_n10_g0_s42_hotspots_p80_chr1	10	10	1238	124	342	1	0.3676073234861998	0.10762440045186647	0.05263157894736842	0.13513492047786713	74.00025177001953	0.03287979746133936
cov10_n10_g0_s42_hotspots_p80_chr1	10	10	1239	103	249	1	0.26726126613197126	0.04761837978757142	0.1111111111111111	0.14285680651664734	35.00016784667969	0.03535532648698799
cov10_n10_g0_s42_hotspots_p80_chr1	10	10	1240	107	107	1	0.2967783986033338	-0.15993837716514714	0.05263157894736842	0.10939695686101913	73.59600067138672	0.03385784723421563
cov10_n10_g0_s42_hotspots_p80_chr1	10	10	1241	697	883	0	0.36410152200663976	0.20114336823415327	0.17647058823529413	0.21212537586688995	29.461833953857422	0.033822541725992486
cov10_n10_g0_s42_hotspots_p80_chr1	10	10	1242	532	922	0	0.19708809386146126	0.08776309823524275	0.05263157894736842	0.20554959774017334	9.19364070892334	0.04577948689871836
cov10_n10_g0_s42_hotspots_p80_chr1	10	10	1243	570	898	0	0.16412254353948846	0.018346407175188005	0.05263157894736842	0.1381043940782547	14.122820854187012	0.04230639825119495
cov10_n10_g0_s42_hotspots_p80_chr1	10	10	1244	379	888	0	0.17439791296376228	0.044003426374441754	0.05263157894736842	0.15979374945163727	11.911404609680176	0.04358818736871206
cov10_n10_g0_s42_hotspots_p80_chr1	10	10	1245	830	1826	0	0.2970830253655768	0.1478440199646323	0.1111111111111111	0.2092447131872177	20.157962799072266	0.036701369352275796
cov10_n10_g0_s42_hotspots_p80_chr1	10	10	1246	546	1306	0	0.2979306615463762	0.14432644937072917	0.25	0.20434972643852234	21.256038665771484	0.03643067278443164
cov10_n10_g0_s42_hotspots_p80_chr1	10	10	1247	583	977	0	0.3375888259171993	0.17364661455849315	0.1111111111111111	0.20547504723072052	26.993423461914062	0.034632183920593314
cov10_n10_g0_s42_hotspots_p80_chr1	10	10	1248	1032	2023	0	0.41464583511954894	0.31230130681321006	0.25	0.34512564539909363	14.434447288513184	0.03540014017376914
cov10_n10_g0_s42_hotspots_p80_chr1	10	10	1249	796	1419	0	0.5607017333472919	0.48183134796172955	0.25	0.44745439291000366	15.70240592956543	0.03045357557472569
cov10_n10_g0_s42_hotspots_p80_chr1	10	10	1250	973	1532	0	0.20822471575788737	0.014164832095492116	0.05263157894736842	0.13196958601474762	24.89527702331543	0.03771179300983655
cov10_n10_g0_s42_hotspots_p80_chr1	10	10	1251	1064	1571	0	0.39924454476629057	0.2780157881103658	0.17647058823529413	0.29005247354507446	18.946317672729492	0.03441842070779488
cov10_n10_g0_s42_hotspots_p80_chr1	10	10	1252	467	928	0	0.38681963402097713	0.25721768193879646	0.25	0.2692965269088745	20.632671356201172	0.03438886346662345
cov10_n10_g0_s42_hotspots_p80_chr1	10	10	1253	580	979	0	0.19022128596685844	0.008156168640551159	0.05263157894736842	0.12943562865257263	21.597856521606445	0.03879654756593945
cov10_n10_g0_s42_hotspots_p80_chr1	10	10	1255	538	1265	0	0.3664744508620029	0.2507437270109126	0.1111111111111111	0.2936721444129944	15.572627067565918	0.036311295087745464
cov10_n10_g0_s42_hotspots_p80_chr1	10	10	1256	943	1994	0	0.3775577280928054	0.22925145189489118	0.1111111111111111	0.23451940715312958	25.918458938598633	0.03385237417587383
cov10_n10_g0_s42_hotspots_p80_chr1	10	10	1257	1152	2036	0	0.28994259808537615	0.164838237136338	0.17647058823529413	0.24098101258277893	14.476329803466797	0.03887191805962167
cov10_n10_g0_s42_hotspots_p80_chr1	10	10	1258	944	1834	0	0.25429631959898014	0.13726257710029996	0.25	0.2341778427362442	11.792031288146973	0.041528223450008055
cov10_n10_g0_s42_hotspots_p80_chr1	10	10	1259	957	1551	0	0.37201718089111385	0.24157980800264012	0.17647058823529413	0.2641471326351166	19.835092544555664	0.03492604244326127
cov10_n10_g0_s42_hotspots_p80_chr1	10	10	1260	489	939	0	0.11222601919531783	-0.09272336808468945	0.05263157894736842	0.07542496919631958	22.138938903808594	0.040324355051502905
cov10_n10_g0_s42_hotspots_p80_chr1	10	10	1261	815	2136	0	0.273841397090741	0.15127023756515612	0.1111111111111111	0.23649024963378906	13.40824031829834	0.03988780461517095
cov10_n10_g0_s42_hotspots_p80_chr1	10	10	1262	1030	1878	0	0.28889664505704515	0.17121868409238458	0.1111111111111111	0.2538153827190399	12.955347061157227	0.03975316543293092
cov10_n10_g0_s42_hotspots_p80_chr1	10	10	1263	1421	2278	0	0.22559503297606	0.12200403309215886	0.25	0.23894444108009338	8.913848876953125	0.04533157002380303
cov10_n10_g0_s42_hotspots_p80_chr1	10	10	1264	819	2285	0	0.39242249907929433	0.22596427561397914	0.25	0.20968040823936462	35.026123046875	0.03290403393862339
cov10_n10_g0_s42_hotspots_p80_chr1	10	10	1265	911	1594	0	0.2105562391645149	0.02339879364910492	0.05263157894736842	0.1369491070508957	23.638385772705078	0.03790023946409829
cov10_n10_g0_s42_hotspots_p80_chr1	10	10	1266	392	1270	0	0.17066618256720423	0.0813490029360878	0.1111111111111111	0.2187504917383194	6.086911201477051	0.05250438679952555
cov10_n10_g0_s42_hotspots_p80_chr1	10	10	1267	699	2059	0	0.25742376288722385	0.13529677123397205	0.1111111111111111	0.2275143563747406	12.802053451538086	0.040713878931900774
cov10_n10_g0_s42_hotspots_p80_chr1	10	10	1268	924	1661	0	0.4307220735256697	0.3485145297610176	0.1111111111111111	0.4266663193702698	10.191015243530273	0.03754869771243527
cov10_n10_g0_s42_hotspots_p80_chr1	10	10	1269	909	1320	0	0.2992117078307743	0.1524425199485751	0.1111111111111111	0.21323488652706146	19.68977165222168	0.03676629174754986
cov10_n10_g0_s42_hotspots_p80_chr1	10	10	1270	910	1301	0	0.13229668892720797	0.027865660094833544	0.1111111111111111	0.1538848727941513	7.391049385070801	0.0505620685116084
cov10_n10_g0_s42_hotspots_p80_chr1	10	10	1271	925	1408	0	0.3724502215907195	0.266870009797091	0.1111111111111111	0.3218047022819519	13.395277976989746	0.03713021576848542
cov10_n10_g0_s42_hotspots_p80_chr1	10	10	1272	1170	1872	0	0.24957166060179914	0.03801220414198947	0.1111111111111111	0.14059485495090485	31.510236740112305	0.03598901686799431
cov10_n10_g0_s42_hotspots_p80_chr1	10	10	1273	1259	2070	0	0.40892678735071136	0.2971912918223289	0.17647058823529413	0.31608685851097107	16.737024307250977	0.03473658140661082
cov10_n10_g0_s42_hotspots_p80_chr1	10	10	1274	695	1448	0	0.32743032597309635	0.1814507377529875	0.1111111111111111	0.22503112256526947	21.171550750732422	0.03574684770503564
cov10_n10_g0_s42_hotspots_p80_chr1	10	10	1275	488	1335	0	0.11439817525726469	0.02864586389856421	0.1111111111111111	0.161662295460701	5.007497310638428	0.057810908083880425
cov10_n10_g0_s42_hotspots_p80_chr1	10	10	1276	652	1374	0	0.34528553786474153	0.20263096617984835	0.25	0.23564548790454865	21.470319747924805	0.0352574159912539
cov10_n10_g0_s42_hotspots_p80_chr1	10	10	1277	1112	1887	0	0.3435410846426238	0.22794468523252223	0.17647058823529413	0.285065233707428	14.523417472839355	0.0373900491075033
cov10_n10_g0_s42_hotspots_p80_chr1	10	10	1278	331	801	0	0.05858877253083903	-0.05400577948970666	0.05263157894736842	0.06860584765672684	7.29300594329834	0.05284369581523277
cov10_n10_g0_s42_hotspots_p80_chr1	10	10	1279	689	1424	0	0.27687084789614813	0.05193418585359345	0.05263157894736842	0.14338275790214539	37.28727340698242	0.03502539295152012
cov10_n10_g0_s42_hotspots_p80_chr1	10	10	1280	449	934	0	0.18693426268310873	0.05592630257070792	0.05263157894736842	0.16832265257835388	12.333681106567383	0.042926429655718815
cov10_n10_g0_s42_hotspots_p80_chr1	10	10	1281	671	1057	0	0.18330671966797396	0.03598246706145902	0.05263157894736842	0.14979825913906097	14.974184036254883	0.041355462554205635
cov10_n10_g0_s42_hotspots_p80_chr1	10	10	1282	674	1288	0	0.4117655230645556	0.2461472232421953	0.17647058823529413	0.2083280235528946	39.066505432128906	0.03239054068299942
cov10_n10_g0_s42_hotspots_p80_chr1	10	10	1283	934	1416	0	0.2580785598060306	0.12495585277576295	0.1111111111111111	0.21133331954479218	14.91309928894043	0.03949501174782416
cov10_n10_g0_s42_hotspots_p80_chr1	10	10	1284	653	2006	0	0.2716769764168254	0.1337771712183391	0.1111111111111111	0.2121066451072693	16.405786514282227	0.0384923323532899
cov10_n10_g0_s42_hotspots_p80_chr1	10	10	1285	562	1528	0	0.3285404503898373	0.16008499771905393	0.1111111111111111	0.19819533824920654	27.478361129760742	0.03477664506126723
cov10_n10_g0_s42_hotspots_p80_chr1	10	10	1286	731	1548	0	0.3076901019479518	0.14242037600281524	0.1111111111111111	0.19514812529087067	24.859834671020508	0.0355661182221322
cov10_n10_g0_s42_hotspots_p80_chr1	10	10	1287	980	1888	0	0.28022661459295706	0.12719024333676324	0.1111111111111111	0.19757553935050964	20.116500854492188	0.03711390031919363
cov10_n10_g0_s42_hotspots_p80_chr1	10	10	1288	1021	1791	0	0.46626856649186477	0.35123771713809	0.25	0.3099574148654938	22.6291446685791	0.03205450687752581
cov10_n10_g0_s42_hotspots_p80_chr1	10	10	1289	110	167	1	0.29820126308797407	0.15841174692291968	0.25	0.2221861630678177	18.012954711914062	0.03726230836972861
cov10_n10_g0_s42_hotspots_p80_chr1	10	10	1290	230	1204	0	0.3797110532957868	0.3532747542174098	0.25	0.8958025574684143	1.796726107597351	0.07725018590084336
cov10_n10_g0_s42_hotspots_p80_chr1	10	10	1291	150	928	1	0.17110690421511626	-0.01183547387243038	0.05263157894736842	0.11841362714767456	20.880056381225586	0.03940334215152403
cov10_n10_g0_s42_hotspots_p80_chr1	10	10	1292	711	2145	0	0.46940628525161865	0.3945872115033893	0.25	0.4747634530067444	9.775595664978027	0.03663039345126375
cov10_n10_g0_s42_hotspots_p80_chr1	10	10	1293	698	1808	0	0.35206511694730636	0.23874996233196757	0.1111111111111111	0.2938574552536011	14.353984832763672	0.03723163515713051
cov10_n10_g0_s42_hotspots_p80_chr1	10	10	1294	301	637	0	0.27276960738245765	0.12020191014709362	0.17647058823529413	0.19473908841609955	19.619396209716797	0.03742027353737741
cov10_n10_g0_s42_hotspots_p80_chr1	10	10	1295	356	805	0	0.524310923092427	0.4367598351643171	0.25	0.40968388319015503	16.378721237182617	0.03144798207236361
cov10_n10_g0_s42_hotspots_p80_chr1	10	10	1296	1114	2638	0	0.47141886409010264	0.38048678834102334	0.3333333333333333	0.39720290899276733	14.086045265197754	0.033828919570359516
cov10_n10_g0_s42_hotspots_p80_chr1	10	10	1297	625	1744	0	0.46062883718440945	0.41490196966753284	0.17647058823529413	0.6895332932472229	4.4626383781433105	0.048241063252921684
cov10_n10_g0_s42_hotspots_p80_chr1	10	10	1298	1202	2131	0	0.3559352910131881	0.2432927669111976	0.17647058823529413	0.29702872037887573	14.35969352722168	0.037120349359113514
cov10_n10_g0_s42_hotspots_p80_chr1	10	10	1299	1054	2236	0	0.27196069106052373	0.2074221560082794	0.25	0.40755563974380493	4.452854156494141	0.05512077145448741
cov10_n10_g0_s42_hotspots_p80_chr1	10	10	1300	964	2274	0	0.5178597974648893	0.4442100795456142	0.25	0.48768526315689087	11.275741577148438	0.033754426820780954
cov10_n10_g0_s42_hotspots_p80_chr1	10	10	1301	1072	2431	0	0.5391342137979073	0.4725526364006272	0.3333333333333333	0.5338389277458191	10.199369430541992	0.03377822738571957
cov10_n10_g0_s42_hotspots_p80_chr1	10	10	1302	1063	1692	0	0.4611872199450814	0.36435215129687637	0.25	0.37253323197364807	15.32584285736084	0.0336791127809662
cov10_n10_g0_s42_hotspots_p80_chr1	10	10	1303	1127	2161	0	0.6077859436890848	0.5567665860254555	0.25	0.6571597456932068	8.55380630493164	0.03268697337142554
cov10_n10_g0_s42_hotspots_p80_chr1	10	10	1304	890	1196	0	0.5359743318382048	0.46816507376314964	0.25	0.5253568291664124	10.408286094665527	0.03372794557611513
cov10_n10_g0_s42_hotspots_p80_chr1	10	10	1305	1330	1916	0	0.5017886158869965	0.4098320438204092	0.25	0.39241066575050354	16.351593017578125	0.03214692708718988
cov10_n10_g0_s42_hotspots_p80_chr1	10	10	1306	1606	2114	0	0.36055520086416587	0.191265644740493	0.1111111111111111	0.2040838897228241	31.212322235107422	0.033767930133043356
cov10_n10_g0_s42_hotspots_p80_chr1	10	10	1307	612	826	0	0.2948684453801782	0.116890257441504	0.1111111111111111	0.17891934514045715	27.1607608795166	0.035537646851483945
cov10_n10_g0_s42_hotspots_p80_chr1	10	10	1308	548	673	0	0.18412777151965629	0.08537386825291882	0.25	0.21293017268180847	7.477634906768799	0.048880733554141534
cov10_n10_g0_s42_hotspots_p80_chr1	10	10	1309	1040	1804	0	0.6104680243000353	0.5332274131594656	0.42857142857142855	0.4051043689250946	22.70868682861328	0.02806580177588805
cov10_n10_g0_s42_hotspots_p80_chr1	10	10	1310	1078	2097	0	0.5242474658057513	0.4255446700082771	0.3333333333333333	0.3540308177471161	21.927576065063477	0.030577467489760025
cov10_n10_g0_s42_hotspots_p80_chr1	10	10	1311	1135	2240	0	0.2438707341514247	0.09898421001765005	0.1111111111111111	0.18874908983707428	16.693584442138672	0.039075796129996336
cov10_n10_g0_s42_hotspots_p80_chr1	10	10	1312	988	1695	0	0.24451605698333354	0.1168148571910364	0.17647058823529413	0.21102938055992126	13.425454139709473	0.04066317492144274
cov10_n10_g0_s42_hotspots_p80_chr1	10	10	1313	1145	2108	0	0.4710941543329858	0.36596906751682684	0.25	0.3423532545566559	18.9350528717041	0.03246949632636457
cov10_n10_g0_s42_hotspots_p80_chr1	10	10	1314	290	514	0	0.22510670971391877	0.06091489485175779	0.05263157894736842	0.16018985211849213	19.74726104736328	0.038503564693395685
cov10_n10_g0_s42_hotspots_p80_chr1	10	10	1315	513	746	0	0.06173680722560482	-0.04368219780115316	0.1111111111111111	0.076483815908432	6.515521049499512	0.0545645132225018
cov10_n10_g0_s42_hotspots_p80_chr1	10	10	1316	331	966	0	0.4540429125625335	0.36416895879330263	0.3333333333333333	0.3993106484413147	12.929211616516113	0.03490739751255206
cov10_n10_g0_s42_hotspots_p80_chr1	10	10	1317	153	346	1	0.2664484353768371	0.09128119893621388	0.05263157894736842	0.17056681215763092	24.402664184570312	0.036548900509418836
cov10_n10_g0_s42_hotspots_p80_chr1	10	10	1318	388	868	0	0.5193464125237769	0.44834281670237675	0.25	0.5041711330413818	10.61104679107666	0.03417001107410637
cov10_n10_g0_s42_hotspots_p80_chr1	10	10	1319	1146	1605	0	0.6268997917253711	0.5538035358282225	0.3333333333333333	0.4115537405014038	23.20294761657715	0.027565201205378816
cov10_n10_g0_s42_hotspots_p80_chr1	10	10	1320	1211	1760	0	0.4954669215327178	0.40661685063437036	0.25	0.40714365243911743	14.809281349182129	0.03280558087678209
cov10_n10_g0_s42_hotspots_p80_chr1	10	10	1321	1009	1828	0	0.17619644355014955	0.05302403064815994	0.1111111111111111	0.16932086646556854	10.828625679016113	0.04450893696527822
cov10_n10_g0_s42_hotspots_p80_chr1	10	10	1322	653	1288	0	0.4660848567619944	0.3470050905635602	0.25	0.2974991500377655	24.544748306274414	0.0318673199213768
cov10_n10_g0_s42_hotspots_p80_chr1	10	10	1323	806	1712	0	0.5427305608050151	0.45925822943014183	0.17647058823529413	0.4264829158782959	16.194416046142578	0.03091381145902073
cov10_n10_g0_s42_hotspots_p80_chr1	10	10	1324	1108	1813	0	0.45083844237932197	0.3295681022233913	0.17647058823529413	0.29360252618789673	23.57883071899414	0.03234393617501906
cov10_n10_g0_s42_hotspots_p80_chr1	10	10	1325	890	1623	0	0.41840478235712136	0.32533963259803456	0.25	0.37805184721946716	12.2487154006958	0.036405845148907545
cov10_n10_g0_s42_hotspots_p80_chr1	10	10	1326	756	1397	0	0.42049712066850475	0.352166605682706	0.17647058823529413	0.4943544268608093	7.235177993774414	0.041734684824598314
cov10_n10_g0_s42_hotspots_p80_chr1	10	10	1327	458	1271	0	0.4297403611915127	0.38532960423232215	0.25	0.6866415143013	3.9169867038726807	0.052197938360575076
cov10_n10_g0_s42_hotspots_p80_chr1	10	10	1328	458	1206	0	0.3307584622893633	0.25140341558250706	0.17647058823529413	0.3881447911262512	7.261634349822998	0.04473269028697665
cov10_n10_g0_s42_hotspots_p80_chr1	10	10	1329	993	1792	0	0.2840642197613706	0.13077523682897696	0.17647058823529413	0.19896556437015533	20.383432388305664	0.03695712736715557
cov10_n10_g0_s42_hotspots_p80_chr1	10	10	1330	1256	2047	0	0.5472594384108386	0.48291851183387013	0.3333333333333333	0.5497561693191528	9.909375190734863	0.033720042064365185
cov10_n10_g0_s42_hotspots_p80_chr1	10	10	1331	192	620	1	0.4250333099819829	0.35002714243996425	0.25	0.45954081416130066	8.554561614990234	0.039526657126644285
cov10_n10_g0_s42_hotspots_p80_chr1	10	10	1332	594	1239	0	0.36977881065982837	0.27860042945360963	0.1111111111111111	0.3656994104385376	10.224346160888672	0.039475607357956105
cov10_n10_g0_s42_hotspots_p80_chr1	10	10	1333	1054	1987	0	0.3477246982934978	0.23283352426726484	0.17647058823529413	0.28841161727905273	14.53602123260498	0.03726799716198868
cov10_n10_g0_s42_hotspots_p80_chr1	10	10	1334	569	1627	0	0.3577716032228307	0.2542532101150488	0.17647058823529413	0.3214408755302429	12.388236999511719	0.03814996097913664
cov10_n10_g0_s42_hotspots_p80_chr1	10	10	1335	1240	1965	0	0.41902361042189457	0.2921516850168975	0.17647058823529413	0.27982014417648315	22.42430305480957	0.03328483878288958
cov10_n10_g0_s42_hotspots_p80_chr1	10	10	1336	896	2026	0	0.3877905669286472	0.2870155971233833	0.25	0.3416599929332733	12.882681846618652	0.036961399002923855
cov10_n10_g0_s42_hotspots_p80_chr1	10	10	1337	938	1506	0	0.45620208618789937	0.3410382367351782	0.17647058823529413	0.310682088136673	21.561655044555664	0.032450387127208165
cov10_n10_g0_s42_hotspots_p80_chr1	10	10	1338	1074	1665	0	0.3133437597984654	0.16748021981745323	0.1111111111111111	0.2200719714164734	20.272747039794922	0.0362823836687031
cov10_n10_g0_s42_hotspots_p80_chr1	10	10	1339	817	1938	0	0.41545885697971846	0.3014028478556424	0.25	0.3111138343811035	17.83271026611328	0.034251634104529416
cov10_n10_g0_s42_hotspots_p80_chr1	10	10	1340	340	803	0	0.39130988616239365	0.32297619526449767	0.25	0.4792976677417755	6.665472984313965	0.04389865130771556
cov10_n10_g0_s42_hotspots_p80_chr1	10	10	1341	4	13	1	0.22360680157584636	0.18156825980063976	0.1111111111111111	0.5	2.0	0.07905694150420949
cov10_n10_g0_s42_hotspots_p80_chr1	10	10	1342	1213	2002	0	0.45180609475246786	0.3206085332104101	0.17647058823529413	0.26708170771598816	28.6164608001709	0.03192345948908218
cov10_n10_g0_s42_hotspots_p80_chr1	10	10	1343	152	423	1	0.39993816274981736	0.29427811768742834	0.17647058823529413	0.33095312118530273	14.603358268737793	0.035757302967052824
cov10_n10_g0_s42_hotspots_p80_chr1	10	10	1344	210	374	0	0.29367620918290305	0.140988686080328	0.1111111111111111	0.2037021666765213	20.784820556640625	0.03663529781222496
cov10_n10_g0_s42_hotspots_p80_chr1	10	10	1345	1454	2014	0	0.27736800610032253	0.13928769915919845	0.1111111111111111	0.21474036574363708	16.68343162536621	0.03824127886334843
cov10_n10_g0_s42_hotspots_p80_chr1	10	10	1346	1278	2080	0	0.5145462050127972	0.4406769960298551	0.3333333333333333	0.4863000810146332	11.195411682128906	0.03392312798336304
cov10_n10_g0_s42_hotspots_p80_chr1	10	10	1347	399	924	0	0.4242462963002519	0.3171006707073069	0.25	0.33238911628723145	16.29080581665039	0.03444315858869624
cov10_n10_g0_s42_hotspots_p80_chr1	10	10	1348	115	206	1	0.19412809322339486	0.12644034038955548	0.1111111111111111	0.30782127380371094	3.9772188663482666	0.06019423887514503
cov10_n10_g0_s42_hotspots_p80_chr1	10	10	1349	1405	2362	0	0.42425391818547925	0.299644427157009	0.25	0.28546205163002014	22.087921142578125	0.03320037606077675
cov10_n10_g0_s42_hotspots_p80_chr1	10	10	1350	1701	2314	0	0.39184592261897655	0.2812764828106588	0.25	0.31482771039009094	15.491189956665039	0.03563482836042665
cov10_n10_g0_s42_hotspots_p80_chr1	10	10	1351	719	1425	0	0.3939316181463693	0.301033294237768	0.25	0.3701351583003998	11.327155113220215	0.037791595796403954
cov10_n10_g0_s42_hotspots_p80_chr1	10	10	1352	1073	1778	0	0.3564976189117635	0.2435719766269107	0.17647058823529413	0.2965739369392395	14.449318885803223	0.03706289065068175
cov10_n10_g0_s42_hotspots_p80_chr1	10	10	1353	326	673	0	0.3963778529958981	0.24857231701748214	0.17647058823529413	0.2374270111322403	27.871383666992188	0.03324035459255392
cov10_n10_g0_s42_hotspots_p80_chr1	10	10	1354	310	487	0	0.277151957623883	0.010121856338889679	0.1111111111111111	0.12780295312404633	47.02774429321289	0.034587470977639916
cov10_n10_g0_s42_hotspots_p80_chr1	10	10	1355	1301	1996	0	0.3221356911503964	0.21468067203624389	0.17647058823529413	0.29389235377311707	12.014375686645508	0.039442230565636865
cov10_n10_g0_s42_hotspots_p80_chr1	10	10	1356	931	2107	0	0.32160057147161336	0.20988730741674366	0.17647058823529413	0.2836262583732605	12.857032775878906	0.03889941890710873
cov10_n10_g0_s42_hotspots_p80_chr1	10	10	1357	1393	2058	0	0.39448121087375926	0.2810834490123434	0.25	0.30813735723495483	16.38943099975586	0.03524688856000449
cov10_n10_g0_s42_hotspots_p80_chr1	10	10	1358	1103	1717	0	0.3576204548603143	0.22367094155103115	0.17647058823529413	0.2536388039588928	19.87986183166504	0.03528002375176703
cov10_n10_g0_s42_hotspots_p80_chr1	10	10	1359	1254	1996	0	0.3190127110812293	0.20503903108679208	0.1111111111111111	0.27731308341026306	13.233515739440918	0.0387464670510232
cov10_n10_g0_s42_hotspots_p80_chr1	10	10	1360	1037	2122	0	0.22686845317803261	0.07321821834678702	0.05263157894736842	0.17037956416606903	17.730182647705078	0.039103242767558284
cov10_n10_g0_s42_hotspots_p80_chr1	10	10	1361	1195	2039	0	0.3496873921751125	0.18097175709935548	0.1111111111111111	0.20285707712173462	29.71526527404785	0.03411035791182078
cov10_n10_g0_s42_hotspots_p80_chr1	10	10	1362	1285	1927	0	0.423442657992565	0.3147316693292743	0.25	0.32757171988487244	16.709997177124023	0.03433840182152859
cov10_n10_g0_s42_hotspots_p80_chr1	10	10	1363	1122	1837	0	0.3134688158837091	0.13802487443232905	0.1111111111111111	0.18707478046417236	28.077486038208008	0.03503583338614318
cov10_n10_g0_s42_hotspots_p80_chr1	10	10	1364	923	1376	0	0.43299058760110015	0.2767038411239542	0.1111111111111111	0.21659798920154572	39.96208190917969	0.03195780898699672
cov10_n10_g0_s42_hotspots_p80_chr1	10	10	1365	323	635	0	0.11884245220285644	0.01261195406172535	0.1111111111111111	0.13805441558361053	7.410416603088379	0.050908533711233314
cov10_n10_g0_s42_hotspots_p80_chr1	10	10	1366	1048	1782	0	0.333906973866915	0.25656889715941794	0.17647058823529413	0.3987741470336914	7.011273384094238	0.04512103265682251
cov10_n10_g0_s42_hotspots_p80_chr1	10	10	1367	1213	2085	0	0.4612553068095514	0.34377121650005565	0.1111111111111111	0.3031991720199585	23.143373489379883	0.032126521379235065
cov10_n10_g0_s42_hotspots_p80_chr1	10	10	1368	877	1722	0	0.4798841061119244	0.3716930229142686	0.17647058823529413	0.3304619789123535	21.08772850036621	0.031884273814268164
cov10_n10_g0_s42_hotspots_p80_chr1	10	10	1369	1381	2453	0	0.26923727328504143	0.1534778007587219	0.1111111111111111	0.24589593708515167	11.988574981689453	0.040962415528133206
cov10_n10_g0_s42_hotspots_p80_chr1	10	10	1370	1278	2506	0	0.26129701611448086	0.14144768479947295	0.1111111111111111	0.23369868099689484	12.501334190368652	0.04081233323927802
cov10_n10_g0_s42_hotspots_p80_chr1	10	10	1371	1380	2148	0	0.5424625458663341	0.45235870994225746	0.3333333333333333	0.3889276385307312	19.45368194580078	0.030335336666168
cov10_n10_g0_s42_hotspots_p80_chr1	10	10	1372	1167	2741	0	0.6441819252317924	0.5782862091626557	0.42857142857142855	0.475694864988327	18.338342666625977	0.0272469215445626
cov10_n10_g0_s42_hotspots_p80_chr1	10	10	1373	847	2029	0	0.5734999648238764	0.4932908483591379	0.3333333333333333	0.4310705065727234	17.69987678527832	0.029640233372674765
cov10_n10_g0_s42_hotspots_p80_chr1	10	10	1374	777	1607	0	0.3706399638235301	0.2694343686992431	0.25	0.3336460590362549	12.340492248535156	0.037799607191563646
cov10_n10_g0_s42_hotspots_p80_chr1	10	10	1375	372	933	0	0.5369805578358591	0.4414052431181585	0.42857142857142855	0.3619858920574188	22.005630493164062	0.03021707558868488
cov10_n10_g0_s42_hotspots_p80_chr1	10	10	1376	1202	2810	0	0.5454843112866374	0.4799084725902186	0.3333333333333333	0.5407677888870239	10.175198554992676	0.03356423295169922
cov10_n10_g0_s42_hotspots_p80_chr1	10	10	1377	826	1949	0	0.4974671446462844	0.40864433683483187	0.3333333333333333	0.4071914851665497	14.925588607788086	0.032703351383976814
cov10_n10_g0_s42_hotspots_p80_chr1	10	10	1378	1056	2090	0	0.47513345953318303	0.38230292148632	0.25	0.38945773243904114	14.883688926696777	0.033409597794557835
cov10_n10_g0_s42_hotspots_p80_chr1	10	10	1379	927	1876	0	0.39818085569602635	0.2977222430362026	0.25	0.3462604880332947	13.223760604858398	0.036463914353998504
cov10_n10_g0_s42_hotspots_p80_chr1	10	10	1380	974	1943	0	0.43312960941000156	0.3166475259884002	0.17647058823529413	0.3068091869354248	19.92961883544922	0.033319426805938836
cov10_n10_g0_s42_hotspots_p80_chr1	10	10	1381	651	1272	0	0.41463555213750275	0.3641214439214629	0.17647058823529413	0.6190990805625916	4.485518932342529	0.04988985791510857
cov10_n10_g0_s42_hotspots_p80_chr1	10	10	1382	988	1496	0	0.473070335251583	0.3789655046454465	0.17647058823529413	0.38410207629203796	15.16904354095459	0.03337351696344416
cov10_n10_g0_s42_hotspots_p80_chr1	10	10	1383	1065	1287	0	0.4072286118121028	0.2873561573765925	0.25	0.2948068380355835	19.08101463317871	0.034177249368815395
cov10_n10_g0_s42_hotspots_p80_chr1	10	10	1384	1065	1721	0	0.32940776787331355	0.13211759997385872	0.1111111111111111	0.17298918962478638	36.260162353515625	0.03409190493035045
cov10_n10_g0_s42_hotspots_p80_chr1	10	10	1385	582	1039	0	0.45848709634186735	0.3289919801309715	0.17647058823529413	0.2695785462856293	28.92568016052246	0.03175209572325399
cov10_n10_g0_s42_hotspots_p80_chr1	10	10	1386	1101	1572	0	0.3471178693198723	0.15389097905622426	0.1111111111111111	0.17908979952335358	37.5674934387207	0.03368990872607788
cov10_n10_g0_s42_hotspots_p80_chr1	10	10	1387	1069	1767	0	0.5796600390753952	0.5033054035924257	0.42857142857142855	0.454344242811203	16.277088165283203	0.029700000352244297
cov10_n10_g0_s42_hotspots_p80_chr1	10	10	1388	870	1549	0	0.2519461004274303	0.04456805952732623	0.1111111111111111	0.14364756643772125	30.762292861938477	0.036016977658947166
cov10_n10_g0_s42_hotspots_p80_chr1	10	10	1389	1114	1658	0	0.37888684002610984	0.21818753953217038	0.1111111111111111	0.21687611937522888	30.520776748657227	0.033427036348251504
cov10_n10_g0_s42_hotspots_p80_chr1	10	10	1390	1430	1864	0	0.40530313810539725	0.2318958897084405	0.1111111111111111	0.19857282936573029	41.66009521484375	0.032459439776573555
cov10_n10_g0_s42_hotspots_p80_chr1	10	10	1391	1148	1911	0	0.3927293668468479	0.27348668497583467	0.25	0.2932601869106293	17.934141159057617	0.03484026697622085
cov10_n10_g0_s42_hotspots_p80_chr1	10	10	1392	642	1379	0	0.355980002827593	0.2829675042127209	0.1111111111111111	0.43326935172080994	6.750489711761475	0.04492821138496928
cov10_n10_g0_s42_hotspots_p80_chr1	10	10	1393	949	2187	0	0.2998963917903156	0.17920670798756885	0.17647058823529413	0.25404173135757446	13.935820579528809	0.038882705849094076
cov10_n10_g0_s42_hotspots_p80_chr1	10	10	1394	1399	2431	0	0.2786237891277258	0.0798217016345817	0.05263157894736842	0.1581587940454483	31.03485107421875	0.035459497904639335
cov10_n10_g0_s42_hotspots_p80_chr1	10	10	1395	982	1805	0	0.4073472395715047	0.3076425106037117	0.3333333333333333	0.351584792137146	13.423611640930176	0.036086464066775736
cov10_n10_g0_s42_hotspots_p80_chr1	10	10	1396	829	1455	0	0.3361485670595426	0.15771583806048284	0.1111111111111111	0.1901383399963379	31.25525665283203	0.03427224604381471
cov10_n10_g0_s42_hotspots_p80_chr1	10	10	1397	921	1535	0	0.3756473757105712	0.2863086430687353	0.17647058823529413	0.3751119077205658	10.028569221496582	0.03947985865174582
cov10_n10_g0_s42_hotspots_p80_chr1	10	10	1398	1110	1808	0	0.40450629131153637	0.27868660951362617	0.17647058823529413	0.2805384695529938	20.79054069519043	0.03391001046041655
cov10_n10_g0_s42_hotspots_p80_chr1	10	10	1399	993	1788	0	0.3687871833810162	0.25308722753139795	0.17647058823529413	0.29455193877220154	15.67573356628418	0.03620816238623349
cov10_n10_g0_s42_hotspots_p80_chr1	10	10	1400	964	2092	0	0.2787153226013971	0.13498623207238034	0.1111111111111111	0.20797047019004822	17.960494995117188	0.037763020532415086
cov10_n10_g0_s42_hotspots_p80_chr1	10	10	1401	1404	2456	0	0.5125882943856669	0.41618200318889204	0.25	0.36994531750679016	19.19827651977539	0.031244788125360103
cov10_n10_g0_s42_hotspots_p80_chr1	10	10	1402	1195	1912	0	0.3734158448035445	0.2908152255827768	0.25	0.400304913520813	8.701691627502441	0.04105776400689109
cov10_n10_g0_s42_hotspots_p80_chr1	10	10	1403	741	1440	0	0.406186822470918	0.2915517393620787	0.25	0.30776095390319824	17.419057846069336	0.034615061731575206
cov10_n10_g0_s42_hotspots_p80_chr1	10	10	1404	672	1190	0	0.25998563001955943	0.15523484475967445	0.17647058823529413	0.26208072900772095	9.840758323669434	0.043185941456464295
cov10_n10_g0_s42_hotspots_p80_chr1	10	10	1405	470	764	0	0.33597709063365166	0.18244503612123833	0.17647058823529413	0.217623770236969	23.834531784057617	0.03507691148367436
cov10_n10_g0_s42_hotspots_p80_chr1	10	10	1406	977	1211	0	0.21892719495319987	0.09788102751355517	0.17647058823529413	0.20388466119766235	11.530025482177734	0.04271316364752052
cov10_n10_g0_s42_hotspots_p80_chr1	10	10	1407	730	1207	0	0.3119701946533069	0.15016853864297483	0.1111111111111111	0.2002623975276947	24.267623901367188	0.03555887412625606
cov10_n10_g0_s42_hotspots_p80_chr1	10	10	1408	892	1811	0	0.4784903866533519	0.3809876895442273	0.25	0.37052562832832336	16.676694869995117	0.032760265480410285
cov10_n10_g0_s42_hotspots_p80_chr1	10	10	1409	525	1142	0	0.11481252405176898	0.005347730359887287	0.17647058823529413	0.13039915263652802	7.752269744873047	0.05036301216756573
cov10_n10_g0_s42_hotspots_p80_chr1	10	10	1410	793	1449	0	0.43547926987599045	0.3267611408674849	0.17647058823529413	0.3293580114841461	17.482295989990234	0.03378777765130559
cov10_n10_g0_s42_hotspots_p80_chr1	10	10	1411	1027	2075	0	0.2622362621466014	0.13316143729000848	0.1111111111111111	0.2195088267326355	14.271893501281738	0.03971240748614712
cov10_n10_g0_s42_hotspots_p80_chr1	10	10	1412	1343	2432	0	0.44323243331920664	0.32970611526000754	0.17647058823529413	0.3156924247741699	19.71218490600586	0.03308919039905206
cov10_n10_g0_s42_hotspots_p80_chr1	10	10	1413	64	126	1	0.35581743134407845	0.043643578047198726	0.1111111111111111	0.1263473927974701	79.30886840820312	0.033041536193996655
cov10_n10_g0_s42_hotspots_p80_chr1	10	10	1414	46	68	1	0.30231940298399596	-0.06129713291745071	0.05263157894736842	0.11630434542894363	67.56785583496094	0.03382659228921798
cov10_n10_g0_s42_hotspots_p80_chr1	10	10	1415	932	1934	0	0.4626332744713532	0.3444795090423108	0.25	0.3009742498397827	23.627351760864258	0.03204079029308362
cov10_n10_g0_s42_hotspots_p80_chr1	10	10	1416	1082	2163	0	0.44775088733342217	0.38768078864742855	0.25	0.560357391834259	6.384732723236084	0.042507671425890604
cov10_n10_g0_s42_hotspots_p80_chr1	10	10	1417	947	2032	0	0.35795344573545296	0.2471917109028069	0.17647058823529413	0.30243980884552	14.007969856262207	0.03723237303785041
cov10_n10_g0_s42_hotspots_p80_chr1	10	10	1418	1062	1791	0	0.5085154205312141	0.4256485745999113	0.25	0.43603235483169556	13.600998878479004	0.03284766694367509
cov10_n10_g0_s42_hotspots_p80_chr1	10	10	1419	799	1721	0	0.40642392975111213	0.29779971427265456	0.25	0.3241616189479828	15.719380378723145	0.03513961713022639
cov10_n10_g0_s42_hotspots_p80_chr1	10	10	1420	1302	2407	0	0.3456690728166374	0.23769959395753387	0.25	0.30415797233581543	12.915839195251465	0.03817602560939653
cov10_n10_g0_s42_hotspots_p80_chr1	10	10	1421	1117	2051	0	0.48424231215587815	0.3816558835305164	0.17647058823529413	0.350375771522522	19.101049423217773	0.032069842364808775
cov10_n10_g0_s42_hotspots_p80_chr1	10	10	1422	993	1841	0	0.43964096847049244	0.29666840257473936	0.25	0.24244537949562073	32.88277816772461	0.03200038704804184
cov10_n10_g0_s42_hotspots_p80_chr1	10	10	1423	1329	2102	0	0.3093519301531339	0.19823934298933985	0.25	0.27858561277389526	12.33071231842041	0.0395886953171226
cov10_n10_g0_s42_hotspots_p80_chr1	10	10	1424	707	1906	0	0.15886424776937458	-0.021832979631843594	0.1111111111111111	0.11247296631336212	19.950605392456055	0.039942021584540736
cov10_n10_g0_s42_hotspots_p80_chr1	10	10	1425	1356	2247	0	0.4598628896739353	0.33992536838391046	0.25	0.29616907238960266	24.108888626098633	0.03206334634356026
cov10_n10_g0_s42_hotspots_p80_chr1	10	10	1426	37	76	1	0.2530394245073031	0.2021610146061607	0.17647058823529413	0.4692623019218445	2.9076695442199707	0.0661499750715288
cov10_n10_g0_s42_hotspots_p80_chr1	10	10	1427	567	1471	0	0.30402227115202524	0.11802672123096926	0.1111111111111111	0.17527739703655243	30.085622787475586	0.035032661324438955
cov10_n10_g0_s42_hotspots_p80_chr1	10	10	1428	753	1535	0	0.3125950074052916	0.12085968692977848	0.1111111111111111	0.17325621843338013	32.55265808105469	0.03465332195826673
cov10_n10_g0_s42_hotspots_p80_chr1	10	10	1429	896	1853	0	0.11836717881233023	0.04011649940532851	0.25	0.18074335157871246	4.288821220397949	0.06093189145887812
cov10_n10_g0_s42_hotspots_p80_chr1	10	10	1430	743	1989	0	0.3403607525045814	0.2548897868106006	0.17647058823529413	0.3703828454017639	8.444563865661621	0.04247687833956688
cov10_n10_g0_s42_hotspots_p80_chr1	10	10	1431	827	1464	0	0.32293967171955673	0.17154988866493526	0.1111111111111111	0.21626734733581543	22.297740936279297	0.03563602828108258
cov10_n10_g0_s42_hotspots_p80_chr1	10	10	1432	950	2285	0	0.5017390122484839	0.4263866401301373	0.25	0.47690385580062866	11.068634033203125	0.03445370194125755
cov10_n10_g0_s42_hotspots_p80_chr1	10	10	1433	1189	1998	0	0.2371856462098045	0.09185799053701689	0.1111111111111111	0.18456070125102997	16.515748977661133	0.039312231904610695
cov10_n10_g0_s42_hotspots_p80_chr1	10	10	1434	387	1315	0	0.25368333715462354	0.1239515535997371	0.17647058823529413	0.2136049121618271	14.104620933532715	0.04002776640651439
cov10_n10_g0_s42_hotspots_p80_chr1	10	10	1435	838	2022	0	0.49697018392988135	0.4233955334673899	0.25	0.48675602674484253	10.424088478088379	0.03510350023787102
cov10_n10_g0_s42_hotspots_p80_chr1	10	10	1436	1236	2221	0	0.2757982737569549	0.1223998110281913	0.17647058823529413	0.19520026445388794	19.96283721923828	0.03725805726021308
cov10_n10_g0_s42_hotspots_p80_chr1	10	10	1437	973	1655	0	0.3005265968838009	0.14917387592036838	0.1111111111111111	0.20805713534355164	20.864145278930664	0.03645505589941791
cov10_n10_g0_s42_hotspots_p80_chr1	10	10	1438	778	1512	0	0.3817718385691743	0.26071543889484566	0.17647058823529413	0.28625839948654175	17.786535263061523	0.03517289947267638
cov10_n10_g0_s42_hotspots_p80_chr1	10	10	1441	593	1518	0	0.3042228403943379	0.20565412347596124	0.1111111111111111	0.3064565360546112	9.854753494262695	0.041860266090376186
cov10_n10_g0_s42_hotspots_p80_chr1	10	10	1442	716	1532	0	0.3521638987234051	0.18228742825534558	0.17647058823529413	0.20204554498195648	30.380229949951172	0.034004969042241186
cov10_n10_g0_s42_hotspots_p80_chr1	10	10	1443	742	1512	0	0.2822901146920538	0.1865932879758212	0.1111111111111111	0.29978615045547485	8.866826057434082	0.043706792522723276
cov10_n10_g0_s42_hotspots_p80_chr1	10	10	1444	768	1604	0	0.29397136648079963	0.15849059063658527	0.1111111111111111	0.22648009657859802	16.84806251525879	0.03775877168450336
cov10_n10_g0_s42_hotspots_p80_chr1	10	10	1445	1232	2381	0	0.43134418261898977	0.31650491416182996	0.17647058823529413	0.31116971373558044	19.2155704498291	0.03350507220114451
cov10_n10_g0_s42_hotspots_p80_chr1	10	10	1446	1215	2339	0	0.3868209847012574	0.24036800665224592	0.17647058823529413	0.23875530064105988	26.24907684326172	0.03360534158514557
cov10_n10_g0_s42_hotspots_p80_chr1	10	10	1447	808	2071	0	0.27410754445390667	0.1215526241713483	0.1111111111111111	0.19536593556404114	19.685401916503906	0.03737075674004621
cov10_n10_g0_s42_hotspots_p80_chr1	10	10	1448	807	1961	0	0.4099956867540609	0.2927025660598306	0.25	0.30169546604156494	18.46804428100586	0.03424333576398968
cov10_n10_g0_s42_hotspots_p80_chr1	10	10	1449	839	1668	0	0.4749752715442229	0.37014941345958	0.25	0.34312519431114197	19.161821365356445	0.032319125158663
cov10_n10_g0_s42_hotspots_p80_chr1	10	10	1450	852	1856	0	0.2869690899772961	0.18177556963851188	0.17647058823529413	0.2789873480796814	10.5803804397583	0.041640890058572154
cov10_n10_g0_s42_hotspots_p80_chr1	10	10	1451	388	994	0	0.26685664582079244	0.1534882599900616	0.1111111111111111	0.24894848465919495	11.490453720092773	0.041418455400117224
cov10_n10_g0_s42_hotspots_p80_chr1	10	10	1452	976	2137	0	0.33594372060626365	0.1981832673302696	0.25	0.24022851884365082	19.556175231933594	0.03589725549597721
cov10_n10_g0_s42_hotspots_p80_chr1	10	10	1453	992	1974	0	0.44281068023593034	0.3639875488917767	0.17647058823529413	0.4466112554073334	9.830531120300293	0.03748360690263791
cov10_n10_g0_s42_hotspots_p80_chr1	10	10	1454	1346	2394	0	0.4750554244510214	0.382001476252398	0.25	0.38852307200431824	14.950471878051758	0.03338841479092245
cov10_n10_g0_s42_hotspots_p80_chr1	10	10	1455	1135	2757	0	0.5178936194787924	0.4240035023871048	0.25	0.3800288438796997	18.571542739868164	0.03119295880779055
cov10_n10_g0_s42_hotspots_p80_chr1	10	10	1456	390	830	0	0.3546779994313198	0.24415013484732703	0.17647058823529413	0.30167609453201294	13.822504043579102	0.03741834026363607
cov10_n10_g0_s42_hotspots_p80_chr1	10	10	1457	592	1345	0	0.160024160714305	0.07369973922371083	0.17647058823529413	0.2138422727584839	5.599947929382324	0.054291416659103225
cov10_n10_g0_s42_hotspots_p80_chr1	10	10	1458	1097	2139	0	0.25456495449678124	0.13685429330806398	0.17647058823529413	0.23316815495491028	11.919520378112793	0.041421971387340675
cov10_n10_g0_s42_hotspots_p80_chr1	10	10	1459	1255	2556	0	0.4595521228109861	0.3497651907368242	0.25	0.32719308137893677	19.727014541625977	0.032644542874490035
cov10_n10_g0_s42_hotspots_p80_chr1	10	10	1460	1163	1953	0	0.3828173200308159	0.24439702260583465	0.17647058823529413	0.25180327892303467	23.11322021484375	0.03407796785930311
cov10_n10_g0_s42_hotspots_p80_chr1	10	10	1461	842	1341	0	0.47537253236898314	0.37813614373157195	0.17647058823529413	0.37161263823509216	16.36391830444336	0.03293697343530789
cov10_n10_g0_s42_hotspots_p80_chr1	10	10	1462	1088	2542	0	0.2201630632305454	0.09213100189448015	0.05263157894736842	0.19497515261173248	12.750594139099121	0.04174815763433861
cov10_n10_g0_s42_hotspots_p80_chr1	10	10	1463	881	1715	0	0.5225738119890572	0.42875092371933954	0.25	0.3787382245063782	19.037809371948242	0.03097971264101199
cov10_n10_g0_s42_hotspots_p80_chr1	10	10	1464	1131	2031	0	0.33453735222386116	0.2161318270744516	0.17647058823529413	0.27510732412338257	14.787166595458984	0.03751745389515327
cov10_n10_g0_s42_hotspots_p80_chr1	10	10	1465	1353	2133	0	0.3415035152618303	0.17425896779702743	0.1111111111111111	0.20273587107658386	28.374557495117188	0.03440488058508059
cov10_n10_g0_s42_hotspots_p80_chr1	10	10	1466	1374	2236	0	0.5238104415728023	0.4734959563064125	0.3333333333333333	0.6654579043388367	6.195939540863037	0.04004754416421214
cov10_n10_g0_s42_hotspots_p80_chr1	10	10	1467	886	1944	0	0.33387923571203176	0.24606448479101234	0.17647058823529413	0.35799384117126465	8.698166847229004	0.04233319984474972
cov10_n10_g0_s42_hotspots_p80_chr1	10	10	1468	626	1766	0	0.3884013488995948	0.2697917429436513	0.25	0.2936643064022064	17.492794036865234	0.03507733254477476
cov10_n10_g0_s42_hotspots_p80_chr1	10	10	1469	1039	2114	0	0.40161963928352284	0.3256722553563313	0.17647058823529413	0.44449183344841003	8.163987159729004	0.04086422713262516
cov10_n10_g0_s42_hotspots_p80_chr1	10	10	1470	327	1197	0	0.3666758182053183	0.25214340033695043	0.25	0.29658031463623047	15.285507202148438	0.036418639435766835
cov10_n10_g0_s42_hotspots_p80_chr1	10	10	1471	45	105	1	0.29938960893077726	0.2158618949796463	0.17647058823529413	0.3500000238418579	7.31707239151001	0.045643546839643286
cov10_n10_g0_s42_hotspots_p80_chr1	10	10	1473	650	1832	0	0.4238892343745616	0.3197275124472272	0.17647058823529413	0.34152692556381226	15.404757499694824	0.03475083218381322
cov10_n10_g0_s42_hotspots_p80_chr1	10	10	1474	974	1810	0	0.5409597883421343	0.45582232467419675	0.25	0.4176047146320343	16.780277252197266	0.030836833173202835
cov10_n10_g0_s42_hotspots_p80_chr1	10	10	1475	732	1593	0	0.5331029762483535	0.4480290050282172	0.3333333333333333	0.42053157091140747	16.07033920288086	0.031249026329073105
cov10_n10_g0_s42_hotspots_p80_chr1	10	10	1476	866	1863	0	0.36997579035509537	0.2727956366370836	0.17647058823529413	0.3457240164279938	11.452160835266113	0.03843419098389847
cov10_n10_g0_s42_hotspots_p80_chr1	10	10	1477	445	1297	0	0.4896224114948417	0.4061378918793163	0.25	0.43270960450172424	12.803524017333984	0.033830751494099635
cov10_n10_g0_s42_hotspots_p80_chr1	10	10	1479	127	411	1	0.3410596971590679	0.21653298295670123	0.1111111111111111	0.26542386412620544	16.51128578186035	0.036653763107737033
cov10_n10_g0_s42_hotspots_p80_chr1	10	10	1480	968	2266	0	0.536213993169839	0.4678170778478763	0.3333333333333333	0.5213130712509155	10.579837799072266	0.0335888349567659
cov10_n10_g0_s42_hotspots_p80_chr1	10	10	1481	796	1384	0	0.3896940791682213	0.27987269362231193	0.25	0.3161907196044922	15.18970775604248	0.03581129361160507
cov10_n10_g0_s42_hotspots_p80_chr1	10	10	1482	986	1571	0	0.45679704188338166	0.3918797569701141	0.3333333333333333	0.5305495858192444	7.413011074066162	0.040122942709287075
cov10_n10_g0_s42_hotspots_p80_chr1	10	10	1483	1516	2461	0	0.5615112434881514	0.47655377296444273	0.3333333333333333	0.4077286124229431	18.9659481048584	0.02982875114417636
cov10_n10_g0_s42_hotspots_p80_chr1	10	10	1484	924	1286	0	0.49005093167102726	0.4066767370368198	0.25	0.43328142166137695	12.79211139678955	0.03382249450095789
cov10_n10_g0_s42_hotspots_p80_chr1	10	10	1485	529	1362	0	0.13658553477351087	0.058929461761407786	0.17647058823529413	0.20569445192813873	4.409245491027832	0.059755468755217395
cov10_n10_g0_s42_hotspots_p80_chr1	10	10	1486	1010	1542	0	0.5603476319528907	0.5023796496119718	0.3333333333333333	0.5996972322463989	8.73073959350586	0.034387206004146534
cov10_n10_g0_s42_hotspots_p80_chr1	10	10	1487	222	616	0	0.2609568535216256	0.1778413510600309	0.17647058823529413	0.3209916353225708	6.609216690063477	0.048361337964774334
cov10_n10_g0_s42_hotspots_p80_chr1	10	10	1488	444	829	0	0.32631884023864166	0.25150973669203547	0.17647058823529413	0.40457382798194885	6.505621910095215	0.04647559181611995
cov10_n10_g0_s42_hotspots_p80_chr1	10	10	1489	114	406	1	0.17093217531514918	0.06723721295216807	0.17647058823529413	0.19209101796150208	7.91832971572876	0.04846017260962499
cov10_n10_g0_s42_hotspots_p80_chr1	10	10	1490	380	990	0	0.36464755573151264	0.3103689540544447	0.1111111111111111	0.553844690322876	4.334815979003906	0.05243106908681448
cov10_n10_g0_s42_hotspots_p80_chr1	10	10	1491	482	1194	0	0.3652108298958216	0.2540846774098269	0.17647058823529413	0.3043794631958008	14.396492004394531	0.036841803031882885
cov10_n10_g0_s42_hotspots_p80_chr1	10	10	1492	579	2133	0	0.3601251309629572	0.26413266030290683	0.17647058823529413	0.3449527621269226	10.899023056030273	0.039172820769217145
cov10_n10_g0_s42_hotspots_p80_chr1	10	10	1493	437	1091	0	0.19059786846680393	0.06474042652452398	0.17647058823529413	0.17700526118278503	11.594813346862793	0.043422979107659965
cov10_n10_g0_s42_hotspots_p80_chr1	10	10	1494	645	1669	0	0.2902286420388916	0.18918248110284627	0.1111111111111111	0.29110726714134216	9.939726829528809	0.04218781404812268
cov10_n10_g0_s42_hotspots_p80_chr1	10	10	1495	821	1469	0	0.4717179154904802	0.39045123321671077	0.25	0.44155678153038025	11.412784576416016	0.03523309518755868
cov10_n10_g0_s42_hotspots_p80_chr1	10	10	1496	910	1819	0	0.4550049912531665	0.3399662592087466	0.25	0.31113332509994507	21.386474609375	0.03250612554814483
cov10_n10_g0_s42_hotspots_p80_chr1	10	10	1497	906	1843	0	0.27438020472823876	0.15219639769693472	0.17647058823529413	0.2374592125415802	13.351424217224121	0.03990716411304421
cov10_n10_g0_s42_hotspots_p80_chr1	10	10	1498	723	1853	0	0.42026571957067016	0.339441966897293	0.17647058823529413	0.429287850856781	9.584087371826172	0.03848409558159401
cov10_n10_g0_s42_hotspots_p80_chr1	10	10	1499	1286	1887	0	0.5096740822687873	0.41682417118793313	0.3333333333333333	0.3870377242565155	17.341175079345703	0.03167386149174869
cov10_n10_g0_s42_hotspots_p80_chr1	10	10	1500	801	1421	0	0.48103351608039807	0.3918299532422545	0.25	0.40539106726646423	14.079986572265625	0.033530691332883576
cov10_n10_g0_s42_hotspots_p80_chr1	10	10	1501	559	1337	0	0.37729190997569945	0.2974379866920749	0.17647058823529413	0.4140724539756775	8.302372932434082	0.041477853792124965
cov10_n10_g0_s42_hotspots_p80_chr1	10	10	1502	1088	2246	0	0.484681520895906	0.3776858623992255	0.17647058823529413	0.33382564783096313	21.08013916015625	0.03175548834519925
cov10_n10_g0_s42_hotspots_p80_chr1	10	10	1503	1012	2300	0	0.4261478309537708	0.3050920226517212	0.1111111111111111	0.2943170964717865	20.964744567871094	0.033323359780011094
cov10_n10_g0_s42_hotspots_p80_chr1	10	10	1504	696	1371	0	0.3879965683868753	0.2604200311980394	0.17647058823529413	0.2736973464488983	20.096227645874023	0.03446395101536163
cov10_n10_g0_s42_hotspots_p80_chr1	10	10	1505	637	1108	0	0.5406735783392093	0.45620029055840366	0.25	0.42147594690322876	16.456016540527344	0.030917806372494153
cov10_n10_g0_s42_hotspots_p80_chr1	10	10	1506	755	1800	0	0.4259034378727481	0.3244988771023951	0.17647058823529413	0.3508484661579132	14.736116409301758	0.03494473977770291
cov10_n10_g0_s42_hotspots_p80_chr1	10	10	1507	797	1656	0	0.27473149804718283	0.11265997233348922	0.1111111111111111	0.18572001159191132	21.882627487182617	0.03683652181414957
cov10_n10_g0_s42_hotspots_p80_chr1	10	10	1508	297	971	0	0.2544309258327964	0.19951155925763606	0.25	0.4436871409416199	3.2884109020233154	0.06278543008174135
cov10_n10_g0_s42_hotspots_p80_chr1	10	10	1509	993	1668	0	0.4322198360004383	0.28791388558288006	0.17647058823529413	0.2416193187236786	31.999717712402344	0.0321959652404874
cov10_n10_g0_s42_hotspots_p80_chr1	10	10	1510	990	2303	0	0.4083277298493738	0.3160677231278758	0.25	0.37775900959968567	11.683906555175781	0.03708706230968586
cov10_n10_g0_s42_hotspots_p80_chr1	10	10	1511	840	1921	0	0.46188071769016364	0.3589501733067876	0.17647058823529413	0.35024431347846985	17.390718460083008	0.033063022461956665
cov10_n10_g0_s42_hotspots_p80_chr1	10	10	1512	1114	1832	0	0.4852289236986269	0.39717728321984636	0.25	0.410780131816864	13.953218460083008	0.03344996587433957
cov10_n10_g0_s42_hotspots_p80_chr1	10	10	1513	845	2055	0	0.30700357618180424	0.13317025265692667	0.1111111111111111	0.1865748167037964	27.07577133178711	0.03528782075879353
cov10_n10_g0_s42_hotspots_p80_chr1	10	10	1514	772	1499	0	0.33574984755053705	0.13837396624328926	0.17647058823529413	0.17409619688987732	37.19230270385742	0.03392418876052575
cov10_n10_g0_s42_hotspots_p80_chr1	10	10	1515	713	1359	0	0.2674378320843521	0.11880202135504694	0.1111111111111111	0.19664762914180756	18.495595932006836	0.03787106413699043
cov10_n10_g0_s42_hotspots_p80_chr1	10	10	1516	981	2130	0	0.2927266161979953	0.1377295791840762	0.25	0.20066210627555847	21.281082153320312	0.03654751576342333
cov10_n10_g0_s42_hotspots_p80_chr1	10	10	1517	602	1594	0	0.38892870000562196	0.22444991052641303	0.1111111111111111	0.212357759475708	33.54314422607422	0.03304179147896464
cov10_n10_g0_s42_hotspots_p80_chr1	10	10	1518	838	1633	0	0.25069661692086664	0.0739845822332947	0.1111111111111111	0.16264687478542328	23.757761001586914	0.03700711661129525
cov10_n10_g0_s42_hotspots_p80_chr1	10	10	1519	789	1677	0	0.07912487599150002	-0.0975387161210869	0.05263157894736842	0.06165061891078949	16.472187042236328	0.04306655802244305
cov10_n10_g0_s42_hotspots_p80_chr1	10	10	1520	782	1775	0	0.3322967991773266	0.2031909408392026	0.1111111111111111	0.2534591257572174	17.188440322875977	0.036654947361358055
cov10_n10_g0_s42_hotspots_p80_chr1	10	10	1521	1459	2874	0	0.21747661699847418	0.0950029241842029	0.17647058823529413	0.20079782605171204	11.730245590209961	0.042586696996595536
cov10_n10_g0_s42_hotspots_p80_chr1	10	10	1522	1459	2125	0	0.2912726268014215	0.19936635155442237	0.17647058823529413	0.3168579936027527	8.4502592086792	0.04401249495457663
cov10_n10_g0_s42_hotspots_p80_chr1	10	10	1523	1661	2644	0	0.3793316504848652	0.2565751689253511	0.25	0.28183215856552124	18.115781784057617	0.03514862333021488
cov10_n10_g0_s42_hotspots_p80_chr1	10	10	1524	1066	1616	0	0.36058218693515093	0.18276193830712756	0.05263157894736842	0.19488874077796936	34.23221969604492	0.03358468759352325
cov10_n10_g0_s42_hotspots_p80_chr1	10	10	1525	1304	2036	0	0.348826215875569	0.20152216193941805	0.17647058823529413	0.22975918650627136	23.05008316040039	0.034898415442317456
cov10_n10_g0_s42_hotspots_p80_chr1	10	10	1526	735	1101	0	0.24236661039268714	0.08380232246909719	0.1111111111111111	0.17396849393844604	19.409053802490234	0.038198273383814804
cov10_n10_g0_s42_hotspots_p80_chr1	10	10	1527	764	1429	0	0.3286619747552812	0.23772769247739117	0.25	0.34425216913223267	9.114767074584961	0.04196153565896268
cov10_n10_g0_s42_hotspots_p80_chr1	10	10	1528	1273	2476	0	0.20170335993151253	0.07203302455353203	0.05263157894736842	0.1803303062915802	12.510910987854004	0.04240639317302536
cov10_n10_g0_s42_hotspots_p80_chr1	10	10	1529	1592	2327	0	0.4254385261365796	0.30057241163837856	0.25	0.28491055965423584	22.297515869140625	0.03314097372763171
cov10_n10_g0_s42_hotspots_p80_chr1	10	10	1530	1128	2808	0	0.20481173565249441	0.0727582680768256	0.1111111111111111	0.1796242594718933	13.001090049743652	0.04198091580759895
cov10_n10_g0_s42_hotspots_p80_chr1	10	10	1531	670	2369	0	0.31037725211922	0.23823655556484172	0.3333333333333333	0.40465086698532104	5.883271217346191	0.04861112275593128
cov10_n10_g0_s42_hotspots_p80_chr1	10	10	1532	878	2049	0	0.4416026842734568	0.36160745631724145	0.17647058823529413	0.44051888585090637	10.049267768859863	0.03731721522988283
cov10_n10_g0_s42_hotspots_p80_chr1	10	10	1533	601	1317	0	0.22895310746757006	0.079094178108747	0.05263157894736842	0.1752164363861084	17.07431983947754	0.039294433597991146
cov10_n10_g0_s42_hotspots_p80_chr1	10	10	1534	552	1206	0	0.4117307400792009	0.32567428726097497	0.17647058823529413	0.40323421359062195	10.425856590270996	0.03795861728068514
cov10_n10_g0_s42_hotspots_p80_chr1	10	10	1535	440	952	0	0.3438619310051119	0.19082061247655505	0.17647058823529413	0.2204754650592804	24.32470703125	0.034823729650506285
cov10_n10_g0_s42_hotspots_p80_chr1	10	10	1536	957	1713	0	0.18317320553492294	0.03622074542902428	0.1111111111111111	0.15003299713134766	14.905628204345703	0.0413947685285857
cov10_n10_g0_s42_hotspots_p80_chr1	10	10	1537	845	2153	0	0.08117255063583685	0.013040313871513833	0.17647058823529413	0.14660456776618958	3.0656557083129883	0.0704337955549805
cov10_n10_g0_s42_hotspots_p80_chr1	10	10	1538	952	1948	0	0.4612506863630303	0.36466040851228715	0.17647058823529413	0.37347421050071716	15.252914428710938	0.03370207605636702
cov10_n10_g0_s42_hotspots_p80_chr1	10	10	1539	972	2189	0	0.4201117370967811	0.30106734629766724	0.25	0.2988024353981018	19.76793670654297	0.03369467261375329
cov10_n10_g0_s42_hotspots_p80_chr1	10	10	1540	717	1877	0	0.24396452555937526	0.17226153359747076	0.42857142857142855	0.3469882309436798	4.943378925323486	0.05395520661008982
cov10_n10_g0_s42_hotspots_p80_chr1	10	10	1541	1030	2274	0	0.5558565418148799	0.4678234097532555	0.25	0.39227330684661865	20.079269409179688	0.029863846868652556
cov10_n10_g0_s42_hotspots_p80_chr1	10	10	1542	295	701	0	0.34005534972237034	0.21818975169759033	0.17647058823529413	0.2702992856502533	15.827394485473633	0.03693266373764911
cov10_n10_g0_s42_hotspots_p80_chr1	10	10	1543	180	438	1	0.34800846556847365	0.26298379263832894	0.25	0.37660396099090576	8.539055824279785	0.04209931339413154
cov10_n10_g0_s42_hotspots_p80_chr1	10	10	1544	218	431	0	0.24365144106682762	0.03429678086153782	0.1111111111111111	0.13943693041801453	30.533903121948242	0.03620481495048877
cov10_n10_g0_s42_hotspots_p80_chr1	10	10	1545	481	1444	0	0.4103089282535914	0.2942470463397762	0.17647058823529413	0.3048970699310303	18.1098690032959	0.03432183814089409
cov10_n10_g0_s42_hotspots_p80_chr1	10	10	1546	414	1384	0	0.23342536582301285	0.1298308697283127	0.17647058823529413	0.24504072964191437	9.074435234069824	0.044887576150666963
cov10_n10_g0_s42_hotspots_p80_chr1	10	10	1547	947	1733	0	0.38584468802623484	0.2473101194551452	0.17647058823529413	0.25212857127189636	23.419677734375	0.033962004561602865
cov10_n10_g0_s42_hotspots_p80_chr1	10	10	1548	134	288	1	0.27612263305409224	0.10703675208526604	0.1111111111111111	0.17971093952655792	23.607770919799805	0.03647203551699858
cov10_n10_g0_s42_hotspots_p80_chr1	10	10	1549	231	569	0	0.39235107291825827	0.27920194102955775	0.17647058823529413	0.3081977069377899	16.20656394958496	0.03536662598331626
cov10_n10_g0_s42_hotspots_p80_chr1	10	10	1550	980	1603	0	0.40808126128816163	0.30400488787183566	0.25	0.3379918038845062	14.577430725097656	0.03553182221344542
cov10_n10_g0_s42_hotspots_p80_chr1	10	10	1551	1509	2423	0	0.30184891201453057	0.1742449392916517	0.17647058823529413	0.24270668625831604	15.467341423034668	0.038097082076455166
cov10_n10_g0_s42_hotspots_p80_chr1	10	10	1552	731	1429	0	0.23336690656611667	0.1267212642967718	0.17647058823529413	0.23885789513587952	9.545515060424805	0.04429865439762995
cov10_n10_g0_s42_hotspots_p80_chr1	10	10	1553	894	1583	0	0.46526400089733727	0.3517303148374703	0.17647058823529413	0.3148144781589508	21.84185218811035	0.032175448765782794
cov10_n10_g0_s42_hotspots_p80_chr1	10	10	1554	784	1754	0	0.35840700309938744	0.2485117797349636	0.25	0.3047938048839569	13.827404975891113	0.037309747795370544
cov10_n10_g0_s42_hotspots_p80_chr1	10	10	1555	1018	1545	0	0.2788337323632673	0.10340391941128557	0.1111111111111111	0.17527145147323608	25.308612823486328	0.036134809049280174
cov10_n10_g0_s42_hotspots_p80_chr1	10	10	1556	419	1339	0	0.3308585024937549	0.2394357579051088	0.17647058823529413	0.34396690130233765	9.25233268737793	0.0417264105574107
cov10_n10_g0_s42_hotspots_p80_chr1	10	10	1557	888	1946	0	0.1755635710189334	0.07231812233272765	0.1111111111111111	0.19706875085830688	7.93657922744751	0.04829403823048217
cov10_n10_g0_s42_hotspots_p80_chr1	10	10	1558	1033	1991	0	0.35716176865043253	0.19177818268385668	0.1111111111111111	0.20804573595523834	29.47218132019043	0.0339707877425553
cov10_n10_g0_s42_hotspots_p80_chr1	10	10	1559	1219	2219	0	0.2308201296225433	0.11187716035689577	0.1111111111111111	0.21536049246788025	11.487228393554688	0.0424236228559227
cov10_n10_g0_s42_hotspots_p80_chr1	10	10	1560	1072	2210	0	0.5276199772805282	0.4396388217876322	0.3333333333333333	0.40656933188438416	16.841205596923828	0.031237857494574927
cov10_n10_g0_s42_hotspots_p80_chr1	10	10	1561	1043	2609	0	0.4390047768526278	0.3289066626713987	0.1111111111111111	0.32556357979774475	18.183053970336914	0.03351931269569381
cov10_n10_g0_s42_hotspots_p80_chr1	10	10	1562	691	1688	0	0.3749608637879126	0.2801015152097235	0.25	0.3554755449295044	11.126343727111816	0.03853272667241169
cov10_n10_g0_s42_hotspots_p80_chr1	10	10	1563	1136	2190	0	0.5337715797189606	0.45282227270020575	0.3333333333333333	0.44341257214546204	14.490883827209473	0.03168721742684702
cov10_n10_g0_s42_hotspots_p80_chr1	10	10	1564	1199	2576	0	0.2607197405544135	0.1330227887594302	0.1111111111111111	0.22070933878421783	13.95424747467041	0.03992507135560667
cov10_n10_g0_s42_hotspots_p80_chr1	10	10	1565	786	1791	0	0.3075412404822093	0.1995289772853386	0.25	0.28464990854263306	11.673055648803711	0.04011505084274662
cov10_n10_g0_s42_hotspots_p80_chr1	10	10	1566	479	942	0	0.5187953653098498	0.44509341606120245	0.42857142857142855	0.4873729944229126	11.33102798461914	0.033685799919055404
cov10_n10_g0_s42_hotspots_p80_chr1	10	10	1567	981	2112	0	0.4686837971348268	0.38640102897221107	0.25	0.43605566024780273	11.55250072479248	0.03524028491549561
cov10_n10_g0_s42_hotspots_p80_chr1	10	10	1568	1221	2239	0	0.5484561379959106	0.48124551047583963	0.3333333333333333	0.5287692546844482	10.758492469787598	0.033014384266392145
cov10_n10_g0_s42_hotspots_p80_chr1	10	10	1569	1125	2303	0	0.38943399692047376	0.31830848080457297	0.25	0.4629097580909729	7.077421188354492	0.043115028040304613
cov10_n10_g0_s42_hotspots_p80_chr1	10	10	1570	978	1755	0	0.36923275760137186	0.22624892152483084	0.17647058823529413	0.2413633167743683	23.402265548706055	0.03436172289349427
cov10_n10_g0_s42_hotspots_p80_chr1	10	10	1571	1151	2221	0	0.32172758526838696	0.2023157072699776	0.25	0.26726076006889343	14.491264343261719	0.03800574656778213
cov10_n10_g0_s42_hotspots_p80_chr1	10	10	1572	479	1076	0	0.23654781812170406	0.0793119085832805	0.05263157894736842	0.17221643030643463	18.86638832092285	0.03849692051238364
cov10_n10_g0_s42_hotspots_p80_chr1	10	10	1573	656	1455	0	0.3108435495964964	0.17606254928988702	0.1111111111111111	0.2351340353488922	17.476430892944336	0.03711352793006192
cov10_n10_g0_s42_hotspots_p80_chr1	10	10	1574	936	1808	0	0.10628236174563913	0.010408982807133397	0.1111111111111111	0.13707679510116577	6.011660575866699	0.054649797902267525
cov10_n10_g0_s42_hotspots_p80_chr1	10	10	1575	683	1750	0	0.349887650027899	0.2410500538434453	0.17647058823529413	0.3038521409034729	13.259665489196777	0.03785601928490246
cov10_n10_g0_s42_hotspots_p80_chr1	10	10	1576	688	2486	0	0.19316965783793644	0.005589161456053463	0.05263157894736842	0.1279277205467224	22.800722122192383	0.03845008406369482
cov10_n10_g0_s42_hotspots_p80_chr1	10	10	1577	885	2503	0	0.4846172535244422	0.40038848940737415	0.3333333333333333	0.42871564626693726	12.777886390686035	0.0340068145832865
cov10_n10_g0_s42_hotspots_p80_chr1	10	10	1578	140	387	1	0.09538580508552114	0.03803583601797636	0.1111111111111111	0.19763892889022827	2.32928466796875	0.07824549059870368
cov10_n10_g0_s42_hotspots_p80_chr1	10	10	1579	935	2034	0	0.4042817381457633	0.2861257130985449	0.17647058823529413	0.29844552278518677	18.350086212158203	0.0344250181762486
cov10_n10_g0_s42_hotspots_p80_chr1	10	10	1580	994	1710	0	0.5274223182002854	0.4491815490848384	0.25	0.4599904417991638	13.146780014038086	0.032416462762587084
cov10_n10_g0_s42_hotspots_p80_chr1	10	10	1581	591	1052	0	0.3580084298863093	0.2588121151058421	0.17647058823529413	0.3340531587600708	11.485644340515137	0.03877089293541669
cov10_n10_g0_s42_hotspots_p80_chr1	10	10	1582	1021	2380	0	0.4203939930204973	0.32958697940640164	0.25	0.38721588253974915	11.787093162536621	0.036639354149891015
cov10_n10_g0_s42_hotspots_p80_chr1	10	10	1583	1178	2702	0	0.5082579871733016	0.43825642682272486	0.25	0.5098270177841187	9.938544273376465	0.03511640677921053
cov10_n10_g0_s42_hotspots_p80_chr1	10	10	1584	942	2281	0	0.4687262033212781	0.3851920965606689	0.25	0.43006595969200134	11.878682136535645	0.035030562299325815
cov10_n10_g0_s42_hotspots_p80_chr1	10	10	1585	1185	2061	0	0.48939598378391613	0.4118008163962404	0.17647058823529413	0.46315667033195496	11.165159225463867	0.03480894277165215
cov10_n10_g0_s42_hotspots_p80_chr1	10	10	1586	694	1627	0	0.43736812372612177	0.32859528538202837	0.25	0.32941052317619324	17.628662109375	0.033697866773094304
cov10_n10_g0_s42_hotspots_p80_chr1	10	10	1587	749	2032	0	0.46084840345039046	0.36537577144547123	0.3333333333333333	0.37774762511253357	14.883761405944824	0.03384482819166207
cov10_n10_g0_s42_hotspots_p80_chr1	10	10	1588	952	2082	0	0.27286776719950373	0.15686172155648007	0.17647058823529413	0.24765047430992126	12.14021110534668	0.04074935700444643
cov10_n10_g0_s42_hotspots_p80_chr1	10	10	1589	837	1834	0	0.45410098623131473	0.3844700558319116	0.25	0.5001260042190552	8.244153022766113	0.038934702038599014
cov10_n10_g0_s42_hotspots_p80_chr1	10	10	1590	1123	2073	0	0.5276062342846776	0.4531781054069601	0.3333333333333333	0.48269668221473694	11.947339057922363	0.03300782317206761
cov10_n10_g0_s42_hotspots_p80_chr1	10	10	1591	850	2039	0	0.2628598448719179	0.12703096870992983	0.1111111111111111	0.21026013791561127	15.629121780395508	0.03904021804637623
cov10_n10_g0_s42_hotspots_p80_chr1	10	10	1592	868	1931	0	0.36567971033914115	0.24875392330433585	0.25	0.29061761498451233	15.832804679870605	0.03623473347640075
cov10_n10_g0_s42_hotspots_p80_chr1	10	10	1593	823	1784	0	0.36421444207842923	0.1992330949335701	0.05263157894736842	0.20966745913028717	30.175350189208984	0.03376502296296589
cov10_n10_g0_s42_hotspots_p80_chr1	10	10	1594	124	207	1	0.2178858921617067	0.02767829576947209	0.05263157894736842	0.13870644569396973	24.675437927246094	0.037547443723154064
cov10_n10_g0_s42_hotspots_p80_chr1	10	10	1595	945	1781	0	0.4094114541116661	0.3181431038127672	0.17647058823529413	0.381833016872406	11.496695518493652	0.037184491937640986
cov10_n10_g0_s42_hotspots_p80_chr1	10	10	1596	829	2060	0	0.3095393225986642	0.19513791115631257	0.1111111111111111	0.27155637741088867	12.993062973022461	0.039155597604646264
cov10_n10_g0_s42_hotspots_p80_chr1	10	10	1597	833	1471	0	0.48314241967559607	0.36948114480719646	0.25	0.3103957176208496	24.228076934814453	0.031463329548716716
cov10_n10_g0_s42_hotspots_p80_chr1	10	10	1598	831	2142	0	0.3201751445002896	0.21965054007308468	0.17647058823529413	0.31063491106033325	10.623674392700195	0.04062056410254011
cov10_n10_g0_s42_hotspots_p80_chr1	10	10	1599	857	1530	0	0.5483302752439769	0.4481031251833839	0.25	0.297136127948761	34.05443572998047	0.029567196873589986
cov10_n10_g0_s42_hotspots_p80_chr1	10	10	1600	873	2154	0	0.5200621679989654	0.4333662031073141	0.25	0.4150019884109497	15.703996658325195	0.03175642852748993
cov10_n10_g0_s42_hotspots_p80_chr1	10	10	1601	1256	2445	0	0.29090003411653537	0.18217927201564874	0.17647058823529413	0.2733910083770752	11.321897506713867	0.040872701932056034
cov10_n10_g0_s42_hotspots_p80_chr1	10	10	1602	915	2100	0	0.4928790409395583	0.40445909965187243	0.25	0.4091947674751282	14.508434295654297	0.03299365028775172
cov10_n10_g0_s42_hotspots_p80_chr1	10	10	1603	1386	2607	0	0.43928909443271547	0.31181951196056673	0.17647058823529413	0.278470516204834	24.885272979736328	0.032498135831885024
cov10_n10_g0_s42_hotspots_p80_chr1	10	10	1604	1035	2365	0	0.4375178183661892	0.34013902466185764	0.25	0.3671218156814575	14.202710151672363	0.034818231924458425
cov10_n10_g0_s42_hotspots_p80_chr1	10	10	1605	982	2013	0	0.18406587113536996	0.05008841284454703	0.1111111111111111	0.1630566418170929	12.742938995361328	0.04270004475608452
cov10_n10_g0_s42_hotspots_p80_chr1	10	10	1606	830	2160	0	0.267591546543488	0.1270096394076376	0.17647058823529413	0.20648929476737976	16.793827056884766	0.03844603776167749
cov10_n10_g0_s42_hotspots_p80_chr1	10	10	1607	716	2075	0	0.43879778084439286	0.3563992513847135	0.25	0.42834270000457764	10.494122505187988	0.03701737803128551
cov10_n10_g0_s42_hotspots_p80_chr1	10	10	1608	1239	2623	0	0.4563155422429539	0.3667012283288944	0.25	0.4007992744445801	12.962138175964355	0.03481880015273727
cov10_n10_g0_s42_hotspots_p80_chr1	10	10	1609	1223	2713	0	0.5747091876208971	0.5099707560902411	0.3333333333333333	0.542701780796051	11.214344024658203	0.03174727546441528
cov10_n10_g0_s42_hotspots_p80_chr1	10	10	1610	954	1855	0	0.5546208861574734	0.4815988897692835	0.3333333333333333	0.48776742815971375	12.929059028625488	0.031581575043160996
cov10_n10_g0_s42_hotspots_p80_chr1	10	10	1611	956	1979	0	0.47213876774348107	0.3953916882018725	0.17647058823529413	0.46489307284355164	10.314144134521484	0.036051287915669535
cov10_n10_g0_s42_hotspots_p80_chr1	10	10	1612	1141	2152	0	0.3617017111829022	0.25962215274543593	0.25	0.32725659012794495	12.215865135192871	0.03814600852760993
cov10_n10_g0_s42_hotspots_p80_chr1	10	10	1613	894	2032	0	0.4974458160774417	0.42030630420643184	0.25	0.46647214889526367	11.372084617614746	0.034394802587695956
cov10_n10_g0_s42_hotspots_p80_chr1	10	10	1614	911	1909	0	0.4086505150321061	0.28075999562055026	0.17647058823529413	0.2765360474586487	21.837385177612305	0.03363142557173098
cov10_n10_g0_s42_hotspots_p80_chr1	10	10	1615	1377	2419	0	0.5473255129349486	0.4703144671088355	0.3333333333333333	0.46382659673690796	13.924517631530762	0.031434546587724585
cov10_n10_g0_s42_hotspots_p80_chr1	10	10	1616	1332	2121	0	0.4860699675654239	0.3911066305643902	0.25	0.38059329986572266	16.310800552368164	0.032632500750928196
cov10_n10_g0_s42_hotspots_p80_chr1	10	10	1617	1164	2134	0	0.5268905573634387	0.4417516492626708	0.25	0.4217454791069031	15.607736587524414	0.03156772385973591
cov10_n10_g0_s42_hotspots_p80_chr1	10	10	1618	1244	2449	0	0.4515650612407971	0.33970772366616125	0.17647058823529413	0.32083237171173096	19.80999183654785	0.03284682239932591
cov10_n10_g0_s42_hotspots_p80_chr1	10	10	1619	836	2181	0	0.6291005292835966	0.5619704762567216	0.42857142857142855	0.48725828528404236	16.669462203979492	0.027959408137237237
cov10_n10_g0_s42_hotspots_p80_chr1	10	10	1620	805	1876	0	0.5348133006492714	0.44730073348125937	0.17647058823529413	0.4067210257053375	17.29064178466797	0.030921381318406712
cov10_n10_g0_s42_hotspots_p80_chr1	10	10	1621	1403	2721	0	0.4547635637998424	0.39106420704146	0.25	0.5378978252410889	7.14778995513916	0.04066998592932504
cov10_n10_g0_s42_hotspots_p80_chr1	10	10	1622	1191	1991	0	0.5166640184563079	0.4443286836103981	0.3333333333333333	0.49572864174842834	10.862464904785156	0.0340797600782489
cov10_n10_g0_s42_hotspots_p80_chr1	10	10	1623	517	1306	0	0.5404596658437283	0.47156120171145566	0.3333333333333333	0.5176592469215393	10.900306701660156	0.03320555198632181
cov10_n10_g0_s42_hotspots_p80_chr1	10	10	1624	1160	2497	0	0.548260245597237	0.4693207929497758	0.25	0.451646089553833	14.735909461975098	0.031131216990349455
cov10_n10_g0_s42_hotspots_p80_chr1	10	10	1625	1190	2502	0	0.544547662825127	0.4471757444697046	0.25	0.3437648117542267	25.09279441833496	0.0298117258005115
cov10_n10_g0_s42_hotspots_p80_chr1	10	10	1626	907	2313	0	0.6075972733416811	0.5443792698825659	0.3333333333333333	0.5424855947494507	12.544554710388184	0.02983679432754716
cov10_n10_g0_s42_hotspots_p80_chr1	10	10	1627	1095	2247	0	0.4784671502643238	0.3946787852906978	0.3333333333333333	0.4302297532558441	12.368111610412598	0.034425124506915934
cov10_n10_g0_s42_hotspots_p80_chr1	10	10	1628	845	2051	0	0.4515488134561294	0.3737787712556569	0.25	0.4544895589351654	9.871010780334473	0.037149838544382065
cov10_n10_g0_s42_hotspots_p80_chr1	10	10	1629	1389	2694	0	0.4393257939458856	0.34146867168300926	0.25	0.3657517731189728	14.427812576293945	0.03466991232791087
cov10_n10_g0_s42_hotspots_p80_chr1	10	10	1630	1169	2307	0	0.3585006078889594	0.22705634366719982	0.17647058823529413	0.25841760635375977	19.24578285217285	0.03540408043079675
cov10_n10_g0_s42_hotspots_p80_chr1	10	10	1631	1034	1865	0	0.5936371722833371	0.5485389295814614	0.42857142857142855	0.7231577038764954	6.738699913024902	0.03601475693032476
cov10_n10_g0_s42_hotspots_p80_chr1	10	10	1632	365	954	0	0.5765594552741088	0.503385025185173	0.3333333333333333	0.47905832529067993	14.484760284423828	0.030254422348323838
cov10_n10_g0_s42_hotspots_p80_chr1	10	10	1633	424	1078	0	0.6329256589889761	0.5652529578396644	0.42857142857142855	0.4754151701927185	17.723905563354492	0.027689788028088552
cov10_n10_g0_s42_hotspots_p80_chr1	10	10	1634	843	1834	0	0.6124623118766807	0.5504583843106855	0.3333333333333333	0.5505746603012085	12.374458312988281	0.02972723457972012
cov10_n10_g0_s42_hotspots_p80_chr1	10	10	1635	960	2296	0	0.5916233270490362	0.5083074517617078	0.3333333333333333	0.37915733456611633	24.34734344482422	0.028557129858104015
cov10_n10_g0_s42_hotspots_p80_chr1	10	10	1636	1155	2203	0	0.6395541724603886	0.569744991486624	0.42857142857142855	0.40719276666641235	24.669170379638672	0.027179466956304323
cov10_n10_g0_s42_hotspots_p80_chr1	10	10	1637	1220	2289	0	0.5673384140823283	0.5134299494088794	0.42857142857142855	0.6352261900901794	7.976778984069824	0.03505685540692314
cov10_n10_g0_s42_hotspots_p80_chr1	10	10	1638	1221	2151	0	0.3389535690081332	0.2385463044701316	0.25	0.3211442530155182	11.13986873626709	0.03961357280596056
cov10_n10_g0_s42_hotspots_p80_chr1	10	10	1639	1452	2593	0	0.49247394646460035	0.41478178083571726	0.3333333333333333	0.4629731774330139	11.3150053024292	0.03460194679766523
cov10_n10_g0_s42_hotspots_p80_chr1	10	10	1640	854	1582	0	0.4117813790606531	0.31179339148143737	0.25	0.3519566059112549	13.6884765625	0.03582297064100248
cov10_n10_g0_s42_hotspots_p80_chr1	10	10	1641	634	1378	0	0.5439250970672143	0.5019230105785842	0.3333333333333333	0.7569267749786377	5.163812160491943	0.04217078752847317
cov10_n10_g0_s42_hotspots_p80_chr1	10	10	1642	1194	2315	0	0.5414068851466465	0.4851143023536395	0.3333333333333333	0.6138287782669067	7.779524803161621	0.03636220648334027
cov10_n10_g0_s42_hotspots_p80_chr1	10	10	1643	1160	2144	0	0.3476253056929289	0.2584006390226226	0.1111111111111111	0.361062228679657	9.269550323486328	0.041180647763698335
cov10_n10_g0_s42_hotspots_p80_chr1	10	10	1644	1393	2402	0	0.6417670925402548	0.5731467522229627	0.3333333333333333	0.43709444999694824	21.55779457092285	0.027149597310179834
cov10_n10_g0_s42_hotspots_p80_chr1	10	10	1645	1334	2319	0	0.3509432918148188	0.25386618735176847	0.1111111111111111	0.33706092834472656	10.840693473815918	0.03950203045084029
cov10_n10_g0_s42_hotspots_p80_chr1	10	10	1646	1444	2611	0	0.3496275167882224	0.25122905088319475	0.17647058823529413	0.33240070939064026	11.06336784362793	0.03935547093701032
cov10_n10_g0_s42_hotspots_p80_chr1	10	10	1647	33	112	1	0.45613010111388397	0.42186820937063735	0.1111111111111111	0.8248372077941895	3.0580244064331055	0.05723210100795436
cov10_n10_g0_s42_hotspots_p80_chr1	10	10	1648	1355	2573	0	0.6207748061508328	0.5613877063759068	0.42857142857142855	0.5700100660324097	11.860501289367676	0.029646130777887143
cov10_n10_g0_s42_hotspots_p80_chr1	10	10	1649	1291	1858	0	0.5084776628970736	0.424841621711523	0.42857142857142855	0.43205657601356506	13.850406646728516	0.032746894112093486
cov10_n10_g0_s42_hotspots_p80_chr1	10	10	1650	1244	2415	0	0.4148233496405526	0.3336217324341578	0.3333333333333333	0.4254516065120697	9.506617546081543	0.03874589629310872
cov10_n10_g0_s42_hotspots_p80_chr1	10	10	1651	785	2016	0	0.3889902648405486	0.31020067958199943	0.25	0.42485737800598145	8.382840156555176	0.04097557821592127
cov10_n10_g0_s42_hotspots_p80_chr1	10	10	1652	970	1744	0	0.5311807069893494	0.47663818503031563	0.25	0.6279931664466858	7.154426574707031	0.037778133368660885
cov10_n10_g0_s42_hotspots_p80_chr1	10	10	1653	468	1270	0	0.34713560726013065	0.244103369720848	0.25	0.31788352131843567	11.92510986328125	0.03877498639332884
cov10_n10_g0_s42_hotspots_p80_chr1	10	10	1654	985	1721	0	0.49119170426282843	0.39660586597668773	0.25	0.38187646865844727	16.544601440429688	0.03241669852915939
cov10_n10_g0_s42_hotspots_p80_chr1	10	10	1655	575	1042	0	0.5066833140110705	0.42828297495240075	0.3333333333333333	0.4599812924861908	12.133689880371094	0.03361898827153439
cov10_n10_g0_s42_hotspots_p80_chr1	10	10	1656	497	1163	0	0.4313910714945804	0.32872017797364406	0.25	0.34779268503189087	15.385141372680664	0.034539696305093646
cov10_n10_g0_s42_hotspots_p80_chr1	10	10	1657	745	1470	0	0.44189875777822774	0.3401830342083444	0.25	0.35271263122558594	15.696527481079102	0.03412583988630901
cov10_n10_g0_s42_hotspots_p80_chr1	10	10	1658	855	1928	0	0.6418872240268818	0.5859055474923637	0.42857142857142855	0.5900535583496094	11.834085464477539	0.028829449149197155
cov10_n10_g0_s42_hotspots_p80_chr1	10	10	1659	1202	2395	0	0.4537370670731224	0.3688558985872161	0.25	0.42092397809028625	11.619868278503418	0.03568520443603714
cov10_n10_g0_s42_hotspots_p80_chr1	10	10	1660	896	2216	0	0.5626860706701927	0.49019645486965135	0.25	0.4892021417617798	13.22987174987793	0.03117412681184545
cov10_n10_g0_s42_hotspots_p80_chr1	10	10	1661	1127	2076	0	0.5400758714778736	0.47012283345806516	0.3333333333333333	0.5105404257774353	11.190495491027832	0.033025267041163084
cov10_n10_g0_s42_hotspots_p80_chr1	10	10	1662	1050	2143	0	0.42355857755059856	0.29042212561125513	0.17647058823529413	0.266018807888031	25.351421356201172	0.03283324541357383
cov10_n10_g0_s42_hotspots_p80_chr1	10	10	1663	938	2217	0	0.5794792166267781	0.5094227413628463	0.3333333333333333	0.5006257891654968	13.39828872680664	0.03051869142510066
cov10_n10_g0_s42_hotspots_p80_chr1	10	10	1664	1065	1759	0	0.490408572270497	0.40478641048094305	0.25	0.42234715819358826	13.482701301574707	0.033485011727842136
cov10_n10_g0_s42_hotspots_p80_chr1	10	10	1665	1557	2218	0	0.39234481411573774	0.28293725548003973	0.17647058823529413	0.31811296939849854	15.211538314819336	0.035727610980592066
cov10_n10_g0_s42_hotspots_p80_chr1	10	10	1666	1222	2257	0	0.7500464750479982	0.7088747531566509	0.5384615384615384	0.6381795406341553	13.813079833984375	0.02365355026867204
cov10_n10_g0_s42_hotspots_p80_chr1	10	10	1667	958	2363	0	0.5271367385780136	0.46004669835918754	0.3333333333333333	0.5303028225898743	9.880949020385742	0.034486281291557584
cov10_n10_g0_s42_hotspots_p80_chr1	10	10	1668	460	1145	0	0.5147044064793488	0.43402472364549	0.25	0.4473511576652527	13.237885475158691	0.0328006352683836
cov10_n10_g0_s42_hotspots_p80_chr1	10	10	1669	766	2012	0	0.3800734162196792	0.26282893632203225	0.17647058823529413	0.2945484519004822	16.650278091430664	0.035557939843315366
cov10_n10_g0_s42_hotspots_p80_chr1	10	10	1670	948	2172	0	0.36327705454201886	0.27379052651249974	0.3333333333333333	0.3684964179992676	9.718729019165039	0.04018625949027709
cov10_n10_g0_s42_hotspots_p80_chr1	10	10	1671	699	2234	0	0.48556159167090207	0.40270978729936213	0.3333333333333333	0.4355303645133972	12.429443359375	0.03415919350408138
cov10_n10_g0_s42_hotspots_p80_chr1	10	10	1672	186	395	1	0.4056216680605743	0.29349710840928883	0.1111111111111111	0.31428271532058716	16.657175064086914	0.034852842665323056
cov10_n10_g0_s42_hotspots_p80_chr1	10	10	1673	5	31	1	0.22360680157584636	0.1815682598006403	0.1111111111111111	0.5	2.0	0.07905694150420949
cov10_n10_g0_s42_hotspots_p80_chr1	10	10	1674	232	530	0	0.5045223579277135	0.4388874840618679	0.3333333333333333	0.5381503701210022	8.78928279876709	0.03642540979250484
cov10_n10_g0_s42_hotspots_p80_chr1	10	10	1675	826	2136	0	0.5448954710064141	0.47053899991465475	0.3333333333333333	0.48109519481658936	12.828160285949707	0.03196374191919758
cov10_n10_g0_s42_hotspots_p80_chr1	10	10	1676	558	1509	0	0.3808227279524169	0.29136672804817776	0.25	0.3770812749862671	10.19942569732666	0.03915170446668874
cov10_n10_g0_s42_hotspots_p80_chr1	10	10	1677	818	1973	0	0.641937851113548	0.5848669049584644	0.42857142857142855	0.5785060524940491	12.313177108764648	0.028616559764248255
cov10_n10_g0_s42_hotspots_p80_chr1	10	10	1678	769	1773	0	0.6198979465576268	0.5619132163009142	0.42857142857142855	0.5838804841041565	11.271780014038086	0.029987713596352404
cov10_n10_g0_s42_hotspots_p80_chr1	10	10	1679	656	1605	0	0.5119724341894829	0.4195552405547585	0.25	0.38857027888298035	17.36017417907715	0.031600841737276404
cov10_n10_g0_s42_hotspots_p80_chr1	10	10	1680	755	1767	0	0.5021785576735063	0.4124033808159158	0.25	0.40242308378219604	15.572216033935547	0.032352030813537734
cov10_n10_g0_s42_hotspots_p80_chr1	10	10	1681	876	1875	0	0.535312263440412	0.4437696324290673	0.25	0.3848581910133362	19.346967697143555	0.030560605284003433
cov10_n10_g0_s42_hotspots_p80_chr1	10	10	1682	741	950	0	0.3431725889623781	0.20706195608991368	0.25	0.24537795782089233	19.559335708618164	0.03571604905000901
cov10_n10_g0_s42_hotspots_p80_chr1	10	10	1683	596	1554	0	0.48621876016204113	0.3982378408812704	0.3333333333333333	0.4111401438713074	13.985684394836426	0.03340540018606909
cov10_n10_g0_s42_hotspots_p80_chr1	10	10	1684	473	1404	0	0.4374801204106259	0.3579410280037674	0.25	0.4414195418357849	9.822306632995605	0.03767047386972881
cov10_n10_g0_s42_hotspots_p80_chr1	10	10	1685	770	1471	0	0.35597165053525326	0.2518710316962998	0.25	0.3190256953239441	12.450291633605957	0.03816318059896256
cov10_n10_g0_s42_hotspots_p80_chr1	10	10	1686	994	1844	0	0.1600400924980909	0.07484149750518171	0.25	0.21634264290332794	5.472343444824219	0.054711577768081644
cov10_n10_g0_s42_hotspots_p80_chr1	10	10	1687	1545	2316	0	0.26935090007987245	0.11953039008179138	0.1111111111111111	0.19621478021144867	18.844013214111328	0.037720070219355556
cov10_n10_g0_s42_hotspots_p80_chr1	10	10	1688	1270	2263	0	0.458261825186484	0.33301543146559237	0.25	0.2813815474510193	26.52381706237793	0.03190330086522106
cov10_n10_g0_s42_hotspots_p80_chr1	10	10	1689	671	1053	0	0.31602239809301885	0.20296926831605555	0.1111111111111111	0.2778087556362152	12.940285682678223	0.03900581643910681
cov10_n10_g0_s42_hotspots_p80_chr1	10	10	1691	5	20	1	0.26311740033081954	0.21471215292016382	0.17647058823529413	0.5	2.769230842590332	0.06718547981882073
cov10_n10_g0_s42_hotspots_p80_chr1	10	10	1696	229	554	0	0.4021909987164122	0.350447119827534	0.17647058823529413	0.6006770730018616	4.483142375946045	0.050363976647643076
cov10_n10_g0_s42_hotspots_p80_chr1	10	10	1697	230	741	0	0.37869167931948566	0.3471526674750804	0.25	0.8102148771286011	2.184595823287964	0.07033025954591803
cov10_n10_g0_s42_hotspots_p80_chr1	10	10	1698	69	170	1	0.2666772316172152	0.203395333336685	0.25	0.40877097845077515	4.256099224090576	0.0562586376462663
cov10_n10_g0_s42_hotspots_p80_chr1	10	10	1699	375	1058	0	0.46391913858718437	0.3967774279856397	0.25	0.5186007618904114	8.002363204956055	0.03892989314113769
cov10_n10_g0_s42_hotspots_p80_chr1	10	10	1700	1376	2818	0	0.48563479107739255	0.4029580109124917	0.25	0.4364042580127716	12.383447647094727	0.03418188485665878
cov10_n10_g0_s42_hotspots_p80_chr1	10	10	1701	1225	2338	0	0.45200365510589613	0.3897527561685987	0.3333333333333333	0.546707808971405	6.83554744720459	0.0413751892077711
cov10_n10_g0_s42_hotspots_p80_chr1	10	10	1702	254	634	0	0.3810014095938986	0.29148093003415887	0.17647058823529413	0.3769240975379944	10.217516899108887	0.03912900366274554
cov10_n10_g0_s42_hotspots_p80_chr1	10	10	1703	367	801	0	0.3744740444415141	0.2969598669500338	0.25	0.4230494499206543	7.835399627685547	0.04228120424686193
cov10_n10_g0_s42_hotspots_p80_chr1	10	10	1704	1046	2420	0	0.4148288660785257	0.290770561935589	0.25	0.2859474718570709	21.045801162719727	0.03360169753564605
cov10_n10_g0_s42_hotspots_p80_chr1	10	10	1705	610	1206	0	0.5491214826615397	0.4808570663109665	0.3333333333333333	0.5212448239326477	11.098222732543945	0.03275964905928103
cov10_n10_g0_s42_hotspots_p80_chr1	10	10	1706	899	1926	0	0.4899192996826169	0.4022919240844817	0.25	0.4128665626049042	14.080876350402832	0.03324999879802235
cov10_n10_g0_s42_hotspots_p80_chr1	10	10	1707	794	1690	0	0.5518578698525408	0.4748498091509846	0.3333333333333333	0.46260708570480347	14.23082160949707	0.031174629156345016
cov10_n10_g0_s42_hotspots_p80_chr1	10	10	1708	336	628	0	0.27531939126661126	0.14777969968999166	0.1111111111111111	0.22916710376739502	14.4334135055542	0.039282670738640335
cov10_n10_g0_s42_hotspots_p80_chr1	10	10	1709	655	1293	0	0.4773025937060952	0.3795787812685703	0.3333333333333333	0.3696778416633606	16.670198440551758	0.03279705102386014
cov10_n10_g0_s42_hotspots_p80_chr1	10	10	1710	977	2731	0	0.5595523862624826	0.4979694078718701	0.3333333333333333	0.5700785517692566	9.634119987487793	0.033500378669783934
cov10_n10_g0_s42_hotspots_p80_chr1	10	10	1711	927	2083	0	0.2809754528945939	0.17071656567277843	0.17647058823529413	0.26403921842575073	11.323999404907227	0.04115522112243219
cov10_n10_g0_s42_hotspots_p80_chr1	10	10	1712	1317	2003	0	0.3949748728677845	0.28470391279961965	0.25	0.31653469800949097	15.570274353027344	0.03551724919243372
cov10_n10_g0_s42_hotspots_p80_chr1	10	10	1713	1066	1755	0	0.5635569315323667	0.5002186559971153	0.3333333333333333	0.555793821811676	10.281305313110352	0.03280723317940712
cov10_n10_g0_s42_hotspots_p80_chr1	10	10	1714	855	2256	0	0.5251850933578732	0.4548987053327427	0.3333333333333333	0.5088873505592346	10.650781631469727	0.03393235082939333
cov10_n10_g0_s42_hotspots_p80_chr1	10	10	1715	467	1495	0	0.38910698014997097	0.293015417035979	0.17647058823529413	0.3572241961956024	11.864688873291016	0.037556436279679396
cov10_n10_g0_s42_hotspots_p80_chr1	10	10	1716	619	1413	0	0.39159648602072056	0.27082051280634756	0.1111111111111111	0.28941014409065247	18.308385848999023	0.034773867569184366
cov10_n10_g0_s42_hotspots_p80_chr1	10	10	1717	664	1744	0	0.3951869218215709	0.308984520546831	0.17647058823529413	0.3959866166114807	9.959651947021484	0.03892425307834772
cov10_n10_g0_s42_hotspots_p80_chr1	10	10	1718	457	1199	0	0.46545575321796223	0.3852402095729314	0.25	0.4455919563770294	10.911441802978516	0.03579953263890024
cov10_n10_g0_s42_hotspots_p80_chr1	10	10	1719	693	2032	0	0.44914980959652506	0.3675587432282096	0.3333333333333333	0.43504199385643005	10.659088134765625	0.036539063024570655
cov10_n10_g0_s42_hotspots_p80_chr1	10	10	1720	1135	2277	0	0.46116604629965385	0.3603375424787661	0.17647058823529413	0.35771164298057556	16.62067222595215	0.03328357574088388
cov10_n10_g0_s42_hotspots_p80_chr1	10	10	1721	1002	2081	0	0.2545656610091778	0.13654343282851678	0.1111111111111111	0.23262855410575867	11.974947929382324	0.04137963857509294
cov10_n10_g0_s42_hotspots_p80_chr1	10	10	1722	1050	1727	0	0.4191695028040864	0.2830419158674973	0.17647058823529413	0.2597181499004364	26.048023223876953	0.03287229044018257
cov10_n10_g0_s42_hotspots_p80_chr1	10	10	1723	881	1692	0	0.41683267260256623	0.2902137474580609	0.25	0.2802264094352722	22.12612533569336	0.03338228540151196
cov10_n10_g0_s42_hotspots_p80_chr1	10	10	1724	396	1169	0	0.5223557981197597	0.42965311304824255	0.25	0.3843153119087219	18.473852157592773	0.031078027542698637
cov10_n10_g0_s42_hotspots_p80_chr1	10	10	1725	1059	1802	0	0.23104932120041147	0.09659993848897136	0.1111111111111111	0.1936788260936737	14.231316566467285	0.040548089002620566
cov10_n10_g0_s42_hotspots_p80_chr1	10	10	1726	1294	2143	0	0.5284154998904771	0.47668388453490906	0.3333333333333333	0.6529421806335449	6.549401760101318	0.0390668125831692
cov10_n10_g0_s42_hotspots_p80_chr1	10	10	1727	1383	2696	0	0.3798988669995602	0.21028735443327026	0.1111111111111111	0.20559975504875183	34.14214324951172	0.033198148251808245
cov10_n10_g0_s42_hotspots_p80_chr1	10	10	1728	616	1856	0	0.3740717796914847	0.27731524253973705	0.17647058823529413	0.34887099266052246	11.496886253356934	0.03827627852653338
cov10_n10_g0_s42_hotspots_p80_chr1	10	10	1730	607	1521	0	0.5566804346234295	0.5095775095464078	0.3333333333333333	0.7019097805023193	6.289980411529541	0.038503418086485074
cov10_n10_g0_s42_hotspots_p80_chr1	10	10	1731	1322	2131	0	0.5691066013197781	0.4848574707990822	0.25	0.4063316583633423	19.616697311401367	0.02951919925726999
cov10_n10_g0_s42_hotspots_p80_chr1	10	10	1732	844	2081	0	0.4876125364015617	0.42749153624086134	0.25	0.5739535689353943	7.217656135559082	0.03933166834767153
cov10_n10_g0_s42_hotspots_p80_chr1	10	10	1733	947	1620	0	0.4973709940268338	0.3887278872283881	0.25	0.3236096501350403	23.6220645904541	0.03114710382897287
cov10_n10_g0_s42_hotspots_p80_chr1	10	10	1734	1116	1671	0	0.5689504793645634	0.480199633319781	0.17647058823529413	0.3728472888469696	23.28557014465332	0.029235164908732014
cov10_n10_g0_s42_hotspots_p80_chr1	10	10	1735	548	1382	0	0.3800914556729006	0.2908202147626221	0.17647058823529413	0.37743130326271057	10.141459465026855	0.03922991242567847
cov10_n10_g0_s42_hotspots_p80_chr1	10	10	1736	857	1532	0	0.48509911997111893	0.3897440217071522	0.25	0.3790055811405182	16.382104873657227	0.03264220710547528
cov10_n10_g0_s42_hotspots_p80_chr1	10	10	1737	648	1468	0	0.41340653457457943	0.341952901898435	0.17647058823529413	0.4733541011810303	7.627501487731934	0.04129674784717299
cov10_n10_g0_s42_hotspots_p80_chr1	10	10	1738	947	1414	0	0.4652802250221653	0.33174367535744675	0.25	0.2546134293079376	33.393863677978516	0.03142907537393324
cov10_n10_g0_s42_hotspots_p80_chr1	10	10	1739	757	1506	0	0.17930755412710916	0.08368468032270365	0.25	0.21442726254463196	6.9925761222839355	0.05001541673739828
cov10_n10_g0_s42_hotspots_p80_chr1	10	10	1740	699	1690	0	0.44787614649943736	0.3445166333832464	0.17647058823529413	0.34787848591804504	16.57527732849121	0.033681434541067465
cov10_n10_g0_s42_hotspots_p80_chr1	10	10	1741	1239	2228	0	0.43401969816779973	0.35393221344335113	0.17647058823529413	0.43764665722846985	9.834939002990723	0.03777383245728938
cov10_n10_g0_s42_hotspots_p80_chr1	10	10	1742	908	2246	0	0.42915014895544923	0.3081712000073592	0.17647058823529413	0.2947120666503906	21.204235076904297	0.0332072978013567
cov10_n10_g0_s42_hotspots_p80_chr1	10	10	1743	1038	1831	0	0.4160962091849524	0.30954054922325386	0.17647058823529413	0.33249011635780334	15.661381721496582	0.034884326447296776
cov10_n10_g0_s42_hotspots_p80_chr1	10	10	1744	1095	2087	0	0.5435834110173416	0.4482012899458019	0.25	0.35750246047973633	23.11928367614746	0.029948591956326664
cov10_n10_g0_s42_hotspots_p80_chr1	10	10	1745	435	1483	0	0.22415474889521206	0.1051812118838466	0.1111111111111111	0.21068300306797028	11.31975269317627	0.042749934189271234
cov10_n10_g0_s42_hotspots_p80_chr1	10	10	1746	151	412	1	0.30201522848488865	0.15999735761864065	0.1111111111111111	0.22073569893836975	18.72028923034668	0.03695788815818151
cov10_n10_g0_s42_hotspots_p80_chr1	10	10	1747	703	1332	0	0.3165918090243548	0.14715879279926664	0.05263157894736842	0.19377608597278595	26.693098068237305	0.03512613900293781
cov10_n10_g0_s42_hotspots_p80_chr1	10	10	1748	595	1241	0	0.2348280689962227	0.15596444379365548	0.17647058823529413	0.3115696907043457	5.680540084838867	0.05168724063942585
cov10_n10_g0_s42_hotspots_p80_chr1	10	10	1749	1283	2376	0	0.3761027510350499	0.20981658043745469	0.17647058823529413	0.20944155752658844	32.246849060058594	0.03337710130371318
cov10_n10_g0_s42_hotspots_p80_chr1	10	10	1750	1246	1826	0	0.31435873799920355	0.13209918730668074	0.25	0.18130704760551453	30.062267303466797	0.0348214879563787
cov10_n10_g0_s42_hotspots_p80_chr1	10	10	1751	1072	2758	0	0.2860407014752442	0.19581186272106124	0.25	0.3181803226470947	8.081818580627441	0.044735118878746136
cov10_n10_g0_s42_hotspots_p80_chr1	10	10	1752	1341	2289	0	0.5393236873350868	0.45487727364767105	0.3333333333333333	0.4220942556858063	16.32600975036621	0.03099054196633678
cov10_n10_g0_s42_hotspots_p80_chr1	10	10	1767	313	542	0	0.524032599447062	0.4455201887010201	0.25	0.45876577496528625	13.047718048095703	0.03257464347714428
cov10_n10_g0_s42_hotspots_p80_chr1	10	10	1768	853	1445	0	0.6193763220752989	0.5620104265903035	0.42857142857142855	0.5900945663452148	11.017065048217773	0.030155712230720912
cov10_n10_g0_s42_hotspots_p80_chr1	10	10	1769	1006	2212	0	0.4407395350392679	0.32744026275822796	0.17647058823529413	0.3162373900413513	19.423948287963867	0.033210570325961836
cov10_n10_g0_s42_hotspots_p80_chr1	10	10	1770	839	2013	0	0.2554752232418723	0.14200598345925017	0.17647058823529413	0.2413969486951828	11.200414657592773	0.04198258925126991
cov10_n10_g0_s42_hotspots_p80_chr1	10	10	1771	1333	2549	0	0.2948262238270881	0.17614672081683883	0.25	0.25516003370285034	13.350788116455078	0.03934938622075778
cov10_n10_g0_s42_hotspots_p80_chr1	10	10	1772	721	2289	0	0.4219666164606783	0.33786095793168663	0.25	0.4152209162712097	10.327557563781738	0.03771341340047815
cov10_n10_g0_s42_hotspots_p80_chr1	10	10	1773	762	1351	0	0.4053785730335643	0.2899291002018164	0.3333333333333333	0.30548301339149475	17.60951805114746	0.034585197645164836
cov10_n10_g0_s42_hotspots_p80_chr1	10	10	1774	567	1859	0	0.2529445474474539	0.12120689689974995	0.1111111111111111	0.21033191680908203	14.462397575378418	0.03985574694387637
cov10_n10_g0_s42_hotspots_p80_chr1	10	10	1775	1201	2334	0	0.3720082959540917	0.27311718694109494	0.25	0.341243714094162	11.884364128112793	0.03806169900751233
cov10_n10_g0_s42_hotspots_p80_chr1	10	10	1776	597	1392	0	0.21979250525033397	0.1289229366894478	0.17647058823529413	0.2626728415489197	7.001570701599121	0.04877121664316978
cov10_n10_g0_s42_hotspots_p80_chr1	10	10	1777	819	2654	0	0.28904889329274286	0.18840374138428737	0.25	0.29135662317276	9.842212677001953	0.042327861994145996
cov10_n10_g0_s42_hotspots_p80_chr1	10	10	1778	1053	2661	0	0.4080866307913941	0.294424742636041	0.17647058823529413	0.3107226490974426	17.248804092407227	0.03461042219226588
cov10_n10_g0_s42_hotspots_p80_chr1	10	10	1779	975	2459	0	0.49066543902614546	0.4032699656880218	0.25	0.41395944356918335	14.049321174621582	0.0332388949763018
cov10_n10_g0_s42_hotspots_p80_chr1	10	10	1780	1593	3417	0	0.6160659970759009	0.5419739148455823	0.42857142857142855	0.43212103843688965	20.32561492919922	0.028012229316976833
cov10_n10_g0_s42_hotspots_p80_chr1	10	10	1781	1195	2157	0	0.17401814423937562	0.07795005737639085	0.25	0.2084532231092453	6.969021797180176	0.050224685640243176
cov10_n10_g0_s42_hotspots_p80_chr1	10	10	1782	1021	2370	0	0.35288031809879833	0.22483057244374896	0.1111111111111111	0.26295000314712524	18.009784698486328	0.035870490287488704
cov10_n10_g0_s42_hotspots_p80_chr1	10	10	1783	865	1935	0	0.46743092555990395	0.36079329590762954	0.3333333333333333	0.33730632066726685	19.203744888305664	0.03252151429576164
cov10_n10_g0_s42_hotspots_p80_chr1	10	10	1784	867	1990	0	0.23597196421563857	0.16000551474237343	0.17647058823529413	0.3227650225162506	5.345003128051758	0.05274201780466414
cov10_n10_g0_s42_hotspots_p80_chr1	10	10	1785	221	713	0	0.4985306604042707	0.4125249240920974	0.3333333333333333	0.4205673038959503	14.051177024841309	0.032987678384769605
cov10_n10_g0_s42_hotspots_p80_chr1	10	10	1786	243	546	0	0.4330978949055969	0.35386987727797437	0.25	0.44145646691322327	9.624902725219727	0.038014120140196055
cov10_n10_g0_s42_hotspots_p80_chr1	10	10	1787	926	2156	0	0.3532223891319049	0.2421706924962424	0.25	0.2997787296772003	13.883368492126465	0.037428746484721345
cov10_n10_g0_s42_hotspots_p80_chr1	10	10	1788	957	2141	0	0.36819849270144855	0.2736056417664265	0.17647058823529413	0.35330167412757874	10.861069679260254	0.03895696810898759
cov10_n10_g0_s42_hotspots_p80_chr1	10	10	1789	1092	2119	0	0.5811870164606069	0.5011059039539177	0.3333333333333333	0.4256015419960022	18.647706985473633	0.029262942204187303
cov10_n10_g0_s42_hotspots_p80_chr1	10	10	1790	912	1625	0	0.38609820022262686	0.2753954436566266	0.17647058823529413	0.3127281069755554	15.242691993713379	0.03589212680238004
cov10_n10_g0_s42_hotspots_p80_chr1	10	10	1791	906	1578	0	0.55469889591034	0.4715400086689804	0.25	0.4232484996318817	17.176069259643555	0.030325492998371603
cov10_n10_g0_s42_hotspots_p80_chr1	10	10	1792	855	1757	0	0.3338230427065964	0.22463223283923414	0.25	0.29556936025619507	12.755980491638184	0.03861358725605742
cov10_n10_g0_s42_hotspots_p80_chr1	10	10	1793	1307	2466	0	0.5610248810968983	0.49367478280740323	0.3333333333333333	0.525974690914154	11.377179145812988	0.032152043976244465
cov10_n10_g0_s42_hotspots_p80_chr1	10	10	1794	1306	2229	0	0.3468403989697663	0.15794639917948103	0.1111111111111111	0.18267865478992462	36.04821014404297	0.03376479214009748
cov10_n10_g0_s42_hotspots_p80_chr1	10	10	1795	553	1138	0	0.3221530691237862	0.18321512482174168	0.17647058823529413	0.23334386944770813	19.060386657714844	0.03636551599226851
cov10_n10_g0_s42_hotspots_p80_chr1	10	10	1796	1185	2379	0	0.35984615151557775	0.2613434550433202	0.17647058823529413	0.337007611989975	11.401296615600586	0.03877947227268504
cov10_n10_g0_s42_hotspots_p80_chr1	10	10	1797	451	1451	0	0.3328710040007985	0.26031403260670577	0.3333333333333333	0.41970476508140564	6.290195465087891	0.0467756115575544
cov10_n10_g0_s42_hotspots_p80_chr1	10	10	1798	842	2608	0	0.5473541986224617	0.4815125155175056	0.3333333333333333	0.5387127995491028	10.323389053344727	0.03337754723389299
cov10_n10_g0_s42_hotspots_p80_chr1	10	10	1799	222	514	0	0.4470882351601468	0.37684672689618665	0.25	0.49410536885261536	8.187424659729004	0.03926153498479304
cov10_n10_g0_s42_hotspots_p80_chr1	10	10	1800	444	952	0	0.3491927326627852	0.23169148876218162	0.25	0.28316065669059753	15.207732200622559	0.03693302870424236
cov10_n10_g0_s42_hotspots_p80_chr1	10	10	1803	111	197	1	0.2057745341389582	0.09998998923692759	0.1111111111111111	0.21878820657730103	8.8457670211792	0.04600146605441308
cov10_n10_g0_s42_hotspots_p80_chr1	10	10	1804	875	1720	0	0.3602875550380547	0.24190204741232105	0.17647058823529413	0.28540563583374023	15.935782432556152	0.03634397009602518
cov10_n10_g0_s42_hotspots_p80_chr1	10	10	1805	1225	2152	0	0.5371267545649505	0.46386358566783475	0.3333333333333333	0.4891769289970398	12.056509017944336	0.03261659033314131
cov10_n10_g0_s42_hotspots_p80_chr1	10	10	1806	834	1828	0	0.4122818685581927	0.302392748415883	0.17647058823529413	0.32195261120796204	16.398517608642578	0.03474741021017945
cov10_n10_g0_s42_hotspots_p80_chr1	10	10	1807	1044	1706	0	0.39301148211729314	0.2561177996117263	0.25	0.2562456429004669	23.52326011657715	0.03377535819763474
cov10_n10_g0_s42_hotspots_p80_chr1	10	10	1808	939	2066	0	0.5204511456513858	0.45086853449935904	0.25	0.5133662223815918	10.277921676635742	0.03439161955027198
cov10_n10_g0_s42_hotspots_p80_chr1	10	10	1809	903	1881	0	0.40183580810842634	0.2811343697190661	0.17647058823529413	0.29181092977523804	18.962438583374023	0.034346333815873306
cov10_n10_g0_s42_hotspots_p80_chr1	10	10	1810	996	1714	0	0.13602123623249168	0.01185714321684854	0.1111111111111111	0.1353132575750351	10.1049165725708	0.046354485121937176
cov10_n10_g0_s42_hotspots_p80_chr1	10	10	1811	988	1808	0	0.5353817002188997	0.4650522809662871	0.3333333333333333	0.5083510875701904	11.091734886169434	0.03325789340176542
cov10_n10_g0_s42_hotspots_p80_chr1	10	10	1812	782	2000	0	0.5239631080487904	0.43742267095776133	0.25	0.41500577330589294	15.940176963806152	0.031570042785385374
cov10_n10_g0_s42_hotspots_p80_chr1	10	10	1813	984	2092	0	0.38734596451135456	0.26870178292873725	0.3333333333333333	0.293304443359375	17.440576553344727	0.03512062635289418
cov10_n10_g0_s42_hotspots_p80_chr1	10	10	1814	979	1888	0	0.37196033392816175	0.3077990729196405	0.1111111111111111	0.4919033646583557	5.717862129211426	0.046972049981192115
cov10_n10_g0_s42_hotspots_p80_chr1	10	10	1815	755	1919	0	0.2733639069313066	0.15726922781508954	0.17647058823529413	0.24778395891189575	12.171271324157715	0.04071300448879673
cov10_n10_g0_s42_hotspots_p80_chr1	10	10	1816	408	1034	0	0.5006152123103554	0.38489493139659847	0.17647058823529413	0.2922775149345398	29.33710479736328	0.030747158610477554
cov10_n10_g0_s42_hotspots_p80_chr1	10	10	1817	1194	2251	0	0.5826815563714669	0.509500392984772	0.3333333333333333	0.47582441568374634	14.995777130126953	0.029899947537341032
cov10_n10_g0_s42_hotspots_p80_chr1	10	10	1818	739	2084	0	0.49289645075144844	0.4096576428228656	0.3333333333333333	0.4341058135032654	12.891995429992676	0.033679805409095834
cov10_n10_g0_s42_hotspots_p80_chr1	10	10	1819	822	2022	0	0.5258948583779934	0.4290809632879168	0.3333333333333333	0.3624911606311798	21.047618865966797	0.03062129116587078
cov10_n10_g0_s42_hotspots_p80_chr1	10	10	1820	1039	2307	0	0.5493853007748641	0.46518717143145755	0.3333333333333333	0.4195348620414734	17.148178100585938	0.030497594084349502
cov10_n10_g0_s42_hotspots_p80_chr1	10	10	1821	1374	2527	0	0.5284620701725555	0.4359664811584902	0.25	0.3830287754535675	19.035526275634766	0.030807385811856106
cov10_n10_g0_s42_hotspots_p80_chr1	10	10	1822	1040	1651	0	0.492602643767705	0.39193987618646026	0.25	0.3565865159034729	19.083744049072266	0.03183616494763282
cov10_n10_g0_s42_hotspots_p80_chr1	10	10	1823	830	2178	0	0.32585006403514144	0.1960982801679545	0.1111111111111111	0.24972835183143616	17.02549934387207	0.03687644085300859
cov10_n10_g0_s42_hotspots_p80_chr1	10	10	1824	618	1831	0	0.3845770646784405	0.27032808442269834	0.1111111111111111	0.3031669855117798	16.09174156188965	0.03562132276390105
cov10_n10_g0_s42_hotspots_p80_chr1	10	10	1825	705	1703	0	0.35124261584032296	0.21424076630121774	0.1111111111111111	0.24647313356399536	20.30837631225586	0.035345816622100144
cov10_n10_g0_s42_hotspots_p80_chr1	10	10	1826	508	1174	0	0.38974483007444755	0.29950305661326815	0.3333333333333333	0.3780860900878906	10.626232147216797	0.0384853080934212
cov10_n10_g0_s42_hotspots_p80_chr1	10	10	1827	1	3	1	0.22360680157584636	0.18156825980063976	0.1111111111111111	0.5	2.0	0.07905694150420949
cov10_n10_g0_s42_hotspots_p80_chr1	10	10	1828	444	921	0	0.358587498810632	0.22450137477006676	0.17647058823529413	0.25368213653564453	19.980693817138672	0.035233487094080675
cov10_n10_g0_s42_hotspots_p80_chr1	10	10	1829	665	1261	0	0.3619790675374832	0.2494380017684492	0.17647058823529413	0.29964539408683777	14.593240737915039	0.0368435543788435
cov10_n10_g0_s42_hotspots_p80_chr1	10	10	1830	1021	1900	0	0.4127841067995429	0.2690830617924612	0.17647058823529413	0.24498671293258667	28.38970184326172	0.032830377911053775
cov10_n10_g0_s42_hotspots_p80_chr1	10	10	1831	780	1122	0	0.3058601599060625	0.17300159891445197	0.1111111111111111	0.2359655201435089	16.801525115966797	0.03747087173965986
cov10_n10_g0_s42_hotspots_p80_chr1	10	10	1832	436	959	0	0.19834132165073912	0.055592800325201926	0.17647058823529413	0.16381621360778809	14.65927791595459	0.04114804680149774
cov10_n10_g0_s42_hotspots_p80_chr1	10	10	1833	867	1524	0	0.2339296496875682	0.03554245989324425	0.05263157894736842	0.14127880334854126	27.416790008544922	0.0367794512930851
cov10_n10_g0_s42_hotspots_p80_chr1	10	10	1834	552	1205	0	0.32685079039648907	0.21807492986371974	0.1111111111111111	0.29312682151794434	12.43334674835205	0.03901978718060115
cov10_n10_g0_s42_hotspots_p80_chr1	10	10	1835	431	994	0	0.20981370904615898	0.06901920720920998	0.1111111111111111	0.173138827085495	14.685162544250488	0.04084546787687415
cov10_n10_g0_s42_hotspots_p80_chr1	10	10	1836	701	1143	0	0.4968528667916429	0.40552768530851646	0.25	0.3957497775554657	15.762103080749512	0.03246023618440905
cov10_n10_g0_s42_hotspots_p80_chr1	10	10	1837	206	347	0	0.3916603722978153	0.3263831310541386	0.25	0.49740326404571533	6.200148105621338	0.04497302323920428
cov10_n10_g0_s42_hotspots_p80_chr1	10	10	1838	1221	2326	0	0.48517730032610434	0.3778280022362395	0.25	0.33241909742355347	21.302427291870117	0.03171340278503661
cov10_n10_g0_s42_hotspots_p80_chr1	10	10	1839	956	2027	0	0.33562650341585404	0.24148852190321438	0.25	0.3380333185195923	9.858104705810547	0.04090120819081551
cov10_n10_g0_s42_hotspots_p80_chr1	10	10	1840	116	433	1	0.3096396496489641	0.14325212467769935	0.17647058823529413	0.19465371966362	25.303909301757812	0.035459279091473846
cov10_n10_g0_s42_hotspots_p80_chr1	10	10	1841	949	2183	0	0.17172401322251957	0.053916995082568996	0.1111111111111111	0.17238479852676392	9.92348575592041	0.04559250096438355
cov10_n10_g0_s42_hotspots_p80_chr1	10	10	1842	1251	2164	0	0.1662010407502002	0.000534395539049021	0.1111111111111111	0.12533298134803772	17.58477210998535	0.04058952891452948
cov10_n10_g0_s42_hotspots_p80_chr1	10	10	1843	811	1770	0	0.2990685459743527	0.1388345213612106	0.1111111111111111	0.1973688304424286	22.960655212402344	0.03606920334202535
cov10_n10_g0_s42_hotspots_p80_chr1	10	10	1844	990	1945	0	0.10506200739378302	-0.040163777031212655	0.1111111111111111	0.0940876230597496	12.468850135803223	0.044914132084634906
cov10_n10_g0_s42_hotspots_p80_chr1	10	10	1845	685	1576	0	0.4539815539132957	0.3815653853941696	0.25	0.4839341342449188	8.800430297851562	0.03821714071458231
cov10_n10_g0_s42_hotspots_p80_chr1	10	10	1846	958	2338	0	0.4733373955587339	0.3720337169550716	0.3333333333333333	0.35608917474746704	17.66949462890625	0.03266819547120692
cov10_n10_g0_s42_hotspots_p80_chr1	10	10	1847	251	788	0	0.3666829415048553	0.23778709683336974	0.17647058823529413	0.2656533122062683	19.052452087402344	0.03524131413263064
cov10_n10_g0_s42_hotspots_p80_chr1	10	10	1848	962	2573	0	0.387424842803458	0.2498072887199739	0.1111111111111111	0.2540473937988281	23.256563186645508	0.03394649117383429
cov10_n10_g0_s42_hotspots_p80_chr1	10	10	1849	958	2478	0	0.3930366487578416	0.2791641478019953	0.1111111111111111	0.30652958154678345	16.44073486328125	0.035270137004295904
cov10_n10_g0_s42_hotspots_p80_chr1	10	10	1850	689	1889	0	0.48696427163903905	0.40973438630931863	0.25	0.46482935547828674	10.975062370300293	0.03502673403892349
cov10_n10_g0_s42_hotspots_p80_chr1	10	10	1851	393	1172	0	0.4208156330685616	0.34220944023481414	0.25	0.43992578983306885	9.150080680847168	0.03893961630913376
cov10_n10_g0_s42_hotspots_p80_chr1	10	10	1852	63	250	1	0.4472884515114996	0.423659567653335	0.25	0.998543381690979	2.0065109729766846	0.0705929244742866
cov10_n10_g0_s42_hotspots_p80_chr1	10	10	1853	978	1983	0	0.5315678969614469	0.4535231084204218	0.3333333333333333	0.46061792969703674	13.317903518676758	0.032203127046690996
cov10_n10_g0_s42_hotspots_p80_chr1	10	10	1854	1119	2032	0	0.5409784642085886	0.46806747432330753	0.3333333333333333	0.4909778833389282	12.140486717224121	0.03243714081954284
cov10_n10_g0_s42_hotspots_p80_chr1	10	10	1855	390	894	0	0.4923779270285707	0.43575028323894366	0.17647058823529413	0.60247802734375	6.679049491882324	0.040191150923570854
cov10_n10_g0_s42_hotspots_p80_chr1	10	10	1856	294	984	0	0.2640741726405937	0.12033045984362681	0.1111111111111111	0.20075079798698425	17.30363655090332	0.03834728909658214
cov10_n10_g0_s42_hotspots_p80_chr1	10	10	1857	1007	2192	0	0.5043662985837354	0.4118133430822338	0.25	0.3893451392650604	16.781187057495117	0.031961210902763895
cov10_n10_g0_s42_hotspots_p80_chr1	10	10	1858	946	1590	0	0.5515840457655398	0.48009166289787103	0.3333333333333333	0.4986691474914551	12.234842300415039	0.03201561311244999
cov10_n10_g0_s42_hotspots_p80_chr1	10	10	1859	1127	1942	0	0.4025405270050856	0.268884101281034	0.17647058823529413	0.2637382447719574	23.295551300048828	0.03357435781989928
cov10_n10_g0_s42_hotspots_p80_chr1	10	10	1860	1001	1945	0	0.37593733123801615	0.30484458375022133	0.25	0.4553526043891907	6.816088676452637	0.04410799065284306
cov10_n10_g0_s42_hotspots_p80_chr1	10	10	1861	509	1313	0	0.47636269270458187	0.3952107225989594	0.3333333333333333	0.44287410378456116	11.569509506225586	0.03497486162776471
cov10_n10_g0_s42_hotspots_p80_chr1	10	10	1862	1412	2722	0	0.5686575930888749	0.487281375906424	0.3333333333333333	0.4264576733112335	17.78074073791504	0.02978025613718796
cov10_n10_g0_s42_hotspots_p80_chr1	10	10	1863	916	2100	0	0.5631575836418988	0.508760029056086	0.42857142857142855	0.630913496017456	7.967465877532959	0.0352362958991194
cov10_n10_g0_s42_hotspots_p80_chr1	10	10	1864	705	1933	0	0.4398740267841649	0.3919383688532543	0.3333333333333333	0.6572229862213135	4.479516506195068	0.04896347816721296
cov10_n10_g0_s42_hotspots_p80_chr1	10	10	1865	1010	2574	0	0.4247989266947241	0.3023794763198039	0.25	0.29082030057907104	21.33621597290039	0.03329876298200438
cov10_n10_g0_s42_hotspots_p80_chr1	10	10	1866	797	2090	0	0.19748932034842626	0.10278805758503	0.17647058823529413	0.23345911502838135	7.155921936035156	0.04912389669595204
cov10_n10_g0_s42_hotspots_p80_chr1	10	10	1867	617	1646	0	0.3862436726890521	0.2828769675864094	0.25	0.3332672417163849	13.43189811706543	0.03670766066860984
cov10_n10_g0_s42_hotspots_p80_chr1	10	10	1868	858	1770	0	0.43498127990545166	0.318828651153174	0.25	0.3078365921974182	19.966442108154297	0.0332634787565629
cov10_n10_g0_s42_hotspots_p80_chr1	10	10	1869	426	1296	0	0.4679116304469735	0.364143888077782	0.3333333333333333	0.3472919464111328	18.15257453918457	0.03271662634032351
cov10_n10_g0_s42_hotspots_p80_chr1	10	10	1870	775	1601	0	0.43913189541096964	0.34221177456745977	0.17647058823529413	0.36909282207489014	14.155293464660645	0.034789796307319015
cov10_n10_g0_s42_hotspots_p80_chr1	10	10	1871	554	1482	0	0.3309532632302286	0.21681664443698587	0.17647058823529413	0.2827213406562805	13.703017234802246	0.038149764280037884
cov10_n10_g0_s42_hotspots_p80_chr1	10	10	1872	721	1982	0	0.4813729001264486	0.3618378533702094	0.17647058823529413	0.2907653748989105	27.408029556274414	0.031291488591616796
cov10_n10_g0_s42_hotspots_p80_chr1	10	10	1873	167	980	1	0.23786661878772172	0.18005446325761243	0.17647058823529413	0.40686994791030884	3.4178719520568848	0.06237043783541406
cov10_n10_g0_s42_hotspots_p80_chr1	10	10	1874	349	665	0	0.3100000876901329	0.18740524556202853	0.17647058823529413	0.25553661584854126	14.71693229675293	0.0382167534635016
cov10_n10_g0_s42_hotspots_p80_chr1	10	10	1875	664	2031	0	0.4346594648217284	0.2992777607670595	0.25	0.26037344336509705	27.86794662475586	0.032366810816214404
cov10_n10_g0_s42_hotspots_p80_chr1	10	10	1876	437	837	0	0.4026906437289161	0.32825819014571245	0.3333333333333333	0.4525719881057739	7.917129039764404	0.04119981882097571
cov10_n10_g0_s42_hotspots_p80_chr1	10	10	1877	20	47	1	0.22360686327962156	0.18156826600321674	0.1111111111111111	0.499999463558197	2.0000059604644775	0.07905683284745056
cov10_n10_g0_s42_hotspots_p80_chr1	10	10	1878	703	1747	0	0.5626861954894457	0.4983252949604409	0.3333333333333333	0.5480295419692993	10.54203987121582	0.032644372615334344
cov10_n10_g0_s42_hotspots_p80_chr1	10	10	1879	1254	2021	0	0.45230346210143246	0.33155187539650416	0.3333333333333333	0.2948875427246094	23.525938034057617	0.032312683983228625
cov10_n10_g0_s42_hotspots_p80_chr1	10	10	1880	616	2535	0	0.4267426827065737	0.32765193716317353	0.25	0.35881391167640686	14.144694328308105	0.035166586823367575
cov10_n10_g0_s42_hotspots_p80_chr1	10	10	1881	642	1840	0	0.3024754642523851	0.19038885757874838	0.25	0.27269986271858215	12.302983283996582	0.03980281477524649
cov10_n10_g0_s42_hotspots_p80_chr1	10	10	1882	714	1604	0	0.4866953795159948	0.4216691720035184	0.25	0.5387715101242065	8.160283088684082	0.03787982052794985
cov10_n10_g0_s42_hotspots_p80_chr1	10	10	1883	547	1750	0	0.5839590001400317	0.5056750205786843	0.3333333333333333	0.43675196170806885	17.87701416015625	0.029280402697606744
cov10_n10_g0_s42_hotspots_p80_chr1	10	10	1884	1200	2396	0	0.3460281171055153	0.23184686093041362	0.17647058823529413	0.28932666778564453	14.303616523742676	0.03742443243033543
cov10_n10_g0_s42_hotspots_p80_chr1	10	10	1885	1556	2539	0	0.2157828939021475	0.06568116961873453	0.1111111111111111	0.16743773221969604	16.60838508605957	0.039799969455365944
cov10_n10_g0_s42_hotspots_p80_chr1	10	10	1886	1090	2247	0	0.42666269305364235	0.3376759878017938	0.17647058823529413	0.3963170349597931	11.590010643005371	0.03657488789167878
cov10_n10_g0_s42_hotspots_p80_chr1	10	10	1887	416	1120	0	0.25644495266095735	0.15774089054559262	0.17647058823529413	0.27341702580451965	8.797052383422852	0.04458012893944922
cov10_n10_g0_s42_hotspots_p80_chr1	10	10	1888	4	23	1	0.18257417570343107	0.12434118282549807	0.1111111111111111	0.3333333432674408	2.999999761581421	0.06770032168941854
cov10_n10_g0_s42_hotspots_p80_chr1	10	10	1889	698	1234	0	0.3738602204263016	0.27992719478771433	0.25	0.3580939471721649	10.89995002746582	0.03874995872997178
cov10_n10_g0_s42_hotspots_p80_chr1	10	10	1890	710	1433	0	0.3562574674285984	0.2501631516919597	0.17647058823529413	0.3137476146221161	12.893388748168945	0.03788297783741941
cov10_n10_g0_s42_hotspots_p80_chr1	10	10	1891	943	1936	0	0.34912423050119884	0.24802585389944934	0.3333333333333333	0.3242623209953308	11.592227935791016	0.03895706265502812
cov10_n10_g0_s42_hotspots_p80_chr1	10	10	1892	746	1958	0	0.5259146720950901	0.4536974987234578	0.25	0.4965112805366516	11.219470024108887	0.03350905007916987
cov10_n10_g0_s42_hotspots_p80_chr1	10	10	1893	174	678	1	0.3397769342649027	0.20352693070146924	0.17647058823529413	0.24399784207344055	19.391698837280273	0.03584147255970263
cov10_n10_g0_s42_hotspots_p80_chr1	10	10	1894	188	387	1	0.45090417047387643	0.38197204629646275	0.25	0.5032147765159607	8.029006004333496	0.03935502938444955
cov10_n10_g0_s42_hotspots_p80_chr1	10	10	1895	19	81	1	0.48244435849421174	0.42342640077999877	0.25	0.5808081030845642	6.899682998657227	0.040120533155103805
cov10_n10_g0_s42_hotspots_p80_chr1	10	10	1896	983	2239	0	0.4501298825921876	0.3326938560382215	0.25	0.304400235414505	21.866817474365234	0.03256749505303094
cov10_n10_g0_s42_hotspots_p80_chr1	10	10	1897	1299	2546	0	0.29391926695067905	0.19771115566482303	0.17647058823529413	0.30630460381507874	9.207657814025879	0.04291624743922175
cov10_n10_g0_s42_hotspots_p80_chr1	10	10	1898	922	2196	0	0.34470806957739814	0.22664662534280533	0.25	0.2801327109336853	15.14172077178955	0.03708371393465267
cov10_n10_g0_s42_hotspots_p80_chr1	10	10	1899	1114	1929	0	0.5253987344460378	0.46656476932216356	0.3333333333333333	0.5913563966751099	7.893679141998291	0.036812425030967245
cov10_n10_g0_s42_hotspots_p80_chr1	10	10	1900	1308	2132	0	0.3722905764545365	0.25916350581983255	0.17647058823529413	0.30197492241859436	15.19925594329834	0.036296989523475126
cov10_n10_g0_s42_hotspots_p80_chr1	10	10	1901	968	1677	0	0.5686290906394409	0.4894606238678277	0.3333333333333333	0.44142434000968933	16.59379005432129	0.029995549320790824
cov10_n10_g0_s42_hotspots_p80_chr1	10	10	1902	856	1893	0	0.2645428261549956	0.11010996093707288	0.1111111111111111	0.18889868259429932	19.612552642822266	0.037617818109868514
cov10_n10_g0_s42_hotspots_p80_chr1	10	10	1903	656	1507	0	0.22126211070765067	0.11426440313594244	0.17647058823529413	0.2289336919784546	9.341028213500977	0.04489819809129818
cov10_n10_g0_s42_hotspots_p80_chr1	10	10	1904	1085	1803	0	0.47549469801854244	0.3760426340064453	0.25	0.36301174759864807	17.1573429107666	0.032726467732360744
cov10_n10_g0_s42_hotspots_p80_chr1	10	10	1905	1109	1997	0	0.27811461091695494	0.1488938564251416	0.1111111111111111	0.22803711891174316	14.87430191040039	0.03899080448294144
cov10_n10_g0_s42_hotspots_p80_chr1	10	10	1906	835	1592	0	0.1122275211338136	-0.011177858840404373	0.05263157894736842	0.11494879424571991	9.53212833404541	0.047686291470084324
cov10_n10_g0_s42_hotspots_p80_chr1	10	10	1907	1009	1803	0	0.390712537792962	0.2864616779899816	0.17647058823529413	0.332197904586792	13.83314037322998	0.03637488460120806
cov10_n10_g0_s42_hotspots_p80_chr1	10	10	1908	1189	2136	0	0.37440580823538044	0.187903375237092	0.17647058823529413	0.18702509999275208	40.07609939575195	0.03308086911257938
cov10_n10_g0_s42_hotspots_p80_chr1	10	10	1909	449	688	0	0.3809742524050258	0.19471204566226472	0.1111111111111111	0.18704785406589508	41.484493255615234	0.032919565349336016
cov10_n10_g0_s42_hotspots_p80_chr1	10	10	1910	868	1200	0	0.29535417945423476	0.07450326512190476	0.05263157894736842	0.15060850977897644	38.45804977416992	0.03461947790535694
cov10_n10_g0_s42_hotspots_p80_chr1	10	10	1911	1507	2217	0	0.16071295820550593	0.012968688437745098	0.1111111111111111	0.13417492806911469	14.346930503845215	0.04225907242401555
cov10_n10_g0_s42_hotspots_p80_chr1	10	10	1912	644	1454	0	0.2880007769511248	0.15623487917554388	0.1111111111111111	0.22919701039791107	15.789539337158203	0.038323241677692306
cov10_n10_g0_s42_hotspots_p80_chr1	10	10	1918	901	1422	0	0.39046946060514853	0.24010617395806777	0.1111111111111111	0.23287571966648102	28.114200592041016	0.03335304896223967
cov10_n10_g0_s42_hotspots_p80_chr1	10	10	1919	947	1477	0	0.1999082065187601	0.020739777345015666	0.05263157894736842	0.13631130754947662	21.50786781311035	0.038605755451928
cov10_n10_g0_s42_hotspots_p80_chr1	10	10	1920	849	1125	0	0.33411027115344116	0.131131293849777	0.0	0.16976195573806763	38.734588623046875	0.03388663597478471
cov10_n10_g0_s42_hotspots_p80_chr1	10	10	1921	783	1059	0	0.15373976301263148	0.04741675029762999	0.17647058823529413	0.17211413383483887	7.978832244873047	0.04885038456102707
cov10_n10_g0_s42_hotspots_p80_chr1	10	10	1922	1045	2201	0	0.463033744707822	0.35505353439258436	0.1111111111111111	0.3329766094684601	19.33738899230957	0.03261862269136911
cov10_n10_g0_s42_hotspots_p80_chr1	10	10	1923	1030	2020	0	0.5087235544064572	0.45079624972845783	0.3333333333333333	0.5959397554397583	7.287171840667725	0.038412156805004934
cov10_n10_g0_s42_hotspots_p80_chr1	10	10	1924	1061	1919	0	0.511161922567365	0.4553414631168738	0.25	0.6136886477470398	6.9377851486206055	0.03895518152910718
cov10_n10_g0_s42_hotspots_p80_chr1	10	10	1925	702	1298	0	0.5310341695781133	0.4806708749985376	0.25	0.6662667393684387	6.35255765914917	0.03939599456110301
cov10_n10_g0_s42_hotspots_p80_chr1	10	10	1926	922	1500	0	0.3662710790300934	0.2559961502886033	0.1111111111111111	0.3069359064102173	14.239994049072266	0.03688454358372956
cov10_n10_g0_s42_hotspots_p80_chr1	10	10	1927	792	1432	0	0.4286573653470792	0.28930790860318584	0.25	0.25251299142837524	28.817293167114258	0.03244202315889151
cov10_n10_g0_s42_hotspots_p80_chr1	10	10	1928	1419	2269	0	0.19989834419240643	0.05179429486216975	0.1111111111111111	0.15971329808235168	15.665209770202637	0.04060373540359955
cov10_n10_g0_s42_hotspots_p80_chr1	10	10	1929	1197	1833	0	0.5238696597599176	0.43087719841806305	0.25	0.38234567642211914	18.773019790649414	0.030983624123518665
cov10_n10_g0_s42_hotspots_p80_chr1	10	10	1930	1213	2314	0	0.5619057184805183	0.4916516322629452	0.3333333333333333	0.5049707293510437	12.382104873657227	0.03157680635417176
cov10_n10_g0_s42_hotspots_p80_chr1	10	10	1931	1317	2045	0	0.4276938926362997	0.3144154110052422	0.25	0.31510818004608154	18.422420501708984	0.03377499897437124
cov10_n10_g0_s42_hotspots_p80_chr1	10	10	1932	1412	2203	0	0.4621155452137516	0.34387965320098557	0.25	0.30081525444984436	23.59942626953125	0.03205675841571226
cov10_n10_g0_s42_hotspots_p80_chr1	10	10	1933	1103	1676	0	0.42052917544621954	0.3096566526109315	0.17647058823529413	0.32080039381980896	17.183927536010742	0.03428444038813103
cov10_n10_g0_s42_hotspots_p80_chr1	10	10	1934	1395	1949	0	0.322553838288775	0.12449253180824223	0.1111111111111111	0.17100517451763153	35.57836151123047	0.03426111797562633
cov10_n10_g0_s42_hotspots_p80_chr1	10	10	1935	404	599	0	0.12423769579442165	-0.030968238209143403	0.1111111111111111	0.10322033613920212	14.48692512512207	0.04306734395984274
cov10_n10_g0_s42_hotspots_p80_chr1	10	10	1936	37	93	1	0.3032494200782226	0.15252436718175136	0.17647058823529413	0.20989900827407837	20.87272834777832	0.03638846012902542
cov10_n10_g0_s42_hotspots_p80_chr1	10	10	1938	476	998	0	0.05252059070204564	-0.02955050658594427	0.1111111111111111	0.08262580633163452	4.040431499481201	0.06432079270746384
cov10_n10_g0_s42_hotspots_p80_chr1	10	10	1939	943	2203	0	0.5079366619272105	0.4231675570388351	0.3333333333333333	0.426308810710907	14.196146011352539	0.032630486685867856
cov10_n10_g0_s42_hotspots_p80_chr1	10	10	1940	1183	2007	0	0.3678315325635425	0.23251406451250095	0.17647058823529413	0.2540324330329895	20.966190338134766	0.034801104260112396
cov10_n10_g0_s42_hotspots_p80_chr1	10	10	1941	373	632	0	0.2155606582982723	0.11959006313789824	0.1111111111111111	0.24684061110019684	7.626157283782959	0.047665436554966
cov10_n10_g0_s42_hotspots_p80_chr1	10	10	1942	893	2113	0	0.2989001792200762	0.1876725752201091	0.17647058823529413	0.2725580334663391	12.026365280151367	0.0400997237253863
cov10_n10_g0_s42_hotspots_p80_chr1	10	10	1943	857	1860	0	0.46085267863775015	0.39926108813967054	0.25	0.554686427116394	6.902862071990967	0.04091609968583756
cov10_n10_g0_s42_hotspots_p80_chr1	10	10	1944	948	1768	0	0.304448582617417	0.1812496786682842	0.1111111111111111	0.2517123520374298	14.629143714904785	0.038408045405297
cov10_n10_g0_s42_hotspots_p80_chr1	10	10	1945	1048	2104	0	0.4523729508027671	0.3619631000195114	0.17647058823529413	0.3967841863632202	12.998239517211914	0.03492432173489623
cov10_n10_g0_s42_hotspots_p80_chr1	10	10	1946	1284	2069	0	0.24600001687373885	0.0979923738132373	0.1111111111111111	0.18645405769348145	17.407108306884766	0.03875515891458237
cov10_n10_g0_s42_hotspots_p80_chr1	10	10	1947	1287	2112	0	0.4269498160225981	0.33557576502194414	0.17647058823529413	0.3869691789150238	12.173089027404785	0.03618607741460199
cov10_n10_g0_s42_hotspots_p80_chr1	10	10	1948	1016	2235	0	0.42905481603822937	0.31934072931594054	0.25	0.32552430033683777	17.372360229492188	0.033995927533864795
cov10_n10_g0_s42_hotspots_p80_chr1	10	10	1949	703	2241	0	0.4512546448021611	0.34203787034800376	0.25	0.3290194571018219	18.810497283935547	0.0330450298576752
cov10_n10_g0_s42_hotspots_p80_chr1	10	10	1950	789	1387	0	0.4497759521183673	0.3462288584591596	0.25	0.3474248945713043	16.759868621826172	0.03357479753571008
cov10_n10_g0_s42_hotspots_p80_chr1	10	10	1951	243	503	0	0.29459944089799023	0.2125272606563159	0.17647058823529413	0.35165560245513916	7.018249034881592	0.04638892220341996
cov10_n10_g0_s42_hotspots_p80_chr1	10	10	1952	634	2630	0	0.36385110490479344	0.275826845714733	0.05263157894736842	0.3741113245487213	9.45901107788086	0.04045012902582663
cov10_n10_g0_s42_hotspots_p80_chr1	10	10	1953	923	1469	0	0.10382158386720183	-0.05655783617790623	0.05263157894736842	0.08559633046388626	14.711772918701172	0.04342428784004754
cov10_n10_g0_s42_hotspots_p80_chr1	10	10	1954	640	1401	0	0.39575383736692427	0.30535612001545376	0.17647058823529413	0.3799777626991272	10.847604751586914	0.03811015139008953
cov10_n10_g0_s42_hotspots_p80_chr1	10	10	1955	1240	2578	0	0.35586077076907974	0.22700124097259566	0.25	0.2624022364616394	18.391841888427734	0.03568814425293681
cov10_n10_g0_s42_hotspots_p80_chr1	10	10	1956	1094	2214	0	0.44635388641753365	0.3424747033787976	0.25	0.345980703830719	16.64389419555664	0.033705703780452935
cov10_n10_g0_s42_hotspots_p80_chr1	10	10	1957	528	2030	0	0.42887149979622435	0.34786383600529414	0.25	0.431563138961792	9.875648498535156	0.0379055646663238
cov10_n10_g0_s42_hotspots_p80_chr1	10	10	1958	746	1900	0	0.5398877214462737	0.4738935656182163	0.3333333333333333	0.5379958152770996	10.070455551147461	0.03385653891305501
cov10_n10_g0_s42_hotspots_p80_chr1	10	10	1959	1112	2432	0	0.5033434259783682	0.42219713564666	0.3333333333333333	0.44512131810188293	12.787100791931152	0.033387787807692255
cov10_n10_g0_s42_hotspots_p80_chr1	10	10	1960	866	1957	0	0.15936348175023565	0.06271376390022512	0.1111111111111111	0.19291943311691284	6.82379150390625	0.05098556418478887
cov10_n10_g0_s42_hotspots_p80_chr1	10	10	1961	917	1981	0	0.3697301963813503	0.26727005009899424	0.25	0.32958143949508667	12.584741592407227	0.03767376535228746
cov10_n10_g0_s42_hotspots_p80_chr1	10	10	1962	802	1840	0	0.4723076918312187	0.377364527911417	0.25	0.38067078590393066	15.393978118896484	0.03332159544095681
cov10_n10_g0_s42_hotspots_p80_chr1	10	10	1963	201	779	0	0.32272047240894763	0.1330504922244423	0.05263157894736842	0.17737245559692383	33.10401153564453	0.034411720936617984
cov10_n10_g0_s42_hotspots_p80_chr1	10	10	1964	1103	2671	0	0.39078740519026867	0.293620917495642	0.17647058823529413	0.3542934060096741	12.166202545166016	0.03730553525756509
cov10_n10_g0_s42_hotspots_p80_chr1	10	10	1965	730	1803	0	0.2979810795147977	0.2038630545857128	0.25	0.3149346709251404	8.952338218688965	0.04311550395532681
cov10_n10_g0_s42_hotspots_p80_chr1	10	10	1966	970	2362	0	0.5226215292573386	0.44511920035843794	0.3333333333333333	0.4646984338760376	12.648301124572754	0.03281050012838271
cov10_n10_g0_s42_hotspots_p80_chr1	10	10	1967	468	1427	0	0.35038151396884815	0.23978083378442958	0.17647058823529413	0.2996828258037567	13.669689178466797	0.03761947409469423
cov10_n10_g0_s42_hotspots_p80_chr1	10	10	1968	518	1098	0	0.5717723858158329	0.5047344572676978	0.25	0.5258339047431946	11.823587417602539	0.03150593611626044
cov10_n10_g0_s42_hotspots_p80_chr1	10	10	1969	861	2105	0	0.5014650112365475	0.4067288952928455	0.3333333333333333	0.3800135552883148	17.413379669189453	0.03190305514543209
cov10_n10_g0_s42_hotspots_p80_chr1	10	10	1970	646	1246	0	0.2383432834116838	0.14890832782816257	0.17647058823529413	0.28270822763442993	7.107699394226074	0.04797796981865766
cov10_n10_g0_s42_hotspots_p80_chr1	10	10	1971	1174	1845	0	0.40303016790373386	0.29516507892244065	0.25	0.32544344663619995	15.336421012878418	0.035375763356098974
cov10_n10_g0_s42_hotspots_p80_chr1	10	10	1972	786	1598	0	0.557452615321347	0.49969314474552967	0.25	0.601594090461731	8.58635425567627	0.034667176369060214
cov10_n10_g0_s42_hotspots_p80_chr1	10	10	1973	580	1191	0	0.41850904953209983	0.3575197909419353	0.3333333333333333	0.5399813055992126	6.006924629211426	0.04450818190599374
cov10_n10_g0_s42_hotspots_p80_chr1	10	10	1974	620	2172	0	0.47114843816669305	0.37339700586689956	0.25	0.3695599436759949	16.25345802307129	0.03309331247114456
cov10_n10_g0_s42_hotspots_p80_chr1	10	10	1975	1005	2082	0	0.5080140413499715	0.41239599685388495	0.25	0.3747769296169281	18.374082565307617	0.03151767312785323
cov10_n10_g0_s42_hotspots_p80_chr1	10	10	1976	607	1967	0	0.2887520696712046	0.1633088800501409	0.17647058823529413	0.2397831529378891	14.501496315002441	0.03889115725483424
cov10_n10_g0_s42_hotspots_p80_chr1	10	10	1977	706	2028	0	0.6071721247606967	0.5504394037061435	0.42857142857142855	0.6013792753219604	10.19357967376709	0.0311899628326127
cov10_n10_g0_s42_hotspots_p80_chr1	10	10	1978	446	1591	0	0.4158656495022622	0.3175740760701988	0.25	0.35876426100730896	13.436553001403809	0.03582439900469869
cov10_n10_g0_s42_hotspots_p80_chr1	10	10	1979	562	1899	0	0.429303794392318	0.32926989746286345	0.25	0.3561673164367676	14.528520584106445	0.03492790238494036
cov10_n10_g0_s42_hotspots_p80_chr1	10	10	1980	741	1476	0	0.4417242456409632	0.3426461323876276	0.25	0.36182931065559387	14.903731346130371	0.03441137796610925
cov10_n10_g0_s42_hotspots_p80_chr1	10	10	1981	133	552	1	0.4399863576384573	0.32654645940854143	0.25	0.3157878816127777	19.412769317626953	0.03323306063049349
cov10_n10_g0_s42_hotspots_p80_chr1	10	10	1982	498	1602	0	0.42946494395662704	0.33709336713392857	0.17647058823529413	0.3838177025318146	12.52003288269043	0.035900638164835665
cov10_n10_g0_s42_hotspots_p80_chr1	10	10	1983	378	1199	0	0.23797698602408796	0.13810447442181295	0.25	0.2565844655036926	8.602194786071777	0.045405467686164755
cov10_n10_g0_s42_hotspots_p80_chr1	10	10	1984	826	1985	0	0.2824821954071685	0.16007179027586782	0.1111111111111111	0.2416219413280487	13.66814136505127	0.039502920394383564
cov10_n10_g0_s42_hotspots_p80_chr1	10	10	1985	303	892	0	0.5932237021998983	0.5125927839779113	0.3333333333333333	0.4056423604488373	21.38702392578125	0.02864193841596974
cov10_n10_g0_s42_hotspots_p80_chr1	10	10	1986	1281	2635	0	0.6948962883293387	0.640941462790182	0.6666666666666666	0.5363921523094177	16.783218383789062	0.02556973406428598
cov10_n10_g0_s42_hotspots_p80_chr1	10	10	1987	693	1837	0	0.49374918979943067	0.4009454986466925	0.3333333333333333	0.38939619064331055	16.07790184020996	0.032464967458109
cov10_n10_g0_s42_hotspots_p80_chr1	10	10	1988	981	1635	0	0.49525950661433643	0.39116965644312	0.25	0.34232646226882935	20.930740356445312	0.031486370077698486
cov10_n10_g0_s42_hotspots_p80_chr1	10	10	1989	1271	1962	0	0.3092646522977992	0.13641381747571094	0.17647058823529413	0.1882038116455078	27.002485275268555	0.035247848773803075
cov10_n10_g0_s42_hotspots_p80_chr1	10	10	1990	749	1904	0	0.13214010515702002	0.02594176149150053	0.1111111111111111	0.15145747363567352	7.611808776855469	0.05013523153429644
cov10_n10_g0_s42_hotspots_p80_chr1	10	10	1991	323	947	0	0.17978094468891775	0.05673508782463574	0.1111111111111111	0.17226336896419525	10.891845703125	0.04435075162966971
cov10_n10_g0_s42_hotspots_p80_chr1	10	10	1992	826	1958	0	0.3874498898206869	0.2976742434017257	0.25	0.37883689999580383	10.459875106811523	0.03870336801554291
cov10_n10_g0_s42_hotspots_p80_chr1	10	10	1993	1029	2423	0	0.36570332287636426	0.2525316210811065	0.17647058823529413	0.2995084524154663	14.90869426727295	0.036601444716523976
cov10_n10_g0_s42_hotspots_p80_chr1	10	10	1994	1080	2508	0	0.5154024135933445	0.41666296583937296	0.25	0.3582414984703064	20.6986083984375	0.03095644674570772
cov10_n10_g0_s42_hotspots_p80_chr1	10	10	1995	959	2024	0	0.3801765145580928	0.2759928217225929	0.17647058823529413	0.32868364453315735	13.378718376159668	0.03691355734156307
cov10_n10_g0_s42_hotspots_p80_chr1	10	10	1996	1017	2233	0	0.4824786393702056	0.3662438152639428	0.25	0.30167537927627563	25.578577041625977	0.03137676987851724
cov10_n10_g0_s42_hotspots_p80_chr1	10	10	1997	1120	2561	0	0.43276245298244215	0.33611003004267903	0.17647058823529413	0.36873659491539	13.774208068847656	0.03515183665782844
cov10_n10_g0_s42_hotspots_p80_chr1	10	10	1998	1005	2582	0	0.46392657156505673	0.3596989238382473	0.25	0.3457254469394684	18.00676918029785	0.03286137122856849
cov10_n10_g0_s42_hotspots_p80_chr1	10	10	1999	1101	2466	0	0.3610659748873044	0.2874860079590826	0.17647058823529413	0.43372783064842224	6.930086612701416	0.04437803458326123
cov10_n10_g0_s42_hotspots_p80_chr1	10	10	2000	680	1629	0	0.4693234345219077	0.3663601336192581	0.25	0.35013261437416077	17.96715545654297	0.032716698448058114
cov10_n10_g0_s42_hotspots_p80_chr1	10	10	2001	351	1050	0	0.27190445503279964	0.17126552908398873	0.25	0.2798551321029663	9.439870834350586	0.043295874695604114
cov10_n10_g0_s42_hotspots_p80_chr1	10	10	2002	766	1777	0	0.5912894546344841	0.5160579718522953	0.25	0.4541604518890381	16.950464248657227	0.029189754194922354
cov10_n10_g0_s42_hotspots_p80_chr1	10	10	2003	580	1855	0	0.37091233538409374	0.2576504086143611	0.1111111111111111	0.301161527633667	15.168532371520996	0.03634791035831124
cov10_n10_g0_s42_hotspots_p80_chr1	10	10	2004	393	1276	0	0.5304807322610869	0.4334289092665675	0.25	0.35856932401657104	21.887338638305664	0.030408602779567827
cov10_n10_g0_s42_hotspots_p80_chr1	10	10	2005	776	2346	0	0.3999594682524855	0.3207404072665818	0.3333333333333333	0.4281471371650696	8.726615905761719	0.040150113499232566
cov10_n10_g0_s42_hotspots_p80_chr1	10	10	2006	1065	2076	0	0.5265828931504346	0.4253365022254263	0.17647058823529413	0.3395390808582306	24.052148818969727	0.03034561441148632
cov10_n10_g0_s42_hotspots_p80_chr1	10	10	2007	783	2184	0	0.42035238029941135	0.3042989651423378	0.1111111111111111	0.30658066272735596	18.799118041992188	0.03388912983727134
cov10_n10_g0_s42_hotspots_p80_chr1	10	10	2008	849	2084	0	0.44663996005980894	0.38348642708521613	0.3333333333333333	0.5383919477462769	6.882052898406982	0.041476965082344774
cov10_n10_g0_s42_hotspots_p80_chr1	10	10	2009	557	1720	0	0.5084931243736497	0.44445146549279707	0.3333333333333333	0.5498580932617188	8.552024841308594	0.03656497014136428
cov10_n10_g0_s42_hotspots_p80_chr1	10	10	2010	1010	1755	0	0.5686906434521183	0.4858166248672489	0.3333333333333333	0.4162150025367737	18.668811798095703	0.029648412768217315
cov10_n10_g0_s42_hotspots_p80_chr1	10	10	2011	748	1642	0	0.35411207126381483	0.2349840761410875	0.25	0.28150713443756104	15.823503494262695	0.03655401826005246
cov10_n10_g0_s42_hotspots_p80_chr1	10	10	2012	414	991	0	0.3457269114981003	0.26106920979397596	0.25	0.37665465474128723	8.425189018249512	0.04233213500445593
cov10_n10_g0_s42_hotspots_p80_chr1	10	10	2013	526	2183	0	0.4284073271419853	0.33289802217727466	0.25	0.37184423208236694	13.273689270019531	0.03552607537879064
cov10_n10_g0_s42_hotspots_p80_chr1	10	10	2014	277	810	0	0.4729329042229328	0.40291417886819314	0.25	0.5033679008483887	8.827303886413574	0.03751854518277079
cov10_n10_g0_s42_hotspots_p80_chr1	10	10	2015	826	1669	0	0.5021403309396879	0.42300729556000205	0.3333333333333333	0.45584240555763245	12.134467124938965	0.03377154909864608
cov10_n10_g0_s42_hotspots_p80_chr1	10	10	2016	1179	2452	0	0.4309016478156232	0.32080200502515843	0.25	0.32464584708213806	17.617191314697266	0.033880962769050345
cov10_n10_g0_s42_hotspots_p80_chr1	10	10	2017	659	1939	0	0.31647289364995423	0.24944999930381756	0.25	0.43474242091178894	5.299184322357178	0.050219492847241726
cov10_n10_g0_s42_hotspots_p80_chr1	10	10	2018	720	1638	0	0.30662062641441457	0.2192950558737062	0.17647058823529413	0.3420073986053467	8.037696838378906	0.044160538452544265
cov10_n10_g0_s42_hotspots_p80_chr1	10	10	2019	569	1532	0	0.41655387189247806	0.33712775686949065	0.3333333333333333	0.4343385398387909	9.197834968566895	0.039027799841413933
cov10_n10_g0_s42_hotspots_p80_chr1	10	10	2020	995	1877	0	0.412370502031889	0.2958423467823882	0.17647058823529413	0.3040721118450165	18.39170265197754	0.03419757255250265
cov10_n10_g0_s42_hotspots_p80_chr1	10	10	2021	214	608	0	0.3364853515960313	0.25996543224852764	0.25	0.40409085154533386	6.933847904205322	0.04519428869767809
cov10_n10_g0_s42_hotspots_p80_chr1	10	10	2022	431	2023	0	0.38585333971832825	0.28341406313880596	0.25	0.33588936924934387	13.196295738220215	0.03684443124393722
cov10_n10_g0_s42_hotspots_p80_chr1	10	10	2023	274	1212	0	0.3575063154174511	0.32897648481860564	0.25	0.8385385274887085	1.817696452140808	0.07765622402279372
cov10_n10_g0_s42_hotspots_p80_chr1	10	10	2024	380	1231	0	0.30216257516412254	0.232720248318494	0.25	0.4106968641281128	5.413006782531738	0.050324055079496166
cov10_n10_g0_s42_hotspots_p80_chr1	10	10	2025	432	1411	0	0.4154427273009429	0.3235585605545757	0.17647058823529413	0.38153767585754395	11.856253623962402	0.0367484927057562
cov10_n10_g0_s42_hotspots_p80_chr1	10	10	2026	871	2066	0	0.477591151891034	0.3914796066494572	0.3333333333333333	0.4191715717315674	12.981618881225586	0.03413167107444864
cov10_n10_g0_s42_hotspots_p80_chr1	10	10	2027	940	2484	0	0.3960141571927779	0.274450266943108	0.25	0.2885964810848236	18.82952117919922	0.03453056494861879
cov10_n10_g0_s42_hotspots_p80_chr1	10	10	2028	821	1566	0	0.6427125420725655	0.5813803446978912	0.25	0.5323590040206909	14.575531005859375	0.027869414076340405
cov10_n10_g0_s42_hotspots_p80_chr1	10	10	2029	398	1226	0	0.41839420433042035	0.35073226975423993	0.17647058823529413	0.4973126947879791	7.078026294708252	0.04210400578000225
cov10_n10_g0_s42_hotspots_p80_chr1	10	10	2030	348	877	0	0.4581578183737974	0.3774130612505218	0.3333333333333333	0.441366970539093	10.775331497192383	0.03614747361184692
cov10_n10_g0_s42_hotspots_p80_chr1	10	10	2031	452	1135	0	0.5089842273188361	0.4133748593841308	0.3333333333333333	0.37457627058029175	18.464101791381836	0.03147298363317142
cov10_n10_g0_s42_hotspots_p80_chr1	10	10	2032	242	969	0	0.24658620725981095	0.17707211804852827	0.1111111111111111	0.35876336693763733	4.724125385284424	0.054763894683726895
cov10_n10_g0_s42_hotspots_p80_chr1	10	10	2033	382	1612	0	0.3628763570160171	0.2818304103867305	0.25	0.4010521471500397	8.186827659606934	0.04212140356627063
cov10_n10_g0_s42_hotspots_p80_chr1	10	10	2034	491	1213	0	0.09365136290733812	-0.021471408167284683	0.05263157894736842	0.10388301312923431	8.127166748046875	0.050282640016688286
cov10_n10_g0_s42_hotspots_p80_chr1	10	10	2035	1036	2398	0	0.37675828409012496	0.24659795126434053	0.17647058823529413	0.265890508890152	20.077978134155273	0.03475408408034313
cov10_n10_g0_s42_hotspots_p80_chr1	10	10	2036	900	1792	0	0.5362071998896584	0.4415778539474332	0.25	0.36772051453590393	21.263248443603516	0.030307878638430957
cov10_n10_g0_s42_hotspots_p80_chr1	10	10	2037	1074	2311	0	0.3348127937320919	0.21454365803284997	0.25	0.27136513590812683	15.22285270690918	0.037319178373335066
cov10_n10_g0_s42_hotspots_p80_chr1	10	10	2038	1188	2059	0	0.2866999406961777	0.13418505103600825	0.17647058823529413	0.20097890496253967	20.349525451660156	0.03690281431227353
cov10_n10_g0_s42_hotspots_p80_chr1	10	10	2039	448	1685	0	0.1909776813596234	0.09092316499812486	0.05263157894736842	0.21670345962047577	7.766646385192871	0.048142367729985626
cov10_n10_g0_s42_hotspots_p80_chr1	10	10	2040	878	2589	0	0.4013990326589359	0.30295016140202086	0.25	0.353819340467453	12.87032413482666	0.03656060892592343
cov10_n10_g0_s42_hotspots_p80_chr1	10	10	2041	1262	2577	0	0.4634637913900449	0.37609430123444515	0.25	0.41165679693222046	12.67538070678711	0.03474221831896783
cov10_n10_g0_s42_hotspots_p80_chr1	10	10	2042	876	1939	0	0.5086611158790684	0.4355088964078129	0.3333333333333333	0.490353524684906	10.760648727416992	0.03443480978788008
cov10_n10_g0_s42_hotspots_p80_chr1	10	10	2043	927	2199	0	0.34163604206633563	0.18464938665056352	0.1111111111111111	0.21480481326580048	25.29526710510254	0.03474408522472199
cov10_n10_g0_s42_hotspots_p80_chr1	10	10	2044	818	1945	0	0.31663552058486727	0.2080652570159621	0.17647058823529413	0.2883145213127136	12.061080932617188	0.03956772823218204
cov10_n10_g0_s42_hotspots_p80_chr1	10	10	2045	730	2286	0	0.37053415567123205	0.25876969746971085	0.17647058823529413	0.304747998714447	14.783416748046875	0.03651947424209763
cov10_n10_g0_s42_hotspots_p80_chr1	10	10	2046	549	1685	0	0.3163559945952793	0.16759409670309205	0.1111111111111111	0.21735388040542603	21.18445587158203	0.036009312337926196
cov10_n10_g0_s42_hotspots_p80_chr1	10	10	2047	621	1515	0	0.3376899676416758	0.2468124194927934	0.17647058823529413	0.3497638702392578	9.321513175964355	0.04143156270947458
cov10_n10_g0_s42_hotspots_p80_chr1	10	10	2048	656	1646	0	0.5236885163051992	0.43333886942576955	0.3333333333333333	0.39559340476989746	17.52459716796875	0.031213773802354832
cov10_n10_g0_s42_hotspots_p80_chr1	10	10	2049	699	2089	0	0.48775157905028765	0.41062269896529296	0.25	0.46548399329185486	10.979632377624512	0.03499659456794824
cov10_n10_g0_s42_hotspots_p80_chr1	10	10	2050	762	1564	0	0.466500365359953	0.3999245759028032	0.3333333333333333	0.5230139493942261	7.955681800842285	0.03890590256493741
cov10_n10_g0_s42_hotspots_p80_chr1	10	10	2051	1374	2459	0	0.39988425932862615	0.2613649977377881	0.17647058823529413	0.254047155380249	24.77649688720703	0.03345732302427166
cov10_n10_g0_s42_hotspots_p80_chr1	10	10	2052	995	1952	0	0.4154696006005457	0.3004660212333315	0.17647058823529413	0.3085903227329254	18.126497268676758	0.034177805237135324
cov10_n10_g0_s42_hotspots_p80_chr1	10	10	2053	740	1642	0	0.37288936557864655	0.3374739129791266	0.3333333333333333	0.7503076791763306	2.469910144805908	0.06659687106649342
cov10_n10_g0_s42_hotspots_p80_chr1	10	10	2054	139	601	1	0.39185115643025387	0.284133295400047	0.17647058823529413	0.3226255774497986	14.751785278320312	0.03592758166264836
cov10_n10_g0_s42_hotspots_p80_chr1	10	10	2055	399	1152	0	0.43744176534794976	0.33073072380557916	0.17647058823529413	0.3357938528060913	16.970516204833984	0.03386867252819617
cov10_n10_g0_s42_hotspots_p80_chr1	10	10	2056	339	834	0	0.35610781789147006	0.2304723110156159	0.17647058823529413	0.2687253952026367	17.56085205078125	0.03591652954175723
cov10_n10_g0_s42_hotspots_p80_chr1	10	10	2057	1293	2177	0	0.4235230404994605	0.3162818969920355	0.17647058823529413	0.33196595311164856	16.27672576904297	0.034468142960237876
cov10_n10_g0_s42_hotspots_p80_chr1	10	10	2058	866	1348	0	0.3372805442675944	0.22232216425295326	0.17647058823529413	0.28377261757850647	14.126730918884277	0.037754679614586825
cov10_n10_g0_s42_hotspots_p80_chr1	10	10	2059	950	2468	0	0.48614427397784327	0.38336980768527745	0.17647058823529413	0.3493821322917938	19.361053466796875	0.03197140423534757
cov10_n10_g0_s42_hotspots_p80_chr1	10	10	2060	22	242	1	0.22360680157584636	0.18156825980063976	0.1111111111111111	0.5	2.0	0.07905694150420949
cov10_n10_g0_s42_hotspots_p80_chr1	10	10	2061	20	100	1	0.21516575093435245	0.13154093394459868	0.1111111111111111	0.2777777910232544	6.000000476837158	0.05137011694320893
cov10_n10_g0_s42_hotspots_p80_chr1	10	10	2062	666	1405	0	0.323554086160845	0.16402914287012785	0.17647058823529413	0.20656362175941467	24.535003662109375	0.035257157486425175
cov10_n10_g0_s42_hotspots_p80_chr1	10	10	2063	1	26	1	0.22360680157584636	0.18156825980063976	0.1111111111111111	0.5	2.0	0.07905694150420949
cov10_n10_g0_s42_hotspots_p80_chr1	10	10	2064	467	1132	0	0.3806618984736422	0.2724326617315989	0.25	0.3175479769706726	14.370107650756836	0.03641416150064538
cov10_n10_g0_s42_hotspots_p80_chr1	10	10	2065	1137	2191	0	0.4963336578694387	0.4167402311076761	0.25	0.4530743360519409	12.000754356384277	0.03404284697173493
cov10_n10_g0_s42_hotspots_p80_chr1	10	10	2067	3	20	1	0.22360680157584636	0.18156825980063976	0.1111111111111111	0.5	2.0	0.07905694150420949
cov10_n10_g0_s42_hotspots_p80_chr1	10	10	2068	408	1196	0	0.40212046212073643	0.28972828600864065	0.17647058823529413	0.31273138523101807	16.533674240112305	0.034988630147525505
cov10_n10_g0_s42_hotspots_p80_chr1	10	10	2069	604	1301	0	0.37247203159903636	0.25839778450268935	0.17647058823529413	0.29971426725387573	15.444452285766602	0.03619483966486986
cov10_n10_g0_s42_hotspots_p80_chr1	10	10	2070	574	1427	0	0.5076511454386586	0.4561987660506237	0.3333333333333333	0.6512055397033691	6.077075004577637	0.04097434240134532
cov10_n10_g0_s42_hotspots_p80_chr1	10	10	2071	171	436	1	0.4049492657710262	0.299733730348729	0.17647058823529413	0.3336946368217468	14.726609230041504	0.035560750271725255
cov10_n10_g0_s42_hotspots_p80_chr1	10	10	2072	109	433	1	0.38554846868984244	0.27952090603139357	0.25	0.325325608253479	14.044992446899414	0.03642365898999956
cov10_n10_g0_s42_hotspots_p80_chr1	10	10	2073	835	2313	0	0.13700035938218114	0.03453949786472375	0.17647058823529413	0.1612783521413803	7.215912818908691	0.05078470885604392
cov10_n10_g0_s42_hotspots_p80_chr1	10	10	2074	891	2295	0	0.38502192981989664	0.27122182867578715	0.25	0.30442389845848083	15.996079444885254	0.03564241631338207
cov10_n10_g0_s42_hotspots_p80_chr1	10	10	2075	888	1940	0	0.4205309347671242	0.3087271724731358	0.17647058823529413	0.31817370653152466	17.468971252441406	0.034207019321564024
cov10_n10_g0_s42_hotspots_p80_chr1	10	10	2076	391	1109	0	0.38755991579818544	0.29952291570088335	0.17647058823529413	0.3854557275772095	10.109477043151855	0.03902338098578231
cov10_n10_g0_s42_hotspots_p80_chr1	10	10	2077	560	1275	0	0.4345540033713785	0.3094486132662542	0.17647058823529413	0.2845005989074707	23.330341339111328	0.032780047077348065
cov10_n10_g0_s42_hotspots_p80_chr1	10	10	2078	592	1534	0	0.3743120262920977	0.24425484423654745	0.1111111111111111	0.2654770612716675	19.87987518310547	0.034858054918400036
cov10_n10_g0_s42_hotspots_p80_chr1	10	10	2079	1325	2554	0	0.23778319643642834	0.10133244151411686	0.17647058823529413	0.19524724781513214	14.831753730773926	0.04005831090172632
cov10_n10_g0_s42_hotspots_p80_chr1	10	10	2080	1297	1961	0	0.22205007984616967	0.05923306496338835	0.1111111111111111	0.15970280766487122	19.332000732421875	0.03869546785909188
cov10_n10_g0_s42_hotspots_p80_chr1	10	10	2081	1769	2542	0	0.3891968338167516	0.24061890257219423	0.1111111111111111	0.235591322183609	27.291030883789062	0.03345216879772542
cov10_n10_g0_s42_hotspots_p80_chr1	10	10	2082	1302	2851	0	0.36768903230016736	0.2250227567484408	0.17647058823529413	0.24153664708137512	23.173696517944336	0.034432006291569145
cov10_n10_g0_s42_hotspots_p80_chr1	10	10	2083	1266	2746	0	0.4024028628126161	0.27207805141789165	0.25	0.2705278694629669	22.125755310058594	0.0337436334636672
cov10_n10_g0_s42_hotspots_p80_chr1	10	10	2084	811	1654	0	0.382699620717254	0.2605995277455054	0.17647058823529413	0.2841806411743164	18.13539695739746	0.03505436040923626
cov10_n10_g0_s42_hotspots_p80_chr1	10	10	2085	828	2167	0	0.4690706152992087	0.39028367194103564	0.3333333333333333	0.4535670876502991	10.69530963897705	0.03584437168802195
cov10_n10_g0_s42_hotspots_p80_chr1	10	10	2086	1013	2416	0	0.37088150407454473	0.2143253851977462	0.25	0.22149550914764404	28.03757667541504	0.033794843817122264
cov10_n10_g0_s42_hotspots_p80_chr1	10	10	2087	827	1794	0	0.4442078392491335	0.3182841332921003	0.17647058823529413	0.28191906213760376	24.826963424682617	0.032383440860037686
cov10_n10_g0_s42_hotspots_p80_chr1	10	10	2088	148	178	1	0.18764446375724536	0.04886604371553278	0.05263157894736842	0.160638228058815	13.645003318786621	0.042005840146551274
cov10_n10_g0_s42_hotspots_p80_chr1	10	10	2089	828	2240	0	0.3832346016158696	0.2724737999314014	0.17647058823529413	0.3116641044616699	15.120139122009277	0.03602154512414345
cov10_n10_g0_s42_hotspots_p80_chr1	10	10	2090	526	1788	0	0.34024886922534625	0.20272822473385713	0.1111111111111111	0.2420901507139206	19.753276824951172	0.03574326541247349
cov10_n10_g0_s42_hotspots_p80_chr1	10	10	2091	760	2115	0	0.4472391737381752	0.32486839743147294	0.1111111111111111	0.2909422218799591	23.630130767822266	0.032428845740038174
cov10_n10_g0_s42_hotspots_p80_chr1	10	10	2092	1466	2413	0	0.4345416313382047	0.3229053239387111	0.17647058823529413	0.3205775320529938	18.373703002929688	0.03359875522662559
cov10_n10_g0_s42_hotspots_p80_chr1	10	10	2093	955	1744	0	0.28531628266559167	0.2276526675593376	0.25	0.4598731994628906	3.8492579460144043	0.05785928223045437
cov10_n10_g0_s42_hotspots_p80_chr1	10	10	2094	421	699	0	0.4334071423542386	0.32879108273025437	0.25	0.34184592962265015	16.07427215576172	0.034249458323197354
cov10_n10_g0_s42_hotspots_p80_chr1	10	10	2095	824	1981	0	0.2780182311932959	0.1643489052454576	0.17647058823529413	0.25527268648147583	11.8614501953125	0.04081240397704276
cov10_n10_g0_s42_hotspots_p80_chr1	10	10	2096	1110	2000	0	0.31547363880260987	0.17941527216351688	0.1111111111111111	0.23509681224822998	18.00664520263672	0.036829964534480224
cov10_n10_g0_s42_hotspots_p80_chr1	10	10	2097	1055	2445	0	0.2892008199692124	0.13688986511760826	0.1111111111111111	0.20227700471878052	20.441179275512695	0.03682143599616971
cov10_n10_g0_s42_hotspots_p80_chr1	10	10	2098	900	1852	0	0.3794201096913777	0.27862569458036923	0.25	0.338435560464859	12.568653106689453	0.03739584057401293
cov10_n10_g0_s42_hotspots_p80_chr1	10	10	2099	1150	1953	0	0.3676222621203611	0.21579020084557776	0.1111111111111111	0.22756585478782654	26.096933364868164	0.03405978334059623
cov10_n10_g0_s42_hotspots_p80_chr1	10	10	2100	1449	2532	0	0.35219260355861776	0.2512867747296426	0.17647058823529413	0.3262849450111389	11.65108585357666	0.03882201712172558
cov10_n10_g0_s42_hotspots_p80_chr1	10	10	2101	511	1197	0	0.36848867803495794	0.23796890757910097	0.25	0.26304131746292114	19.62458038330078	0.03506213016577001
cov10_n10_g0_s42_hotspots_p80_chr1	10	10	2102	1201	1705	0	0.2874879239645039	0.09873003886123849	0.05263157894736842	0.16795103251934052	29.3004150390625	0.03545049378212041
cov10_n10_g0_s42_hotspots_p80_chr1	10	10	2103	791	1608	0	0.42239029692746477	0.29442017515556945	0.17647058823529413	0.2774992883205414	23.168838500976562	0.03310241103916895
cov10_n10_g0_s42_hotspots_p80_chr1	10	10	2104	598	1419	0	0.5603938097708455	0.4650809031462007	0.3333333333333333	0.30431896448135376	33.91006851196289	0.029288643796951123
cov10_n10_g0_s42_hotspots_p80_chr1	10	10	2107	575	1049	0	0.3728722886659256	0.2558256227102717	0.17647058823529413	0.29276371002197266	16.221302032470703	0.03589822189973154
cov10_n10_g0_s42_hotspots_p80_chr1	10	10	2108	1111	2354	0	0.5109874428316412	0.41297347220332425	0.25	0.3631816506385803	19.795785903930664	0.031200857061045147
cov10_n10_g0_s42_hotspots_p80_chr1	10	10	2109	916	2239	0	0.16007187840673454	0.08130878777619485	0.25	0.2318110316991806	4.768281936645508	0.0573756185911085
cov10_n10_g0_s42_hotspots_p80_chr1	10	10	2110	920	2148	0	0.4270135995904418	0.3672657962713406	0.25	0.5530292987823486	5.9619340896606445	0.04431773766421686
cov10_n10_g0_s42_hotspots_p80_chr1	10	10	2111	1233	2505	0	0.5304565116857208	0.4546800428011892	0.3333333333333333	0.4742705225944519	12.509710311889648	0.03261207465779149
cov10_n10_g0_s42_hotspots_p80_chr1	10	10	2112	1284	2255	0	0.3319733010291974	0.18887029311325315	0.17647058823529413	0.23069673776626587	20.70729637145996	0.03573387868505354
cov10_n10_g0_s42_hotspots_p80_chr1	10	10	2113	852	2034	0	0.4501381102677684	0.35703304421472687	0.17647058823529413	0.385529488325119	13.632530212402344	0.034685742736385625
cov10_n10_g0_s42_hotspots_p80_chr1	10	10	2114	976	1861	0	0.3580877992288364	0.2358320686999646	0.17647058823529413	0.2762830853462219	16.798498153686523	0.0361027206314897
cov10_n10_g0_s42_hotspots_p80_chr1	10	10	2115	911	1942	0	0.43112241105437643	0.32317692382232954	0.17647058823529413	0.33111658692359924	16.952714920043945	0.034052217644920085
cov10_n10_g0_s42_hotspots_p80_chr1	10	10	2116	1109	2021	0	0.5259487352028993	0.42338055436213595	0.3333333333333333	0.333116352558136	24.928434371948242	0.030309150410296092
cov10_n10_g0_s42_hotspots_p80_chr1	10	10	2117	1024	2343	0	0.39218444142660286	0.27880300905776434	0.17647058823529413	0.3075539469718933	16.260658264160156	0.03535310075508771
cov10_n10_g0_s42_hotspots_p80_chr1	10	10	2118	111	720	1	0.3295291160360957	0.19673769694054297	0.17647058823529413	0.24599596858024597	17.944509506225586	0.03649112176222791
cov10_n10_g0_s42_hotspots_p80_chr1	10	10	2119	278	809	0	0.49957889965730096	0.42998698470588326	0.3333333333333333	0.5113739371299744	9.544011116027832	0.03579506981550582
cov10_n10_g0_s42_hotspots_p80_chr1	10	10	2120	171	1018	1	0.11544636941440366	0.033240944743106376	0.17647058823529413	0.16923610866069794	4.653444766998291	0.05927134206976564
cov10_n10_g0_s42_hotspots_p80_chr1	10	10	2121	348	1440	0	0.3416729883129575	0.2729519021230829	0.25	0.44522273540496826	5.889339923858643	0.04753337823595667
cov10_n10_g0_s42_hotspots_p80_chr1	10	10	2122	75	182	1	0.15811421892400557	0.08671053640265762	0.05263157894736842	0.24999801814556122	4.000080585479736	0.061236770088772055
cov10_n10_g0_s42_hotspots_p80_chr1	10	10	2123	460	1416	0	0.46634889213910946	0.3817619526359098	0.17647058823529413	0.42472851276397705	12.05588436126709	0.03500023976162835
cov10_n10_g0_s42_hotspots_p80_chr1	10	10	2124	598	1546	0	0.5329116318484002	0.45090050940558823	0.25	0.43757107853889465	14.83245849609375	0.03160408994016775
cov10_n10_g0_s42_hotspots_p80_chr1	10	10	2125	1158	2460	0	0.578260798732926	0.4960196124909825	0.25	0.4120894968509674	19.69084930419922	0.02923335372164821
cov10_n10_g0_s42_hotspots_p80_chr1	10	10	2126	1107	2061	0	0.596972686479822	0.5176684066378054	0.25	0.4121924042701721	20.975339889526367	0.02855620607397594
cov10_n10_g0_s42_hotspots_p80_chr1	10	10	2127	627	1695	0	0.1477635852010845	0.04244462050524254	0.1111111111111111	0.1678643524646759	7.748505115509033	0.04943231165837794
cov10_n10_g0_s42_hotspots_p80_chr1	10	10	2128	1067	2182	0	0.5224080785089802	0.4172312861649945	0.25	0.3225981891155243	26.223819732666016	0.030334311740817594
cov10_n10_g0_s42_hotspots_p80_chr1	10	10	2129	959	1749	0	0.28380233084369083	0.14687296015824422	0.1111111111111111	0.2195146083831787	16.714950561523438	0.03806635041072026
cov10_n10_g0_s42_hotspots_p80_chr1	10	10	2130	702	1712	0	0.47952173643901935	0.39880454887472727	0.25	0.44551897048950195	11.584685325622559	0.03485991169752955
cov10_n10_g0_s42_hotspots_p80_chr1	10	10	2131	790	1924	0	0.34184854975765605	0.213064645527992	0.05263157894736842	0.2576846480369568	17.599096298217773	0.03627743243690083
cov10_n10_g0_s42_hotspots_p80_chr1	10	10	2132	818	1955	0	0.5611655624516911	0.5016405023238449	0.3333333333333333	0.5866177082061768	9.151065826416016	0.033903051361951465
cov10_n10_g0_s42_hotspots_p80_chr1	10	10	2133	936	2256	0	0.2692217125393405	0.14591370528121544	0.17647058823529413	0.23259447515010834	13.397424697875977	0.040019107377308565
cov10_n10_g0_s42_hotspots_p80_chr1	10	10	2134	1090	2576	0	0.4249945869392032	0.29354200897286564	0.25	0.269705206155777	24.83064842224121	0.0328503734147075
cov10_n10_g0_s42_hotspots_p80_chr1	10	10	2135	353	779	0	0.5165023315749284	0.42788258514869065	0.3333333333333333	0.40597569942474365	16.186185836791992	0.031738372306755525
cov10_n10_g0_s42_hotspots_p80_chr1	10	10	2136	808	2536	0	0.237960263773794	0.1459973589509909	0.25	0.27565014362335205	7.452334880828857	0.047309631650068115
cov10_n10_g0_s42_hotspots_p80_chr1	10	10	2137	959	1898	0	0.4284691910558307	0.33147888051221164	0.25	0.3665408492088318	13.664523124694824	0.0353330653568727
cov10_n10_g0_s42_hotspots_p80_chr1	10	10	2138	930	2708	0	0.5987445437464166	0.5300131002485543	0.3333333333333333	0.5009404420852661	14.286012649536133	0.029540322261909814
cov10_n10_g0_s42_hotspots_p80_chr1	10	10	2139	94	483	1	0.28571586098959206	0.2096494736573075	0.25	0.36759671568870544	6.04123067855835	0.04899105113050063
cov10_n10_g0_s42_hotspots_p80_chr1	10	10	2140	366	1057	0	0.4354922793489418	0.3413439783664966	0.25	0.3785671591758728	13.233511924743652	0.03532922005627398
cov10_n10_g0_s42_hotspots_p80_chr1	10	10	2141	836	2101	0	0.382666526374222	0.2397720196737562	0.17647058823529413	0.24404743313789368	24.586259841918945	0.03388650866926355
cov10_n10_g0_s42_hotspots_p80_chr1	10	10	2142	790	2148	0	0.28050433414278153	0.15809666030739006	0.17647058823529413	0.24053029716014862	13.600020408630371	0.03959533401915489
cov10_n10_g0_s42_hotspots_p80_chr1	10	10	2143	1044	1748	0	0.4046893272001292	0.3083545377648609	0.17647058823529413	0.3620182275772095	12.496336936950684	0.03667761806074844
cov10_n10_g0_s42_hotspots_p80_chr1	10	10	2144	720	1519	0	0.17196984107830193	0.07039244986347676	0.17647058823529413	0.1965775340795517	7.653092384338379	0.04890687963770028
cov10_n10_g0_s42_hotspots_p80_chr1	10	10	2145	933	1670	0	0.37513843953503767	0.2820138865540405	0.25	0.3614242970943451	10.773296356201172	0.038816435675132994
cov10_n10_g0_s42_hotspots_p80_chr1	10	10	2146	1064	1883	0	0.4350394861584924	0.3173873650094362	0.25	0.3037540018558502	20.512252807617188	0.0331663514813782
cov10_n10_g0_s42_hotspots_p80_chr1	10	10	2147	958	1932	0	0.3258504095617249	0.22674439168091431	0.17647058823529413	0.31776443123817444	10.515405654907227	0.04055023048816461
cov10_n10_g0_s42_hotspots_p80_chr1	10	10	2148	1012	1951	0	0.3571137979398847	0.196051130079239	0.1111111111111111	0.2132585346698761	28.04144859313965	0.03409724859606006
cov10_n10_g0_s42_hotspots_p80_chr1	10	10	2149	1171	2374	0	0.31773555886236604	0.16376440580112406	0.1111111111111111	0.21125999093055725	22.620241165161133	0.03569947537444951
cov10_n10_g0_s42_hotspots_p80_chr1	10	10	2150	1009	1910	0	0.25931010098987367	0.083795768958565	0.1111111111111111	0.1673027127981186	24.0233097076416	0.03677052058855659
cov10_n10_g0_s42_hotspots_p80_chr1	10	10	2151	945	1858	0	0.4989332909820667	0.38786063288393247	0.25	0.3131345212459564	25.387683868408203	0.030976255957199373
cov10_n10_g0_s42_hotspots_p80_chr1	10	10	2152	1008	1848	0	0.40635518230377243	0.28852881180722567	0.3333333333333333	0.29967236518859863	18.38730812072754	0.03436038083780388
cov10_n10_g0_s42_hotspots_p80_chr1	10	10	2153	958	1528	0	0.4487124235312623	0.3515307794902731	0.25	0.3697676658630371	14.725780487060547	0.0342699903520001
cov10_n10_g0_s42_hotspots_p80_chr1	10	10	2154	956	1814	0	0.37524471220610994	0.2376155056991259	0.17647058823529413	0.25169211626052856	22.22746467590332	0.034396758706080596
cov10_n10_g0_s42_hotspots_p80_chr1	10	10	2155	523	906	0	0.2521188374436072	0.11602347116628856	0.17647058823529413	0.20397989451885223	15.276921272277832	0.03947502971634428
cov10_n10_g0_s42_hotspots_p80_chr1	10	10	2156	1586	2490	0	0.514432012634303	0.4030308841784895	0.17647058823529413	0.2979430556297302	29.811885833740234	0.030404576247041785
cov10_n10_g0_s42_hotspots_p80_chr1	10	10	2157	1063	1915	0	0.5561861108005327	0.4621730582940265	0.3333333333333333	0.3509455621242523	25.116596221923828	0.029501102313215764
cov10_n10_g0_s42_hotspots_p80_chr1	10	10	2158	1152	1977	0	0.359934430502315	0.21422181520953387	0.25	0.2349669635295868	23.465679168701172	0.03457275582330883
cov10_n10_g0_s42_hotspots_p80_chr1	10	10	2159	928	1631	0	0.2938236812381766	0.17897962584969773	0.3333333333333333	0.26213398575782776	12.563971519470215	0.039869453916455806
cov10_n10_g0_s42_hotspots_p80_chr1	10	10	2160	868	1377	0	0.40593119291333546	0.23575016174842378	0.25	0.20297175645828247	39.997581481933594	0.03248214166998527
cov10_n10_g0_s42_hotspots_p80_chr1	10	10	2161	1315	1825	0	0.25216752261375425	0.10108029846596431	0.17647058823529413	0.1863633245229721	18.30869483947754	0.03829918217150864
cov10_n10_g0_s42_hotspots_p80_chr1	10	10	2162	1130	1987	0	0.4469091001821999	0.36451902825926363	0.25	0.43068641424179077	10.767529487609863	0.03652645234521929
cov10_n10_g0_s42_hotspots_p80_chr1	10	10	2163	243	738	0	0.31780817693321806	0.06348448775657813	0.05263157894736842	0.1408790647983551	50.89054489135742	0.0338146049956602
cov10_n10_g0_s42_hotspots_p80_chr1	10	10	2164	818	1456	0	0.37255697356220135	0.22323073309424138	0.17647058823529413	0.23213450610637665	25.75762939453125	0.033984655578699945
cov10_n10_g0_s42_hotspots_p80_chr1	10	10	2165	896	1889	0	0.4749902110040622	0.37277400865701243	0.3333333333333333	0.35263314843177795	18.143583297729492	0.0325171639735047
cov10_n10_g0_s42_hotspots_p80_chr1	10	10	2166	465	1295	0	0.5349798215807678	0.4592297946331329	0.3333333333333333	0.47392186522483826	12.742691993713379	0.032344236353936726
cov10_n10_g0_s42_hotspots_p80_chr1	10	10	2167	629	1436	0	0.516455889253666	0.45216943823388595	0.3333333333333333	0.5491653680801392	8.844234466552734	0.035922650966280736
cov10_n10_g0_s42_hotspots_p80_chr1	10	10	2168	634	1253	0	0.5315937093492352	0.44267146594628215	0.25	0.4003468453884125	17.631399154663086	0.030953113280088616
cov10_n10_g0_s42_hotspots_p80_chr1	10	10	2169	1264	2167	0	0.5440013172627598	0.4477214372904165	0.42857142857142855	0.35151663422584534	23.950143814086914	0.02988521252353138
cov10_n10_g0_s42_hotspots_p80_chr1	10	10	2170	378	1553	0	0.3989357314343246	0.3161443043821557	0.25	0.41179126501083374	9.385375022888184	0.03940027069219001
cov10_n10_g0_s42_hotspots_p80_chr1	10	10	2171	958	1713	0	0.398858591891747	0.29150976393790534	0.17647058823529413	0.32575830817222595	14.99156379699707	0.035628731887683784
cov10_n10_g0_s42_hotspots_p80_chr1	10	10	2172	935	1642	0	0.4386346964484673	0.29867765697974025	0.17647058823529413	0.24944977462291718	30.92002296447754	0.032103650774715824
cov10_n10_g0_s42_hotspots_p80_chr1	10	10	2173	550	1990	0	0.23289638663845275	0.12690176615223894	0.25	0.23978474736213684	9.433708190917969	0.044447428522004964
cov10_n10_g0_s42_hotspots_p80_chr1	10	10	2174	876	1821	0	0.5242498275664916	0.4294601712648772	0.3333333333333333	0.37331336736679077	19.721027374267578	0.03083111813201681
cov10_n10_g0_s42_hotspots_p80_chr1	10	10	2175	549	1240	0	0.5764568830572203	0.5133937731232814	0.42857142857142855	0.5555453896522522	10.766997337341309	0.03197016907734654
cov10_n10_g0_s42_hotspots_p80_chr1	10	10	2176	1114	1808	0	0.3024723792156537	0.16071266236899656	0.1111111111111111	0.2212870568037033	18.68354606628418	0.03695700443632076
cov10_n10_g0_s42_hotspots_p80_chr1	10	10	2177	874	1921	0	0.4269567211539791	0.34120399067318996	0.25	0.4098071753978729	10.854467391967773	0.03710904964472792
cov10_n10_g0_s42_hotspots_p80_chr1	10	10	2178	892	2279	0	0.4732779100519557	0.3872712669454729	0.25	0.4191763699054718	12.747905731201172	0.03438913012957676
cov10_n10_g0_s42_hotspots_p80_chr1	10	10	2179	847	1861	0	0.35318240140075546	0.2588079998431867	0.25	0.34670165181159973	10.377345085144043	0.03984711914900052
cov10_n10_g0_s42_hotspots_p80_chr1	10	10	2180	621	1749	0	0.4616974219850274	0.39158552876088903	0.25	0.49967339634895325	8.53773021697998	0.038274087985551826
cov10_n10_g0_s42_hotspots_p80_chr1	10	10	2181	794	1518	0	0.3734645812970479	0.25417118154351764	0.17647058823529413	0.28779566287994385	16.839548110961914	0.03567647935524956
cov10_n10_g0_s42_hotspots_p80_chr1	10	10	2182	97	668	1	0.24694752413780466	0.08064461971251614	0.05263157894736842	0.16931423544883728	21.272687911987305	0.03760747731729905
cov10_n10_g0_s42_hotspots_p80_chr1	10	10	2183	390	1148	0	0.4562706965808737	0.3575576343685283	0.3333333333333333	0.36505433917045593	15.621766090393066	0.03372728526378692
cov10_n10_g0_s42_hotspots_p80_chr1	10	10	2184	229	514	0	0.31954334171309157	0.14425630203559767	0.05263157894736842	0.18896618485450745	28.595083236694336	0.03485287112791786
cov10_n10_g0_s42_hotspots_p80_chr1	10	10	2185	322	820	0	0.5029868851873841	0.4262678601451453	0.3333333333333333	0.4692142903804779	11.491348266601562	0.03412827729937681
cov10_n10_g0_s42_hotspots_p80_chr1	10	10	2186	4	27	1	0.22360680157584636	0.18156825980063998	0.1111111111111111	0.5	2.0	0.07905694150420949
cov10_n10_g0_s42_hotspots_p80_chr1	10	10	2187	404	1345	0	0.47212996978414634	0.36236025752190226	0.17647058823529413	0.3262256383895874	20.945322036743164	0.032112738842275425
cov10_n10_g0_s42_hotspots_p80_chr1	10	10	2188	1028	2011	0	0.4506925997730029	0.34160902979532104	0.17647058823529413	0.3294219374656677	18.71784782409668	0.03307955701146275
cov10_n10_g0_s42_hotspots_p80_chr1	10	10	2189	541	2552	0	0.43946230612617027	0.3864842201684954	0.25	0.6117687225341797	5.160225868225098	0.046292038167274265
cov10_n10_g0_s42_hotspots_p80_chr1	10	10	2190	300	1431	0	0.43559352929214096	0.3294583820673179	0.17647058823529413	0.33735641837120056	16.671892166137695	0.03400549773108262
cov10_n10_g0_s42_hotspots_p80_chr1	10	10	2191	788	2222	0	0.566457558924321	0.4948796140275546	0.5384615384615384	0.49437573552131653	13.12866497039795	0.031083369963440192
cov10_n10_g0_s42_hotspots_p80_chr1	10	10	2192	891	2135	0	0.6017303225865173	0.529465295444194	0.3333333333333333	0.46929991245269775	16.440038681030273	0.02893249071273541
cov10_n10_g0_s42_hotspots_p80_chr1	10	10	2193	197	619	1	0.5230234410356699	0.42403024722469407	0.25	0.3533090353012085	21.914562225341797	0.030612487544876964
cov10_n10_g0_s42_hotspots_p80_chr1	10	10	2194	388	911	0	0.3938066931227879	0.30134620358977104	0.25	0.37165218591690063	11.227752685546875	0.03787059845229938
cov10_n10_g0_s42_hotspots_p80_chr1	10	10	2195	697	1655	0	0.495568523874224	0.4328296503730392	0.3333333333333333	0.5567406415939331	7.9232177734375	0.03789182290814491
cov10_n10_g0_s42_hotspots_p80_chr1	10	10	2196	210	817	0	0.4509120028704221	0.3500095500515367	0.25	0.35664889216423035	15.984603881835938	0.03376951692809817
cov10_n10_g0_s42_hotspots_p80_chr1	10	10	2197	408	2054	0	0.39349201564199804	0.3115005380228827	0.25	0.41278600692749023	9.087030410766602	0.039920193652870604
cov10_n10_g0_s42_hotspots_p80_chr1	10	10	2198	644	1145	0	0.49056298397498155	0.42183490370573196	0.25	0.51533043384552	9.061874389648438	0.03662075349519514
cov10_n10_g0_s42_hotspots_p80_chr1	10	10	2199	1088	2201	0	0.44558312315904175	0.35282517297453236	0.25	0.3860529661178589	13.321824073791504	0.034973955294376316
cov10_n10_g0_s42_hotspots_p80_chr1	10	10	2200	592	1487	0	0.4047173109707013	0.30092872606747373	0.17647058823529413	0.33793044090270996	14.343293190002441	0.0357303970953722
cov10_n10_g0_s42_hotspots_p80_chr1	10	10	2201	94	425	1	0.3685080047522603	0.2901174449827498	0.25	0.41574129462242126	7.856832027435303	0.042445479420821546
cov10_n10_g0_s42_hotspots_p80_chr1	10	10	2202	25	213	1	0.26238117636144864	0.21408991237181585	0.17647058823529413	0.5	2.7537553310394287	0.06737400079604502
cov10_n10_g0_s42_hotspots_p80_chr1	10	10	2205	208	702	0	0.4183083985054938	0.34432657739209577	0.25	0.4620550274848938	8.196069717407227	0.0402490174668322
cov10_n10_g0_s42_hotspots_p80_chr1	10	10	2206	227	497	0	0.22576749001036212	0.08550920307737568	0.05263157894736842	0.1835639774799347	15.126830101013184	0.04021736458177885
cov10_n10_g0_s42_hotspots_p80_chr1	10	10	2207	1241	2145	0	0.24643257852291442	0.14561299077905268	0.17647058823529413	0.26096370816230774	8.917353630065918	0.044714112513412556
cov10_n10_g0_s42_hotspots_p80_chr1	10	10	2208	797	1839	0	0.33734276020503534	0.23982589819081387	0.17647058823529413	0.3286709785461426	10.534647941589355	0.040185609454318934
cov10_n10_g0_s42_hotspots_p80_chr1	10	10	2210	436	1210	0	0.4230341728173541	0.3497644649690166	0.25	0.467835932970047	8.176429748535156	0.0401147689661587
cov10_n10_g0_s42_hotspots_p80_chr1	10	10	2211	807	1836	0	0.3875342353173067	0.29365552029889064	0.17647058823529413	0.3641373813152313	11.32634162902832	0.03799050709844476
cov10_n10_g0_s42_hotspots_p80_chr1	10	10	2212	423	1664	0	0.3484619353535822	0.25343780582052083	0.25	0.34219178557395935	10.369827270507812	0.03999926010085288
cov10_n10_g0_s42_hotspots_p80_chr1	10	10	2213	256	1098	0	0.43181304468875864	0.3672832213735629	0.25	0.522936224937439	6.818583011627197	0.04214124963827042
cov10_n10_g0_s42_hotspots_p80_chr1	10	10	2214	999	2672	0	0.424712834947421	0.3316801070674812	0.25	0.380014032125473	12.490838050842285	0.0360651984371576
cov10_n10_g0_s42_hotspots_p80_chr1	10	10	2215	1520	3341	0	0.5719943777192449	0.4908203397818268	0.25	0.4254337251186371	18.076723098754883	0.029629590922605576
cov10_n10_g0_s42_hotspots_p80_chr1	10	10	2216	1044	2238	0	0.4724603640682447	0.39724458975529087	0.3333333333333333	0.4732678532600403	9.965907096862793	0.03634703080446415
cov10_n10_g0_s42_hotspots_p80_chr1	10	10	2217	933	2051	0	0.43577794686773386	0.34703414399791516	0.17647058823529413	0.3998883366584778	11.875533103942871	0.03609520218448085
cov10_n10_g0_s42_hotspots_p80_chr1	10	10	2218	73	184	1	0.2800131292253821	0.20471258461097888	0.1111111111111111	0.365876168012619	5.857180118560791	0.049693484496193444
cov10_n10_g0_s42_hotspots_p80_chr1	10	10	2219	143	759	1	0.4726963487581504	0.42188734124967425	0.25	0.6457397937774658	5.358577251434326	0.044366196249907876
cov10_n10_g0_s42_hotspots_p80_chr1	10	10	2220	59	193	1	0.4043927593033138	0.3297382129320873	0.25	0.4522632658481598	7.995104789733887	0.04102192850565428
cov10_n10_g0_s42_hotspots_p80_chr1	10	10	2221	444	1132	0	0.2105293815640576	0.13232789489272065	0.25	0.28947508335113525	5.289358615875244	0.05375451384254015
cov10_n10_g0_s42_hotspots_p80_chr1	10	10	2222	577	1640	0	0.3889058848440246	0.30367052693465857	0.25	0.3971024453639984	9.591442108154297	0.039503025709529786
cov10_n10_g0_s42_hotspots_p80_chr1	10	10	2223	709	1587	0	0.5522961618068498	0.49172015682440057	0.3333333333333333	0.5785859823226929	9.111886978149414	0.03428366357759983
cov10_n10_g0_s42_hotspots_p80_chr1	10	10	2224	569	1391	0	0.29457368353589414	0.17875684893510907	0.1111111111111111	0.26060041785240173	12.77725601196289	0.03970893848349312
cov10_n10_g0_s42_hotspots_p80_chr1	10	10	2226	100	303	1	0.1907480133264816	-0.013683680083464699	0.05263157894736842	0.11846444755792618	25.92650604248047	0.03789420758790325
cov10_n10_g0_s42_hotspots_p80_chr1	10	10	2227	204	1118	0	0.33085457134714064	0.25903120068574514	0.25	0.4217544496059418	6.153963565826416	0.04718924731653127
cov10_n10_g0_s42_hotspots_p80_chr1	10	10	2228	420	1123	0	0.34319121594681884	0.2620859411159283	0.25	0.3890748620033264	7.780472755432129	0.04340390709302984
cov10_n10_g0_s42_hotspots_p80_chr1	10	10	2229	576	1312	0	0.4564155600388955	0.39891092105206266	0.25	0.5831049084663391	6.126711368560791	0.04280752313581885
cov10_n10_g0_s42_hotspots_p80_chr1	10	10	2231	1139	2133	0	0.4741280127887017	0.417919252672459	0.3333333333333333	0.600085437297821	6.242593765258789	0.04185880191494964
cov10_n10_g0_s42_hotspots_p80_chr1	10	10	2232	1383	2567	0	0.337017374248304	0.22322683138215518	0.17647058823529413	0.28627997636795044	13.858701705932617	0.03789802575347951
cov10_n10_g0_s42_hotspots_p80_chr1	10	10	2233	67	326	1	0.3353345441947405	0.24792801349379265	0.25	0.36031731963157654	8.66136360168457	0.04233671424249216
cov10_n10_g0_s42_hotspots_p80_chr1	10	10	2235	382	876	0	0.5771351087585164	0.5012408134138835	0.3333333333333333	0.4592325985431671	15.793905258178711	0.029889178652127844
cov10_n10_g0_s42_hotspots_p80_chr1	10	10	2236	1328	2181	0	0.5060590938524148	0.42651453079527174	0.25	0.4537074863910675	12.440865516662598	0.033473639100059294
cov10_n10_g0_s42_hotspots_p80_chr1	10	10	2237	678	1545	0	0.5824402689587075	0.5144788027447236	0.3333333333333333	0.5153007507324219	12.775598526000977	0.03066228770502385
cov10_n10_g0_s42_hotspots_p80_chr1	10	10	2238	1014	2633	0	0.3992628394832901	0.29498219877645276	0.17647058823529413	0.33483609557151794	14.218482971191406	0.03594505817603596
cov10_n10_g0_s42_hotspots_p80_chr1	10	10	2239	711	1652	0	0.413899317758052	0.2891728750685727	0.25	0.2842841148376465	21.197479248046875	0.03360033472156313
cov10_n10_g0_s42_hotspots_p80_chr1	10	10	2240	468	1032	0	0.5219732022614644	0.4479097311223839	0.25	0.485146164894104	11.575804710388184	0.033421148139280835
cov10_n10_g0_s42_hotspots_p80_chr1	10	10	2241	477	1256	0	0.4151450745551729	0.31462379156071485	0.25	0.3511365056037903	13.978092193603516	0.03558672897586857
cov10_n10_g0_s42_hotspots_p80_chr1	10	10	2242	533	1093	0	0.4059539823578477	0.3185199978170888	0.25	0.3954390287399292	10.538880348205566	0.03804584868648726
cov10_n10_g0_s42_hotspots_p80_chr1	10	10	2243	787	1971	0	0.3968282672820419	0.3354795033279362	0.17647058823529413	0.5253970623016357	5.7046613693237305	0.04612697630686141
cov10_n10_g0_s42_hotspots_p80_chr1	10	10	2244	285	651	0	0.245173326389437	0.13790456893762654	0.1111111111111111	0.24630002677440643	9.908719062805176	0.04354038552277393
cov10_n10_g0_s42_hotspots_p80_chr1	10	10	2245	134	336	1	0.36260581968722616	0.2685802741680182	0.25	0.3525274097919464	10.579954147338867	0.039372085890822354
cov10_n10_g0_s42_hotspots_p80_chr1	10	10	2246	413	1054	0	0.3094232224271657	0.21376423419426388	0.17647058823529413	0.3178638815879822	9.47596549987793	0.04212442280968717
cov10_n10_g0_s42_hotspots_p80_chr1	10	10	2247	509	1000	0	0.33417289550299384	0.2362050352853377	0.25	0.32562869787216187	10.531668663024902	0.04028429963742558
cov10_n10_g0_s42_hotspots_p80_chr1	10	10	2248	4	15	1	0.31622776601483793	0.260132990857235	0.17647058823529413	0.5	4.0	0.05590169943749474
cov10_n10_g0_s42_hotspots_p80_chr1	10	10	2249	398	1096	0	0.4098099012838707	0.3056651719104055	0.17647058823529413	0.3382468521595001	14.679033279418945	0.035439210621994226
cov10_n10_g0_s42_hotspots_p80_chr1	10	10	2250	1128	2135	0	0.3962417664675463	0.2806349727482929	0.17647058823529413	0.3029727637767792	17.104616165161133	0.03497663447622037
cov10_n10_g0_s42_hotspots_p80_chr1	10	10	2251	495	1252	0	0.4378745137895868	0.3441803469455177	0.25	0.38082319498062134	13.220643043518066	0.035262347161632145
cov10_n10_g0_s42_hotspots_p80_chr1	10	10	2252	590	2077	0	0.445526323806396	0.35905564865131584	0.25	0.4119752049446106	11.695119857788086	0.03590103026822378
cov10_n10_g0_s42_hotspots_p80_chr1	10	10	2253	831	2337	0	0.4015478137752431	0.29244187930348603	0.17647058823529413	0.3215453624725342	15.595168113708496	0.035322329101826165
cov10_n10_g0_s42_hotspots_p80_chr1	10	10	2254	1182	2357	0	0.46594347046791984	0.373930362918956	0.25	0.39214348793029785	14.118104934692383	0.03398572026150092
cov10_n10_g0_s42_hotspots_p80_chr1	10	10	2255	75	202	1	0.37055389806227995	0.2972789760161629	0.25	0.4410178065299988	7.059769630432129	0.04379556692568825
cov10_n10_g0_s42_hotspots_p80_chr1	10	10	2257	14	55	1	0.431650482197467	0.3525041831515576	0.25	0.44134896993637085	9.565335273742676	0.038123872536200636
cov10_n10_g0_s42_hotspots_p80_chr1	10	10	2258	134	460	1	0.3127159608548323	0.2369412118627541	0.3333333333333333	0.3902817964553833	6.420124530792236	0.047130651817367655
cov10_n10_g0_s42_hotspots_p80_chr1	10	10	2259	142	535	1	0.29983130006294034	0.2098194132007549	0.25	0.3285990357398987	8.325712203979492	0.04393034851872404
cov10_n10_g0_s42_hotspots_p80_chr1	10	10	2264	180	453	1	0.1933090386618698	0.08216037333783163	0.1111111111111111	0.1995273381471634	9.386407852172852	0.045638737062483205
cov10_n10_g0_s42_hotspots_p80_chr1	10	10	2265	330	1136	0	0.26984369079633924	0.20053406727904605	0.1111111111111111	0.3824717104434967	4.977668285369873	0.052962596788859485
cov10_n10_g0_s42_hotspots_p80_chr1	10	10	2266	537	1474	0	0.4879569538144913	0.39190579278100063	0.25	0.3759564757347107	16.84565544128418	0.03243670667406616
cov10_n10_g0_s42_hotspots_p80_chr1	10	10	2267	266	1018	0	0.3430044584028804	0.26551629276218197	0.25	0.4041822552680969	7.201866626739502	0.0444432847982881
cov10_n10_g0_s42_hotspots_p80_chr1	10	10	2268	178	863	1	0.37247543167539754	0.2847873303645096	0.25	0.3797219395637512	9.621966361999512	0.03999757363866649
cov10_n10_g0_s42_hotspots_p80_chr1	10	10	2269	342	1598	0	0.47172118842621	0.37264093084453775	0.25	0.36447277665138245	16.750991821289062	0.032939982591939455
cov10_n10_g0_s42_hotspots_p80_chr1	10	10	2270	402	1018	0	0.4359204583344243	0.360729601413228	0.3333333333333333	0.4627443850040436	8.874259948730469	0.03875186767283057
cov10_n10_g0_s42_hotspots_p80_chr1	10	10	2271	520	1077	0	0.34868941174312285	0.23343026761380795	0.1111111111111111	0.2879713475704193	14.661515235900879	0.03718391799334678
cov10_n10_g0_s42_hotspots_p80_chr1	10	10	2272	849	2797	0	0.4537362548461466	0.36412541748446775	0.17647058823529413	0.4003540575504303	12.844537734985352	0.03496128140969334
cov10_n10_g0_s42_hotspots_p80_chr1	10	10	2273	285	1138	0	0.4288431066340073	0.3461764092025352	0.25	0.42395636439323425	10.231860160827637	0.03757370549267166
cov10_n10_g0_s42_hotspots_p80_chr1	10	10	2274	214	650	0	0.3628761777350803	0.28252670721274686	0.17647058823529413	0.40399712324142456	8.067896842956543	0.042300799767914635
cov10_n10_g0_s42_hotspots_p80_chr1	10	10	2275	1414	2886	0	0.36175915478626514	0.273162366991042	0.17647058823529413	0.37092894315719604	9.511689186096191	0.04045800454902678
cov10_n10_g0_s42_hotspots_p80_chr1	10	10	2276	519	1696	0	0.34674749882660766	0.2503210444471711	0.3333333333333333	0.3369254469871521	10.59153938293457	0.03984813255637557
cov10_n10_g0_s42_hotspots_p80_chr1	10	10	2277	427	1305	0	0.4566715925635641	0.3744435186996387	0.3333333333333333	0.4338781237602234	11.078283309936523	0.035967183479570744
cov10_n10_g0_s42_hotspots_p80_chr1	10	10	2278	539	2492	0	0.37661145011234215	0.3081643921160065	0.25	0.47001636028289795	6.420383930206299	0.04496535286094815
cov10_n10_g0_s42_hotspots_p80_chr1	10	10	2279	800	2125	0	0.3590654949033981	0.2826900243548391	0.25	0.41929471492767334	7.333454132080078	0.04366097337356265
cov10_n10_g0_s42_hotspots_p80_chr1	10	10	2280	920	2158	0	0.546241422488096	0.481759060650187	0.42857142857142855	0.5487576127052307	9.908506393432617	0.03375867809287727
cov10_n10_g0_s42_hotspots_p80_chr1	10	10	2281	174	463	1	0.265093086777701	0.19166873165183995	0.17647058823529413	0.3602723181247711	5.41420841217041	0.05155636834964893
cov10_n10_g0_s42_hotspots_p80_chr1	10	10	2282	487	1083	0	0.39177557091891113	0.3155082248771639	0.25	0.43809232115745544	7.99730110168457	0.04144631027562547
cov10_n10_g0_s42_hotspots_p80_chr1	10	10	2283	705	1616	0	0.4533484458104691	0.369780793302329	0.3333333333333333	0.42683637142181396	11.280840873718262	0.03593024542447717
cov10_n10_g0_s42_hotspots_p80_chr1	10	10	2284	514	1106	0	0.47256103779576725	0.40202385538499985	0.3333333333333333	0.5001500248908997	8.92719841003418	0.037414439429153214
cov10_n10_g0_s42_hotspots_p80_chr1	10	10	2285	342	1168	0	0.4124888249657806	0.3468224570369176	0.3333333333333333	0.5064574480056763	6.633433818817139	0.04322325503408705
cov10_n10_g0_s42_hotspots_p80_chr1	10	10	2286	586	1641	0	0.5067674499027293	0.4158915986942571	0.25	0.3967360258102417	16.31601905822754	0.03200434731773596
cov10_n10_g0_s42_hotspots_p80_chr1	10	10	2287	891	2515	0	0.4705429499369167	0.3896670921523964	0.25	0.44328945875167847	11.267402648925781	0.03537190155899071
cov10_n10_g0_s42_hotspots_p80_chr1	10	10	2288	548	1672	0	0.45034958865120717	0.36430755861757086	0.17647058823529413	0.41498395800590515	11.777061462402344	0.035692092343606936
cov10_n10_g0_s42_hotspots_p80_chr1	10	10	2289	1130	2343	0	0.3121293326718	0.21781467297507445	0.17647058823529413	0.3235093951225281	9.308836936950684	0.042237858508777155
cov10_n10_g0_s42_hotspots_p80_chr1	10	10	2290	123	244	1	0.07950424357746533	-0.05118453173955942	0.1111111111111111	0.07993580400943756	9.892314910888672	0.048101636960175366
cov10_n10_g0_s42_hotspots_p80_chr1	10	10	2292	22	163	1	0.1544858539747434	0.04370140311331798	0.1111111111111111	0.1666666716337204	8.591715812683105	0.04783537614555225
cov10_n10_g0_s42_hotspots_p80_chr1	10	10	2293	1638	2771	0	0.44929807877693306	0.3715166013529057	0.25	0.45378249883651733	9.80333137512207	0.03729102512394388
cov10_n10_g0_s42_hotspots_p80_chr1	10	10	2294	304	820	0	0.3257086219630876	0.20880860057969336	0.1111111111111111	0.27428802847862244	14.100836753845215	0.03808874107736659
cov10_n10_g0_s42_hotspots_p80_chr1	10	10	2295	443	1405	0	0.2972131830685265	0.21021303858001655	0.17647058823529413	0.33648407459259033	7.802022457122803	0.04484348984521284
cov10_n10_g0_s42_hotspots_p80_chr1	10	10	2296	623	1321	0	0.37226102416250295	0.24820816668725826	0.25	0.27705609798431396	18.05342674255371	0.03535178939745614
cov10_n10_g0_s42_hotspots_p80_chr1	10	10	2298	3	5	1	0.22360680157584636	0.18156825980063976	0.1111111111111111	0.5	2.0	0.07905694150420949
cov10_n10_g0_s42_hotspots_p80_chr1	10	10	2300	63	264	1	0.40609652444817296	0.27962891385559585	0.17647058823529413	0.27933552861213684	21.135194778442383	0.03380964059213231
cov10_n10_g0_s42_hotspots_p80_chr1	10	10	2305	65	173	1	0.2999065367558311	0.18998009016806547	0.17647058823529413	0.275982528924942	11.808879852294922	0.040231445275609755
cov10_n10_g0_s42_hotspots_p80_chr1	10	10	2306	745	2117	0	0.46766364208197586	0.3785778256017806	0.25	0.4047356843948364	13.351323127746582	0.034269486116925756
cov10_n10_g0_s42_hotspots_p80_chr1	10	10	2307	954	2352	0	0.3926076328766475	0.2857530383238769	0.25	0.32529065012931824	14.567140579223633	0.03598428808147843
cov10_n10_g0_s42_hotspots_p80_chr1	10	10	2308	924	2248	0	0.390973296642844	0.3149946799980802	0.17647058823529413	0.43907809257507324	7.928858280181885	0.04157913367859142
cov10_n10_g0_s42_hotspots_p80_chr1	10	10	2309	325	987	0	0.32649347943107054	0.24360459914439309	0.17647058823529413	0.37130674719810486	7.731849193572998	0.04402752212382262
cov10_n10_g0_s42_hotspots_p80_chr1	10	10	2310	702	1441	0	0.43605710846164997	0.35794116313587065	0.25	0.4479086101055145	9.47780704498291	0.038067030935918636
cov10_n10_g0_s42_hotspots_p80_chr1	10	10	2311	803	1632	0	0.5504274385752503	0.48083179799073983	0.3333333333333333	0.5118041038513184	11.566251754760742	0.032422525960786305
cov10_n10_g0_s42_hotspots_p80_chr1	10	10	2312	454	1205	0	0.3719595045858065	0.3022620903396073	0.3333333333333333	0.46033599972724915	6.5289225578308105	0.04487446828635443
cov10_n10_g0_s42_hotspots_p80_chr1	10	10	2313	1587	3110	0	0.48483737375158137	0.3738770017329078	0.17647058823529413	0.3194223940372467	23.038881301879883	0.03152784500692935
cov10_n10_g0_s42_hotspots_p80_chr1	10	10	2314	380	919	0	0.477787013098784	0.4125755456644372	0.25	0.535241425037384	7.9683661460876465	0.038478557372041616
cov10_n10_g0_s42_hotspots_p80_chr1	10	10	2315	328	678	0	0.3978439763793479	0.3390686624362986	0.3333333333333333	0.5436586737632751	5.355165481567383	0.047170416028429495
cov10_n10_g0_s42_hotspots_p80_chr1	10	10	2316	161	630	1	0.37843739870018905	0.2315560638048915	0.17647058823529413	0.23688316345214844	25.522293090820312	0.03387565484613847
cov10_n10_g0_s42_hotspots_p80_chr1	10	10	2317	725	2363	0	0.21194630648902263	0.10262807126580717	0.17647058823529413	0.21746882796287537	9.498556137084961	0.044970183392447856
cov10_n10_g0_s42_hotspots_p80_chr1	10	10	2318	74	783	1	0.23861987779567304	0.18047171887710453	0.1111111111111111	0.4058636724948883	3.456629514694214	0.062061101406206784
cov10_n10_g0_s42_hotspots_p80_chr1	10	10	2319	441	1127	0	0.39217908659154976	0.3110316416040011	0.25	0.4158502221107483	8.893956184387207	0.04019730509303962
cov10_n10_g0_s42_hotspots_p80_chr1	10	10	2320	626	1923	0	0.15094637729858512	0.08074171504743238	0.17647058823529413	0.24426870048046112	3.8186490535736084	0.06255187684746162
cov10_n10_g0_s42_hotspots_p80_chr1	10	10	2321	714	1455	0	0.4206946700050436	0.3054664038031123	0.17647058823529413	0.308823823928833	18.557201385498047	0.03393425220689827
cov10_n10_g0_s42_hotspots_p80_chr1	10	10	2322	454	1066	0	0.44158519226141224	0.32936339935255843	0.1111111111111111	0.31943586468696594	19.110042572021484	0.03324931076601394
cov10_n10_g0_s42_hotspots_p80_chr1	10	10	2323	392	882	0	0.29393042955462934	0.17838405335711138	0.1111111111111111	0.26078298687934875	12.70370864868164	0.03977445430288593
cov10_n10_g0_s42_hotspots_p80_chr1	10	10	2324	991	2122	0	0.5032236744120612	0.4383594869777561	0.3333333333333333	0.5432498455047607	8.580702781677246	0.03672373240959443
cov10_n10_g0_s42_hotspots_p80_chr1	10	10	2325	1251	2695	0	0.5649252846766507	0.48243277622166614	0.25	0.4215143620967865	17.962106704711914	0.029868438042179438
cov10_n10_g0_s42_hotspots_p80_chr1	10	10	2326	1202	2498	0	0.37058350513822536	0.2523283259651969	0.25	0.2892317771911621	16.41648292541504	0.035893597210659524
cov10_n10_g0_s42_hotspots_p80_chr1	10	10	2327	363	1175	0	0.36230419577061124	0.25332862828943237	0.17647058823529413	0.30871549248695374	13.773041725158691	0.037226084128127654
cov10_n10_g0_s42_hotspots_p80_chr1	10	10	2328	553	1228	0	0.43979093343222536	0.3721340832581628	0.17647058823529413	0.5067518353462219	7.531853199005127	0.04053071102767573
cov10_n10_g0_s42_hotspots_p80_chr1	10	10	2330	412	953	0	0.34060093374032574	0.2666579479125051	0.1111111111111111	0.41859468817710876	6.6207051277160645	0.04573324372162132
cov10_n10_g0_s42_hotspots_p80_chr1	10	10	2331	710	1915	0	0.43653689815134294	0.3104697436545157	0.17647058823529413	0.2820770740509033	23.950044631958008	0.03266078732272781
cov10_n10_g0_s42_hotspots_p80_chr1	10	10	2332	583	1432	0	0.38809213902271045	0.2813866636477447	0.25	0.3242640495300293	14.324256896972656	0.036221339325960535
cov10_n10_g0_s42_hotspots_p80_chr1	10	10	2333	775	1401	0	0.46407384230047033	0.39565123453721845	0.3333333333333333	0.5106396675109863	8.259334564208984	0.03855956091430732
cov10_n10_g0_s42_hotspots_p80_chr1	10	10	2334	440	1215	0	0.2973865121170646	0.20735129256500823	0.17647058823529413	0.32683396339416504	8.279196739196777	0.04407633540430323
cov10_n10_g0_s42_hotspots_p80_chr1	10	10	2335	406	1087	0	0.28898478032952873	0.16102281358622184	0.1111111111111111	0.23571905493736267	15.03005313873291	0.03863119728849271
cov10_n10_g0_s42_hotspots_p80_chr1	10	10	2336	537	1507	0	0.5312547414191373	0.44690991250764006	0.3333333333333333	0.425008624792099	15.624646186828613	0.03142445814911715
cov10_n10_g0_s42_hotspots_p80_chr1	10	10	2337	223	466	0	0.5003743049122256	0.4296892831077663	0.3333333333333333	0.5046332478523254	9.831918716430664	0.035493467333169854
cov10_n10_g0_s42_hotspots_p80_chr1	10	10	2338	531	1346	0	0.4979487359614743	0.43824891173226455	0.25	0.5797498226165771	7.377140045166016	0.03866586273003817
cov10_n10_g0_s42_hotspots_p80_chr1	10	10	2339	619	1676	0	0.46688035603420425	0.36883291318630956	0.25	0.36828726530075073	16.070812225341797	0.033272954002301236
cov10_n10_g0_s42_hotspots_p80_chr1	10	10	2341	3	9	1	0.22360680157584636	0.18156825980063976	0.1111111111111111	0.5	2.0	0.07905694150420949
cov10_n10_g0_s42_hotspots_p80_chr1	10	10	2342	319	1114	0	0.23071070758493956	0.05060540143269378	0.05263157894736842	0.15109620988368988	23.314620971679688	0.037528704866599844
cov10_n10_g0_s42_hotspots_p80_chr1	10	10	2343	1090	2662	0	0.5097824642765606	0.43359265920330853	0.3333333333333333	0.4725167751312256	11.63952922821045	0.033802879278284736
cov10_n10_g0_s42_hotspots_p80_chr1	10	10	2344	190	638	1	0.34357891837946597	0.25378974659597664	0.3333333333333333	0.3568236827850342	9.271408081054688	0.041305832503158904
cov10_n10_g0_s42_hotspots_p80_chr1	10	10	2345	877	1806	0	0.4169529240424281	0.29779530278899846	0.17647058823529413	0.2981066405773163	19.56279182434082	0.033818656933409685
cov10_n10_g0_s42_hotspots_p80_chr1	10	10	2346	144	396	1	0.3637050796844638	0.26333641411035025	0.17647058823529413	0.3331477642059326	11.918593406677246	0.03828723099676366
cov10_n10_g0_s42_hotspots_p80_chr1	10	10	2347	436	850	0	0.5115216620460977	0.4196180226297519	0.25	0.3910824954509735	17.107685089111328	0.031669535637975366
cov10_n10_g0_s42_hotspots_p80_chr1	10	10	2348	660	2209	0	0.4512284969087185	0.40858513883428144	0.3333333333333333	0.7176443934440613	3.9534337520599365	0.05116343889039277
cov10_n10_g0_s42_hotspots_p80_chr1	10	10	2349	302	1708	0	0.5641989362787223	0.4704327896773999	0.17647058823529413	0.3318032920360565	28.913671493530273	0.029202967856667435
cov10_n10_g0_s42_hotspots_p80_chr1	10	10	2350	228	1132	0	0.5339778719636453	0.4935431929317488	0.25	0.773764967918396	4.76242733001709	0.04404883114944608
cov10_n10_g0_s42_hotspots_p80_chr1	10	10	2351	951	1924	0	0.5350429962502575	0.4445643893203333	0.3333333333333333	0.39067941904067993	18.755828857421875	0.03065551927088359
cov10_n10_g0_s42_hotspots_p80_chr1	10	10	2352	1351	2138	0	0.5953421193456535	0.5205383943647114	0.42857142857142855	0.45399630069732666	17.196046829223633	0.029015867697206734
cov10_n10_g0_s42_hotspots_p80_chr1	10	10	2353	660	1887	0	0.5557370488012799	0.47253350466428723	0.3333333333333333	0.4224352240562439	17.306869506835938	0.030268276335472476
cov10_n10_g0_s42_hotspots_p80_chr1	10	10	2354	687	1481	0	0.4716314122512522	0.37048717923074054	0.25	0.35672518610954285	17.479860305786133	0.032761192957646124
cov10_n10_g0_s42_hotspots_p80_chr1	10	10	2355	3	113	1	0.22360680157584636	0.18156825980063976	0.1111111111111111	0.5	2.0	0.07905694150420949
cov10_n10_g0_s42_hotspots_p80_chr1	10	10	2356	278	572	0	0.6047772938055304	0.541379655358889	0.3333333333333333	0.5424249172210693	12.431160926818848	0.029991255503719724
cov10_n10_g0_s42_hotspots_p80_chr1	10	10	2357	781	1738	0	0.5416280452589322	0.45189908319873	0.3333333333333333	0.3915020823478699	19.139657974243164	0.03040294434076549
cov10_n10_g0_s42_hotspots_p80_chr1	10	10	2358	254	391	0	0.319592767813443	0.19780192206036595	0.17647058823529413	0.2615879476070404	14.926514625549316	0.037861142272004954
cov10_n10_g0_s42_hotspots_p80_chr1	10	10	2359	894	2201	0	0.5499199478251396	0.4548203092721249	0.17647058823529413	0.35219189524650574	24.38036346435547	0.02970232158221438
cov10_n10_g0_s42_hotspots_p80_chr1	10	10	2360	391	719	0	0.3893525316652204	0.3218226468556345	0.25	0.4827689826488495	6.504400253295898	0.04432666790616904
cov10_n10_g0_s42_hotspots_p80_chr1	10	10	2361	12	131	1	0.22360680159871746	0.1815682597875456	0.1111111111111111	0.5	2.0	0.07905694150340087
cov10_n10_g0_s42_hotspots_p80_chr1	10	10	2362	122	529	1	0.15836891537951425	0.03447717122054994	0.05263157894736842	0.15427446365356445	10.53784465789795	0.04528260848943471
cov10_n10_g0_s42_hotspots_p80_chr1	10	10	2363	48	125	1	0.2779887604732499	0.20155171369936686	0.1111111111111111	0.3595927059650421	5.976304054260254	0.04942278656295067
cov10_n10_g0_s42_hotspots_p80_chr1	10	10	2364	486	1466	0	0.12759953383557673	-0.006532959139208764	0.1111111111111111	0.11969053745269775	11.365239143371582	0.045283755712417106
cov10_n10_g0_s42_hotspots_p80_chr1	10	10	2365	732	1896	0	0.3329242972677707	0.2310759391283152	0.1111111111111111	0.31399813294410706	11.241823196411133	0.03971050077009301
cov10_n10_g0_s42_hotspots_p80_chr1	10	10	2366	291	845	0	0.314872716488881	0.21825664324540403	0.17647058823529413	0.3184571862220764	9.776150703430176	0.041623057741948626
cov10_n10_g0_s42_hotspots_p80_chr1	10	10	2367	52	156	1	0.2616338475004412	0.20801471509593647	0.17647058823529413	0.4604930877685547	3.228059768676758	0.06301636732339493
cov10_n10_g0_s42_hotspots_p80_chr1	10	10	2368	565	1347	0	0.406440153423943	0.2849067532786437	0.17647058823529413	0.2906889319419861	19.549524307250977	0.034098084881501727
cov10_n10_g0_s42_hotspots_p80_chr1	10	10	2369	661	968	0	0.3520876822382033	0.21578034338660715	0.1111111111111111	0.24789750576019287	20.17238998413086	0.03535413793235169
cov10_n10_g0_s42_hotspots_p80_chr1	10	10	2370	935	1454	0	0.5621068230210466	0.4959153713439508	0.25	0.5343151688575745	11.0673246383667	0.03230577407167746
cov10_n10_g0_s42_hotspots_p80_chr1	10	10	2371	805	1572	0	0.48036617536595194	0.4015578982149127	0.25	0.45546701550483704	11.123230934143066	0.035144085119362484
cov10_n10_g0_s42_hotspots_p80_chr1	10	10	2372	70	196	1	0.34802458099776573	0.25076979280368955	0.17647058823529413	0.3350452184677124	10.789793014526367	0.039634446783044085
cov10_n10_g0_s42_hotspots_p80_chr1	10	10	2373	670	1706	0	0.46120224457213654	0.41058883526757617	0.3333333333333333	0.6427186727523804	5.149214744567871	0.045505581761277746
cov10_n10_g0_s42_hotspots_p80_chr1	10	10	2374	783	1366	0	0.5346336176217219	0.47521761970101556	0.3333333333333333	0.5875675082206726	8.279364585876465	0.03592852487746125
cov10_n10_g0_s42_hotspots_p80_chr1	10	10	2375	431	864	0	0.2847402838274926	0.19563917173279394	0.17647058823529413	0.32068943977355957	7.883671760559082	0.04509802658887064
cov10_n10_g0_s42_hotspots_p80_chr1	10	10	2376	809	1599	0	0.3615931617903341	0.2502365486785432	0.3333333333333333	0.3024098575115204	14.29711627960205	0.0369902349875441
cov10_n10_g0_s42_hotspots_p80_chr1	10	10	2377	255	652	0	0.6124407314050315	0.5617235622769924	0.42857142857142855	0.6589822769165039	8.637351036071777	0.03239980169089589
cov10_n10_g0_s42_hotspots_p80_chr1	10	10	2378	8	32	1	0.31622776601483793	0.26013299085723557	0.17647058823529413	0.5	4.0	0.05590169943749475
cov10_n10_g0_s42_hotspots_p80_chr1	10	10	2380	24	69	1	0.3769685279547148	0.1565816601005049	0.05263157894736842	0.15789473056793213	57.0	0.03278050341034366
cov10_n10_g0_s42_hotspots_p80_chr1	10	10	2381	741	1635	0	0.6512015903566744	0.6113509035279456	0.42857142857142855	0.7732142806053162	7.093019485473633	0.032852098480228804
cov10_n10_g0_s42_hotspots_p80_chr1	10	10	2382	298	1021	0	0.4750116020862646	0.3561990228767055	0.25	0.2958182394504547	25.784486770629883	0.03154745580394521
cov10_n10_g0_s42_hotspots_p80_chr1	10	10	2383	11	52	1	0.3042902970466714	0.21480802592769438	0.17647058823529413	0.3333333134651184	8.333333969116211	0.04377975031362416
cov10_n10_g0_s42_hotspots_p80_chr1	10	10	2384	999	1924	0	0.5985779439030398	0.5234098053919461	0.3333333333333333	0.44768404960632324	17.877145767211914	0.028809835959395645
cov10_n10_g0_s42_hotspots_p80_chr1	10	10	2385	432	1099	0	0.5161005683463926	0.4213620497283243	0.3333333333333333	0.37657514214515686	18.783021926879883	0.031209883965192496
cov10_n10_g0_s42_hotspots_p80_chr1	10	10	2386	824	1487	0	0.38368153442685177	0.274610137752268	0.25	0.3162958323955536	14.714813232421875	0.036176573178098116
cov10_n10_g0_s42_hotspots_p80_chr1	10	10	2387	711	1373	0	0.5015784233028506	0.4414908910762728	0.25	0.5776081085205078	7.540689468383789	0.03825771756284951
cov10_n10_g0_s42_hotspots_p80_chr1	10	10	2388	927	2413	0	0.2796810698462676	0.16144664978821452	0.25	0.24753233790397644	12.766217231750488	0.0401287409117389
cov10_n10_g0_s42_hotspots_p80_chr1	10	10	2389	170	593	1	0.26223274163641597	0.16992157344282027	0.25	0.294302761554718	7.939353942871094	0.04570206277918054
cov10_n10_g0_s42_hotspots_p80_chr1	10	10	2390	5	251	1	0.1618006254059016	0.08932551932704678	0.1111111111111111	0.25144508481025696	4.140702724456787	0.060334058329111706
cov10_n10_g0_s42_hotspots_p80_chr1	10	10	2391	182	640	1	0.4737192767484269	0.3854271812825504	0.17647058823529413	0.40889352560043335	13.422139167785645	0.03404502128947546
cov10_n10_g0_s42_hotspots_p80_chr1	10	10	2392	76	165	1	0.31912387465130326	0.2603117108271088	0.17647058823529413	0.48460012674331665	4.33662223815918	0.05404560394990523
cov10_n10_g0_s42_hotspots_p80_chr1	10	10	2393	1029	2823	0	0.18902215605641207	0.04868524241280082	0.1111111111111111	0.1600339710712433	13.950861930847168	0.04178417285913083
cov10_n10_g0_s42_hotspots_p80_chr1	10	10	2394	172	721	1	0.3901696643113426	0.32032376616849334	0.25	0.4702322781085968	6.884653568267822	0.04347472320968769
cov10_n10_g0_s42_hotspots_p80_chr1	10	10	2395	817	1729	0	0.2883438675038546	0.1899361002964498	0.17647058823529413	0.29666322469711304	9.447001457214355	0.04279618106214506
cov10_n10_g0_s42_hotspots_p80_chr1	10	10	2396	4	24	1	0.22360680157584636	0.18156825980063976	0.1111111111111111	0.5	2.0	0.07905694150420949
cov10_n10_g0_s42_hotspots_p80_chr1	10	10	2397	246	619	0	0.3046674074538856	0.20504091240860037	0.17647058823529413	0.303882360458374	10.051734924316406	0.04163965142184827
cov10_n10_g0_s42_hotspots_p80_chr1	10	10	2398	158	648	1	0.4661920050562004	0.39453954583844286	0.3333333333333333	0.49188894033432007	8.982465744018555	0.03757496271291857
cov10_n10_g0_s42_hotspots_p80_chr1	10	10	2399	228	814	0	0.4188477772534879	0.3264267899799614	0.25	0.3805907964706421	12.111441612243652	0.036477457845623146
cov10_n10_g0_s42_hotspots_p80_chr1	10	10	2400	101	504	1	0.23072844023614544	0.14148868847346607	0.1111111111111111	0.2766159772872925	6.957411766052246	0.04852942554902322
cov10_n10_g0_s42_hotspots_p80_chr1	10	10	2401	644	1859	0	0.5228661721976644	0.4290784431740386	0.3333333333333333	0.3788002133369446	19.05287742614746	0.03096882721273307
cov10_n10_g0_s42_hotspots_p80_chr1	10	10	2402	129	298	1	0.38237381132374393	0.3190663248885541	0.3333333333333333	0.5038808584213257	5.758648872375488	0.04648597482726443
cov10_n10_g0_s42_hotspots_p80_chr1	10	10	2403	56	200	1	0.4482833879813053	0.3651966366970061	0.25	0.42781490087509155	10.979777336120605	0.036316930151646123
cov10_n10_g0_s42_hotspots_p80_chr1	10	10	2404	19	78	1	0.35578402847808055	0.04252432555625636	0.05263157894736842	0.1265822947025299	78.99996948242188	0.03304197560526215
cov10_n10_g0_s42_hotspots_p80_chr1	10	10	2405	916	1626	0	0.6090667175139387	0.5394464347811482	0.3333333333333333	0.48553740978240967	15.735634803771973	0.028818948592904826
cov10_n10_g0_s42_hotspots_p80_chr1	10	10	2406	143	217	1	0.3948045360533844	0.2058181527248004	0.25	0.1818031370639801	47.15865707397461	0.03256616016414686
cov10_n10_g0_s42_hotspots_p80_chr1	10	10	2409	609	2042	0	0.35738522966906305	0.274286868555124	0.25	0.3895208537578583	8.418055534362793	0.041965477440276566
cov10_n10_g0_s42_hotspots_p80_chr1	10	10	2410	1158	2177	0	0.5479237020012112	0.4682935938988658	0.3333333333333333	0.4475296437740326	14.989825248718262	0.031065654296363918
cov10_n10_g0_s42_hotspots_p80_chr1	10	10	2411	1059	1802	0	0.5359742644437357	0.458466192744738	0.3333333333333333	0.4631372094154358	13.392711639404297	0.03202343573035062
cov10_n10_g0_s42_hotspots_p80_chr1	10	10	2412	545	1078	0	0.45494491900613804	0.3499791477347307	0.17647058823529413	0.3429949879646301	17.59309196472168	0.03321172658097385
cov10_n10_g0_s42_hotspots_p80_chr1	10	10	2413	979	1872	0	0.439351338296702	0.3632945859311133	0.25	0.4594527781009674	9.144124984741211	0.03831926280708005
cov10_n10_g0_s42_hotspots_p80_chr1	10	10	2414	704	1639	0	0.44927577412823755	0.3855560124294437	0.17647058823529413	0.5356506705284119	7.034977436065674	0.04108173869216492
cov10_n10_g0_s42_hotspots_p80_chr1	10	10	2415	520	892	0	0.4011742922461985	0.272158367473321	0.17647058823529413	0.27310046553611755	21.57849884033203	0.033860435800165026
cov10_n10_g0_s42_hotspots_p80_chr1	10	10	2416	308	590	0	0.4482628772744251	0.3294453521852849	0.17647058823529413	0.30059316754341125	22.238597869873047	0.03256689883400409
cov10_n10_g0_s42_hotspots_p80_chr1	10	10	2417	773	1832	0	0.5944410164136102	0.5129736937882632	0.25	0.3943867087364197	22.71814727783203	0.028535137841856396
cov10_n10_g0_s42_hotspots_p80_chr1	10	10	2418	683	1391	0	0.6163325055691687	0.5596876695446461	0.42857142857142855	0.5984832048416138	10.605379104614258	0.030535867091989462
cov10_n10_g0_s42_hotspots_p80_chr1	10	10	2419	460	840	0	0.5767785155063957	0.5180226332191993	0.3333333333333333	0.5911970734596252	9.518174171447754	0.032943655752752196
cov10_n10_g0_s42_hotspots_p80_chr1	10	10	2420	976	1786	0	0.46923274139040744	0.38856433412418956	0.25	0.44408151507377625	11.164806365966797	0.03548782539723111
cov10_n10_g0_s42_hotspots_p80_chr1	10	10	2421	728	2567	0	0.4280060955339631	0.34451464934460835	0.3333333333333333	0.4199853837490082	10.385599136352539	0.03746500032968773
cov10_n10_g0_s42_hotspots_p80_chr1	10	10	2422	1108	2613	0	0.3590836817249315	0.2673950982044637	0.25	0.3586411476135254	10.024693489074707	0.04000397533169849
cov10_n10_g0_s42_hotspots_p80_chr1	10	10	2423	945	2470	0	0.44547799274279126	0.33441944903966675	0.17647058823529413	0.3231155276298523	19.00801658630371	0.0331636612290469
cov10_n10_g0_s42_hotspots_p80_chr1	10	10	2424	766	2146	0	0.3885771421024744	0.3021228042567804	0.3333333333333333	0.39207661151885986	9.822288513183594	0.03927371193813114
cov10_n10_g0_s42_hotspots_p80_chr1	10	10	2425	927	2400	0	0.5489348852405753	0.4780664364316577	0.3333333333333333	0.503333568572998	11.894050598144531	0.032289496191414684
cov10_n10_g0_s42_hotspots_p80_chr1	10	10	2426	642	1559	0	0.5163525317479658	0.4383886525274947	0.25	0.4623658061027527	12.47157096862793	0.03311140184750515
cov10_n10_g0_s42_hotspots_p80_chr1	10	10	2427	225	621	0	0.5483038780260038	0.49386039405884957	0.3333333333333333	0.6303699612617493	7.565743446350098	0.03641783977964338
cov10_n10_g0_s42_hotspots_p80_chr1	10	10	2428	49	137	1	0.365148373228759	0.32328707717086397	0.17647058823529413	0.666666567325592	3.0000009536743164	0.061237235021601215
cov10_n10_g0_s42_hotspots_p80_chr1	10	10	2429	973	1754	0	0.49376405784938	0.4109278671541062	0.25	0.4361629784107208	12.81567096710205	0.0336891794318143
cov10_n10_g0_s42_hotspots_p80_chr1	10	10	2430	961	2342	0	0.49311381607967975	0.4096112600480948	0.3333333333333333	0.43280118703842163	12.981273651123047	0.033629190111737414
cov10_n10_g0_s42_hotspots_p80_chr1	10	10	2431	656	1423	0	0.4264973044146195	0.3846092925356809	0.3333333333333333	0.711848795413971	3.5896925926208496	0.054337562429041135
cov10_n10_g0_s42_hotspots_p80_chr1	10	10	2432	98	362	1	0.4105893659892203	0.3379676527960183	0.25	0.4657396376132965	7.771930694580078	0.04115826368102051
cov10_n10_g0_s42_hotspots_p80_chr1	10	10	2434	2	3	1	0.22360680157584636	0.18156825980063976	0.1111111111111111	0.5	2.0	0.07905694150420949
cov10_n10_g0_s42_hotspots_p80_chr1	10	10	2435	501	1087	0	0.46256492135979554	0.35801359453010245	0.25	0.3446011245250702	18.01822853088379	0.03289740400410918
cov10_n10_g0_s42_hotspots_p80_chr1	10	10	2436	448	1304	0	0.45519807834342024	0.3583510865581597	0.25	0.3718741536140442	14.983349800109863	0.033979023490796054
cov10_n10_g0_s42_hotspots_p80_chr1	10	10	2437	74	137	1	0.28933107562757665	0.21808482173952884	0.25	0.39130356907844543	5.467170715332031	0.05057781904094353
cov10_n10_g0_s42_hotspots_p80_chr1	10	10	2438	438	1352	0	0.4393262647004705	0.3360534623641749	0.17647058823529413	0.34712064266204834	16.0181884765625	0.034096351739535354
cov10_n10_g0_s42_hotspots_p80_chr1	10	10	2439	124	499	1	0.26036162304995775	0.1500176213136703	0.1111111111111111	0.2506597936153412	10.789084434509277	0.04221289996200908
cov10_n10_g0_s42_hotspots_p80_chr1	10	10	2440	369	1296	0	0.6254785691994602	0.5606586574108244	0.3333333333333333	0.5146979093551636	14.7679443359375	0.028454931141116416
cov10_n10_g0_s42_hotspots_p80_chr1	10	10	2441	1241	2245	0	0.1793132925309159	0.06295980365503633	0.17647058823529413	0.18050970137119293	9.867877006530762	0.04544735462598249
cov10_n10_g0_s42_hotspots_p80_chr1	10	10	2442	1169	2352	0	0.12227283477624161	0.04978204012800712	0.17647058823529413	0.1989639401435852	3.7766900062561035	0.06373669934096078
cov10_n10_g0_s42_hotspots_p80_chr1	10	10	2443	246	870	0	0.5764285781009564	0.5073960866301465	0.42857142857142855	0.5094461441040039	12.802489280700684	0.03086676567660618
cov10_n10_g0_s42_hotspots_p80_chr1	10	10	2446	9	9	1	0.3705241319707634	0.13959140520052515	0.05263157894736842	0.152542382478714	58.99998092651367	0.0328710888063023
cov10_n10_g0_s42_hotspots_p80_chr1	10	10	2448	167	539	1	0.3732582927601139	0.2851647466392595	0.25	0.3785833716392517	9.720661163330078	0.03986806112223494
cov10_n10_g0_s42_hotspots_p80_chr1	10	10	2449	357	763	0	0.6128878579037751	0.5418148326687013	0.3333333333333333	0.4683816730976105	17.122304916381836	0.028444467000916532
cov10_n10_g0_s42_hotspots_p80_chr1	10	10	2451	217	746	0	0.553997223136169	0.47458422272047857	0.42857142857142855	0.44676777720451355	15.376288414001465	0.03075744826618221
cov10_n10_g0_s42_hotspots_p80_chr1	10	10	2452	304	959	0	0.30629640141970266	0.21936579435253645	0.17647058823529413	0.34311482310295105	7.969017505645752	0.04428078059117242
cov10_n10_g0_s42_hotspots_p80_chr1	10	10	2453	429	1455	0	0.5320472976444728	0.4757812395231248	0.42857142857142855	0.6132437586784363	7.527214527130127	0.03711511235865606
cov10_n10_g0_s42_hotspots_p80_chr1	10	10	2454	8	215	1	0.31902943214903745	0.22752661134878285	0.17647058823529413	0.33649876713752747	8.988651275634766	0.04241928198289256
cov10_n10_g0_s42_hotspots_p80_chr1	10	10	2455	112	661	1	0.4406379924588166	0.3722740750343241	0.3333333333333333	0.5028092861175537	7.679930210113525	0.040256624087405345
cov10_n10_g0_s42_hotspots_p80_chr1	10	10	2456	346	818	0	0.5580154122239235	0.48920010632523153	0.3333333333333333	0.5159932374954224	11.695112228393555	0.032075526404064365
cov10_n10_g0_s42_hotspots_p80_chr1	10	10	2478	68	419	1	0.5235646764176013	0.45036591511016943	0.3333333333333333	0.4904229938983917	11.397222518920898	0.03347687133826317
cov10_n10_g0_s42_hotspots_p80_chr1	10	10	2479	360	1415	0	0.3394657829112648	0.2434484413455394	0.17647058823529413	0.3343307375907898	10.309540748596191	0.0403316530325688
cov10_n10_g0_s42_hotspots_p80_chr1	10	10	2480	132	371	1	0.1346811601741234	-0.031127568178760702	0.1111111111111111	0.10481342673301697	16.511245727539062	0.04177351002929914
cov10_n10_g0_s42_hotspots_p80_chr1	10	10	2481	2	19	1	0.14142135061268166	0.05855400437691198	0.1111111111111111	0.20000000298023224	4.999999523162842	0.057008771843070134
cov10_n10_g0_s42_hotspots_p80_chr1	10	10	2483	432	1013	0	0.28611754742593476	0.1927635360654288	0.42857142857142855	0.3090113699436188	8.573142051696777	0.04399447037108726
cov10_n10_g0_s42_hotspots_p80_chr1	10	10	2484	661	1816	0	0.6867811580040919	0.6404352224975184	0.42857142857142855	0.6653456091880798	10.6547212600708	0.02756491899443756
cov10_n10_g0_s42_hotspots_p80_chr1	10	10	2485	171	990	1	0.5378388153195234	0.4744364133623216	0.25	0.5569421052932739	9.325757026672363	0.03461240157418987
cov10_n10_g0_s42_hotspots_p80_chr1	10	10	2486	477	1461	0	0.3434064288057787	0.25270181461442165	0.3333333333333333	0.3535993993282318	9.431783676147461	0.041125511309945496
cov10_n10_g0_s42_hotspots_p80_chr1	10	10	2487	463	1705	0	0.6098794547999002	0.5644038812223443	0.3333333333333333	0.7164562344551086	7.246172904968262	0.03440796546204381
cov10_n10_g0_s42_hotspots_p80_chr1	10	10	2488	372	1372	0	0.6149892304858091	0.540245499950143	0.42857142857142855	0.42656949162483215	20.78525733947754	0.028017209617537314
cov10_n10_g0_s42_hotspots_p80_chr1	10	10	2489	96	365	1	0.2855703295948698	0.21647251054487468	0.25	0.3979295492172241	5.150077819824219	0.05179115817297321
cov10_n10_g0_s42_hotspots_p80_chr1	10	10	2490	690	2129	0	0.5781206640143717	0.5065412861856836	0.3333333333333333	0.48994046449661255	13.923563003540039	0.030379394388096663
cov10_n10_g0_s42_hotspots_p80_chr1	10	10	2491	532	1384	0	0.5209348535488265	0.4589105450519322	0.42857142857142855	0.5661783814430237	8.465649604797363	0.036209243637294455
cov10_n10_g0_s42_hotspots_p80_chr1	10	10	2492	1711	2869	0	0.6336349667614324	0.571524672773193	0.42857142857142855	0.5337611436843872	14.092384338378906	0.028330215846597603
cov10_n10_g0_s42_hotspots_p80_chr1	10	10	2493	285	569	0	0.4311910831228132	0.34429958902791735	0.17647058823529413	0.4062959849834442	11.263008117675781	0.03666180239253345
cov10_n10_g0_s42_hotspots_p80_chr1	10	10	2494	291	844	0	0.5899577871150768	0.5244215939052922	0.42857142857142855	0.5313957333564758	12.325532913208008	0.030588650221273248
cov10_n10_g0_s42_hotspots_p80_chr1	10	10	2495	205	482	0	0.5621056924717199	0.49602642578782963	0.3333333333333333	0.5351502895355225	11.032768249511719	0.032328206091800996
cov10_n10_g0_s42_hotspots_p80_chr1	10	10	2496	252	816	0	0.5921594560730133	0.5292959381618086	0.42857142857142855	0.5525108575820923	11.486709594726562	0.030934397398794944
cov10_n10_g0_s42_hotspots_p80_chr1	10	10	2497	1396	2719	0	0.5421885640571193	0.45932214347412287	0.3333333333333333	0.4301703870296478	15.886183738708496	0.031006792827880623
cov10_n10_g0_s42_hotspots_p80_chr1	10	10	2498	1172	1868	0	0.5097624028038278	0.41676209332823094	0.3333333333333333	0.3863224685192108	17.411476135253906	0.031656137136377646
cov10_n10_g0_s42_hotspots_p80_chr1	10	10	2502	2	5	1	0.22360680157584636	0.18156825980063976	0.1111111111111111	0.5	2.0	0.07905694150420949
cov10_n10_g0_s42_hotspots_p80_chr1	10	10	2506	493	1875	0	0.6431045767295109	0.5897308368243385	0.42857142857142855	0.6170467138290405	10.862435340881348	0.029293995911035906
cov10_n10_g0_s42_hotspots_p80_chr1	10	10	2507	554	2181	0	0.26854875826616625	0.1801694594839557	0.25	0.31057843565940857	7.476593494415283	0.04631887874034666
cov10_n10_g0_s42_hotspots_p80_chr1	10	10	2508	539	1940	0	0.5241383141442658	0.4650761257466096	0.3333333333333333	0.5893862843513489	7.908456802368164	0.03683912100286442
cov10_n10_g0_s42_hotspots_p80_chr1	10	10	2509	340	1814	0	0.5394177020690635	0.49112799831012816	0.42857142857142855	0.6879111528396606	6.1487321853637695	0.0395368336841681
cov10_n10_g0_s42_hotspots_p80_chr1	10	10	2510	710	1712	0	0.36120344758686684	0.23800560517555094	0.1111111111111111	0.27538150548934937	17.20418930053711	0.03589029754952079
cov10_n10_g0_s42_hotspots_p80_chr1	10	10	2516	62	458	1	0.15827333853261205	0.06108104955140863	0.1111111111111111	0.19087909162044525	6.875412940979004	0.05090063978150167
cov10_n10_g0_s42_hotspots_p80_chr1	10	10	2517	267	1987	0	0.14199517866847072	0.017042754861254457	0.1111111111111111	0.13962794840335846	10.341951370239258	0.045930376502453955
cov10_n10_g0_s42_hotspots_p80_chr1	10	10	2519	26	26	1	0.2284160949931336	-0.28810406552003054	0.05263157894736842	0.08695650845766068	69.00001525878906	0.03483917478952488
cov10_n10_g0_s42_hotspots_p80_chr1	10	10	2520	51	107	1	0.5831384600878342	0.5141268460369706	0.42857142857142855	0.506965160369873	13.230829238891602	0.030452425408664243
cov10_n10_g0_s42_hotspots_p80_chr1	10	10	2521	209	867	0	0.5172236217440926	0.4299194133506697	0.3333333333333333	0.4124245047569275	15.727794647216797	0.03183881418843607
cov10_n10_g0_s42_hotspots_p80_chr1	10	10	2529	643	1614	0	0.5469212378522802	0.49828857768759177	0.3333333333333333	0.6853565573692322	6.3681960105896	0.038723220359360745
cov10_n10_g0_s42_hotspots_p80_chr1	10	10	2530	187	355	1	0.15970798054787252	0.08424339017201757	0.05263157894736842	0.24019446969032288	4.4210686683654785	0.05896511414480949
cov10_n10_g0_s42_hotspots_p80_chr1	10	10	2533	1	5	1	0.22360680157584636	0.18156825980063976	0.1111111111111111	0.5	2.0	0.07905694150420949
cov10_n10_g0_s42_hotspots_p80_chr1	10	10	2537	615	1694	0	0.3824740224248504	0.32146206375264846	0.42857142857142855	0.5186946392059326	5.437263011932373	0.047457496939654224
cov10_n10_g0_s42_hotspots_p80_chr1	10	10	2538	363	1025	0	0.34527898740647445	0.2713561475084128	0.25	0.4218613803386688	6.698857307434082	0.045401942184039215
cov10_n10_g0_s42_hotspots_p80_chr1	10	10	2539	363	1120	0	0.6124958741642648	0.5547079912321997	0.42857142857142855	0.5893303155899048	10.801617622375488	0.030559913479842923
cov10_n10_g0_s42_hotspots_p80_chr1	10	10	2540	11	229	1	0.32008313260530713	0.27130875119547326	0.25	0.5592105388641357	3.276233673095703	0.06055848745118442
cov10_n10_g0_s42_hotspots_p80_chr1	10	10	2541	770	2146	0	0.5929364846091145	0.5299562682609567	0.3333333333333333	0.5512453317642212	11.569817543029785	0.03085909793092617
cov10_n10_g0_s42_hotspots_p80_chr1	10	10	2542	254	408	0	0.29530655262300254	0.20314761568108733	0.25	0.31889909505844116	8.57510757446289	0.04370880765415521
cov10_n10_g0_s42_hotspots_p80_chr1	10	10	2544	3	6	1	0.22360680157584636	0.18156825980063976	0.1111111111111111	0.5	2.0	0.07905694150420949
cov10_n10_g0_s42_hotspots_p80_chr1	10	10	2547	318	985	0	0.5200180719607465	0.43616540891637084	0.3333333333333333	0.4298183023929596	14.637502670288086	0.03208465329201916
cov10_n10_g0_s42_hotspots_p80_chr1	10	10	2548	174	545	1	0.291955402596069	0.21117850466075763	0.25	0.3543785512447357	6.787319183349609	0.04696513083028006
cov10_n10_g0_s42_hotspots_p80_chr1	10	10	2549	909	2268	0	0.6234846139942477	0.5727404913366076	0.42857142857142855	0.6549947261810303	9.060996055603027	0.031496868136013066
cov10_n10_g0_s42_hotspots_p80_chr1	10	10	2550	33	90	1	0.10540956717432876	-0.01495203327321249	0.1111111111111111	0.11111116409301758	9.000044822692871	0.048591191785300754
cov10_n10_g0_s42_hotspots_p80_chr1	10	10	2551	3	10	1	0.22360680157584636	0.18156825980063976	0.1111111111111111	0.5	2.0	0.07905694150420949
cov10_n10_g0_s42_hotspots_p80_chr1	10	10	2552	226	347	0	0.4256831989832354	0.32819088922909023	0.25	0.3640972971916199	13.669044494628906	0.03541513677281461
cov10_n10_g0_s42_hotspots_p80_chr1	10	10	2553	16	78	1	0.3557840468072405	0.04252432555625618	0.05263157894736842	0.1265822798013687	78.99999237060547	0.03304197560526208
cov10_n10_g0_s42_hotspots_p80_chr1	10	10	2557	2	3	1	0.22360680157584636	0.18156825980063976	0.1111111111111111	0.5	2.0	0.07905694150420949
cov10_n10_g0_s42_hotspots_p80_chr1	10	10	2568	2	5	1	0.22360680157584636	0.18156825980063976	0.1111111111111111	0.5	2.0	0.07905694150420949
cov10_n10_g0_s42_hotspots_p80_chr1	10	10	2573	152	610	1	0.3984095280921226	0.19633836303385896	0.1111111111111111	0.1587297022342682	63.00035858154297	0.03242818683851976
cov10_n10_g0_s42_hotspots_p80_chr1	10	10	2575	18	171	1	0.4868503852745396	0.4401287159386344	0.25	0.69037926197052	4.97296667098999	0.04514024971507973
cov10_n10_g0_s42_hotspots_p80_chr1	10	10	2576	196	631	1	0.5043852746178656	0.42472590657882914	0.3333333333333333	0.453061580657959	12.393965721130371	0.03355445333755712
cov10_n10_g0_s42_hotspots_p80_chr1	10	10	2577	142	660	1	0.5231187622734444	0.4636426693636667	0.3333333333333333	0.585987389087677	7.969369411468506	0.03679044746417406
cov10_n10_g0_s42_hotspots_p80_chr1	10	10	2578	526	1166	0	0.14712369074140433	0.05430990819981497	0.25	0.1870364099740982	6.187467575073242	0.05293979247949569
cov10_n10_g0_s42_hotspots_p80_chr1	10	10	2580	1	6	1	0.22360680157584636	0.18156825980063976	0.1111111111111111	0.5	2.0	0.07905694150420949
cov10_n10_g0_s42_hotspots_p80_chr1	10	10	2581	241	510	0	0.2251814027000833	0.12008973341170318	0.17647058823529413	0.2356368750333786	9.132265090942383	0.045051980619072396
cov10_n10_g0_s42_hotspots_p80_chr1	10	10	2582	1227	2052	0	0.4469467467553691	0.35640548370323544	0.25	0.3951849341392517	12.791184425354004	0.03520331169088435
cov10_n10_g0_s42_hotspots_p80_chr1	10	10	2583	192	724	1	0.43411771160626217	0.35007132666688884	0.25	0.4194748103618622	10.710342407226562	0.0369920164905278
cov10_n10_g0_s42_hotspots_p80_chr1	10	10	2585	8	20	1	0.4991372227181741	0.4428610477106405	0.25	0.6071428656578064	6.7586212158203125	0.039769746189555116
cov10_n10_g0_s42_hotspots_p80_chr1	10	10	2586	516	1159	0	0.33633501796078796	0.2479957286823811	0.25	0.35763680934906006	8.844223022460938	0.042062571008377694
cov10_n10_g0_s42_hotspots_p80_chr1	10	10	2587	440	1273	0	0.5327894040759863	0.46737483759848736	0.3333333333333333	0.542183518409729	9.656473159790039	0.03448201824879672
cov10_n10_g0_s42_hotspots_p80_chr1	10	10	2588	21	73	1	0.5341765899913998	0.47436874668412765	0.3333333333333333	0.5844195485115051	8.354496002197266	0.03584901088272086
cov10_n10_g0_s42_hotspots_p80_chr1	10	10	2589	254	544	0	0.4201218224718762	0.3479301971287825	0.17647058823529413	0.4723825454711914	7.909750938415527	0.04061245434580614
cov10_n10_g0_s42_hotspots_p80_chr1	10	10	2590	481	1630	0	0.5375021751393881	0.48417180563865386	0.3333333333333333	0.6395310759544373	7.063779354095459	0.037693014897115316
cov10_n10_g0_s42_hotspots_p80_chr1	10	10	2591	391	948	0	0.3144080325921901	0.16907497799614704	0.3333333333333333	0.2211969643831253	20.203603744506836	0.036272703463333236
cov10_n10_g0_s42_hotspots_p80_chr1	10	10	2592	435	1349	0	0.22116225372548506	0.15436424970401794	0.3333333333333333	0.3431350290775299	4.154242038726807	0.05831924750006071
cov10_n10_g0_s42_hotspots_p80_chr1	10	10	2593	182	359	1	0.5137425425343034	0.42309412567353427	0.25	0.39660704135894775	16.779157638549805	0.03167734394918214
cov10_n10_g0_s42_hotspots_p80_chr1	10	10	2594	80	332	1	0.3914142016403023	0.33360062752301417	0.3333333333333333	0.5464814901351929	5.1300578117370605	0.04817069477354947
cov10_n10_g0_s42_hotspots_p80_chr1	10	10	2595	124	630	1	0.3751239835703226	0.27429506572679024	0.17647058823529413	0.3366185426712036	12.418625831604004	0.03761656825996802
cov10_n10_g0_s42_hotspots_p80_chr1	10	10	2596	771	1656	0	0.528061112106022	0.4726935193980352	0.42857142857142855	0.6204221844673157	7.244256496429443	0.037741881076631296
cov10_n10_g0_s42_hotspots_p80_chr1	10	10	2597	107	546	1	0.42187297061250184	0.361620772855254	0.3333333333333333	0.5468440055847168	5.951636791229248	0.044532599514803914
cov10_n10_g0_s42_hotspots_p80_chr1	10	10	2598	65	280	1	0.5155757808800296	0.44863364548885665	0.42857142857142855	0.5306121110916138	9.441275596618652	0.035319164324254866
cov10_n10_g0_s42_hotspots_p80_chr1	10	10	2602	3	6	1	0.22360680157584636	0.18156825980063976	0.1111111111111111	0.5	2.0	0.07905694150420949
cov10_n10_g0_s42_hotspots_p80_chr1	10	10	2605	291	781	0	0.7274618485106508	0.6944612827467753	0.5384615384615384	0.8248898386955261	7.777295112609863	0.028196065311127554
cov10_n10_g0_s42_hotspots_p80_chr1	10	10	2606	171	335	1	0.5783837000938602	0.5217787731453367	0.3333333333333333	0.6097477078437805	8.997705459594727	0.03338972709538138
cov10_n10_g0_s42_hotspots_p80_chr1	10	10	2607	210	643	0	0.5718981043262023	0.5326070504182666	0.3333333333333333	0.7928721308708191	5.202726364135742	0.04087060168828702
cov10_n10_g0_s42_hotspots_p80_chr1	10	10	2608	316	920	0	0.545274470727778	0.5095139901370646	0.5384615384615384	0.8362568020820618	4.2515869140625	0.04581961526130775
cov10_n10_g0_s42_hotspots_p80_chr1	10	10	2611	3	6	1	0.22360680157584636	0.18156825980063976	0.1111111111111111	0.5	2.0	0.07905694150420949
cov10_n10_g0_s42_hotspots_p80_chr1	10	10	2614	774	1319	0	0.47150596782183635	0.40080019357335567	0.25	0.49887192249298096	8.932977676391602	0.03744501947636818
cov10_n10_g0_s42_hotspots_p80_chr1	10	10	2615	67	109	1	0.16691489844449103	0.08696445053631238	0.1111111111111111	0.23673124611377716	4.971404552459717	0.056325410118382074
cov10_n10_g0_s42_hotspots_p80_chr1	10	10	2616	140	638	1	0.42326018912795826	0.3168740542849295	0.25	0.3345055878162384	16.010618209838867	0.03456107470485109
cov10_n10_g0_s42_hotspots_p80_chr1	10	10	2617	173	438	1	0.342029488650024	0.22074216583681	0.1111111111111111	0.2722688615322113	15.780879974365234	0.036897501763200134
cov10_n10_g0_s42_hotspots_p80_chr1	10	10	2618	1070	2416	0	0.4473829746793324	0.31009001067700226	0.17647058823529413	0.2531379759311676	31.23520278930664	0.031895839314481464
cov10_n10_g0_s42_hotspots_p80_chr1	10	10	2619	452	955	0	0.4801957627034628	0.4099106364006425	0.17647058823529413	0.5034980177879333	9.095803260803223	0.03695287503719754
cov10_n10_g0_s42_hotspots_p80_chr1	10	10	2621	282	1225	0	0.430717379235457	0.36369409944357217	0.42857142857142855	0.5068048238754272	7.2227630615234375	0.04139598582777038
cov10_n10_g0_s42_hotspots_p80_chr1	10	10	2623	266	609	0	0.2853572722365147	0.18916797831389026	0.17647058823529413	0.30057162046432495	9.013259887695312	0.04342138299966417
cov10_n10_g0_s42_hotspots_p80_chr1	10	10	2624	858	1509	0	0.42399520353685005	0.3097733777675048	0.17647058823529413	0.3120131194591522	18.466144561767578	0.03386564096770396
cov10_n10_g0_s42_hotspots_p80_chr1	10	10	2625	191	557	1	0.47291883455407496	0.3747490372290104	0.1111111111111111	0.3679673373699188	16.517892837524414	0.03296720727139617
cov10_n10_g0_s42_hotspots_p80_chr1	10	10	2627	1	15	1	0.22360680157584636	0.18156825980063976	0.1111111111111111	0.5	2.0	0.07905694150420949
cov10_n10_g0_s42_hotspots_p80_chr1	10	10	2628	73	444	1	0.519927911310849	0.4561074037201382	0.42857142857142855	0.5528739094734192	8.84370231628418	0.03579455902953342
cov10_n10_g0_s42_hotspots_p80_chr1	10	10	2630	11	62	1	0.4256340907631753	0.3471377113523282	0.3333333333333333	0.442307710647583	9.260272979736328	0.03865336880574381
cov10_n10_g0_s42_hotspots_p80_chr1	10	10	2631	279	1002	0	0.583327939258362	0.5139326951206833	0.42857142857142855	0.5039555430412292	13.398035049438477	0.03038229404733756
cov10_n10_g0_s42_hotspots_p80_chr1	10	10	2632	5	98	1	0.18257417570343107	0.1243411828254985	0.05263157894736842	0.3333333432674408	2.999999761581421	0.06770032168941854
cov10_n10_g0_s42_hotspots_p80_chr1	10	10	2636	1	18	1	0.22360680157584636	0.18156825980063976	0.1111111111111111	0.5	2.0	0.07905694150420949
cov10_n10_g0_s42_hotspots_p80_chr1	10	10	2638	418	1225	0	0.507501186688397	0.40103347309170384	0.25	0.32762566208839417	23.994863510131836	0.03085256319393302
cov10_n10_g0_s42_hotspots_p80_chr1	10	10	2639	652	1764	0	0.376502722737343	0.3093491208768477	0.3333333333333333	0.47722288966178894	6.224346160888672	0.045444315344451404
cov10_n10_g0_s42_hotspots_p80_chr1	10	10	2640	31	161	1	0.49859060559183116	0.4174428381637099	0.25	0.4450068473815918	12.553211212158203	0.033663690247575144
cov10_n10_g0_s42_hotspots_p80_chr1	10	10	2641	805	1848	0	0.5067697565807028	0.39441283543732275	0.17647058823529413	0.3018821179866791	28.180362701416016	0.030640919776408402
cov10_n10_g0_s42_hotspots_p80_chr1	10	10	2642	112	173	1	0.29077916530306447	0.19731171084927096	0.17647058823529413	0.3119332194328308	8.689672470092773	0.04368817106916743
cov10_n10_g0_s42_hotspots_p80_chr1	10	10	2643	6	23	1	0.4041451832097225	0.3501338515674655	0.25	0.5833333730697632	4.799999237060547	0.04894725394350007
cov10_n10_g0_s42_hotspots_p80_chr1	10	10	2644	13	96	1	0.3621876897343261	0.2673897388938084	0.17647058823529413	0.34978994727134705	10.721430778503418	0.03926085033998657
cov10_n10_g0_s42_hotspots_p80_chr1	10	10	2645	780	1984	0	0.14707453737795187	0.07737458429082156	0.17647058823529413	0.2406083643436432	3.736400604248047	0.06319766341629227
cov10_n10_g0_s42_hotspots_p80_chr1	10	10	2646	2	2	1	0.3580574440095158	0.06052275326688028	0.05263157894736842	0.12820513546466827	78.00000762939453	0.03301126458867624
cov10_n10_g0_s42_hotspots_p80_chr1	10	10	2655	353	912	0	0.3354147784027227	0.20675713226715223	0.1111111111111111	0.2554832100868225	17.236125946044922	0.03655835049095611
cov10_n10_g0_s42_hotspots_p80_chr1	10	10	2656	121	236	1	0.3746932110440438	0.30906869494985845	0.25	0.4849397838115692	5.970023155212402	0.04616757325678907
cov10_n10_g0_s42_hotspots_p80_chr1	10	10	2663	100	606	1	0.579941127295694	0.5147471246081861	0.3333333333333333	0.537683367729187	11.633612632751465	0.03130917343185739
cov10_n10_g0_s42_hotspots_p80_chr1	10	10	2664	413	909	0	0.3930494685133659	0.3217454247835631	0.25	0.4639245867729187	7.1779375076293945	0.04279761545224821
cov10_n10_g0_s42_hotspots_p80_chr1	10	10	2665	51	297	1	0.464334305390416	0.4079048277512544	0.25	0.5946820974349976	6.096657752990723	0.04258636443943367
cov10_n10_g0_s42_hotspots_p80_chr1	10	10	2666	7	26	1	0.36514835140686214	0.3232870753462959	0.17647058823529413	0.6666666865348816	2.999999761581421	0.061237245191812416
cov10_n10_g0_s42_hotspots_p80_chr1	10	10	2667	88	408	1	0.3021007036515195	0.08838088462595659	0.1111111111111111	0.1561846137046814	37.41337203979492	0.03454914671829839
cov10_n10_g0_s42_hotspots_p80_chr1	10	10	2668	612	1337	0	0.5156312978434109	0.40716294868277	0.25	0.31225234270095825	27.268869400024414	0.03045927323489561
cov10_n10_g0_s42_hotspots_p80_chr1	10	10	2669	30	108	1	0.3977525650913391	0.33685933242257243	0.25	0.5289964079856873	5.65354061126709	0.04624405563220581
cov10_n10_g0_s42_hotspots_p80_chr1	10	10	2670	50	118	1	0.136913776332683	0.012707148226535245	0.1111111111111111	0.13603737950325012	10.129261016845703	0.0463028629223259
cov10_n10_g0_s42_hotspots_p80_chr1	10	10	2671	422	726	0	0.47702939966373875	0.3827135470299956	0.25	0.3833736181259155	15.482667922973633	0.03314996703756721
cov10_n10_g0_s42_hotspots_p80_chr1	10	10	2672	696	1579	0	0.5462115095344409	0.4698317221309047	0.3333333333333333	0.4680367112159729	13.619523048400879	0.031586522028481064
cov10_n10_g0_s42_hotspots_p80_chr1	10	10	2673	560	1446	0	0.3625253866940445	0.2844145099739183	0.25	0.41353464126586914	7.6851630210876465	0.042926380052989696
cov10_n10_g0_s42_hotspots_p80_chr1	10	10	2674	6	56	1	0.36514835140686214	0.32328707534629586	0.17647058823529413	0.6666666865348816	2.999999761581421	0.061237245191812416
cov10_n10_g0_s42_hotspots_p80_chr1	10	10	2677	2	6	1	0.22360680157584636	0.18156825980063976	0.1111111111111111	0.5	2.0	0.07905694150420949
cov10_n10_g0_s42_hotspots_p80_chr1	10	10	2686	3	29	1	0.22360680157584636	0.18156825980064012	0.1111111111111111	0.5	2.0	0.07905694150420949
cov10_n10_g0_s42_hotspots_p80_chr1	10	10	2688	3	6	1	0.22360680157584636	0.18156825980063976	0.1111111111111111	0.5	2.0	0.07905694150420949
cov10_n10_g0_s42_hotspots_p80_chr1	10	10	2690	326	1320	0	0.4356920666109332	0.3607321573063591	0.3333333333333333	0.4638712704181671	8.821946144104004	0.03882322375276295
cov10_n10_g0_s42_hotspots_p80_chr1	10	10	2691	490	1330	0	0.4929120810024527	0.42834925716065675	0.3333333333333333	0.5433506369590759	8.229598045349121	0.03755703818892797
cov10_n10_g0_s42_hotspots_p80_chr1	10	10	2692	179	449	1	0.3845177375001187	0.33601340780304545	0.3333333333333333	0.6167044043540955	3.887573003768921	0.054070442263236936
cov10_n10_g0_s42_hotspots_p80_chr1	10	10	2693	129	953	1	0.37439854312015314	0.2898544190616247	0.3333333333333333	0.39289289712905884	9.08071231842041	0.04055011460261495
cov10_n10_g0_s42_hotspots_p80_chr1	10	10	2702	1	3	1	0.22360680157584636	0.18156825980063976	0.1111111111111111	0.5	2.0	0.07905694150420949
cov10_n10_g0_s42_hotspots_p80_chr1	10	10	2705	45	191	1	0.288099052042877	0.22471313875643106	0.17647058823529413	0.42920899391174316	4.505531311035156	0.05432628145688633
cov10_n10_g0_s42_hotspots_p80_chr1	10	10	2706	596	1794	0	0.5382404307888038	0.45957366134496025	0.3333333333333333	0.455806702375412	13.944122314453125	0.03173197574452945
cov10_n10_g0_s42_hotspots_p80_chr1	10	10	2707	1316	2528	0	0.4251529586976445	0.3662593067464711	0.17647058823529413	0.5582157373428345	5.800778388977051	0.044825704237049326
cov10_n10_g0_s42_hotspots_p80_chr1	10	10	2708	1009	1744	0	0.4154416336855459	0.2868427491221915	0.17647058823529413	0.27565574645996094	22.713603973388672	0.03333454209926403
cov10_n10_g0_s42_hotspots_p80_chr1	10	10	2709	363	1408	0	0.2971804362889533	0.20359116704900546	0.1111111111111111	0.3159398138523102	8.847726821899414	0.04327750834738554
cov10_n10_g0_s42_hotspots_p80_chr1	10	10	2710	759	2108	0	0.4609403372639167	0.4084389593259753	0.25	0.6258707642555237	5.424004554748535	0.044608221877312365
cov10_n10_g0_s42_hotspots_p80_chr1	10	10	2711	670	1749	0	0.489243949932161	0.3737280087570115	0.1111111111111111	0.3011534512042999	26.392179489135742	0.031156725740022862
cov10_n10_g0_s42_hotspots_p80_chr1	10	10	2712	58	186	1	0.402439856097609	0.28945153468574286	0.17647058823529413	0.3112275302410126	16.720375061035156	0.034921656697952774
cov10_n10_g0_s42_hotspots_p80_chr1	10	10	2714	10	81	1	0.42119313609546094	0.2836021364374618	0.1111111111111111	0.2566782534122467	26.926782608032227	0.03274944630592389
cov10_n10_g0_s42_hotspots_p80_chr1	10	10	2715	18	69	1	0.4053329648225134	0.2676805127507879	0.1111111111111111	0.2561655640602112	25.037006378173828	0.033299355952584264
cov10_n10_g0_s42_hotspots_p80_chr1	10	10	2716	64	316	1	0.156620176396917	0.005689221712408751	0.05263157894736842	0.12895730137825012	14.750391960144043	0.042131246040249995
cov10_n10_g0_s42_hotspots_p80_chr1	10	10	2717	73	631	1	0.2921411155981785	0.11847335456084655	0.05263157894736842	0.18171322345733643	25.847126007080078	0.03576771900754122
cov10_n10_g0_s42_hotspots_p80_chr1	10	10	2718	90	178	1	0.39938106434763865	0.3245169785278302	0.17647058823529413	0.44878286123275757	7.919583320617676	0.04130869758455908
cov10_n10_g0_s42_hotspots_p80_chr1	10	10	2719	7	7	1	0.22360680157584636	0.18156825980063976	0.1111111111111111	0.5	2.0	0.07905694150420949
cov10_n10_g0_s42_hotspots_p80_chr1	10	10	2720	47	169	1	0.3524318837345791	0.13072430151509062	0.05263157894736842	0.159606471657753	48.75839614868164	0.03327686773462419
cov10_n10_g0_s42_hotspots_p80_chr1	10	10	2721	16	90	1	0.32998316549317297	0.10476190476190476	0.05263157894736842	0.15555556118488312	44.999996185302734	0.03374742794532082
cov10_n10_g0_s42_hotspots_p80_chr1	10	10	2722	21	178	1	0.44311115888140984	0.3864728604618902	0.3333333333333333	0.5839526057243347	5.7579803466796875	0.044283388908458725
cov10_n10_g0_s42_hotspots_p80_chr1	10	10	2728	984	1556	0	0.4821631801992135	0.39449263134883206	0.3333333333333333	0.4123691916465759	13.671483993530273	0.03366584088902011
cov10_n10_g0_s42_hotspots_p80_chr1	10	10	2729	6	12	1	0.4272391979775221	0.37559813854894664	0.25	0.6166666746139526	4.800000190734863	0.048088460593160576
cov10_n10_g0_s42_hotspots_p80_chr1	10	10	2732	6	9	1	0.31622776601483793	0.26013299085723557	0.17647058823529413	0.5	4.0	0.05590169943749474
cov10_n10_g0_s42_hotspots_p80_chr1	10	10	2733	93	598	1	0.19069429021997725	0.06859776675225006	0.1111111111111111	0.18181924521923065	11.000075340270996	0.04395233520722331
cov10_n10_g0_s42_hotspots_p80_chr1	10	10	2734	494	1055	0	0.4526748113366399	0.3498125068069027	0.17647058823529413	0.3500009775161743	16.72762107849121	0.03350021955687311
cov10_n10_g0_s42_hotspots_p80_chr1	10	10	2736	56	135	1	0.27107621053599584	0.08855382950546982	0.17647058823529413	0.1666666567325592	26.453632354736328	0.036136660967721855
cov10_n10_g0_s42_hotspots_p80_chr1	10	10	2737	44	190	1	0.5617467851775398	0.4797229929598039	0.3333333333333333	0.4265645146369934	17.34250259399414	0.030072600977223043
cov10_n10_g0_s42_hotspots_p80_chr1	10	10	2739	947	1923	0	0.41027672631078227	0.31343582589041846	0.42857142857142855	0.3620743155479431	12.839800834655762	0.036309083165825866
cov10_n10_g0_s42_hotspots_p80_chr1	10	10	2740	627	1492	0	0.5711991138170719	0.49528459399542196	0.25	0.4622989892959595	15.266136169433594	0.030216853496426704
cov10_n10_g0_s42_hotspots_p80_chr1	10	10	2741	577	1623	0	0.4330201056503071	0.3435234012607002	0.17647058823529413	0.39607855677604675	11.952352523803711	0.036133402243585945
cov10_n10_g0_s42_hotspots_p80_chr1	10	10	2742	473	1510	0	0.5401425752404695	0.4905741637640173	0.3333333333333333	0.6752806305885315	6.39805793762207	0.038929629836349414
cov10_n10_g0_s42_hotspots_p80_chr1	10	10	2743	805	2271	0	0.5782930297698479	0.4940954132358995	0.3333333333333333	0.3966640830039978	21.254465103149414	0.02909384035732103
cov10_n10_g0_s42_hotspots_p80_chr1	10	10	2744	452	1261	0	0.4828436072860622	0.3840326641999021	0.3333333333333333	0.36515307426452637	17.48489761352539	0.03243485838927151
cov10_n10_g0_s42_hotspots_p80_chr1	10	10	2745	471	1488	0	0.46762220756008105	0.3535825268024282	0.3333333333333333	0.31287655234336853	22.33799171447754	0.032052976262756425
cov10_n10_g0_s42_hotspots_p80_chr1	10	10	2746	377	1215	0	0.4341924212832567	0.37695228416230936	0.3333333333333333	0.5750461220741272	5.701106071472168	0.04477657688417468
cov10_n10_g0_s42_hotspots_p80_chr1	10	10	2747	526	1487	0	0.6076016351395711	0.5334933053426183	0.3333333333333333	0.44630536437034607	18.534191131591797	0.02843704944013608
cov10_n10_g0_s42_hotspots_p80_chr1	10	10	2748	246	858	0	0.5080177441144619	0.4112441161727379	0.3333333333333333	0.3696080446243286	18.891868591308594	0.03142674261549579
cov10_n10_g0_s42_hotspots_p80_chr1	10	10	2749	334	714	0	0.6064142478527426	0.5332779100736409	0.3333333333333333	0.45684748888015747	17.619609832763672	0.028588776022711367
cov10_n10_g0_s42_hotspots_p80_chr1	10	10	2750	1423	2798	0	0.498013601585682	0.41829641803100753	0.25	0.4525162875652313	12.111946105957031	0.033922680668042576
cov10_n10_g0_s42_hotspots_p80_chr1	10	10	2751	1033	2628	0	0.46168500362439724	0.3928998945927269	0.25	0.5076774954795837	8.27019214630127	0.038629758473579884
cov10_n10_g0_s42_hotspots_p80_chr1	10	10	2752	371	700	0	0.5168235261594428	0.4353827576600226	0.3333333333333333	0.4430757164955139	13.605945587158203	0.03257340554080888
cov10_n10_g0_s42_hotspots_p80_chr1	10	10	2756	5	14	1	0.2272223202581128	0.17175359309319943	0.05263157894736842	0.4074074327945709	3.1105990409851074	0.06519202886741154
cov10_n10_g0_s42_hotspots_p80_chr1	10	10	2760	946	2076	0	0.5715924045585116	0.5041213303702075	0.42857142857142855	0.5226329565048218	11.961328506469727	0.03143965935569623
cov10_n10_g0_s42_hotspots_p80_chr1	10	10	2761	388	908	0	0.48365756892172646	0.4168971339529591	0.25	0.5265104174613953	8.43843936920166	0.037617025208606325
cov10_n10_g0_s42_hotspots_p80_chr1	10	10	2762	217	710	0	0.5366779191054516	0.4542543145678686	0.25	0.43433600664138794	15.26777458190918	0.031350881819142355
cov10_n10_g0_s42_hotspots_p80_chr1	10	10	2763	245	849	0	0.57109340239337	0.48448995291243885	0.42857142857142855	0.3869541883468628	21.781869888305664	0.02926578688202943
cov10_n10_g0_s42_hotspots_p80_chr1	10	10	2764	74	216	1	0.5855018917041324	0.5134964136559121	0.42857142857142855	0.4830562472343445	14.691332817077637	0.029886471287299904
cov10_n10_g0_s42_hotspots_p80_chr1	10	10	2765	195	581	1	0.6276483776954143	0.5670975543668777	0.3333333333333333	0.5542886257171631	12.822152137756348	0.028968150609331902
cov10_n10_g0_s42_hotspots_p80_chr1	10	10	2766	238	956	0	0.5787507933152608	0.4907686812578968	0.25	0.3584156036376953	26.0741024017334	0.028868042687604
cov10_n10_g0_s42_hotspots_p80_chr1	10	10	2767	621	1715	0	0.491442270550658	0.4192288840229815	0.3333333333333333	0.4940429925918579	9.894993782043457	0.03575132882160659
cov10_n10_g0_s42_hotspots_p80_chr1	10	10	2768	124	473	1	0.47551287064011494	0.4157553431737204	0.3333333333333333	0.5730657577514648	6.885184288024902	0.04040826628529875
cov10_n10_g0_s42_hotspots_p80_chr1	10	10	2769	198	588	1	0.5295064052677853	0.46698811614262253	0.3333333333333333	0.5632327198982239	8.838257789611816	0.03544325032180693
cov10_n10_g0_s42_hotspots_p80_chr1	10	10	2770	54	93	1	0.40703948945034774	0.21833630625381484	0.1111111111111111	0.17467041313648224	54.304325103759766	0.0323033777106304
cov10_n10_g0_s42_hotspots_p80_chr1	10	10	2772	10	26	1	0.22360680157584636	0.18156825980063976	0.1111111111111111	0.5	2.0	0.07905694150420949
cov10_n10_g0_s42_hotspots_p80_chr1	10	10	2775	27	105	1	0.48593911861875966	0.4274452398817572	0.3333333333333333	0.5858689546585083	6.879593372344971	0.04002868355036412
cov10_n10_g0_s42_hotspots_p80_chr1	10	10	2776	18	70	1	0.3676955293232477	0.31458505335507436	0.17647058823529413	0.5652173757553101	4.23199987411499	0.05282653264349391
cov10_n10_g0_s42_hotspots_p80_chr1	10	10	2779	399	1100	0	0.3205229172622215	0.2508051658686622	0.17647058823529413	0.42423710227012634	5.70822286605835	0.048777358464388396
cov10_n10_g0_s42_hotspots_p80_chr1	10	10	2780	120	375	1	0.3850244108289746	0.3198140000549745	0.17647058823529413	0.4938468635082245	6.078435897827148	0.04551738602621473
cov10_n10_g0_s42_hotspots_p80_chr1	10	10	2784	5	10	1	0.36514835140686214	0.3232870753462959	0.17647058823529413	0.6666666865348816	2.999999761581421	0.061237245191812416
cov10_n10_g0_s42_hotspots_p80_chr1	10	10	2798	61	294	1	0.1753977574161212	0.05406629063129011	0.1111111111111111	0.17092743515968323	10.529906272888184	0.04483052950898019
cov10_n10_g0_s42_hotspots_p80_chr1	10	10	2799	92	195	1	0.36927417488065123	0.3243808193899522	0.17647058823529413	0.6389154195785522	3.3404974937438965	0.058263789180461795
cov10_n10_g0_s42_hotspots_p80_chr1	10	10	2800	493	1023	0	0.42392107303315796	0.3910018039092985	0.25	0.8245522975921631	2.643221855163574	0.06259150751410447
cov10_n10_g0_s42_hotspots_p80_chr1	10	10	2801	301	1066	0	0.5811172778060302	0.5185999087632365	0.3333333333333333	0.5588139891624451	10.814165115356445	0.03176249928873281
cov10_n10_g0_s42_hotspots_p80_chr1	10	10	2802	4	16	1	0.36514835140686214	0.3232870753462959	0.17647058823529413	0.6666666865348816	2.999999761581421	0.061237245191812416
cov10_n10_g0_s42_hotspots_p80_chr1	10	10	2803	96	220	1	0.46109811718783333	0.3614451436365576	0.1111111111111111	0.3619861900806427	16.225671768188477	0.03339788452029144
cov10_n10_g0_s42_hotspots_p80_chr1	10	10	2804	4	12	1	0.22360680157584636	0.18156825980063976	0.1111111111111111	0.5	2.0	0.07905694150420949
cov10_n10_g0_s42_hotspots_p80_chr1	10	10	2805	1184	2301	0	0.4585149728438145	0.3703754000096531	0.3333333333333333	0.4074692726135254	12.662440299987793	0.03490699633170013
cov10_n10_g0_s42_hotspots_p80_chr1	10	10	2806	133	164	1	0.4216371756582818	0.3438970293364265	0.3333333333333333	0.44444388151168823	9.000030517578125	0.03908675721519312
cov10_n10_g0_s42_hotspots_p80_chr1	10	10	2808	1	6	1	0.22360680157584636	0.18156825980063976	0.1111111111111111	0.5	2.0	0.07905694150420949
cov10_n10_g0_s42_hotspots_p80_chr1	10	10	2811	24	174	1	0.26661929054819805	0.2176743924911217	0.3333333333333333	0.5	2.8434336185455322	0.0663030419596414
cov10_n10_g0_s42_hotspots_p80_chr1	10	10	2812	54	217	1	0.44940163506512615	0.36759270946352157	0.25	0.43407633900642395	10.718575477600098	0.036482993112365754
cov10_n10_g0_s42_hotspots_p80_chr1	10	10	2813	92	507	1	0.36764691812692746	0.2783625614247177	0.25	0.3714280128479004	9.797438621520996	0.03996590615099092
cov10_n10_g0_s42_hotspots_p80_chr1	10	10	2814	86	262	1	0.34873257263382623	0.2533179175475141	0.25	0.34110012650489807	10.45252513885498	0.03991407059256172
cov10_n10_g0_s42_hotspots_p80_chr1	10	10	2815	105	405	1	0.495139332426525	0.4055072217168357	0.25	0.40354838967323303	15.05440616607666	0.032733021765408744
cov10_n10_g0_s42_hotspots_p80_chr1	10	10	2816	37	94	1	0.38359576465538436	0.3117815170139269	0.17647058823529413	0.45602327585220337	7.075767993927002	0.043318984894116605
cov10_n10_g0_s42_hotspots_p80_chr1	10	10	2819	13	95	1	0.41828152296610527	0.36787661438114827	0.25	0.6222686767578125	4.518366813659668	0.04960659893462827
cov10_n10_g0_s42_hotspots_p80_chr1	10	10	2821	63	168	1	0.593326854806797	0.5366674258800616	0.42857142857142855	0.6063039302825928	9.576510429382324	0.03224154646493092
cov10_n10_g0_s42_hotspots_p80_chr1	10	10	2822	104	306	1	0.40487668385685144	0.3516316479215316	0.17647058823529413	0.5899630784988403	4.709727764129639	0.0492866441695215
cov10_n10_g0_s42_hotspots_p80_chr1	10	10	2823	20	132	1	0.4545896800114314	0.39507120163077464	0.25	0.5672141313552856	6.423104286193848	0.04216709736450866
cov10_n10_g0_s42_hotspots_p80_chr1	10	10	2824	84	411	1	0.38029088433077796	0.2963815781213878	0.25	0.3984079658985138	9.111204147338867	0.040322665060581
cov10_n10_g0_s42_hotspots_p80_chr1	10	10	2825	4	18	1	0.25560383945544235	0.20391953849400643	0.1111111111111111	0.46666666865348816	2.999999761581421	0.0651920247758422
cov10_n10_g0_s42_hotspots_p80_chr1	10	10	2826	191	662	1	0.5386511127369553	0.4667798140436227	0.25	0.4979782998561859	11.700226783752441	0.03276292921230343
cov10_n10_g0_s42_hotspots_p80_chr1	10	10	2827	53	506	1	0.4863550644177942	0.40350756018100614	0.3333333333333333	0.43562084436416626	12.464922904968262	0.03411395491440474
cov10_n10_g0_s42_hotspots_p80_chr1	10	10	2828	47	347	1	0.49273882878571523	0.4117805864350084	0.25	0.44567835330963135	12.223359107971191	0.03403580853479526
cov10_n10_g0_s42_hotspots_p80_chr1	10	10	2829	416	1236	0	0.45632717502909464	0.3544678081414738	0.25	0.3537544906139374	16.63982391357422	0.03341891040437421
cov10_n10_g0_s42_hotspots_p80_chr1	10	10	2830	480	1287	0	0.5007360315023675	0.4197565378796342	0.3333333333333333	0.4459535777568817	12.607771873474121	0.03356438470902779
cov10_n10_g0_s42_hotspots_p80_chr1	10	10	2831	492	1434	0	0.4359955053936301	0.34778729423074595	0.25	0.40215784311294556	11.7535982131958	0.036167796244676094
cov10_n10_g0_s42_hotspots_p80_chr1	10	10	2832	818	1823	0	0.46640891481089225	0.4132992720866578	0.3333333333333333	0.6229026913642883	5.60651969909668	0.04384393408705285
cov10_n10_g0_s42_hotspots_p80_chr1	10	10	2833	212	565	0	0.3019388674179991	0.2012966534461149	0.25	0.29952308535575867	10.161958694458008	0.04160853479457881
cov10_n10_g0_s42_hotspots_p80_chr1	10	10	2834	523	1397	0	0.4814635218506423	0.41508947032021537	0.3333333333333333	0.5285049676895142	8.299054145812988	0.03788051338490179
cov10_n10_g0_s42_hotspots_p80_chr1	10	10	2835	1056	1771	0	0.5777731204470405	0.48978684916028115	0.3333333333333333	0.3615940511226654	25.53125	0.028906936164371434
cov10_n10_g0_s42_hotspots_p80_chr1	10	10	2837	23	55	1	0.44753257668683727	0.3944268887029396	0.42857142857142855	0.6146435141563416	5.301548004150391	0.0455103636658703
cov10_n10_g0_s42_hotspots_p80_chr1	10	10	2838	13	32	1	0.37011659901334454	0.11704114719613072	0.05263157894736842	0.13698630034923553	73.00000762939453	0.03284459047221736
cov10_n10_g0_s42_hotspots_p80_chr1	10	10	2839	248	294	0	0.37011659901334454	0.11704114719599859	0.05263157894736842	0.13698630034923553	73.00000762939453	0.03284459047221796
cov10_n10_g0_s42_hotspots_p80_chr1	10	10	2840	64	64	1	0.36514838705572245	0.09759000729465932	0.05263157894736842	0.13333334028720856	75.0	0.032914029430220204
cov10_n10_g0_s42_hotspots_p80_chr1	10	10	2841	567	667	0	0.297803894618374	0.15964545054267043	0.05263157894736842	0.2243318408727646	17.622962951660156	0.037396151989920336
cov10_n10_g0_s42_hotspots_p80_chr1	10	10	2842	57	173	1	0.4196032791102441	0.3335944112050179	0.3333333333333333	0.406269371509552	10.667179107666016	0.03749860435691572
cov10_n10_g0_s42_hotspots_p80_chr1	10	10	2843	13	48	1	0.4341215828156097	0.32167214385865317	0.1111111111111111	0.3181818127632141	18.61538314819336	0.03355641628911865
cov10_n10_g0_s42_hotspots_p80_chr1	10	10	2845	17	165	1	0.46767799856970765	0.37609694989076686	0.17647058823529413	0.39411765336990356	14.081279754638672	0.033947155065239
cov10_n10_g0_s42_hotspots_p80_chr1	10	10	2847	4	7	1	0.22360680157584636	0.18156825980063976	0.1111111111111111	0.5	2.0	0.07905694150420949
cov10_n10_g0_s42_hotspots_p80_chr1	10	10	2849	162	374	1	0.5641110938804914	0.508202667720505	0.3333333333333333	0.6173304319381714	8.350142478942871	0.03469372156596614
cov10_n10_g0_s42_hotspots_p80_chr1	10	10	2850	653	1114	0	0.35549707645251316	0.2746022525526387	0.3333333333333333	0.39741870760917664	8.00157356262207	0.04264558503302745
cov10_n10_g0_s42_hotspots_p80_chr1	10	10	2851	241	834	0	0.39515118300102636	0.30154614767107685	0.25	0.36810070276260376	11.523734092712402	0.03760938725962468
cov10_n10_g0_s42_hotspots_p80_chr1	10	10	2852	78	243	1	0.3762646370521653	0.3072474213907478	0.3333333333333333	0.46666306257247925	6.5009965896606445	0.04478977905651912
cov10_n10_g0_s42_hotspots_p80_chr1	10	10	2853	7	116	1	0.3590924339103138	0.29767027889379394	0.25	0.4999999701976776	5.157895565032959	0.04922874336564822
cov10_n10_g0_s42_hotspots_p80_chr1	10	10	2854	65	281	1	0.3645244636326285	0.2846576055092401	0.17647058823529413	0.40700381994247437	8.021514892578125	0.04231784139020621
cov10_n10_g0_s42_hotspots_p80_chr1	10	10	2855	268	879	0	0.6272664263636303	0.5689026143407759	0.42857142857142855	0.5759247541427612	11.862401008605957	0.029392817005479445
cov10_n10_g0_s42_hotspots_p80_chr1	10	10	2856	240	788	0	0.38038252311768583	0.28739133020759355	0.25	0.3642081022262573	10.907920837402344	0.038541355398922866
cov10_n10_g0_s42_hotspots_p80_chr1	10	10	2857	170	485	1	0.41221485064520824	0.3363406903152079	0.3333333333333333	0.4497184157371521	8.401676177978516	0.040168425498528414
cov10_n10_g0_s42_hotspots_p80_chr1	10	10	2858	6	32	1	0.36514835140686214	0.32328707534629586	0.17647058823529413	0.6666666865348816	2.999999761581421	0.061237245191812416
cov10_n10_g0_s42_hotspots_p80_chr1	10	10	2859	93	236	1	0.36037496516841033	0.07460470968734825	0.05263157894736842	0.12987008690834045	77.00005340576172	0.03297972616114864
cov10_n10_g0_s42_hotspots_p80_chr1	10	10	2860	291	580	0	0.439375112570175	0.40063199641218916	0.3333333333333333	0.7564420700073242	3.3738021850585938	0.05535262938191628
cov10_n10_g0_s42_hotspots_p80_chr1	10	10	2861	888	1665	0	0.5686398138639934	0.5006598680696469	0.3333333333333333	0.5196471214294434	11.974499702453613	0.03153992671000961
cov10_n10_g0_s42_hotspots_p80_chr1	10	10	2862	12	51	1	0.3754250703773562	0.2551694019897493	0.17647058823529413	0.2862319052219391	17.203250885009766	0.03551094380958172
cov10_n10_g0_s42_hotspots_p80_chr1	10	10	2863	249	512	0	0.2695274501912294	0.13190579781237757	0.1111111111111111	0.21137267351150513	16.259540557861328	0.038605021658469865
cov10_n10_g0_s42_hotspots_p80_chr1	10	10	2864	56	209	1	0.26160498578030905	0.14517334379926833	0.1111111111111111	0.23990680277347565	11.890685081481934	0.041248953362168654
cov10_n10_g0_s42_hotspots_p80_chr1	10	10	2865	10	153	1	0.26311741579775766	0.14087521363240268	0.1111111111111111	0.23076924681663513	12.999998092651367	0.040430377623310976
cov10_n10_g0_s42_hotspots_p80_chr1	10	10	2866	361	798	0	0.5583002061108955	0.48461598567466524	0.3333333333333333	0.4823799729347229	13.395442962646484	0.03126025101922198
cov10_n10_g0_s42_hotspots_p80_chr1	10	10	2867	897	1079	0	0.5506087364963758	0.45344510376270286	0.42857142857142855	0.33540329337120056	26.949552536010742	0.029585831249133405
cov10_n10_g0_s42_hotspots_p80_chr1	10	10	2868	171	404	1	0.3943850447923833	0.18691703065077583	0.1111111111111111	0.1566675454378128	63.3698616027832	0.03248977959551938
cov10_n10_g0_s42_hotspots_p80_chr1	10	10	2869	1	103	1	0.0	-0.06052275326688024	0.05263157894736842	0.0	2.0	0.08660254037844388
cov10_n10_g0_s42_hotspots_p80_chr1	10	10	2876	92	235	1	0.45007124427717865	0.3617382680525013	0.17647058823529413	0.4050157368183136	12.348628044128418	0.03535136296489391
cov10_n10_g0_s42_hotspots_p80_chr1	10	10	2877	688	838	0	0.6409083025769847	0.5757686505656952	0.42857142857142855	0.49178647994995117	16.983943939208984	0.027504961341711504
cov10_n10_g0_s42_hotspots_p80_chr1	10	10	2878	613	764	0	0.5135549498697405	0.4374419495475142	0.25	0.47302260994911194	11.787182807922363	0.03358448239742299
cov10_n10_g0_s42_hotspots_p80_chr1	10	10	2879	61	101	1	0.35998594648937693	0.28699300603131256	0.3333333333333333	0.4359212815761566	6.819538116455078	0.04464488153776975
cov10_n10_g0_s42_hotspots_p80_chr1	10	10	2880	580	661	0	0.33779289541027674	0.2719883099886196	0.3333333333333333	0.4581186771392822	5.436820983886719	0.04902898081066307
cov10_n10_g0_s42_hotspots_p80_chr1	10	10	2881	150	166	1	0.4624372747717647	0.40797810860442935	0.3333333333333333	0.6099063754081726	5.748827934265137	0.04358429058240643
cov10_n10_g0_s42_hotspots_p80_chr1	10	10	2882	765	919	0	0.16881250819348237	0.07280933036420562	0.1111111111111111	0.20348437130451202	6.882514476776123	0.05057159006356394
cov10_n10_g0_s42_hotspots_p80_chr1	10	10	2883	18	49	1	0.42163701192746234	0.34389699974579746	0.25	0.4444444477558136	9.0	0.039086798157375494
cov10_n10_g0_s42_hotspots_p80_chr1	10	10	2884	661	702	0	0.4805629806972929	0.42821286782263557	0.42857142857142855	0.6348820328712463	5.729471683502197	0.042947606847271794
cov10_n10_g0_s42_hotspots_p80_chr1	10	10	2885	476	517	0	0.47467165851638526	0.39783977610589955	0.25	0.46494701504707336	10.422685623168945	0.0358739388739423
cov10_n10_g0_s42_hotspots_p80_chr1	10	10	2886	67	95	1	0.38199811625819247	0.3186452949502745	0.25	0.5033600330352783	5.7592363357543945	0.046497592614482636
cov10_n10_g0_s42_hotspots_p80_chr1	10	10	2888	40	41	1	0.3842831467408762	0.24874631377188616	0.17647058823529413	0.2573099434375763	22.30434799194336	0.034163635757875045
cov10_n10_g0_s42_hotspots_p80_chr1	10	10	2890	695	806	0	0.48847709457889976	0.3616332066677753	0.17647058823529413	0.22670498490333557	46.426536560058594	0.030862276247072534
cov10_n10_g0_s42_hotspots_p80_chr1	10	10	2891	804	977	0	0.6036774179515285	0.539629667472759	0.42857142857142855	0.5373853445053101	12.619389533996582	0.029951227775688087
cov10_n10_g0_s42_hotspots_p80_chr1	10	10	2892	1026	1358	0	0.5511393332287091	0.4519868449796059	0.3333333333333333	0.3044174611568451	32.77810287475586	0.02950099269685415
cov10_n10_g0_s42_hotspots_p80_chr1	10	10	2893	699	820	0	0.5010555466163761	0.3830663225336751	0.25	0.2308102548122406	47.1261100769043	0.030630378875201092
cov10_n10_g0_s42_hotspots_p80_chr1	10	10	2894	29	57	1	0.12565617598490494	-0.34447965222111093	0.05263157894736842	0.05263157933950424	57.0	0.03657484518809442
cov10_n10_g0_s42_hotspots_p80_chr1	10	10	2895	894	1125	0	0.2841839971447968	0.17606564614688847	0.17647058823529413	0.27062952518463135	11.026782035827637	0.041316212842205734
cov10_n10_g0_s42_hotspots_p80_chr1	10	10	2896	954	1067	0	0.530983532270046	0.4281616377842063	0.42857142857142855	0.2535698115825653	43.849735260009766	0.030018991947817403
cov10_n10_g0_s42_hotspots_p80_chr1	10	10	2897	524	922	0	0.3320189924366976	0.15571767692028585	0.05263157894736842	0.19122664630413055	30.145954132080078	0.03444681052960065
cov10_n10_g0_s42_hotspots_p80_chr1	10	10	2898	1628	1721	0	0.443709804689166	0.31075690450166565	0.25	0.2645731270313263	28.12590789794922	0.032140275224711475
cov10_n10_g0_s42_hotspots_p80_chr1	10	10	2899	808	1225	0	0.5631500725578299	0.468603566338011	0.42857142857142855	0.3182758092880249	31.306962966918945	0.029216135679730297
cov10_n10_g0_s42_hotspots_p80_chr1	10	10	2901	529	718	0	0.49981453015772515	0.37773882962897215	0.17647058823529413	0.24687884747982025	40.987361907958984	0.030623111136164546
cov10_n10_g0_s42_hotspots_p80_chr1	10	10	2902	616	794	0	0.532706508939572	0.4326330305127901	0.3333333333333333	0.3405035734176636	24.475561141967773	0.03015716482443541
cov10_n10_g0_s42_hotspots_p80_chr1	10	10	2905	45	45	1	0.4787785212990794	0.36960743936940305	0.25	0.3272125720977783	21.40964126586914	0.031871895934031454
cov10_n10_g0_s42_hotspots_p80_chr1	10	10	2907	346	686	0	0.18276408347030987	-0.3509982227546247	0.05263157894736842	0.07121574878692627	65.86119842529297	0.0355211727376749
cov10_n10_g0_s42_hotspots_p80_chr1	10	10	2908	1275	1852	0	0.49258899893111785	0.38623212738605334	0.3333333333333333	0.33423158526420593	21.720731735229492	0.03146280439473066
cov10_n10_g0_s42_hotspots_p80_chr1	10	10	2909	78	130	1	0.36514835377234	0.09759000729092077	0.05263157894736842	0.13333329558372498	75.00005340576172	0.032914029430235386
cov10_n10_g0_s42_hotspots_p80_chr1	10	10	2916	924	1361	0	0.5695171353001831	0.490045490344053	0.42857142857142855	0.43883782625198364	16.842456817626953	0.029917843910831774
cov10_n10_g0_s42_hotspots_p80_chr1	10	10	2917	1768	2730	0	0.46572749916619344	0.36899572715461376	0.3333333333333333	0.3732697665691376	15.567475318908691	0.03346313939929824
cov10_n10_g0_s42_hotspots_p80_chr1	10	10	2918	328	564	0	0.40274007409560303	0.2642639780007206	0.17647058823529413	0.25439023971557617	25.06390380859375	0.03335790074605864
cov10_n10_g0_s42_hotspots_p80_chr1	10	10	2919	736	921	0	0.2971959725195113	-0.1221016049603599	0.05263157894736842	0.11111374944448471	71.54021453857422	0.0338665397620911
cov10_n10_g0_s42_hotspots_p80_chr1	10	10	2920	1018	1081	0	0.37164783599266904	0.17576573342131516	0.25	0.17835214734077454	43.42168045043945	0.03304533658274974
cov10_n10_g0_s42_hotspots_p80_chr1	10	10	2921	998	1047	0	0.4531629128832886	0.3175537559646678	0.17647058823529413	0.25523895025253296	31.52208137512207	0.03175610353942897
cov10_n10_g0_s42_hotspots_p80_chr1	10	10	2977	581	985	0	0.3575037273406014	0.05747156338028144	0.05263157894736842	0.12740185856819153	78.74259185791016	0.03301878980651453
cov10_n10_g0_s42_hotspots_p80_chr1	10	10	2978	543	1083	0	0.3572814641869158	0.060522753266880135	0.05263157894736842	0.12686553597450256	79.3110580444336	0.03302186333061336
cov10_n10_g0_s42_hotspots_p80_chr1	10	10	2979	71	406	1	0.35805744155989666	0.060522753266880044	0.05263157894736842	0.12820512056350708	78.00001525878906	0.03301126458867654
cov10_n10_g0_s42_hotspots_p80_chr1	10	10	2981	1	377	1	0.0	-0.06052275326688022	0.05263157894736842	0.0	2.0	0.08660254037844388
cov10_n10_g0_s42_hotspots_p80_chr1	10	10	2982	52	479	1	0.16297291401576122	-0.06052275326688023	0.05263157894736842	0.09762409329414368	27.868701934814453	0.038137534502339795
cov10_n10_g0_s42_hotspots_p80_chr1	10	10	2983	469	1234	0	0.3580574440095158	0.0605227532668801	0.05263157894736842	0.12820513546466827	78.00000762939453	0.033011264588676245
cov10_n10_g0_s42_hotspots_p80_chr1	10	10	2984	620	1059	0	0.35805744155989666	0.060522753266880336	0.05263157894736842	0.12820512056350708	78.00001525878906	0.03301126458867661
cov10_n10_g0_s42_hotspots_p80_chr1	10	10	2985	324	547	0	0.3580569497864868	0.060522753266880086	0.05263157894736842	0.1281711757183075	78.04109954833984	0.03301127139099545
cov10_n10_g0_s42_hotspots_p80_chr1	10	10	2986	611	980	0	0.3580207828169192	0.06052275326688019	0.05263157894736842	0.12791207432746887	78.3417739868164	0.03301177191262441
cov10_n10_g0_s42_hotspots_p80_chr1	10	10	2987	178	434	1	0.3545364990146698	0.030957594543640877	0.05263157894736842	0.12618649005889893	78.93983459472656	0.033058769159086586
cov10_n10_g0_s42_hotspots_p80_chr1	10	10	2988	105	282	1	0.3558644160063711	0.060522753266880176	0.05263157894736842	0.12596243619918823	79.81546783447266	0.033040961931176255
cov10_n10_g0_s42_hotspots_p80_chr1	10	10	2989	76	76	1	0.3580574253479522	0.060522753266880204	0.05263157894736842	0.12820515036582947	77.99996948242188	0.033011264588676294
cov10_n10_g0_s42_hotspots_p80_chr1	10	10	2991	32	32	1	0.3580574440095158	0.06052275326688023	0.05263157894736842	0.12820513546466827	78.00000762939453	0.03301126458867624
cov10_n10_g0_s42_hotspots_p80_chr1	10	10	2995	32	32	1	0.36037497886250536	0.07460470969529912	0.05263157894736842	0.12987014651298523	76.99999237060547	0.03297972616111812
cov10_n10_g0_s42_hotspots_p80_chr1	10	10	3001	32	32	1	0.3603750047056557	0.0746047096952989	0.05263157894736842	0.12987014651298523	76.99999237060547	0.03297972616111815
cov10_n10_g0_s42_hotspots_p80_chr1	10	10	3007	32	32	1	0.36037499785861465	0.07460470969420069	0.05263157894736842	0.12987011671066284	77.00000762939453	0.03297972616112219
cov10_n10_g0_s42_hotspots_p80_chr1	10	10	3009	32	32	1	0.3580574244125538	0.06052275325281418	0.05263157894736842	0.1282050609588623	78.00007629394531	0.03301126458873343
cov10_n10_g0_s42_hotspots_p80_chr1	10	10	3010	529	529	0	0.35578404157559784	0.04252432555625638	0.05263157894736842	0.12658226490020752	79.00003051757812	0.03304197560526211
cov10_n10_g0_s42_hotspots_p80_chr1	10	10	3011	1387	1387	0	0.3557840468072405	0.0425243255562561	0.05263157894736842	0.1265822798013687	78.99999237060547	0.03304197560526207
cov10_n10_g0_s42_hotspots_p80_chr1	10	10	3012	819	819	0	0.35578404157559784	0.04252432555625638	0.05263157894736842	0.12658226490020752	79.00003051757812	0.03304197560526211
cov10_n10_g0_s42_hotspots_p80_chr1	10	10	3016	64	64	1	0.3580574440095158	0.060522753266880266	0.05263157894736842	0.12820513546466827	78.00000762939453	0.03301126458867624
cov10_n10_g0_s42_hotspots_p80_chr1	10	10	3017	347	428	0	0.4434253816665955	0.2889639804372713	0.17647058823529413	0.21191075444221497	43.78597640991211	0.03171281431208057
cov10_n10_g0_s42_hotspots_p80_chr1	10	10	3018	508	662	0	0.3422145836978418	0.18240788387057247	0.1111111111111111	0.21148408949375153	26.18433380126953	0.03462187781357762
cov10_n10_g0_s42_hotspots_p80_chr1	10	10	3019	387	418	0	0.23678191350444777	-0.19239644412152984	0.05263157894736842	0.09344439208507538	64.20821380615234	0.03480040464628905
cov10_n10_g0_s42_hotspots_p80_chr1	10	10	3020	423	466	0	0.4616116490918161	0.3305940559877835	0.17647058823529413	0.1894487887620926	59.37038040161133	0.03141529421029717
cov10_n10_g0_s42_hotspots_p80_chr1	10	10	3021	152	165	1	0.23009124279477747	-0.26462564902735936	0.05263157894736842	0.08823587745428085	68.00012969970703	0.034831501108955464
cov10_n10_g0_s42_hotspots_p80_chr1	10	10	3022	124	124	1	0.3002346412636526	-0.10466430427045983	0.05263157894736842	0.11267606914043427	70.99999237060547	0.03382848209021489
cov10_n10_g0_s42_hotspots_p80_chr1	10	10	3025	32	32	1	0.2251759950842216	-0.3438969997457966	0.05263157894736842	0.0845070481300354	70.99999237060547	0.03485381957668554
cov10_n10_g0_s42_hotspots_p80_chr1	10	10	3027	561	918	0	0.18217066214253297	-0.02086338616428436	0.05263157894736842	0.11481718719005585	25.173471450805664	0.038203553138057886
cov10_n10_g0_s42_hotspots_p80_chr1	10	10	3028	627	1522	0	0.36802471290473837	0.12016920751688534	0.1111111111111111	0.14343903958797455	65.82930755615234	0.032882935576601234
cov10_n10_g0_s42_hotspots_p80_chr1	10	10	3029	764	809	0	0.34252858433061806	0.24309137024176405	0.17647058823529413	0.32576096057891846	11.055933952331543	0.039575394709496385
cov10_n10_g0_s42_hotspots_p80_chr1	10	10	3030	686	792	0	0.41686952427345486	0.23681706491269727	0.1111111111111111	0.16971439123153687	60.3341064453125	0.03213866306524662
cov10_n10_g0_s42_hotspots_p80_chr1	10	10	3031	779	1190	0	0.42183703242304327	0.2489066701942197	0.17647058823529413	0.16978752613067627	61.727378845214844	0.0320629774116076
cov10_n10_g0_s42_hotspots_p80_chr1	10	10	3032	939	1572	0	0.3758800372221495	0.1904064045839964	0.1111111111111111	0.18803389370441437	39.96006393432617	0.033056429706299295
cov10_n10_g0_s42_hotspots_p80_chr1	10	10	3033	406	646	0	0.4048054862050056	0.258165985032912	0.25	0.23973454535007477	28.512256622314453	0.03300108466819018
cov10_n10_g0_s42_hotspots_p80_chr1	10	10	3034	87	130	1	0.24468066873611025	-0.19357069785511155	0.05263157894736842	0.09534088522195816	65.8629150390625	0.03466173547894758
cov10_n10_g0_s42_hotspots_p80_chr1	10	10	3035	53	79	1	0.21081850596372864	0.10466424052948649	0.1111111111111111	0.22222210466861725	9.000008583068848	0.045643533581451866
cov10_n10_g0_s42_hotspots_p80_chr1	10	10	3038	126	191	1	0.3971838097105929	0.19625442290776038	0.25	0.15256574749946594	67.7749252319336	0.032450263933085095
cov10_n10_g0_s42_hotspots_p80_chr1	10	10	3039	438	567	0	0.42428214300307304	0.25334945445944684	0.25	0.19140560925006866	49.136043548583984	0.0320293886015947
cov10_n10_g0_s42_hotspots_p80_chr1	10	10	3040	786	848	0	0.4430993047214267	0.2858539407479914	0.17647058823529413	0.19232776761054993	53.078433990478516	0.031696704632802525
cov10_n10_g0_s42_hotspots_p80_chr1	10	10	3041	292	394	0	0.379595544183147	0.15219339876531143	0.1111111111111111	0.14017127454280853	73.33716583251953	0.032711121011406954
cov10_n10_g0_s42_hotspots_p80_chr1	10	10	3042	724	780	0	0.154467001542637	0.020172466416091467	0.1111111111111111	0.14086169004440308	12.025012969970703	0.04401528690866839
cov10_n10_g0_s42_hotspots_p80_chr1	10	10	3043	142	173	1	0.20483564510621202	0.08079409164484075	0.1111111111111111	0.18968403339385986	11.661369323730469	0.04298494247582762
cov10_n10_g0_s42_hotspots_p80_chr1	10	10	3044	28	28	1	0.35355339730403285		0.05263157894736842	0.125	80.00000762939453	0.03307189138830739
cov10_n10_g0_s42_hotspots_p80_chr1	10	10	3046	26	26	1	0.3557840468072405	0.042524325556256196	0.05263157894736842	0.1265822798013687	78.99999237060547	0.03304197560526208
cov10_n10_g0_s42_hotspots_p80_chr1	10	10	3049	26	54	1	0.11180340078742318	-3.876539810414699e-09	0.05263157894736842	0.125	8.0	0.05000000000000012
cov10_n10_g0_s42_hotspots_p80_chr1	10	10	3050	184	184	1	0.37350746678777	0.24824851378830753	0.25	0.2748948335647583	18.461429595947266	0.03521150620631491
cov10_n10_g0_s42_hotspots_p80_chr1	10	10	3051	22	22	1	0.18257417570343107	0.12434118282549807	0.1111111111111111	0.3333333432674408	2.999999761581421	0.06770032168941854
cov10_n10_g0_s42_hotspots_p80_chr1	10	10	3061	44	75	1	0.36514835140686214	0.3232870753462959	0.17647058823529413	0.6666666865348816	2.999999761581421	0.061237245191812416
cov10_n10_g0_s42_hotspots_p80_chr1	10	10	3062	130	220	1	0.10556054732231535	-0.014823868628003231	0.1111111111111111	0.1112351194024086	9.005741119384766	0.04857896364461334
cov10_n10_g0_s42_hotspots_p80_chr1	10	10	3063	14	136	1	0.4511295651488222	0.30257058096841627	0.1111111111111111	0.2207096517086029	41.77918243408203	0.03158192413696375
cov10_n10_g0_s42_hotspots_p80_chr1	10	10	3064	123	252	1	0.36514584944909556	0.3230772514174481	0.1111111111111111	0.664442777633667	3.020073652267456	0.06105624279111482
cov10_n10_g0_s42_hotspots_p80_chr1	10	10	3065	184	326	1	0.4053519485350844	0.34272139602420787	0.25	0.5218740105628967	6.032998561859131	0.04491384050597201
cov10_n10_g0_s42_hotspots_p80_chr1	10	10	3066	253	315	0	0.38232679423724775	0.3173766666913988	0.17647058823529413	0.4937598407268524	5.995672225952148	0.045830529310308614
cov10_n10_g0_s42_hotspots_p80_chr1	10	10	3067	122	354	1	0.316227766014838	0.26013295378253354	0.17647058823529413	0.4999997317790985	4.000004291534424	0.055901675447119714
cov10_n10_g0_s42_hotspots_p80_chr1	10	10	3068	252	582	0	0.14057579196304437	0.051518542962716705	0.17647058823529413	0.18669013679027557	5.669937610626221	0.05466154504308405
cov10_n10_g0_s42_hotspots_p80_chr1	10	10	3069	282	333	0	0.24505384992430865	0.1793141311982989	0.1111111111111111	0.3741001486778259	4.290890216827393	0.05681459480197234
cov10_n10_g0_s42_hotspots_p80_chr1	10	10	3070	435	439	0	0.37233364815770353	0.3229424018213377	0.1111111111111111	0.599622368812561	3.855750799179077	0.05470699060877103
cov10_n10_g0_s42_hotspots_p80_chr1	10	10	3071	176	230	1	0.37638201439112295	0.25477874577786097	0.17647058823529413	0.2835248112678528	17.622827529907227	0.03536234224519307
cov10_n10_g0_s42_hotspots_p80_chr1	10	10	3072	650	775	0	0.47080453585846793	0.4091139608253735	0.25	0.5574384927749634	7.133249759674072	0.04010936025237133
cov10_n10_g0_s42_hotspots_p80_chr1	10	10	3076	25	90	1	0.4352719772492832	0.3477988854301453	0.25	0.4050261080265045	11.54929256439209	0.03632839345123095
cov10_n10_g0_s42_hotspots_p80_chr1	10	10	3077	51	468	1	0.25230745729577725	0.0950751879117936	0.1111111111111111	0.1801818311214447	19.60822105407715	0.03790821956240416
cov10_n10_g0_s42_hotspots_p80_chr1	10	10	3079	26	56	1	0.3541705173415724	0.12456995896977004	0.1111111111111111	0.15512624382972717	52.125980377197266	0.03319620494186756
cov10_n10_g0_s42_hotspots_p80_chr1	10	10	3082	136	395	1	0.34271868540369094	0.20848759824284221	0.1111111111111111	0.24837972223758698	19.03896141052246	0.03585525150287987
cov10_n10_g0_s42_hotspots_p80_chr1	10	10	3083	681	886	0	0.35803454519408207	0.22915332752009085	0.25	0.26305916905403137	18.524354934692383	0.03559690189421232
cov10_n10_g0_s42_hotspots_p80_chr1	10	10	3084	291	346	0	0.3886030580676353	0.3051432892847142	0.17647058823529413	0.404263973236084	9.240219116210938	0.039901399043011376
cov10_n10_g0_s42_hotspots_p80_chr1	10	10	3087	1040	1073	0	0.44138177946126533	0.2905332663907862	0.3333333333333333	0.22361236810684204	38.96162796020508	0.031808765087861755
cov10_n10_g0_s42_hotspots_p80_chr1	10	10	3088	1998	2219	0	0.515168172585507	0.409965434563426	0.3333333333333333	0.32853108644485474	24.589242935180664	0.0306108585792214
cov10_n10_g0_s42_hotspots_p80_chr1	10	10	3089	827	916	0	0.4200249078096875	0.3357394092260176	0.17647058823529413	0.41375401616096497	10.305418968200684	0.03779641573295246
cov10_n10_g0_s42_hotspots_p80_chr1	10	10	3090	975	1083	0	0.18544824251052094	-0.01260107014578983	0.17647058823529413	0.1187100037932396	24.40455436706543	0.03828086336043458
cov10_n10_g0_s42_hotspots_p80_chr1	10	10	3091	232	291	0	0.3768209497733419	0.24807506624866285	0.17647058823529413	0.2686954736709595	19.667510986328125	0.03484002377994332
cov10_n10_g0_s42_hotspots_p80_chr1	10	10	3093	20	21	1	0.16467739273825202	-0.2899206108010913	0.05263157894736842	0.06779661029577255	59.0	0.03594958806202772
cov10_n10_g0_s42_hotspots_p80_chr1	10	10	3095	212	212	0	0.42598807912735787	0.34045057203893336	0.25	0.41041144728660583	10.773477554321289	0.03720521512421819
cov10_n10_g0_s42_hotspots_p80_chr1	10	10	3096	661	710	0	0.4190428982264134	0.3180335765985551	0.17647058823529413	0.35054540634155273	14.289871215820312	0.03533244714221338
cov10_n10_g0_s42_hotspots_p80_chr1	10	10	3097	1106	1347	0	0.4254077304645062	0.2696809334820847	0.25	0.22110439836978912	37.01826477050781	0.03217001990992135
cov10_n10_g0_s42_hotspots_p80_chr1	10	10	3098	1054	1260	0	0.32926924990099865	0.20807512900541414	0.17647058823529413	0.2671055793762207	15.196248054504395	0.0374807625084799
cov10_n10_g0_s42_hotspots_p80_chr1	10	10	3099	1089	1254	0	0.46732523176010426	0.3516698484390772	0.17647058823529413	0.307820588350296	23.048526763916016	0.03198097264637686
cov10_n10_g0_s42_hotspots_p80_chr1	10	10	3100	832	1215	0	0.43294815797768493	0.29742408105465873	0.17647058823529413	0.26026007533073425	27.67302894592285	0.03241994987905612
cov10_n10_g0_s42_hotspots_p80_chr1	10	10	3101	1475	1554	0	0.5100887724405045	0.4134949996907169	0.25	0.369841992855072	19.022127151489258	0.03134524666881556
cov10_n10_g0_s42_hotspots_p80_chr1	10	10	3102	1526	1648	0	0.259760543002302	0.04111728604343072	0.1111111111111111	0.14080287516117096	34.0348014831543	0.035570548382898
cov10_n10_g0_s42_hotspots_p80_chr1	10	10	3103	1527	1616	0	0.5381848718288337	0.45153632293954366	0.3333333333333333	0.41019541025161743	17.2139835357666	0.030832862019863464
cov10_n10_g0_s42_hotspots_p80_chr1	10	10	3104	1562	1744	0	0.36679220813645097	0.21448892249920745	0.17647058823529413	0.22673803567886353	26.16925811767578	0.03407072932501022
cov10_n10_g0_s42_hotspots_p80_chr1	10	10	3105	1515	1581	0	0.48754252706170276	0.36891730842023773	0.17647058823529413	0.2905914783477783	28.14876365661621	0.03110611798317986
cov10_n10_g0_s42_hotspots_p80_chr1	10	10	3106	795	1610	0	0.388241805922269	0.17573985289290026	0.17647058823529413	0.15886326134204865	59.72520065307617	0.032590393382543686
cov10_n10_g0_s42_hotspots_p80_chr1	10	10	3107	778	1390	0	0.4749854651415045	0.33918007153118535	0.25	0.2226433902978897	45.51359176635742	0.031113257485171682
cov10_n10_g0_s42_hotspots_p80_chr1	10	10	3108	792	1499	0	0.5050694435067279	0.392644208932789	0.25	0.3031052350997925	27.766128540039062	0.03069895308392239
cov10_n10_g0_s42_hotspots_p80_chr1	10	10	3109	574	1071	0	0.4435086275170967	0.3319455438278659	0.1111111111111111	0.3214995861053467	19.030195236206055	0.033212976992079875
cov10_n10_g0_s42_hotspots_p80_chr1	10	10	3110	5	17	1	0.19069252181239205	0.0685962060761977	0.1111111111111111	0.1818181872367859	11.0	0.043952454265993195
cov10_n10_g0_s42_hotspots_p80_chr1	10	10	3111	106	162	1	0.3663701783114317	0.2608741861578281	0.17647058823529413	0.3196232318878174	13.139039039611816	0.03744736724525144
cov10_n10_g0_s42_hotspots_p80_chr1	10	10	3112	466	515	0	0.3789112150290509	0.17216921492442624	0.17647058823529413	0.16829824447631836	50.689239501953125	0.03280022995200213
cov10_n10_g0_s42_hotspots_p80_chr1	10	10	3113	561	770	0	0.3463642721786267	0.08900798137089042	0.05263157894736842	0.14253181219100952	59.05309295654297	0.03324672033104422
cov10_n10_g0_s42_hotspots_p80_chr1	10	10	3114	57	150	1	0.37739261513322253	0.23918884495298356	0.05263157894736842	0.25113528966903687	22.58246421813965	0.03428831606044789
cov10_n10_g0_s42_hotspots_p80_chr1	10	10	3115	7	20	1	0.40000001654014866	0.31428571158065144	0.25	0.3999999761581421	10.000000953674316	0.03872983230783526
cov10_n10_g0_s42_hotspots_p80_chr1	10	10	3116	121	295	1	0.5687525369237402	0.4972590175131259	0.3333333333333333	0.49421900510787964	13.243653297424316	0.03095643277900613
cov10_n10_g0_s42_hotspots_p80_chr1	10	10	3117	44	160	1	0.47082417603810767	0.3664504088253973	0.25	0.3450307250022888	18.620952606201172	0.03253782327915527
cov10_n10_g0_s42_hotspots_p80_chr1	10	10	3118	20	115	1	0.44721358753496415	0.37796445876893253	0.25	0.4999999403953552	8.000001907348633	0.03952846792481292
cov10_n10_g0_s42_hotspots_p80_chr1	10	10	3119	99	241	1	0.27773792650725665	0.14783372403371686	0.05263157894736842	0.22677993774414062	14.998956680297852	0.03894151315029662
cov10_n10_g0_s42_hotspots_p80_chr1	10	10	3120	662	1395	0	0.3464320506144027	0.24531693326659362	0.25	0.3229036331176758	11.510396003723145	0.03909879501031936
cov10_n10_g0_s42_hotspots_p80_chr1	10	10	3121	825	1803	0	0.45620171154206146	0.35467804072328923	0.17647058823529413	0.3549287021160126	16.52082061767578	0.033455930371968264
cov10_n10_g0_s42_hotspots_p80_chr1	10	10	3122	2	7	1	0.22360680157584636	0.1815682598006398	0.1111111111111111	0.5	2.0	0.07905694150420949
cov10_n10_g0_s42_hotspots_p80_chr1	10	10	3124	8	77	1	0.2667279327476012	0.14598882735022087	0.1111111111111111	0.2354615479707718	12.832077026367188	0.040440913346378185
cov10_n10_g0_s42_hotspots_p80_chr1	10	10	3126	4	6	1	0.2828427083202641	0.2314550249431365	0.17647058823529413	0.5	3.200000047683716	0.0625
cov10_n10_g0_s42_hotspots_p80_chr1	10	10	3128	6	166	1	0.4281744317047231	0.375823013903784	0.25	0.6111111044883728	4.909090995788574	0.04762896772773183
cov10_n10_g0_s42_hotspots_p80_chr1	10	10	3130	654	1166	0	0.08784147083479042	0.016788109031390053	0.25	0.15151125192642212	3.361316204071045	0.06774956161873916
cov10_n10_g0_s42_hotspots_p80_chr1	10	10	3131	7	30	1	0.12909944228558345	-0.3026137663344014	0.0	0.0555555522441864	54.0000114440918	0.03664140502779396
cov10_n10_g0_s42_hotspots_p80_chr1	10	10	3132	124	256	1	0.30641330073899553	0.21380901637377886	0.17647058823529413	0.3249991536140442	8.888957023620605	0.042938809167890675
cov10_n10_g0_s42_hotspots_p80_chr1	10	10	3133	342	709	0	0.43169582314985877	0.31972580981485815	0.17647058823529413	0.31930139660835266	18.279067993164062	0.033698498465935894
cov10_n10_g0_s42_hotspots_p80_chr1	10	10	3134	845	2155	0	0.5034336368393758	0.38319148828123184	0.25	0.25657394528388977	38.499874114990234	0.030549001469874607
cov10_n10_g0_s42_hotspots_p80_chr1	10	10	3135	981	1798	0	0.5523177079967677	0.45715416480396565	0.25	0.3483095169067383	25.144746780395508	0.029603175314350028
cov10_n10_g0_s42_hotspots_p80_chr1	10	10	3136	1100	2071	0	0.5542876085250857	0.463630230745435	0.42857142857142855	0.3768693804740906	21.631601333618164	0.02976045870897328
cov10_n10_g0_s42_hotspots_p80_chr1	10	10	3137	595	1119	0	0.4941794161898778	0.39654553595607794	0.3333333333333333	0.36871540546417236	17.96332550048828	0.032001151332579775
cov10_n10_g0_s42_hotspots_p80_chr1	10	10	3138	659	1305	0	0.3839444527782813	0.2192668343752796	0.25	0.21196992695331573	32.80864334106445	0.03318241026912374
cov10_n10_g0_s42_hotspots_p80_chr1	10	10	3139	384	565	0	0.4319505577549359	0.34534365214338597	0.25	0.40772247314453125	11.22376823425293	0.03666608394252983
cov10_n10_g0_s42_hotspots_p80_chr1	10	10	3142	12	24	1	0.08687445366195572	-0.36968590042027843	0.0	0.03773584961891174	53.0	0.037302941433422436
cov10_n10_g0_s42_hotspots_p80_chr1	10	10	3145	572	917	0	0.5444988337179972	0.4595944361132716	0.3333333333333333	0.41753914952278137	17.005891799926758	0.030678842473741075
cov10_n10_g0_s42_hotspots_p80_chr1	10	10	3146	1176	1880	0	0.5501651430663709	0.467569265156637	0.3333333333333333	0.4287772476673126	16.463516235351562	0.030615541648572987
cov10_n10_g0_s42_hotspots_p80_chr1	10	10	3147	383	655	0	0.3651483812221806	0.0975900072943711	0.05263157894736842	0.13333331048488617	75.00003051757812	0.0329140294302212
cov10_n10_g0_s42_hotspots_p80_chr1	10	10	3148	850	1307	0	0.36514837344412127	0.09759000728174018	0.05263157894736842	0.1333332657814026	75.00006866455078	0.03291402943027287
cov10_n10_g0_s42_hotspots_p80_chr1	10	10	3149	1057	1439	0	0.3650961682032371	0.09744462684953159	0.05263157894736842	0.1329660713672638	75.39332580566406	0.03291476855659865
cov10_n10_g0_s42_hotspots_p80_chr1	10	10	3150	1047	1609	0	0.3651483714996058	0.09759000727708876	0.05263157894736842	0.1333332657814026	75.00007629394531	0.03291402943029191
cov10_n10_g0_s42_hotspots_p80_chr1	10	10	3151	302	391	0	0.3651483775597865	0.09759000721780703	0.05263157894736842	0.13333317637443542	75.00017547607422	0.032914029430534904
cov10_n10_g0_s42_hotspots_p80_chr1	10	10	3152	632	993	0	0.3651483833933348	0.09759000724814108	0.05263157894736842	0.1333332061767578	75.00012969970703	0.03291402943041082
cov10_n10_g0_s42_hotspots_p80_chr1	10	10	3153	900	1364	0	0.3651483758419037	0.0975900070949443	0.05263157894736842	0.13333305716514587	75.00031280517578	0.03291402943104035
cov10_n10_g0_s42_hotspots_p80_chr1	10	10	3154	1230	1521	0	0.36514837308602527	0.09759000536259418	0.05263157894736842	0.13333247601985931	75.00096130371094	0.03291402943815414
cov10_n10_g0_s42_hotspots_p80_chr1	10	10	3155	957	1113	0	0.36037496362336896	0.07460470964036892	0.05263157894736842	0.1298699826002121	77.00016021728516	0.0329797261613252
cov10_n10_g0_s42_hotspots_p80_chr1	10	10	3156	733	772	0	0.35805745042299164	0.060522753260862226	0.05263157894736842	0.1282050609588623	78.00007629394531	0.03301126458870097
cov10_n10_g0_s42_hotspots_p80_chr1	10	10	3157	493	695	0	0.3334614614602378	0.17418182044285982	0.17647058823529413	0.20978446304798126	25.2664737701416	0.034932300141758195
cov10_n10_g0_s42_hotspots_p80_chr1	10	10	3158	306	595	0	0.36795769587867594	0.2714037861700343	0.25	0.3468151092529297	11.2564058303833	0.03864506279322171
cov10_n10_g0_s42_hotspots_p80_chr1	10	10	3159	156	235	1	0.5066914706139037	0.40748914095277594	0.3333333333333333	0.35930007696151733	19.88715362548828	0.03130968377902683
cov10_n10_g0_s42_hotspots_p80_chr1	10	10	3160	690	1416	0	0.5517970067714173	0.46589449464183064	0.42857142857142855	0.4080978035926819	18.282272338867188	0.03022379814956918
cov10_n10_g0_s42_hotspots_p80_chr1	10	10	3161	369	839	0	0.35486551493614094	0.19755300370016923	0.25	0.21755020320415497	26.607778549194336	0.03429157240512537
cov10_n10_g0_s42_hotspots_p80_chr1	10	10	3162	1664	2540	0	0.5732863670090302	0.4931133038000262	0.3333333333333333	0.4314797818660736	17.653152465820312	0.02965449871249747
cov10_n10_g0_s42_hotspots_p80_chr1	10	10	3163	507	759	0	0.42643159499243066	0.347753085833526	0.42857142857142855	0.44172489643096924	9.319552421569824	0.038561044604813174
cov10_n10_g0_s42_hotspots_p80_chr1	10	10	3166	6	12	1	0.08770580526491924	-0.3565929832876472	0.0	0.03846153989434242	51.99999237060547	0.03733939988214606
cov10_n10_g0_s42_hotspots_p80_chr1	10	10	3169	10	13	1	0.08770580526491924	-0.3565929832876472	0.0	0.03846153989434242	51.99999237060547	0.03733939988214606
cov10_n10_g0_s42_hotspots_p80_chr1	10	10	3170	207	384	0	0.5541716258926915	0.49686388455953756	0.42857142857142855	0.6055083870887756	8.376222610473633	0.03505065639365427
cov10_n10_g0_s42_hotspots_p80_chr1	10	10	3171	4	22	1	0.08770580433556605	-0.3565929832876476	0.0	0.03846154361963272	51.9999885559082	0.03733940038098786
cov10_n10_g0_s42_hotspots_p80_chr1	10	10	3172	52	52	1	0.515061960164754	0.4190716364101618	0.25	0.3710632622241974	19.267396926879883	0.03116257767175218
cov10_n10_g0_s42_hotspots_p80_chr1	10	10	3173	5	20	1	0.08770580526491924	-0.3565929832876472	0.0	0.03846153989434242	51.99999237060547	0.03733939988214606
cov10_n10_g0_s42_hotspots_p80_chr1	10	10	3174	1103	1706	0	0.5137997622335667	0.41833663256355946	0.3333333333333333	0.37390774488449097	18.882474899291992	0.031260521909699274
cov10_n10_g0_s42_hotspots_p80_chr1	10	10	3175	1636	2517	0	0.5227476414409205	0.4224530347849567	0.25	0.3470913767814636	22.682788848876953	0.0305507788687264
cov10_n10_g0_s42_hotspots_p80_chr1	10	10	3176	96	175	1	0.5344209464669201	0.43371345673114003	0.25	0.2550141513347626	43.91757583618164	0.029951439501120523
cov10_n10_g0_s42_hotspots_p80_chr1	10	10	3178	473	1485	0	0.44790253118260936	0.393497794915844	0.3333333333333333	0.6039994955062866	5.499129772186279	0.04486745378517818
cov10_n10_g0_s42_hotspots_p80_chr1	10	10	3179	597	2356	0	0.3148608509824838	0.28548416471642246	0.05263157894736842	0.7784410119056702	1.6360095739364624	0.08333330566326501
cov10_n10_g0_s42_hotspots_p80_chr1	10	10	3180	24	145	1	0.08451542140781822	-0.4123930494211612	0.0	0.0357142873108387	55.99999237060547	0.037201190671725844
cov10_n10_g0_s42_hotspots_p80_chr1	10	10	3182	3	6	1	0.22360680157584636	0.18156825980063976	0.1111111111111111	0.5	2.0	0.07905694150420949
cov10_n10_g0_s42_hotspots_p80_chr1	10	10	3185	571	1658	0	0.436442380756766	0.36186834713408234	0.42857142857142855	0.4661793112754822	8.764917373657227	0.038867619033658755
cov10_n10_g0_s42_hotspots_p80_chr1	10	10	3186	725	2104	0	0.5694969486084618	0.4946276968999037	0.3333333333333333	0.4703233242034912	14.661880493164062	0.03044244703897321
cov10_n10_g0_s42_hotspots_p80_chr1	10	10	3187	67	567	1	0.32397945783275967	0.25977999253192213	0.17647058823529413	0.45625796914100647	5.042129039764404	0.05087697249120198
cov10_n10_g0_s42_hotspots_p80_chr1	10	10	3188	2	11	1	0.22360680157584636	0.18156825980063976	0.1111111111111111	0.5	2.0	0.07905694150420949
cov10_n10_g0_s42_hotspots_p80_chr1	10	10	3194	125	663	1	0.34696859992429663	0.3125354291036029	0.1111111111111111	0.739210307598114	2.2031517028808594	0.07124369693790071
cov10_n10_g0_s42_hotspots_p80_chr1	10	10	3195	758	1560	0	0.42412356938071843	0.3049113327531248	0.1111111111111111	0.2988211214542389	20.14476776123047	0.03351799122028216
cov10_n10_g0_s42_hotspots_p80_chr1	10	10	3196	689	1288	0	0.6250233435212134	0.5750280899580159	0.3333333333333333	0.6623886227607727	8.903621673583984	0.031590369646929226
cov10_n10_g0_s42_hotspots_p80_chr1	10	10	3197	45	125	1	0.43362349405388245	0.3291043509711256	0.17647058823529413	0.342191219329834	16.05786895751953	0.03424845305605107
cov10_n10_g0_s42_hotspots_p80_chr1	10	10	3198	366	745	0	0.3827394295755057	0.2189695337026698	0.1111111111111111	0.21309782564640045	32.25881576538086	0.033237726371691784
cov10_n10_g0_s42_hotspots_p80_chr1	10	10	3199	363	880	0	0.3731112034948529	0.18363740649002858	0.1111111111111111	0.18416684865951538	41.04438018798828	0.03307765537990699
cov10_n10_g0_s42_hotspots_p80_chr1	10	10	3200	8	16	1	0.2420888208704482	-0.0032546286841577403	0.05263157894736842	0.12387387454509735	38.19354248046875	0.03560331058632203
cov10_n10_g0_s42_hotspots_p80_chr1	10	10	3201	23	110	1	0.2787806152277492	0.20836316198961505	0.05263157894736842	0.38571375608444214	5.223900318145752	0.05175484248455895
cov10_n10_g0_s42_hotspots_p80_chr1	10	10	3202	152	421	1	0.4468974044166327	0.31654574547553693	0.17647058823529413	0.2703510820865631	27.324951171875	0.03211821342378799
cov10_n10_g0_s42_hotspots_p80_chr1	10	10	3203	34	34	1	0.44145638223619094	0.30533303201639006	0.17647058823529413	0.2575299143791199	29.384628295898438	0.032118027008006304
cov10_n10_g0_s42_hotspots_p80_chr1	10	10	3204	144	336	1	0.45174592690360327	0.34602042344025435	0.17647058823529413	0.3402968943119049	17.622699737548828	0.03329519616949987
cov10_n10_g0_s42_hotspots_p80_chr1	10	10	3205	6	6	1	0.2599376174460798	0.028427400288926305	0.05263157894736842	0.13513512909412384	37.000003814697266	0.035355338845745383
cov10_n10_g0_s42_hotspots_p80_chr1	10	10	3207	268	610	0	0.41955786764658687	0.2618878583441165	0.17647058823529413	0.21934564411640167	36.586910247802734	0.03229997085948472
cov10_n10_g0_s42_hotspots_p80_chr1	10	10	3208	136	463	1	0.3445027823880585	0.1370455684210528	0.1111111111111111	0.16812439262866974	41.987876892089844	0.033576687580642015
cov10_n10_g0_s42_hotspots_p80_chr1	10	10	3209	8	10	1	0.42258667020097684	0.2678300813168606	0.17647058823529413	0.22372370958328247	35.67857360839844	0.03226516755697741
cov10_n10_g0_s42_hotspots_p80_chr1	10	10	3210	15	15	1	0.2599376174460798	0.028427400288926305	0.05263157894736842	0.13513512909412384	37.000003814697266	0.035355338845745383
cov10_n10_g0_s42_hotspots_p80_chr1	10	10	3211	9	18	1	0.3847888737749852	0.2053984204045756	0.17647058823529413	0.19419421255588531	39.26200485229492	0.03290727033291573
cov10_n10_g0_s42_hotspots_p80_chr1	10	10	3212	34	61	1	0.3228229115085503	0.10472296413792923	0.05263157894736842	0.15827372670173645	41.60169982910156	0.033982115838131086
cov10_n10_g0_s42_hotspots_p80_chr1	10	10	3213	79	267	1	0.42699121637954196	0.33521656741601635	0.17647058823529413	0.3854340612888336	12.272629737854004	0.03612397219937836
cov10_n10_g0_s42_hotspots_p80_chr1	10	10	3214	7	21	1	0.2599376117996235	0.02842740028892647	0.05263157894736842	0.13513514399528503	37.0	0.03535533917501763
cov10_n10_g0_s42_hotspots_p80_chr1	10	10	3215	197	365	1	0.4404399716686886	0.2968779528947187	0.17647058823529413	0.2408537119626999	33.44003677368164	0.03196355976134742
cov10_n10_g0_s42_hotspots_p80_chr1	10	10	3216	102	309	1	0.42331509127778744	0.2681209925296629	0.17647058823529413	0.22273123264312744	36.121456146240234	0.03223703833235236
cov10_n10_g0_s42_hotspots_p80_chr1	10	10	3217	169	443	1	0.2662710176382825	-0.01757468191128087	0.05263157894736842	0.12036901712417603	48.93486022949219	0.03470618234799771
cov10_n10_g0_s42_hotspots_p80_chr1	10	10	3218	248	541	0	0.37331752270295504	0.16958151244901534	0.1111111111111111	0.17159214615821838	47.33277130126953	0.03294096644079166
cov10_n10_g0_s42_hotspots_p80_chr1	10	10	3219	158	234	1	0.3409408290492306	0.09283920615451295	0.1111111111111111	0.14596837759017944	54.55574035644531	0.033379671971527206
cov10_n10_g0_s42_hotspots_p80_chr1	10	10	3220	200	405	0	0.37273561028358204	0.19216670438084416	0.1111111111111111	0.19300372898578644	37.296695709228516	0.033206038866879485
cov10_n10_g0_s42_hotspots_p80_chr1	10	10	3221	320	480	0	0.4428635618751928	0.30917529714674263	0.17647058823529413	0.2629745304584503	28.360410690307617	0.03214527798019146
cov10_n10_g0_s42_hotspots_p80_chr1	10	10	3222	44	85	1	0.46942832729838685	0.39217411902972066	0.25	0.46162712574005127	10.340841293334961	0.0361210631835061
cov10_n10_g0_s42_hotspots_p80_chr1	10	10	3223	259	936	0	0.5072834315105046	0.39115133327245083	0.25	0.28138667345046997	32.500816345214844	0.030514570296126736
cov10_n10_g0_s42_hotspots_p80_chr1	10	10	3224	6	9	1	0.3434604746880198	0.22544502881650905	0.17647058823529413	0.279720276594162	15.076678276062012	0.0371455842815194
cov10_n10_g0_s42_hotspots_p80_chr1	10	10	3225	874	2314	0	0.6191759845070781	0.5864860618123122	0.6666666666666666	0.8822786211967468	4.925118446350098	0.03977830335753775
cov10_n10_g0_s42_hotspots_p80_chr1	10	10	3226	164	561	1	0.5143218471987734	0.43321868192992646	0.25	0.4450777471065521	13.353593826293945	0.03276252772510058
cov10_n10_g0_s42_hotspots_p80_chr1	10	10	3227	257	784	0	0.48082597771527547	0.377832929654416	0.17647058823529413	0.3492603302001953	18.95296859741211	0.032192800631784924
cov10_n10_g0_s42_hotspots_p80_chr1	10	10	3228	168	612	1	0.5145322426222393	0.415062564295108	0.25	0.3552616834640503	20.97627830505371	0.030947650230556758
cov10_n10_g0_s42_hotspots_p80_chr1	10	10	3230	181	583	1	0.37672335238932464	0.30818405046781844	0.25	0.4695737063884735	6.436319828033447	0.044924038767179375
cov10_n10_g0_s42_hotspots_p80_chr1	10	10	3231	194	802	1	0.44583410609179824	0.3391414077733603	0.17647058823529413	0.33673399686813354	17.52962875366211	0.033484974226276484
cov10_n10_g0_s42_hotspots_p80_chr1	10	10	3232	43	274	1	0.3287259283542345	0.16862948670984212	0.1111111111111111	0.20746321976184845	25.106475830078125	0.035060255036822446
cov10_n10_g0_s42_hotspots_p80_chr1	10	10	3233	153	328	1	0.5172659354236883	0.40711002797160406	0.25	0.30110135674476624	29.512248992919922	0.030344679127727692
cov10_n10_g0_s42_hotspots_p80_chr1	10	10	3234	15	61	1	0.2909812440907304	0.18833075651478431	0.17647058823529413	0.28759756684303284	10.236692428588867	0.04185813647298559
cov10_n10_g0_s42_hotspots_p80_chr1	10	10	3236	37	172	1	0.3838713854563869	0.2731955131146308	0.1111111111111111	0.3120920658111572	15.128851890563965	0.036000078911784465
cov10_n10_g0_s42_hotspots_p80_chr1	10	10	3239	27	74	1	0.34147032624373036	0.2618126531135267	0.17647058823529413	0.39393940567970276	7.513583660125732	0.04391816368015473
cov10_n10_g0_s42_hotspots_p80_chr1	10	10	3240	2	29	1	0.22360680157584636	0.18156825980063976	0.1111111111111111	0.5	2.0	0.07905694150420949
cov10_n10_g0_s42_hotspots_p80_chr1	10	10	3241	119	456	1	0.4926031802368252	0.4284656100554172	0.17647058823529413	0.5462247729301453	8.133015632629395	0.037701238010778314
cov10_n10_g0_s42_hotspots_p80_chr1	10	10	3242	28	128	1	0.32831136888553364	0.2600265157268041	0.3333333333333333	0.43754228949546814	5.630303859710693	0.04874703444254491
cov10_n10_g0_s42_hotspots_p80_chr1	10	10	3243	121	152	1	0.35334294830042795	0.2583090882266645	0.17647058823529413	0.34466516971588135	10.509886741638184	0.039720187994147935
cov10_n10_g0_s42_hotspots_p80_chr1	10	10	3244	198	268	1	0.36307550714223885	0.26466428712967077	0.3333333333333333	0.3387775123119354	11.485891342163086	0.03861797317180952
cov10_n10_g0_s42_hotspots_p80_chr1	10	10	3245	469	876	0	0.5029197282589717	0.4166949151998003	0.3333333333333333	0.4193496108055115	14.382845878601074	0.03272180803894656
cov10_n10_g0_s42_hotspots_p80_chr1	10	10	3246	629	1633	0	0.53276314208954	0.43628929741048406	0.17647058823529413	0.36009907722473145	21.8889217376709	0.030344975029328765
cov10_n10_g0_s42_hotspots_p80_chr1	10	10	3247	330	624	0	0.5536997016758951	0.476996118000733	0.25	0.4639892280101776	14.24074935913086	0.031109319188673178
cov10_n10_g0_s42_hotspots_p80_chr1	10	10	3248	97	179	1	0.4282019045509493	0.3184547045004639	0.17647058823529413	0.3253014087677002	17.327077865600586	0.034031759933613445
cov10_n10_g0_s42_hotspots_p80_chr1	10	10	3249	5	10	1	0.2760262235630495	0.11811580440044489	0.05263157894736842	0.190476194024086	21.0	0.03700064367483663
cov10_n10_g0_s42_hotspots_p80_chr1	10	10	3250	236	331	0	0.5100134842333667	0.43106344032340616	0.25	0.45696964859962463	12.456286430358887	0.033332944528514444
cov10_n10_g0_s42_hotspots_p80_chr1	10	10	3251	42	318	1	0.49594619032887216	0.3993456276253787	0.17647058823529413	0.37279999256134033	17.697717666625977	0.032004776866856155
cov10_n10_g0_s42_hotspots_p80_chr1	10	10	3252	212	541	0	0.6235379060681641	0.5827061722835184	0.42857142857142855	0.7691568732261658	6.571975231170654	0.03505885832590613
cov10_n10_g0_s42_hotspots_p80_chr1	10	10	3253	664	1411	0	0.5125515799297996	0.4538452497380555	0.3333333333333333	0.5904678106307983	7.5349907875061035	0.03785178484742258
cov10_n10_g0_s42_hotspots_p80_chr1	10	10	3254	40	257	1	0.41957570865674815	0.3478045344690815	0.3333333333333333	0.4744322597980499	7.821179389953613	0.04076939552592631
cov10_n10_g0_s42_hotspots_p80_chr1	10	10	3255	795	2024	0	0.4076317096021921	0.2907568223510941	0.17647058823529413	0.3023088574409485	18.181684494018555	0.034376341216874856
cov10_n10_g0_s42_hotspots_p80_chr1	10	10	3256	31	93	1	0.36523780711824294	0.32328834102526494	0.17647058823529413	0.6657970547676086	3.0093157291412354	0.06114961861879303
cov10_n10_g0_s42_hotspots_p80_chr1	10	10	3261	105	489	1	0.4248028646533857	0.33424630802659805	0.3333333333333333	0.3895297646522522	11.893060684204102	0.036430876832317736
cov10_n10_g0_s42_hotspots_p80_chr1	10	10	3262	238	556	0	0.4832052201374837	0.36672660976997384	0.25	0.30052733421325684	25.852067947387695	0.03134010196621371
cov10_n10_g0_s42_hotspots_p80_chr1	10	10	3264	3	3	1	0.22360680157584636	0.18156825980063976	0.1111111111111111	0.5	2.0	0.07905694150420949
cov10_n10_g0_s42_hotspots_p80_chr1	10	10	3292	229	644	0	0.5724422790186979	0.5068313495606513	0.3333333333333333	0.536509096622467	11.38437557220459	0.03172890602024162
cov10_n10_g0_s42_hotspots_p80_chr1	10	10	3293	270	844	0	0.5400556000783837	0.4898094450586688	0.25	0.6686658263206482	6.523169994354248	0.038659820395046694
cov10_n10_g0_s42_hotspots_p80_chr1	10	10	3294	98	487	1	0.3104155885742063	0.21948573668968538	0.25	0.3328068256378174	8.699666976928711	0.043067616840928885
cov10_n10_g0_s42_hotspots_p80_chr1	10	10	3295	415	953	0	0.3999476759154901	0.2953366249190272	0.17647058823529413	0.3340561091899872	14.334001541137695	0.0358735570304883
cov10_n10_g0_s42_hotspots_p80_chr1	10	10	3296	805	1716	0	0.41229591047662856	0.2779043004517769	0.17647058823529413	0.2630941867828369	24.558143615722656	0.03318524785761616
cov10_n10_g0_s42_hotspots_p80_chr1	10	10	3297	615	1203	0	0.4457641514215739	0.35340012035342655	0.25	0.3876382112503052	13.223825454711914	0.03501668092963693
cov10_n10_g0_s42_hotspots_p80_chr1	10	10	3302	1	5	1	0.22360680157584636	0.18156825980063976	0.1111111111111111	0.5	2.0	0.07905694150420949
cov10_n10_g0_s42_hotspots_p80_chr1	10	10	3307	30	61	1	0.22360680157584636	0.18156825980064062	0.1111111111111111	0.5	2.0	0.07905694150420949
cov10_n10_g0_s42_hotspots_p80_chr1	10	10	3309	305	679	0	0.4769343487773623	0.409194636531641	0.25	0.5185353755950928	8.459806442260742	0.03783168881817315
cov10_n10_g0_s42_hotspots_p80_chr1	10	10	3310	100	139	1	0.4030876101264146	0.3123124186878651	0.17647058823529413	0.38140445947647095	11.169336318969727	0.0376247830514334
cov10_n10_g0_s42_hotspots_p80_chr1	10	10	3312	163	267	1	0.47859353142996064	0.3956046903539024	0.25	0.43411532044410706	12.154115676879883	0.03454229156724821
cov10_n10_g0_s42_hotspots_p80_chr1	10	10	3313	277	637	0	0.1003020720063371	-0.07079488594257953	0.05263157894736842	0.07865042984485626	16.263635635375977	0.042684420658036244
cov10_n10_g0_s42_hotspots_p80_chr1	10	10	3314	4	15	1	0.15811388300741896	0.08671099695241212	0.1111111111111111	0.25	4.0	0.06123724356957946
cov10_n10_g0_s42_hotspots_p80_chr1	10	10	3315	534	1639	0	0.6058519163463262	0.5326722591009616	0.42857142857142855	0.45710277557373047	17.56730842590332	0.028614541118434048
cov10_n10_g0_s42_hotspots_p80_chr1	10	10	3316	78	419	1	0.44598704219836416	0.38482436319918106	0.25	0.5518260598182678	6.53190803527832	0.042238815474910034
cov10_n10_g0_s42_hotspots_p80_chr1	10	10	3322	1	4	1	0.36514835140686214	0.3232870753462959	0.17647058823529413	0.6666666865348816	2.999999761581421	0.061237245191812416
cov10_n10_g0_s42_hotspots_p80_chr1	10	10	3323	663	1456	0	0.426440649491259	0.3660947136143224	0.25	0.5485131740570068	6.044259548187256	0.04412250257234575
cov10_n10_g0_s42_hotspots_p80_chr1	10	10	3324	863	1795	0	0.5988866115175249	0.5227111058467544	0.3333333333333333	0.43854978680610657	18.648822784423828	0.02870381763826115
cov10_n10_g0_s42_hotspots_p80_chr1	10	10	3326	3	3	1	0.22360680157584636	0.18156825980063976	0.1111111111111111	0.5	2.0	0.07905694150420949
cov10_n10_g0_s42_hotspots_p80_chr1	10	10	3327	128	371	1	0.29702891256028574	0.16564758497473575	0.17647058823529413	0.23420648276805878	16.084203720092773	0.03796898459394682
cov10_n10_g0_s42_hotspots_p80_chr1	10	10	3328	361	1189	0	0.6416393264419581	0.5805730586976674	0.3333333333333333	0.5364416837692261	14.30661678314209	0.02797530056053593
cov10_n10_g0_s42_hotspots_p80_chr1	10	10	3329	430	1081	0	0.6234483390888196	0.5694780046473646	0.3333333333333333	0.6216530799865723	10.057842254638672	0.030637864739641564
cov10_n10_g0_s42_hotspots_p80_chr1	10	10	3330	76	278	1	0.4006065311601241	0.3005695049815128	0.25	0.3483985364437103	13.221579551696777	0.036392688435709517
cov10_n10_g0_s42_hotspots_p80_chr1	10	10	3331	867	2084	0	0.39375946520826116	0.3043154029569898	0.25	0.3827490508556366	10.583608627319336	0.038395298634166256
cov10_n10_g0_s42_hotspots_p80_chr1	10	10	3332	25	87	1	0.32379032856098394	0.23457835480671668	0.17647058823529413	0.34696924686431885	8.708548545837402	0.042637403379329746
cov10_n10_g0_s42_hotspots_p80_chr1	10	10	3333	79	326	1	0.5542892983820614	0.5100315556363106	0.3333333333333333	0.7324881553649902	5.726269721984863	0.040021264576108946
cov10_n10_g0_s42_hotspots_p80_chr1	10	10	3338	3	3	1	0.18257417570343107	0.12434118282549807	0.1111111111111111	0.3333333432674408	2.999999761581421	0.06770032168941854
cov10_n10_g0_s42_hotspots_p80_chr1	10	10	3340	86	232	1	0.4664175038114729	0.3982501069972875	0.3333333333333333	0.512926459312439	8.268744468688965	0.038462979476187986
cov10_n10_g0_s42_hotspots_p80_chr1	10	10	3341	469	869	0	0.5854969900926288	0.5291675989583534	0.3333333333333333	0.6110273003578186	9.181807518005371	0.03292141737875148
cov10_n10_g0_s42_hotspots_p80_chr1	10	10	3343	137	468	1	0.3745898015828257	0.24359082405896873	0.1111111111111111	0.2637278437614441	20.17436408996582	0.03478905802944652
cov10_n10_g0_s42_hotspots_p80_chr1	10	10	3352	518	1344	0	0.6038751011280216	0.5641674559783524	0.3333333333333333	0.7866992950439453	5.892189979553223	0.03747938152426923
cov10_n10_g0_s42_hotspots_p80_chr1	10	10	3353	402	1033	0	0.24465475530570588	0.10111307749746996	0.1111111111111111	0.19070661067962646	16.457950592041016	0.03915028460749065
cov10_n10_g0_s42_hotspots_p80_chr1	10	10	3354	255	582	0	0.6869405361492762	0.6369436712217792	0.42857142857142855	0.6159630417823792	12.437383651733398	0.026741858576775596
cov10_n10_g0_s42_hotspots_p80_chr1	10	10	3355	468	961	0	0.2784249153485333	0.18615415247278505	0.17647058823529413	0.30660170316696167	8.246450424194336	0.04471352714128527
cov10_n10_g0_s42_hotspots_p80_chr1	10	10	3356	967	2198	0	0.41874305747904933	0.30503340307528953	0.25	0.3126135766506195	17.94236183166504	0.03413416692467693
cov10_n10_g0_s42_hotspots_p80_chr1	10	10	3357	711	1782	0	0.6321620914790558	0.5837444129871219	0.3333333333333333	0.6768359541893005	8.723484992980957	0.031477352039628904
cov10_n10_g0_s42_hotspots_p80_chr1	10	10	3358	122	227	1	0.4917105264389188	0.4290934018246321	0.25	0.5567330121994019	7.800548076629639	0.038218046507975764
cov10_n10_g0_s42_hotspots_p80_chr1	10	10	3359	996	2062	0	0.6516606140450437	0.5954325236141991	0.3333333333333333	0.5790870189666748	12.663545608520508	0.02809569126906159
cov10_n10_g0_s42_hotspots_p80_chr1	10	10	3360	74	192	1	0.5193319701926105	0.4941890547966019	0.3333333333333333	0.9999377727508545	2.697392463684082	0.05817439850169443
cov10_n10_g0_s42_hotspots_p80_chr1	10	10	3361	283	558	0	0.6783501975409604	0.6389230237797775	0.3333333333333333	0.765292227268219	7.856935977935791	0.030458500506195068
cov10_n10_g0_s42_hotspots_p80_chr1	10	10	3362	503	1625	0	0.659797630085943	0.6070703877253385	0.3333333333333333	0.6114275455474854	11.64478588104248	0.02819349157270496
cov10_n10_g0_s42_hotspots_p80_chr1	10	10	3364	151	259	1	0.3683246292395297	0.2552496861369978	0.25	0.3006998300552368	15.003589630126953	0.0364881403099889
cov10_n10_g0_s42_hotspots_p80_chr1	10	10	3366	726	1671	0	0.6630074127829486	0.6228036771760932	0.42857142857142855	0.7632445096969604	7.545870780944824	0.03159784428811103
cov10_n10_g0_s42_hotspots_p80_chr1	10	10	3367	579	1575	0	0.5096842561217919	0.4283003995533376	0.17647058823529413	0.44378775358200073	13.190214157104492	0.03298791949950097
cov10_n10_g0_s42_hotspots_p80_chr1	10	10	3368	29	80	1	0.2052234358461204	0.013854080005894907	0.0	0.1319602131843567	24.186208724975586	0.03790676564335966
cov10_n10_g0_s42_hotspots_p80_chr1	10	10	3369	648	1046	0	0.35630890304123786	0.17705975821215228	0.1111111111111111	0.1929137110710144	34.11357116699219	0.03367697729311967
cov10_n10_g0_s42_hotspots_p80_chr1	10	10	3370	470	881	0	0.45769802161773576	0.36731018858114095	0.17647058823529413	0.39779114723205566	13.238776206970215	0.03463694966114556
cov10_n10_g0_s42_hotspots_p80_chr1	10	10	3371	13	68	1	0.44721360315169273	0.4236592728681609	0.17647058823529413	1.0	2.0	0.07071067811865477
cov10_n10_g0_s42_hotspots_p80_chr1	10	10	3372	3	31	1	0.0	-0.0746047096952992	0.05263157894736842	0.0	2.999999761581421	0.07359800890662299
cov10_n10_g0_s42_hotspots_p80_chr1	10	10	3373	102	167	1	0.5199877557196744	0.4457184966870711	0.25	0.4839276373386383	11.545838356018066	0.033508538356963956
cov10_n10_g0_s42_hotspots_p80_chr1	10	10	3374	549	835	0	0.5476144642755228	0.47304885382008033	0.3333333333333333	0.4792267680168152	13.057730674743652	0.0317682284266869
cov10_n10_g0_s42_hotspots_p80_chr1	10	10	3375	47	183	1	0.45591427529601747	0.4009252333695823	0.17647058823529413	0.6028102040290833	5.720119953155518	0.04391176723909515
cov10_n10_g0_s42_hotspots_p80_chr1	10	10	3376	55	104	1	0.19875189098228174	0.13052134529688375	0.1111111111111111	0.3112817704677582	4.076759338378906	0.059480721125367494
cov10_n10_g0_s42_hotspots_p80_chr1	10	10	3378	233	395	0	0.31985357955788857	0.22182523693517806	0.17647058823529413	0.3173820972442627	10.15634822845459	0.04107678271012452
cov10_n10_g0_s42_hotspots_p80_chr1	10	10	3379	388	1232	0	0.272309943584311	0.19647183058133164	0.17647058823529413	0.357043981552124	5.8167924880981445	0.05006336526023172
cov10_n10_g0_s42_hotspots_p80_chr1	10	10	3380	185	572	1	0.407480093418893	0.29569651924141016	0.25	0.3156319856643677	16.666746139526367	0.03479822522472452
cov10_n10_g0_s42_hotspots_p80_chr1	10	10	3381	348	1250	0	0.5276063551430099	0.4634161104767126	0.25	0.5508002042770386	9.175544738769531	0.035147068535845684
cov10_n10_g0_s42_hotspots_p80_chr1	10	10	3382	1369	3061	0	0.4962280185826242	0.41050070916176895	0.25	0.4219405949115753	13.831202507019043	0.033149691943452055
cov10_n10_g0_s42_hotspots_p80_chr1	10	10	3383	1094	2447	0	0.6618809761782668	0.610392396704838	0.42857142857142855	0.6240915656089783	11.247685432434082	0.02830390174233816
cov10_n10_g0_s42_hotspots_p80_chr1	10	10	3384	587	1906	0	0.5713615854124366	0.518497705233223	0.3333333333333333	0.644757091999054	7.852895259857178	0.035069600339280776
cov10_n10_g0_s42_hotspots_p80_chr1	10	10	3385	603	1181	0	0.3085496031048406	0.24891783296711129	0.25	0.4699600636959076	4.31050443649292	0.054543490751464384
cov10_n10_g0_s42_hotspots_p80_chr1	10	10	3386	519	1457	0	0.5356150663229472	0.4737227687775169	0.17647058823529413	0.5682812333106995	8.883393287658691	0.03516271949600948
cov10_n10_g0_s42_hotspots_p80_chr1	10	10	3387	42	355	1	0.25088908635952306	0.14309351375935078	0.17647058823529413	0.24930016696453094	10.127877235412598	0.04313892370352216
cov10_n10_g0_s42_hotspots_p80_chr1	10	10	3388	534	1122	0	0.48940008674272656	0.40333148074918024	0.3333333333333333	0.4201809763908386	13.566107749938965	0.03348076172782409
cov10_n10_g0_s42_hotspots_p80_chr1	10	10	3390	4	20	1	0.12909944402188694	0.035874800166708534	0.1111111111111111	0.1666666716337204	5.999999523162842	0.05400617352141677
cov10_n10_g0_s42_hotspots_p80_chr1	10	10	3392	90	422	1	0.45278700023325374	0.42779895601522944	0.42857142857142855	0.9750236868858337	2.156540632247925	0.0678878561122587
cov10_n10_g0_s42_hotspots_p80_chr1	10	10	3393	10	112	1	0.2390457364716478	0.1504814749664539	0.1111111111111111	0.2857142984867096	6.999999523162842	0.04818120690842866
cov10_n10_g0_s42_hotspots_p80_chr1	10	10	3394	1437	2977	0	0.48948929120985696	0.41214095060689543	0.25	0.46450862288475037	11.104496002197266	0.034848222417298874
cov10_n10_g0_s42_hotspots_p80_chr1	10	10	3395	1146	1977	0	0.5038165908026938	0.4149036297883553	0.25	0.4063311219215393	15.373926162719727	0.03236104380780114
cov10_n10_g0_s42_hotspots_p80_chr1	10	10	3396	913	1764	0	0.24521655026942402	0.08843315762484168	0.1111111111111111	0.17709174752235413	19.173568725585938	0.038199604546555084
cov10_n10_g0_s42_hotspots_p80_chr1	10	10	3399	154	278	1	0.47361526611470617	0.42458797663899794	0.17647058823529413	0.6626701354980469	5.108067512512207	0.0451711625582787
cov10_n10_g0_s42_hotspots_p80_chr1	10	10	3400	1006	1416	0	0.5566107645653477	0.461010846829761	0.3333333333333333	0.33591705560684204	27.456113815307617	0.02941902987336851
cov10_n10_g0_s42_hotspots_p80_chr1	10	10	3401	235	402	0	0.28971590362418237	0.21570470686838894	0.17647058823529413	0.37947940826416016	5.828653812408447	0.04945582893613894
cov10_n10_g0_s42_hotspots_p80_chr1	10	10	3402	586	933	0	0.3798322969931676	0.32023395220611267	0.25	0.5264239311218262	5.206101417541504	0.04832152097851679
cov10_n10_g0_s42_hotspots_p80_chr1	10	10	3403	184	365	1	0.2955860293564707	0.0786808936505485	0.05263157894736842	0.15273378789424896	37.45393753051758	0.03466855639948376
cov10_n10_g0_s42_hotspots_p80_chr1	10	10	3404	33	98	1	0.4744336827701653	0.3896121483035005	0.25	0.42482778429985046	12.471687316894531	0.034499285765026165
cov10_n10_g0_s42_hotspots_p80_chr1	10	10	3405	3	3	1	0.22360680157584636	0.1815682598006406	0.1111111111111111	0.5	2.0	0.07905694150420949
cov10_n10_g0_s42_hotspots_p80_chr1	10	10	3406	469	768	0	0.45849535426714855	0.3603867138707784	0.25	0.3674960136413574	15.565552711486816	0.03367959769171158
cov10_n10_g0_s42_hotspots_p80_chr1	10	10	3410	590	1711	0	0.49162132071735937	0.39425970211847955	0.3333333333333333	0.3701822757720947	17.63722038269043	0.03214456036787814
cov10_n10_g0_s42_hotspots_p80_chr1	10	10	3411	405	963	0	0.49910115732197935	0.4269096877862115	0.42857142857142855	0.49525022506713867	10.15611743927002	0.03525137696457254
cov10_n10_g0_s42_hotspots_p80_chr1	10	10	3412	510	1430	0	0.5336730162989826	0.4462927860577005	0.25	0.4078387916088104	17.12274742126465	0.030990742298002902
cov10_n10_g0_s42_hotspots_p80_chr1	10	10	3413	711	2103	0	0.5907457986360362	0.523570228791613	0.42857142857142855	0.5178911089897156	13.011409759521484	0.030264954951829657
cov10_n10_g0_s42_hotspots_p80_chr1	10	10	3414	40	87	1	0.4434130626761949	0.38984458203447375	0.3333333333333333	0.6087793111801147	5.3051438331604	0.045653646625408224
cov10_n10_g0_s42_hotspots_p80_chr1	10	10	3415	557	1684	0	0.5033368662609523	0.4169035439473306	0.3333333333333333	0.4183075428009033	14.478583335876465	0.032673770811442855
cov10_n10_g0_s42_hotspots_p80_chr1	10	10	3416	622	2038	0	0.5989841727816966	0.5424016642780319	0.25	0.6054713726043701	9.786861419677734	0.03183620705286234
cov10_n10_g0_s42_hotspots_p80_chr1	10	10	3417	825	1614	0	0.23986244068064488	0.13625208775961264	0.1111111111111111	0.24991396069526672	9.21177864074707	0.044521606377301494
cov10_n10_g0_s42_hotspots_p80_chr1	10	10	3418	120	348	1	0.3246595255220191	0.2215400221079172	0.25	0.30618858337402344	11.242897987365723	0.03995424167463609
cov10_n10_g0_s42_hotspots_p80_chr1	10	10	3419	240	977	0	0.5988622844494815	0.5485747802339013	0.25	0.6666879653930664	8.068796157836914	0.033652013436748694
cov10_n10_g0_s42_hotspots_p80_chr1	10	10	3420	478	752	0	0.5446744829723894	0.46847188641585397	0.25	0.4694836735725403	13.459626197814941	0.03170164146763039
cov10_n10_g0_s42_hotspots_p80_chr1	10	10	3423	25	383	1	0.2715775937370459	0.15418864335555085	0.17647058823529413	0.24430610239505768	12.357177734375	0.04062994784997191
cov10_n10_g0_s42_hotspots_p80_chr1	10	10	3424	369	867	0	0.47931294408457104	0.3819085125238581	0.25	0.37089401483535767	16.700857162475586	0.0327296443739246
cov10_n10_g0_s42_hotspots_p80_chr1	10	10	3425	742	1402	0	0.5692897546596036	0.4950142372607408	0.25	0.4745217561721802	14.393105506896973	0.030531409900206835
cov10_n10_g0_s42_hotspots_p80_chr1	10	10	3426	788	1769	0	0.5768333937715828	0.5373435922255103	0.3333333333333333	0.790545642375946	5.324109077453613	0.04026718885710079
cov10_n10_g0_s42_hotspots_p80_chr1	10	10	3429	978	1681	0	0.5852511627304706	0.5151773331719287	0.25	0.49788087606430054	13.817634582519531	0.030165195697630206
cov10_n10_g0_s42_hotspots_p80_chr1	10	10	3430	743	1575	0	0.49973443088298225	0.4041440142455703	0.17647058823529413	0.37655532360076904	17.61249542236328	0.03191136220950511
cov10_n10_g0_s42_hotspots_p80_chr1	10	10	3431	644	1141	0	0.4291055279017707	0.3098704276576268	0.17647058823529413	0.2991933822631836	20.56952476501465	0.033312335880940236
cov10_n10_g0_s42_hotspots_p80_chr1	10	10	3432	242	787	0	0.28698015858869924	0.14257420708794422	0.25	0.2109472155570984	18.507858276367188	0.03739011576350821
cov10_n10_g0_s42_hotspots_p80_chr1	10	10	3433	671	1680	0	0.4490146770245612	0.34450282739373456	0.17647058823529413	0.34412357211112976	17.025203704833984	0.03352456928057365
cov10_n10_g0_s42_hotspots_p80_chr1	10	10	3434	776	1651	0	0.4393379839822181	0.3825319794834918	0.25	0.5808717012405396	5.720540523529053	0.044530091775995165
cov10_n10_g0_s42_hotspots_p80_chr1	10	10	3435	625	1368	0	0.5627742306629018	0.5165177509745368	0.3333333333333333	0.7112367749214172	6.260948181152344	0.03831985064770423
cov10_n10_g0_s42_hotspots_p80_chr1	10	10	3436	1050	2637	0	0.651938724839641	0.5992412098845803	0.42857142857142855	0.6182367205619812	11.119977951049805	0.02878387097917844
cov10_n10_g0_s42_hotspots_p80_chr1	10	10	3437	348	850	0	0.32519637521647754	0.2511345913258543	0.25	0.40713372826576233	6.379949569702148	0.046812698282948706
cov10_n10_g0_s42_hotspots_p80_chr1	10	10	3438	379	677	0	0.4645294358165178	0.37376795433621407	0.25	0.3971973657608032	13.67772388458252	0.03421843652487302
cov10_n10_g0_s42_hotspots_p80_chr1	10	10	3439	149	401	1	0.24264047007283757	0.18345395009471857	0.1111111111111111	0.4047592580318451	3.5936264991760254	0.06096296201423226
cov10_n10_g0_s42_hotspots_p80_chr1	10	10	3440	521	1035	0	0.5505229090199592	0.4891115320079484	0.3333333333333333	0.5720259547233582	9.262308120727539	0.034197817180328396
cov10_n10_g0_s42_hotspots_p80_chr1	10	10	3441	365	1026	0	0.49236631510561957	0.42267021424602946	0.25	0.5095663070678711	9.336308479309082	0.036262143700301605
cov10_n10_g0_s42_hotspots_p80_chr1	10	10	3442	244	642	0	0.5286553891260959	0.46447844871152427	0.25	0.5509538650512695	9.206930160522461	0.035075465666585225
cov10_n10_g0_s42_hotspots_p80_chr1	10	10	3443	215	603	0	0.44889302661171543	0.3939929528264241	0.25	0.6004151105880737	5.589622497558594	0.04455613445966895
cov10_n10_g0_s42_hotspots_p80_chr1	10	10	3444	469	1976	0	0.41045765981129206	0.3081342943682242	0.25	0.344079852104187	14.230435371398926	0.03561178614550462
cov10_n10_g0_s42_hotspots_p80_chr1	10	10	3445	460	733	0	0.46246596198719575	0.3776240769497605	0.25	0.4228696823120117	11.960420608520508	0.0351843651052446
cov10_n10_g0_s42_hotspots_p80_chr1	10	10	3446	127	425	1	0.45617318562185366	0.3652183531850243	0.25	0.39519694447517395	13.323929786682129	0.03464345902653794
cov10_n10_g0_s42_hotspots_p80_chr1	10	10	3447	705	1484	0	0.5102329279524481	0.42722970393931375	0.25	0.4352356195449829	13.743206977844238	0.03273302992044612
cov10_n10_g0_s42_hotspots_p80_chr1	10	10	3448	254	691	0	0.13759662206581982	0.05481972178807813	0.3333333333333333	0.19560840725898743	4.948123931884766	0.05733401267724805
cov10_n10_g0_s42_hotspots_p80_chr1	10	10	3449	54	333	1	0.24410714652002416	0.14788624867389522	0.1111111111111111	0.2699526250362396	8.17684555053711	0.04586747495706847
cov10_n10_g0_s42_hotspots_p80_chr1	10	10	3450	29	88	1	0.3354102023622696	0.2519763153394851	0.17647058823529413	0.375	8.0	0.04330127018922194
cov10_n10_g0_s42_hotspots_p80_chr1	10	10	3451	4	4	1	0.22360680157584636	0.18156825980063976	0.1111111111111111	0.5	2.0	0.07905694150420949
cov10_n10_g0_s42_hotspots_p80_chr1	10	10	3453	240	607	0	0.44811130118557163	0.3675054571881283	0.3333333333333333	0.43947213888168335	10.397025108337402	0.03679112061197288
cov10_n10_g0_s42_hotspots_p80_chr1	10	10	3454	95	166	1	0.4975209868630849	0.42284766621995856	0.3333333333333333	0.480421781539917	10.724509239196777	0.034849676652141066
cov10_n10_g0_s42_hotspots_p80_chr1	10	10	3455	400	812	0	0.39133284553908515	0.3017652252311455	0.25	0.3812708854675293	10.534772872924805	0.038514532979133036
cov10_n10_g0_s42_hotspots_p80_chr1	10	10	3456	442	1401	0	0.328403780680416	0.21967611749839855	0.17647058823529413	0.29402342438697815	12.475341796875	0.038947631642432694
cov10_n10_g0_s42_hotspots_p80_chr1	10	10	3457	177	891	1	0.5226830276622723	0.45073528531517504	0.3333333333333333	0.49824416637420654	11.005060195922852	0.03376730307795119
cov10_n10_g0_s42_hotspots_p80_chr1	10	10	3458	34	356	1	0.30633006830044057	0.06566003003453989	0.05263157894736842	0.14403985440731049	45.22868347167969	0.034150748619316475
cov10_n10_g0_s42_hotspots_p80_chr1	10	10	3459	249	726	0	0.4893626090685164	0.43236217878121286	0.3333333333333333	0.5986203551292419	6.682801723480225	0.04029791696198164
cov10_n10_g0_s42_hotspots_p80_chr1	10	10	3460	449	1088	0	0.3730754123673001	0.2935831063921093	0.25	0.4133981466293335	8.144346237182617	0.041848675645234056
cov10_n10_g0_s42_hotspots_p80_chr1	10	10	3461	803	1372	0	0.32601427949344913	0.2084349762843574	0.17647058823529413	0.2730056941509247	14.260337829589844	0.03800056345773049
cov10_n10_g0_s42_hotspots_p80_chr1	10	10	3462	280	753	0	0.38109984018008575	0.2756407882805775	0.17647058823529413	0.3253755271434784	13.718533515930176	0.03671154079313412
cov10_n10_g0_s42_hotspots_p80_chr1	10	10	3463	320	416	0	0.383619868469863	0.2774609657828593	0.25	0.32429054379463196	13.993739128112793	0.03650384100957919
cov10_n10_g0_s42_hotspots_p80_chr1	10	10	3464	549	1283	0	0.5630159668793869	0.4798459955778293	0.25	0.41833406686782837	18.113189697265625	0.029904342370093293
cov10_n10_g0_s42_hotspots_p80_chr1	10	10	3465	595	1714	0	0.13280993630395724	0.027929496916116417	0.25	0.15381288528442383	7.455482482910156	0.050419106363619105
cov10_n10_g0_s42_hotspots_p80_chr1	10	10	3466	113	359	1	0.433735063445685	0.3048212826744585	0.1111111111111111	0.2753167152404785	24.818981170654297	0.03263977714823392
cov10_n10_g0_s42_hotspots_p80_chr1	10	10	3467	466	1134	0	0.5115490312717896	0.42552215416175276	0.3333333333333333	0.4196535348892212	14.859108924865723	0.03228158820951822
cov10_n10_g0_s42_hotspots_p80_chr1	10	10	3468	411	1064	0	0.5111132527931197	0.42689131767866006	0.3333333333333333	0.42886874079704285	14.203177452087402	0.032525571596523244
cov10_n10_g0_s42_hotspots_p80_chr1	10	10	3469	137	181	1	0.44174293919896884	0.3458737199964319	0.25	0.37344789505004883	13.991982460021973	0.03478144730057957
cov10_n10_g0_s42_hotspots_p80_chr1	10	10	3470	823	2143	0	0.4623218489902843	0.3485748301261676	0.25	0.31448158621788025	21.61216926574707	0.03228271741758489
cov10_n10_g0_s42_hotspots_p80_chr1	10	10	3471	281	564	0	0.40962617695806947	0.3197597039818805	0.17647058823529413	0.38724952936172485	11.18906021118164	0.03740372680239511
cov10_n10_g0_s42_hotspots_p80_chr1	10	10	3473	88	252	1	0.39256817084598766	0.2985682740880807	0.17647058823529413	0.36571815609931946	11.522246360778809	0.03769035015318251
cov10_n10_g0_s42_hotspots_p80_chr1	10	10	3474	228	943	0	0.40511605978742743	0.3084281258409906	0.25	0.36095112562179565	12.596855163574219	0.03660510055907363
cov10_n10_g0_s42_hotspots_p80_chr1	10	10	3475	158	408	1	0.1815551598019305	0.10977050044075297	0.1111111111111111	0.27794742584228516	4.266698360443115	0.059032170561800004
cov10_n10_g0_s42_hotspots_p80_chr1	10	10	3476	156	767	1	0.24057927361419343	0.15596758773760308	0.17647058823529413	0.29853951930999756	6.494007110595703	0.04927984106895172
cov10_n10_g0_s42_hotspots_p80_chr1	10	10	3477	273	677	0	0.3639665572257519	0.2721823028133964	0.25	0.3607602119445801	10.178546905517578	0.039701041817900205
cov10_n10_g0_s42_hotspots_p80_chr1	10	10	3478	414	1011	0	0.5030616781316006	0.41245616074592023	0.17647058823529413	0.39846840500831604	15.938763618469238	0.03221925702878444
cov10_n10_g0_s42_hotspots_p80_chr1	10	10	3479	302	868	0	0.4281019740573544	0.305254722159177	0.25	0.289963960647583	21.797487258911133	0.03314439125553209
cov10_n10_g0_s42_hotspots_p80_chr1	10	10	3483	341	1059	0	0.5419782452750728	0.4640356924387741	0.3333333333333333	0.4593634307384491	13.92037582397461	0.03161575262691286
cov10_n10_g0_s42_hotspots_p80_chr1	10	10	3484	499	1173	0	0.6258753662650597	0.5528781410994432	0.3333333333333333	0.41920703649520874	22.290435791015625	0.027618128221982084
cov10_n10_g0_s42_hotspots_p80_chr1	10	10	3485	354	839	0	0.4300187595693633	0.29949930061444585	0.17647058823529413	0.27172142267227173	25.04534912109375	0.03270766143818934
cov10_n10_g0_s42_hotspots_p80_chr1	10	10	3486	276	841	0	0.36239334838599985	0.2710177520163703	0.25	0.3613901138305664	10.055597305297852	0.03986995764283595
cov10_n10_g0_s42_hotspots_p80_chr1	10	10	3487	560	1912	0	0.48076605848068754	0.3968261453103165	0.3333333333333333	0.4297538101673126	12.514921188354492	0.0342698588878847
cov10_n10_g0_s42_hotspots_p80_chr1	10	10	3488	55	213	1	0.4267030960994328	0.34190806665760287	0.25	0.4138381779193878	10.631399154663086	0.03729835001749358
cov10_n10_g0_s42_hotspots_p80_chr1	10	10	3489	105	386	1	0.301335942030297	0.218783403524278	0.17647058823529413	0.3549507260322571	7.207186222076416	0.04579304752782627
cov10_n10_g0_s42_hotspots_p80_chr1	10	10	3490	768	2002	0	0.6011228504777734	0.5249783656762584	0.3333333333333333	0.4359672963619232	19.0116024017334	0.028593269131084106
cov10_n10_g0_s42_hotspots_p80_chr1	10	10	3491	371	1267	0	0.5405565702709435	0.46948457550438677	0.25	0.5030367374420166	11.54736614227295	0.032785761641844324
cov10_n10_g0_s42_hotspots_p80_chr1	10	10	3492	311	1487	0	0.2646820456193385	0.17205500215767355	0.17647058823529413	0.29531627893447876	8.03293514251709	0.04547310275794577
cov10_n10_g0_s42_hotspots_p80_chr1	10	10	3493	470	1370	0	0.46309128891170354	0.3685196341853497	0.25	0.3815035820007324	14.734521865844727	0.03383177454641279
cov10_n10_g0_s42_hotspots_p80_chr1	10	10	3494	473	1224	0	0.44504216887728604	0.33371679178744024	0.1111111111111111	0.3222896456718445	19.068193435668945	0.0331635005046534
cov10_n10_g0_s42_hotspots_p80_chr1	10	10	3495	254	915	0	0.5182741390028279	0.4473917083235611	0.3333333333333333	0.5049062371253967	10.536527633666992	0.03426490068562031
cov10_n10_g0_s42_hotspots_p80_chr1	10	10	3496	687	1586	0	0.500676908929375	0.41154102506999385	0.3333333333333333	0.40553805232048035	15.242345809936523	0.03249982327043913
cov10_n10_g0_s42_hotspots_p80_chr1	10	10	3497	832	1924	0	0.5337316116223495	0.4518805831689653	0.25	0.43829476833343506	14.829048156738281	0.031578526035262275
cov10_n10_g0_s42_hotspots_p80_chr1	10	10	3498	345	983	0	0.4611099190261664	0.37032800554977896	0.3333333333333333	0.3966605067253113	13.513596534729004	0.03439975266981973
cov10_n10_g0_s42_hotspots_p80_chr1	10	10	3499	282	570	0	0.39133100862037307	0.31871966968911636	0.3333333333333333	0.4561299979686737	7.36056661605835	0.042519570798863704
cov10_n10_g0_s42_hotspots_p80_chr1	10	10	3500	260	577	0	0.3498868338348392	0.16602317517507625	0.1111111111111111	0.1876002848148346	34.784690856933594	0.03376910893048195
cov10_n10_g0_s42_hotspots_p80_chr1	10	10	3501	447	1532	0	0.40446442003543315	0.3219342768747604	0.17647058823529413	0.4153052270412445	9.484749794006348	0.03911063902878035
cov10_n10_g0_s42_hotspots_p80_chr1	10	10	3503	599	818	0	0.48715901739729517	0.3732037258955165	0.3333333333333333	0.3078352212905884	25.0440673828125	0.03129747825126532
cov10_n10_g0_s42_hotspots_p80_chr1	10	10	3504	4	24	1	0.18257417570343107	0.1243411828254981	0.1111111111111111	0.3333333432674408	2.999999761581421	0.06770032168941854
cov10_n10_g0_s42_hotspots_p80_chr1	10	10	3505	410	1146	0	0.05921465037862317	-0.023246643630667595	0.1111111111111111	0.09207366406917572	4.13606595993042	0.06357681621103507
cov10_n10_g0_s42_hotspots_p80_chr1	10	10	3506	4	39	1	0.18257417570343107	0.12434118282549844	0.1111111111111111	0.3333333432674408	2.999999761581421	0.06770032168941854
cov10_n10_g0_s42_hotspots_p80_chr1	10	10	3507	643	1609	0	0.39061325846579353	0.2837956429368566	0.17647058823529413	0.32476532459259033	14.466205596923828	0.03608558611603445
cov10_n10_g0_s42_hotspots_p80_chr1	10	10	3510	39	164	1	0.31598875750873295	0.259926044614455	0.1111111111111111	0.5	3.993955612182617	0.0559439823604485
cov10_n10_g0_s42_hotspots_p80_chr1	10	10	3511	409	886	0	0.4419105094836753	0.3534552831400892	0.3333333333333333	0.4026476740837097	12.045318603515625	0.03579285364420902
cov10_n10_g0_s42_hotspots_p80_chr1	10	10	3512	553	1394	0	0.34687222801243767	0.23793124494969178	0.25	0.3022564947605133	13.170060157775879	0.03799317269540305
cov10_n10_g0_s42_hotspots_p80_chr1	10	10	3513	973	2182	0	0.4692752147061379	0.3642836240316028	0.3333333333333333	0.3429234027862549	18.726686477661133	0.03256052934139682
cov10_n10_g0_s42_hotspots_p80_chr1	10	10	3514	85	271	1	0.3026114941497309	0.22049915407692125	0.17647058823529413	0.3575066924095154	7.1647748947143555	0.04583535636533852
cov10_n10_g0_s42_hotspots_p80_chr1	10	10	3515	156	373	1	0.33947610354468477	0.25815664599661736	0.17647058823529413	0.3858681619167328	7.739992618560791	0.04359264178006029
cov10_n10_g0_s42_hotspots_p80_chr1	10	10	3516	223	863	0	0.6342313796152709	0.5820376155347916	0.42857142857142855	0.6348574161529541	9.980286598205566	0.03025434702592227
cov10_n10_g0_s42_hotspots_p80_chr1	10	10	3517	159	640	1	0.42105633803053	0.31598951462468505	0.17647058823529413	0.3381044864654541	15.50881576538086	0.03479557441860819
cov10_n10_g0_s42_hotspots_p80_chr1	10	10	3518	41	102	1	0.3158103594030198	0.19394198330816423	0.25	0.2596766948699951	14.79063606262207	0.03802548651616372
cov10_n10_g0_s42_hotspots_p80_chr1	10	10	3520	42	189	1	0.15115481094495287	0.04588700418256479	0.1111111111111111	0.17118042707443237	7.797146797180176	0.04924631324475354
cov10_n10_g0_s42_hotspots_p80_chr1	10	10	3521	6	38	1	0.3585685764345063	0.2842427860477459	0.17647058823529413	0.4285714626312256	6.999999523162842	0.044320264282204216
cov10_n10_g0_s42_hotspots_p80_chr1	10	10	3522	166	404	1	0.33727548868675555	0.15148073223655628	0.17647058823529413	0.18371480703353882	33.7039909362793	0.03408209222792625
cov10_n10_g0_s42_hotspots_p80_chr1	10	10	3523	617	1162	0	0.5306223150714937	0.4565620016522603	0.3333333333333333	0.48476099967956543	11.981622695922852	0.03288406620948224
cov10_n10_g0_s42_hotspots_p80_chr1	10	10	3524	215	526	0	0.4519875672084559	0.33426573339608634	0.3333333333333333	0.3034754693508148	22.18225860595703	0.03247806467985399
cov10_n10_g0_s42_hotspots_p80_chr1	10	10	3525	364	467	0	0.4102799887081453	0.2878867331799811	0.17647058823529413	0.2892681062221527	20.116830825805664	0.033885099332985766
cov10_n10_g0_s42_hotspots_p80_chr1	10	10	3526	360	560	0	0.4257928253097622	0.30980985931882965	0.25	0.3074690103530884	19.17759132385254	0.033661995485783136
cov10_n10_g0_s42_hotspots_p80_chr1	10	10	3527	648	1500	0	0.42559115173067075	0.3298432128391039	0.17647058823529413	0.3702680766582489	13.211516380310059	0.035643709672906136
cov10_n10_g0_s42_hotspots_p80_chr1	10	10	3528	287	637	0	0.47015263027373677	0.3705717907845839	0.3333333333333333	0.362570583820343	16.814834594726562	0.032969148213317465
cov10_n10_g0_s42_hotspots_p80_chr1	10	10	3529	703	1531	0	0.4027792189302813	0.3272419116714892	0.17647058823529413	0.44706982374191284	8.11677360534668	0.040894331495869976
cov10_n10_g0_s42_hotspots_p80_chr1	10	10	3530	439	780	0	0.546575720244585	0.4589836405295671	0.25	0.40100738406181335	18.577871322631836	0.030336859519655448
cov10_n10_g0_s42_hotspots_p80_chr1	10	10	3532	158	241	1	0.4451062388789105	0.32992684541449235	0.17647058823529413	0.3109534978866577	20.489744186401367	0.03290406620107291
cov10_n10_g0_s42_hotspots_p80_chr1	10	10	3533	8	16	1	0.4232808584908726	0.32429048586904125	0.17647058823529413	0.3583333492279053	13.953487396240234	0.03535533962128538
cov10_n10_g0_s42_hotspots_p80_chr1	10	10	3535	4	13	1	0.3354102023622696	0.25197631533948506	0.17647058823529413	0.375	8.0	0.04330127018922194
cov10_n10_g0_s42_hotspots_p80_chr1	10	10	3536	284	819	0	0.5376957640607714	0.4456321485872917	0.25	0.3807753026485443	19.940486907958984	0.030412614721007036
cov10_n10_g0_s42_hotspots_p80_chr1	10	10	3537	187	563	1	0.4614617774510315	0.39998931536200655	0.3333333333333333	0.5557530522346497	6.894577980041504	0.04091009853262394
cov10_n10_g0_s42_hotspots_p80_chr1	10	10	3538	512	1528	0	0.6395096772465511	0.5779689776147161	0.42857142857142855	0.5336897969245911	14.358743667602539	0.028041491151544227
cov10_n10_g0_s42_hotspots_p80_chr1	10	10	3539	797	2094	0	0.45971606192718667	0.38565895246467274	0.25	0.47647881507873535	9.308767318725586	0.03743825715466511
cov10_n10_g0_s42_hotspots_p80_chr1	10	10	3540	810	2123	0	0.5368852957154364	0.4561466961176217	0.25	0.44394680857658386	14.625177383422852	0.03154082219814463
cov10_n10_g0_s42_hotspots_p80_chr1	10	10	3541	224	596	0	0.5924430522562375	0.5186551966297458	0.3333333333333333	0.4646652936935425	16.255964279174805	0.029279434974699814
cov10_n10_g0_s42_hotspots_p80_chr1	10	10	3542	136	310	1	0.5276734019046183	0.462360336927935	0.42857142857142855	0.5427473783493042	9.452242851257324	0.03486500906533466
cov10_n10_g0_s42_hotspots_p80_chr1	10	10	3543	800	1760	0	0.4166209537258862	0.3220444914125657	0.17647058823529413	0.3719833195209503	12.543978691101074	0.03628409734830908
cov10_n10_g0_s42_hotspots_p80_chr1	10	10	3544	736	1691	0	0.5604515718088628	0.473913333841687	0.25	0.3982310891151428	19.806413650512695	0.02975787151896654
cov10_n10_g0_s42_hotspots_p80_chr1	10	10	3545	579	1005	0	0.3033449204236415	0.2337696136978784	0.3333333333333333	0.4110456705093384	5.44619607925415	0.05017534806181512
cov10_n10_g0_s42_hotspots_p80_chr1	10	10	3546	622	1268	0	0.44081087489509496	0.3180708299239026	0.25	0.29034438729286194	23.05035972595215	0.032656237896836735
cov10_n10_g0_s42_hotspots_p80_chr1	10	10	3547	1100	2143	0	0.4734900479017363	0.36030112490216737	0.25	0.3145829439163208	22.65433692932129	0.031863982344299754
cov10_n10_g0_s42_hotspots_p80_chr1	10	10	3548	1277	1871	0	0.5391916388539483	0.44805134614003944	0.25	0.3849964141845703	19.614307403564453	0.030410506057062008
cov10_n10_g0_s42_hotspots_p80_chr1	10	10	3549	998	2036	0	0.3924332134790838	0.33878265988851525	0.17647058823529413	0.578630805015564	4.599689483642578	0.05020953832275689
cov10_n10_g0_s42_hotspots_p80_chr1	10	10	3550	1337	2652	0	0.3102933514478881	0.1424499408592395	0.17647058823529413	0.19339457154273987	25.74283790588379	0.0353848207191801
cov10_n10_g0_s42_hotspots_p80_chr1	10	10	3551	422	1206	0	0.3377954207114612	0.2619752612211529	0.17647058823529413	0.4080878496170044	6.851729393005371	0.045322592039587335
cov10_n10_g0_s42_hotspots_p80_chr1	10	10	3552	648	1548	0	0.502565883365116	0.40675496955221613	0.25	0.3750966489315033	17.95145606994629	0.03175816045213519
cov10_n10_g0_s42_hotspots_p80_chr1	10	10	3553	919	2124	0	0.2443080835473617	0.11978635100105402	0.17647058823529413	0.21560132503509521	12.840229988098145	0.041042654867335354
cov10_n10_g0_s42_hotspots_p80_chr1	10	10	3554	1300	2488	0	0.5172725299881544	0.43284832975774323	0.3333333333333333	0.42718416452407837	14.662517547607422	0.03216447566618836
cov10_n10_g0_s42_hotspots_p80_chr1	10	10	3555	1070	2766	0	0.5514640697794043	0.46109983694503326	0.3333333333333333	0.38120806217193604	20.927160263061523	0.029904677872736322
cov10_n10_g0_s42_hotspots_p80_chr1	10	10	3556	754	2363	0	0.5849698217560709	0.5006892316012745	0.25	0.3848986029624939	23.097993850708008	0.028791075673447967
cov10_n10_g0_s42_hotspots_p80_chr1	10	10	3557	807	1887	0	0.5304508289001608	0.44246446763181263	0.25	0.40567830204963684	17.097265243530273	0.031095260612367257
cov10_n10_g0_s42_hotspots_p80_chr1	10	10	3558	725	2201	0	0.6259778840320905	0.5524440027123199	0.3333333333333333	0.4053213596343994	23.851682662963867	0.027582035712657233
cov10_n10_g0_s42_hotspots_p80_chr1	10	10	3559	677	1454	0	0.33405191411128454	0.22139361746926914	0.1111111111111111	0.2875041961669922	13.500179290771484	0.038172674599920006
cov10_n10_g0_s42_hotspots_p80_chr1	10	10	3560	855	1714	0	0.5186348806023436	0.4189174325445591	0.17647058823529413	0.35219836235046387	21.684467315673828	0.03075635795263638
cov10_n10_g0_s42_hotspots_p80_chr1	10	10	3561	1042	2239	0	0.4414727130349612	0.33832107625472274	0.17647058823529413	0.3478217124938965	16.109952926635742	0.03400534531404859
cov10_n10_g0_s42_hotspots_p80_chr1	10	10	3562	609	1420	0	0.4760338037663503	0.3928318390195886	0.3333333333333333	0.4327518343925476	12.10034465789795	0.03465759411212973
cov10_n10_g0_s42_hotspots_p80_chr1	10	10	3563	448	1371	0	0.5053732633123948	0.4008175101314464	0.25	0.33685940504074097	22.50749397277832	0.03103581859662247
cov10_n10_g0_s42_hotspots_p80_chr1	10	10	3564	7	8	1	0.4136914467703902	0.34127068293661184	0.3333333333333333	0.4682539999485016	7.805309295654297	0.04099803697088119
cov10_n10_g0_s42_hotspots_p80_chr1	10	10	3565	614	1115	0	0.541318849757756	0.4517359888370046	0.25	0.39248597621917725	19.02208137512207	0.030428870023823062
cov10_n10_g0_s42_hotspots_p80_chr1	10	10	3566	540	1129	0	0.5066121251766535	0.41172367671880583	0.25	0.37837299704551697	17.92713737487793	0.031643869721105645
cov10_n10_g0_s42_hotspots_p80_chr1	10	10	3567	1221	2036	0	0.5447121326787239	0.4429927001891706	0.17647058823529413	0.2973272502422333	33.563297271728516	0.02964983109342178
cov10_n10_g0_s42_hotspots_p80_chr1	10	10	3568	156	192	1	0.278647504198053	0.16195435530634997	0.25	0.2498067170381546	12.442341804504395	0.04037471088871857
cov10_n10_g0_s42_hotspots_p80_chr1	10	10	3569	482	1081	0	0.35863402506264047	0.24965366100288167	0.1111111111111111	0.3072115480899811	13.627869606018066	0.03740600485668872
cov10_n10_g0_s42_hotspots_p80_chr1	10	10	3570	323	676	0	0.4287872575373327	0.31660104969737507	0.17647058823529413	0.31832873821258545	18.143966674804688	0.03380994790947856
cov10_n10_g0_s42_hotspots_p80_chr1	10	10	3576	264	601	0	0.40403312168758887	0.33047987162665593	0.3333333333333333	0.4577259123325348	7.7915358543396	0.041352030028306584
cov10_n10_g0_s42_hotspots_p80_chr1	10	10	3577	893	1972	0	0.5251621136077852	0.4313087350427381	0.3333333333333333	0.37756621837615967	19.34641456604004	0.03085772143156733
cov10_n10_g0_s42_hotspots_p80_chr1	10	10	3578	686	1513	0	0.5788209990015206	0.5077326666793824	0.3333333333333333	0.49324530363082886	13.770909309387207	0.030407191578610968
cov10_n10_g0_s42_hotspots_p80_chr1	10	10	3579	934	1798	0	0.5207978044606795	0.421947666923697	0.25	0.3552117347717285	21.49629783630371	0.03071589382429898
cov10_n10_g0_s42_hotspots_p80_chr1	10	10	3580	386	1039	0	0.4345671023652086	0.32449861322980345	0.25	0.3251934051513672	17.857894897460938	0.033719238376476265
cov10_n10_g0_s42_hotspots_p80_chr1	10	10	3581	889	1825	0	0.5276729031184542	0.42489623883337946	0.3333333333333333	0.33034253120422363	25.515295028686523	0.030233191891886585
cov10_n10_g0_s42_hotspots_p80_chr1	10	10	3582	814	1839	0	0.5007881367306938	0.3966624159649977	0.17647058823529413	0.34045329689979553	21.636796951293945	0.03125037986323634
cov10_n10_g0_s42_hotspots_p80_chr1	10	10	3583	1057	2022	0	0.3512705915351527	0.24687468601351598	0.25	0.31609147787094116	12.349745750427246	0.03836584316865227
cov10_n10_g0_s42_hotspots_p80_chr1	10	10	3584	1037	2474	0	0.540643987270417	0.47548523953629723	0.3333333333333333	0.5439987778663635	9.877042770385742	0.03399359071019974
cov10_n10_g0_s42_hotspots_p80_chr1	10	10	3585	795	1986	0	0.5381097052139248	0.4458414903886074	0.3333333333333333	0.3794190585613251	20.114229202270508	0.0303793178142734
cov10_n10_g0_s42_hotspots_p80_chr1	10	10	3586	468	1628	0	0.6957001242584674	0.6526407648968133	0.42857142857142855	0.7014746069908142	9.836037635803223	0.027697480005954997
cov10_n10_g0_s42_hotspots_p80_chr1	10	10	3587	398	906	0	0.05396685075382294	-0.016302220828373765	0.1111111111111111	0.09787440299987793	3.0402960777282715	0.07153149927034563
cov10_n10_g0_s42_hotspots_p80_chr1	10	10	3588	327	1022	0	0.1772149165084487	0.0804670397744064	0.25	0.21023905277252197	7.105157852172852	0.04983660982099378
cov10_n10_g0_s42_hotspots_p80_chr1	10	10	3589	929	2064	0	0.47608579926841066	0.3720365061825656	0.25	0.345833957195282	18.95113182067871	0.03232655793252797
cov10_n10_g0_s42_hotspots_p80_chr1	10	10	3590	728	1641	0	0.34691577808130664	0.205688557668923	0.1111111111111111	0.2383386790752411	21.186491012573242	0.03527253696434728
cov10_n10_g0_s42_hotspots_p80_chr1	10	10	3591	762	1683	0	0.514188528989501	0.41254839950186156	0.25	0.3455324172973633	22.144561767578125	0.030832475576354736
cov10_n10_g0_s42_hotspots_p80_chr1	10	10	3592	141	322	1	0.3518098618814066	0.23695166215428595	0.25	0.2901567220687866	14.701131820678711	0.03707941272739344
cov10_n10_g0_s42_hotspots_p80_chr1	10	10	3593	873	1602	0	0.5168436251589896	0.42594342366602184	0.25	0.3947072923183441	17.146202087402344	0.03150009673380608
cov10_n10_g0_s42_hotspots_p80_chr1	10	10	3594	1102	2438	0	0.45444325712249	0.36320455315158895	0.25	0.3937470614910126	13.320629119873047	0.03469908498137131
cov10_n10_g0_s42_hotspots_p80_chr1	10	10	3595	589	1207	0	0.43339544148870746	0.3364938150704786	0.17647058823529413	0.36798036098480225	13.871373176574707	0.035088254447405584
cov10_n10_g0_s42_hotspots_p80_chr1	10	10	3596	581	1236	0	0.5591190102183902	0.5035774503267411	0.42857142857142855	0.6207560896873474	8.112720489501953	0.03519800984363276
cov10_n10_g0_s42_hotspots_p80_chr1	10	10	3597	898	2095	0	0.542119629867772	0.4494228082718589	0.25	0.3744528889656067	20.960224151611328	0.030170108373388634
cov10_n10_g0_s42_hotspots_p80_chr1	10	10	3598	1097	1827	0	0.5256285393899803	0.4573183403631362	0.3333333333333333	0.5219612717628479	10.141013145446777	0.034317857631780656
cov10_n10_g0_s42_hotspots_p80_chr1	10	10	3599	290	714	0	0.521324480307696	0.45489486618248554	0.3333333333333333	0.5345726609230042	9.51048755645752	0.03504150252648961
cov10_n10_g0_s42_hotspots_p80_chr1	10	10	3600	240	615	0	0.3043657123556549	0.18928788567793073	0.25	0.26741597056388855	12.954384803771973	0.03932409346589641
cov10_n10_g0_s42_hotspots_p80_chr1	10	10	3601	11	21	1	0.41509587176177337	0.3319920617675264	0.25	0.4170771539211273	9.905218124389648	0.03833103644366405
cov10_n10_g0_s42_hotspots_p80_chr1	10	10	3602	278	505	0	0.4416096133895404	0.32359975043917866	0.17647058823529413	0.3029702603816986	21.245990753173828	0.03287735718623174
cov10_n10_g0_s42_hotspots_p80_chr1	10	10	3603	3	11	1	0.22360680157584636	0.18156825980063976	0.1111111111111111	0.5	2.0	0.07905694150420949
cov10_n10_g0_s42_hotspots_p80_chr1	10	10	3604	276	807	0	0.4176484246556433	0.29375863549412046	0.25	0.28664788603782654	21.228740692138672	0.03349932315019107
cov10_n10_g0_s42_hotspots_p80_chr1	10	10	3605	894	2278	0	0.4327086046591224	0.34230777034474535	0.17647058823529413	0.39237117767333984	12.161771774291992	0.03601225924127165
cov10_n10_g0_s42_hotspots_p80_chr1	10	10	3606	745	2191	0	0.48873262690029134	0.403517714071971	0.25	0.42423126101493835	13.272027015686035	0.03363409442550495
cov10_n10_g0_s42_hotspots_p80_chr1	10	10	3607	1022	2238	0	0.31801741989391363	0.21395519378549752	0.25	0.3001140058040619	11.228696823120117	0.040161351189616966
cov10_n10_g0_s42_hotspots_p80_chr1	10	10	3608	858	2435	0	0.508931650570324	0.41692679020902745	0.25	0.39110955595970154	16.932538986206055	0.03178757213028219
cov10_n10_g0_s42_hotspots_p80_chr1	10	10	3609	628	1539	0	0.1949164625704638	0.10925333091700844	0.25	0.2521985173225403	5.973268508911133	0.052078406369540156
cov10_n10_g0_s42_hotspots_p80_chr1	10	10	3610	267	1080	0	0.44897503200741584	0.35954009961395034	0.25	0.40015748143196106	12.58874797821045	0.0352499159026567
cov10_n10_g0_s42_hotspots_p80_chr1	10	10	3611	313	733	0	0.47849660891448903	0.3975815105699694	0.25	0.4443751573562622	11.5946626663208	0.034887594416520354
cov10_n10_g0_s42_hotspots_p80_chr1	10	10	3612	807	1882	0	0.5115190699715212	0.41803051427363247	0.3333333333333333	0.38366860151290894	17.775062561035156	0.031528732169029364
cov10_n10_g0_s42_hotspots_p80_chr1	10	10	3613	1225	2579	0	0.5001174303500662	0.4024128209111245	0.25	0.36739400029182434	18.53019142150879	0.03171891965597462
cov10_n10_g0_s42_hotspots_p80_chr1	10	10	3614	856	2133	0	0.3086890123704592	0.20109540084671784	0.17647058823529413	0.28627288341522217	11.627379417419434	0.04011691110399049
cov10_n10_g0_s42_hotspots_p80_chr1	10	10	3615	776	2655	0	0.39760187929816837	0.29990853821150454	0.17647058823529413	0.3550226092338562	12.542521476745605	0.03686534024402809
cov10_n10_g0_s42_hotspots_p80_chr1	10	10	3616	1093	2045	0	0.40835121530279833	0.31933258735069353	0.17647058823529413	0.3900785744190216	10.958812713623047	0.037622307615889375
cov10_n10_g0_s42_hotspots_p80_chr1	10	10	3617	605	1222	0	0.33624463759635204	0.25497726043349384	0.1111111111111111	0.3840084671974182	7.667065143585205	0.04382155694058746
cov10_n10_g0_s42_hotspots_p80_chr1	10	10	3618	443	1219	0	0.5049017798851764	0.44163026736681554	0.3333333333333333	0.5547618269920349	8.283248901367188	0.03704274747481141
cov10_n10_g0_s42_hotspots_p80_chr1	10	10	3619	325	910	0	0.4672742717136354	0.39418456625203424	0.25	0.4839150309562683	9.324069023132324	0.03715950370528977
cov10_n10_g0_s42_hotspots_p80_chr1	10	10	3620	413	1575	0	0.39316589290873527	0.32826285318495885	0.3333333333333333	0.500560462474823	6.169338226318359	0.04499720078306667
cov10_n10_g0_s42_hotspots_p80_chr1	10	10	3621	414	1535	0	0.41086947624858716	0.3044870093912324	0.25	0.3317747414112091	15.336318969726562	0.03515141340924482
cov10_n10_g0_s42_hotspots_p80_chr1	10	10	3622	692	1314	0	0.45934041036477696	0.3756297144352346	0.25	0.4274895191192627	11.545648574829102	0.03555186562183542
cov10_n10_g0_s42_hotspots_p80_chr1	10	10	3623	1123	2282	0	0.4421879371546275	0.3681422371817964	0.3333333333333333	0.47104549407958984	8.812277793884277	0.03861168160000522
cov10_n10_g0_s42_hotspots_p80_chr1	10	10	3624	548	1189	0	0.4755983401869749	0.39377859519392605	0.3333333333333333	0.4394421875476837	11.713242530822754	0.034907917618869556
cov10_n10_g0_s42_hotspots_p80_chr1	10	10	3625	341	649	0	0.4123051466603616	0.3303003818120748	0.17647058823529413	0.4208414554595947	9.59843635559082	0.038732309420260826
cov10_n10_g0_s42_hotspots_p80_chr1	10	10	3626	372	912	0	0.12249793790401495	0.01829433041876805	0.1111111111111111	0.14421695470809937	7.214809894561768	0.05120551771282884
cov10_n10_g0_s42_hotspots_p80_chr1	10	10	3627	483	1074	0	0.48683446553135623	0.43756884012912756	0.25	0.6653785109519958	5.353343963623047	0.04383541057174161
cov10_n10_g0_s42_hotspots_p80_chr1	10	10	3628	953	1707	0	0.4993037422690048	0.4010539851447895	0.17647058823529413	0.36524489521980286	18.687936782836914	0.03171385276390911
cov10_n10_g0_s42_hotspots_p80_chr1	10	10	3629	1033	2067	0	0.39156381659818945	0.2925284174867407	0.17647058823529413	0.3485046625137329	12.623733520507812	0.03699914275834423
cov10_n10_g0_s42_hotspots_p80_chr1	10	10	3630	718	1408	0	0.4610043120829859	0.38140535538243914	0.25	0.4476945698261261	10.60342788696289	0.036188776779962836
cov10_n10_g0_s42_hotspots_p80_chr1	10	10	3633	1064	2052	0	0.4832103761954858	0.3728695520145514	0.17647058823529413	0.3220892548561096	22.507122039794922	0.03162525196702024
cov10_n10_g0_s42_hotspots_p80_chr1	10	10	3634	565	1532	0	0.3805272553750369	0.2749019048620673	0.17647058823529413	0.3246993124485016	13.73437213897705	0.03672025420997519
cov10_n10_g0_s42_hotspots_p80_chr1	10	10	3635	966	2085	0	0.5801778370198626	0.49844203236678214	0.25	0.4139370024204254	19.64507293701172	0.029179602876522628
cov10_n10_g0_s42_hotspots_p80_chr1	10	10	3636	779	1733	0	0.22804187698576495	0.10759403362526773	0.17647058823529413	0.2111094743013382	11.66846752166748	0.04234961131421089
cov10_n10_g0_s42_hotspots_p80_chr1	10	10	3637	455	1084	0	0.4763893428507211	0.3975209385904919	0.25	0.4545130133628845	10.985795974731445	0.03537726027530531
cov10_n10_g0_s42_hotspots_p80_chr1	10	10	3638	391	1397	0	0.4663742897485221	0.38100707767040165	0.17647058823529413	0.42113232612609863	12.263998985290527	0.03487710782834323
cov10_n10_g0_s42_hotspots_p80_chr1	10	10	3639	487	1777	0	0.3128041218647239	0.1587211350052498	0.17647058823529413	0.20939472317695618	22.31585121154785	0.03586994751868369
cov10_n10_g0_s42_hotspots_p80_chr1	10	10	3640	1349	2339	0	0.33918215679421176	0.19147165689569043	0.1111111111111111	0.22640728950500488	22.443227767944336	0.035227017397739264
cov10_n10_g0_s42_hotspots_p80_chr1	10	10	3641	854	1605	0	0.3522429683722353	0.2603955281623045	0.17647058823529413	0.3545529246330261	9.870123863220215	0.0403740752770512
cov10_n10_g0_s42_hotspots_p80_chr1	10	10	3642	466	1007	0	0.4971768034156595	0.38837505667924765	0.17647058823529413	0.32306620478630066	23.683107376098633	0.031147020129424677
cov10_n10_g0_s42_hotspots_p80_chr1	10	10	3643	591	1209	0	0.2259479828689177	0.1055543471213427	0.17647058823529413	0.2097514122724533	11.603984832763672	0.0424598353264535
cov10_n10_g0_s42_hotspots_p80_chr1	10	10	3644	295	814	0	0.2920983253082802	0.18515949267672224	0.17647058823529413	0.27812477946281433	11.030082702636719	0.04108469751531353
cov10_n10_g0_s42_hotspots_p80_chr1	10	10	3645	180	1269	1	0.2684972387816082	0.1297073271213804	0.1111111111111111	0.20928442478179932	16.459089279174805	0.03855188329040831
cov10_n10_g0_s42_hotspots_p80_chr1	10	10	3646	171	868	1	0.31660552046460627	0.19345010044387836	0.17647058823529413	0.2576121985912323	15.104427337646484	0.037862138839554554
cov10_n10_g0_s42_hotspots_p80_chr1	10	10	3647	411	1519	0	0.5517307055192759	0.4645126259988007	0.3333333333333333	0.40020108222961426	19.00630760192871	0.030119324330226873
cov10_n10_g0_s42_hotspots_p80_chr1	10	10	3648	295	985	0	0.31241334735603393	0.22901429235430812	0.17647058823529413	0.3598116338253021	7.538913249969482	0.04481668022337734
cov10_n10_g0_s42_hotspots_p80_chr1	10	10	3649	443	1035	0	0.265057725615484	0.18849018941019574	0.1111111111111111	0.34780073165893555	5.807910442352295	0.050326287661433385
cov10_n10_g0_s42_hotspots_p80_chr1	10	10	3650	1106	1847	0	0.40425715947125745	0.2870916994444394	0.25	0.30089977383613586	18.04977035522461	0.03450043659808734
cov10_n10_g0_s42_hotspots_p80_chr1	10	10	3651	977	1849	0	0.3657806852711187	0.2572632234422405	0.17647058823529413	0.31128445267677307	13.807869911193848	0.03710889097343785
cov10_n10_g0_s42_hotspots_p80_chr1	10	10	3652	876	1864	0	0.5400497208135338	0.44218677520275185	0.17647058823529413	0.34600070118904114	24.362031936645508	0.029968178621722623
cov10_n10_g0_s42_hotspots_p80_chr1	10	10	3653	506	1359	0	0.41155727139781484	0.3370684110741236	0.25	0.45643705129623413	8.13015365600586	0.04057577664080914
cov10_n10_g0_s42_hotspots_p80_chr1	10	10	3654	58	273	1	0.31182759853540537	0.24682930481818224	0.17647058823529413	0.4416925609111786	4.984125137329102	0.05151437731288219
cov10_n10_g0_s42_hotspots_p80_chr1	10	10	3655	721	1401	0	0.33834275055489454	0.2538013631844447	0.25	0.37262701988220215	8.244513511657715	0.042832141325788234
cov10_n10_g0_s42_hotspots_p80_chr1	10	10	3656	191	286	1	0.38730270323963656	0.29873586443464456	0.25	0.3833184838294983	10.208959579467773	0.038937364395238754
cov10_n10_g0_s42_hotspots_p80_chr1	10	10	3657	29	188	1	0.15811388300741896	0.08671099695241213	0.05263157894736842	0.25	4.0	0.06123724356957946
cov10_n10_g0_s42_hotspots_p80_chr1	10	10	3658	987	2025	0	0.4592104137616999	0.365032450604949	0.17647058823529413	0.38263648748397827	14.40292739868164	0.034077675070965506
cov10_n10_g0_s42_hotspots_p80_chr1	10	10	3659	547	1252	0	0.33340963812089724	0.2042097670246759	0.17647058823529413	0.25372838973999023	17.26704978942871	0.036600562550352454
cov10_n10_g0_s42_hotspots_p80_chr1	10	10	3660	86	262	1	0.34016592945328883	0.2648302945374728	0.17647058823529413	0.4118797183036804	6.82088565826416	0.04530901865092746
cov10_n10_g0_s42_hotspots_p80_chr1	10	10	3661	567	1146	0	0.3318146679195476	0.21737093111998257	0.25	0.2824386656284332	13.802026748657227	0.03807318365475742
cov10_n10_g0_s42_hotspots_p80_chr1	10	10	3662	774	1897	0	0.46224327256947795	0.38897911913936456	0.25	0.4815937876701355	9.212541580200195	0.037454793622163245
cov10_n10_g0_s42_hotspots_p80_chr1	10	10	3663	516	1470	0	0.43759861757055124	0.3185217289893484	0.17647058823529413	0.30001893639564514	21.274263381958008	0.032977523240126747
cov10_n10_g0_s42_hotspots_p80_chr1	10	10	3664	688	1432	0	0.4894637061675364	0.41082131754961887	0.3333333333333333	0.4575350880622864	11.444376945495605	0.03461793913417285
cov10_n10_g0_s42_hotspots_p80_chr1	10	10	3665	688	1455	0	0.47776845634208126	0.400626902282855	0.25	0.4638645350933075	10.608466148376465	0.03561801353724857
cov10_n10_g0_s42_hotspots_p80_chr1	10	10	3666	729	2497	0	0.4819607094833745	0.4077235694965019	0.25	0.4806440770626068	10.054862022399902	0.0359384135016991
cov10_n10_g0_s42_hotspots_p80_chr1	10	10	3667	495	1205	0	0.4123748698136983	0.30569966987588904	0.25	0.33127227425575256	15.495809555053711	0.03504980815586586
cov10_n10_g0_s42_hotspots_p80_chr1	10	10	3668	907	2085	0	0.3273572512126086	0.229651793007546	0.17647058823529413	0.3226149082183838	10.29615306854248	0.04071250755544275
cov10_n10_g0_s42_hotspots_p80_chr1	10	10	3669	688	1515	0	0.34316455421353786	0.19572373197754475	0.1111111111111111	0.2279687076807022	22.659711837768555	0.03509584188441002
cov10_n10_g0_s42_hotspots_p80_chr1	10	10	3670	840	1962	0	0.3096368948367727	0.1838857580361736	0.17647058823529413	0.24962517619132996	15.386100769042969	0.037925698251626096
cov10_n10_g0_s42_hotspots_p80_chr1	10	10	3671	1072	2069	0	0.37289690397691455	0.23187394728608937	0.17647058823529413	0.24536755681037903	23.09634780883789	0.03431897776014841
cov10_n10_g0_s42_hotspots_p80_chr1	10	10	3672	202	667	0	0.3468262237655673	0.2561566635136872	0.17647058823529413	0.35562190413475037	9.511453628540039	0.04092860066514372
cov10_n10_g0_s42_hotspots_p80_chr1	10	10	3673	1008	2332	0	0.3407022552701098	0.23782172169823293	0.25	0.3151606321334839	11.686544418334961	0.039136997603571345
cov10_n10_g0_s42_hotspots_p80_chr1	10	10	3674	1059	2144	0	0.44834843652553896	0.3494012645419494	0.17647058823529413	0.3632887303829193	15.230964660644531	0.034095083642090664
cov10_n10_g0_s42_hotspots_p80_chr1	10	10	3675	730	1748	0	0.4757624691435217	0.3977306782866685	0.25	0.45877689123153687	10.754179000854492	0.0355724128133119
cov10_n10_g0_s42_hotspots_p80_chr1	10	10	3676	1058	1520	0	0.20968603717176468	0.0894685115786296	0.17647058823529413	0.19848725199699402	11.160244941711426	0.04328774605851727
cov10_n10_g0_s42_hotspots_p80_chr1	10	10	3677	248	697	0	0.30930470363842605	0.21515726658919915	0.17647058823529413	0.32222363352775574	9.214213371276855	0.04243867072418513
cov10_n10_g0_s42_hotspots_p80_chr1	10	10	3678	725	1626	0	0.37753317553760296	0.2778321776344254	0.17647058823529413	0.34103497862815857	12.254974365234375	0.03764845965613254
cov10_n10_g0_s42_hotspots_p80_chr1	10	10	3679	8	46	1	0.22360680157584636	0.18156825980064023	0.1111111111111111	0.5	2.0	0.07905694150420949
cov10_n10_g0_s42_hotspots_p80_chr1	10	10	3680	1096	2166	0	0.4496004453363595	0.3353927922138704	0.25	0.31378427147865295	20.530099868774414	0.0327780626653647
cov10_n10_g0_s42_hotspots_p80_chr1	10	10	3681	671	1334	0	0.4060201031326397	0.3120930552127269	0.3333333333333333	0.3709031939506531	11.983231544494629	0.03695762894188878
cov10_n10_g0_s42_hotspots_p80_chr1	10	10	3682	479	904	0	0.3976956757539395	0.319231451541699	0.25	0.43058666586875916	8.530619621276855	0.04048262630684438
cov10_n10_g0_s42_hotspots_p80_chr1	10	10	3683	681	1594	0	0.47420897565994913	0.3771151447738473	0.3333333333333333	0.3721681237220764	16.235334396362305	0.03300765613609998
cov10_n10_g0_s42_hotspots_p80_chr1	10	10	3684	264	906	0	0.3738979028957346	0.2781353495545634	0.17647058823529413	0.35202401876449585	11.281360626220703	0.03844427662887973
cov10_n10_g0_s42_hotspots_p80_chr1	10	10	3685	467	1465	0	0.43798037073908297	0.34712769340189475	0.25	0.39191505312919617	12.488934516906738	0.03565246548620223
cov10_n10_g0_s42_hotspots_p80_chr1	10	10	3686	639	1625	0	0.3908005024435673	0.30756382172964913	0.25	0.4062242805957794	9.25504207611084	0.03981274134693548
cov10_n10_g0_s42_hotspots_p80_chr1	10	10	3687	648	1568	0	0.5154949201043486	0.4305225982481056	0.3333333333333333	0.42456603050231934	14.742061614990234	0.032194702899716716
cov10_n10_g0_s42_hotspots_p80_chr1	10	10	3688	546	1390	0	0.255048161890542	0.07663401275812362	0.17647058823529413	0.16324801743030548	24.408920288085938	0.03679657421694581
cov10_n10_g0_s42_hotspots_p80_chr1	10	10	3689	525	1068	0	0.4602310947941143	0.3739244383327321	0.25	0.4158285856246948	12.24963665008545	0.035083712520841435
cov10_n10_g0_s42_hotspots_p80_chr1	10	10	3690	746	1545	0	0.5205856760246794	0.41646407635555716	0.25	0.32968783378601074	24.933231353759766	0.030448633723272143
cov10_n10_g0_s42_hotspots_p80_chr1	10	10	3691	510	1010	0	0.4061581734188449	0.3079371860044747	0.25	0.3561142086982727	13.008039474487305	0.03634086962337668
cov10_n10_g0_s42_hotspots_p80_chr1	10	10	3692	929	1771	0	0.4950992145511521	0.4097564830771861	0.3333333333333333	0.42380306124687195	13.647599220275879	0.03326265670094845
cov10_n10_g0_s42_hotspots_p80_chr1	10	10	3693	940	2908	0	0.44813384796923206	0.3594217107076962	0.25	0.403001993894577	12.36520004272461	0.035403342825686225
cov10_n10_g0_s42_hotspots_p80_chr1	10	10	3694	871	2720	0	0.23266541074695138	0.09854446825325774	0.1111111111111111	0.195082888007164	14.22411823272705	0.0405102690084243
cov10_n10_g0_s42_hotspots_p80_chr1	10	10	3695	721	2189	0	0.36551886438315007	0.25793602472296623	0.17647058823529413	0.3136439323425293	13.581439018249512	0.03723256418758751
cov10_n10_g0_s42_hotspots_p80_chr1	10	10	3696	840	1820	0	0.40024944505853055	0.29293180024295495	0.25	0.3262427747249603	15.051499366760254	0.03556508377625103
cov10_n10_g0_s42_hotspots_p80_chr1	10	10	3697	468	1631	0	0.3678531096871454	0.22723848264034585	0.1111111111111111	0.2449321448802948	22.55575180053711	0.03452321001128378
cov10_n10_g0_s42_hotspots_p80_chr1	10	10	3698	582	1718	0	0.41486199497205056	0.30619844329952123	0.17647058823529413	0.3260171115398407	16.192970275878906	0.03474042555494291
cov10_n10_g0_s42_hotspots_p80_chr1	10	10	3699	967	2723	0	0.3815970278939562	0.3036246023484494	0.25	0.42480236291885376	8.069304466247559	0.04167822385692566
cov10_n10_g0_s42_hotspots_p80_chr1	10	10	3700	671	1762	0	0.4006599634618572	0.3041051705194572	0.25	0.3599010109901428	12.393266677856445	0.03686271268050613
cov10_n10_g0_s42_hotspots_p80_chr1	10	10	3701	835	1592	0	0.4182224227310966	0.33301329580271893	0.3333333333333333	0.4091556668281555	10.448103904724121	0.037729300001070346
cov10_n10_g0_s42_hotspots_p80_chr1	10	10	3702	1338	2359	0	0.37304440494042074	0.23576505054577276	0.17647058823529413	0.25181931257247925	21.94537353515625	0.034497070089668645
cov10_n10_g0_s42_hotspots_p80_chr1	10	10	3703	1044	1611	0	0.3744365264722444	0.2830553592092383	0.17647058823529413	0.36718037724494934	10.399139404296875	0.039167225120126985
cov10_n10_g0_s42_hotspots_p80_chr1	10	10	3704	756	1597	0	0.32954257780586665	0.21190122709734838	0.17647058823529413	0.2744925618171692	14.413249969482422	0.03782890553343913
cov10_n10_g0_s42_hotspots_p80_chr1	10	10	3705	847	1671	0	0.41023886920320984	0.3089398591454574	0.25	0.3472736179828644	13.955007553100586	0.03574285575210737
cov10_n10_g0_s42_hotspots_p80_chr1	10	10	3706	967	1659	0	0.4020358144135062	0.3210367685931026	0.25	0.4210106134414673	9.11892032623291	0.03960113333580789
cov10_n10_g0_s42_hotspots_p80_chr1	10	10	3707	490	1073	0	0.36543477839913235	0.22727446993840203	0.1111111111111111	0.2484738677740097	21.630088806152344	0.03473778953078007
cov10_n10_g0_s42_hotspots_p80_chr1	10	10	3708	351	1118	0	0.353670046270222	0.2704746560926539	0.25	0.3869999647140503	8.351696968078613	0.04218058755855853
cov10_n10_g0_s42_hotspots_p80_chr1	10	10	3709	582	1362	0	0.273095374814459	0.18665805374596528	0.17647058823529413	0.32016879320144653	7.275631904602051	0.04655794022972326
cov10_n10_g0_s42_hotspots_p80_chr1	10	10	3710	280	1017	0	0.1830505918545395	0.07551585118074752	0.17647058823529413	0.19666559994220734	8.663341522216797	0.04691691823879823
cov10_n10_g0_s42_hotspots_p80_chr1	10	10	3711	711	2012	0	0.42289917517559833	0.31870020916645103	0.1111111111111111	0.3412019908428192	15.36209774017334	0.03479491148711667
cov10_n10_g0_s42_hotspots_p80_chr1	10	10	3712	557	1589	0	0.23901441568437973	0.11729917502934957	0.25	0.2165084034204483	12.187051773071289	0.0416462216279784
cov10_n10_g0_s42_hotspots_p80_chr1	10	10	3713	373	909	0	0.3363026797249854	0.21903367048859332	0.17647058823529413	0.2782896161079407	14.603827476501465	0.037552842589358676
cov10_n10_g0_s42_hotspots_p80_chr1	10	10	3714	1012	2292	0	0.43646404071167827	0.3500031491295228	0.17647058823529413	0.4096442759037018	11.352282524108887	0.036427867474257185
cov10_n10_g0_s42_hotspots_p80_chr1	10	10	3715	984	2258	0	0.4049057921315251	0.2805346325609256	0.25	0.28385627269744873	20.347497940063477	0.03398066334633706
cov10_n10_g0_s42_hotspots_p80_chr1	10	10	3716	483	1216	0	0.3755880625027252	0.27078388016797295	0.17647058823529413	0.32518672943115234	13.340065956115723	0.03706831546543048
cov10_n10_g0_s42_hotspots_p80_chr1	10	10	3717	463	1188	0	0.3722514563201937	0.2509871184461695	0.25	0.2830376923084259	17.29753875732422	0.03556756973204645
cov10_n10_g0_s42_hotspots_p80_chr1	10	10	3718	821	1392	0	0.41373678442943856	0.31112532871948984	0.17647058823529413	0.344044953584671	14.461650848388672	0.0354152888057194
cov10_n10_g0_s42_hotspots_p80_chr1	10	10	3719	594	1163	0	0.3584045790365515	0.23270179603976543	0.17647058823529413	0.26936015486717224	17.70436668395996	0.035813965322635706
cov10_n10_g0_s42_hotspots_p80_chr1	10	10	3721	683	1692	0	0.3501633102179871	0.24434558193166234	0.17647058823529413	0.31177452206611633	12.614211082458496	0.03822969524355344
cov10_n10_g0_s42_hotspots_p80_chr1	10	10	3722	994	1711	0	0.4785756047884539	0.3938535262909509	0.25	0.42578381299972534	12.633471488952637	0.03427791492321287
cov10_n10_g0_s42_hotspots_p80_chr1	10	10	3723	968	2169	0	0.3834238751593613	0.2664721166846284	0.25	0.29622969031333923	16.753328323364258	0.03543368634418498
cov10_n10_g0_s42_hotspots_p80_chr1	10	10	3724	672	1681	0	0.4840123630516564	0.41827254252390783	0.3333333333333333	0.5333280563354492	8.2361478805542	0.037873205884093146
cov10_n10_g0_s42_hotspots_p80_chr1	10	10	3725	837	1852	0	0.2996051861058724	0.1727851834121941	0.17647058823529413	0.24294772744178772	15.208032608032227	0.038269631988208486
cov10_n10_g0_s42_hotspots_p80_chr1	10	10	3726	455	1131	0	0.3140648172707472	0.22730257039648294	0.25	0.3489845097064972	8.09890365600586	0.04382872684818075
cov10_n10_g0_s42_hotspots_p80_chr1	10	10	3727	931	2215	0	0.5048292743628244	0.42571100837414866	0.25	0.45600390434265137	12.256089210510254	0.03361385847491933
cov10_n10_g0_s42_hotspots_p80_chr1	10	10	3728	202	885	0	0.46726982785572974	0.41451125194467153	0.25	0.6262751817703247	5.566792011260986	0.04392915046856018
cov10_n10_g0_s42_hotspots_p80_chr1	10	10	3729	558	1473	0	0.5277442202036666	0.46018394479311464	0.3333333333333333	0.5270935297012329	10.024706840515137	0.03433927164380594
cov10_n10_g0_s42_hotspots_p80_chr1	10	10	3730	751	2360	0	0.5476481955289167	0.49470514745763355	0.3333333333333333	0.6439357995986938	7.232996463775635	0.03699123814452359
cov10_n10_g0_s42_hotspots_p80_chr1	10	10	3731	674	1510	0	0.4765713325798157	0.38655774061924036	0.25	0.4015558958053589	14.085226058959961	0.03366845783544693
cov10_n10_g0_s42_hotspots_p80_chr1	10	10	3732	1069	2089	0	0.5198567757586307	0.4381072897736682	0.25	0.44111576676368713	13.88872241973877	0.032360800196245015
cov10_n10_g0_s42_hotspots_p80_chr1	10	10	3733	957	1933	0	0.5268177521064653	0.459782822068402	0.3333333333333333	0.5306723117828369	9.855257987976074	0.034520686363315886
cov10_n10_g0_s42_hotspots_p80_chr1	10	10	3734	725	1820	0	0.4492743278825754	0.39023951245703814	0.25	0.5685662627220154	6.243971347808838	0.04278451867080265
cov10_n10_g0_s42_hotspots_p80_chr1	10	10	3735	1102	1993	0	0.4538995020225653	0.3280880369010017	0.17647058823529413	0.2807924747467041	26.130542755126953	0.0320372627664889
cov10_n10_g0_s42_hotspots_p80_chr1	10	10	3736	829	2078	0	0.25593365831789544	0.1667251443327997	0.25	0.29804742336273193	7.3736748695373535	0.04690523562169001
cov10_n10_g0_s42_hotspots_p80_chr1	10	10	3737	1298	2494	0	0.6417623510209329	0.5772251149372291	0.3333333333333333	0.4975503385066986	16.636978149414062	0.02752203654785303
cov10_n10_g0_s42_hotspots_p80_chr1	10	10	3738	766	1747	0	0.3612066170137501	0.2580171451950217	0.25	0.32387471199035645	12.43819522857666	0.03801686743017574
cov10_n10_g0_s42_hotspots_p80_chr1	10	10	3739	607	1090	0	0.43342399351136146	0.3925042336312284	0.3333333333333333	0.7270500063896179	3.5538361072540283	0.05431115403733675
cov10_n10_g0_s42_hotspots_p80_chr1	10	10	3740	802	1691	0	0.5164856304014174	0.43900421881426804	0.42857142857142855	0.46511030197143555	12.3311767578125	0.033180039542884
cov10_n10_g0_s42_hotspots_p80_chr1	10	10	3741	539	1657	0	0.4899987937733719	0.38741945852000725	0.25	0.3494763970375061	19.658679962158203	0.031814469337980336
cov10_n10_g0_s42_hotspots_p80_chr1	10	10	3742	1251	2735	0	0.3482746632262553	0.2667182909480307	0.17647058823529413	0.3903765082359314	7.959328651428223	0.042948141756476654
cov10_n10_g0_s42_hotspots_p80_chr1	10	10	3743	736	1672	0	0.46782881399323606	0.39210477389559656	0.42857142857142855	0.46945062279701233	9.931026458740234	0.036538404126530755
cov10_n10_g0_s42_hotspots_p80_chr1	10	10	3744	11	90	1	0.2560799070356634	0.20424498933237573	0.17647058823529413	0.4661835730075836	3.0174286365509033	0.06501646397387512
cov10_n10_g0_s42_hotspots_p80_chr1	10	10	3745	907	1787	0	0.46380014829651806	0.3930464489929863	0.25	0.4964868426322937	8.72662353515625	0.03796288969659175
cov10_n10_g0_s42_hotspots_p80_chr1	10	10	3746	926	1669	0	0.4202436235431572	0.32743771553723455	0.25	0.3795711398124695	12.257891654968262	0.0363431320274161
cov10_n10_g0_s42_hotspots_p80_chr1	10	10	3747	588	1940	0	0.2510806262118074	0.13184874202580416	0.1111111111111111	0.22833947837352753	12.091059684753418	0.041388078913122496
cov10_n10_g0_s42_hotspots_p80_chr1	10	10	3748	581	1505	0	0.4798153410857525	0.39353948751639745	0.25	0.4186168909072876	13.13755989074707	0.03398423237600628
cov10_n10_g0_s42_hotspots_p80_chr1	10	10	3749	412	894	0	0.42091226274983895	0.3293900913262904	0.25	0.384626179933548	11.975823402404785	0.036499370496540874
cov10_n10_g0_s42_hotspots_p80_chr1	10	10	3750	876	2571	0	0.40264575142474374	0.31285015279621287	0.25	0.38494572043418884	10.940752983093262	0.03781736204335274
cov10_n10_g0_s42_hotspots_p80_chr1	10	10	3751	614	1785	0	0.48741604640923586	0.4110515571953782	0.3333333333333333	0.4696287512779236	10.771851539611816	0.03516191094332215
cov10_n10_g0_s42_hotspots_p80_chr1	10	10	3752	618	1576	0	0.5337257229952906	0.4798024199710088	0.3333333333333333	0.6337788701057434	7.091870307922363	0.037790666755423884
cov10_n10_g0_s42_hotspots_p80_chr1	10	10	3753	99	213	1	0.24630731323801766	0.15828435995883353	0.25	0.2934606075286865	7.04457950592041	0.0478619104456376
cov10_n10_g0_s42_hotspots_p80_chr1	10	10	3754	685	2207	0	0.5619300832243911	0.48209679713280645	0.25	0.44063428044319153	16.263273239135742	0.030282292447561827
cov10_n10_g0_s42_hotspots_p80_chr1	10	10	3755	836	2228	0	0.3905392920858396	0.29764398917736795	0.25	0.36879920959472656	11.213715553283691	0.03798299909169524
cov10_n10_g0_s42_hotspots_p80_chr1	10	10	3756	744	1899	0	0.5388965796362959	0.45414497162776135	0.25	0.4205191731452942	16.42249870300293	0.030981494413986392
cov10_n10_g0_s42_hotspots_p80_chr1	10	10	3757	762	2275	0	0.41965078411554996	0.35206778147179174	0.17647058823529413	0.49837976694107056	7.090146064758301	0.04203641909441379
cov10_n10_g0_s42_hotspots_p80_chr1	10	10	3758	203	574	0	0.2925601833499965	0.1835561852092489	0.17647058823529413	0.273753821849823	11.421156883239746	0.04074402440010607
cov10_n10_g0_s42_hotspots_p80_chr1	10	10	3759	1382	2718	0	0.4803177211660552	0.3785292836388075	0.25	0.35384565591812134	18.425935745239258	0.032307545759811214
cov10_n10_g0_s42_hotspots_p80_chr1	10	10	3760	952	2317	0	0.5961789901021621	0.545574534863406	0.3333333333333333	0.6639538407325745	8.062644004821777	0.03377092069440492
cov10_n10_g0_s42_hotspots_p80_chr1	10	10	3761	329	848	0	0.2882786935433671	0.17011872498132366	0.17647058823529413	0.2525551915168762	13.029043197631836	0.03972413733598617
cov10_n10_g0_s42_hotspots_p80_chr1	10	10	3762	838	1932	0	0.5406910459470367	0.46836763741487775	0.25	0.4948171079158783	11.940126419067383	0.03255529550270343
cov10_n10_g0_s42_hotspots_p80_chr1	10	10	3763	21	83	1	0.36037499329391903	0.0746047096946136	0.05263157894736842	0.12987010180950165	77.00003814697266	0.0329797261611233
cov10_n10_g0_s42_hotspots_p80_chr1	10	10	3766	212	498	0	0.18838343035485422	0.12409070124744992	0.1111111111111111	0.3142024874687195	3.594728946685791	0.06278381653128698
cov10_n10_g0_s42_hotspots_p80_chr1	10	10	3767	963	1664	0	0.5077155131831382	0.4325895950930888	0.25	0.4785984754562378	11.253774642944336	0.03412099268223158
cov10_n10_g0_s42_hotspots_p80_chr1	10	10	3768	1264	2545	0	0.5276773398702947	0.4673125260547348	0.3333333333333333	0.5795254707336426	8.290712356567383	0.036178686823164906
cov10_n10_g0_s42_hotspots_p80_chr1	10	10	3770	2	10	1	0.44721360315169273	0.42365927286816035	0.17647058823529413	1.0	2.0	0.07071067811865477
cov10_n10_g0_s42_hotspots_p80_chr1	10	10	3771	8	24	1	0.20881978613233998	0.13541859122988936	0.17647058823529413	0.3037036955356598	4.727626800537109	0.05598904858042746
cov10_n10_g0_s42_hotspots_p80_chr1	10	10	3772	1075	2548	0	0.5436061817107591	0.48029214735601905	0.3333333333333333	0.5575790405273438	9.505081176757812	0.03422189886942766
cov10_n10_g0_s42_hotspots_p80_chr1	10	10	3773	1264	2670	0	0.3345880554765196	0.21612582583909165	0.17647058823529413	0.27501028776168823	14.802087783813477	0.037509328378083934
cov10_n10_g0_s42_hotspots_p80_chr1	10	10	3774	737	1447	0	0.5266050730737805	0.4496402654602645	0.17647058823529413	0.4675317108631134	12.686677932739258	0.032656642079457676
cov10_n10_g0_s42_hotspots_p80_chr1	10	10	3775	1042	2024	0	0.5466107910577958	0.4912539325138139	0.3333333333333333	0.6222125291824341	7.717538833618164	0.03625128699402027
cov10_n10_g0_s42_hotspots_p80_chr1	10	10	3776	805	1858	0	0.5915336452233124	0.5139453901626063	0.3333333333333333	0.4349067807197571	18.499778747558594	0.028955427822644115
cov10_n10_g0_s42_hotspots_p80_chr1	10	10	3777	721	1996	0	0.4199500162959095	0.34434276159236965	0.25	0.45437973737716675	8.541956901550293	0.03971669255176876
cov10_n10_g0_s42_hotspots_p80_chr1	10	10	3778	348	1197	0	0.43208156831259376	0.3295661185984618	0.25	0.34843018651008606	15.378002166748047	0.03452207919165548
cov10_n10_g0_s42_hotspots_p80_chr1	10	10	3779	501	1525	0	0.5078756481268973	0.4593887441437489	0.3333333333333333	0.679457426071167	5.587148189544678	0.04229223964464055
cov10_n10_g0_s42_hotspots_p80_chr1	10	10	3780	820	1806	0	0.42386399124773017	0.3713614388554924	0.25	0.607431173324585	4.869214057922363	0.047943417638694016
cov10_n10_g0_s42_hotspots_p80_chr1	10	10	3781	166	394	1	0.49389202221714945	0.4127149053266232	0.25	0.4446243345737457	12.33892822265625	0.033933654880723294
cov10_n10_g0_s42_hotspots_p80_chr1	10	10	3782	135	444	1	0.32412764184447007	0.2469602158373754	0.25	0.3927018642425537	6.812497615814209	0.045859661362144755
cov10_n10_g0_s42_hotspots_p80_chr1	10	10	3783	108	180	1	0.49499064290931044	0.4560324304769209	0.25	0.7805227637290955	4.021822452545166	0.04905850607471044
cov10_n10_g0_s42_hotspots_p80_chr1	10	10	3784	1	11	1	0.22360680157584636	0.18156825980063976	0.1111111111111111	0.5	2.0	0.07905694150420949
cov10_n10_g0_s42_hotspots_p80_chr1	10	10	3785	494	948	0	0.3651115594346746	0.3004593205496374	0.17647058823529413	0.48437708616256714	5.681774616241455	0.0473188560727803
cov10_n10_g0_s42_hotspots_p80_chr1	10	10	3786	698	1633	0	0.3662735666215332	0.2820312607447621	0.25	0.3898647725582123	8.826390266418457	0.04112840317609402
cov10_n10_g0_s42_hotspots_p80_chr1	10	10	3787	930	1897	0	0.3806859755738677	0.23068870075959064	0.1111111111111111	0.23237836360931396	26.837522506713867	0.03368708803515861
cov10_n10_g0_s42_hotspots_p80_chr1	10	10	3788	821	1982	0	0.43659530322703705	0.399832558316409	0.25	0.7797752022743225	3.134868621826172	0.05734082390977994
cov10_n10_g0_s42_hotspots_p80_chr1	10	10	3789	644	1723	0	0.4639981338870539	0.3668873606018437	0.25	0.37169894576072693	15.58295726776123	0.03350986607491943
cov10_n10_g0_s42_hotspots_p80_chr1	10	10	3790	904	2609	0	0.569220322213004	0.4840901758713092	0.3333333333333333	0.3999878466129303	20.251968383789062	0.02944918264092605
cov10_n10_g0_s42_hotspots_p80_chr1	10	10	3791	534	1425	0	0.3744242962698881	0.20790130330925413	0.1111111111111111	0.20900605618953705	32.09299850463867	0.033421219806886816
cov10_n10_g0_s42_hotspots_p80_chr1	10	10	3792	172	396	1	0.21422669404566833	-0.01400216911966028	0.05263157894736842	0.1193598061800003	32.212982177734375	0.03660113072940561
cov10_n10_g0_s42_hotspots_p80_chr1	10	10	3793	2	9	1	0.22360680157584636	0.18156825980063976	0.1111111111111111	0.5	2.0	0.07905694150420949
cov10_n10_g0_s42_hotspots_p80_chr1	10	10	3794	361	711	0	0.42455430359174406	0.3027675986954224	0.25	0.2923673093318939	21.086713790893555	0.033344745824744663
cov10_n10_g0_s42_hotspots_p80_chr1	10	10	3795	1163	2691	0	0.48361157436701596	0.37713816808108164	0.25	0.33595821261405945	20.72157859802246	0.03183300765968741
cov10_n10_g0_s42_hotspots_p80_chr1	10	10	3796	369	943	0	0.5113117203589824	0.4321280345004914	0.3333333333333333	0.4556664228439331	12.591498374938965	0.03321998296607941
cov10_n10_g0_s42_hotspots_p80_chr1	10	10	3797	797	1514	0	0.5424251117241679	0.4637978123124242	0.3333333333333333	0.45511943101882935	14.204593658447266	0.03149918054345269
cov10_n10_g0_s42_hotspots_p80_chr1	10	10	3798	891	1815	0	0.47425616257329706	0.38500879627241286	0.17647058823529413	0.40472614765167236	13.731040954589844	0.03388998069656622
cov10_n10_g0_s42_hotspots_p80_chr1	10	10	3799	263	813	0	0.39264987994876255	0.32231199854610526	0.3333333333333333	0.468913733959198	7.011727333068848	0.043132855545726746
cov10_n10_g0_s42_hotspots_p80_chr1	10	10	3800	555	1092	0	0.5259723552152791	0.44059321272550866	0.25	0.42066890001296997	15.633095741271973	0.03158976836097085
cov10_n10_g0_s42_hotspots_p80_chr1	10	10	3806	751	2122	0	0.46916269905034713	0.3854452343495688	0.17647058823529413	0.42926865816116333	11.945068359375	0.03497549680043945
cov10_n10_g0_s42_hotspots_p80_chr1	10	10	3807	602	1330	0	0.491654420257896	0.41447553445895463	0.3333333333333333	0.4656875431537628	11.146297454833984	0.034745210698574946
cov10_n10_g0_s42_hotspots_p80_chr1	10	10	3808	737	1732	0	0.33417765842290426	0.22797337712345012	0.25	0.3031589388847351	12.151057243347168	0.03899768814470198
cov10_n10_g0_s42_hotspots_p80_chr1	10	10	3809	459	1099	0	0.439819090935911	0.3478706155672979	0.25	0.3880108594894409	12.848736763000488	0.03539535591255834
cov10_n10_g0_s42_hotspots_p80_chr1	10	10	3810	415	1212	0	0.3312139181353942	0.22434422909858195	0.17647058823529413	0.2999974191188812	12.189393043518066	0.039057497478270135
cov10_n10_g0_s42_hotspots_p80_chr1	10	10	3811	682	1218	0	0.261420228147681	0.14342797805863572	0.17647058823529413	0.23700276017189026	12.166666984558105	0.041047417133125555
cov10_n10_g0_s42_hotspots_p80_chr1	10	10	3812	302	757	0	0.3640153134166239	0.20713294381812405	0.1111111111111111	0.21991941332817078	27.3975830078125	0.03400656082043387
cov10_n10_g0_s42_hotspots_p80_chr1	10	10	3813	341	693	0	0.32850899157275437	0.1991846890693097	0.17647058823529413	0.2515591084957123	17.05353355407715	0.03679793596431375
cov10_n10_g0_s42_hotspots_p80_chr1	10	10	3814	835	1503	0	0.4205734711474357	0.32269930836739497	0.25	0.3614691197872162	13.537590026855469	0.035632598833103116
cov10_n10_g0_s42_hotspots_p80_chr1	10	10	3815	1205	2214	0	0.42565886504113354	0.33107728596609537	0.3333333333333333	0.3745241165161133	12.917064666748047	0.03579667346326447
cov10_n10_g0_s42_hotspots_p80_chr1	10	10	3816	810	2463	0	0.5704397478221739	0.5060374045391919	0.3333333333333333	0.5463029742240906	10.90316390991211	0.03210450016870557
cov10_n10_g0_s42_hotspots_p80_chr1	10	10	3817	4	12	1	0.22360680157584636	0.18156825980063976	0.1111111111111111	0.5	2.0	0.07905694150420949
cov10_n10_g0_s42_hotspots_p80_chr1	10	10	3818	37	92	1	0.22360684755616433	0.1815682619615253	0.1111111111111111	0.49999961256980896	2.0000038146972656	0.07905687181439505
cov10_n10_g0_s42_hotspots_p80_chr1	10	10	3819	1062	2232	0	0.5865342399602018	0.5227583146344874	0.3333333333333333	0.5469407439231873	11.500222206115723	0.031138139359862857
cov10_n10_g0_s42_hotspots_p80_chr1	10	10	3820	962	1743	0	0.45107453143967063	0.34551295375650004	0.25	0.34079697728157043	17.518831253051758	0.033339547188466434
cov10_n10_g0_s42_hotspots_p80_chr1	10	10	3821	153	705	1	0.36604290204887624	0.2722465790508366	0.17647058823529413	0.35493749380111694	10.635555267333984	0.03921682304814169
cov10_n10_g0_s42_hotspots_p80_chr1	10	10	3822	594	1037	0	0.5126585352957839	0.40613797048240907	0.25	0.32415205240249634	25.01259994506836	0.030649110351200742
cov10_n10_g0_s42_hotspots_p80_chr1	10	10	3823	1262	1872	0	0.557606985245158	0.501916265969558	0.42857142857142855	0.6194650530815125	8.102569580078125	0.035271204649368386
cov10_n10_g0_s42_hotspots_p80_chr1	10	10	3824	723	1101	0	0.2677733027318191	0.14917185494893936	0.1111111111111111	0.23982267081737518	12.466773986816406	0.04065843574216998
cov10_n10_g0_s42_hotspots_p80_chr1	10	10	3825	1077	1670	0	0.49783885119132903	0.4067842187814578	0.25	0.3968989849090576	15.733220100402832	0.03243839956338415
cov10_n10_g0_s42_hotspots_p80_chr1	10	10	3826	920	2033	0	0.5525563945702402	0.4615554414904907	0.25	0.3762763440608978	21.564502716064453	0.02981552481481052
cov10_n10_g0_s42_hotspots_p80_chr1	10	10	3827	942	1733	0	0.5341795729128966	0.4778477813094198	0.3333333333333333	0.6129084825515747	7.595970153808594	0.0369234103821593
cov10_n10_g0_s42_hotspots_p80_chr1	10	10	3828	1186	2051	0	0.5406835961807331	0.45152291914155274	0.25	0.395169734954834	18.72056770324707	0.030492465660813733
cov10_n10_g0_s42_hotspots_p80_chr1	10	10	3829	177	293	1	0.2774782445355804	0.1857906665752946	0.17647058823529413	0.3075888454914093	8.137982368469238	0.044911415170731925
cov10_n10_g0_s42_hotspots_p80_chr1	10	10	3830	1044	2046	0	0.3398664943893535	0.21095976768488928	0.1111111111111111	0.2567252516746521	17.525867462158203	0.03635131855867545
cov10_n10_g0_s42_hotspots_p80_chr1	10	10	3831	1261	2207	0	0.47321663338091413	0.37261646024939626	0.25	0.35871896147727966	17.402488708496094	0.03273363237189216
cov10_n10_g0_s42_hotspots_p80_chr1	10	10	3832	900	2440	0	0.38342164642839466	0.28662552962211074	0.25	0.35264527797698975	11.821625709533691	0.0377593841870923
cov10_n10_g0_s42_hotspots_p80_chr1	10	10	3833	1079	2552	0	0.4920944992551125	0.38303712611615676	0.25	0.3240741193294525	23.057292938232422	0.03133596220843687
cov10_n10_g0_s42_hotspots_p80_chr1	10	10	3834	634	1435	0	0.21779234936068623	0.11372037720234711	0.17647058823529413	0.23177537322044373	8.82979679107666	0.04567518844405636
cov10_n10_g0_s42_hotspots_p80_chr1	10	10	3835	764	1823	0	0.427540744437436	0.27844184362396307	0.25	0.2330988347530365	33.64146041870117	0.032230703323730556
cov10_n10_g0_s42_hotspots_p80_chr1	10	10	3836	1152	1942	0	0.3572803958277632	0.2154610087152558	0.1111111111111111	0.2403469979763031	22.097387313842773	0.03485412741365184
cov10_n10_g0_s42_hotspots_p80_chr1	10	10	3837	1211	1972	0	0.5677255820721234	0.49331198114230923	0.3333333333333333	0.47421011328697205	14.3329439163208	0.030603782906552152
cov10_n10_g0_s42_hotspots_p80_chr1	10	10	3838	1287	2265	0	0.4818262685592301	0.4145288035567084	0.3333333333333333	0.5225874185562134	8.50086498260498	0.03760279554406805
cov10_n10_g0_s42_hotspots_p80_chr1	10	10	3839	200	574	0	0.1706309861269205	0.013809187328866445	0.05263157894736842	0.13406343758106232	16.19925880432129	0.04106679544715569
cov10_n10_g0_s42_hotspots_p80_chr1	10	10	3840	1052	2422	0	0.5686021332114766	0.5060206876898193	0.42857142857142855	0.5609642863273621	10.274165153503418	0.032622587745536086
cov10_n10_g0_s42_hotspots_p80_chr1	10	10	3841	560	1432	0	0.35060005816005047	0.2213847720195267	0.17647058823529413	0.25998732447624207	18.185264587402344	0.035880376495680266
cov10_n10_g0_s42_hotspots_p80_chr1	10	10	3842	771	1356	0	0.44476130945699616	0.3600616249150506	0.25	0.41957974433898926	11.236344337463379	0.03624240881268285
cov10_n10_g0_s42_hotspots_p80_chr1	10	10	3843	1095	2067	0	0.4822323257880645	0.3846281564402563	0.17647058823529413	0.3699841797351837	16.9881591796875	0.032570633557633615
cov10_n10_g0_s42_hotspots_p80_chr1	10	10	3844	1073	2149	0	0.4595886196345927	0.35732709863918016	0.25	0.35252195596694946	16.996761322021484	0.03322844115960455
cov10_n10_g0_s42_hotspots_p80_chr1	10	10	3845	354	882	0	0.3869037755506352	0.26442796608132146	0.25	0.2844216227531433	18.504642486572266	0.03484899038443833
cov10_n10_g0_s42_hotspots_p80_chr1	10	10	3848	312	916	0	0.2849082687894856	0.19726055188800354	0.25	0.32537826895713806	7.66713285446167	0.04546306048242548
cov10_n10_g0_s42_hotspots_p80_chr1	10	10	3849	494	938	0	0.31281699866286583	0.22578695293091386	0.17647058823529413	0.3472263813018799	8.11624813079834	0.0438412426204663
cov10_n10_g0_s42_hotspots_p80_chr1	10	10	3850	651	1335	0	0.3892342850932656	0.29266724044668213	0.25	0.35568755865097046	11.975255966186523	0.037477993810765414
cov10_n10_g0_s42_hotspots_p80_chr1	10	10	3851	702	1506	0	0.4532916397581207	0.3564929844458179	0.25	0.3718215525150299	14.86230754852295	0.03408078534090107
cov10_n10_g0_s42_hotspots_p80_chr1	10	10	3852	432	940	0	0.2408056355034716	0.143143513831945	0.25	0.2638852298259735	8.32728099822998	0.04573157634157844
cov10_n10_g0_s42_hotspots_p80_chr1	10	10	3853	4	42	1	0.22360680157584636	0.18156825980064023	0.1111111111111111	0.5	2.0	0.07905694150420949
cov10_n10_g0_s42_hotspots_p80_chr1	10	10	3854	251	747	0	0.44634945550963595	0.3433819194107698	0.17647058823529413	0.3490394353866577	16.353134155273438	0.03379024847456979
cov10_n10_g0_s42_hotspots_p80_chr1	10	10	3855	973	2524	0	0.35505329123239115	0.22996855453387297	0.17647058823529413	0.2694597840309143	17.361974716186523	0.03600437048390752
cov10_n10_g0_s42_hotspots_p80_chr1	10	10	3856	290	903	0	0.38233811405482276	0.26755425218833573	0.17647058823529413	0.3011658787727356	16.116979598999023	0.03567442858120977
cov10_n10_g0_s42_hotspots_p80_chr1	10	10	3857	974	2438	0	0.41566391268065234	0.2927577649841225	0.17647058823529413	0.2887677550315857	20.71988296508789	0.03363578331381169
cov10_n10_g0_s42_hotspots_p80_chr1	10	10	3858	334	697	0	0.33133209148973414	0.1834151922649269	0.1111111111111111	0.22365713119506836	21.94631004333496	0.03550252106132355
cov10_n10_g0_s42_hotspots_p80_chr1	10	10	3859	706	1661	0	0.4718548074421439	0.34700428392953203	0.25	0.27783870697021484	28.84238624572754	0.03144508081083609
cov10_n10_g0_s42_hotspots_p80_chr1	10	10	3860	368	884	0	0.38381887779778395	0.2670521975378548	0.17647058823529413	0.296786904335022	16.72488784790039	0.03543193305492893
cov10_n10_g0_s42_hotspots_p80_chr1	10	10	3861	510	1258	0	0.5828787023125959	0.5054023769689334	0.3333333333333333	0.4437562823295593	17.25310707092285	0.029412862152460018
cov10_n10_g0_s42_hotspots_p80_chr1	10	10	3862	932	1630	0	0.5007905048585412	0.41140847537261455	0.3333333333333333	0.40437737107276917	15.336930274963379	0.03246664099611303
cov10_n10_g0_s42_hotspots_p80_chr1	10	10	3863	184	524	1	0.365537782717188	0.24851507956952634	0.25	0.29034534096717834	15.850201606750488	0.036232169423766995
cov10_n10_g0_s42_hotspots_p80_chr1	10	10	3864	372	1014	0	0.40706811934789944	0.28649214010297647	0.17647058823529413	0.29308032989501953	19.291269302368164	0.03413591478448221
cov10_n10_g0_s42_hotspots_p80_chr1	10	10	3865	345	1119	0	0.46725190809375283	0.36813159893551783	0.25	0.36424580216407776	16.455575942993164	0.03315126648232883
cov10_n10_g0_s42_hotspots_p80_chr1	10	10	3866	828	2307	0	0.4680444227138013	0.3609790198913081	0.17647058823529413	0.33580687642097473	19.426517486572266	0.032464336778638594
cov10_n10_g0_s42_hotspots_p80_chr1	10	10	3867	97	225	1	0.3578122472357217	0.2786158996266461	0.17647058823529413	0.40599167346954346	7.767409324645996	0.04294542017758865
cov10_n10_g0_s42_hotspots_p80_chr1	10	10	3868	5	26	1	0.22360680157584636	0.18156825980063976	0.1111111111111111	0.5	2.0	0.07905694150420949
cov10_n10_g0_s42_hotspots_p80_chr1	10	10	3869	780	1656	0	0.302479699927155	0.1621591676185959	0.1111111111111111	0.2233048528432846	18.348316192626953	0.03705400599297454
cov10_n10_g0_s42_hotspots_p80_chr1	10	10	3870	206	551	0	0.43027779598902666	0.30118078309395147	0.17647058823529413	0.2749982476234436	24.481496810913086	0.03275811451022543
cov10_n10_g0_s42_hotspots_p80_chr1	10	10	3871	1	8	1	0.0	-0.0746047096952992	0.05263157894736842	0.0	2.999999761581421	0.07359800890662299
cov10_n10_g0_s42_hotspots_p80_chr1	10	10	3872	12	142	1	0.22360680157584636	0.18156825980064012	0.1111111111111111	0.5	2.0	0.07905694150420949
cov10_n10_g0_s42_hotspots_p80_chr1	10	10	3873	428	1210	0	0.5059521769418333	0.4198556211304617	0.25	0.419801265001297	14.525510787963867	0.03257378906968228
cov10_n10_g0_s42_hotspots_p80_chr1	10	10	3874	686	1360	0	0.4987426029425684	0.37824643429550175	0.25	0.270825058221817	33.91370391845703	0.030684196443149105
cov10_n10_g0_s42_hotspots_p80_chr1	10	10	3876	3	9	1	0.22360680157584636	0.18156825980063976	0.1111111111111111	0.5	2.0	0.07905694150420949
cov10_n10_g0_s42_hotspots_p80_chr1	10	10	3878	24	95	1	0.37421733456391476	0.2819238411145852	0.17647058823529413	0.36387863755226135	10.576321601867676	0.039015237715448806
cov10_n10_g0_s42_hotspots_p80_chr1	10	10	3879	255	366	0	0.527046690000994	0.44136551469817686	0.25	0.4188220500946045	15.835765838623047	0.03150074997612755
cov10_n10_g0_s42_hotspots_p80_chr1	10	10	3880	551	969	0	0.41879895339603435	0.3115040595712775	0.17647058823529413	0.33086860179901123	16.02138328552246	0.03468480519762109
cov10_n10_g0_s42_hotspots_p80_chr1	10	10	3881	949	2280	0	0.5126763330849224	0.4175591556574804	0.25	0.37583455443382263	18.60771942138672	0.03133971681523346
cov10_n10_g0_s42_hotspots_p80_chr1	10	10	3882	1413	2365	0	0.552969737175324	0.4673319603695239	0.3333333333333333	0.409026563167572	18.276779174804688	0.030188764605587032
cov10_n10_g0_s42_hotspots_p80_chr1	10	10	3883	824	1858	0	0.43485775581302855	0.3190174237776737	0.25	0.3086889088153839	19.84505844116211	0.03328899965544326
cov10_n10_g0_s42_hotspots_p80_chr1	10	10	3884	613	2129	0	0.4003782174225611	0.2858072161980421	0.17647058823529413	0.30661043524742126	17.05167579650879	0.034878929577595544
cov10_n10_g0_s42_hotspots_p80_chr1	10	10	3885	243	663	0	0.4566316907765546	0.35266321268263207	0.25	0.3464559018611908	17.371456146240234	0.03321794018225857
cov10_n10_g0_s42_hotspots_p80_chr1	10	10	3886	567	1482	0	0.648353242384686	0.5932865058705069	0.42857142857142855	0.5948205590248108	11.880958557128906	0.02854911962147458
cov10_n10_g0_s42_hotspots_p80_chr1	10	10	3887	965	1804	0	0.5048371759581994	0.41047130969214096	0.25	0.3810722231864929	17.55044174194336	0.03177345076994825
cov10_n10_g0_s42_hotspots_p80_chr1	10	10	3888	539	1106	0	0.5314858229051828	0.4315662369153562	0.25	0.3424917161464691	24.081483840942383	0.030213271170728688
cov10_n10_g0_s42_hotspots_p80_chr1	10	10	3889	19	201	1	0.3162277589455968	0.22428065200812897	0.17647058823529413	0.3333333432674408	9.0	0.042491829450410766
cov10_n10_g0_s42_hotspots_p80_chr1	10	10	3890	190	687	1	0.4007466752598228	0.3029462285719573	0.25	0.3557470738887787	12.689870834350586	0.036683374222373506
cov10_n10_g0_s42_hotspots_p80_chr1	10	10	3891	931	2255	0	0.4968441982482006	0.3952900772560014	0.17647058823529413	0.35209473967552185	19.912294387817383	0.03158347650302346
cov10_n10_g0_s42_hotspots_p80_chr1	10	10	3892	278	450	0	0.5137047995317763	0.45279825036902915	0.3333333333333333	0.5736316442489624	8.019754409790039	0.037075223514003976
cov10_n10_g0_s42_hotspots_p80_chr1	10	10	3893	383	1032	0	0.5581546357103301	0.5021763948519377	0.42857142857142855	0.6169289350509644	8.185378074645996	0.035139591672181
cov10_n10_g0_s42_hotspots_p80_chr1	10	10	3894	405	998	0	0.40347564056381063	0.3180303179306817	0.17647058823529413	0.4025348722934723	10.046796798706055	0.03857253489476702
cov10_n10_g0_s42_hotspots_p80_chr1	10	10	3895	492	1205	0	0.39217962709393905	0.29127961616740333	0.3333333333333333	0.34283655881881714	13.085663795471191	0.036717194836361766
cov10_n10_g0_s42_hotspots_p80_chr1	10	10	3896	821	1843	0	0.3813930746155695	0.2842462633023594	0.3333333333333333	0.3506818115711212	11.828210830688477	0.0378165423524661
cov10_n10_g0_s42_hotspots_p80_chr1	10	10	3897	1103	1953	0	0.6345611210788247	0.5710593135837561	0.42857142857142855	0.5185202956199646	14.976675033569336	0.028077222842090438
cov10_n10_g0_s42_hotspots_p80_chr1	10	10	3898	835	1779	0	0.6090748285229078	0.5608443554503023	0.42857142857142855	0.6861492991447449	7.879596710205078	0.03348137035875526
cov10_n10_g0_s42_hotspots_p80_chr1	10	10	3899	362	922	0	0.4561840971366382	0.3676031750185248	0.25	0.40515753626823425	12.677464485168457	0.03497295625780673
cov10_n10_g0_s42_hotspots_p80_chr1	10	10	3900	797	1797	0	0.47610908351984843	0.3915395156784642	0.3333333333333333	0.4262235164642334	12.477804183959961	0.03444154619882013
cov10_n10_g0_s42_hotspots_p80_chr1	10	10	3901	780	2196	0	0.48391199055743184	0.37996579273015857	0.17647058823529413	0.34528082609176636	19.642091751098633	0.03198728285745091
cov10_n10_g0_s42_hotspots_p80_chr1	10	10	3902	998	2701	0	0.6293828886281098	0.5891130867581351	0.5384615384615384	0.774885356426239	6.597128868103027	0.03474982469103082
cov10_n10_g0_s42_hotspots_p80_chr1	10	10	3903	1227	2852	0	0.5474864801657319	0.46943198543982817	0.3333333333333333	0.4573131799697876	14.332414627075195	0.031286834278446106
cov10_n10_g0_s42_hotspots_p80_chr1	10	10	3904	847	1985	0	0.7081991416642017	0.6565353510308157	0.5384615384615384	0.5346199870109558	17.547710418701172	0.02501587036863945
cov10_n10_g0_s42_hotspots_p80_chr1	10	10	3905	626	1596	0	0.48550724151478336	0.437875133780619	0.3333333333333333	0.680769145488739	5.086179256439209	0.04478523809121169
cov10_n10_g0_s42_hotspots_p80_chr1	10	10	3906	143	216	1	0.28028251363093215	0.1701551681029013	0.1111111111111111	0.2638888955116272	11.281057357788086	0.0412107990282133
cov10_n10_g0_s42_hotspots_p80_chr1	10	10	3910	450	1366	0	0.5990320855100119	0.5595187059298877	0.42857142857142855	0.7896400094032288	5.754953384399414	0.038051831777163626
cov10_n10_g0_s42_hotspots_p80_chr1	10	10	3911	420	1747	0	0.4095981844600455	0.3153833244050054	0.17647058823529413	0.371074378490448	12.18411636352539	0.036718385832005596
cov10_n10_g0_s42_hotspots_p80_chr1	10	10	3912	837	1802	0	0.5173215777207876	0.44081579207910976	0.42857142857142855	0.4707135558128357	12.07835578918457	0.03328851599697494
cov10_n10_g0_s42_hotspots_p80_chr1	10	10	3913	406	1504	0	0.5364609399246049	0.4566053978291627	0.3333333333333333	0.44917038083076477	14.264412879943848	0.031676182375061805
cov10_n10_g0_s42_hotspots_p80_chr1	10	10	3914	327	1282	0	0.5198104297028963	0.4483249014794782	0.3333333333333333	0.5011276602745056	10.759528160095215	0.034043234588975
cov10_n10_g0_s42_hotspots_p80_chr1	10	10	3915	96	486	1	0.45637092647530386	0.3573842783941957	0.25	0.36406105756759644	15.714030265808105	0.033694434565135246
cov10_n10_g0_s42_hotspots_p80_chr1	10	10	3916	837	1550	0	0.6585311702175479	0.5996459478724916	0.42857142857142855	0.5401304364204407	14.86467170715332	0.027213855720765113
cov10_n10_g0_s42_hotspots_p80_chr1	10	10	3917	1500	2828	0	0.40877387390171255	0.2766803122331316	0.25	0.26757487654685974	23.33864402770996	0.03341639146648735
cov10_n10_g0_s42_hotspots_p80_chr1	10	10	3918	229	966	0	0.31535094806371133	0.20396875367792597	0.1111111111111111	0.2811669707298279	12.57939624786377	0.03925265687242823
cov10_n10_g0_s42_hotspots_p80_chr1	10	10	3920	342	615	0	0.3449967215718508	0.19460521099822914	0.1111111111111111	0.2243591547012329	23.645164489746094	0.03489629512410829
cov10_n10_g0_s42_hotspots_p80_chr1	10	10	3921	2090	2993	0	0.4302131211441613	0.313243204080165	0.25	0.30526262521743774	19.861865997314453	0.03340943317052342
cov10_n10_g0_s42_hotspots_p80_chr1	10	10	3922	1141	1771	0	0.4422133334643997	0.33342653493063223	0.25	0.3298424482345581	17.974239349365234	0.033478852939216874
cov10_n10_g0_s42_hotspots_p80_chr1	10	10	3923	521	1308	0	0.40908591693420077	0.3126588892324686	0.3333333333333333	0.36312755942344666	12.691429138183594	0.036429351171762055
cov10_n10_g0_s42_hotspots_p80_chr1	10	10	3924	60	365	1	0.2974999617340654	0.22759522749248215	0.17647058823529413	0.40453603863716125	5.40828275680542	0.05049682861980711
cov10_n10_g0_s42_hotspots_p80_chr1	10	10	3925	185	802	1	0.42291908938985806	0.34032670671441273	0.17647058823529413	0.4222366511821747	10.03235149383545	0.0379523066430304
cov10_n10_g0_s42_hotspots_p80_chr1	10	10	3926	801	2141	0	0.6954764955229013	0.6451127491277895	0.5384615384615384	0.5975199937820435	13.547530174255371	0.026055277787921667
cov10_n10_g0_s42_hotspots_p80_chr1	10	10	3927	330	738	0	0.5075842389351817	0.4218671497649032	0.25	0.4215691387653351	14.497017860412598	0.03253188415655552
cov10_n10_g0_s42_hotspots_p80_chr1	10	10	3928	1160	2437	0	0.63964605120512	0.5858141668838626	0.5384615384615384	0.6143713593482971	10.839706420898438	0.029448927865873702
cov10_n10_g0_s42_hotspots_p80_chr1	10	10	3929	913	1695	0	0.42277913867066164	0.3262226167562352	0.17647058823529413	0.3666502833366394	13.296062469482422	0.0356861630181388
cov10_n10_g0_s42_hotspots_p80_chr1	10	10	3930	615	1915	0	0.39475331174734335	0.2408783786753197	0.17647058823529413	0.22767189145088196	30.06302833557129	0.033115152848965844
cov10_n10_g0_s42_hotspots_p80_chr1	10	10	3931	1199	2246	0	0.4625740351421376	0.3561304394497771	0.25	0.33813634514808655	18.714521408081055	0.03275041375275984
cov10_n10_g0_s42_hotspots_p80_chr1	10	10	3932	1078	2129	0	0.5103074164562076	0.4218561456061969	0.25	0.4078124165534973	15.658239364624023	0.03207445776362432
cov10_n10_g0_s42_hotspots_p80_chr1	10	10	3933	465	1193	0	0.523190685688935	0.4411318930719841	0.25	0.43902355432510376	14.201830863952637	0.032134238223527706
cov10_n10_g0_s42_hotspots_p80_chr1	10	10	3934	310	696	0	0.4836294414246063	0.390763322038541	0.25	0.38949906826019287	15.417450904846191	0.03297001545517776
cov10_n10_g0_s42_hotspots_p80_chr1	10	10	3935	3	20	1	0.22360680157584636	0.18156825980063976	0.1111111111111111	0.5	2.0	0.07905694150420949
cov10_n10_g0_s42_hotspots_p80_chr1	10	10	3936	246	826	0	0.24489131770323327	0.16480180294257538	0.17647058823529413	0.3168918192386627	5.972067356109619	0.05050591921697204
cov10_n10_g0_s42_hotspots_p80_chr1	10	10	3937	445	1428	0	0.46880047807283054	0.39526696765576574	0.25	0.48178771138191223	9.468141555786133	0.03695602352899356
cov10_n10_g0_s42_hotspots_p80_chr1	10	10	3938	380	1411	0	0.5216569990812342	0.4714998151055701	0.25	0.6665343642234802	6.125265598297119	0.04030374369321423
cov10_n10_g0_s42_hotspots_p80_chr1	10	10	3939	851	2216	0	0.5421246803199247	0.47573500814057984	0.3333333333333333	0.5350828170776367	10.264938354492188	0.033615925936629786
cov10_n10_g0_s42_hotspots_p80_chr1	10	10	3940	163	725	1	0.5633211373142594	0.5009344575497077	0.42857142857142855	0.5632897615432739	10.001113891601562	0.033039921506077825
cov10_n10_g0_s42_hotspots_p80_chr1	10	10	3941	522	1471	0	0.6030070095158458	0.5512225913912295	0.42857142857142855	0.6506062150001526	8.590299606323242	0.03284226178440913
cov10_n10_g0_s42_hotspots_p80_chr1	10	10	3942	393	1480	0	0.5332957468955366	0.4656631406621489	0.42857142857142855	0.5266268253326416	10.254870414733887	0.033946514603400764
cov10_n10_g0_s42_hotspots_p80_chr1	10	10	3943	255	757	0	0.5613351874065797	0.48600054967227024	0.3333333333333333	0.47039589285850525	14.240243911743164	0.03085132372885389
cov10_n10_g0_s42_hotspots_p80_chr1	10	10	3944	74	149	1	0.46355273833138794	0.3724943810824506	0.3333333333333333	0.39583250880241394	13.714354515075684	0.034232623404746275
cov10_n10_g0_s42_hotspots_p80_chr1	10	10	3947	429	1215	0	0.3263688897924678	0.20264815354565952	0.1111111111111111	0.26092419028282166	15.645477294921875	0.03737167941430604
cov10_n10_g0_s42_hotspots_p80_chr1	10	10	3948	34	256	1	0.6274748124930742	0.5721435030392025	0.42857142857142855	0.605935275554657	10.723587989807129	0.030013603750646003
cov10_n10_g0_s42_hotspots_p80_chr1	10	10	3949	662	1734	0	0.5565790997542032	0.4861682201277026	0.42857142857142855	0.5050839781761169	12.143019676208496	0.03188554766995028
cov10_n10_g0_s42_hotspots_p80_chr1	10	10	3950	149	340	1	0.5390318753660568	0.4771427063504347	0.42857142857142855	0.5684067010879517	8.993122100830078	0.03491323854227161
cov10_n10_g0_s42_hotspots_p80_chr1	10	10	3951	459	1427	0	0.5529431594412387	0.4648908203793981	0.3333333333333333	0.39431583881378174	19.664030075073242	0.02999814774168582
cov10_n10_g0_s42_hotspots_p80_chr1	10	10	3952	428	1220	0	0.5340658628187308	0.4465449066636455	0.3333333333333333	0.40694308280944824	17.223535537719727	0.03095792903886612
cov10_n10_g0_s42_hotspots_p80_chr1	10	10	3953	534	889	0	0.42079335355880526	0.3182706783849397	0.1111111111111111	0.3460606634616852	14.785402297973633	0.03507530119398251
cov10_n10_g0_s42_hotspots_p80_chr1	10	10	3954	650	1540	0	0.5404469679504942	0.4519290844049585	0.1111111111111111	0.39886319637298584	18.359386444091797	0.030556383452020493
cov10_n10_g0_s42_hotspots_p80_chr1	10	10	3955	616	1564	0	0.7047631580936979	0.6639025692505434	0.5384615384615384	0.7240332365036011	9.474785804748535	0.027553730416727804
cov10_n10_g0_s42_hotspots_p80_chr1	10	10	3956	647	1285	0	0.6122022025309056	0.5496583017288561	0.3333333333333333	0.5458592176437378	12.578487396240234	0.02964982453153073
cov10_n10_g0_s42_hotspots_p80_chr1	10	10	3957	690	1676	0	0.3657772118712333	0.25987384364465166	0.17647058823529413	0.31826668977737427	13.208419799804688	0.03742591709414867
cov10_n10_g0_s42_hotspots_p80_chr1	10	10	3958	795	1739	0	0.3228793789212177	0.18977184880541184	0.1111111111111111	0.24283838272094727	17.678524017333984	0.03674202942894061
cov10_n10_g0_s42_hotspots_p80_chr1	10	10	3959	627	1426	0	0.5056031021438171	0.40026524962446464	0.25	0.33344095945358276	22.99225616455078	0.030984817576066064
cov10_n10_g0_s42_hotspots_p80_chr1	10	10	3960	789	1787	0	0.3480142906623717	0.2194543578674463	0.17647058823529413	0.2603148818016052	17.872947692871094	0.03603600771792758
cov10_n10_g0_s42_hotspots_p80_chr1	10	10	3961	215	745	0	0.4107997705826154	0.34424834902474705	0.25	0.5002030730247498	6.744779109954834	0.04304390716776112
cov10_n10_g0_s42_hotspots_p80_chr1	10	10	3962	714	1870	0	0.500309207099601	0.4204075697315936	0.25	0.451641708612442	12.271251678466797	0.03375702388105542
cov10_n10_g0_s42_hotspots_p80_chr1	10	10	3963	847	1918	0	0.6029859581628755	0.5388772803573838	0.42857142857142855	0.5372247695922852	12.59801959991455	0.029985955030842136
cov10_n10_g0_s42_hotspots_p80_chr1	10	10	3964	247	1112	0	0.4828807196455394	0.4389021748892516	0.17647058823529413	0.7176040410995483	4.528036594390869	0.04708044514801919
cov10_n10_g0_s42_hotspots_p80_chr1	10	10	3965	518	1311	0	0.6711077146303135	0.6188527691055632	0.42857142857142855	0.6058377623558044	12.270768165588379	0.02746063959062508
cov10_n10_g0_s42_hotspots_p80_chr1	10	10	3966	770	2269	0	0.48639922199455976	0.4304185724617882	0.42857142857142855	0.6059902906417847	6.44249963760376	0.040930000110916985
cov10_n10_g0_s42_hotspots_p80_chr1	10	10	3967	432	1494	0	0.30535970834377263	0.24261547057640215	0.17647058823529413	0.44861871004104614	4.633068084716797	0.053164362069371994
cov10_n10_g0_s42_hotspots_p80_chr1	10	10	3968	911	2304	0	0.5731879737891772	0.5099855383419133	0.3333333333333333	0.5551587343215942	10.660062789916992	0.03216681771727373
cov10_n10_g0_s42_hotspots_p80_chr1	10	10	3969	683	1949	0	0.2741902788369475	0.14743212325746527	0.1111111111111111	0.22978927195072174	14.2378568649292	0.0394140578766791
cov10_n10_g0_s42_hotspots_p80_chr1	10	10	3970	457	1245	0	0.3811818484933595	0.30524922053567205	0.25	0.4341323971748352	7.709391117095947	0.04226190019511118
cov10_n10_g0_s42_hotspots_p80_chr1	10	10	3971	1132	2338	0	0.5767352039518268	0.5061199230647685	0.42857142857142855	0.4976092278957367	13.433094024658203	0.030602525082311312
cov10_n10_g0_s42_hotspots_p80_chr1	10	10	3972	1064	1822	0	0.4327503083357793	0.3379280799929481	0.3333333333333333	0.3754150867462158	13.287745475769043	0.03538613705248757
cov10_n10_g0_s42_hotspots_p80_chr1	10	10	3973	572	1222	0	0.4353018956165478	0.33310750742455103	0.17647058823529413	0.3500629663467407	15.462821960449219	0.03439815604484968
cov10_n10_g0_s42_hotspots_p80_chr1	10	10	3974	492	1209	0	0.49907632921731604	0.4276742913787876	0.25	0.5000448226928711	9.961298942565918	0.035422368908482105
cov10_n10_g0_s42_hotspots_p80_chr1	10	10	3975	514	1266	0	0.4770241597915952	0.3915479861170997	0.25	0.42206743359565735	12.773711204528809	0.034254980216529354
cov10_n10_g0_s42_hotspots_p80_chr1	10	10	3976	809	2048	0	0.34198237835387685	0.23144393650262318	0.25	0.2961317002773285	13.336369514465332	0.03803889241096159
cov10_n10_g0_s42_hotspots_p80_chr1	10	10	3977	776	1790	0	0.5446820829174189	0.47642287278808226	0.3333333333333333	0.5217365622520447	10.898923873901367	0.03305390731739821
cov10_n10_g0_s42_hotspots_p80_chr1	10	10	3978	859	2484	0	0.3773780520524106	0.28013159840838997	0.17647058823529413	0.34870222210884094	11.7123441696167	0.038019658148464336
cov10_n10_g0_s42_hotspots_p80_chr1	10	10	3979	263	804	0	0.4604288652749258	0.3715725063901378	0.25	0.4047020673751831	12.943573951721191	0.034698342080648016
cov10_n10_g0_s42_hotspots_p80_chr1	10	10	3980	502	1063	0	0.5249722371442079	0.4428976749110956	0.17647058823529413	0.43867993354797363	14.321125030517578	0.03203336838713638
cov10_n10_g0_s42_hotspots_p80_chr1	10	10	3981	806	2308	0	0.5373391879947249	0.4604895390828676	0.25	0.46688225865364075	13.245924949645996	0.032038739509686165
cov10_n10_g0_s42_hotspots_p80_chr1	10	10	3982	672	1451	0	0.5240113303507559	0.4619894287649452	0.25	0.5665147304534912	8.555766105651855	0.03598216457982616
cov10_n10_g0_s42_hotspots_p80_chr1	10	10	3983	927	1943	0	0.5604651057205557	0.5000204331080538	0.42857142857142855	0.5791449546813965	9.36531925201416	0.03371719483035973
cov10_n10_g0_s42_hotspots_p80_chr1	10	10	3984	996	1861	0	0.5973759768767213	0.5340030239674062	0.42857142857142855	0.5461493134498596	11.963900566101074	0.030486662231314642
cov10_n10_g0_s42_hotspots_p80_chr1	10	10	3985	1366	2587	0	0.5604460733530144	0.48640133323208745	0.3333333333333333	0.4793190658092499	13.671568870544434	0.03108067942108911
cov10_n10_g0_s42_hotspots_p80_chr1	10	10	3986	313	625	0	0.36061989757149365	0.22975279763833287	0.25	0.2601247727870941	19.219226837158203	0.035356448005063885
cov10_n10_g0_s42_hotspots_p80_chr1	10	10	3987	1142	2691	0	0.27756907230017164	0.19288664071082604	0.25	0.32939228415489197	7.1009321212768555	0.046763784219802686
cov10_n10_g0_s42_hotspots_p80_chr1	10	10	3988	209	448	0	0.323735257616677	0.18124068381772784	0.1111111111111111	0.22867058217525482	20.042844772338867	0.03608306348564712
cov10_n10_g0_s42_hotspots_p80_chr1	10	10	3989	942	1625	0	0.5401088575707317	0.4571232290710801	0.3333333333333333	0.43014949560165405	15.766079902648926	0.031104140434568887
cov10_n10_g0_s42_hotspots_p80_chr1	10	10	3990	1059	1852	0	0.4927975063172726	0.3790150783381345	0.25	0.30581992864608765	25.96602439880371	0.031094187860174056
cov10_n10_g0_s42_hotspots_p80_chr1	10	10	3991	845	1518	0	0.4990911202165782	0.403232042950961	0.3333333333333333	0.37549471855163574	17.666561126708984	0.03191887492588211
cov10_n10_g0_s42_hotspots_p80_chr1	10	10	3992	695	1218	0	0.2737015706335069	0.16226142313944558	0.17647058823529413	0.2570771872997284	11.335158348083496	0.041353000931943266
cov10_n10_g0_s42_hotspots_p80_chr1	10	10	3993	834	1370	0	0.5283081518297602	0.4581546959165255	0.25	0.5097455978393555	10.741567611694336	0.033754103084231796
cov10_n10_g0_s42_hotspots_p80_chr1	10	10	3994	758	1544	0	0.2661810399458609	0.16164668990489697	0.17647058823529413	0.26684242486953735	9.950489044189453	0.042884888118306055
cov10_n10_g0_s42_hotspots_p80_chr1	10	10	3995	783	2091	0	0.3509826867894559	0.188628087307026	0.1111111111111111	0.21044525504112244	27.815902709960938	0.034253030553860246
cov10_n10_g0_s42_hotspots_p80_chr1	10	10	3996	791	1776	0	0.3947798886980862	0.2974889306212688	0.25	0.3553532660007477	12.342110633850098	0.03707303047591602
cov10_n10_g0_s42_hotspots_p80_chr1	10	10	3997	758	1537	0	0.31726280331895224	0.2264162568645108	0.17647058823529413	0.33748382329940796	8.837560653686523	0.0426697545565163
cov10_n10_g0_s42_hotspots_p80_chr1	10	10	3998	750	1440	0	0.3569339189161823	0.26196597456526755	0.17647058823529413	0.34667453169822693	10.60063362121582	0.03952832588299679
cov10_n10_g0_s42_hotspots_p80_chr1	10	10	3999	839	1459	0	0.424886691725654	0.27402458096322113	0.25	0.2303505390882492	34.02261734008789	0.032272686272878257
cov10_n10_g0_s42_hotspots_p80_chr1	10	10	4000	919	1563	0	0.4474006649890947	0.3165901569582948	0.3333333333333333	0.2691037058830261	27.641016006469727	0.03208531330619001
cov10_n10_g0_s42_hotspots_p80_chr1	10	10	4001	597	1417	0	0.566432294150501	0.5065757655889928	0.3333333333333333	0.5833733677864075	9.42763614654541	0.03342836632063517
cov10_n10_g0_s42_hotspots_p80_chr1	10	10	4002	1099	2109	0	0.47629350768625556	0.370555374428275	0.17647058823529413	0.33972370624542236	19.656110763549805	0.03219666569901719
cov10_n10_g0_s42_hotspots_p80_chr1	10	10	4003	865	2038	0	0.49302499542675565	0.39496412877465137	0.25	0.3671106994152069	18.03614616394043	0.032019929558113204
cov10_n10_g0_s42_hotspots_p80_chr1	10	10	4004	575	1281	0	0.42527288119526563	0.3149635620268017	0.25	0.323211133480072	17.3126220703125	0.03411728015104768
cov10_n10_g0_s42_hotspots_p80_chr1	10	10	4005	1049	2015	0	0.48923451763262954	0.4008516656033271	0.17647058823529413	0.40936407446861267	14.282843589782715	0.033192853932148825
cov10_n10_g0_s42_hotspots_p80_chr1	10	10	4006	658	1366	0	0.36009743266566097	0.22824683951437147	0.17647058823529413	0.25815343856811523	19.45737075805664	0.03531354465855256
cov10_n10_g0_s42_hotspots_p80_chr1	10	10	4007	432	1238	0	0.18582602660979355	0.057608726843741416	0.1111111111111111	0.170682892203331	11.853131294250488	0.04333435547558819
cov10_n10_g0_s42_hotspots_p80_chr1	10	10	4008	103	423	1	0.2626434097904868	0.1387979839900974	0.17647058823529413	0.22786284983158112	13.285747528076172	0.04026413764444603
cov10_n10_g0_s42_hotspots_p80_chr1	10	10	4009	529	1174	0	0.3136747760742461	0.19540877133466944	0.1111111111111111	0.26569944620132446	13.937280654907227	0.03850489008402985
cov10_n10_g0_s42_hotspots_p80_chr1	10	10	4010	927	1869	0	0.568490257981239	0.48243231773706585	0.3333333333333333	0.3940689265727997	20.811418533325195	0.029418692764407367
cov10_n10_g0_s42_hotspots_p80_chr1	10	10	4011	617	1566	0	0.23618430073339952	0.10704168497329361	0.1111111111111111	0.203825905919075	13.427132606506348	0.040882588118703884
cov10_n10_g0_s42_hotspots_p80_chr1	10	10	4012	1524	2725	0	0.304260653824593	0.19094515272786733	0.1111111111111111	0.2710477411746979	12.600854873657227	0.03955220352267956
cov10_n10_g0_s42_hotspots_p80_chr1	10	10	4013	689	1868	0	0.34465820964542554	0.2433167865221866	0.17647058823529413	0.32138925790786743	11.500442504882812	0.03915918265615248
cov10_n10_g0_s42_hotspots_p80_chr1	10	10	4014	778	1580	0	0.46549997162205603	0.37372803672706506	0.25	0.3930942118167877	14.023165702819824	0.03403889917274998
cov10_n10_g0_s42_hotspots_p80_chr1	10	10	4015	770	1884	0	0.5626526354021942	0.49539200054881044	0.3333333333333333	0.5263140797615051	11.428539276123047	0.03206193918767717
cov10_n10_g0_s42_hotspots_p80_chr1	10	10	4016	864	2046	0	0.503988650615229	0.41611319734351193	0.25	0.41127175092697144	15.01701831817627	0.03246859356134588
cov10_n10_g0_s42_hotspots_p80_chr1	10	10	4017	32	52	1	0.35805743176141697	0.06052275326534776	0.05263157894736842	0.1282050907611847	78.00006103515625	0.033011264588682684
cov10_n10_g0_s42_hotspots_p80_chr1	10	10	4018	1060	1750	0	0.39441951919690654	0.2746719140510818	0.17647058823529413	0.29247018694877625	18.18668556213379	0.03472953334857244
cov10_n10_g0_s42_hotspots_p80_chr1	10	10	4019	395	598	0	0.4136441156887072	0.3430875853603827	0.25	0.47841131687164307	7.475680828094482	0.04154588010837435
cov10_n10_g0_s42_hotspots_p80_chr1	10	10	4020	1306	2380	0	0.42119926413813746	0.3060285673741618	0.25	0.30905112624168396	18.574390411376953	0.03391668932803082
cov10_n10_g0_s42_hotspots_p80_chr1	10	10	4021	450	1713	0	0.4295440578338904	0.3482542662844842	0.3333333333333333	0.430486261844635	9.956274032592773	0.03780574185686111
cov10_n10_g0_s42_hotspots_p80_chr1	10	10	4022	31	68	1	0.2738612635536466	0.15877683720748878	0.17647058823529413	0.25	11.999999046325684	0.0408248295786815
cov10_n10_g0_s42_hotspots_p80_chr1	10	10	4027	800	2521	0	0.43587320763074044	0.3523588313335739	0.25	0.42238593101501465	10.64881706237793	0.036984786423261945
cov10_n10_g0_s42_hotspots_p80_chr1	10	10	4028	399	1066	0	0.5010298978504013	0.42874819439619793	0.3333333333333333	0.4949312210083008	10.247962951660156	0.035105931401523516
cov10_n10_g0_s42_hotspots_p80_chr1	10	10	4030	250	1312	0	0.5219409278210173	0.45198056285856886	0.42857142857142855	0.5109548568725586	10.43464469909668	0.034213235072722066
cov10_n10_g0_s42_hotspots_p80_chr1	10	10	4031	742	1835	0	0.4960058763397386	0.3912709665165907	0.3333333333333333	0.3395543694496155	21.33806037902832	0.031415310611380066
cov10_n10_g0_s42_hotspots_p80_chr1	10	10	4032	851	1992	0	0.27266489864238663	0.16046339975749022	0.17647058823529413	0.2548956573009491	11.442831993103027	0.04129343300664973
cov10_n10_g0_s42_hotspots_p80_chr1	10	10	4033	627	1100	0	0.588270006111536	0.5185031772722649	0.42857142857142855	0.4987223744392395	13.913477897644043	0.030026715248706367
cov10_n10_g0_s42_hotspots_p80_chr1	10	10	4034	4	28	1	0.38729833206566083	0.32287320150037874	0.17647058823529413	0.5	6.0	0.04564354741096244
cov10_n10_g0_s42_hotspots_p80_chr1	10	10	4035	100	303	1	0.4966091968320083	0.41090112773164	0.25	0.42203348875045776	13.846360206604004	0.03313126320848026
cov10_n10_g0_s42_hotspots_p80_chr1	10	10	4036	693	1797	0	0.37451327718264776	0.28670524851446527	0.25	0.38026726245880127	9.699661254882812	0.03985017828354044
cov10_n10_g0_s42_hotspots_p80_chr1	10	10	4037	506	1298	0	0.40511220887122157	0.2991398027062913	0.25	0.3314950168132782	14.934709548950195	0.03547166491023659
cov10_n10_g0_s42_hotspots_p80_chr1	10	10	4038	844	1693	0	0.40002897650796726	0.29410164853819204	0.25	0.3301975429058075	14.676932334899902	0.035723700517156655
cov10_n10_g0_s42_hotspots_p80_chr1	10	10	4039	1078	2308	0	0.4364504338988474	0.30582431927207854	0.1111111111111111	0.2710992693901062	25.918697357177734	0.03247351493288376
cov10_n10_g0_s42_hotspots_p80_chr1	10	10	4040	773	1518	0	0.46894986130077726	0.37280796724200044	0.25	0.3757495582103729	15.575995445251465	0.033363798835403365
cov10_n10_g0_s42_hotspots_p80_chr1	10	10	4041	389	1153	0	0.4317711913623543	0.3705675205872216	0.25	0.5451363325119019	6.273313522338867	0.04335581340430884
cov10_n10_g0_s42_hotspots_p80_chr1	10	10	4042	821	2540	0	0.3516441226259231	0.2742249795181423	0.3333333333333333	0.41000476479530334	7.355783462524414	0.04386719944382988
cov10_n10_g0_s42_hotspots_p80_chr1	10	10	4043	826	2156	0	0.6317286077487569	0.5628796113250024	0.3333333333333333	0.46354326605796814	18.572935104370117	0.027643519787097937
cov10_n10_g0_s42_hotspots_p80_chr1	10	10	4044	996	1874	0	0.3495293988267316	0.2350938949235087	0.25	0.2902025282382965	14.506580352783203	0.03723132506597813
cov10_n10_g0_s42_hotspots_p80_chr1	10	10	4045	805	1585	0	0.502040476141879	0.40035748410092553	0.3333333333333333	0.35014674067497253	20.557832717895508	0.03134763031902165
cov10_n10_g0_s42_hotspots_p80_chr1	10	10	4046	809	1669	0	0.42527312844237236	0.3408154928437153	0.25	0.414826363325119	10.510009765625	0.03744698077502568
cov10_n10_g0_s42_hotspots_p80_chr1	10	10	4047	829	2302	0	0.3323516456052409	0.23226648267191988	0.25	0.3185761272907257	10.883515357971191	0.04002606202085047
cov10_n10_g0_s42_hotspots_p80_chr1	10	10	4048	1042	2148	0	0.49536427372885466	0.4112427888845576	0.25	0.4298015832901001	13.283527374267578	0.0334142374684773
cov10_n10_g0_s42_hotspots_p80_chr1	10	10	4049	856	1852	0	0.3141675100405983	0.20587859687947682	0.17647058823529413	0.287651389837265	11.928598403930664	0.039733778328440716
cov10_n10_g0_s42_hotspots_p80_chr1	10	10	4050	665	1426	0	0.13412372846869408	0.013666668771411485	0.17647058823529413	0.13727936148643494	9.545543670654297	0.04707773508390486
cov10_n10_g0_s42_hotspots_p80_chr1	10	10	4051	436	1224	0	0.5225544515417205	0.43179458771040424	0.25	0.3938761353492737	17.601259231567383	0.031232772610250818
cov10_n10_g0_s42_hotspots_p80_chr1	10	10	4052	839	1225	0	0.4401808013234163	0.3011582891786335	0.17647058823529413	0.25116878747940063	30.713607788085938	0.0320790233617129
cov10_n10_g0_s42_hotspots_p80_chr1	10	10	4053	893	1433	0	0.3377843289305485	0.27223602570903266	0.25	0.45954424142837524	5.402868270874023	0.04913985736671857
cov10_n10_g0_s42_hotspots_p80_chr1	10	10	4054	716	1293	0	0.39837202483871026	0.28180868068446857	0.17647058823529413	0.30109915137290955	17.50485610961914	0.03480430478914295
cov10_n10_g0_s42_hotspots_p80_chr1	10	10	4055	1038	1754	0	0.4216102087523407	0.3227543657416463	0.25	0.3583751916885376	13.840328216552734	0.03545729638893713
cov10_n10_g0_s42_hotspots_p80_chr1	10	10	4056	1046	2194	0	0.3888635449640107	0.3055222424063834	0.25	0.40488186478614807	9.224392890930176	0.039911126967382096
cov10_n10_g0_s42_hotspots_p80_chr1	10	10	4057	836	1911	0	0.24950308234792865	0.13457507930430013	0.1111111111111111	0.23477140069007874	11.294355392456055	0.04206921713665178
cov10_n10_g0_s42_hotspots_p80_chr1	10	10	4058	973	1542	0	0.38972765499999823	0.30672341984184753	0.25	0.40670454502105713	9.182573318481445	0.039931352045224106
cov10_n10_g0_s42_hotspots_p80_chr1	10	10	4059	1170	2034	0	0.4177348474935433	0.3124088826575201	0.25	0.3365783393383026	15.403847694396973	0.03492906928517057
cov10_n10_g0_s42_hotspots_p80_chr1	10	10	4060	803	1563	0	0.33947180573563995	0.2465681611487958	0.17647058823529413	0.344120055437088	9.731672286987305	0.040916568126175515
cov10_n10_g0_s42_hotspots_p80_chr1	10	10	4061	715	1695	0	0.3814493637280728	0.2811486241927696	0.25	0.34073758125305176	12.53238296508789	0.03735735517791223
cov10_n10_g0_s42_hotspots_p80_chr1	10	10	4062	181	328	1	0.24442902232353067	0.1899885127100018	0.1111111111111111	0.4348955750465393	3.1588971614837646	0.0641859596508875
cov10_n10_g0_s42_hotspots_p80_chr1	10	10	4063	2	8	1	0.22360680157584636	0.18156825980063976	0.1111111111111111	0.5	2.0	0.07905694150420949
cov10_n10_g0_s42_hotspots_p80_chr1	10	10	4064	420	787	0	0.3396058628882037	0.2305896640209778	0.25	0.2987452447414398	12.922551155090332	0.038346291235474186
cov10_n10_g0_s42_hotspots_p80_chr1	10	10	4065	732	1227	0	0.3383022263089156	0.23985098225980891	0.17647058823529413	0.32643139362335205	10.740535736083984	0.03997170046691904
cov10_n10_g0_s42_hotspots_p80_chr1	10	10	4066	208	693	0	0.32149780157541796	0.25098070976570824	0.17647058823529413	0.4210593104362488	5.830012321472168	0.048388319746131635
cov10_n10_g0_s42_hotspots_p80_chr1	10	10	4067	571	1321	0	0.4330750380063194	0.3228381842025944	0.25	0.3245178461074829	17.809391021728516	0.033772506895387626
cov10_n10_g0_s42_hotspots_p80_chr1	10	10	4068	939	1912	0	0.18059184465672345	0.08069138125255773	0.1111111111111111	0.207533061504364	7.572192192077637	0.048805166212020475
cov10_n10_g0_s42_hotspots_p80_chr1	10	10	4069	807	1454	0	0.3898282901892758	0.27351450310997616	0.17647058823529413	0.2995602488517761	16.934728622436523	0.035202662343885915
cov10_n10_g0_s42_hotspots_p80_chr1	10	10	4070	1042	1627	0	0.4504762130188356	0.3328279580467094	0.25	0.3037770092487335	21.990446090698242	0.03254206877034561
cov10_n10_g0_s42_hotspots_p80_chr1	10	10	4071	936	1443	0	0.22484345968866154	0.00999361650840978	0.05263157894736842	0.12923645973205566	30.268465042114258	0.03660436976309755
cov10_n10_g0_s42_hotspots_p80_chr1	10	10	4072	765	1179	0	0.4234995784516235	0.33888285355981995	0.25	0.41353553533554077	10.487700462341309	0.03752377258958085
cov10_n10_g0_s42_hotspots_p80_chr1	10	10	4073	673	1308	0	0.4922429412005571	0.3843841734175434	0.25	0.3285832405090332	22.44233512878418	0.031393069835092394
cov10_n10_g0_s42_hotspots_p80_chr1	10	10	4074	893	1893	0	0.5264235461612907	0.44034383999141957	0.3333333333333333	0.4168581962585449	15.94754695892334	0.03149085759365762
cov10_n10_g0_s42_hotspots_p80_chr1	10	10	4075	1089	2024	0	0.4354790080397543	0.35079469540696595	0.25	0.41706547141075134	10.902496337890625	0.0367948726996449
cov10_n10_g0_s42_hotspots_p80_chr1	10	10	4076	887	2029	0	0.42574916222599746	0.33400993404925927	0.25	0.3852197229862213	12.214917182922363	0.03619792248650545
cov10_n10_g0_s42_hotspots_p80_chr1	10	10	4077	949	2295	0	0.617003237578505	0.5657424101361325	0.3333333333333333	0.6519075632095337	8.957829475402832	0.031869393125803634
cov10_n10_g0_s42_hotspots_p80_chr1	10	10	4078	932	1960	0	0.44125918558312344	0.35626036044766607	0.25	0.41732069849967957	11.18014907836914	0.03639713224913945
cov10_n10_g0_s42_hotspots_p80_chr1	10	10	4079	514	1313	0	0.3739676217827543	0.24987211618336902	0.17647058823529413	0.2774597704410553	18.166364669799805	0.035276557370704335
cov10_n10_g0_s42_hotspots_p80_chr1	10	10	4080	830	2047	0	0.47444225501971293	0.4150319780128533	0.25	0.5753142833709717	6.800744533538818	0.04061709457337037
cov10_n10_g0_s42_hotspots_p80_chr1	10	10	4081	825	2294	0	0.5989213172046484	0.5341365233579032	0.42857142857142855	0.5335461497306824	12.600722312927246	0.030135377694491327
cov10_n10_g0_s42_hotspots_p80_chr1	10	10	4082	518	1144	0	0.19543545376588176	0.11671903349589578	0.1111111111111111	0.27192652225494385	5.165396213531494	0.05468211388385395
cov10_n10_g0_s42_hotspots_p80_chr1	10	10	4083	904	1278	0	0.3073574783817927	0.21528263709664539	0.25	0.3272358179092407	8.821976661682129	0.04299798303321357
cov10_n10_g0_s42_hotspots_p80_chr1	10	10	4084	795	1577	0	0.4336520192402082	0.3355965035270593	0.25	0.36392906308174133	14.198723793029785	0.03493620143149864
cov10_n10_g0_s42_hotspots_p80_chr1	10	10	4085	236	1044	0	0.11798584586117895	0.04747210959536215	0.17647058823529413	0.19775329530239105	3.5596907138824463	0.06532348326914947
cov10_n10_g0_s42_hotspots_p80_chr1	10	10	4086	211	953	0	0.3725154441185578	0.26495062221728244	0.25	0.31640133261680603	13.861556053161621	0.036888633425154575
cov10_n10_g0_s42_hotspots_p80_chr1	10	10	4087	351	889	0	0.3224968665557497	0.2509911166382559	0.17647058823529413	0.4170456826686859	5.979759693145752	0.04793507009399285
cov10_n10_g0_s42_hotspots_p80_chr1	10	10	4088	438	1423	0	0.42230621789438777	0.3710578458118611	0.25	0.6172575354576111	4.680821418762207	0.04875784502362952
cov10_n10_g0_s42_hotspots_p80_chr1	10	10	4089	654	1371	0	0.3524390034274554	0.2737137835825369	0.17647058823529413	0.40478065609931946	7.5810346603393555	0.04343846223675316
cov10_n10_g0_s42_hotspots_p80_chr1	10	10	4090	1187	1805	0	0.23357016291825144	0.17606513209537705	0.3333333333333333	0.40347060561180115	3.3512823581695557	0.0630177676459447
cov10_n10_g0_s42_hotspots_p80_chr1	10	10	4091	834	1598	0	0.4379265137955506	0.3852158569633675	0.3333333333333333	0.6132471561431885	5.099544525146484	0.04656266146291556
cov10_n10_g0_s42_hotspots_p80_chr1	10	10	4092	429	1271	0	0.5279228608184846	0.4296767948299355	0.25	0.3540603220462799	22.232404708862305	0.030448178799134324
cov10_n10_g0_s42_hotspots_p80_chr1	10	10	4093	1	30	1	0.44721360315169273	0.42365927286816035	0.17647058823529413	1.0	2.0	0.07071067811865477
cov10_n10_g0_s42_hotspots_p80_chr1	10	10	4094	1073	2663	0	0.45068541840104476	0.35771216224831065	0.25	0.3861432671546936	13.62229061126709	0.034673557515490325
cov10_n10_g0_s42_hotspots_p80_chr1	10	10	4095	201	865	0	0.26800387615245236	0.19962285036815255	0.17647058823529413	0.38498371839523315	4.846156120300293	0.05354348455548333
cov10_n10_g0_s42_hotspots_p80_chr1	10	10	4096	629	1577	0	0.4200006595319864	0.28885880745308146	0.1111111111111111	0.2703149914741516	24.141246795654297	0.033045400932664226
cov10_n10_g0_s42_hotspots_p80_chr1	10	10	4097	503	1521	0	0.4922370192526002	0.3867996421355013	0.25	0.3378770351409912	21.224193572998047	0.03153185628975511
cov10_n10_g0_s42_hotspots_p80_chr1	10	10	4098	280	1024	0	0.531330035916197	0.45273681403169014	0.25	0.4574393630027771	13.491545677185059	0.032138883393779
cov10_n10_g0_s42_hotspots_p80_chr1	10	10	4099	78	185	1	0.3958435651108984	0.3305952248234498	0.3333333333333333	0.4999984800815582	6.2677226066589355	0.04465812968528195
cov10_n10_g0_s42_hotspots_p80_chr1	10	10	4100	628	1966	0	0.3703751012676695	0.2886027683316785	0.25	0.4021446108818054	8.482405662536621	0.04145210396352587
cov10_n10_g0_s42_hotspots_p80_chr1	10	10	4101	770	1334	0	0.526909306092855	0.4397772897864246	0.25	0.4112037122249603	16.419414520263672	0.031357369632567196
cov10_n10_g0_s42_hotspots_p80_chr1	10	10	4102	601	1139	0	0.4500515326004475	0.3764154424042093	0.3333333333333333	0.4758969247341156	8.943317413330078	0.03818310080705526
cov10_n10_g0_s42_hotspots_p80_chr1	10	10	4103	437	1425	0	0.43355757154688185	0.34413493619618285	0.25	0.3965238928794861	11.9551420211792	0.036114614390565104
cov10_n10_g0_s42_hotspots_p80_chr1	10	10	4104	284	1261	0	0.3329320569881394	0.2435017902901338	0.25	0.3518414795398712	8.954000473022461	0.04202880331985251
cov10_n10_g0_s42_hotspots_p80_chr1	10	10	4105	602	1562	0	0.4340441979237692	0.3705515767876139	0.3333333333333333	0.5307113528251648	6.688846111297607	0.042332073032493124
cov10_n10_g0_s42_hotspots_p80_chr1	10	10	4106	676	1486	0	0.5256708289684571	0.4729019482649723	0.42857142857142855	0.6429827213287354	6.683887004852295	0.038893603436162716
cov10_n10_g0_s42_hotspots_p80_chr1	10	10	4107	914	2101	0	0.16341345556258172	0.04828140432741651	0.1111111111111111	0.16884830594062805	9.366602897644043	0.04650169786194391
cov10_n10_g0_s42_hotspots_p80_chr1	10	10	4108	1154	2447	0	0.47232369805525753	0.3857581894570795	0.25	0.4165031909942627	12.860051155090332	0.0343619603875559
cov10_n10_g0_s42_hotspots_p80_chr1	10	10	4109	346	993	0	0.5624467626741736	0.4944527620232605	0.25	0.521003782749176	11.65416431427002	0.031938513005617786
cov10_n10_g0_s42_hotspots_p80_chr1	10	10	4110	728	1954	0	0.4570377992546133	0.371886685342359	0.25	0.42040643095970154	11.818585395812988	0.03544912143742801
cov10_n10_g0_s42_hotspots_p80_chr1	10	10	4111	1051	1365	0	0.4474465582866506	0.3053464486542201	0.25	0.2413739562034607	34.36382293701172	0.031785527359148184
cov10_n10_g0_s42_hotspots_p80_chr1	10	10	4112	586	1765	0	0.40734660210183615	0.3285163359135881	0.25	0.4332692623138428	8.839189529418945	0.03976158471393363
cov10_n10_g0_s42_hotspots_p80_chr1	10	10	4113	1019	1423	0	0.540259817878771	0.44930277633110693	0.25	0.3854096531867981	19.64988899230957	0.030374523983477883
cov10_n10_g0_s42_hotspots_p80_chr1	10	10	4114	897	1478	0	0.5421286800003897	0.4543842508330277	0.3333333333333333	0.40239715576171875	18.150766372680664	0.030539864225600656
cov10_n10_g0_s42_hotspots_p80_chr1	10	10	4115	759	1221	0	0.5815113859726799	0.524042301360539	0.42857142857142855	0.601574182510376	9.344111442565918	0.03292119851019458
cov10_n10_g0_s42_hotspots_p80_chr1	10	10	4116	1081	1733	0	0.5320039621060584	0.47709056313953385	0.42857142857142855	0.6248553395271301	7.248877048492432	0.03758013608068767
cov10_n10_g0_s42_hotspots_p80_chr1	10	10	4117	860	1670	0	0.3692941693757643	0.2764389645403942	0.25	0.35965391993522644	10.543268203735352	0.03919764978224295
cov10_n10_g0_s42_hotspots_p80_chr1	10	10	4118	1263	2135	0	0.37591811505155437	0.2845302546415764	0.25	0.3678402304649353	10.444029808044434	0.03908011620967981
cov10_n10_g0_s42_hotspots_p80_chr1	10	10	4119	571	1154	0	0.5255760136776064	0.45303868742978803	0.25	0.4945034980773926	11.296196937561035	0.033471006273169956
cov10_n10_g0_s42_hotspots_p80_chr1	10	10	4120	855	1848	0	0.5448068524014116	0.47573419529580613	0.3333333333333333	0.516097366809845	11.143507957458496	0.03288595314988658
cov10_n10_g0_s42_hotspots_p80_chr1	10	10	4121	809	1617	0	0.16066047283336368	0.039259645349013515	0.05263157894736842	0.15892867743968964	10.219121932983398	0.04556177597957704
cov10_n10_g0_s42_hotspots_p80_chr1	10	10	4122	915	2031	0	0.501364345424802	0.40304539796473426	0.25	0.36451002955436707	18.918554306030273	0.03161411056952456
cov10_n10_g0_s42_hotspots_p80_chr1	10	10	4123	514	1623	0	0.44642855507717744	0.37001434928631627	0.3333333333333333	0.45992782711982727	9.421599388122559	0.037774583752385744
cov10_n10_g0_s42_hotspots_p80_chr1	10	10	4124	663	1610	0	0.3574412117311394	0.32262332873193234	0.3333333333333333	0.7442010641098022	2.306899070739746	0.06933993405164832
cov10_n10_g0_s42_hotspots_p80_chr1	10	10	4125	687	1257	0	0.4300506092420668	0.31679049374167506	0.3333333333333333	0.3154418468475342	18.586626052856445	0.033673758236842564
cov10_n10_g0_s42_hotspots_p80_chr1	10	10	4126	1439	2296	0	0.3213449061018273	0.22987981611562985	0.25	0.33806121349334717	9.03549861907959	0.042288050384093764
cov10_n10_g0_s42_hotspots_p80_chr1	10	10	4127	1253	1673	0	0.4812427430360934	0.3891787261802603	0.25	0.39290571212768555	15.002089500427246	0.03318061196060551
cov10_n10_g0_s42_hotspots_p80_chr1	10	10	4128	796	1209	0	0.3596214364941257	0.24564618766628596	0.17647058823529413	0.29529130458831787	14.8316650390625	0.03680439117808695
cov10_n10_g0_s42_hotspots_p80_chr1	10	10	4129	800	1326	0	0.43707962730741745	0.34449855247667854	0.3333333333333333	0.3849141597747803	12.894168853759766	0.0354562428835546
cov10_n10_g0_s42_hotspots_p80_chr1	10	10	4130	697	1459	0	0.3770570815524889	0.22517572298017308	0.1111111111111111	0.2290450930595398	27.100183486938477	0.03374372201426635
cov10_n10_g0_s42_hotspots_p80_chr1	10	10	4131	951	1324	0	0.4795654071886215	0.38225036115022376	0.25	0.37124234437942505	16.687091827392578	0.032725771374246
cov10_n10_g0_s42_hotspots_p80_chr1	10	10	4132	879	1315	0	0.4395402258905819	0.3613055156480045	0.25	0.4484826326370239	9.605192184448242	0.037817629911190954
cov10_n10_g0_s42_hotspots_p80_chr1	10	10	4133	556	1477	0	0.046014531944134324	-0.03538492636309829	0.25	0.07346589118242264	3.923001527786255	0.0652125068461351
cov10_n10_g0_s42_hotspots_p80_chr1	10	10	4134	308	954	0	0.47861385812852797	0.392174443558993	0.25	0.41775327920913696	13.125950813293457	0.03402835270369672
cov10_n10_g0_s42_hotspots_p80_chr1	10	10	4135	213	377	0	0.33349295368337956	0.13835071222433698	0.05263157894736842	0.17538419365882874	36.15699768066406	0.03401843676051327
cov10_n10_g0_s42_hotspots_p80_chr1	10	10	4136	3	3	1	0.22360680157584636	0.18156825980063976	0.1111111111111111	0.5	2.0	0.07905694150420949
cov10_n10_g0_s42_hotspots_p80_chr1	10	10	4138	180	481	1	0.40397590374386017	0.32496075977355887	0.25	0.43091368675231934	8.788816452026367	0.03993717510148145
cov10_n10_g0_s42_hotspots_p80_chr1	10	10	4139	35	203	1	0.2563046060196743	0.1789386277071185	0.17647058823529413	0.3369220495223999	5.787006378173828	0.05067253923381343
cov10_n10_g0_s42_hotspots_p80_chr1	10	10	4141	753	1765	0	0.3477529550361951	0.2147944099538825	0.25	0.25227585434913635	19.001602172851562	0.035737229052601446
cov10_n10_g0_s42_hotspots_p80_chr1	10	10	4142	627	1121	0	0.505013597675218	0.4272054416655008	0.3333333333333333	0.46321627497673035	11.886075973510742	0.033817302412044524
cov10_n10_g0_s42_hotspots_p80_chr1	10	10	4143	931	1663	0	0.43028832945701523	0.3337026412426517	0.3333333333333333	0.36841270327568054	13.64111614227295	0.035289028014226544
cov10_n10_g0_s42_hotspots_p80_chr1	10	10	4144	1151	2155	0	0.5202628875991021	0.4426401826905819	0.3333333333333333	0.46414628624916077	12.564229011535645	0.032932083960901075
cov10_n10_g0_s42_hotspots_p80_chr1	10	10	4145	1328	2421	0	0.47772509292989057	0.38111646437990304	0.17647058823529413	0.3740918040275574	16.30796241760254	0.032882627248336876
cov10_n10_g0_s42_hotspots_p80_chr1	10	10	4146	799	1663	0	0.07295955069043561	-0.014334518541915234	0.05263157894736842	0.10608798265457153	4.729681015014648	0.06023009593987817
cov10_n10_g0_s42_hotspots_p80_chr1	10	10	4147	935	1472	0	0.37313571823285346	0.26132795519332563	0.17647058823529413	0.3055644929409027	14.911724090576172	0.03639169299067816
cov10_n10_g0_s42_hotspots_p80_chr1	10	10	4148	552	1176	0	0.4834437919106971	0.41138273837604666	0.3333333333333333	0.49353131651878357	9.595389366149902	0.03631639884896134
cov10_n10_g0_s42_hotspots_p80_chr1	10	10	4149	929	1375	0	0.4558123863823688	0.36041027643019785	0.25	0.3774459958076477	14.583528518676758	0.03411035729563056
cov10_n10_g0_s42_hotspots_p80_chr1	10	10	4150	961	1546	0	0.3817165814318982	0.2727336186927762	0.25	0.315876305103302	14.603199005126953	0.03628065764656985
cov10_n10_g0_s42_hotspots_p80_chr1	10	10	4151	1114	1994	0	0.434893052047524	0.3291874767389981	0.3333333333333333	0.33861079812049866	16.49541664123535	0.034077253556099175
cov10_n10_g0_s42_hotspots_p80_chr1	10	10	4152	1039	1934	0	0.6457278583276574	0.6020737019375758	0.42857142857142855	0.7269560098648071	7.890103340148926	0.0318884462973308
cov10_n10_g0_s42_hotspots_p80_chr1	10	10	4153	961	2096	0	0.502195307990197	0.42304161715030275	0.25	0.45573246479034424	12.142980575561523	0.03376492320223308
cov10_n10_g0_s42_hotspots_p80_chr1	10	10	4154	716	1831	0	0.38488795521939195	0.28781864803142465	0.25	0.35233670473098755	11.933088302612305	0.03763862150644202
cov10_n10_g0_s42_hotspots_p80_chr1	10	10	4155	437	915	0	0.4587549905268979	0.37554021349855	0.25	0.4296829104423523	11.398964881896973	0.03567048441716825
cov10_n10_g0_s42_hotspots_p80_chr1	10	10	4156	1096	1974	0	0.5173321970947466	0.41516062071034954	0.25	0.34137147665023804	22.965957641601562	0.030673362892760916
cov10_n10_g0_s42_hotspots_p80_chr1	10	10	4157	607	1218	0	0.33734298405553986	0.22487833187931233	0.1111111111111111	0.2894670367240906	13.581419944763184	0.03803560829536076
cov10_n10_g0_s42_hotspots_p80_chr1	10	10	4158	687	1124	0	0.2601738567229742	0.1052798973340362	0.3333333333333333	0.18634003400802612	19.4946346282959	0.037753835510310516
cov10_n10_g0_s42_hotspots_p80_chr1	10	10	4159	405	1111	0	0.5002117767755139	0.429210137461561	0.3333333333333333	0.5026519894599915	9.903141021728516	0.035434385789378055
cov10_n10_g0_s42_hotspots_p80_chr1	10	10	4160	789	1747	0	0.5067048636986169	0.4073752893054104	0.25	0.35874271392822266	19.950048446655273	0.031300290060466834
cov10_n10_g0_s42_hotspots_p80_chr1	10	10	4161	769	1449	0	0.47722851588112	0.3888709527545077	0.3333333333333333	0.40891706943511963	13.620163917541504	0.0338447087016561
cov10_n10_g0_s42_hotspots_p80_chr1	10	10	4162	639	1747	0	0.5133980105610788	0.4208844058501617	0.3333333333333333	0.3877926468849182	17.52706527709961	0.031523024550361
cov10_n10_g0_s42_hotspots_p80_chr1	10	10	4163	146	473	1	0.31336269035644476	0.15622290335465022	0.17647058823529413	0.20597612857818604	23.145193099975586	0.03570894349628452
cov10_n10_g0_s42_hotspots_p80_chr1	10	10	4164	4	70	1	0.22360680157584636	0.18156825980063976	0.1111111111111111	0.5	2.0	0.07905694150420949
cov10_n10_g0_s42_hotspots_p80_chr1	10	10	4165	135	606	1	0.33582411945419605	0.07820702320446155	0.1111111111111111	0.1419459879398346	55.97286605834961	0.03344334783358286
cov10_n10_g0_s42_hotspots_p80_chr1	10	10	4166	620	2221	0	0.4513588920810544	0.36612676753096174	0.3333333333333333	0.41881075501441956	11.614709854125977	0.03576583014609167
cov10_n10_g0_s42_hotspots_p80_chr1	10	10	4167	743	2047	0	0.2489418767133255	0.12092902733712299	0.17647058823529413	0.2132743000984192	13.624445915222168	0.040426262616572256
cov10_n10_g0_s42_hotspots_p80_chr1	10	10	4168	1091	2190	0	0.5262623057171828	0.43641654710382105	0.25	0.3973540663719177	17.54079246520996	0.03113261008177595
cov10_n10_g0_s42_hotspots_p80_chr1	10	10	4169	784	1573	0	0.4278230860313448	0.32145544782290797	0.3333333333333333	0.3354067802429199	16.269895553588867	0.034347825771576204
cov10_n10_g0_s42_hotspots_p80_chr1	10	10	4170	649	1884	0	0.48657884314902566	0.4032585957513733	0.25	0.43330472707748413	12.610132217407227	0.03402946668511285
cov10_n10_g0_s42_hotspots_p80_chr1	10	10	4171	358	694	0	0.5056008121721874	0.426541526068944	0.3333333333333333	0.45634138584136963	12.27540397644043	0.03357741797331525
cov10_n10_g0_s42_hotspots_p80_chr1	10	10	4172	1082	2235	0	0.564633199703773	0.4940817065711415	0.42857142857142855	0.502155065536499	12.643202781677246	0.031357388344721626
cov10_n10_g0_s42_hotspots_p80_chr1	10	10	4173	1078	1755	0	0.46279859528289324	0.35446747627541414	0.17647058823529413	0.33182263374328613	19.452348709106445	0.03260428427888952
cov10_n10_g0_s42_hotspots_p80_chr1	10	10	4174	598	1360	0	0.509931641015853	0.40107729206688364	0.25	0.31541821360588074	26.136676788330078	0.030654682922252728
cov10_n10_g0_s42_hotspots_p80_chr1	10	10	4175	954	1468	0	0.44326862528022554	0.3759572254468403	0.25	0.5102466940879822	7.546988487243652	0.04038159471694254
cov10_n10_g0_s42_hotspots_p80_chr1	10	10	4176	851	1285	0	0.35130717043800636	0.20307166750746358	0.17647058823529413	0.22907760739326477	23.51845932006836	0.03476785095166381
cov10_n10_g0_s42_hotspots_p80_chr1	10	10	4177	711	1180	0	0.22401736740409417	0.09011846024769757	0.17647058823529413	0.18998156487941742	13.904026985168457	0.04091535465386748
cov10_n10_g0_s42_hotspots_p80_chr1	10	10	4178	795	1420	0	0.48871152731641987	0.3851480636583068	0.25	0.34590739011764526	19.961149215698242	0.03180327172474825
cov10_n10_g0_s42_hotspots_p80_chr1	10	10	4179	1132	2402	0	0.36018473776068227	0.26363363773184934	0.17647058823529413	0.3432128131389618	11.013458251953125	0.039076118909905526
cov10_n10_g0_s42_hotspots_p80_chr1	10	10	4180	1003	2244	0	0.39264372622550786	0.23233373070919314	0.25	0.21812587976455688	32.40283203125	0.03302202393116066
cov10_n10_g0_s42_hotspots_p80_chr1	10	10	4181	538	1777	0	0.4128383463449023	0.34603345974047567	0.3333333333333333	0.49971136450767517	6.825295925140381	0.04280355226253238
cov10_n10_g0_s42_hotspots_p80_chr1	10	10	4182	881	1986	0	0.47763175171229516	0.36831855070712	0.3333333333333333	0.32692816853523254	21.344287872314453	0.031911068855514
cov10_n10_g0_s42_hotspots_p80_chr1	10	10	4183	824	1795	0	0.5262124561750533	0.45428129021593017	0.3333333333333333	0.49831536412239075	11.150995254516602	0.03354381713292926
cov10_n10_g0_s42_hotspots_p80_chr1	10	10	4184	1299	2429	0	0.3400017984738929	0.23747204906241046	0.1111111111111111	0.31576889753341675	11.593745231628418	0.03922684431917763
cov10_n10_g0_s42_hotspots_p80_chr1	10	10	4185	549	921	0	0.5840261682427274	0.5096836612220106	0.42857142857142855	0.46635884046554565	15.682823181152344	0.02968422768527897
cov10_n10_g0_s42_hotspots_p80_chr1	10	10	4186	977	2094	0	0.36931055487369646	0.28688358530776287	0.25	0.398847758769989	8.57371711730957	0.04136211709760119
cov10_n10_g0_s42_hotspots_p80_chr1	10	10	4189	823	2006	0	0.34498232395028955	0.21825212320812648	0.25	0.2626709043979645	17.249229431152344	0.036304170139907284
cov10_n10_g0_s42_hotspots_p80_chr1	10	10	4190	791	1611	0	0.537930689395939	0.44355207234615085	0.3333333333333333	0.36792925000190735	21.375877380371094	0.030248109670633575
cov10_n10_g0_s42_hotspots_p80_chr1	10	10	4191	1052	1762	0	0.7150460871333489	0.6659703932857397	0.42857142857142855	0.5727212429046631	15.587684631347656	0.024902053467463346
cov10_n10_g0_s42_hotspots_p80_chr1	10	10	4192	929	2017	0	0.5143481797468126	0.4350626985749717	0.25	0.455022931098938	12.777559280395508	0.0330260562133671
cov10_n10_g0_s42_hotspots_p80_chr1	10	10	4193	1381	2393	0	0.44661072092247855	0.3335878203785773	0.25	0.31727156043052673	19.81509017944336	0.03297959250569621
cov10_n10_g0_s42_hotspots_p80_chr1	10	10	4194	598	1343	0	0.46756955318204435	0.4113197939012269	0.25	0.5973559021949768	6.126692771911621	0.04238941701154856
cov10_n10_g0_s42_hotspots_p80_chr1	10	10	4195	1295	2002	0	0.5089897897782127	0.4206545030274507	0.3333333333333333	0.4085463881492615	15.521560668945312	0.032155332161494764
cov10_n10_g0_s42_hotspots_p80_chr1	10	10	4196	710	1829	0	0.567616764507454	0.4970455467315791	0.3333333333333333	0.5011440515518188	12.828778266906738	0.031169082852993104
cov10_n10_g0_s42_hotspots_p80_chr1	10	10	4197	522	889	0	0.4952113909035079	0.39639557310845375	0.25	0.3636496663093567	18.544485092163086	0.03185797643841905
cov10_n10_g0_s42_hotspots_p80_chr1	10	10	4198	621	1036	0	0.491653250990636	0.41603912583799135	0.3333333333333333	0.4743753671646118	10.74171257019043	0.03503925349902621
cov10_n10_g0_s42_hotspots_p80_chr1	10	10	4199	1314	2199	0	0.2800704472975733	0.18744009420299282	0.25	0.30676788091659546	8.33517837524414	0.04452806162619492
cov10_n10_g0_s42_hotspots_p80_chr1	10	10	4200	834	1326	0	0.5103458039014565	0.43083311843712	0.3333333333333333	0.45387354493141174	12.643266677856445	0.033226263988077535
cov10_n10_g0_s42_hotspots_p80_chr1	10	10	4201	985	1474	0	0.5088716423045169	0.43862816758455975	0.42857142857142855	0.5083500146865845	10.020533561706543	0.03502233113535822
cov10_n10_g0_s42_hotspots_p80_chr1	10	10	4202	825	1438	0	0.5545102142774668	0.4703589638822281	0.25	0.4172438383102417	17.661975860595703	0.03024277695285681
cov10_n10_g0_s42_hotspots_p80_chr1	10	10	4203	500	1004	0	0.5155344277148655	0.42691989218591037	0.3333333333333333	0.4061824381351471	16.109167098999023	0.03178835752234243
cov10_n10_g0_s42_hotspots_p80_chr1	10	10	4204	531	1723	0	0.3176580984596839	0.22322657888003675	0.17647058823529413	0.3265824317932129	9.460939407348633	0.04188992492407125
cov10_n10_g0_s42_hotspots_p80_chr1	10	10	4205	857	1541	0	0.4088486010398445	0.3057814002754424	0.17647058823529413	0.3413102328777313	14.349152565002441	0.035606963542567135
cov10_n10_g0_s42_hotspots_p80_chr1	10	10	4206	599	1449	0	0.6003584123917507	0.5258635592056299	0.3333333333333333	0.45156770944595337	17.67565155029297	0.028779648529523333
cov10_n10_g0_s42_hotspots_p80_chr1	10	10	4207	497	1273	0	0.5487652158723371	0.4738035341349624	0.3333333333333333	0.4764377772808075	13.266636848449707	0.03164046116186397
cov10_n10_g0_s42_hotspots_p80_chr1	10	10	4208	146	748	1	0.3179204031260314	0.23996543345722846	0.25	0.3849453628063202	6.820850849151611	0.04604619940425951
cov10_n10_g0_s42_hotspots_p80_chr1	10	10	4209	521	1791	0	0.5753402221223235	0.5154562832041444	0.42857142857142855	0.5818673968315125	9.776905059814453	0.032769723840532144
cov10_n10_g0_s42_hotspots_p80_chr1	10	10	4210	119	329	1	0.4754110980429178	0.3990884921025769	0.3333333333333333	0.4678366482257843	10.326428413391113	0.035929023399360056
cov10_n10_g0_s42_hotspots_p80_chr1	10	10	4212	10	70	1	0.15811388300741896	0.08671099695241212	0.1111111111111111	0.25	4.0	0.06123724356957946
cov10_n10_g0_s42_hotspots_p80_chr1	10	10	4213	256	790	0	0.3325525764898442	0.2504778254353163	0.25	0.37842440605163574	7.7225799560546875	0.043847110820076196
cov10_n10_g0_s42_hotspots_p80_chr1	10	10	4214	373	968	0	0.41611842074946237	0.27556574988563076	0.17647058823529413	0.2508947253227234	27.507476806640625	0.03282049700246092
cov10_n10_g0_s42_hotspots_p80_chr1	10	10	4215	596	1823	0	0.3702247844837174	0.31312691558359285	0.1111111111111111	0.5371807813644409	4.749959945678711	0.05038500422142936
cov10_n10_g0_s42_hotspots_p80_chr1	10	10	4216	651	1160	0	0.4470080658723712	0.3358091459982752	0.25	0.32275307178497314	19.181825637817383	0.033087395869096495
cov10_n10_g0_s42_hotspots_p80_chr1	10	10	4217	357	1565	0	0.5440863518099167	0.46457881218111446	0.3333333333333333	0.44939756393432617	14.65798282623291	0.03129350856388236
cov10_n10_g0_s42_hotspots_p80_chr1	10	10	4218	777	1906	0	0.5862541153869332	0.515549860615435	0.42857142857142855	0.49255257844924927	14.166631698608398	0.030016224988336133
cov10_n10_g0_s42_hotspots_p80_chr1	10	10	4219	640	1632	0	0.5196760468154111	0.43277503735051104	0.3333333333333333	0.4140256941318512	15.754724502563477	0.03175450506843716
cov10_n10_g0_s42_hotspots_p80_chr1	10	10	4220	152	788	1	0.3753989938084016	0.27024949715089275	0.1111111111111111	0.3241403102874756	13.41281795501709	0.03703503090215083
cov10_n10_g0_s42_hotspots_p80_chr1	10	10	4222	329	838	0	0.43364390579309026	0.3330183548600044	0.25	0.3550352454185486	14.918444633483887	0.034645358231720214
cov10_n10_g0_s42_hotspots_p80_chr1	10	10	4223	390	987	0	0.3462834270647945	0.24241364167008814	0.17647058823529413	0.31518837809562683	12.070440292358398	0.038699055122687315
cov10_n10_g0_s42_hotspots_p80_chr1	10	10	4224	401	1231	0	0.5835880334154345	0.5094708067840261	0.42857142857142855	0.468317449092865	15.528593063354492	0.029735048193699584
cov10_n10_g0_s42_hotspots_p80_chr1	10	10	4225	200	312	0	0.40885689535566716	0.29743477106989524	0.25	0.31692859530448914	16.642545700073242	0.034767304448781136
cov10_n10_g0_s42_hotspots_p80_chr1	10	10	4226	401	1068	0	0.4807575684770004	0.36600522405104846	0.3333333333333333	0.3074136972427368	24.4571533203125	0.03150497877076632
cov10_n10_g0_s42_hotspots_p80_chr1	10	10	4227	938	2236	0	0.45062449813678795	0.3657866908423089	0.25	0.4204102158546448	11.489018440246582	0.03587436158155875
cov10_n10_g0_s42_hotspots_p80_chr1	10	10	4228	1016	1911	0	0.338992293136773	0.15381051002915772	0.1111111111111111	0.18457730114459991	33.73051834106445	0.03404615997983405
cov10_n10_g0_s42_hotspots_p80_chr1	10	10	4229	668	1588	0	0.5146755760885221	0.44955352662896547	0.3333333333333333	0.5430631637573242	8.981863021850586	0.035833442814545556
cov10_n10_g0_s42_hotspots_p80_chr1	10	10	4230	278	754	0	0.34148681486195803	0.24958094268272288	0.17647058823529413	0.3485061824321747	9.601231575012207	0.040995742640741004
cov10_n10_g0_s42_hotspots_p80_chr1	10	10	4231	569	1390	0	0.5451806073121986	0.4637081489199335	0.3333333333333333	0.437347412109375	15.539164543151855	0.031000815677609827
cov10_n10_g0_s42_hotspots_p80_chr1	10	10	4232	551	2060	0	0.3976764546280925	0.29054653788803997	0.25	0.3260402977466583	14.877063751220703	0.03570880571897949
cov10_n10_g0_s42_hotspots_p80_chr1	10	10	4233	166	842	1	0.0915014656731492	0.00658189930511976	0.1111111111111111	0.13373102247714996	4.681571960449219	0.05988084499988297
cov10_n10_g0_s42_hotspots_p80_chr1	10	10	4237	475	1844	0	0.39610786586694685	0.29936014922584087	0.17647058823529413	0.35764405131340027	12.266618728637695	0.03707985424320154
cov10_n10_g0_s42_hotspots_p80_chr1	10	10	4238	698	2082	0	0.5466488348714774	0.4846267495826553	0.3333333333333333	0.5673774480819702	9.282665252685547	0.0343242237955187
cov10_n10_g0_s42_hotspots_p80_chr1	10	10	4239	761	1978	0	0.506298815409658	0.3967388902014737	0.25	0.31490764021873474	25.84921646118164	0.030762062395584985
cov10_n10_g0_s42_hotspots_p80_chr1	10	10	4240	934	2431	0	0.3472516022754312	0.24459746539531552	0.25	0.318983793258667	11.850895881652832	0.03882412923158974
cov10_n10_g0_s42_hotspots_p80_chr1	10	10	4241	364	917	0	0.4072705235327797	0.3186918664728252	0.25	0.39140191674232483	10.827299118041992	0.037762208944745135
cov10_n10_g0_s42_hotspots_p80_chr1	10	10	4242	501	1227	0	0.43875727097417616	0.3556763763011679	0.25	0.4252083897590637	10.64743709564209	0.03689133449933524
cov10_n10_g0_s42_hotspots_p80_chr1	10	10	4243	20	101	1	0.3471050620360888	0.2870846253057371	0.17647058823529413	0.5	4.819276332855225	0.050928873504743816
cov10_n10_g0_s42_hotspots_p80_chr1	10	10	4244	372	931	0	0.3968448779703879	0.2526964581864864	0.25	0.24364829063415527	26.52863311767578	0.0333476886992627
cov10_n10_g0_s42_hotspots_p80_chr1	10	10	4245	553	1456	0	0.44870447630154975	0.3833080838898042	0.3333333333333333	0.5244252681732178	7.320714950561523	0.040576103878847976
cov10_n10_g0_s42_hotspots_p80_chr1	10	10	4246	402	1111	0	0.5151268159499559	0.44419190297602074	0.3333333333333333	0.5044305920600891	10.4285888671875	0.03446087246344755
cov10_n10_g0_s42_hotspots_p80_chr1	10	10	4247	418	1291	0	0.4690309864630918	0.37996163829502333	0.25	0.40497076511383057	13.413917541503906	0.03419709050186686
cov10_n10_g0_s42_hotspots_p80_chr1	10	10	4248	381	1293	0	0.5522216603019862	0.4800045381734258	0.3333333333333333	0.49367499351501465	12.512516021728516	0.031856118362972544
cov10_n10_g0_s42_hotspots_p80_chr1	10	10	4249	4	25	1	0.15811388300741896	0.08671099695241213	0.05263157894736842	0.25	4.0	0.06123724356957946
cov10_n10_g0_s42_hotspots_p80_chr1	10	10	4250	249	1182	0	0.4874050243452233	0.42091114872657376	0.3333333333333333	0.5291246771812439	8.485238075256348	0.03742105330157548
cov10_n10_g0_s42_hotspots_p80_chr1	10	10	4251	991	2277	0	0.5255229444044838	0.4203392007361951	0.25	0.3191221058368683	27.118749618530273	0.03021804907819283
cov10_n10_g0_s42_hotspots_p80_chr1	10	10	4252	188	1178	1	0.341596793994745	0.28343590596164525	0.3333333333333333	0.5078953504562378	4.523547172546387	0.05237919527509562
cov10_n10_g0_s42_hotspots_p80_chr1	10	10	4253	480	1475	0	0.36623709359238926	0.2504095882158707	0.25	0.2933616042137146	15.585407257080078	0.03631292163166394
cov10_n10_g0_s42_hotspots_p80_chr1	10	10	4261	115	346	1	0.5415447430849073	0.4888085168379774	0.3333333333333333	0.645355761051178	7.041584014892578	0.037573656449276016
cov10_n10_g0_s42_hotspots_p80_chr1	10	10	4262	612	1329	0	0.4341082017756526	0.3436392259531026	0.17647058823529413	0.3924694359302521	12.234443664550781	0.035923976239880445
cov10_n10_g0_s42_hotspots_p80_chr1	10	10	4263	455	1141	0	0.3829462427744941	0.29443373221947783	0.25	0.3815748393535614	10.072010040283203	0.03920619807100986
cov10_n10_g0_s42_hotspots_p80_chr1	10	10	4265	348	1271	0	0.5514451103973894	0.4755081497553703	0.25	0.4695369601249695	13.793197631835938	0.031343282878893326
cov10_n10_g0_s42_hotspots_p80_chr1	10	10	4266	656	2621	0	0.3783411380925325	0.2680140739345003	0.25	0.3111707270145416	14.783239364624023	0.03629910840261878
cov10_n10_g0_s42_hotspots_p80_chr1	10	10	4267	334	1144	0	0.2806602412145287	0.20700631299884734	0.17647058823529413	0.3732517957687378	5.65402889251709	0.05027607356499
cov10_n10_g0_s42_hotspots_p80_chr1	10	10	4268	168	423	1	0.22453483205537006	0.07619986351924093	0.05263157894736842	0.17423692345619202	16.606842041015625	0.03958673324817415
cov10_n10_g0_s42_hotspots_p80_chr1	10	10	4271	164	503	1	0.337546640678367	0.2210609549774642	0.1111111111111111	0.2805255353450775	14.478475570678711	0.03757707773127499
cov10_n10_g0_s42_hotspots_p80_chr1	10	10	4272	562	1440	0	0.38744079680335797	0.28082277395321237	0.17647058823529413	0.32429516315460205	14.273475646972656	0.0362630981887456
cov10_n10_g0_s42_hotspots_p80_chr1	10	10	4273	244	528	0	0.21551347753434677	0.13538230922389421	0.25	0.28851789236068726	5.579604148864746	0.052621360241354116
cov10_n10_g0_s42_hotspots_p80_chr1	10	10	4274	591	1491	0	0.2590366959821118	0.20070860876191288	0.1111111111111111	0.42808789014816284	3.66148042678833	0.05994747792246098
cov10_n10_g0_s42_hotspots_p80_chr1	10	10	4275	768	1552	0	0.28841231470557843	0.17138829129685534	0.1111111111111111	0.2547968626022339	12.812661170959473	0.039857311013597484
cov10_n10_g0_s42_hotspots_p80_chr1	10	10	4276	1224	2166	0	0.5518943625060345	0.4708629393750286	0.3333333333333333	0.43756717443466187	15.90825366973877	0.03068937521086755
cov10_n10_g0_s42_hotspots_p80_chr1	10	10	4277	133	448	1	0.3620859812359449	0.27040601512612916	0.17647058823529413	0.36018529534339905	10.105817794799805	0.03983024075162163
cov10_n10_g0_s42_hotspots_p80_chr1	10	10	4278	151	342	1	0.4734145455239722	0.4014992300256334	0.25	0.49220266938209534	9.251138687133789	0.03702267124903691
cov10_n10_g0_s42_hotspots_p80_chr1	10	10	4279	790	2085	0	0.5831286567649699	0.5125124100110076	0.3333333333333333	0.4947899878025055	13.889510154724121	0.0302156380940769
cov10_n10_g0_s42_hotspots_p80_chr1	10	10	4280	81	341	1	0.4748113930621473	0.3913337488871479	0.25	0.4312579035758972	12.121829986572266	0.034685049643592376
cov10_n10_g0_s42_hotspots_p80_chr1	10	10	4281	190	844	1	0.054397126425578674	-0.015693558840536186	0.17647058823529413	0.09883701801300049	3.0290935039520264	0.07162090971428899
cov10_n10_g0_s42_hotspots_p80_chr1	10	10	4282	342	625	0	0.3470950536989026	0.24335710166971436	0.1111111111111111	0.3159322142601013	12.070047378540039	0.03867545581201259
cov10_n10_g0_s42_hotspots_p80_chr1	10	10	4283	355	845	0	0.3082280065862827	0.18285196301703802	0.1111111111111111	0.2496260404586792	15.246296882629395	0.03802375674986295
cov10_n10_g0_s42_hotspots_p80_chr1	10	10	4284	3	6	1	0.22360680157584636	0.1815682598006405	0.1111111111111111	0.5	2.0	0.07905694150420949
cov10_n10_g0_s42_hotspots_p80_chr1	10	10	4286	425	990	0	0.47443152491925267	0.40041206930706136	0.17647058823529413	0.4803580641746521	9.754768371582031	0.036476424503626204
cov10_n10_g0_s42_hotspots_p80_chr1	10	10	4287	67	260	1	0.3846693227777026	0.24422526248371274	0.05263157894736842	0.24856163561344147	23.9500789642334	0.03391924030883405
cov10_n10_g0_s42_hotspots_p80_chr1	10	10	4289	294	695	0	0.4226966132517793	0.3465016818144701	0.3333333333333333	0.45253291726112366	8.724832534790039	0.03938730702664715
cov10_n10_g0_s42_hotspots_p80_chr1	10	10	4291	310	785	0	0.5245477169090279	0.44147739427684596	0.25	0.4333169460296631	14.654084205627441	0.03193293195880953
cov10_n10_g0_s42_hotspots_p80_chr1	10	10	4292	434	1380	0	0.12587797637777395	0.02579420451447242	0.17647058823529413	0.15307366847991943	6.762364864349365	0.052113162515174914
cov10_n10_g0_s42_hotspots_p80_chr1	10	10	4293	579	1571	0	0.3572908744249113	0.27929198600518856	0.25	0.41091179847717285	7.560432434082031	0.04331356743658885
cov10_n10_g0_s42_hotspots_p80_chr1	10	10	4294	3	9	1	0.22360680157584636	0.18156825980063976	0.1111111111111111	0.5	2.0	0.07905694150420949
cov10_n10_g0_s42_hotspots_p80_chr1	10	10	4295	298	988	0	0.2782826759775815	0.16614413224912541	0.17647058823529413	0.25849977135658264	11.589159965515137	0.04101639512378163
cov10_n10_g0_s42_hotspots_p80_chr1	10	10	4296	892	2444	0	0.4221937241794952	0.3301520557800505	0.25	0.3830311894416809	12.149413108825684	0.03634939255714535
cov10_n10_g0_s42_hotspots_p80_chr1	10	10	4297	413	1587	0	0.5362546291939532	0.4368505593665808	0.25	0.3407854735851288	24.761674880981445	0.03004744135110362
cov10_n10_g0_s42_hotspots_p80_chr1	10	10	4298	1204	2657	0	0.48014097072513345	0.39066903026426086	0.25	0.4041522145271301	14.113919258117676	0.03354504442037566
cov10_n10_g0_s42_hotspots_p80_chr1	10	10	4299	1120	2284	0	0.4496475307695827	0.33772509419386443	0.25	0.320622056722641	19.66788101196289	0.032924136750476576
cov10_n10_g0_s42_hotspots_p80_chr1	10	10	4300	382	1397	0	0.40237942789631204	0.3050901542814438	0.25	0.3580053150653839	12.632594108581543	0.03666729338990026
cov10_n10_g0_s42_hotspots_p80_chr1	10	10	4301	446	1329	0	0.2967960567776404	0.1758927722899153	0.1111111111111111	0.2520306706428528	13.867862701416016	0.03900369109422685
cov10_n10_g0_s42_hotspots_p80_chr1	10	10	4302	600	1074	0	0.30118935978235545	0.20145760039927085	0.25	0.301449179649353	9.982768058776855	0.04181548457643335
cov10_n10_g0_s42_hotspots_p80_chr1	10	10	4303	384	1125	0	0.3601859007063973	0.266946265229055	0.17647058823529413	0.353952020406723	10.355345726013184	0.03965130419376958
cov10_n10_g0_s42_hotspots_p80_chr1	10	10	4304	384	861	0	0.3065988806238841	0.18326727919985816	0.1111111111111111	0.2525266110897064	14.740997314453125	0.038296979623392374
cov10_n10_g0_s42_hotspots_p80_chr1	10	10	4305	3	14	1	0.22360680157584636	0.18156825980064012	0.1111111111111111	0.5	2.0	0.07905694150420949
cov10_n10_g0_s42_hotspots_p80_chr1	10	10	4306	18	54	1	0.22821772913756408	0.14023267529101743	0.1111111111111111	0.2777777910232544	6.75	0.0490653384696505
cov10_n10_g0_s42_hotspots_p80_chr1	10	10	4307	452	1166	0	0.49732863215281986	0.4078733823336165	0.25	0.40426069498062134	15.134353637695312	0.032638684712914395
cov10_n10_g0_s42_hotspots_p80_chr1	10	10	4308	362	988	0	0.49782163373551147	0.4272297507663513	0.25	0.5048623085021973	9.723030090332031	0.03568545379050394
cov10_n10_g0_s42_hotspots_p80_chr1	10	10	4309	589	1320	0	0.4271803712193435	0.3238966444041947	0.17647058823529413	0.34499305486679077	15.33210563659668	0.034681407829725786
cov10_n10_g0_s42_hotspots_p80_chr1	10	10	4310	741	1717	0	0.45180930061316127	0.39720562580060076	0.25	0.6041524410247803	5.592644691467285	0.0444375661652446
cov10_n10_g0_s42_hotspots_p80_chr1	10	10	4311	882	2317	0	0.42815309680188224	0.33942247293826916	0.3333333333333333	0.3977965712547302	11.584468841552734	0.03653134911796899
cov10_n10_g0_s42_hotspots_p80_chr1	10	10	4312	626	1704	0	0.35395515135764843	0.2652920320131344	0.17647058823529413	0.3665398359298706	9.325114250183105	0.04091597003234356
cov10_n10_g0_s42_hotspots_p80_chr1	10	10	4313	805	1857	0	0.5105673703605468	0.4422102725865605	0.3333333333333333	0.5206841826438904	9.615179061889648	0.03533153508976457
cov10_n10_g0_s42_hotspots_p80_chr1	10	10	4314	1256	2835	0	0.38419460302402303	0.2861125059314084	0.25	0.34878310561180115	12.133655548095703	0.03752645357186809
cov10_n10_g0_s42_hotspots_p80_chr1	10	10	4315	1346	2301	0	0.40851170123079344	0.31890253840233496	0.25	0.38784247636795044	11.094258308410645	0.03751136844031172
cov10_n10_g0_s42_hotspots_p80_chr1	10	10	4316	6	15	1	0.28867513348957363	0.222812454685531	0.17647058823529413	0.4166666865348816	4.799999713897705	0.05303300905728939
cov10_n10_g0_s42_hotspots_p80_chr1	10	10	4317	741	1220	0	0.3778715042622807	0.28682051827944327	0.25	0.3699330985546112	10.433786392211914	0.039028173124537734
cov10_n10_g0_s42_hotspots_p80_chr1	10	10	4318	1078	2253	0	0.3976245519366086	0.2966432638157193	0.3333333333333333	0.34442806243896484	13.327523231506348	0.0364257966900308
cov10_n10_g0_s42_hotspots_p80_chr1	10	10	4319	1094	2245	0	0.39693722906334966	0.30128623608671357	0.25	0.36165907979011536	12.04605770111084	0.03719591569316094
cov10_n10_g0_s42_hotspots_p80_chr1	10	10	4320	248	613	0	0.46664741238268387	0.4199953034214212	0.25	0.6829094886779785	4.6692962646484375	0.0471146389822726
cov10_n10_g0_s42_hotspots_p80_chr1	10	10	4321	173	290	1	0.4355997341857065	0.3329914732213218	0.25	0.3487398028373718	15.601709365844727	0.034341589916228855
cov10_n10_g0_s42_hotspots_p80_chr1	10	10	4322	161	361	1	0.4224066663582496	0.32934896906191424	0.25	0.3792648911476135	12.404412269592285	0.03618761719995574
cov10_n10_g0_s42_hotspots_p80_chr1	10	10	4324	332	1298	0	0.4606889108995185	0.38982992387086557	0.42857142857142855	0.4949534833431244	8.663369178771973	0.03815066154895694
cov10_n10_g0_s42_hotspots_p80_chr1	10	10	4325	600	1773	0	0.4693009617854655	0.39830323613369234	0.3333333333333333	0.49656325578689575	8.93210220336914	0.037523839001373516
cov10_n10_g0_s42_hotspots_p80_chr1	10	10	4326	203	590	0	0.4447205698037796	0.3743550689351097	0.3333333333333333	0.4925310015678406	8.152809143066406	0.039393987332737655
cov10_n10_g0_s42_hotspots_p80_chr1	10	10	4327	149	369	1	0.34897373823266176	0.2887299453006538	0.25	0.4999990165233612	4.871325492858887	0.05065608472061625
cov10_n10_g0_s42_hotspots_p80_chr1	10	10	4328	498	1694	0	0.39241152225561654	0.31181989075135474	0.3333333333333333	0.41841262578964233	8.795770645141602	0.040312603225005676
cov10_n10_g0_s42_hotspots_p80_chr1	10	10	4329	474	1647	0	0.4213863498299762	0.343186978400443	0.3333333333333333	0.442111611366272	9.084416389465332	0.038996200468135414
cov10_n10_g0_s42_hotspots_p80_chr1	10	10	4330	980	2106	0	0.5327587556855496	0.4705819652145222	0.3333333333333333	0.5659905076026917	8.860186576843262	0.035296306606063095
cov10_n10_g0_s42_hotspots_p80_chr1	10	10	4331	384	1713	0	0.3983257994494544	0.3246121876899656	0.3333333333333333	0.45408105850219727	7.695026397705078	0.041703994727888445
cov10_n10_g0_s42_hotspots_p80_chr1	10	10	4332	751	1666	0	0.4656180879859995	0.38282879713058354	0.3333333333333333	0.43306440114974976	11.559918403625488	0.03533640543792604
cov10_n10_g0_s42_hotspots_p80_chr1	10	10	4333	568	1313	0	0.514090120511514	0.43709648022120656	0.3333333333333333	0.4679442346096039	12.069526672363281	0.033403673477755046
cov10_n10_g0_s42_hotspots_p80_chr1	10	10	4334	181	591	1	0.32001547052363377	0.20806811011668913	0.17647058823529413	0.2822968661785126	12.850790023803711	0.0389481787070359
cov10_n10_g0_s42_hotspots_p80_chr1	10	10	4335	789	1350	0	0.3473136065068935	0.2483362492893619	0.25	0.3295270800590515	11.10865306854248	0.03938821295120694
cov10_n10_g0_s42_hotspots_p80_chr1	10	10	4336	316	868	0	0.24056541744624105	0.16560201321883347	0.25	0.33094945549964905	5.283759593963623	0.052804982501015715
cov10_n10_g0_s42_hotspots_p80_chr1	10	10	4337	528	1435	0	0.5313824484104303	0.44362164824685074	0.25	0.4065714478492737	17.082077026367188	0.03106980050439736
cov10_n10_g0_s42_hotspots_p80_chr1	10	10	4338	144	598	1	0.500520522290117	0.41586730018160806	0.25	0.42718300223350525	13.728270530700684	0.03305408158615988
cov10_n10_g0_s42_hotspots_p80_chr1	10	10	4339	3	12	1	0.22360680157584636	0.18156825980063976	0.1111111111111111	0.5	2.0	0.07905694150420949
cov10_n10_g0_s42_hotspots_p80_chr1	10	10	4341	82	255	1	0.48173723648098976	0.38383786936794656	0.25	0.36883223056793213	17.059358596801758	0.03256770013611674
cov10_n10_g0_s42_hotspots_p80_chr1	10	10	4342	375	1098	0	0.5197882132480632	0.46830540687967714	0.17647058823529413	0.6536808013916016	6.322973251342773	0.039908845817143726
cov10_n10_g0_s42_hotspots_p80_chr1	10	10	4343	403	896	0	0.5120311740518	0.4357058958901248	0.3333333333333333	0.47178083658218384	11.77910041809082	0.033641482867172404
cov10_n10_g0_s42_hotspots_p80_chr1	10	10	4344	16	189	1	0.4313488949612889	0.3631530300596511	0.25	0.5	7.442474365234375	0.04098230042368187
cov10_n10_g0_s42_hotspots_p80_chr1	10	10	4345	380	823	0	0.430407392591458	0.35337678862079835	0.3333333333333333	0.45130959153175354	9.095157623291016	0.03867923965887499
cov10_n10_g0_s42_hotspots_p80_chr1	10	10	4346	130	747	1	0.43243789225594187	0.35499460550403683	0.25	0.4499853253364563	9.235297203063965	0.038451781995677004
cov10_n10_g0_s42_hotspots_p80_chr1	10	10	4347	592	1228	0	0.5052193999277478	0.42838801693621525	0.3333333333333333	0.46869656443595886	11.619206428527832	0.033971510861017
cov10_n10_g0_s42_hotspots_p80_chr1	10	10	4348	4	23	1	0.2577647796796731	0.15558130493359412	0.05263157894736842	0.26623377203941345	9.37391185760498	0.04379387682558177
cov10_n10_g0_s42_hotspots_p80_chr1	10	10	4349	821	1634	0	0.358935275037655	0.25145544011179655	0.25	0.3112252652645111	13.300950050354004	0.03757285516180645
cov10_n10_g0_s42_hotspots_p80_chr1	10	10	4350	1035	1796	0	0.3930907400983739	0.316024003390109	0.17647058823529413	0.434927374124527	8.168684959411621	0.04114505609067164
cov10_n10_g0_s42_hotspots_p80_chr1	10	10	4351	684	1294	0	0.4789404753279114	0.363210119831435	0.25	0.19855758547782898	58.18220138549805	0.03111990391179723
cov10_n10_g0_s42_hotspots_p80_chr1	10	10	4352	127	265	1	0.5673900715423034	0.4969836351421243	0.3333333333333333	0.502389132976532	12.755073547363281	0.03120944255774811
cov10_n10_g0_s42_hotspots_p80_chr1	10	10	4353	93	250	1	0.5196131487375052	0.44415248343916586	0.25	0.47679945826530457	11.876509666442871	0.03332415217168118
cov10_n10_g0_s42_hotspots_p80_chr1	10	10	4356	28	237	1	0.2364524282166451	0.16320236405324293	0.1111111111111111	0.3333333134651184	5.031877517700195	0.05385934268829166
cov10_n10_g0_s42_hotspots_p80_chr1	10	10	4357	157	220	1	0.3603749742978082	0.07460470969524532	0.05263157894736842	0.12987011671066284	77.00000762939453	0.032979726161118314
cov10_n10_g0_s42_hotspots_p80_chr1	10	10	4358	31	223	1	0.36514838316669485	0.09759000729485345	0.05263157894736842	0.13333332538604736	75.0000228881836	0.0329140294302192
cov10_n10_g0_s42_hotspots_p80_chr1	10	10	4360	47	225	1	0.21704529744255566	0.1536272357952633	0.1111111111111111	0.353407621383667	3.7718026638031006	0.06066750536725777
cov10_n10_g0_s42_hotspots_p80_chr1	10	10	4361	166	294	1	0.3723711689577331	0.29728186510621873	0.25	0.43322938680648804	7.387818813323975	0.04311497104180217
cov10_n10_g0_s42_hotspots_p80_chr1	10	10	4362	42	143	1	0.19328683111137734	0.09791625609904361	0.1111111111111111	0.22814813256263733	7.177457809448242	0.049205622648726965
cov10_n10_g0_s42_hotspots_p80_chr1	10	10	4364	186	279	1	0.28514737997037315	0.1861240985647515	0.1111111111111111	0.29292696714401245	9.475892066955566	0.04285813468502696
cov10_n10_g0_s42_hotspots_p80_chr1	10	10	4365	113	415	1	0.22360680157584636	0.18156825980064062	0.1111111111111111	0.5	2.0	0.07905694150420949
cov10_n10_g0_s42_hotspots_p80_chr1	10	10	4366	12	25	1	0.27947827916518747	0.2285892591201907	0.17647058823529413	0.5	3.124324083328247	0.06325239280149095
cov10_n10_g0_s42_hotspots_p80_chr1	10	10	4369	34	195	1	0.36514835140686214	0.3232870753462957	0.17647058823529413	0.6666666865348816	2.999999761581421	0.061237245191812416
cov10_n10_g0_s42_hotspots_p80_chr1	10	10	4370	56	412	1	0.3482032470652261	0.2715549306537702	0.25	0.4112575948238373	7.168656826019287	0.0443346126911332
cov10_n10_g0_s42_hotspots_p80_chr1	10	10	4371	22	191	1	0.3162278132334585	0.2601330055765501	0.17647058823529413	0.49999985098838806	4.000003814697266	0.05590167644326167
cov10_n10_g0_s42_hotspots_p80_chr1	10	10	4372	91	253	1	0.41488502768056174	0.3552186374148106	0.42857142857142855	0.5472412109375	5.7477498054504395	0.04535042340729682
cov10_n10_g0_s42_hotspots_p80_chr1	10	10	4373	119	351	1	0.4293877592643291	0.36704560381683377	0.3333333333333333	0.5362247228622437	6.412179470062256	0.043114422697498093
cov10_n10_g0_s42_hotspots_p80_chr1	10	10	4374	72	249	1	0.12391774405119516	0.03846666473649329	0.17647058823529413	0.17385277152061462	5.080469131469727	0.057234350268783214
cov10_n10_g0_s42_hotspots_p80_chr1	10	10	4375	649	1682	0	0.4599009376206077	0.3846544205859924	0.25	0.470038503408432	9.573304176330566	0.03715667102184779
cov10_n10_g0_s42_hotspots_p80_chr1	10	10	4376	300	472	0	0.34562829815820895	0.2106291720790479	0.25	0.24805662035942078	19.414085388183594	0.035689226771137374
cov10_n10_g0_s42_hotspots_p80_chr1	10	10	4377	416	924	0	0.5439129910989494	0.48634762272951526	0.42857142857142855	0.603194534778595	8.131000518798828	0.03576785851366453
cov10_n10_g0_s42_hotspots_p80_chr1	10	10	4378	423	1408	0	0.4024024130597509	0.33979094584548764	0.25	0.520336925983429	5.980698108673096	0.045157663650325024
cov10_n10_g0_s42_hotspots_p80_chr1	10	10	4379	758	1997	0	0.5701666597931419	0.49444863252644256	0.3333333333333333	0.4641580283641815	15.089395523071289	0.030298535460723544
cov10_n10_g0_s42_hotspots_p80_chr1	10	10	4380	189	639	1	0.3042545534626638	0.18924962063333545	0.17647058823529413	0.2675072252750397	12.936095237731934	0.03933853688811043
cov10_n10_g0_s42_hotspots_p80_chr1	10	10	4387	122	498	1	0.3968023093783207	0.33298882701373267	0.17647058823529413	0.509433388710022	6.06699275970459	0.0451303131601088
cov10_n10_g0_s42_hotspots_p80_chr1	10	10	4388	198	609	1	0.2590347898821163	0.14650824378491348	0.25	0.24552129209041595	11.131095886230469	0.04194254450028366
cov10_n10_g0_s42_hotspots_p80_chr1	10	10	4389	117	314	1	0.1700889371336573	0.08388015476615868	0.25	0.22503376007080078	5.712901592254639	0.053623180654510334
cov10_n10_g0_s42_hotspots_p80_chr1	10	10	4390	499	1169	0	0.5044249701878682	0.43023144952158215	0.25	0.4838514029979706	10.868486404418945	0.03450341398612912
cov10_n10_g0_s42_hotspots_p80_chr1	10	10	4391	305	412	0	0.5486516106317558	0.4770704773274845	0.3333333333333333	0.4985867142677307	12.109100341796875	0.03218407534641994
cov10_n10_g0_s42_hotspots_p80_chr1	10	10	4392	351	918	0	0.46122891055343024	0.3893376714797357	0.42857142857142855	0.48911434412002563	8.892261505126953	0.037854072978433316
cov10_n10_g0_s42_hotspots_p80_chr1	10	10	4393	595	1620	0	0.7426077946884819	0.7025230109229152	0.5384615384615384	0.6820635795593262	11.854120254516602	0.024481153321345994
cov10_n10_g0_s42_hotspots_p80_chr1	10	10	4394	356	1303	0	0.4854049448491292	0.4048458204413441	0.3333333333333333	0.4470635652542114	11.788806915283203	0.034535039412554154
cov10_n10_g0_s42_hotspots_p80_chr1	10	10	4395	260	644	0	0.5376033737083818	0.46214402882682415	0.3333333333333333	0.475351482629776	12.790699005126953	0.03223187863747887
cov10_n10_g0_s42_hotspots_p80_chr1	10	10	4396	467	962	0	0.36961227711068223	0.26268768411706966	0.17647058823529413	0.31701841950416565	13.593265533447266	0.037108314031949044
cov10_n10_g0_s42_hotspots_p80_chr1	10	10	4397	785	1886	0	0.40672975467278955	0.29962493729783296	0.25	0.3286074101924896	15.319942474365234	0.035276215779229216
cov10_n10_g0_s42_hotspots_p80_chr1	10	10	4399	3	8	1	0.22360680157584636	0.18156825980063976	0.1111111111111111	0.5	2.0	0.07905694150420949
cov10_n10_g0_s42_hotspots_p80_chr1	10	10	4401	5	21	1	0.31622776601483793	0.260132990857236	0.17647058823529413	0.5	4.0	0.05590169943749475
cov10_n10_g0_s42_hotspots_p80_chr1	10	10	4402	751	1799	0	0.5657361129727019	0.5060877101248288	0.3333333333333333	0.5851752161979675	9.346648216247559	0.03353266546520036
cov10_n10_g0_s42_hotspots_p80_chr1	10	10	4403	1384	2812	0	0.37433407707149613	0.2687846934650223	0.25	0.32261449098587036	13.463282585144043	0.03703936990498014
cov10_n10_g0_s42_hotspots_p80_chr1	10	10	4404	776	1460	0	0.34128507728999785	0.23947939265014787	0.17647058823529413	0.3184093236923218	11.488495826721191	0.039268585199444817
cov10_n10_g0_s42_hotspots_p80_chr1	10	10	4405	504	1281	0	0.4285087259740888	0.3390245681981963	0.17647058823529413	0.39486220479011536	11.776825904846191	0.03639026044698473
cov10_n10_g0_s42_hotspots_p80_chr1	10	10	4406	429	1545	0	0.49723047196489595	0.4131215112618828	0.3333333333333333	0.4298953413963318	13.377963066101074	0.03331117013109576
cov10_n10_g0_s42_hotspots_p80_chr1	10	10	4407	1092	2358	0	0.44299462917240656	0.3285783718291072	0.17647058823529413	0.31310567259788513	20.017745971679688	0.03304060939467055
cov10_n10_g0_s42_hotspots_p80_chr1	10	10	4408	210	724	0	0.30451205408403786	0.22509999322017582	0.17647058823529413	0.3691866397857666	6.80325984954834	0.04652298305080274
cov10_n10_g0_s42_hotspots_p80_chr1	10	10	4409	864	1822	0	0.4747794484849674	0.40059929866438004	0.3333333333333333	0.4795292615890503	9.802877426147461	0.03641857613425527
cov10_n10_g0_s42_hotspots_p80_chr1	10	10	4410	794	2482	0	0.35601554078244474	0.23844413366524847	0.17647058823529413	0.2856467068195343	15.533862113952637	0.03661388921949014
cov10_n10_g0_s42_hotspots_p80_chr1	10	10	4411	630	1520	0	0.47901056749867976	0.41458740296074004	0.25	0.5408918857574463	7.8427653312683105	0.03862118435501094
cov10_n10_g0_s42_hotspots_p80_chr1	10	10	4412	89	290	1	0.3679663067734344	0.2849742045619748	0.17647058823529413	0.3958051800727844	8.642775535583496	0.041313214842240605
cov10_n10_g0_s42_hotspots_p80_chr1	10	10	4413	359	973	0	0.34163123454900873	0.25710662700373893	0.25	0.37470149993896484	8.312742233276367	0.04262583702786186
cov10_n10_g0_s42_hotspots_p80_chr1	10	10	4414	530	995	0	0.422833913872636	0.3317809364755454	0.25	0.38701146841049194	11.936912536621094	0.03646427432403861
cov10_n10_g0_s42_hotspots_p80_chr1	10	10	4415	219	642	0	0.5259723690280205	0.43442563411504165	0.25	0.38881146907806396	18.29986000061035	0.031000591116932995
cov10_n10_g0_s42_hotspots_p80_chr1	10	10	4416	978	1537	0	0.5395891028171427	0.4580377812792609	0.3333333333333333	0.4385644793510437	15.137683868408203	0.03129445091289169
cov10_n10_g0_s42_hotspots_p80_chr1	10	10	4417	98	283	1	0.40929023193146025	0.32864840358110536	0.17647058823529413	0.4257389307022095	9.242215156555176	0.03921915716287439
cov10_n10_g0_s42_hotspots_p80_chr1	10	10	4418	1030	1916	0	0.30007231092380704	0.17939324480633015	0.1111111111111111	0.2541525065898895	13.940009117126465	0.038875677468545866
cov10_n10_g0_s42_hotspots_p80_chr1	10	10	4419	878	1747	0	0.5270887028342658	0.4395338097188634	0.3333333333333333	0.40894371271133423	16.61270523071289	0.031306180148623255
cov10_n10_g0_s42_hotspots_p80_chr1	10	10	4421	4	78	1	0.15811391387591842	0.08671101477193556	0.1111111111111111	0.25	4.000001907348633	0.06123723162323118
cov10_n10_g0_s42_hotspots_p80_chr1	10	10	4422	331	722	0	0.36266921068739333	0.22176919635306971	0.25	0.24321423470973969	22.23531723022461	0.03470062084315908
cov10_n10_g0_s42_hotspots_p80_chr1	10	10	4423	396	860	0	0.35973855262789534	0.28540220630168023	0.25	0.42925193905830383	7.023434162139893	0.044233769599744115
cov10_n10_g0_s42_hotspots_p80_chr1	10	10	4424	536	1286	0	0.25707984307845905	0.14172823763616435	0.1111111111111111	0.23897813260555267	11.572301864624023	0.04162595529701229
cov10_n10_g0_s42_hotspots_p80_chr1	10	10	4425	397	1136	0	0.27885707861512604	0.1969906720975495	0.25	0.3400578498840332	6.724464416503906	0.04752619692599148
cov10_n10_g0_s42_hotspots_p80_chr1	10	10	4426	911	2055	0	0.3110423700645186	0.21528347597028563	0.17647058823529413	0.31858429312705994	9.532139778137207	0.04201062041635897
cov10_n10_g0_s42_hotspots_p80_chr1	10	10	4427	597	1397	0	0.26546964696794356	0.17531768410054627	0.25	0.302921861410141	7.680130481719971	0.04604641224886595
cov10_n10_g0_s42_hotspots_p80_chr1	10	10	4428	773	1927	0	0.14500756339124624	0.053491428057246	0.17647058823529413	0.1870846450328827	6.007655620574951	0.05350669955525118
cov10_n10_g0_s42_hotspots_p80_chr1	10	10	4429	1259	2431	0	0.5027779676757339	0.41982180688832454	0.25	0.4357227683067322	13.314717292785645	0.033158768332941214
cov10_n10_g0_s42_hotspots_p80_chr1	10	10	4430	877	1548	0	0.3956685263507991	0.29809854294864024	0.25	0.35474836826324463	12.440051078796387	0.03698578184922754
cov10_n10_g0_s42_hotspots_p80_chr1	10	10	4431	286	988	0	0.3746557770029266	0.2881197256787697	0.17647058823529413	0.38519036769866943	9.460498809814453	0.040103709770074276
cov10_n10_g0_s42_hotspots_p80_chr1	10	10	4435	423	845	0	0.28867089365575677	0.10490573511388768	0.1111111111111111	0.1721099615097046	28.131567001342773	0.03555370259757767
cov10_n10_g0_s42_hotspots_p80_chr1	10	10	4436	682	1469	0	0.28882812354215964	0.2071948857945743	0.17647058823529413	0.3488030433654785	6.856752872467041	0.046914952489050504
cov10_n10_g0_s42_hotspots_p80_chr1	10	10	4437	522	1266	0	0.2198078821407487	0.09730159765086963	0.1111111111111111	0.20237292349338531	11.797273635864258	0.042469218072380265
cov10_n10_g0_s42_hotspots_p80_chr1	10	10	4438	518	827	0	0.30376044455326306	0.07835485457895651	0.1111111111111111	0.15040887892246246	40.786407470703125	0.03435771273670776
cov10_n10_g0_s42_hotspots_p80_chr1	10	10	4439	1263	1878	0	0.38304488907734374	0.22071302089804384	0.17647058823529413	0.2150147557258606	31.736772537231445	0.03326150828983283
cov10_n10_g0_s42_hotspots_p80_chr1	10	10	4440	1072	2007	0	0.40499310953302925	0.28146448188057055	0.25	0.28579387068748474	20.081188201904297	0.034029228836445706
cov10_n10_g0_s42_hotspots_p80_chr1	10	10	4441	672	1297	0	0.445183119734834	0.4053432142863285	0.3333333333333333	0.7465261816978455	3.5562081336975098	0.05383924235545458
cov10_n10_g0_s42_hotspots_p80_chr1	10	10	4442	1163	1885	0	0.15751547444024827	0.06410037238554434	0.17647058823529413	0.19688713550567627	6.400468349456787	0.0520650002901954
cov10_n10_g0_s42_hotspots_p80_chr1	10	10	4443	535	1203	0	0.3286963739321621	0.23383463430900414	0.25	0.33184054493904114	9.811399459838867	0.04116341628781004
cov10_n10_g0_s42_hotspots_p80_chr1	10	10	4444	184	688	1	0.4878286622452064	0.42383076427407806	0.3333333333333333	0.5460889935493469	7.98008918762207	0.038094303084006666
cov10_n10_g0_s42_hotspots_p80_chr1	10	10	4445	60	324	1	0.3702880801819288	0.2489079791940852	0.17647058823529413	0.28217822313308716	17.219974517822266	0.03564345173604864
cov10_n10_g0_s42_hotspots_p80_chr1	10	10	4448	563	1102	0	0.37869909497646503	0.267945913026406	0.25	0.3101833462715149	14.905675888061523	0.03623739008168286
cov10_n10_g0_s42_hotspots_p80_chr1	10	10	4449	768	1715	0	0.34073624877591474	0.2221214376406844	0.17647058823529413	0.277308851480484	15.097646713256836	0.03721117482482965
cov10_n10_g0_s42_hotspots_p80_chr1	10	10	4450	629	1485	0	0.46831781696919267	0.3888516254408031	0.25	0.44994616508483887	10.83328628540039	0.03576291041086568
cov10_n10_g0_s42_hotspots_p80_chr1	10	10	4451	305	804	0	0.35424393590032105	0.26147297430877253	0.1111111111111111	0.3525044918060303	10.098933219909668	0.04008108363545759
cov10_n10_g0_s42_hotspots_p80_chr1	10	10	4452	747	1469	0	0.31707988161155454	0.24273492170039818	0.17647058823529413	0.3998295068740845	6.289087295532227	0.04730746101680456
cov10_n10_g0_s42_hotspots_p80_chr1	10	10	4453	776	1724	0	0.374818142998699	0.2589455449217175	0.17647058823529413	0.2961633801460266	16.01690101623535	0.03591680866396555
cov10_n10_g0_s42_hotspots_p80_chr1	10	10	4454	347	744	0	0.43501909962297775	0.3506616698964612	0.17647058823529413	0.41837021708488464	10.811728477478027	0.036881246851058744
cov10_n10_g0_s42_hotspots_p80_chr1	10	10	4455	790	1550	0	0.4670196826783305	0.3836820077492536	0.3333333333333333	0.4307071268558502	11.757262229919434	0.03516254823332393
cov10_n10_g0_s42_hotspots_p80_chr1	10	10	4456	299	529	0	0.4300813587686662	0.3564469182768462	0.25	0.4687640368938446	8.417684555053711	0.03953553871513568
cov10_n10_g0_s42_hotspots_p80_chr1	10	10	4457	1474	2024	0	0.42694817882115904	0.3134135814783308	0.17647058823529413	0.31429943442344666	18.45284080505371	0.033788371052025735
cov10_n10_g0_s42_hotspots_p80_chr1	10	10	4458	82	439	1	0.4488378044474542	0.37535089328409665	0.25	0.4763241410255432	8.879196166992188	0.038301105141025533
cov10_n10_g0_s42_hotspots_p80_chr1	10	10	4459	7	15	1	0.4281744317047231	0.3758230139037844	0.25	0.6111111044883728	4.909090995788574	0.04762896772773183
cov10_n10_g0_s42_hotspots_p80_chr1	10	10	4460	156	266	1	0.4070414370124844	0.31096278261155885	0.17647058823529413	0.3636751174926758	12.527088165283203	0.03658756438798942
cov10_n10_g0_s42_hotspots_p80_chr1	10	10	4461	1067	2037	0	0.4548794258385155	0.3868063056172493	0.25	0.5098191499710083	7.960866451263428	0.03931453993234174
cov10_n10_g0_s42_hotspots_p80_chr1	10	10	4462	117	286	1	0.4447258262951211	0.3850072565544827	0.3333333333333333	0.5615898370742798	6.271135330200195	0.04288688486481026
cov10_n10_g0_s42_hotspots_p80_chr1	10	10	4463	136	242	1	0.3560128499125883	0.17131373194786856	0.1111111111111111	0.18763799965381622	35.99894332885742	0.033587756885936876
cov10_n10_g0_s42_hotspots_p80_chr1	10	10	4464	249	492	0	0.39286242556821116	0.2980734421279731	0.25	0.36309581995010376	11.706808090209961	0.037550168412821855
cov10_n10_g0_s42_hotspots_p80_chr1	10	10	4465	1483	2274	0	0.37028751731142184	0.2408583906083986	0.1111111111111111	0.26563161611557007	19.432048797607422	0.03505978034487306
cov10_n10_g0_s42_hotspots_p80_chr1	10	10	4466	882	1632	0	0.4141936622561948	0.25957441828411676	0.25	0.22561323642730713	33.70371627807617	0.03250916633622216
cov10_n10_g0_s42_hotspots_p80_chr1	10	10	4467	918	2042	0	0.2384418299463504	0.10684904869974411	0.1111111111111111	0.20190075039863586	13.947260856628418	0.04051520029807181
cov10_n10_g0_s42_hotspots_p80_chr1	10	10	4468	1420	2086	0	0.329777430840235	0.15772538142999734	0.1111111111111111	0.19483807682991028	28.647991180419922	0.03462998101574068
cov10_n10_g0_s42_hotspots_p80_chr1	10	10	4469	1216	2113	0	0.2810325890489231	0.16952948275830335	0.25	0.26147931814193726	11.551507949829102	0.04096842071551813
cov10_n10_g0_s42_hotspots_p80_chr1	10	10	4470	616	1358	0	0.23814019706231326	0.11173366068890718	0.1111111111111111	0.20891456305980682	12.993555068969727	0.04110631326274045
cov10_n10_g0_s42_hotspots_p80_chr1	10	10	4471	211	553	0	0.3678400600118766	0.2603721884253643	0.17647058823529413	0.31486672163009644	13.647860527038574	0.037131223082394214
cov10_n10_g0_s42_hotspots_p80_chr1	10	10	4472	423	1064	0	0.4382733274245729	0.3838449378985613	0.3333333333333333	0.599165678024292	5.350522041320801	0.04569798934646326
cov10_n10_g0_s42_hotspots_p80_chr1	10	10	4473	573	1332	0	0.23126068107228914	0.12427038868087624	0.17647058823529413	0.23660239577293396	9.55356216430664	0.044349819527259984
cov10_n10_g0_s42_hotspots_p80_chr1	10	10	4474	483	1341	0	0.45851241144720195	0.36527666588068314	0.25	0.3862901031970978	14.088830947875977	0.03422721606372136
cov10_n10_g0_s42_hotspots_p80_chr1	10	10	4475	148	461	1	0.33721604009736145	0.31119272821691707	0.17647058823529413	0.8616138696670532	1.5317611694335938	0.08518512898039014
cov10_n10_g0_s42_hotspots_p80_chr1	10	10	4476	924	1986	0	0.523370390550833	0.4556160206430138	0.42857142857142855	0.5256336331367493	9.914071083068848	0.03459407501253076
cov10_n10_g0_s42_hotspots_p80_chr1	10	10	4477	250	777	0	0.3919388772823765	0.28271438341046795	0.25	0.31849077343940735	15.144082069396973	0.035765598635533656
cov10_n10_g0_s42_hotspots_p80_chr1	10	10	4481	3	3	1	0.22360680157584636	0.18156825980063976	0.1111111111111111	0.5	2.0	0.07905694150420949
cov10_n10_g0_s42_hotspots_p80_chr1	10	10	4485	129	700	1	0.4180858848777171	0.3359127103327685	0.3333333333333333	0.4223357141017914	9.799758911132812	0.03833669666550716
cov10_n10_g0_s42_hotspots_p80_chr1	10	10	4486	656	1601	0	0.3737351407030578	0.25798325840575276	0.25	0.29609712958335876	15.931602478027344	0.0359772318974354
cov10_n10_g0_s42_hotspots_p80_chr1	10	10	4487	685	1863	0	0.36080156892869775	0.2668983660678292	0.25	0.3520526587963104	10.503199577331543	0.0394966067359006
cov10_n10_g0_s42_hotspots_p80_chr1	10	10	4488	822	1827	0	0.45635059132370415	0.37084709853024594	0.25	0.4186761975288391	11.880664825439453	0.0354321763483385
cov10_n10_g0_s42_hotspots_p80_chr1	10	10	4489	577	1335	0	0.45230048240635035	0.3671273477238365	0.3333333333333333	0.4192887842655182	11.636637687683105	0.035720742654043014
cov10_n10_g0_s42_hotspots_p80_chr1	10	10	4490	99	337	1	0.32806233358392517	0.23779418198226682	0.25	0.3460860550403595	8.98554801940918	0.04214151830813523
cov10_n10_g0_s42_hotspots_p80_chr1	10	10	4491	242	793	0	0.46001500505392573	0.3676639407674637	0.25	0.3900531828403473	13.909012794494629	0.034257332766806974
cov10_n10_g0_s42_hotspots_p80_chr1	10	10	4492	724	1311	0	0.44115280312028055	0.3400242295492398	0.17647058823529413	0.3546062111854553	15.476950645446777	0.034221880287818904
cov10_n10_g0_s42_hotspots_p80_chr1	10	10	4493	761	2027	0	0.44955292330935487	0.3466732758851715	0.25	0.34966930747032166	16.52899932861328	0.03364629689326398
cov10_n10_g0_s42_hotspots_p80_chr1	10	10	4494	511	1087	0	0.3945320062891365	0.30575142055914933	0.25	0.3855953514575958	10.468894958496094	0.03847109222793948
cov10_n10_g0_s42_hotspots_p80_chr1	10	10	4495	1380	2465	0	0.49207422355015923	0.38292468476469244	0.25	0.3237316310405731	23.104202270507812	0.03133206082033266
cov10_n10_g0_s42_hotspots_p80_chr1	10	10	4496	865	1855	0	0.46594410582285084	0.3660036648102662	0.3333333333333333	0.361148864030838	16.645435333251953	0.03313735758417305
cov10_n10_g0_s42_hotspots_p80_chr1	10	10	4497	1002	2064	0	0.2962540223974454	0.1560798554471502	0.1111111111111111	0.22078126668930054	18.00545310974121	0.03731328105588591
cov10_n10_g0_s42_hotspots_p80_chr1	10	10	4498	397	1302	0	0.4840845578632754	0.39282163872406956	0.25	0.3964116871356964	14.912470817565918	0.0331239399838688
cov10_n10_g0_s42_hotspots_p80_chr1	10	10	4499	363	1046	0	0.30116995513303585	0.1919722206267772	0.17647058823529413	0.27833181619644165	11.70840072631836	0.04027132973946147
cov10_n10_g0_s42_hotspots_p80_chr1	10	10	4501	482	1001	0	0.3899109489172581	0.2521142015892329	0.17647058823529413	0.2541167736053467	23.543127059936523	0.033847430650712176
cov10_n10_g0_s42_hotspots_p80_chr1	10	10	4502	591	1437	0	0.46346972592074503	0.390993058805076	0.3333333333333333	0.4863918125629425	9.079672813415527	0.03755957852417072
cov10_n10_g0_s42_hotspots_p80_chr1	10	10	4503	185	609	1	0.41432510108949244	0.32706220701692224	0.17647058823529413	0.39923590421676636	10.770188331604004	0.03758352511177223
cov10_n10_g0_s42_hotspots_p80_chr1	10	10	4504	115	313	1	0.31856980547603475	0.1896059397873801	0.1111111111111111	0.24802787601947784	16.49712562561035	0.03725101467607524
cov10_n10_g0_s42_hotspots_p80_chr1	10	10	4505	142	773	1	0.3976505100384764	0.2963841309619229	0.25	0.3435434103012085	13.397994041442871	0.03638841702242448
cov10_n10_g0_s42_hotspots_p80_chr1	10	10	4506	173	527	1	0.26068674913587203	0.18908095226872113	0.25	0.3637201189994812	5.136925220489502	0.052669363957683804
cov10_n10_g0_s42_hotspots_p80_chr1	10	10	4507	1213	2190	0	0.345498818575728	0.24342410520397503	0.25	0.31974631547927856	11.675675392150879	0.039003026053917506
cov10_n10_g0_s42_hotspots_p80_chr1	10	10	4508	382	909	0	0.38804904611873203	0.3003068209034923	0.25	0.3868071436882019	10.064318656921387	0.039051169454239754
cov10_n10_g0_s42_hotspots_p80_chr1	10	10	4509	156	596	1	0.3402484302700403	0.19321130266282563	0.17647058823529413	0.22767938673496246	22.332887649536133	0.03522093493966006
cov10_n10_g0_s42_hotspots_p80_chr1	10	10	4517	2	4	1	0.19069252181239205	0.0685962060761977	0.05263157894736842	0.1818181872367859	11.0	0.043952454265993195
cov10_n10_g0_s42_hotspots_p80_chr1	10	10	4524	95	592	1	0.29861627061202506	0.2321967817722014	0.17647058823529413	0.4227350354194641	4.989883899688721	0.051944496588613526
cov10_n10_g0_s42_hotspots_p80_chr1	10	10	4525	87	475	1	0.5490511982724463	0.49162357637548293	0.25	0.6044876575469971	8.2499418258667	0.035411059414363455
cov10_n10_g0_s42_hotspots_p80_chr1	10	10	4526	374	1045	0	0.2819207606399533	0.2079340143010549	0.25	0.3729439973831177	5.714350700378418	0.05005112495217543
cov10_n10_g0_s42_hotspots_p80_chr1	10	10	4527	669	1471	0	0.40899894287843935	0.32787095194860283	0.17647058823529413	0.42341819405555725	9.330509185791016	0.039129855976261216
cov10_n10_g0_s42_hotspots_p80_chr1	10	10	4528	636	1238	0	0.3636243961621579	0.2941014773103931	0.17647058823529413	0.45600175857543945	6.358767509460449	0.04556078685366395
cov10_n10_g0_s42_hotspots_p80_chr1	10	10	4529	227	746	0	0.4263193514375197	0.32790552883637697	0.17647058823529413	0.36104393005371094	13.942802429199219	0.035269109812825
cov10_n10_g0_s42_hotspots_p80_chr1	10	10	4530	178	944	1	0.41385944805284913	0.33015515317943694	0.25	0.41398951411247253	9.9937162399292	0.03828592546671611
cov10_n10_g0_s42_hotspots_p80_chr1	10	10	4531	205	545	0	0.3170691143774765	0.2418894871252348	0.25	0.39613357186317444	6.406555652618408	0.04701906445023912
cov10_n10_g0_s42_hotspots_p80_chr1	10	10	4535	434	996	0	0.3755846548413305	0.2484583862995094	0.25	0.2716316282749176	19.118553161621094	0.03499623007719546
cov10_n10_g0_s42_hotspots_p80_chr1	10	10	4536	4	31	1	0.22360680157584636	0.18156825980063976	0.1111111111111111	0.5	2.0	0.07905694150420949
cov10_n10_g0_s42_hotspots_p80_chr1	10	10	4537	105	235	1	0.37862625551110646	0.2795283515768201	0.25	0.343349426984787	12.16042423248291	0.03767692952431189
cov10_n10_g0_s42_hotspots_p80_chr1	10	10	4538	1145	1751	0	0.395762388893248	0.2516385407797736	0.1111111111111111	0.24359866976737976	26.39484977722168	0.03338533411538092
cov10_n10_g0_s42_hotspots_p80_chr1	10	10	4539	6	28	1	0.2623303292196157	0.19426807778264635	0.1111111111111111	0.380952388048172	4.7419352531433105	0.05416339640324574
cov10_n10_g0_s42_hotspots_p80_chr1	10	10	4541	760	1785	0	0.370288392986329	0.30991490262774196	0.42857142857142855	0.5147300958633423	5.17512845993042	0.048770624409830404
cov10_n10_g0_s42_hotspots_p80_chr1	10	10	4542	577	1362	0	0.4694510863289561	0.3809130603083224	0.3333333333333333	0.40734145045280457	13.282000541687012	0.03424572342221753
cov10_n10_g0_s42_hotspots_p80_chr1	10	10	4543	454	978	0	0.3578120617867957	0.2617529206348491	0.25	0.34362369775772095	10.842857360839844	0.03929088241456398
cov10_n10_g0_s42_hotspots_p80_chr1	10	10	4544	515	1169	0	0.3795585123891125	0.2737370521375625	0.17647058823529413	0.3237970471382141	13.740790367126465	0.03674517240731305
cov10_n10_g0_s42_hotspots_p80_chr1	10	10	4545	400	907	0	0.5662915896295482	0.5072489073132849	0.3333333333333333	0.5901711583137512	9.207131385803223	0.03364841052713349
cov10_n10_g0_s42_hotspots_p80_chr1	10	10	4546	351	865	0	0.5547282359025232	0.4790183431704999	0.25	0.4700741171836853	13.926046371459961	0.03118354170882896
cov10_n10_g0_s42_hotspots_p80_chr1	10	10	4547	773	1487	0	0.46491694779213955	0.40194498293598874	0.3333333333333333	0.5464845299720764	7.237607479095459	0.04013575446400764
cov10_n10_g0_s42_hotspots_p80_chr1	10	10	4548	150	290	1	0.3827421448936072	0.2992162710442858	0.25	0.4011862277984619	9.101658821105957	0.04025432213716397
cov10_n10_g0_s42_hotspots_p80_chr1	10	10	4549	799	1856	0	0.4006990190353081	0.2884376479680959	0.17647058823529413	0.3127274811267853	16.417402267456055	0.035065203030230765
cov10_n10_g0_s42_hotspots_p80_chr1	10	10	4550	441	1307	0	0.4755469686036902	0.40172222423342024	0.25	0.4817001521587372	9.74615478515625	0.03644594337075795
cov10_n10_g0_s42_hotspots_p80_chr1	10	10	4551	638	1766	0	0.5539714313701705	0.47601043478538446	0.25	0.45590725541114807	14.764601707458496	0.030933014282957572
cov10_n10_g0_s42_hotspots_p80_chr1	10	10	4552	184	419	1	0.37171437444496364	0.2951455391461313	0.25	0.4258641004562378	7.618625640869141	0.042732372315710664
cov10_n10_g0_s42_hotspots_p80_chr1	10	10	4553	404	779	0	0.613006128897193	0.5456298268591324	0.42857142857142855	0.5020760893821716	14.90700912475586	0.028867654748845128
cov10_n10_g0_s42_hotspots_p80_chr1	10	10	4554	788	2205	0	0.5962416274609259	0.5258524000877731	0.3333333333333333	0.48908036947250366	14.862232208251953	0.029467898186358255
cov10_n10_g0_s42_hotspots_p80_chr1	10	10	4555	43	229	1	0.34345836924411804	0.27998489391237313	0.25	0.4758153557777405	5.21040153503418	0.04959343425772388
cov10_n10_g0_s42_hotspots_p80_chr1	10	10	4556	527	1271	0	0.5194924184476042	0.44928256682887907	0.3333333333333333	0.5092601180076599	10.40588665008545	0.034323356747449366
cov10_n10_g0_s42_hotspots_p80_chr1	10	10	4557	300	650	0	0.15508230227994477	0.08520887177493307	0.17647058823529413	0.2507625222206116	3.8247158527374268	0.06238036623305359
cov10_n10_g0_s42_hotspots_p80_chr1	10	10	4558	785	1618	0	0.7017496700469652	0.6506746382455888	0.3333333333333333	0.5724022388458252	15.030098915100098	0.025508020033323548
cov10_n10_g0_s42_hotspots_p80_chr1	10	10	4559	184	477	1	0.4234480403458381	0.32973139339304786	0.25	0.3771091401576996	12.608577728271484	0.036036311526179476
cov10_n10_g0_s42_hotspots_p80_chr1	10	10	4560	213	578	0	0.4306973058476709	0.34735097328288317	0.3333333333333333	0.4215157926082611	10.440385818481445	0.03732940153169353
cov10_n10_g0_s42_hotspots_p80_chr1	10	10	4561	253	616	0	0.43195363761729333	0.34334122205161915	0.25	0.3993776738643646	11.697869300842285	0.03633354524852891
cov10_n10_g0_s42_hotspots_p80_chr1	10	10	4562	661	1824	0	0.3548801670075894	0.2726094875987832	0.17647058823529413	0.3914095163345337	8.22054672241211	0.04233268742274698
cov10_n10_g0_s42_hotspots_p80_chr1	10	10	4563	261	808	0	0.5272795234620131	0.4571681649683224	0.3333333333333333	0.5100297331809998	10.687862396240234	0.03383011539390443
cov10_n10_g0_s42_hotspots_p80_chr1	10	10	4564	334	913	0	0.5286731059397812	0.4613416038162314	0.3333333333333333	0.5286794900894165	9.999759674072266	0.034326833396376856
cov10_n10_g0_s42_hotspots_p80_chr1	10	10	4565	487	1468	0	0.5941019205068546	0.5260783531771951	0.3333333333333333	0.5094139575958252	13.60129451751709	0.029924826803085457
cov10_n10_g0_s42_hotspots_p80_chr1	10	10	4566	159	691	1	0.4912859183363963	0.4113410198934229	0.25	0.45083457231521606	11.875016212463379	0.034286203720031695
cov10_n10_g0_s42_hotspots_p80_chr1	10	10	4567	631	1607	0	0.5314193669791432	0.43960169105716357	0.25	0.38524335622787476	19.028491973876953	0.030721348088967357
cov10_n10_g0_s42_hotspots_p80_chr1	10	10	4571	830	1762	0	0.33211052148305437	0.23902329602615122	0.25	0.3393422067165375	9.578322410583496	0.04131191909470476
cov10_n10_g0_s42_hotspots_p80_chr1	10	10	4572	848	2593	0	0.38948181617222477	0.32287580590542436	0.3333333333333333	0.48820993304252625	6.3644537925720215	0.04464872354864859
cov10_n10_g0_s42_hotspots_p80_chr1	10	10	4573	852	2009	0	0.634865456347292	0.5700493819354048	0.3333333333333333	0.5042953491210938	15.8486967086792	0.02789211522867431
cov10_n10_g0_s42_hotspots_p80_chr1	10	10	4574	249	529	0	0.24449417613811947	0.15807693932417227	0.17647058823529413	0.2965817451477051	6.795919895172119	0.04845497528753156
cov10_n10_g0_s42_hotspots_p80_chr1	10	10	4575	30	122	1	0.28804461750244126	0.22119868792004677	0.1111111111111111	0.41111111640930176	4.909090995788574	0.05261671382992195
cov10_n10_g0_s42_hotspots_p80_chr1	10	10	4576	752	1791	0	0.457340216227414	0.3641092630275541	0.25	0.38615095615386963	14.026989936828613	0.03428938092840231
cov10_n10_g0_s42_hotspots_p80_chr1	10	10	4577	14	73	1	0.2559036251066146	0.2066788030848815	0.25	0.48489755392074585	2.78517746925354	0.0672740696295955
cov10_n10_g0_s42_hotspots_p80_chr1	10	10	4578	111	567	1	0.3025825274757337	0.1952879899738321	0.17647058823529413	0.28350362181663513	11.391227722167969	0.040479335294409516
cov10_n10_g0_s42_hotspots_p80_chr1	10	10	4579	210	709	0	0.5100444842975891	0.43400292237131394	0.3333333333333333	0.4733780026435852	11.609140396118164	0.03381261430021001
cov10_n10_g0_s42_hotspots_p80_chr1	10	10	4580	907	1809	0	0.3652801951563417	0.2811220910742503	0.25	0.3896666467189789	8.787508964538574	0.0412105220080525
cov10_n10_g0_s42_hotspots_p80_chr1	10	10	4581	1255	2466	0	0.60426688361376	0.537271496516783	0.42857142857142855	0.5118812918663025	13.93538761138916	0.029449849566814755
cov10_n10_g0_s42_hotspots_p80_chr1	10	10	4582	371	749	0	0.4990238254189377	0.4290137496391315	0.3333333333333333	0.5086609125137329	9.62467098236084	0.03573644547332509
cov10_n10_g0_s42_hotspots_p80_chr1	10	10	4583	255	740	0	0.4323584433295503	0.33791389332915667	0.25	0.3767241835594177	13.171669006347656	0.03545695979462985
cov10_n10_g0_s42_hotspots_p80_chr1	10	10	4584	1332	2383	0	0.43876937878691363	0.3555720462766431	0.25	0.4246829152107239	10.674386024475098	0.03686895757268921
cov10_n10_g0_s42_hotspots_p80_chr1	10	10	4585	509	1032	0	0.5480962962102218	0.4755183317134394	0.25	0.4920618534088135	12.407217025756836	0.03205188653405643
cov10_n10_g0_s42_hotspots_p80_chr1	10	10	4586	289	1041	0	0.5200999756338094	0.46483659925120224	0.3333333333333333	0.6200937032699585	7.034918308258057	0.03842677092953395
cov10_n10_g0_s42_hotspots_p80_chr1	10	10	4587	447	1202	0	0.43296387879837306	0.3514527623663508	0.3333333333333333	0.43060821294784546	10.109710693359375	0.0375488263674264
cov10_n10_g0_s42_hotspots_p80_chr1	10	10	4588	145	461	1	0.4032337099291026	0.2854263212096333	0.1111111111111111	0.2990918457508087	18.17626190185547	0.03449609521833393
cov10_n10_g0_s42_hotspots_p80_chr1	10	10	4589	823	1243	0	0.3994668710291388	0.2926422840682179	0.25	0.3274342715740204	14.883784294128418	0.035654656172231014
cov10_n10_g0_s42_hotspots_p80_chr1	10	10	4590	10	11	1	0.36514837060773236	0.3121441581020589	0.25	0.5641025304794312	4.190082550048828	0.053131708199224525
cov10_n10_g0_s42_hotspots_p80_chr1	10	10	4591	423	913	0	0.3965547130288405	0.2980369538381066	0.17647058823529413	0.35194864869117737	12.695435523986816	0.036806714287132426
cov10_n10_g0_s42_hotspots_p80_chr1	10	10	4592	850	1872	0	0.5567151197416453	0.48022280156709385	0.42857142857142855	0.46438291668891907	14.371878623962402	0.030964441840070467
cov10_n10_g0_s42_hotspots_p80_chr1	10	10	4593	749	1547	0	0.46535663921054315	0.38107435500705517	0.25	0.42597535252571106	11.93446159362793	0.035106245553471714
cov10_n10_g0_s42_hotspots_p80_chr1	10	10	4594	309	507	0	0.5246251042122905	0.4437790648263918	0.25	0.44551941752433777	13.866436004638672	0.03221271018383248
cov10_n10_g0_s42_hotspots_p80_chr1	10	10	4595	376	1159	0	0.29936103352331733	0.16165448982524036	0.17647058823529413	0.22568485140800476	17.59485626220703	0.03736606476536692
cov10_n10_g0_s42_hotspots_p80_chr1	10	10	4596	491	1090	0	0.5572637990988817	0.4825585458911215	0.3333333333333333	0.47589343786239624	13.712042808532715	0.031174889670634996
cov10_n10_g0_s42_hotspots_p80_chr1	10	10	4597	279	698	0	0.4715316499981698	0.39591832112040404	0.3333333333333333	0.4708884358406067	10.027337074279785	0.03632314944132841
cov10_n10_g0_s42_hotspots_p80_chr1	10	10	4598	155	517	1	0.5372293868275556	0.4604925572389737	0.25	0.4675845205783844	13.200770378112793	0.03206170797223823
cov10_n10_g0_s42_hotspots_p80_chr1	10	10	4599	1168	2341	0	0.5182093881557553	0.47691603991334536	0.25	0.7597326636314392	4.652527809143066	0.045137346014024624
cov10_n10_g0_s42_hotspots_p80_chr1	10	10	4600	297	785	0	0.3967495358058794	0.33443526855250705	0.25	0.5189971327781677	5.843901634216309	0.04573280040617863
cov10_n10_g0_s42_hotspots_p80_chr1	10	10	4601	375	861	0	0.1821179063324109	0.11065212928437987	0.25	0.27969110012054443	4.23982572555542	0.05915240219553785
cov10_n10_g0_s42_hotspots_p80_chr1	10	10	4602	837	2207	0	0.624588042817852	0.5898014579830435	0.3333333333333333	0.8504530191421509	5.393698215484619	0.037965598656571765
cov10_n10_g0_s42_hotspots_p80_chr1	10	10	4603	593	1647	0	0.5387724869735463	0.4692066132937634	0.3333333333333333	0.5132436752319336	11.01954460144043	0.033184921733042216
cov10_n10_g0_s42_hotspots_p80_chr1	10	10	4604	367	1080	0	0.38773045140608103	0.2912973769042463	0.17647058823529413	0.355550080537796	11.89209270477295	0.03757982790898496
cov10_n10_g0_s42_hotspots_p80_chr1	10	10	4605	560	1627	0	0.666701968513099	0.6168428615311827	0.42857142857142855	0.6393966674804688	10.872332572937012	0.028305751553752454
cov10_n10_g0_s42_hotspots_p80_chr1	10	10	4606	41	170	1	0.46314199726137234	0.40461562592848527	0.3333333333333333	0.5779675245285034	6.421278953552246	0.04185372275762449
cov10_n10_g0_s42_hotspots_p80_chr1	10	10	4607	672	1850	0	0.46157904822211865	0.3866862230276069	0.17647058823529413	0.4724052846431732	9.546907424926758	0.037125616003841636
cov10_n10_g0_s42_hotspots_p80_chr1	10	10	4608	458	1543	0	0.44844223216745294	0.37975547061663484	0.3333333333333333	0.5038143992424011	7.9226765632629395	0.03960067837061663
cov10_n10_g0_s42_hotspots_p80_chr1	10	10	4609	638	1445	0	0.5704388497828925	0.500308294141728	0.42857142857142855	0.5034210085868835	12.83971881866455	0.03106427252602637
cov10_n10_g0_s42_hotspots_p80_chr1	10	10	4610	894	2048	0	0.5734764179703052	0.49800359444656556	0.3333333333333333	0.46423012018203735	15.260348320007324	0.030142011839221588
cov10_n10_g0_s42_hotspots_p80_chr1	10	10	4611	744	1883	0	0.406911307196813	0.3245216251298333	0.25	0.41694408655166626	9.5245361328125	0.03898768456318558
cov10_n10_g0_s42_hotspots_p80_chr1	10	10	4612	353	1000	0	0.4970346729838723	0.4198914963972694	0.25	0.46641695499420166	11.355982780456543	0.03441945539136001
cov10_n10_g0_s42_hotspots_p80_chr1	10	10	4613	292	1109	0	0.41491067898761713	0.34228721053542666	0.25	0.4677269458770752	7.869086742401123	0.04085556264204555
cov10_n10_g0_s42_hotspots_p80_chr1	10	10	4614	645	1884	0	0.46714575063715114	0.3766464736374132	0.17647058823529413	0.39861342310905457	13.734125137329102	0.03411170036102985
cov10_n10_g0_s42_hotspots_p80_chr1	10	10	4615	412	1050	0	0.6193289699801192	0.5568786178534563	0.3333333333333333	0.5421658754348755	13.049036026000977	0.02919778210202546
cov10_n10_g0_s42_hotspots_p80_chr1	10	10	4616	975	1730	0	0.5154116216012292	0.4226626269969239	0.17647058823529413	0.38617780804634094	17.812868118286133	0.03140534116074513
cov10_n10_g0_s42_hotspots_p80_chr1	10	10	4617	743	1629	0	0.5609854485297195	0.4938769250843251	0.25	0.527748703956604	11.29922866821289	0.032200906524617455
cov10_n10_g0_s42_hotspots_p80_chr1	10	10	4618	247	772	0	0.43804558901056706	0.3378207940512059	0.25	0.3572055399417877	15.038420677185059	0.03447013911346776
cov10_n10_g0_s42_hotspots_p80_chr1	10	10	4619	35	226	1	0.31734240778541273	0.2082590110756115	0.1111111111111111	0.28748446702957153	12.185054779052734	0.03946055887350621
cov10_n10_g0_s42_hotspots_p80_chr1	10	10	4620	559	1248	0	0.46443019069083874	0.3916369716077478	0.3333333333333333	0.4848509430885315	9.175387382507324	0.037419420262755645
cov10_n10_g0_s42_hotspots_p80_chr1	10	10	4621	684	1235	0	0.2527648209939617	0.13005322976050326	0.17647058823529413	0.22370119392871857	12.767230033874512	0.040863383870990796
cov10_n10_g0_s42_hotspots_p80_chr1	10	10	4622	428	1154	0	0.4462729952531292	0.35065698897625874	0.25	0.375209242105484	14.1466646194458	0.03457712131624842
cov10_n10_g0_s42_hotspots_p80_chr1	10	10	4623	443	997	0	0.5459716708018286	0.4641020283471787	0.25	0.43472474813461304	15.77289867401123	0.03091418361287676
cov10_n10_g0_s42_hotspots_p80_chr1	10	10	4624	30	129	1	0.4323723515456959	0.33659653026949876	0.25	0.37182319164276123	13.522062301635742	0.03528253405209006
cov10_n10_g0_s42_hotspots_p80_chr1	10	10	4625	269	756	0	0.4258216988894025	0.33363620625380885	0.17647058823529413	0.3835316598415375	12.326876640319824	0.0361277611406858
cov10_n10_g0_s42_hotspots_p80_chr1	10	10	4626	358	1204	0	0.38819513849199955	0.28960744572505426	0.3333333333333333	0.34869712591171265	12.393774032592773	0.03724014308913641
cov10_n10_g0_s42_hotspots_p80_chr1	10	10	4627	411	1126	0	0.43095298811885013	0.35211741584290185	0.25	0.4426070749759674	9.480321884155273	0.038236147848068995
cov10_n10_g0_s42_hotspots_p80_chr1	10	10	4628	318	859	0	0.5421158937605424	0.4803321254569554	0.3333333333333333	0.5692585706710815	9.069119453430176	0.03471537616854601
cov10_n10_g0_s42_hotspots_p80_chr1	10	10	4629	361	1285	0	0.44717373976267694	0.35437504442330664	0.25	0.38619881868362427	13.406970024108887	0.034883430930173556
cov10_n10_g0_s42_hotspots_p80_chr1	10	10	4630	28	84	1	0.3491510937915994	0.2888862620952646	0.17647058823529413	0.4999993145465851	4.876273155212402	0.05063037501167958
cov10_n10_g0_s42_hotspots_p80_chr1	10	10	4631	44	115	1	0.4106610851047144	0.3236827428381572	0.25	0.3990570902824402	10.590024948120117	0.037851199659674324
cov10_n10_g0_s42_hotspots_p80_chr1	10	10	4632	108	488	1	0.43295499180809444	0.35228621698715407	0.25	0.43453899025917053	9.927227973937988	0.03772022969315941
cov10_n10_g0_s42_hotspots_p80_chr1	10	10	4633	284	749	0	0.08723992484039303	-0.010062751327857732	0.1111111111111111	0.11324342340230942	5.934779644012451	0.05543572726553872
cov10_n10_g0_s42_hotspots_p80_chr1	10	10	4634	192	435	1	0.4982777016548312	0.4383803663367149	0.25	0.5783210396766663	7.423435211181641	0.03857530205162453
cov10_n10_g0_s42_hotspots_p80_chr1	10	10	4635	130	344	1	0.3910508871969755	0.27408876671229754	0.1111111111111111	0.29830294847488403	17.185077667236328	0.03509441383055956
cov10_n10_g0_s42_hotspots_p80_chr1	10	10	4636	277	726	0	0.42924698045349624	0.360082133979458	0.25	0.4933820962905884	7.569161891937256	0.04084094347321262
cov10_n10_g0_s42_hotspots_p80_chr1	10	10	4637	14	79	1	0.3354102023592696	0.15430334996209197	0.17647058823529413	0.1875	32.0	0.03423265984407289
cov10_n10_g0_s42_hotspots_p80_chr1	10	10	4638	380	867	0	0.23020391185729847	0.1329531200863404	0.1111111111111111	0.256294310092926	8.067658424377441	0.04646138695313772
cov10_n10_g0_s42_hotspots_p80_chr1	10	10	4639	35	123	1	0.29837457457349353	0.21275565852521872	0.17647058823529413	0.34196561574935913	7.613051891326904	0.04513317011028493
cov10_n10_g0_s42_hotspots_p80_chr1	10	10	4640	754	1303	0	0.45604904952006853	0.3733344203443918	0.25	0.4314355254173279	11.173552513122559	0.035918301136404034
cov10_n10_g0_s42_hotspots_p80_chr1	10	10	4641	599	1384	0	0.5588149607792947	0.4748861282086799	0.25	0.4161393940448761	18.03260040283203	0.03004730440427001
cov10_n10_g0_s42_hotspots_p80_chr1	10	10	4642	201	429	0	0.3587260181907368	0.2971606350156617	0.25	0.49882662296295166	5.171618461608887	0.04919320862157367
cov10_n10_g0_s42_hotspots_p80_chr1	10	10	4643	70	207	1	0.29262381630438233	0.23037808189101205	0.17647058823529413	0.4397831857204437	4.42733097076416	0.054533599085503995
cov10_n10_g0_s42_hotspots_p80_chr1	10	10	4644	129	365	1	0.45908090461425893	0.39961918560117066	0.3333333333333333	0.5694128274917603	6.500157833099365	0.04182700233271926
cov10_n10_g0_s42_hotspots_p80_chr1	10	10	4645	619	1551	0	0.5570225140716207	0.4687755411253794	0.25	0.3899683654308319	20.40265655517578	0.029795038805363584
cov10_n10_g0_s42_hotspots_p80_chr1	10	10	4646	1440	2138	0	0.49802380333704854	0.3915958430698688	0.25	0.33214589953422546	22.482389450073242	0.031235013204589324
cov10_n10_g0_s42_hotspots_p80_chr1	10	10	4647	339	831	0	0.45260492195101987	0.3630628499828929	0.25	0.4004300534725189	12.775712966918945	0.03503346544879047
cov10_n10_g0_s42_hotspots_p80_chr1	10	10	4648	43	82	1	0.3485575575505394	0.2597322055282043	0.25	0.3629893362522125	9.220645904541016	0.041208981320113754
cov10_n10_g0_s42_hotspots_p80_chr1	10	10	4649	400	664	0	0.5169048873183409	0.4406460880275219	0.42857142857142855	0.4721585512161255	11.985206604003906	0.03335499943632722
cov10_n10_g0_s42_hotspots_p80_chr1	10	10	4650	485	1149	0	0.5521173418776103	0.49178868451655716	0.3333333333333333	0.5805759429931641	9.043670654296875	0.03436193081238062
cov10_n10_g0_s42_hotspots_p80_chr1	10	10	4651	421	1083	0	0.5214580598768441	0.4528817918016165	0.42857142857142855	0.5200381875038147	10.054680824279785	0.0345413754258876
cov10_n10_g0_s42_hotspots_p80_chr1	10	10	4652	421	933	0	0.5432382952848333	0.47993110999364136	0.25	0.5576375126838684	9.490232467651367	0.034249818166599784
cov10_n10_g0_s42_hotspots_p80_chr1	10	10	4653	554	1196	0	0.2518093452837657	0.15586667450208108	0.17647058823529413	0.2766808569431305	8.282957077026367	0.045468897560827906
cov10_n10_g0_s42_hotspots_p80_chr1	10	10	4654	394	1189	0	0.496273800288899	0.42530896622863695	0.25	0.5023375153541565	9.760035514831543	0.035705590361330544
cov10_n10_g0_s42_hotspots_p80_chr1	10	10	4655	133	566	1	0.4026286174438858	0.3005158974115338	0.17647058823529413	0.342475563287735	13.821337699890137	0.03603067935451235
cov10_n10_g0_s42_hotspots_p80_chr1	10	10	4656	293	712	0	0.3694234844275555	0.2832054901457953	0.17647058823529413	0.383786141872406	9.265535354614258	0.040492224964901354
cov10_n10_g0_s42_hotspots_p80_chr1	10	10	4657	559	1539	0	0.30276381528503477	0.18276824253156398	0.1111111111111111	0.2568286955356598	13.896992683410645	0.03882529348161016
cov10_n10_g0_s42_hotspots_p80_chr1	10	10	4658	362	1104	0	0.45840452705463997	0.39568940695796523	0.25	0.5459463596343994	7.050141334533691	0.040720366162892915
cov10_n10_g0_s42_hotspots_p80_chr1	10	10	4659	33	94	1	0.23951092155101708	0.1811168472965368	0.1111111111111111	0.40553075075149536	3.4882140159606934	0.06180346603845482
cov10_n10_g0_s42_hotspots_p80_chr1	10	10	4660	1	8	1	0.22360680157584636	0.18156825980063976	0.1111111111111111	0.5	2.0	0.07905694150420949
cov10_n10_g0_s42_hotspots_p80_chr1	10	10	4661	23	194	1	0.1469684974261031	-0.055911417741241545	0.05263157894736842	0.09619270265102386	23.343408584594727	0.03930650466249507
cov10_n10_g0_s42_hotspots_p80_chr1	10	10	4662	612	1339	0	0.10974645910027156	0.0060822516870727246	0.1111111111111111	0.13151443004608154	6.963606834411621	0.052117758664158687
cov10_n10_g0_s42_hotspots_p80_chr1	10	10	4663	1034	1523	0	0.394823006854056	0.2787277501691115	0.25	0.3013990521430969	17.160154342651367	0.034999058336673834
cov10_n10_g0_s42_hotspots_p80_chr1	10	10	4664	548	1412	0	0.46405046902737	0.4040714618794961	0.3333333333333333	0.5674766302108765	6.687048435211182	0.041238252194917537
cov10_n10_g0_s42_hotspots_p80_chr1	10	10	4665	545	981	0	0.4091004381713089	0.32980806178028144	0.3333333333333333	0.4318688213825226	8.973382949829102	0.03953905220327296
cov10_n10_g0_s42_hotspots_p80_chr1	10	10	4666	654	1279	0	0.39059529737527654	0.27977258769261765	0.1111111111111111	0.3137829005718231	15.495141983032227	0.035668575509509845
cov10_n10_g0_s42_hotspots_p80_chr1	10	10	4667	268	522	0	0.2382712836179967	0.1632418769999955	0.17647058823529413	0.3284490704536438	5.262683868408203	0.052953670355024435
cov10_n10_g0_s42_hotspots_p80_chr1	10	10	4668	548	1027	0	0.40022047625865415	0.3057252287783252	0.25	0.36685121059417725	11.901965141296387	0.03719030431043328
cov10_n10_g0_s42_hotspots_p80_chr1	10	10	4669	566	1339	0	0.304252450583838	0.23115895327717156	0.25	0.39543142914772034	5.9200568199157715	0.04871229467270771
cov10_n10_g0_s42_hotspots_p80_chr1	10	10	4670	889	2357	0	0.40357784368963573	0.26333136920446837	0.17647058823529413	0.25114116072654724	25.823720932006836	0.03325955818086963
cov10_n10_g0_s42_hotspots_p80_chr1	10	10	4671	996	1921	0	0.3500456098728462	0.2202739316594941	0.17647058823529413	0.258769690990448	18.29879379272461	0.035863364203780564
cov10_n10_g0_s42_hotspots_p80_chr1	10	10	4672	477	1197	0	0.4115813097799507	0.28664442010497543	0.25	0.28352081775665283	21.073726654052734	0.03368016512993558
cov10_n10_g0_s42_hotspots_p80_chr1	10	10	4673	651	1832	0	0.25731581427960754	0.16051216852712238	0.25	0.2787395715713501	8.521885871887207	0.04494399288262001
cov10_n10_g0_s42_hotspots_p80_chr1	10	10	4674	185	414	1	0.2519494782046989	0.13719172298010227	0.1111111111111111	0.2367011308670044	11.329901695251465	0.04197049257743577
cov10_n10_g0_s42_hotspots_p80_chr1	10	10	4675	854	1470	0	0.44947291292336444	0.3493279228323338	0.25	0.35915952920913696	15.661458015441895	0.03391517143392357
cov10_n10_g0_s42_hotspots_p80_chr1	10	10	4676	198	522	1	0.35711525443682274	0.303043438553179	0.17647058823529413	0.549566388130188	4.2225661277771	0.05325757237297677
cov10_n10_g0_s42_hotspots_p80_chr1	10	10	4677	40	152	1	0.2693865650873898	0.16423566585272523	0.17647058823529413	0.2676422595977783	10.13077163696289	0.042599987851909556
cov10_n10_g0_s42_hotspots_p80_chr1	10	10	4678	639	1718	0	0.38045010998610657	0.27512110376674687	0.25	0.32550930976867676	13.66055965423584	0.03675962027650869
cov10_n10_g0_s42_hotspots_p80_chr1	10	10	4679	339	1125	0	0.22146631194451247	0.13186768651595	0.25	0.2674158215522766	6.858689785003662	0.04903025542312028
cov10_n10_g0_s42_hotspots_p80_chr1	10	10	4680	773	1388	0	0.4870673759103	0.4039308105153426	0.25	0.4342491030693054	12.580568313598633	0.03402900375618729
cov10_n10_g0_s42_hotspots_p80_chr1	10	10	4681	994	2488	0	0.43923060181581836	0.3192322771888397	0.17647058823529413	0.2975803315639496	21.785961151123047	0.032860510091261994
cov10_n10_g0_s42_hotspots_p80_chr1	10	10	4682	355	760	0	0.35444068781242455	0.2680182245277827	0.25	0.37500762939453125	8.933197975158691	0.04137337189517815
cov10_n10_g0_s42_hotspots_p80_chr1	10	10	4683	3	11	1	0.22360680157584636	0.18156825980063976	0.1111111111111111	0.5	2.0	0.07905694150420949
cov10_n10_g0_s42_hotspots_p80_chr1	10	10	4684	325	1093	0	0.3687564190598621	0.2615683693665303	0.25	0.31597471237182617	13.61992073059082	0.03711922083432341
cov10_n10_g0_s42_hotspots_p80_chr1	10	10	4685	610	2477	0	0.4740561289809043	0.405370184007069	0.42857142857142855	0.5118377804756165	8.57817268371582	0.03778349158484905
cov10_n10_g0_s42_hotspots_p80_chr1	10	10	4686	3	45	1	0.27116307471986395	0.22152441025819242	0.17647058823529413	0.5	2.941176176071167	0.06519202488060499
cov10_n10_g0_s42_hotspots_p80_chr1	10	10	4687	163	367	1	0.11234747220867725	0.014113619841886402	0.17647058823529413	0.14088380336761475	6.359228610992432	0.05351109813335913
cov10_n10_g0_s42_hotspots_p80_chr1	10	10	4688	264	684	0	0.5343356992198333	0.46760614315448873	0.42857142857142855	0.5328899025917053	10.054337501525879	0.03407374262447747
cov10_n10_g0_s42_hotspots_p80_chr1	10	10	4689	804	1976	0	0.5330420455880639	0.4599239724678265	0.25	0.49047353863716125	11.811140060424805	0.03289588400780238
cov10_n10_g0_s42_hotspots_p80_chr1	10	10	4690	24	174	1	0.27206150416536173	0.03944768723358359	0.1111111111111111	0.13851919770240784	38.57573318481445	0.03503911957250509
cov10_n10_g0_s42_hotspots_p80_chr1	10	10	4692	241	1141	0	0.4938822681978056	0.4479297172166761	0.25	0.7007491588592529	4.967315673828125	0.04488403878485446
cov10_n10_g0_s42_hotspots_p80_chr1	10	10	4693	762	2375	0	0.34751737399032984	0.22737188043837042	0.17647058823529413	0.2768092751502991	15.761292457580566	0.03675675457425518
cov10_n10_g0_s42_hotspots_p80_chr1	10	10	4694	622	1451	0	0.46212325813415533	0.3918291680766434	0.25	0.4987168312072754	8.586331367492676	0.038196990548404655
cov10_n10_g0_s42_hotspots_p80_chr1	10	10	4695	456	1316	0	0.6189823403994549	0.5738849708446738	0.42857142857142855	0.7187303900718689	7.416934967041016	0.03374175877762542
cov10_n10_g0_s42_hotspots_p80_chr1	10	10	4696	938	1909	0	0.5380792763724144	0.4661834446507255	0.25	0.4978737533092499	11.680302619934082	0.03279471605714997
cov10_n10_g0_s42_hotspots_p80_chr1	10	10	4697	543	1308	0	0.3681923160696189	0.2695359031333903	0.17647058823529413	0.34031662344932556	11.705316543579102	0.03830273215104335
cov10_n10_g0_s42_hotspots_p80_chr1	10	10	4698	300	706	0	0.4243037634825878	0.25490727302067834	0.1111111111111111	0.1950911581516266	47.30189514160156	0.0320395398207541
cov10_n10_g0_s42_hotspots_p80_chr1	10	10	4699	46	165	1	0.2834722284499512	-0.05549936063899686	0.05263157894736842	0.11476125568151474	61.01413345336914	0.03417553864264886
cov10_n10_g0_s42_hotspots_p80_chr1	10	10	4700	50	332	1	0.28342198608142083	-0.055510767010227474	0.05263157894736842	0.11475416272878647	61.00005340576172	0.03417649000989379
cov10_n10_g0_s42_hotspots_p80_chr1	10	10	4701	218	851	0	0.3428921874904177	0.2427199877928822	0.17647058823529413	0.3238278031349182	11.212099075317383	0.039437260002902465
cov10_n10_g0_s42_hotspots_p80_chr1	10	10	4702	720	1745	0	0.6309529117883095	0.5659041332264959	0.42857142857142855	0.506623387336731	15.510414123535156	0.02809540202019203
cov10_n10_g0_s42_hotspots_p80_chr1	10	10	4703	798	1935	0	0.6121066649187663	0.5523038209878877	0.25	0.5708016157150269	11.499629974365234	0.030165999121070482
cov10_n10_g0_s42_hotspots_p80_chr1	10	10	4704	486	1381	0	0.41796020794729455	0.346611867173219	0.17647058823529413	0.4760280251502991	7.709122180938721	0.04100470390030759
cov10_n10_g0_s42_hotspots_p80_chr1	10	10	4705	624	1451	0	0.4219917274957187	0.33456693324202036	0.17647058823529413	0.4012015461921692	11.063251495361328	0.037106104126735845
cov10_n10_g0_s42_hotspots_p80_chr1	10	10	4706	690	2094	0	0.6326942704272787	0.5834076118200283	0.42857142857142855	0.6669949889183044	8.997931480407715	0.031172435015248533
cov10_n10_g0_s42_hotspots_p80_chr1	10	10	4707	1152	2525	0	0.6638390040626523	0.6032942902268733	0.42857142857142855	0.5079352855682373	17.080821990966797	0.026682891250377736
cov10_n10_g0_s42_hotspots_p80_chr1	10	10	4708	648	1657	0	0.39622074287554443	0.32278460026020356	0.25	0.45443427562713623	7.602076053619385	0.04193091879962104
cov10_n10_g0_s42_hotspots_p80_chr1	10	10	4709	884	2181	0	0.30156058811258457	0.16875268268977217	0.17647058823529413	0.23408634960651398	16.595752716064453	0.037656193107807705
cov10_n10_g0_s42_hotspots_p80_chr1	10	10	4710	859	1814	0	0.7124925307944076	0.6757417391446373	0.5384615384615384	0.7785334587097168	8.375410079956055	0.028215787504002002
cov10_n10_g0_s42_hotspots_p80_chr1	10	10	4711	1120	2016	0	0.6175698002202302	0.5491197801060212	0.3333333333333333	0.48790040612220764	16.021739959716797	0.028468206955183453
cov10_n10_g0_s42_hotspots_p80_chr1	10	10	4712	574	1631	0	0.4253032094328971	0.32539950021061287	0.25	0.3557196855545044	14.29491138458252	0.035144527560341095
cov10_n10_g0_s42_hotspots_p80_chr1	10	10	4713	655	1677	0	0.5814416217639339	0.5280662567975921	0.42857142857142855	0.6390039324760437	8.279520988464355	0.03409163201607294
cov10_n10_g0_s42_hotspots_p80_chr1	10	10	4714	214	696	0	0.5064404356862562	0.3971984516161126	0.1111111111111111	0.31620481610298157	25.65191650390625	0.030769807037410002
cov10_n10_g0_s42_hotspots_p80_chr1	10	10	4715	186	581	1	0.6057653997784402	0.5484579638315982	0.42857142857142855	0.5965270400047302	10.312137603759766	0.03115840482149311
cov10_n10_g0_s42_hotspots_p80_chr1	10	10	4716	595	1428	0	0.43393925955604223	0.38108215543220586	0.42857142857142855	0.6099412441253662	5.061530113220215	0.04684821957421693
cov10_n10_g0_s42_hotspots_p80_chr1	10	10	4717	319	1090	0	0.4519834012814627	0.38859837567393424	0.3333333333333333	0.5389559864997864	7.032962322235107	0.04098725036045104
cov10_n10_g0_s42_hotspots_p80_chr1	10	10	4718	1076	2430	0	0.5882125027043476	0.5221987549332199	0.42857142857142855	0.5282696485519409	12.398158073425293	0.030619276735529204
cov10_n10_g0_s42_hotspots_p80_chr1	10	10	4719	605	1721	0	0.677212195397546	0.6433779602971315	0.42857142857142855	0.8471622467041016	6.3902268409729	0.032987972122947455
cov10_n10_g0_s42_hotspots_p80_chr1	10	10	4720	735	2296	0	0.551301654648431	0.4731117369850465	0.3333333333333333	0.45534488558769226	14.658774375915527	0.03105429756226556
cov10_n10_g0_s42_hotspots_p80_chr1	10	10	4721	1086	2570	0	0.6089394047672422	0.5543685714380086	0.42857142857142855	0.6214027404785156	9.602887153625488	0.03159406726939895
cov10_n10_g0_s42_hotspots_p80_chr1	10	10	4722	321	1477	0	0.3703824146950114	0.28610631826364236	0.17647058823529413	0.3918994069099426	8.932056427001953	0.040862027512318
cov10_n10_g0_s42_hotspots_p80_chr1	10	10	4723	620	1497	0	0.3980813951867039	0.3115356457834034	0.25	0.39583492279052734	10.113824844360352	0.03868261411273679
cov10_n10_g0_s42_hotspots_p80_chr1	10	10	4724	698	2012	0	0.4548710016804915	0.38282872559296927	0.3333333333333333	0.48633259534835815	8.748019218444824	0.03825001189142683
cov10_n10_g0_s42_hotspots_p80_chr1	10	10	4725	797	1774	0	0.4284440788798904	0.3638364041747691	0.17647058823529413	0.5208927989006042	6.765369415283203	0.0423723105123428
cov10_n10_g0_s42_hotspots_p80_chr1	10	10	4726	1041	2299	0	0.5603668151358696	0.4867440323095585	0.42857142857142855	0.4821842610836029	13.505751609802246	0.03114596147907006
cov10_n10_g0_s42_hotspots_p80_chr1	10	10	4727	545	1760	0	0.4895096268786268	0.4238763735301293	0.3333333333333333	0.5353225469589233	8.361639022827148	0.037504877832893566
cov10_n10_g0_s42_hotspots_p80_chr1	10	10	4728	785	1357	0	0.49808335297193806	0.4381261216661808	0.25	0.5778211355209351	7.430485248565674	0.03857079306820701
cov10_n10_g0_s42_hotspots_p80_chr1	10	10	4729	1350	2634	0	0.60010124266041	0.5516353344693111	0.42857142857142855	0.6854566335678101	7.66459321975708	0.03416480963171652
cov10_n10_g0_s42_hotspots_p80_chr1	10	10	4730	172	679	1	0.5038746063158832	0.4562538340471143	0.25	0.6869258880615234	5.380530834197998	0.04307987858006806
cov10_n10_g0_s42_hotspots_p80_chr1	10	10	4731	636	1612	0	0.394829443824213	0.31053528937498653	0.17647058823529413	0.40362676978111267	9.56883716583252	0.03933518708990232
cov10_n10_g0_s42_hotspots_p80_chr1	10	10	4732	835	1852	0	0.4249888906540329	0.3617775452675795	0.25	0.5283207297325134	6.470829010009766	0.04313866691269021
cov10_n10_g0_s42_hotspots_p80_chr1	10	10	4733	503	1492	0	0.4920378522617396	0.41877397701982416	0.25	0.48792269825935364	10.169390678405762	0.03548763189979179
cov10_n10_g0_s42_hotspots_p80_chr1	10	10	4734	669	1963	0	0.4452397230353145	0.34340709752754195	0.3333333333333333	0.352765291929245	15.930009841918945	0.03395245475700119
cov10_n10_g0_s42_hotspots_p80_chr1	10	10	4735	501	1724	0	0.367038687299473	0.24795649975556644	0.17647058823529413	0.2861943542957306	16.44756507873535	0.035979231389901625
cov10_n10_g0_s42_hotspots_p80_chr1	10	10	4736	529	1485	0	0.5186843386689786	0.4520011888603077	0.3333333333333333	0.5326390266418457	9.482880592346191	0.035164858427365484
cov10_n10_g0_s42_hotspots_p80_chr1	10	10	4737	393	1359	0	0.5760448557157961	0.5328136078690777	0.5384615384615384	0.7453017830848694	5.973767280578613	0.03846072738105356
cov10_n10_g0_s42_hotspots_p80_chr1	10	10	4738	318	763	0	0.4295661920369101	0.3878622725285398	0.3333333333333333	0.715802788734436	3.601417064666748	0.054141934427671345
cov10_n10_g0_s42_hotspots_p80_chr1	10	10	4739	575	1458	0	0.4816295354724233	0.40557018282038104	0.3333333333333333	0.47041022777557373	10.482688903808594	0.03558674719534049
cov10_n10_g0_s42_hotspots_p80_chr1	10	10	4740	34	302	1	0.23408380095132622	0.16609947801664315	0.1111111111111111	0.3522791266441345	4.415388584136963	0.056571283823591195
cov10_n10_g0_s42_hotspots_p80_chr1	10	10	4741	1	11	1	0.22360680157584636	0.18156825980063976	0.1111111111111111	0.5	2.0	0.07905694150420949
cov10_n10_g0_s42_hotspots_p80_chr1	10	10	4743	171	302	1	0.17078222434846138	0.028603919965808553	0.1111111111111111	0.14578992128372192	13.72240924835205	0.042384478757000535
cov10_n10_g0_s42_hotspots_p80_chr1	10	10	4744	122	479	1	0.20162470947764252	0.12287795370187406	0.25	0.2784457504749298	5.243319511413574	0.05420213739622412
cov10_n10_g0_s42_hotspots_p80_chr1	10	10	4745	335	620	0	0.25001992985100674	0.16118304335904382	0.17647058823529413	0.2942485511302948	7.219724655151367	0.04738931065910293
cov10_n10_g0_s42_hotspots_p80_chr1	10	10	4746	459	1251	0	0.35587894241874307	0.2899453085646223	0.17647058823529413	0.4705643057823181	5.719613075256348	0.047529483363208835
cov10_n10_g0_s42_hotspots_p80_chr1	10	10	4747	374	938	0	0.3343543804928129	0.2030930511976664	0.17647058823529413	0.25046107172966003	17.821062088012695	0.03640418356806625
cov10_n10_g0_s42_hotspots_p80_chr1	10	10	4748	1182	2624	0	0.42483995771129746	0.31254270725731953	0.17647058823529413	0.31747156381607056	17.907752990722656	0.03397562081797235
cov10_n10_g0_s42_hotspots_p80_chr1	10	10	4749	343	748	0	0.37358726921635693	0.2613274224626911	0.17647058823529413	0.3045843839645386	15.04419231414795	0.036323881755933
cov10_n10_g0_s42_hotspots_p80_chr1	10	10	4750	126	288	1	0.321198429010278	0.23498373423721447	0.17647058823529413	0.3556245267391205	8.157618522644043	0.04351147718409362
cov10_n10_g0_s42_hotspots_p80_chr1	10	10	4751	519	1077	0	0.4263326921634208	0.3235932851589683	0.17647058823529413	0.3465770483016968	15.132048606872559	0.03477957322235323
cov10_n10_g0_s42_hotspots_p80_chr1	10	10	4752	610	1379	0	0.42268041785663074	0.32259329834725364	0.17647058823529413	0.3544861376285553	14.217580795288086	0.035255890739043144
cov10_n10_g0_s42_hotspots_p80_chr1	10	10	4753	437	998	0	0.3914984061724331	0.2677152151103	0.17647058823529413	0.2825987935066223	19.19196128845215	0.034566130486197486
cov10_n10_g0_s42_hotspots_p80_chr1	10	10	4754	794	1502	0	0.34481630601067714	0.27345366439713015	0.1111111111111111	0.4339478015899658	6.313942909240723	0.0463128058468559
cov10_n10_g0_s42_hotspots_p80_chr1	10	10	4755	503	983	0	0.6557044333405792	0.6034311165902919	0.3333333333333333	0.6201094388961792	11.180970191955566	0.0285954047915368
cov10_n10_g0_s42_hotspots_p80_chr1	10	10	4756	10	35	1	0.5020318972062718	0.45674787748539164	0.25	0.7104247212409973	4.993746757507324	0.044464241846681136
cov10_n10_g0_s42_hotspots_p80_chr1	10	10	4757	418	1515	0	0.44233625028250906	0.36184746771505877	0.25	0.43836936354637146	10.181801795959473	0.03717199249984023
cov10_n10_g0_s42_hotspots_p80_chr1	10	10	4758	555	1671	0	0.3914796385620289	0.30114204282054663	0.17647058823529413	0.37845703959465027	10.700033187866211	0.03836766945517313
cov10_n10_g0_s42_hotspots_p80_chr1	10	10	4759	1272	2267	0	0.4595898130545457	0.39025287192891495	0.17647058823529413	0.503670334815979	8.32622241973877	0.03862777713282146
cov10_n10_g0_s42_hotspots_p80_chr1	10	10	4760	662	1247	0	0.44882636892502453	0.35150369712775864	0.25	0.3692646026611328	14.773428916931152	0.03424838862563409
cov10_n10_g0_s42_hotspots_p80_chr1	10	10	4761	639	1539	0	0.5050174396538182	0.44718365592178855	0.25	0.5959134697914124	7.182015895843506	0.038738543364144104
cov10_n10_g0_s42_hotspots_p80_chr1	10	10	4762	798	1817	0	0.5809130191827147	0.5042809485952692	0.3333333333333333	0.45147183537483215	16.556211471557617	0.02960277322870603
cov10_n10_g0_s42_hotspots_p80_chr1	10	10	4763	489	1465	0	0.526220196702059	0.4500334373688823	0.25	0.47217032313346863	12.420459747314453	0.03280210554572564
cov10_n10_g0_s42_hotspots_p80_chr1	10	10	4764	310	1077	0	0.5254842765190699	0.44827003024758094	0.17647058823529413	0.46616145968437195	12.707107543945312	0.032684824011654526
cov10_n10_g0_s42_hotspots_p80_chr1	10	10	4765	902	1725	0	0.4613273664523132	0.39641445742868775	0.25	0.5321614146232605	7.5150465965271	0.039786003752012744
cov10_n10_g0_s42_hotspots_p80_chr1	10	10	4766	1013	1935	0	0.35270964144321	0.22534751550337806	0.1111111111111111	0.26420456171035767	17.821903228759766	0.03592871729264131
cov10_n10_g0_s42_hotspots_p80_chr1	10	10	4767	150	390	1	0.34183270287592415	0.15606536154160497	0.1111111111111111	0.18458245694637299	34.296226501464844	0.033956081191693806
cov10_n10_g0_s42_hotspots_p80_chr1	10	10	4769	4	26	1	0.22360680157584636	0.1815682598006408	0.05263157894736842	0.5	2.0	0.07905694150420949
cov10_n10_g0_s42_hotspots_p80_chr1	10	10	4770	488	889	0	0.3768910760920664	0.266916173153614	0.25	0.311590313911438	14.630654335021973	0.03640596967774945
cov10_n10_g0_s42_hotspots_p80_chr1	10	10	4771	342	886	0	0.45337656526657105	0.3738779437335373	0.3333333333333333	0.4463050365447998	10.319401741027832	0.036681710529192384
cov10_n10_g0_s42_hotspots_p80_chr1	10	10	4772	409	1267	0	0.33385092132111643	0.22174129476479737	0.17647058823529413	0.288673996925354	13.3748779296875	0.03824791398388792
cov10_n10_g0_s42_hotspots_p80_chr1	10	10	4773	763	2839	0	0.36248139312524197	0.24256627757089863	0.25	0.28280672430992126	16.42827606201172	0.03610909117028567
cov10_n10_g0_s42_hotspots_p80_chr1	10	10	4774	1042	2226	0	0.387568881841111	0.2798174009722664	0.17647058823529413	0.32117268443107605	14.56198501586914	0.03613125698207709
cov10_n10_g0_s42_hotspots_p80_chr1	10	10	4775	313	902	0	0.485655090587595	0.4259586695899445	0.17647058823529413	0.5766011476516724	7.094224452972412	0.039629458025441246
cov10_n10_g0_s42_hotspots_p80_chr1	10	10	4777	622	1551	0	0.3550827706375506	0.25011464599919225	0.17647058823529413	0.31625983119010925	12.605820655822754	0.03809141364197268
cov10_n10_g0_s42_hotspots_p80_chr1	10	10	4778	506	1570	0	0.3670901147586193	0.2579535737044424	0.25	0.31017911434173584	14.006197929382324	0.036973155465529116
cov10_n10_g0_s42_hotspots_p80_chr1	10	10	4779	514	1791	0	0.4405270152469814	0.35541980394159883	0.25	0.4166429340839386	11.179364204406738	0.0364214803061928
cov10_n10_g0_s42_hotspots_p80_chr1	10	10	4780	957	2323	0	0.47914902581352375	0.3978316299834705	0.3333333333333333	0.4424448311328888	11.727972030639648	0.034780968293646984
cov10_n10_g0_s42_hotspots_p80_chr1	10	10	4781	513	1697	0	0.39786749829268936	0.29924603498366714	0.25	0.3520635664463043	12.771288871765137	0.036723275649572014
cov10_n10_g0_s42_hotspots_p80_chr1	10	10	4782	568	1853	0	0.47044392820346903	0.37598696159399986	0.25	0.38253530859947205	15.1242094039917	0.033468658841386535
cov10_n10_g0_s42_hotspots_p80_chr1	10	10	4783	768	1920	0	0.35284654742371635	0.25770154968610953	0.17647058823529413	0.34405943751335144	10.517313003540039	0.03972867849722745
cov10_n10_g0_s42_hotspots_p80_chr1	10	10	4784	645	1466	0	0.27981497977484726	0.17388897595501274	0.17647058823529413	0.2727612853050232	10.523894309997559	0.04190310337877271
cov10_n10_g0_s42_hotspots_p80_chr1	10	10	4786	320	703	0	0.20694856820961896	0.033916521175913976	0.05263157894736842	0.14401668310165405	20.649015426635742	0.038669291326878734
cov10_n10_g0_s42_hotspots_p80_chr1	10	10	4787	771	1452	0	0.3501173713841677	0.2116777716129325	0.17647058823529413	0.24375666677951813	20.630718231201172	0.03530581996897703
cov10_n10_g0_s42_hotspots_p80_chr1	10	10	4788	683	1260	0	0.4368204621620608	0.30336224896458786	0.25	0.2644678056240082	27.280996322631836	0.03235776284105441
cov10_n10_g0_s42_hotspots_p80_chr1	10	10	4789	646	1475	0	0.41757572665821036	0.34677437267127614	0.25	0.47888022661209106	7.603556156158447	0.04119183344961449
cov10_n10_g0_s42_hotspots_p80_chr1	10	10	4790	1000	1983	0	0.28125927520619576	0.13073371028319614	0.1111111111111111	0.20089887082576752	19.60011863708496	0.037222359563470704
cov10_n10_g0_s42_hotspots_p80_chr1	10	10	4791	760	1592	0	0.4371524508302576	0.334357160479954	0.25	0.34837254881858826	15.746285438537598	0.03424772628440222
cov10_n10_g0_s42_hotspots_p80_chr1	10	10	4792	738	1829	0	0.39883826218867174	0.3030733196453877	0.25	0.3619542121887207	12.141894340515137	0.03707570523143808
cov10_n10_g0_s42_hotspots_p80_chr1	10	10	4793	532	957	0	0.31658646468625906	0.19942233216178326	0.17647058823529413	0.2693692743778229	13.813016891479492	0.03849052153882921
cov10_n10_g0_s42_hotspots_p80_chr1	10	10	4794	1016	1634	0	0.41701819430099435	0.31035106370439286	0.3333333333333333	0.3323614001274109	15.743047714233398	0.03482955381419367
cov10_n10_g0_s42_hotspots_p80_chr1	10	10	4795	475	887	0	0.31159906545367083	0.1852187766388579	0.17647058823529413	0.24942533671855927	15.606701850891113	0.03778061146031325
cov10_n10_g0_s42_hotspots_p80_chr1	10	10	4796	1118	1654	0	0.4300522354652015	0.295221136100629	0.17647058823529413	0.2620580494403839	26.930683135986328	0.03254242580357583
cov10_n10_g0_s42_hotspots_p80_chr1	10	10	4797	1060	1746	0	0.2384208688150855	0.09451050953207633	0.1111111111111111	0.18682079017162323	16.286888122558594	0.03937558356596525
cov10_n10_g0_s42_hotspots_p80_chr1	10	10	4798	513	1800	0	0.30646212306209747	0.19707731316247531	0.17647058823529413	0.28088870644569397	11.903785705566406	0.03997329600255874
cov10_n10_g0_s42_hotspots_p80_chr1	10	10	4799	1096	2639	0	0.45549838040551455	0.3486634732463106	0.17647058823529413	0.3368004262447357	18.290618896484375	0.03303648419539063
cov10_n10_g0_s42_hotspots_p80_chr1	10	10	4800	654	1557	0	0.36716303853168536	0.25205749237934616	0.17647058823529413	0.29538965225219727	15.44996166229248	0.03633991429023715
cov10_n10_g0_s42_hotspots_p80_chr1	10	10	4801	815	1661	0	0.44761541733620736	0.3528993735462341	0.25	0.3788486421108246	13.959782600402832	0.03461658231417276
cov10_n10_g0_s42_hotspots_p80_chr1	10	10	4802	497	1280	0	0.4672409025025451	0.3612828845185848	0.17647058823529413	0.33965206146240234	18.924015045166016	0.0325792304229719
cov10_n10_g0_s42_hotspots_p80_chr1	10	10	4803	731	2135	0	0.5027002493244931	0.4452187092619188	0.3333333333333333	0.5982171297073364	7.061556816101074	0.03904619074628667
cov10_n10_g0_s42_hotspots_p80_chr1	10	10	4804	915	1986	0	0.4160027464032681	0.3203087837446249	0.25	0.36780595779418945	12.792485237121582	0.036161047310672725
cov10_n10_g0_s42_hotspots_p80_chr1	10	10	4805	899	2124	0	0.51797487381789	0.42857073462007717	0.25	0.40178629755973816	16.619855880737305	0.03158554707291152
cov10_n10_g0_s42_hotspots_p80_chr1	10	10	4806	1252	2666	0	0.5455648535935907	0.4687154548431429	0.3333333333333333	0.4652588367462158	13.750027656555176	0.03155854942395135
cov10_n10_g0_s42_hotspots_p80_chr1	10	10	4807	729	1808	0	0.3945814344328511	0.29282675060075397	0.25	0.34101054072380066	13.388675689697266	0.03648422069447402
cov10_n10_g0_s42_hotspots_p80_chr1	10	10	4808	381	951	0	0.42547510571379005	0.3381272798281865	0.25	0.4026404321193695	11.166406631469727	0.03691649938946145
cov10_n10_g0_s42_hotspots_p80_chr1	10	10	4809	1064	2549	0	0.49041840034216777	0.4030444968360024	0.25	0.4140563905239105	14.028608322143555	0.03325500567512927
cov10_n10_g0_s42_hotspots_p80_chr1	10	10	4810	1034	2280	0	0.5246882353422129	0.45595568183223917	0.25	0.5191101431846619	10.216063499450684	0.03428976361171292
cov10_n10_g0_s42_hotspots_p80_chr1	10	10	4811	737	1403	0	0.29253493730152513	0.19478264997543546	0.25	0.3011780381202698	9.434284210205078	0.042685005345086534
cov10_n10_g0_s42_hotspots_p80_chr1	10	10	4812	609	1644	0	0.5540207603508571	0.4760453485837489	0.3333333333333333	0.4557991921901703	14.774237632751465	0.030928456677063666
cov10_n10_g0_s42_hotspots_p80_chr1	10	10	4813	1062	2057	0	0.5335706735602086	0.43276911078172065	0.17647058823529413	0.3354152739048004	25.305688858032227	0.030090228602464398
cov10_n10_g0_s42_hotspots_p80_chr1	10	10	4814	1172	2531	0	0.3632855611955937	0.23683544240190663	0.17647058823529413	0.2694398760795593	18.179109573364258	0.03555281721398851
cov10_n10_g0_s42_hotspots_p80_chr1	10	10	4815	1127	2366	0	0.3934165915803716	0.28422463361409916	0.17647058823529413	0.31902092695236206	15.207823753356934	0.03569864318594118
cov10_n10_g0_s42_hotspots_p80_chr1	10	10	4816	1066	1700	0	0.356984979694078	0.21184560265140404	0.1111111111111111	0.23511159420013428	23.05429458618164	0.034704744968401556
cov10_n10_g0_s42_hotspots_p80_chr1	10	10	4817	1242	2211	0	0.48633030940459876	0.39441327709271984	0.25	0.3935655951499939	15.26962661743164	0.03293485297184099
cov10_n10_g0_s42_hotspots_p80_chr1	10	10	4818	794	1530	0	0.5786429738901713	0.507602762778722	0.3333333333333333	0.49367859959602356	13.738293647766113	0.03042480990907234
cov10_n10_g0_s42_hotspots_p80_chr1	10	10	4819	1046	2661	0	0.42226929651406997	0.3157021158402845	0.3333333333333333	0.3337603509426117	16.00698471069336	0.03459057954691535
cov10_n10_g0_s42_hotspots_p80_chr1	10	10	4820	601	1223	0	0.3728702610292758	0.27584342955563795	0.17647058823529413	0.34748244285583496	11.514622688293457	0.03829973965570681
cov10_n10_g0_s42_hotspots_p80_chr1	10	10	4821	880	1842	0	0.44956235299624236	0.35008415743403837	0.25	0.36154255270957947	15.461836814880371	0.033979195816479485
cov10_n10_g0_s42_hotspots_p80_chr1	10	10	4822	841	1864	0	0.37734470134393566	0.28578338042647045	0.25	0.3678762912750244	10.521385192871094	0.038966213965082104
cov10_n10_g0_s42_hotspots_p80_chr1	10	10	4823	644	1864	0	0.4065016260991445	0.3096535442794534	0.25	0.36085623502731323	12.689838409423828	0.036508896871289664
cov10_n10_g0_s42_hotspots_p80_chr1	10	10	4824	429	1226	0	0.47424283252968347	0.3861836660373765	0.25	0.4099828898906708	13.380430221557617	0.03404765558951877
cov10_n10_g0_s42_hotspots_p80_chr1	10	10	4825	86	366	1	0.3087055053879602	0.24248975720928623	0.25	0.43251579999923706	5.094304084777832	0.051209679389667
cov10_n10_g0_s42_hotspots_p80_chr1	10	10	4826	1264	2585	0	0.4295925268669965	0.33518263902146567	0.17647058823529413	0.3761739134788513	13.041756629943848	0.03560933978480336
cov10_n10_g0_s42_hotspots_p80_chr1	10	10	4827	381	1100	0	0.5233980256260844	0.4495788364040839	0.25	0.48660576343536377	11.569367408752441	0.033375513231638634
cov10_n10_g0_s42_hotspots_p80_chr1	10	10	4828	413	1144	0	0.3218111889825615	0.21141177315445164	0.17647058823529413	0.28674155473709106	12.595662117004395	0.03905830543996918
cov10_n10_g0_s42_hotspots_p80_chr1	10	10	4829	262	790	0	0.35419782626267343	0.2731084177092922	0.17647058823529413	0.39584314823150635	8.006552696228027	0.04268036291378955
cov10_n10_g0_s42_hotspots_p80_chr1	10	10	4830	704	1615	0	0.4421244263295377	0.3361633929035436	0.25	0.3387235105037689	17.037202835083008	0.0337176465895467
cov10_n10_g0_s42_hotspots_p80_chr1	10	10	4831	121	738	1	0.3685973653522358	0.2859445773391905	0.17647058823529413	0.3975338637828827	8.597182273864746	0.041353718846577084
cov10_n10_g0_s42_hotspots_p80_chr1	10	10	4832	301	856	0	0.11695977697810098	-0.008409971867161331	0.05263157894736842	0.11759556829929352	9.892157554626465	0.047113035824331434
cov10_n10_g0_s42_hotspots_p80_chr1	10	10	4833	129	454	1	0.1744358532366632	0.0632922780365995	0.1111111111111111	0.1837470829486847	9.012194633483887	0.046665210944633606
cov10_n10_g0_s42_hotspots_p80_chr1	10	10	4834	419	1558	0	0.4421381961596818	0.3441563744210725	0.25	0.36580613255500793	14.608782768249512	0.03451281321776903
cov10_n10_g0_s42_hotspots_p80_chr1	10	10	4835	722	1636	0	0.4535419701845096	0.3784171470253331	0.25	0.4688958525657654	9.355826377868652	0.03760088064089048
cov10_n10_g0_s42_hotspots_p80_chr1	10	10	4836	846	1888	0	0.502445204419408	0.40859956052088126	0.25	0.3838083744049072	17.137540817260742	0.031935432189350604
cov10_n10_g0_s42_hotspots_p80_chr1	10	10	4837	511	1256	0	0.4569990830313471	0.34000835527220036	0.17647058823529413	0.3051857352256775	22.423437118530273	0.0323185411921697
cov10_n10_g0_s42_hotspots_p80_chr1	10	10	4838	860	1751	0	0.4311988890617442	0.33733468799399075	0.17647058823529413	0.37860915064811707	12.970987319946289	0.03559727935897624
cov10_n10_g0_s42_hotspots_p80_chr1	10	10	4839	676	1536	0	0.4335603471045774	0.36397793001905876	0.25	0.49275895953178406	7.7415876388549805	0.040407406664340395
cov10_n10_g0_s42_hotspots_p80_chr1	10	10	4840	457	1126	0	0.5482382087150899	0.48340969809118794	0.42857142857142855	0.5460795760154724	10.079216003417969	0.03354067640028881
cov10_n10_g0_s42_hotspots_p80_chr1	10	10	4844	3	9	1	0.18257417570343107	0.1243411828254981	0.1111111111111111	0.3333333432674408	2.999999761581421	0.06770032168941854
cov10_n10_g0_s42_hotspots_p80_chr1	10	10	4849	1002	2108	0	0.47604324366735373	0.39352018065080896	0.17647058823529413	0.43605175614356995	11.918365478515625	0.0347659625106804
cov10_n10_g0_s42_hotspots_p80_chr1	10	10	4850	425	1334	0	0.4944600240580782	0.40297896466441124	0.25	0.39520907402038574	15.653399467468262	0.03256571756633624
cov10_n10_g0_s42_hotspots_p80_chr1	10	10	4851	339	1020	0	0.37427714532999534	0.2718063694782059	0.25	0.3313964605331421	12.755304336547852	0.03743652307193319
cov10_n10_g0_s42_hotspots_p80_chr1	10	10	4852	542	1197	0	0.42869127118786904	0.3258986090496528	0.17647058823529413	0.3468799591064453	15.273228645324707	0.03465870157663203
cov10_n10_g0_s42_hotspots_p80_chr1	10	10	4853	618	1558	0	0.49068400149062064	0.4105463061678	0.25	0.4497741162776947	11.901859283447266	0.03429024273808795
cov10_n10_g0_s42_hotspots_p80_chr1	10	10	4854	49	264	1	0.38815194184574087	0.2826614727935577	0.25	0.3277384638786316	14.026479721069336	0.03635691741107184
cov10_n10_g0_s42_hotspots_p80_chr1	10	10	4855	181	462	1	0.5078652552227315	0.4218858394071986	0.25	0.42023953795433044	14.605051040649414	0.032484910392075496
cov10_n10_g0_s42_hotspots_p80_chr1	10	10	4856	1	10	1	0.22360680157584636	0.1815682598006405	0.1111111111111111	0.5	2.0	0.07905694150420949
cov10_n10_g0_s42_hotspots_p80_chr1	10	10	4857	450	1223	0	0.41627020263861514	0.2772738985765804	0.17647058823529413	0.25394099950790405	26.871074676513672	0.03286840021419848
cov10_n10_g0_s42_hotspots_p80_chr1	10	10	4858	672	1231	0	0.35856692429802767	0.22999231045518942	0.17647058823529413	0.26381245255470276	18.473529815673828	0.03559652696992789
cov10_n10_g0_s42_hotspots_p80_chr1	10	10	4859	762	1722	0	0.3144943951150165	0.2208222599651158	0.25	0.32692182064056396	9.254179954528809	0.04223074966223363
cov10_n10_g0_s42_hotspots_p80_chr1	10	10	4860	858	1907	0	0.39945734609564076	0.27063149375029033	0.1111111111111111	0.27323615550994873	21.372947692871094	0.03393760528195283
cov10_n10_g0_s42_hotspots_p80_chr1	10	10	4861	1214	2289	0	0.34382287378418586	0.27891714802727124	0.17647058823529413	0.46773624420166016	5.403404235839844	0.04892868199308862
cov10_n10_g0_s42_hotspots_p80_chr1	10	10	4862	801	1893	0	0.5776792791241885	0.49442096750503545	0.25	0.40489867329597473	20.355459213256836	0.02918628508315175
cov10_n10_g0_s42_hotspots_p80_chr1	10	10	4863	614	1841	0	0.5121176257018544	0.41441015026549416	0.17647058823529413	0.3641836941242218	19.774181365966797	0.031171754596864106
cov10_n10_g0_s42_hotspots_p80_chr1	10	10	4864	487	1816	0	0.3517243468093404	0.23562308163655696	0.17647058823529413	0.2872871160507202	14.988991737365723	0.03695575009578311
cov10_n10_g0_s42_hotspots_p80_chr1	10	10	4865	290	699	0	0.25210448256073087	0.16529389619477516	0.17647058823529413	0.30191320180892944	6.972634315490723	0.047832413606696614
cov10_n10_g0_s42_hotspots_p80_chr1	10	10	4866	725	1674	0	0.43292072901362666	0.3278324236714514	0.25	0.3402625322341919	16.187828063964844	0.03422760390327129
cov10_n10_g0_s42_hotspots_p80_chr1	10	10	4867	296	955	0	0.38682354381583256	0.2810530980408033	0.25	0.32648977637290955	14.037398338317871	0.03639030024856128
cov10_n10_g0_s42_hotspots_p80_chr1	10	10	4868	118	369	1	0.3499336720068031	0.27072804402435424	0.17647058823529413	0.401173859834671	7.608627796173096	0.04347340986457519
cov10_n10_g0_s42_hotspots_p80_chr1	10	10	4869	38	88	1	0.411053289204772	0.3114624978578125	0.25	0.35305342078208923	13.555500984191895	0.03590962895806508
cov10_n10_g0_s42_hotspots_p80_chr1	10	10	4870	32	53	1	0.19069252181239205	0.0685962060761977	0.05263157894736842	0.1818181872367859	11.0	0.043952454265993195
cov10_n10_g0_s42_hotspots_p80_chr1	10	10	4871	63	188	1	0.31248981811039733	0.19392040401521757	0.17647058823529413	0.26450762152671814	13.957104682922363	0.03852703212587348
cov10_n10_g0_s42_hotspots_p80_chr1	10	10	4872	724	1580	0	0.3820460004326331	0.2363193840842224	0.17647058823529413	0.2392849624156952	25.491796493530273	0.03379558259129148
cov10_n10_g0_s42_hotspots_p80_chr1	10	10	4873	593	1461	0	0.23376704739740614	0.11399116162665208	0.25	0.21605342626571655	11.706964492797852	0.04216167675800157
cov10_n10_g0_s42_hotspots_p80_chr1	10	10	4874	757	1987	0	0.5563336889646715	0.4763033581631138	0.3333333333333333	0.44195684790611267	15.845684051513672	0.030560861562150283
cov10_n10_g0_s42_hotspots_p80_chr1	10	10	4875	1011	2611	0	0.5740187885805329	0.500282813682996	0.42857142857142855	0.4762302041053772	14.528420448303223	0.03032832289677392
cov10_n10_g0_s42_hotspots_p80_chr1	10	10	4876	810	1649	0	0.46212561426435256	0.3709533906668215	0.17647058823529413	0.3951745927333832	13.675461769104004	0.03429445237344904
cov10_n10_g0_s42_hotspots_p80_chr1	10	10	4877	612	1634	0	0.5424187589307242	0.47379255193119735	0.3333333333333333	0.5193830728530884	10.90671443939209	0.03313043068378205
cov10_n10_g0_s42_hotspots_p80_chr1	10	10	4878	937	2317	0	0.2252150198572211	0.1275109256109751	0.17647058823529413	0.2511477470397949	8.041481971740723	0.04665372920669112
cov10_n10_g0_s42_hotspots_p80_chr1	10	10	4879	629	1500	0	0.37444823439186553	0.3038107030801485	0.17647058823529413	0.4568534791469574	6.717841148376465	0.04436871729933114
cov10_n10_g0_s42_hotspots_p80_chr1	10	10	4880	633	1859	0	0.4449591888963353	0.35133981631547834	0.25	0.38257864117622375	13.526920318603516	0.0348946510798884
cov10_n10_g0_s42_hotspots_p80_chr1	10	10	4881	461	1068	0	0.2839618131899287	0.1820125037238161	0.17647058823529413	0.28479471802711487	9.941594123840332	0.042371651862034274
cov10_n10_g0_s42_hotspots_p80_chr1	10	10	4882	91	433	1	0.2610794580347013	0.19713186630235366	0.1111111111111111	0.3996134400367737	4.268401145935059	0.056386729510994944
cov10_n10_g0_s42_hotspots_p80_chr1	10	10	4883	687	1125	0	0.13616143935856712	0.008223846455099998	0.1111111111111111	0.1319403201341629	10.65008544921875	0.04575858992114154
cov10_n10_g0_s42_hotspots_p80_chr1	10	10	4884	666	1514	0	0.5043062266701063	0.41459654123053813	0.25	0.40251779556274414	15.697067260742188	0.03224953658251816
cov10_n10_g0_s42_hotspots_p80_chr1	10	10	4885	155	888	1	0.3478415359001071	0.24903687523792856	0.17647058823529413	0.33030152320861816	11.090258598327637	0.039387326482672
cov10_n10_g0_s42_hotspots_p80_chr1	10	10	4886	498	1051	0	0.16050629855336396	0.025748595895792783	0.1111111111111111	0.14502769708633423	12.248481750488281	0.043680262818587216
cov10_n10_g0_s42_hotspots_p80_chr1	10	10	4887	566	1237	0	0.5353349850605466	0.44308736112683433	0.25	0.38107359409332275	19.734838485717773	0.030507600607909666
cov10_n10_g0_s42_hotspots_p80_chr1	10	10	4888	315	1370	0	0.33335922847758365	0.22621472166117504	0.25	0.3003801703453064	12.316362380981445	0.03890963306285156
cov10_n10_g0_s42_hotspots_p80_chr1	10	10	4889	355	1324	0	0.3387094770919506	0.25019320374268306	0.17647058823529413	0.35842663049697876	8.93005657196045	0.041877208479524745
cov10_n10_g0_s42_hotspots_p80_chr1	10	10	4890	84	282	1	0.36614395369241226	0.28150763739206186	0.25	0.3882361650466919	8.894298553466797	0.04104636649284862
cov10_n10_g0_s42_hotspots_p80_chr1	10	10	4891	146	638	1	0.38860921099283463	0.300620479387837	0.25	0.38610416650772095	10.130180358886719	0.03897019605853225
cov10_n10_g0_s42_hotspots_p80_chr1	10	10	4892	604	1764	0	0.39272534765995104	0.29386453819031183	0.17647058823529413	0.34948399662971497	12.627671241760254	0.036961867109664585
cov10_n10_g0_s42_hotspots_p80_chr1	10	10	4893	337	848	0	0.4927435800510899	0.4121350706073848	0.25	0.44749096035957336	12.12476634979248	0.03409135109655794
cov10_n10_g0_s42_hotspots_p80_chr1	10	10	4894	53	203	1	0.404481183256223	0.3315254342901135	0.25	0.461053729057312	7.696505546569824	0.04149071270051266
cov10_n10_g0_s42_hotspots_p80_chr1	10	10	4895	309	1073	0	0.3202070437794395	0.196025522543299	0.17647058823529413	0.2573357820510864	15.483224868774414	0.03760300481853663
cov10_n10_g0_s42_hotspots_p80_chr1	10	10	4896	195	542	1	0.42200110937009555	0.34104887352033253	0.25	0.42934831976890564	9.660679817199707	0.0383475428073268
cov10_n10_g0_s42_hotspots_p80_chr1	10	10	4897	377	1158	0	0.49660308446930923	0.422425581898434	0.25	0.48319053649902344	10.562872886657715	0.0350059118382779
cov10_n10_g0_s42_hotspots_p80_chr1	10	10	4898	926	2392	0	0.4545260825330882	0.3744165871848032	0.25	0.4435899555683136	10.499150276184082	0.036491062071377305
cov10_n10_g0_s42_hotspots_p80_chr1	10	10	4899	543	1260	0	0.5617340351054949	0.49175527276498215	0.42857142857142855	0.5069537162780762	12.27791976928711	0.03163389446063693
cov10_n10_g0_s42_hotspots_p80_chr1	10	10	4900	643	1452	0	0.539626664285791	0.4893094421588375	0.25	0.6679270267486572	6.527228355407715	0.03866829942439674
cov10_n10_g0_s42_hotspots_p80_chr1	10	10	4901	152	224	1	0.2724085259165815	-0.0699725217797849	0.0	0.11150048673152924	59.6881103515625	0.03436088924065963
cov10_n10_g0_s42_hotspots_p80_chr1	10	10	4902	282	713	0	0.3670299504464827	0.305996369841437	0.3333333333333333	0.50814288854599	5.21712589263916	0.04874010874782262
cov10_n10_g0_s42_hotspots_p80_chr1	10	10	4903	366	1014	0	0.5231149089467497	0.453140891628911	0.3333333333333333	0.5108935236930847	10.48415470123291	0.03413270654024214
cov10_n10_g0_s42_hotspots_p80_chr1	10	10	4904	519	1541	0	0.2897738240084274	0.18355959719949283	0.17647058823529413	0.2783687114715576	10.836213111877441	0.041323331246589136
cov10_n10_g0_s42_hotspots_p80_chr1	10	10	4905	908	1652	0	0.4454650323505479	0.3532788027864436	0.25	0.388280987739563	13.162397384643555	0.03505670352568626
cov10_n10_g0_s42_hotspots_p80_chr1	10	10	4906	218	712	0	0.4271081580401339	0.33697983895833106	0.3333333333333333	0.39189088344573975	11.878058433532715	0.036368026120043424
cov10_n10_g0_s42_hotspots_p80_chr1	10	10	4907	518	1210	0	0.5236421500861271	0.4626539549036861	0.3333333333333333	0.5743107795715332	8.313335418701172	0.03630194607465949
cov10_n10_g0_s42_hotspots_p80_chr1	10	10	4908	593	939	0	0.4644833510647723	0.39856197031081997	0.17647058823529413	0.5266041159629822	7.779860019683838	0.03924541340900446
cov10_n10_g0_s42_hotspots_p80_chr1	10	10	4909	570	1076	0	0.2636592903670578	0.15672121567302658	0.17647058823529413	0.25988566875457764	10.292516708374023	0.042600005422156965
cov10_n10_g0_s42_hotspots_p80_chr1	10	10	4910	643	1205	0	0.29401196093983323	0.17094832141467395	0.1111111111111111	0.24665746092796326	14.208279609680176	0.0388989087615958
cov10_n10_g0_s42_hotspots_p80_chr1	10	10	4911	877	1687	0	0.3818830788018343	0.27592513714779215	0.25	0.324246883392334	13.871045112609863	0.036613393307967285
cov10_n10_g0_s42_hotspots_p80_chr1	10	10	4912	10	58	1	0.15811388300741896	0.08671099695241212	0.1111111111111111	0.25	4.0	0.06123724356957946
cov10_n10_g0_s42_hotspots_p80_chr1	10	10	4913	1	6	1	0.22360680157584636	0.18156825980063976	0.1111111111111111	0.5	2.0	0.07905694150420949
cov10_n10_g0_s42_hotspots_p80_chr1	10	10	4914	324	733	0	0.46257318501095546	0.36973275835180563	0.17647058823529413	0.38838374614715576	14.185306549072266	0.034062208353926114
cov10_n10_g0_s42_hotspots_p80_chr1	10	10	4916	1	9	1	0.22360680157584636	0.1815682598006408	0.05263157894736842	0.5	2.0	0.07905694150420949
cov10_n10_g0_s42_hotspots_p80_chr1	10	10	4918	145	521	1	0.29768028989566153	0.2457636322282024	0.3333333333333333	0.511812686920166	3.3828134536743164	0.06054434320172117
cov10_n10_g0_s42_hotspots_p80_chr1	10	10	4919	842	2081	0	0.5000924682937737	0.39145509306376836	0.3333333333333333	0.32238754630088806	24.06268882751465	0.031040419454435045
cov10_n10_g0_s42_hotspots_p80_chr1	10	10	4920	158	576	1	0.23233827179141908	0.1639479809903619	0.25	0.3486641049385071	4.4404497146606445	0.05650991465573174
cov10_n10_g0_s42_hotspots_p80_chr1	10	10	4921	254	298	0	0.35326017989028213	0.12102516280628084	0.1111111111111111	0.15371684730052948	52.81367874145508	0.0332022437596059
cov10_n10_g0_s42_hotspots_p80_chr1	10	10	4922	737	1558	0	0.4155834695044131	0.3192340014577157	0.17647058823529413	0.3653760850429535	12.937081336975098	0.03609396963709371
cov10_n10_g0_s42_hotspots_p80_chr1	10	10	4923	285	631	0	0.318915314162471	0.19576695176927808	0.17647058823529413	0.2586877644062042	15.198436737060547	0.037758888250226094
cov10_n10_g0_s42_hotspots_p80_chr1	10	10	4924	726	2030	0	0.20742998013757358	0.1011185127594469	0.17647058823529413	0.21918942034244537	8.955789566040039	0.04580143719169625
cov10_n10_g0_s42_hotspots_p80_chr1	10	10	4925	314	1115	0	0.3340813990581722	0.2908979929802658	0.17647058823529413	0.6243594884872437	2.863091230392456	0.06367897657870547
cov10_n10_g0_s42_hotspots_p80_chr1	10	10	4926	856	1851	0	0.5098255865062494	0.42224337295352704	0.25	0.41212132573127747	15.303584098815918	0.03219470273847133
cov10_n10_g0_s42_hotspots_p80_chr1	10	10	4927	751	1873	0	0.39020974025623756	0.29380794954434425	0.17647058823529413	0.3566117584705353	11.973054885864258	0.03744972056548667
cov10_n10_g0_s42_hotspots_p80_chr1	10	10	4928	401	687	0	0.3622919721762809	0.2251334783327602	0.1111111111111111	0.24937033653259277	21.10706329345703	0.034911214953368595
cov10_n10_g0_s42_hotspots_p80_chr1	10	10	4929	506	1426	0	0.4482229052339052	0.37018762529132776	0.3333333333333333	0.45218175649642944	9.825664520263672	0.03730581802058156
cov10_n10_g0_s42_hotspots_p80_chr1	10	10	4930	432	1284	0	0.4587116440826088	0.38466859857418384	0.3333333333333333	0.4762738347053528	9.27611255645752	0.03750816609879875
cov10_n10_g0_s42_hotspots_p80_chr1	10	10	4931	361	1288	0	0.6065906507149199	0.5333966729150404	0.3333333333333333	0.4561160206794739	17.68644905090332	0.028573862028766103
cov10_n10_g0_s42_hotspots_p80_chr1	10	10	4932	600	1494	0	0.5507045356195742	0.4726173969870999	0.17647058823529413	0.4561728537082672	14.573989868164062	0.031100807793276068
cov10_n10_g0_s42_hotspots_p80_chr1	10	10	4933	814	2258	0	0.55884887741604	0.49305026257034684	0.3333333333333333	0.5377658605575562	10.799466133117676	0.03260444520671998
cov10_n10_g0_s42_hotspots_p80_chr1	10	10	4934	641	1238	0	0.38902442018403066	0.30071646636213323	0.25	0.3850606679916382	10.206934928894043	0.038884519526454206
cov10_n10_g0_s42_hotspots_p80_chr1	10	10	4935	133	516	1	0.3381733228438303	0.24548831334621798	0.17647058823529413	0.3440974950790405	9.658632278442383	0.041035780566408234
cov10_n10_g0_s42_hotspots_p80_chr1	10	10	4936	123	439	1	0.3578062482351967	0.28249569238122746	0.25	0.4234451651573181	7.140054225921631	0.04406896912551328
cov10_n10_g0_s42_hotspots_p80_chr1	10	10	4937	150	647	1	0.5025091522024024	0.4289863521080086	0.3333333333333333	0.48765164613723755	10.618632316589355	0.03475697003561626
cov10_n10_g0_s42_hotspots_p80_chr1	10	10	4938	771	1694	0	0.25526510400583713	0.18099344265922968	0.25	0.34772294759750366	5.38909912109375	0.05196334943922191
cov10_n10_g0_s42_hotspots_p80_chr1	10	10	4939	526	1328	0	0.13918241486625713	0.06102081711528023	0.25	0.20779377222061157	4.4864583015441895	0.05930158141164723
cov10_n10_g0_s42_hotspots_p80_chr1	10	10	4940	557	1621	0	0.452212687291836	0.3531347123725987	0.17647058823529413	0.36329758167266846	15.493891716003418	0.03388990421544436
cov10_n10_g0_s42_hotspots_p80_chr1	10	10	4941	303	1278	0	0.4462668682361856	0.34806825722520834	0.25	0.36568963527679443	14.892375946044922	0.034280192001158685
cov10_n10_g0_s42_hotspots_p80_chr1	10	10	4942	548	1767	0	0.4331921113491422	0.3412054655335214	0.25	0.3862692713737488	12.577104568481445	0.0357518691583155
cov10_n10_g0_s42_hotspots_p80_chr1	10	10	4943	1	7	1	0.22360680157584636	0.1815682598006408	0.05263157894736842	0.5	2.0	0.07905694150420949
cov10_n10_g0_s42_hotspots_p80_chr1	10	10	4944	298	564	0	0.422902102288977	0.3197709224026567	0.3333333333333333	0.34458687901496887	15.061988830566406	0.03490611010048063
cov10_n10_g0_s42_hotspots_p80_chr1	10	10	4945	111	380	1	0.40895514123565535	0.3172027183655787	0.25	0.379860520362854	11.590523719787598	0.037132410617493075
cov10_n10_g0_s42_hotspots_p80_chr1	10	10	4946	815	1813	0	0.48851306196504424	0.4074024267849418	0.17647058823529413	0.44455456733703613	12.075419425964355	0.03426039045781739
cov10_n10_g0_s42_hotspots_p80_chr1	10	10	4947	1226	1986	0	0.45588861622739213	0.3377850813979438	0.25	0.3020418584346771	22.781545639038086	0.032304567693366544
cov10_n10_g0_s42_hotspots_p80_chr1	10	10	4948	397	883	0	0.27901738564912776	0.14542602577628103	0.1111111111111111	0.22191721200942993	15.808134078979492	0.038547881807771966
cov10_n10_g0_s42_hotspots_p80_chr1	10	10	4949	615	2177	0	0.4583496358959228	0.3680894427044901	0.25	0.39842724800109863	13.234139442443848	0.034618762811922596
cov10_n10_g0_s42_hotspots_p80_chr1	10	10	4950	271	694	0	0.42453860085388156	0.31874546214594207	0.25	0.33657151460647583	15.910348892211914	0.03455753853979044
cov10_n10_g0_s42_hotspots_p80_chr1	10	10	4951	289	1205	0	0.4596924140983944	0.3448545102743131	0.25	0.3113795518875122	21.794879913330078	0.03232770135219647
cov10_n10_g0_s42_hotspots_p80_chr1	10	10	4952	626	1729	0	0.35879915595256595	0.25744709494906975	0.17647058823529413	0.32806164026260376	11.96167278289795	0.03840377916051567
cov10_n10_g0_s42_hotspots_p80_chr1	10	10	4953	307	896	0	0.4174459082579385	0.32667734950252525	0.17647058823529413	0.3864299952983856	11.669672966003418	0.03681137690541938
cov10_n10_g0_s42_hotspots_p80_chr1	10	10	4954	462	1518	0	0.5294416298923821	0.4461431213143718	0.25	0.4311559796333313	15.07882022857666	0.03163996417878414
cov10_n10_g0_s42_hotspots_p80_chr1	10	10	4955	561	1363	0	0.6014938451455583	0.5276885403142656	0.3333333333333333	0.45633530616760254	17.3737735748291	0.02878605451596766
cov10_n10_g0_s42_hotspots_p80_chr1	10	10	4956	147	374	1	0.29214789629426463	0.17541784845920352	0.1111111111111111	0.25745490193367004	12.87666130065918	0.03971286133113239
cov10_n10_g0_s42_hotspots_p80_chr1	10	10	4957	507	1512	0	0.40175103722578787	0.3109862190173	0.17647058823529413	0.38094109296798706	11.122397422790527	0.0377028614610158
cov10_n10_g0_s42_hotspots_p80_chr1	10	10	4958	481	1578	0	0.3556134172012486	0.2834080939619506	0.3333333333333333	0.43700888752937317	6.6217942237854	0.045223706532263375
cov10_n10_g0_s42_hotspots_p80_chr1	10	10	4959	1020	2308	0	0.45794794598803606	0.37182661259341326	0.3333333333333333	0.4162280261516571	12.105135917663574	0.035242724023294474
cov10_n10_g0_s42_hotspots_p80_chr1	10	10	4960	918	1964	0	0.39111374884361694	0.2891323741601101	0.25	0.3391342759132385	13.300339698791504	0.03663318080704839
cov10_n10_g0_s42_hotspots_p80_chr1	10	10	4961	651	1711	0	0.4053998776068959	0.32345458357388496	0.3333333333333333	0.4182646870613098	9.394309043884277	0.03917819659428589
cov10_n10_g0_s42_hotspots_p80_chr1	10	10	4962	649	1852	0	0.22346372927467825	0.11808912819353107	0.17647058823529413	0.23374322056770325	9.139786720275879	0.045092002783067416
cov10_n10_g0_s42_hotspots_p80_chr1	10	10	4963	435	1316	0	0.26935750766808036	0.18505762553102964	0.25	0.32407498359680176	6.908234596252441	0.047426230506744875
cov10_n10_g0_s42_hotspots_p80_chr1	10	10	4964	397	1120	0	0.15746691974308813	0.004496314250319099	0.05263157894736842	0.12808093428611755	15.11505126953125	0.04191405353286269
cov10_n10_g0_s42_hotspots_p80_chr1	10	10	4965	31	157	1	0.26308481993496996	0.18843486187824546	0.17647058823529413	0.35348764061927795	5.539149284362793	0.05121469703456775
cov10_n10_g0_s42_hotspots_p80_chr1	10	10	4967	444	1367	0	0.6310511575709588	0.5729106519408991	0.42857142857142855	0.5756402611732483	12.01784896850586	0.029172227733861765
cov10_n10_g0_s42_hotspots_p80_chr1	10	10	4968	191	766	1	0.2646739508229133	0.1926714523751761	0.25	0.3658018112182617	5.235168933868408	0.052184223528957116
cov10_n10_g0_s42_hotspots_p80_chr1	10	10	4969	323	730	0	0.3361305476133066	0.259178669948007	0.3333333333333333	0.40195727348327637	6.992882251739502	0.045084795654554095
cov10_n10_g0_s42_hotspots_p80_chr1	10	10	4970	152	402	1	0.3082581139207999	0.19105682382671127	0.17647058823529413	0.26511847972869873	13.519137382507324	0.03888211618966647
cov10_n10_g0_s42_hotspots_p80_chr1	10	10	4971	303	834	0	0.34253926152077807	0.2995231289379822	0.25	0.6341688632965088	2.9175000190734863	0.06284161074824611
cov10_n10_g0_s42_hotspots_p80_chr1	10	10	4972	743	1543	0	0.4354328641703783	0.3435426874300412	0.3333333333333333	0.3872036039829254	12.646306037902832	0.03564297955682893
cov10_n10_g0_s42_hotspots_p80_chr1	10	10	4973	896	1964	0	0.44489470701871586	0.3562118771573408	0.3333333333333333	0.4024033546447754	12.223379135131836	0.035589634002349727
cov10_n10_g0_s42_hotspots_p80_chr1	10	10	4974	220	1128	0	0.22960039556237702	0.12530591463550142	0.1111111111111111	0.24065746366977692	9.102204322814941	0.044962763384957395
cov10_n10_g0_s42_hotspots_p80_chr1	10	10	4975	161	375	1	0.3643540270527289	0.27174253447283137	0.3333333333333333	0.35811787843704224	10.351305961608887	0.0395257191541251
cov10_n10_g0_s42_hotspots_p80_chr1	10	10	4976	627	1455	0	0.49729943540616284	0.39998656062959015	0.25	0.3695751130580902	18.106332778930664	0.03188147392663612
cov10_n10_g0_s42_hotspots_p80_chr1	10	10	4977	1198	2505	0	0.4931271702372248	0.42810068526211503	0.25	0.540216326713562	8.33263874053955	0.037411017760989165
cov10_n10_g0_s42_hotspots_p80_chr1	10	10	4978	844	1946	0	0.4783567751948698	0.4008984867845146	0.42857142857142855	0.4622735381126404	10.707937240600586	0.0355200571041644
cov10_n10_g0_s42_hotspots_p80_chr1	10	10	4979	540	1495	0	0.3004625105859758	0.1506918360021926	0.17647058823529413	0.20996680855751038	20.477609634399414	0.03654457148914464
cov10_n10_g0_s42_hotspots_p80_chr1	10	10	4980	654	1150	0	0.48603551593964855	0.40525999209769953	0.25	0.44602373242378235	11.874629020690918	0.03446164656271049
cov10_n10_g0_s42_hotspots_p80_chr1	10	10	4981	195	565	1	0.2654979884392601	0.17594032025465292	0.25	0.3046758770942688	7.5935773849487305	0.04619998196903888
cov10_n10_g0_s42_hotspots_p80_chr1	10	10	4982	459	1383	0	0.4698160961809704	0.37495562077025313	0.3333333333333333	0.38087713718414307	15.215492248535156	0.033456513252946525
cov10_n10_g0_s42_hotspots_p80_chr1	10	10	4983	327	1325	0	0.45351601496494126	0.3755223686899767	0.25	0.45389997959136963	9.983088493347168	0.03697793322153204
cov10_n10_g0_s42_hotspots_p80_chr1	10	10	4984	97	717	1	0.31622776830898486	0.26013291983615083	0.1111111111111111	0.4999994933605194	4.0000081062316895	0.055901654041234816
cov10_n10_g0_s42_hotspots_p80_chr1	10	10	4985	453	1430	0	0.5154970194748393	0.4207389443886196	0.25	0.37667128443717957	18.729551315307617	0.031236459794577058
cov10_n10_g0_s42_hotspots_p80_chr1	10	10	4986	1107	1861	0	0.5131272374486443	0.4475491041583036	0.25	0.5397096872329712	9.039194107055664	0.03582725986383521
cov10_n10_g0_s42_hotspots_p80_chr1	10	10	4987	725	1526	0	0.3678012166071022	0.3149041448182017	0.1111111111111111	0.5669836401939392	4.2080912590026855	0.05294344649129047
cov10_n10_g0_s42_hotspots_p80_chr1	10	10	4988	548	1106	0	0.4701450042826153	0.3793651017316419	0.25	0.397734135389328	13.972622871398926	0.03391564920144303
cov10_n10_g0_s42_hotspots_p80_chr1	10	10	4989	904	1527	0	0.44488400076710716	0.3339950832630632	0.17647058823529413	0.32359975576400757	18.90066909790039	0.03320169878842597
cov10_n10_g0_s42_hotspots_p80_chr1	10	10	4990	809	1285	0	0.4975053745987316	0.3786838695245685	0.1111111111111111	0.281324177980423	31.27385711669922	0.030763362055909117
cov10_n10_g0_s42_hotspots_p80_chr1	10	10	4991	434	763	0	0.380703530662311	0.3006676005017449	0.1111111111111111	0.415056437253952	8.413166999816895	0.041208316811093604
cov10_n10_g0_s42_hotspots_p80_chr1	10	10	4992	323	715	0	0.33793547278836467	0.1494791391660695	0.25	0.1815699189901352	34.64015579223633	0.034013646115962824
cov10_n10_g0_s42_hotspots_p80_chr1	10	10	4993	319	678	0	0.50738682924048	0.4289591455384487	0.3333333333333333	0.4598424434661865	12.17475700378418	0.03357243539981793
cov10_n10_g0_s42_hotspots_p80_chr1	10	10	4994	1004	2381	0	0.5180186490102748	0.44021185781462224	0.3333333333333333	0.4631979763507843	12.507123947143555	0.03303688006148088
cov10_n10_g0_s42_hotspots_p80_chr1	10	10	4995	692	1810	0	0.5210862437035176	0.44291808167932173	0.3333333333333333	0.4609680771827698	12.778429985046387	0.032799248719285336
cov10_n10_g0_s42_hotspots_p80_chr1	10	10	4996	969	2023	0	0.5735289950594726	0.5156774035651321	0.3333333333333333	0.5994742512702942	9.153131484985352	0.03342106116448496
cov10_n10_g0_s42_hotspots_p80_chr1	10	10	4997	1085	2011	0	0.6491379467981598	0.5830572386969809	0.3333333333333333	0.4582703113555908	20.064603805541992	0.026968720073926786
cov10_n10_g0_s42_hotspots_p80_chr1	10	10	4998	363	830	0	0.5212120577288115	0.4162530062075169	0.25	0.3248879015445709	25.73723030090332	0.030388452067654302
cov10_n10_g0_s42_hotspots_p80_chr1	10	10	4999	7	19	1	0.36514835140686214	0.3232870753462957	0.17647058823529413	0.6666666865348816	2.999999761581421	0.061237245191812416
cov10_n10_g0_s42_hotspots_p80_chr1	10	10	5000	129	298	1	0.3206065210666079	0.11269777076150259	0.1111111111111111	0.16394741833209991	38.24156188964844	0.03416139608610203
cov10_n10_g0_s42_hotspots_p80_chr1	10	10	5001	421	981	0	0.3395210061948522	0.24346166405570532	0.25	0.3342321813106537	10.318979263305664	0.04032095788758829
cov10_n10_g0_s42_hotspots_p80_chr1	10	10	5002	80	381	1	0.3212576633280092	0.21769265985758338	0.17647058823529413	0.3031753897666931	11.22843074798584	0.04006628272917791
cov10_n10_g0_s42_hotspots_p80_chr1	10	10	5003	995	1964	0	0.4343001699701323	0.37987824243254287	0.42857142857142855	0.5972052812576294	5.2885026931762695	0.04605002552988329
cov10_n10_g0_s42_hotspots_p80_chr1	10	10	5004	642	1650	0	0.5123820784133645	0.4436075744583832	0.3333333333333333	0.5181233882904053	9.7796049118042	0.03511212801400262
cov10_n10_g0_s42_hotspots_p80_chr1	10	10	5005	358	1436	0	0.33826031838335474	0.2704307167107195	0.25	0.44743943214416504	5.715229034423828	0.048151225118302145
cov10_n10_g0_s42_hotspots_p80_chr1	10	10	5006	564	1614	0	0.5832610810061803	0.5258060925374818	0.3333333333333333	0.6013747453689575	9.406662940979004	0.03279342280758912
cov10_n10_g0_s42_hotspots_p80_chr1	10	10	5007	293	655	0	0.44434177839358474	0.37317575266848535	0.3333333333333333	0.4877839982509613	8.298111915588379	0.039203403089491815
cov10_n10_g0_s42_hotspots_p80_chr1	10	10	5008	909	2087	0	0.5403582071957446	0.48543475661154345	0.3333333333333333	0.6256120204925537	7.460248947143555	0.03689874291686624
cov10_n10_g0_s42_hotspots_p80_chr1	10	10	5009	628	1868	0	0.5245957313794589	0.43072488599608094	0.25	0.37771177291870117	19.28982925415039	0.030882524822262555
cov10_n10_g0_s42_hotspots_p80_chr1	10	10	5010	284	1205	0	0.44569080627823104	0.38630664373195084	0.25	0.5644474029541016	6.234769344329834	0.042939112740685736
cov10_n10_g0_s42_hotspots_p80_chr1	10	10	5011	203	423	0	0.6345740189228972	0.5825403114217544	0.5384615384615384	0.6363838911056519	9.943201065063477	0.030268475603063543
cov10_n10_g0_s42_hotspots_p80_chr1	10	10	5012	1102	2331	0	0.5916779593773988	0.5166496386677928	0.3333333333333333	0.45544344186782837	16.87725830078125	0.029189604467329953
cov10_n10_g0_s42_hotspots_p80_chr1	10	10	5013	785	1924	0	0.4016153761951838	0.3186880696730851	0.25	0.4123709499835968	9.485156059265137	0.03920358748343478
cov10_n10_g0_s42_hotspots_p80_chr1	10	10	5014	794	2179	0	0.378786830790704	0.2562636586346015	0.17647058823529413	0.2821909487247467	18.01787757873535	0.03518917612389859
cov10_n10_g0_s42_hotspots_p80_chr1	10	10	5015	1269	3287	0	0.47549467314066607	0.373994636449969	0.25	0.35526806116104126	17.91343879699707	0.032551957408201236
cov10_n10_g0_s42_hotspots_p80_chr1	10	10	5016	1016	2631	0	0.63202140738814	0.5750244381176669	0.3333333333333333	0.586473822593689	11.613585472106934	0.029328161172372025
cov10_n10_g0_s42_hotspots_p80_chr1	10	10	5017	1186	3060	0	0.5170659757368917	0.4191119649500277	0.25	0.3611847758293152	20.49429702758789	0.03093483269324057
cov10_n10_g0_s42_hotspots_p80_chr1	10	10	5018	1062	2566	0	0.5649669635570427	0.49041070762885164	0.3333333333333333	0.4743077754974365	14.188143730163574	0.03074488321312978
cov10_n10_g0_s42_hotspots_p80_chr1	10	10	5019	205	511	0	0.35216531582106336	0.28550142052005534	0.25	0.4638409912586212	5.764410495758057	0.047527636011082314
cov10_n10_g0_s42_hotspots_p80_chr1	10	10	5020	606	1887	0	0.35463991737935047	0.2933690091117367	0.3333333333333333	0.49770164489746094	5.0773491859436035	0.04967555220618888
cov10_n10_g0_s42_hotspots_p80_chr1	10	10	5021	999	2869	0	0.44972220187831563	0.3588362528543146	0.25	0.39433553814888	13.006390571594238	0.035003245490574784
cov10_n10_g0_s42_hotspots_p80_chr1	10	10	5022	741	2678	0	0.30418313122960666	0.18878768606854823	0.1111111111111111	0.26666510105133057	13.011812210083008	0.03929380043565459
cov10_n10_g0_s42_hotspots_p80_chr1	10	10	5023	160	960	1	0.27365939138690315	0.2000242649761445	0.1111111111111111	0.36716216802597046	5.555266380310059	0.05081546850606918
cov10_n10_g0_s42_hotspots_p80_chr1	10	10	5024	258	564	0	0.29180195743908055	0.22248419067163866	0.25	0.4024060070514679	5.258325576782227	0.051197338408578416
cov10_n10_g0_s42_hotspots_p80_chr1	10	10	5025	707	1321	0	0.5486344218494692	0.508963751359811	0.42857142857142855	0.7857728004455566	4.874972343444824	0.043007966749755266
cov10_n10_g0_s42_hotspots_p80_chr1	10	10	5026	1293	2134	0	0.5096697375813106	0.4184558860494169	0.25	0.39468449354171753	16.67544937133789	0.0318259909782436
cov10_n10_g0_s42_hotspots_p80_chr1	10	10	5027	460	1103	0	0.48004860687752615	0.3944166814475504	0.25	0.4216413199901581	12.962358474731445	0.034062110652281735
cov10_n10_g0_s42_hotspots_p80_chr1	10	10	5028	833	2274	0	0.4204168808097806	0.34974636247433183	0.25	0.4808994233608246	7.642787456512451	0.041027800368805836
cov10_n10_g0_s42_hotspots_p80_chr1	10	10	5029	1048	2103	0	0.3875835327633131	0.27258824467113474	0.1111111111111111	0.30218827724456787	16.450359344482422	0.03541738457833203
cov10_n10_g0_s42_hotspots_p80_chr1	10	10	5030	1120	1970	0	0.368694369057378	0.22375581751921214	0.17647058823529413	0.23813456296920776	23.971105575561523	0.03429467466588318
cov10_n10_g0_s42_hotspots_p80_chr1	10	10	5031	680	1860	0	0.4464994068405017	0.37991072591609554	0.25	0.5159934759140015	7.487785339355469	0.04036584817004898
cov10_n10_g0_s42_hotspots_p80_chr1	10	10	5032	142	669	1	0.417936306994946	0.35074039477737634	0.17647058823529413	0.4998743534088135	6.990344524383545	0.04229060335699379
cov10_n10_g0_s42_hotspots_p80_chr1	10	10	5033	472	1281	0	0.4077750815090352	0.2850960119025416	0.17647058823529413	0.2882128059864044	20.01772689819336	0.03396931678511457
cov10_n10_g0_s42_hotspots_p80_chr1	10	10	5034	637	1490	0	0.27072322178479896	0.14158250721240895	0.1111111111111111	0.2241600900888443	14.585939407348633	0.039326701708082945
cov10_n10_g0_s42_hotspots_p80_chr1	10	10	5035	378	1232	0	0.34163929033637674	0.2528855894595577	0.25	0.3593074381351471	9.040725708007812	0.041645693796546195
cov10_n10_g0_s42_hotspots_p80_chr1	10	10	5036	48	638	1	0.4138845460134756	0.35566700476375207	0.3333333333333333	0.5570635795593262	5.5201239585876465	0.04606281585810216
cov10_n10_g0_s42_hotspots_p80_chr1	10	10	5037	636	1599	0	0.47695255756925287	0.3792672254125056	0.25	0.36983492970466614	16.631624221801758	0.032817571646827956
cov10_n10_g0_s42_hotspots_p80_chr1	10	10	5038	1274	1765	0	0.5383155414844798	0.45141964517304595	0.3333333333333333	0.408776193857193	17.342138290405273	0.030803363762843646
cov10_n10_g0_s42_hotspots_p80_chr1	10	10	5039	1458	2241	0	0.49553355381950914	0.4179770167799709	0.25	0.46400877833366394	11.404958724975586	0.03443824327284529
cov10_n10_g0_s42_hotspots_p80_chr1	10	10	5040	689	914	0	0.5010001723763422	0.4103720974548059	0.3333333333333333	0.3985764980316162	15.799826622009277	0.03232192181620978
cov10_n10_g0_s42_hotspots_p80_chr1	10	10	5041	974	1683	0	0.4219790282431134	0.35826848321346877	0.17647058823529413	0.5235859751701355	6.495397090911865	0.04319114034126104
cov10_n10_g0_s42_hotspots_p80_chr1	10	10	5042	1510	2748	0	0.5675347473926109	0.4873218787179452	0.25	0.4350380003452301	17.018861770629883	0.02994802443384339
cov10_n10_g0_s42_hotspots_p80_chr1	10	10	5043	600	1380	0	0.5086675005009795	0.4024074716930828	0.25	0.3278692066669464	24.069480895996094	0.030816502753531552
cov10_n10_g0_s42_hotspots_p80_chr1	10	10	5044	621	1754	0	0.4371298660693966	0.3718971718527009	0.3333333333333333	0.520768404006958	7.045823097229004	0.04149915347002897
cov10_n10_g0_s42_hotspots_p80_chr1	10	10	5045	645	1385	0	0.37422374336331	0.28134899153254694	0.25	0.3618692457675934	10.694472312927246	0.038912144712209204
cov10_n10_g0_s42_hotspots_p80_chr1	10	10	5046	860	1970	0	0.5704838591268114	0.5100627874910145	0.3333333333333333	0.5781745910644531	9.735735893249512	0.03299232035285412
cov10_n10_g0_s42_hotspots_p80_chr1	10	10	5047	867	1491	0	0.23712296127997978	0.08410738162958564	0.17647058823529413	0.1765533983707428	18.03827476501465	0.038750321586016975
cov10_n10_g0_s42_hotspots_p80_chr1	10	10	5048	1252	2365	0	0.35986617018486255	0.24484484995227876	0.17647058823529413	0.2929205000400543	15.093240737915039	0.036686292818373344
cov10_n10_g0_s42_hotspots_p80_chr1	10	10	5049	602	1515	0	0.5808241331404621	0.5078624822273776	0.25	0.4784654676914215	14.736288070678711	0.030034688225245913
cov10_n10_g0_s42_hotspots_p80_chr1	10	10	5050	606	1898	0	0.5598013545496185	0.4761678445674252	0.25	0.41740697622299194	17.986574172973633	0.03002407964373472
cov10_n10_g0_s42_hotspots_p80_chr1	10	10	5051	890	2248	0	0.3502598321233473	0.21301558432650775	0.1111111111111111	0.2457687109708786	20.31082534790039	0.03536967073093537
cov10_n10_g0_s42_hotspots_p80_chr1	10	10	5052	327	1504	0	0.4858537411159049	0.37037262448046954	0.25	0.3029062747955322	25.727317810058594	0.0312825695219037
cov10_n10_g0_s42_hotspots_p80_chr1	10	10	5053	364	783	0	0.47425215004047566	0.36721246185230766	0.25	0.3353496789932251	19.999670028686523	0.03219683402851483
cov10_n10_g0_s42_hotspots_p80_chr1	10	10	5054	182	312	1	0.4621324281078053	0.3858894704222927	0.25	0.4652819037437439	9.865078926086426	0.036795259453679965
cov10_n10_g0_s42_hotspots_p80_chr1	10	10	5055	734	1395	0	0.4109398116013542	0.3035841747679591	0.17647058823529413	0.32892584800720215	15.608470916748047	0.035050427289858216
cov10_n10_g0_s42_hotspots_p80_chr1	10	10	5056	1052	1797	0	0.3807192968425302	0.285006146222155	0.25	0.3551078736782074	11.494476318359375	0.03807504638942874
cov10_n10_g0_s42_hotspots_p80_chr1	10	10	5057	824	1351	0	0.580675712453534	0.5036148785395637	0.3333333333333333	0.44849109649658203	16.763307571411133	0.029571076355810206
cov10_n10_g0_s42_hotspots_p80_chr1	10	10	5058	1264	1840	0	0.545206346621006	0.4716315952720844	0.25	0.4860615134239197	12.58169937133789	0.03206793982364745
cov10_n10_g0_s42_hotspots_p80_chr1	10	10	5059	1093	1826	0	0.4626121837377305	0.366690978122975	0.17647058823529413	0.37617227435112	15.123788833618164	0.033705812473928926
cov10_n10_g0_s42_hotspots_p80_chr1	10	10	5060	677	1486	0	0.38971767229251314	0.2655940713784957	0.17647058823529413	0.2814500033855438	19.1733341217041	0.034616789676659196
cov10_n10_g0_s42_hotspots_p80_chr1	10	10	5061	358	1151	0	0.27891348955860135	0.18692805875437676	0.17647058823529413	0.3077813982963562	8.212102890014648	0.044751427333949836
cov10_n10_g0_s42_hotspots_p80_chr1	10	10	5062	1073	2266	0	0.5321985820203247	0.42939214066019926	0.25	0.3249170184135437	26.828880310058594	0.030060327469389928
cov10_n10_g0_s42_hotspots_p80_chr1	10	10	5063	628	1701	0	0.2711181837309478	0.14422575234941823	0.17647058823529413	0.22786973416805267	14.156109809875488	0.039539051801420394
cov10_n10_g0_s42_hotspots_p80_chr1	10	10	5064	431	1602	0	0.3672941707288361	0.18021671676293374	0.1111111111111111	0.1863303780555725	38.856239318847656	0.0332546641718953
cov10_n10_g0_s42_hotspots_p80_chr1	10	10	5065	928	2047	0	0.2534272408635359	0.06720799770672627	0.1111111111111111	0.15697339177131653	26.064800262451172	0.0365669315911322
cov10_n10_g0_s42_hotspots_p80_chr1	10	10	5066	530	1248	0	0.6667589106048006	0.6234426637849803	0.3333333333333333	0.7204617857933044	8.564770698547363	0.03013822291494994
cov10_n10_g0_s42_hotspots_p80_chr1	10	10	5067	699	1387	0	0.3759861198257042	0.28392180239601306	0.17647058823529413	0.3654868006706238	10.58279037475586	0.03895440858269326
cov10_n10_g0_s42_hotspots_p80_chr1	10	10	5072	730	1197	0	0.3684468735634476	0.2809049221777879	0.25	0.3782581388950348	9.487968444824219	0.04027173636827491
cov10_n10_g0_s42_hotspots_p80_chr1	10	10	5073	1306	2045	0	0.597608934522589	0.5171206672681607	0.25	0.39820513129234314	22.522703170776367	0.028451410103732613
cov10_n10_g0_s42_hotspots_p80_chr1	10	10	5074	1604	2152	0	0.4871363278717424	0.37711932002887383	0.25	0.32214054465293884	22.867055892944336	0.031484702863217966
cov10_n10_g0_s42_hotspots_p80_chr1	10	10	5075	1123	2105	0	0.39525813064987314	0.2976686216910239	0.17647058823529413	0.35453730821609497	12.429043769836426	0.03700494139506389
cov10_n10_g0_s42_hotspots_p80_chr1	10	10	5076	838	1592	0	0.4477122699998782	0.32102798762235224	0.1111111111111111	0.27954086661338806	25.65117835998535	0.0322250659303557
cov10_n10_g0_s42_hotspots_p80_chr1	10	10	5077	844	1465	0	0.4815162256346086	0.38413964619243435	0.17647058823529413	0.37092751264572144	16.85169792175293	0.03262585105735187
cov10_n10_g0_s42_hotspots_p80_chr1	10	10	5078	758	1282	0	0.28038351809488354	0.11409269567213837	0.1111111111111111	0.18400654196739197	23.218727111816406	0.03644642865822637
cov10_n10_g0_s42_hotspots_p80_chr1	10	10	5079	451	1330	0	0.42841345363217925	0.3246866793742864	0.25	0.3438112139701843	15.526947021484375	0.03457634948151788
cov10_n10_g0_s42_hotspots_p80_chr1	10	10	5080	435	1467	0	0.36994661694668224	0.28973781035831275	0.25	0.4085627794265747	8.198992729187012	0.041870880229183824
cov10_n10_g0_s42_hotspots_p80_chr1	10	10	5081	490	1327	0	0.35666782744690156	0.25096084161561993	0.17647058823529413	0.31496307253837585	12.823558807373047	0.03791254036808632
cov10_n10_g0_s42_hotspots_p80_chr1	10	10	5082	287	1010	0	0.42739058456183043	0.3228514833305473	0.17647058823529413	0.3410317599773407	15.705804824829102	0.0345442418714145
cov10_n10_g0_s42_hotspots_p80_chr1	10	10	5083	1184	1947	0	0.5597043630566184	0.47819974348431094	0.3333333333333333	0.43102627992630005	16.862031936645508	0.0302282109569358
cov10_n10_g0_s42_hotspots_p80_chr1	10	10	5084	1105	1643	0	0.4470361130611803	0.3453389518985834	0.25	0.35345038771629333	15.996621131896973	0.03387903524361714
cov10_n10_g0_s42_hotspots_p80_chr1	10	10	5085	552	1328	0	0.4655067607364852	0.3712603616858247	0.25	0.3830205500125885	14.770928382873535	0.03374471027949679
cov10_n10_g0_s42_hotspots_p80_chr1	10	10	5086	877	2207	0	0.6040696891145866	0.5465491444810509	0.42857142857142855	0.5951656103134155	10.3014497756958	0.031233109543411176
cov10_n10_g0_s42_hotspots_p80_chr1	10	10	5087	815	1688	0	0.5567994552778813	0.47396807484439174	0.3333333333333333	0.4241892993450165	17.22972297668457	0.03024925373850077
cov10_n10_g0_s42_hotspots_p80_chr1	10	10	5088	745	1754	0	0.5547481283258782	0.4735271256088426	0.25	0.43520164489746094	16.248403549194336	0.03051724575167308
cov10_n10_g0_s42_hotspots_p80_chr1	10	10	5089	436	1729	0	0.534679011833341	0.4573782065569201	0.25	0.46458208560943604	13.245288848876953	0.03212906197990651
cov10_n10_g0_s42_hotspots_p80_chr1	10	10	5090	1008	1818	0	0.5813289479889368	0.5078686542487947	0.3333333333333333	0.4745160937309265	15.008663177490234	0.029942646383173017
cov10_n10_g0_s42_hotspots_p80_chr1	10	10	5091	1090	1665	0	0.16899194927061095	0.02986760879145697	0.1111111111111111	0.14725005626678467	13.171067237854004	0.04278930662196023
cov10_n10_g0_s42_hotspots_p80_chr1	10	10	5092	885	1848	0	0.5961169461467677	0.5151834357900698	0.3333333333333333	0.3965732753276825	22.59519386291504	0.028491785243460792
cov10_n10_g0_s42_hotspots_p80_chr1	10	10	5093	900	1935	0	0.46873251117280185	0.3473828017779963	0.25	0.289878785610199	26.146724700927734	0.0316760858756435
cov10_n10_g0_s42_hotspots_p80_chr1	10	10	5094	941	1587	0	0.5138039418984987	0.40889490316141835	0.3333333333333333	0.33081290125846863	24.122922897338867	0.030678119863496216
cov10_n10_g0_s42_hotspots_p80_chr1	10	10	5095	757	1257	0	0.47014247270079346	0.3452570422198049	0.3333333333333333	0.278506338596344	28.496320724487305	0.0315021787050121
cov10_n10_g0_s42_hotspots_p80_chr1	10	10	5096	752	1050	0	0.4508973921440396	0.33645939241359907	0.25	0.3130826950073242	20.741363525390625	0.03271014687908358
cov10_n10_g0_s42_hotspots_p80_chr1	10	10	5097	507	1083	0	0.3443052100103584	0.20421446680824612	0.17647058823529413	0.239315003156662	20.698902130126953	0.035434576379140686
cov10_n10_g0_s42_hotspots_p80_chr1	10	10	5098	898	1268	0	0.5830301184277327	0.5045292146877286	0.3333333333333333	0.43591389060020447	17.888771057128906	0.029308319032498753
cov10_n10_g0_s42_hotspots_p80_chr1	10	10	5099	766	1512	0	0.578101552909213	0.5000293263970604	0.3333333333333333	0.44296425580978394	17.032207489013672	0.029605626135269996
cov10_n10_g0_s42_hotspots_p80_chr1	10	10	5100	925	1884	0	0.366713727812886	0.24926022649968982	0.25	0.2897656261920929	16.0162410736084	0.03613922696437373
cov10_n10_g0_s42_hotspots_p80_chr1	10	10	5101	598	1021	0	0.530210679775204	0.4426944163961642	0.25	0.40824025869369507	16.868064880371094	0.031151959612548283
cov10_n10_g0_s42_hotspots_p80_chr1	10	10	5102	1023	1706	0	0.354314129578817	0.26467134663830033	0.3333333333333333	0.3632532060146332	9.513888359069824	0.04069073252260108
cov10_n10_g0_s42_hotspots_p80_chr1	10	10	5103	1110	1830	0	0.40747604036777585	0.2504893884661459	0.17647058823529413	0.22251656651496887	33.533546447753906	0.03265684672759729
cov10_n10_g0_s42_hotspots_p80_chr1	10	10	5104	998	1910	0	0.44659705569795455	0.33865930007720935	0.25	0.33282917737960815	18.004825592041016	0.0333494434084206
cov10_n10_g0_s42_hotspots_p80_chr1	10	10	5105	1163	1939	0	0.6131838244144798	0.5490312794597266	0.3333333333333333	0.5308066606521606	13.344694137573242	0.029320389226309987
cov10_n10_g0_s42_hotspots_p80_chr1	10	10	5106	924	1569	0	0.4717798266073132	0.3698353082331692	0.1111111111111111	0.3537699282169342	17.784305572509766	0.03268703256026074
cov10_n10_g0_s42_hotspots_p80_chr1	10	10	5107	781	1677	0	0.32582912845749684	0.18972795411042306	0.17647058823529413	0.23915784060955048	18.561391830444336	0.03640805202463743
cov10_n10_g0_s42_hotspots_p80_chr1	10	10	5108	643	1537	0	0.38627755807101544	0.3000784492844586	0.17647058823529413	0.3920421600341797	9.708080291748047	0.03946494278461387
cov10_n10_g0_s42_hotspots_p80_chr1	10	10	5109	711	1896	0	0.5196173256758775	0.4126266652236309	0.3333333333333333	0.31581705808639526	27.070493698120117	0.03036798928888689
cov10_n10_g0_s42_hotspots_p80_chr1	10	10	5110	651	2257	0	0.4282440785933537	0.3727928596208228	0.25	0.5858262181282043	5.343739032745361	0.046093608074380794
cov10_n10_g0_s42_hotspots_p80_chr1	10	10	5111	919	2250	0	0.4370136287258271	0.3358388207513289	0.25	0.35378044843673706	15.258871078491211	0.03442011831901105
cov10_n10_g0_s42_hotspots_p80_chr1	10	10	5112	579	2019	0	0.5200167280779618	0.4275816577189336	0.25	0.38638290762901306	18.113346099853516	0.0312112396928567
cov10_n10_g0_s42_hotspots_p80_chr1	10	10	5113	836	1848	0	0.4716023472958567	0.4193118143172783	0.42857142857142855	0.6320715546607971	5.566977024078369	0.043763055001140395
cov10_n10_g0_s42_hotspots_p80_chr1	10	10	5114	552	1381	0	0.40277252672156916	0.30486437252487386	0.25	0.3560645580291748	12.79564380645752	0.03656136688901844
cov10_n10_g0_s42_hotspots_p80_chr1	10	10	5115	774	1563	0	0.47928462143936257	0.36568785446526386	0.25	0.3118155598640442	23.626068115234375	0.03161546714701448
cov10_n10_g0_s42_hotspots_p80_chr1	10	10	5116	510	969	0	0.48969314763752747	0.38176918801309095	0.17647058823529413	0.32912370562553406	22.137556076049805	0.03149352358435773
cov10_n10_g0_s42_hotspots_p80_chr1	10	10	5117	742	1325	0	0.3603518353267708	0.20139808065905188	0.17647058823529413	0.21653573215007782	27.694555282592773	0.03405896279899797
cov10_n10_g0_s42_hotspots_p80_chr1	10	10	5118	59	316	1	0.2344601142714297	0.18993945866292442	0.25	0.49417904019355774	2.2509682178497314	0.07461714756005701
cov10_n10_g0_s42_hotspots_p80_chr1	10	10	5119	681	1360	0	0.35744125589569453	0.30582356092557167	0.25	0.5690850019454956	3.9450738430023193	0.05473386300745472
cov10_n10_g0_s42_hotspots_p80_chr1	10	10	5120	408	1307	0	0.33935781884305655	0.2518901966554431	0.17647058823529413	0.36251404881477356	8.763265609741211	0.04207283828333857
cov10_n10_g0_s42_hotspots_p80_chr1	10	10	5121	510	1314	0	0.40115469923628383	0.30102131472007837	0.17647058823529413	0.34826669096946716	13.26783275604248	0.03635191212130407
cov10_n10_g0_s42_hotspots_p80_chr1	10	10	5122	815	1606	0	0.41781024750027257	0.317455337474008	0.3333333333333333	0.35238316655158997	14.05814266204834	0.03547120579947691
cov10_n10_g0_s42_hotspots_p80_chr1	10	10	5123	346	808	0	0.4295150232680802	0.35876546190634623	0.3333333333333333	0.48439323902130127	7.862498760223389	0.040358918123158415
cov10_n10_g0_s42_hotspots_p80_chr1	10	10	5124	560	1572	0	0.6023592116025571	0.538132050531855	0.3333333333333333	0.5365355610847473	12.604166030883789	0.030006610774640282
cov10_n10_g0_s42_hotspots_p80_chr1	10	10	5125	764	2665	0	0.3998369779532729	0.2973741809331175	0.25	0.34053030610084534	13.786511421203613	0.03612973206250235
cov10_n10_g0_s42_hotspots_p80_chr1	10	10	5126	1071	2069	0	0.1603261770930935	0.06747702209522476	0.17647058823529413	0.20086443424224854	6.370928764343262	0.052056471884252054
cov10_n10_g0_s42_hotspots_p80_chr1	10	10	5127	519	988	0	0.2912432752436297	0.19187124565979768	0.25	0.296051025390625	9.677846908569336	0.04244387082980919
cov10_n10_g0_s42_hotspots_p80_chr1	10	10	5128	465	1084	0	0.36771019667475585	0.299758237389802	0.25	0.46716824173927307	6.195333003997803	0.04582277886488189
cov10_n10_g0_s42_hotspots_p80_chr1	10	10	5129	823	1775	0	0.47573384880751673	0.37243550473350734	0.25	0.34860268235206604	18.62373161315918	0.032398764919172165
cov10_n10_g0_s42_hotspots_p80_chr1	10	10	5130	675	1315	0	0.39191145323359966	0.2772481735730665	0.17647058823529413	0.30421969294548035	16.595918655395508	0.035251213585990086
cov10_n10_g0_s42_hotspots_p80_chr1	10	10	5131	65	182	1	0.3347578564833564	0.24396678119054097	0.17647058823529413	0.3483472764492035	9.234996795654297	0.04162545460595331
cov10_n10_g0_s42_hotspots_p80_chr1	10	10	5132	499	1223	0	0.419649507591194	0.2853493856229216	0.25	0.2635287940502167	25.358137130737305	0.032925923595899534
cov10_n10_g0_s42_hotspots_p80_chr1	10	10	5133	775	1698	0	0.6272118445469992	0.5551688834475839	0.42857142857142855	0.4309510290622711	21.182279586791992	0.027617718497067668
cov10_n10_g0_s42_hotspots_p80_chr1	10	10	5134	824	1752	0	0.5286590671257358	0.42891961069892814	0.25	0.3457983136177063	23.372522354125977	0.030336780660934756
cov10_n10_g0_s42_hotspots_p80_chr1	10	10	5135	822	1729	0	0.5432819158800324	0.46905212782066324	0.3333333333333333	0.482184499502182	12.694746017456055	0.03208111599509712
cov10_n10_g0_s42_hotspots_p80_chr1	10	10	5136	812	2167	0	0.47337367181543505	0.3858622727916707	0.3333333333333333	0.4123465120792389	13.179035186767578	0.03417030711815797
cov10_n10_g0_s42_hotspots_p80_chr1	10	10	5137	1064	2260	0	0.5059670163149537	0.40914223736731486	0.25	0.36990493535995483	18.709583282470703	0.03151736684738004
cov10_n10_g0_s42_hotspots_p80_chr1	10	10	5138	494	1205	0	0.43657000325815976	0.31727864688750895	0.25	0.2994210422039032	21.259014129638672	0.03300656274529729
cov10_n10_g0_s42_hotspots_p80_chr1	10	10	5139	303	870	0	0.45656704881242755	0.3805385170225078	0.3333333333333333	0.46494537591934204	9.642848014831543	0.03720126440262338
cov10_n10_g0_s42_hotspots_p80_chr1	10	10	5140	766	1357	0	0.3682347491758779	0.25395810828354565	0.17647058823529413	0.2977491617202759	15.294961929321289	0.03637155073980705
cov10_n10_g0_s42_hotspots_p80_chr1	10	10	5141	755	1400	0	0.3621558047902193	0.22642987338498066	0.17647058823529413	0.25181078910827637	20.684362411499023	0.03499705984137827
cov10_n10_g0_s42_hotspots_p80_chr1	10	10	5142	813	1644	0	0.4033095580356139	0.27930188548918894	0.25	0.2844173312187195	20.107816696166992	0.03406766036420626
cov10_n10_g0_s42_hotspots_p80_chr1	10	10	5143	1012	2154	0	0.4087618823517192	0.29708164691861405	0.25	0.3162011504173279	16.711442947387695	0.03474892260330641
cov10_n10_g0_s42_hotspots_p80_chr1	10	10	5144	674	1093	0	0.41871647025374475	0.3433362976518696	0.3333333333333333	0.4550169110298157	8.468082427978516	0.03985710667303494
cov10_n10_g0_s42_hotspots_p80_chr1	10	10	5145	875	1735	0	0.43026305816469623	0.3124901421027658	0.25	0.3031226694583893	20.147966384887695	0.03335570930574051
cov10_n10_g0_s42_hotspots_p80_chr1	10	10	5146	572	1647	0	0.407786638664597	0.2718209391766783	0.1111111111111111	0.25963640213012695	24.668052673339844	0.033281185094151566
cov10_n10_g0_s42_hotspots_p80_chr1	10	10	5147	723	2024	0	0.15202025993684048	0.04946914798102992	0.25	0.17602093517780304	7.458891868591309	0.04985779791690358
cov10_n10_g0_s42_hotspots_p80_chr1	10	10	5148	510	1364	0	0.3856860819152745	0.2734633895659093	0.25	0.30863824486732483	15.615947723388672	0.035761263962556834
cov10_n10_g0_s42_hotspots_p80_chr1	10	10	5149	1149	2234	0	0.5250215934152483	0.4446154520923904	0.3333333333333333	0.44792625308036804	13.738560676574707	0.03224952909466291
cov10_n10_g0_s42_hotspots_p80_chr1	10	10	5150	599	1131	0	0.3961614927013853	0.2811362638601742	0.25	0.3044174313545227	16.935792922973633	0.03502910529798176
cov10_n10_g0_s42_hotspots_p80_chr1	10	10	5151	1068	2293	0	0.32065002290695593	0.16394848937496842	0.1111111111111111	0.20894619822502136	23.550151824951172	0.035474169451634056
cov10_n10_g0_s42_hotspots_p80_chr1	10	10	5152	755	1532	0	0.4395331511579667	0.3392469927303256	0.17647058823529413	0.357246071100235	15.137297630310059	0.034389819418557156
cov10_n10_g0_s42_hotspots_p80_chr1	10	10	5153	957	1823	0	0.4713609792864075	0.35023735215200275	0.25	0.2897188067436218	26.469993591308594	0.03159012160150672
cov10_n10_g0_s42_hotspots_p80_chr1	10	10	5154	563	1457	0	0.3763650220038721	0.2879375385298958	0.25	0.37883129715919495	9.870219230651855	0.03961511979569049
cov10_n10_g0_s42_hotspots_p80_chr1	10	10	5155	328	1152	0	0.2510286194209683	0.09925619783986153	0.1111111111111111	0.1850624978542328	18.39965057373047	0.03829757779164612
cov10_n10_g0_s42_hotspots_p80_chr1	10	10	5156	664	1567	0	0.28830485252979426	0.18709474382630248	0.17647058823529413	0.28945231437683105	9.92087173461914	0.0422651044187358
cov10_n10_g0_s42_hotspots_p80_chr1	10	10	5157	694	1525	0	0.5021282568756705	0.4114300415791848	0.17647058823529413	0.3981400430202484	15.905876159667969	0.03225713916944937
cov10_n10_g0_s42_hotspots_p80_chr1	10	10	5158	1027	1877	0	0.3564083989244219	0.2073212108096604	0.17647058823529413	0.22912733256816864	24.1959171295166	0.03455137876353305
cov10_n10_g0_s42_hotspots_p80_chr1	10	10	5159	833	1723	0	0.44573396901813717	0.33192716941123196	0.25	0.3149445652961731	20.03010368347168	0.032965121565191415
cov10_n10_g0_s42_hotspots_p80_chr1	10	10	5160	698	1552	0	0.46602319413650584	0.375436515660531	0.25	0.3981141448020935	13.70250415802002	0.034160749040771446
cov10_n10_g0_s42_hotspots_p80_chr1	10	10	5161	1225	1976	0	0.3294769675396212	0.18715694661321552	0.17647058823529413	0.23098403215408325	20.34634017944336	0.035873403356036504
cov10_n10_g0_s42_hotspots_p80_chr1	10	10	5162	861	1502	0	0.47067817797757516	0.3430010007412864	0.17647058823529413	0.26953592896461487	30.494028091430664	0.0314018551780988
cov10_n10_g0_s42_hotspots_p80_chr1	10	10	5163	741	1687	0	0.41078372373914807	0.29628592925210545	0.1111111111111111	0.30906417965888977	17.665632247924805	0.03442278602453814
cov10_n10_g0_s42_hotspots_p80_chr1	10	10	5164	757	1528	0	0.4957868237550494	0.38337286860633035	0.17647058823529413	0.30952316522598267	25.656869888305664	0.031038541194661647
cov10_n10_g0_s42_hotspots_p80_chr1	10	10	5165	642	1519	0	0.3334759280525184	0.21142594999599984	0.17647058823529413	0.2672130763530731	15.574477195739746	0.037209708331559635
cov10_n10_g0_s42_hotspots_p80_chr1	10	10	5166	842	1871	0	0.41750646934772695	0.3128833600040765	0.25	0.33868616819381714	15.196075439453125	0.03501235966562834
cov10_n10_g0_s42_hotspots_p80_chr1	10	10	5167	1080	1644	0	0.271306653850065	0.1369389151709757	0.1111111111111111	0.21679162979125977	15.661589622497559	0.03880917184371538
cov10_n10_g0_s42_hotspots_p80_chr1	10	10	5168	673	1200	0	0.417594156641553	0.2788455872903653	0.17647058823529413	0.25441959500312805	26.94062042236328	0.0328319101058499
cov10_n10_g0_s42_hotspots_p80_chr1	10	10	5169	416	814	0	0.32760272235080234	0.22565867117640864	0.17647058823529413	0.3109056055545807	11.102936744689941	0.03998204868606463
cov10_n10_g0_s42_hotspots_p80_chr1	10	10	5170	794	1534	0	0.4264104844383559	0.3046626232285667	0.17647058823529413	0.29260018467903137	21.23765754699707	0.033272762874371815
cov10_n10_g0_s42_hotspots_p80_chr1	10	10	5171	386	927	0	0.300619811549725	0.14092202638536022	0.1111111111111111	0.1985265016555786	22.92969512939453	0.0360392616687668
cov10_n10_g0_s42_hotspots_p80_chr1	10	10	5172	782	1327	0	0.29742680440751845	0.12278345379666614	0.1111111111111111	0.1826872080564499	26.505979537963867	0.03556506262486634
cov10_n10_g0_s42_hotspots_p80_chr1	10	10	5173	806	1394	0	0.4858466203758655	0.39447288382462514	0.3333333333333333	0.3959371745586395	15.057257652282715	0.033020017806691594
cov10_n10_g0_s42_hotspots_p80_chr1	10	10	5174	1105	1895	0	0.4190825812377317	0.3031901942922366	0.1111111111111111	0.3068211078643799	18.656442642211914	0.03395522239852671
cov10_n10_g0_s42_hotspots_p80_chr1	10	10	5175	573	1246	0	0.42894269465082213	0.3042839193128235	0.25	0.28554853796958923	22.565174102783203	0.033016353884728324
cov10_n10_g0_s42_hotspots_p80_chr1	10	10	5176	1027	1500	0	0.34971518806017	0.23312498367418033	0.17647058823529413	0.2853880524635315	15.016108512878418	0.036999584502616326
cov10_n10_g0_s42_hotspots_p80_chr1	10	10	5177	1014	1324	0	0.25793758367021336	0.13445172690506266	0.17647058823529413	0.22562728822231293	13.069108009338379	0.04052635779083751
cov10_n10_g0_s42_hotspots_p80_chr1	10	10	5178	604	1123	0	0.5145684937102853	0.4320951862782672	0.25	0.4377247393131256	13.819241523742676	0.03256108213857754
cov10_n10_g0_s42_hotspots_p80_chr1	10	10	5179	483	1176	0	0.49284777702115873	0.39643583358251705	0.17647058823529413	0.3739956319332123	17.365711212158203	0.03216862172114316
cov10_n10_g0_s42_hotspots_p80_chr1	10	10	5180	685	1425	0	0.23941539000598175	0.02271667177806806	0.1111111111111111	0.13424836099147797	31.8043155670166	0.03615809004787371
cov10_n10_g0_s42_hotspots_p80_chr1	10	10	5181	1059	1891	0	0.4379211037064067	0.353729790302699	0.25	0.41996487975120544	10.873411178588867	0.036738004042943986
cov10_n10_g0_s42_hotspots_p80_chr1	10	10	5182	389	1249	0	0.522906237881061	0.47682116710469663	0.3333333333333333	0.707598090171814	5.4610276222229	0.04207078760665471
cov10_n10_g0_s42_hotspots_p80_chr1	10	10	5183	1116	2271	0	0.4765848017631054	0.3754569105178058	0.17647058823529413	0.3566070795059204	17.860780715942383	0.03253213431416783
cov10_n10_g0_s42_hotspots_p80_chr1	10	10	5184	941	2146	0	0.30409782542887825	0.1645039690419212	0.1111111111111111	0.22503483295440674	18.261106491088867	0.03703954440480213
cov10_n10_g0_s42_hotspots_p80_chr1	10	10	5185	454	1008	0	0.576070693264498	0.5138282305696502	0.25	0.562255322933197	10.497465133666992	0.03217336477698346
cov10_n10_g0_s42_hotspots_p80_chr1	10	10	5186	495	995	0	0.3046415438600506	0.1840027620213503	0.1111111111111111	0.2565632164478302	14.099038124084473	0.038667521527691
cov10_n10_g0_s42_hotspots_p80_chr1	10	10	5187	1634	2168	0	0.44217998988443236	0.31477969198959677	0.25	0.2783912420272827	25.228246688842773	0.03239596134537545
cov10_n10_g0_s42_hotspots_p80_chr1	10	10	5188	1191	2456	0	0.30564743635477637	0.1070395268541619	0.05263157894736842	0.1664908230304718	33.70240783691406	0.03470830347342848
cov10_n10_g0_s42_hotspots_p80_chr1	10	10	5189	845	2172	0	0.4626084105489659	0.3464820272906514	0.25	0.3071116507053375	22.689998626708984	0.03214225258131119
cov10_n10_g0_s42_hotspots_p80_chr1	10	10	5190	677	1655	0	0.3240081122573923	0.2215234616245058	0.17647058823529413	0.3075091540813446	11.10185718536377	0.0400894587235524
cov10_n10_g0_s42_hotspots_p80_chr1	10	10	5191	999	1855	0	0.5664891234344476	0.49195866685329853	0.3333333333333333	0.4738999605178833	14.289262771606445	0.030659955356378596
cov10_n10_g0_s42_hotspots_p80_chr1	10	10	5192	627	1471	0	0.06583263277878044	-0.04126007620388193	0.1111111111111111	0.08007925748825073	6.7583746910095215	0.05384569586615269
cov10_n10_g0_s42_hotspots_p80_chr1	10	10	5193	940	1636	0	0.3138882457705521	0.2111184775732833	0.17647058823529413	0.3011036217212677	10.86721134185791	0.04058928583956674
cov10_n10_g0_s42_hotspots_p80_chr1	10	10	5194	501	935	0	0.24400797017768117	0.11079098170548365	0.1111111111111111	0.20308560132980347	14.4360933303833	0.040102009895333406
cov10_n10_g0_s42_hotspots_p80_chr1	10	10	5195	45	139	1	0.2972316892150572	0.17404783831385484	0.1111111111111111	0.2481067180633545	14.35202407836914	0.03873874685739998
cov10_n10_g0_s42_hotspots_p80_chr1	10	10	5202	106	363	1	0.1825759199263051	0.12434167110582464	0.1111111111111111	0.33332982659339905	3.000120162963867	0.06769915420982106
cov10_n10_g0_s42_hotspots_p80_chr1	10	10	5203	714	2352	0	0.3320814866780098	0.17020785192158053	0.1111111111111111	0.2063698172569275	25.89387321472168	0.034882877780173537
cov10_n10_g0_s42_hotspots_p80_chr1	10	10	5204	898	2125	0	0.35121252688603355	0.25174350747472335	0.25	0.3300010561943054	11.326852798461914	0.039096923599653374
cov10_n10_g0_s42_hotspots_p80_chr1	10	10	5205	706	1882	0	0.3502504521856317	0.2161874088801756	0.1111111111111111	0.25116580724716187	19.446273803710938	0.035565181663749265
cov10_n10_g0_s42_hotspots_p80_chr1	10	10	5206	391	733	0	0.3752902441832865	0.291071999571874	0.17647058823529413	0.3946545124053955	9.042747497558594	0.040567067998801595
cov10_n10_g0_s42_hotspots_p80_chr1	10	10	5207	647	1205	0	0.4053968663852739	0.3226197581115218	0.1111111111111111	0.41462257504463196	9.559932708740234	0.03899979457534009
cov10_n10_g0_s42_hotspots_p80_chr1	10	10	5208	646	1207	0	0.45864047136660213	0.3191143172054069	0.05263157894736842	0.24132207036018372	36.120243072509766	0.03150811282267338
cov10_n10_g0_s42_hotspots_p80_chr1	10	10	5209	856	2060	0	0.2592676196413655	0.16512419352507282	0.17647058823529413	0.2870693802833557	8.156854629516602	0.0454398474808369
cov10_n10_g0_s42_hotspots_p80_chr1	10	10	5210	242	820	0	0.26264984392323043	0.15194811163250352	0.17647058823529413	0.25146085023880005	10.909716606140137	0.0420370723864741
cov10_n10_g0_s42_hotspots_p80_chr1	10	10	5211	680	1941	0	0.4180935811475729	0.313151681797193	0.25	0.33783769607543945	15.315486907958984	0.03495100996726515
cov10_n10_g0_s42_hotspots_p80_chr1	10	10	5212	622	1711	0	0.32787154106187893	0.23195689592762284	0.25	0.3281817138195038	9.98110294342041	0.04101112275213727
cov10_n10_g0_s42_hotspots_p80_chr1	10	10	5213	747	1803	0	0.26219837780181193	0.08030299396011262	0.1111111111111111	0.16362906992435455	25.67668914794922	0.036438306860512325
cov10_n10_g0_s42_hotspots_p80_chr1	10	10	5214	695	1839	0	0.34634603532502983	0.182856712955939	0.1111111111111111	0.20809142291545868	27.702054977416992	0.034365701555135804
cov10_n10_g0_s42_hotspots_p80_chr1	10	10	5215	168	445	1	0.33621409739687347	0.2378420416976232	0.17647058823529413	0.32555046677589417	10.665843963623047	0.04010098832129672
cov10_n10_g0_s42_hotspots_p80_chr1	10	10	5216	584	1439	0	0.37053762139633944	0.2709937561693249	0.17647058823529413	0.33860886096954346	11.97479248046875	0.03804388579833192
cov10_n10_g0_s42_hotspots_p80_chr1	10	10	5217	1114	2148	0	0.43893419664375705	0.3256093683012452	0.17647058823529413	0.3160554766654968	19.287334442138672	0.033285958853972196
cov10_n10_g0_s42_hotspots_p80_chr1	10	10	5218	534	1364	0	0.35464513714065315	0.24512972003123967	0.25	0.3041912317276001	13.59235668182373	0.03753873363947824
cov10_n10_g0_s42_hotspots_p80_chr1	10	10	5219	924	1876	0	0.4365750595503078	0.3577086673188431	0.17647058823529413	0.4443913400173187	9.651320457458496	0.037870585090953396
cov10_n10_g0_s42_hotspots_p80_chr1	10	10	5220	451	1705	0	0.43525588442406665	0.3414124418211142	0.25	0.3796622157096863	13.142999649047852	0.035382496285985485
cov10_n10_g0_s42_hotspots_p80_chr1	10	10	5221	541	1834	0	0.4047070583508216	0.31372956598519125	0.25	0.38124436140060425	11.268722534179688	0.037498721382101204
cov10_n10_g0_s42_hotspots_p80_chr1	10	10	5222	486	1205	0	0.4562453019027947	0.3544404859756799	0.25	0.35394084453582764	16.616342544555664	0.03342782238508159
cov10_n10_g0_s42_hotspots_p80_chr1	10	10	5223	447	950	0	0.4262937161952751	0.30956360710567665	0.17647058823529413	0.3055277168750763	19.467790603637695	0.03358968555031816
cov10_n10_g0_s42_hotspots_p80_chr1	10	10	5224	695	1505	0	0.3832693705660759	0.2690761077270705	0.25	0.30291104316711426	16.009510040283203	0.03568624840844341
cov10_n10_g0_s42_hotspots_p80_chr1	10	10	5225	641	2144	0	0.5510621524182907	0.5006808737504871	0.3333333333333333	0.6684023141860962	6.797124862670898	0.0376564351273417
cov10_n10_g0_s42_hotspots_p80_chr1	10	10	5226	220	1424	0	0.49117844279381084	0.44371419452816085	0.17647058823529413	0.6844482421875	5.149882793426514	0.04434094280864313
cov10_n10_g0_s42_hotspots_p80_chr1	10	10	5227	106	252	1	0.29979632716670435	0.19379180500657142	0.17647058823529413	0.2849069833755493	11.072518348693848	0.04082466994776371
cov10_n10_g0_s42_hotspots_p80_chr1	10	10	5228	625	1776	0	0.34116169316763145	0.20563367050146109	0.1111111111111111	0.2456655502319336	19.28554916381836	0.03583280353210016
cov10_n10_g0_s42_hotspots_p80_chr1	10	10	5229	99	396	1	0.3284084722040746	0.22473339603409334	0.17647058823529413	0.30673396587371826	11.463175773620605	0.03966879502777592
cov10_n10_g0_s42_hotspots_p80_chr1	10	10	5230	115	386	1	0.52026365543029	0.4314749189125149	0.25	0.404340922832489	16.55585479736328	0.03153042407079015
cov10_n10_g0_s42_hotspots_p80_chr1	10	10	5231	311	633	0	0.3474708069835872	0.20635291305204556	0.17647058823529413	0.23867671191692352	21.194181442260742	0.03525752098897429
cov10_n10_g0_s42_hotspots_p80_chr1	10	10	5232	398	1165	0	0.5441758908686739	0.46056840376246944	0.3333333333333333	0.4251759946346283	16.38102912902832	0.030824307721583656
cov10_n10_g0_s42_hotspots_p80_chr1	10	10	5233	390	1183	0	0.46374756189363736	0.35723087478824656	0.17647058823529413	0.33786413073539734	18.839921951293945	0.03269287921768583
cov10_n10_g0_s42_hotspots_p80_chr1	10	10	5234	344	865	0	0.4903053660409144	0.387013066408524	0.25	0.3466395139694214	20.00678062438965	0.031751999220926655
cov10_n10_g0_s42_hotspots_p80_chr1	10	10	5235	643	1338	0	0.4440696741362455	0.33562625434816906	0.17647058823529413	0.3310585021972656	17.992551803588867	0.033422832288395585
cov10_n10_g0_s42_hotspots_p80_chr1	10	10	5236	818	1799	0	0.4116953860465513	0.32183023038541353	0.3333333333333333	0.3879847228527069	11.259594917297363	0.03728541906599884
cov10_n10_g0_s42_hotspots_p80_chr1	10	10	5237	645	1497	0	0.4647685233329719	0.3747839557827386	0.25	0.4005109667778015	13.46618938446045	0.03430704490487669
cov10_n10_g0_s42_hotspots_p80_chr1	10	10	5238	329	1005	0	0.5756591454586012	0.5131083155056717	0.3333333333333333	0.5598491430282593	10.572771072387695	0.03213502056793719
cov10_n10_g0_s42_hotspots_p80_chr1	10	10	5239	322	849	0	0.4842428885678402	0.4053323536493546	0.3333333333333333	0.455482542514801	11.302722930908203	0.03488870672318923
cov10_n10_g0_s42_hotspots_p80_chr1	10	10	5240	613	1611	0	0.42066095659090513	0.2981813284507775	0.25	0.29032695293426514	20.993732452392578	0.03346040020730462
cov10_n10_g0_s42_hotspots_p80_chr1	10	10	5241	338	1043	0	0.43611302585849565	0.3167667932043485	0.17647058823529413	0.29926228523254395	21.237049102783203	0.03302178543141468
cov10_n10_g0_s42_hotspots_p80_chr1	10	10	5242	489	1837	0	0.4478795557795167	0.356798891581358	0.17647058823529413	0.3931853175163269	12.975614547729492	0.03507680483227614
cov10_n10_g0_s42_hotspots_p80_chr1	10	10	5243	680	2385	0	0.5125120647624962	0.4260710206939285	0.25	0.41746219992637634	15.072105407714844	0.032182156310101906
cov10_n10_g0_s42_hotspots_p80_chr1	10	10	5244	782	1446	0	0.37249438094510195	0.26179574992082744	0.25	0.3081585466861725	14.61137580871582	0.03653904092225695
cov10_n10_g0_s42_hotspots_p80_chr1	10	10	5245	31	62	1	0.19999998547394862	0.08571428571428563	0.1111111111111111	0.20000000298023224	9.999999046325684	0.044721359883195894
cov10_n10_g0_s42_hotspots_p80_chr1	10	10	5246	170	562	1	0.36520002302296317	0.32329732844910014	0.17647058823529413	0.6662663221359253	3.0044569969177246	0.06119493229621195
cov10_n10_g0_s42_hotspots_p80_chr1	10	10	5247	131	818	1	0.2934039427968648	0.19676154888436795	0.25	0.3047652840614319	9.268318176269531	0.04285752195621063
cov10_n10_g0_s42_hotspots_p80_chr1	10	10	5248	373	1175	0	0.4138655077004406	0.3742006051885778	0.3333333333333333	0.7291057705879211	3.222087860107422	0.057503979585486587
cov10_n10_g0_s42_hotspots_p80_chr1	10	10	5249	749	1571	0	0.4811285935730325	0.3714836621104114	0.17647058823529413	0.3250611126422882	21.90747833251953	0.03174789210373967
cov10_n10_g0_s42_hotspots_p80_chr1	10	10	5250	816	2134	0	0.6200617702754292	0.5480183158883742	0.3333333333333333	0.4480300843715668	19.153827667236328	0.02797384307017727
cov10_n10_g0_s42_hotspots_p80_chr1	10	10	5251	697	1800	0	0.5365722710869854	0.4574521698920208	0.42857142857142855	0.4534575939178467	14.001778602600098	0.031766332928788665
cov10_n10_g0_s42_hotspots_p80_chr1	10	10	5252	625	1281	0	0.3060698779461001	0.2276427800318144	0.17647058823529413	0.3742615878582001	6.6879119873046875	0.04672675320256397
cov10_n10_g0_s42_hotspots_p80_chr1	10	10	5253	968	1625	0	0.430317551041518	0.3430862073805309	0.25	0.4046114385128021	11.311022758483887	0.03665498979194547
cov10_n10_g0_s42_hotspots_p80_chr1	10	10	5254	820	1696	0	0.4503129371585684	0.3368801510181945	0.25	0.3160786032676697	20.297319412231445	0.03279707863357118
cov10_n10_g0_s42_hotspots_p80_chr1	10	10	5255	828	1593	0	0.3938729812190769	0.28797863892616293	0.25	0.3284330368041992	14.38198184967041	0.03602860640244949
cov10_n10_g0_s42_hotspots_p80_chr1	10	10	5256	106	383	1	0.23571903367377306	0.10276135801963816	0.1111111111111111	0.19844001531600952	14.110123634338379	0.0404943050649163
cov10_n10_g0_s42_hotspots_p80_chr1	10	10	5257	570	844	0	0.519771398257597	0.4224636072404305	0.25	0.3630656898021698	20.495302200317383	0.030858250921103284
cov10_n10_g0_s42_hotspots_p80_chr1	10	10	5258	993	1686	0	0.5349674207148895	0.4518566777763722	0.25	0.4309014081954956	15.41341781616211	0.0313644434023043
cov10_n10_g0_s42_hotspots_p80_chr1	10	10	5259	776	1170	0	0.4784710294436204	0.3702327305513803	0.25	0.3305453360080719	20.953149795532227	0.031940660166626215
cov10_n10_g0_s42_hotspots_p80_chr1	10	10	5260	1041	1923	0	0.5667826382318976	0.4838276918134938	0.3333333333333333	0.41711845993995667	18.46350860595703	0.0297357519309255
cov10_n10_g0_s42_hotspots_p80_chr1	10	10	5261	217	501	0	0.23639667253491187	0.1480288111118942	0.17647058823529413	0.28396105766296387	6.930508613586426	0.048411949102678924
cov10_n10_g0_s42_hotspots_p80_chr1	10	10	5262	997	2139	0	0.3111142807977702	0.18954567426888774	0.17647058823529413	0.25800418853759766	14.540733337402344	0.03827066153325137
cov10_n10_g0_s42_hotspots_p80_chr1	10	10	5263	789	1957	0	0.3919483198581572	0.2927005615751496	0.17647058823529413	0.34796392917633057	12.687882423400879	0.0369497233951717
cov10_n10_g0_s42_hotspots_p80_chr1	10	10	5264	340	788	0	0.5210521325318841	0.4303288626384808	0.17647058823529413	0.39449000358581543	17.445777893066406	0.03130943516678827
cov10_n10_g0_s42_hotspots_p80_chr1	10	10	5265	200	875	0	0.44663748537711834	0.3614260542700277	0.25	0.41777724027633667	11.429330825805664	0.03604489300863055
cov10_n10_g0_s42_hotspots_p80_chr1	10	10	5266	820	1591	0	0.14582910929495382	0.03465837819224922	0.1111111111111111	0.15826533734798431	8.490180015563965	0.048235109323607576
cov10_n10_g0_s42_hotspots_p80_chr1	10	10	5267	445	1167	0	0.3015732908667434	0.18246554593236808	0.25	0.25791341066360474	13.672185897827148	0.038980526759904745
cov10_n10_g0_s42_hotspots_p80_chr1	10	10	5268	235	659	0	0.5128482023064861	0.4178436169396871	0.25	0.376305490732193	18.57361602783203	0.03134060895344415
cov10_n10_g0_s42_hotspots_p80_chr1	10	10	5269	991	1676	0	0.41440107443321644	0.317437939302364	0.17647058823529413	0.36289548873901367	13.04002857208252	0.03607420272696876
cov10_n10_g0_s42_hotspots_p80_chr1	10	10	5270	1113	2302	0	0.6406974161862803	0.5731358668222232	0.3333333333333333	0.4602952301502228	19.37461280822754	0.027284356700567138
cov10_n10_g0_s42_hotspots_p80_chr1	10	10	5271	825	1598	0	0.36416966150445435	0.26581538096137397	0.25	0.3394507169723511	11.50943660736084	0.038567325434040116
cov10_n10_g0_s42_hotspots_p80_chr1	10	10	5272	1217	2193	0	0.5924086782795998	0.5119911763510537	0.3333333333333333	0.40907004475593567	20.972368240356445	0.028694027304458518
cov10_n10_g0_s42_hotspots_p80_chr1	10	10	5273	75	204	1	0.22937414500642972	0.1785533355587064	0.1111111111111111	0.4396221339702606	2.722261905670166	0.06886737312054404
cov10_n10_g0_s42_hotspots_p80_chr1	10	10	5274	141	288	1	0.38819731301798976	0.17453361969377973	0.1111111111111111	0.14627136290073395	70.43465423583984	0.0325851353634481
cov10_n10_g0_s42_hotspots_p80_chr1	10	10	5275	553	1178	0	0.38308953992337424	0.2995820082498586	0.25	0.40143120288848877	9.107062339782715	0.04023658805218922
cov10_n10_g0_s42_hotspots_p80_chr1	10	10	5276	574	1319	0	0.507716946732072	0.40951659446623795	0.25	0.3633769154548645	19.52219581604004	0.0313345580097188
cov10_n10_g0_s42_hotspots_p80_chr1	10	10	5277	965	1462	0	0.20962160769932658	0.01746864848716427	0.05263157894736842	0.13367179036140442	24.591930389404297	0.037737479425359
cov10_n10_g0_s42_hotspots_p80_chr1	10	10	5278	1150	1685	0	0.3951572100531975	0.26303177500834585	0.17647058823529413	0.26577794551849365	22.105581283569336	0.03392673245833221
cov10_n10_g0_s42_hotspots_p80_chr1	10	10	5279	395	1103	0	0.226086388905829	0.1368251184138359	0.25	0.2724436819553375	6.886449337005615	0.048826730436252914
cov10_n10_g0_s42_hotspots_p80_chr1	10	10	5280	992	1919	0	0.46966801224048965	0.35296197134328633	0.17647058823529413	0.304045706987381	23.861854553222656	0.03183919610313972
cov10_n10_g0_s42_hotspots_p80_chr1	10	10	5281	678	1405	0	0.3389270551021262	0.18776364186619077	0.1111111111111111	0.22159691154956818	23.39295196533203	0.03507644047054732
cov10_n10_g0_s42_hotspots_p80_chr1	10	10	5282	1189	2316	0	0.561426277414788	0.4971902610430951	0.3333333333333333	0.5491712093353271	10.451292037963867	0.03275814975376501
cov10_n10_g0_s42_hotspots_p80_chr1	10	10	5283	1150	2096	0	0.5977161749573753	0.5228238865677151	0.3333333333333333	0.4509390890598297	17.569290161132812	0.028881151193349525
cov10_n10_g0_s42_hotspots_p80_chr1	10	10	5284	776	1544	0	0.18262528459225957	0.07362060057243903	0.17647058823529413	0.19397400319576263	8.86410140991211	0.04663954520176661
cov10_n10_g0_s42_hotspots_p80_chr1	10	10	5285	690	1480	0	0.4303868257756037	0.3219561208656202	0.17647058823529413	0.3295411765575409	17.05683708190918	0.03404395748563608
cov10_n10_g0_s42_hotspots_p80_chr1	10	10	5286	623	1925	0	0.23382210341262188	0.12224888092747357	0.1111111111111111	0.2299308478832245	10.341337203979492	0.043404078286955645
cov10_n10_g0_s42_hotspots_p80_chr1	10	10	5287	654	1618	0	0.5500131212096138	0.4845141325457392	0.3333333333333333	0.5410051941871643	10.335780143737793	0.03326977714889641
cov10_n10_g0_s42_hotspots_p80_chr1	10	10	5288	797	1930	0	0.4643557471185827	0.3761188460268208	0.25	0.4079834520816803	12.954379081726074	0.03456828154409775
cov10_n10_g0_s42_hotspots_p80_chr1	10	10	5289	1075	2265	0	0.5061503420007955	0.40359694729085194	0.25	0.3450516164302826	21.517454147338867	0.031117432973343764
cov10_n10_g0_s42_hotspots_p80_chr1	10	10	5290	702	2086	0	0.4284749673268646	0.32246190986271855	0.17647058823529413	0.3366163969039917	16.20244026184082	0.03435036813642732
cov10_n10_g0_s42_hotspots_p80_chr1	10	10	5291	1276	2448	0	0.358653883583719	0.25683805252366954	0.17647058823529413	0.32665759325027466	12.054952621459961	0.038344156364348646
cov10_n10_g0_s42_hotspots_p80_chr1	10	10	5292	951	2478	0	0.3303322338479431	0.2150048729879159	0.17647058823529413	0.27980902791023254	13.937296867370605	0.03804407416058993
cov10_n10_g0_s42_hotspots_p80_chr1	10	10	5293	907	2026	0	0.3125995511367084	0.20473317580475262	0.17647058823529413	0.28779444098472595	11.798095703125	0.03987489086202224
cov10_n10_g0_s42_hotspots_p80_chr1	10	10	5294	704	1465	0	0.32941614336017916	0.1559137166866471	0.1111111111111111	0.1933056265115738	29.0402774810791	0.034600181997953505
cov10_n10_g0_s42_hotspots_p80_chr1	10	10	5295	643	1423	0	0.309505813761844	0.23667682769633389	0.17647058823529413	0.4008077085018158	5.963008403778076	0.04841733048782143
cov10_n10_g0_s42_hotspots_p80_chr1	10	10	5296	682	1720	0	0.3782043298023904	0.2573391290793276	0.25	0.28568604588508606	17.52568244934082	0.03534153114544559
cov10_n10_g0_s42_hotspots_p80_chr1	10	10	5297	575	1633	0	0.4275246078132346	0.3042858859156593	0.17647058823529413	0.2889682650566101	21.88880157470703	0.03314585438200982
cov10_n10_g0_s42_hotspots_p80_chr1	10	10	5298	842	1236	0	0.3847348333018232	0.26751749406770836	0.25	0.2959701418876648	16.897682189941406	0.0353528083578762
cov10_n10_g0_s42_hotspots_p80_chr1	10	10	5299	764	1554	0	0.2960021808043583	0.1451891303503317	0.1111111111111111	0.2068803608417511	20.471574783325195	0.03665244632882689
cov10_n10_g0_s42_hotspots_p80_chr1	10	10	5300	822	1601	0	0.3027769157069401	0.08224390683041773	0.0	0.15265166759490967	39.340728759765625	0.034439914040604355
cov10_n10_g0_s42_hotspots_p80_chr1	10	10	5301	799	1908	0	0.5091698213531732	0.4011914086830436	0.17647058823529413	0.3199441432952881	25.326602935791016	0.030719566701771724
cov10_n10_g0_s42_hotspots_p80_chr1	10	10	5302	1017	1851	0	0.6673690626796166	0.6095365719738812	0.3333333333333333	0.5395939946174622	15.296707153320312	0.02679896133146535
cov10_n10_g0_s42_hotspots_p80_chr1	10	10	5303	655	1501	0	0.46408145555167585	0.37218411449367617	0.25	0.3924153745174408	13.986090660095215	0.034098482580574276
cov10_n10_g0_s42_hotspots_p80_chr1	10	10	5304	344	828	0	0.16067010082278965	0.030148038321053228	0.05263157894736842	0.14921893179416656	11.593707084655762	0.044216782022168694
cov10_n10_g0_s42_hotspots_p80_chr1	10	10	5305	109	341	1	0.29286876178872134	0.19559455461454098	0.17647058823529413	0.3026878833770752	9.361727714538574	0.04276100855519464
cov10_n10_g0_s42_hotspots_p80_chr1	10	10	5306	271	794	0	0.2911493674937739	0.11977338261832146	0.05263157894736842	0.18341828882694244	25.19685935974121	0.035882416366441766
cov10_n10_g0_s42_hotspots_p80_chr1	10	10	5307	671	1875	0	0.2583790275844512	0.12193677591187352	0.1111111111111111	0.2070009708404541	15.580081939697266	0.039176576068961265
cov10_n10_g0_s42_hotspots_p80_chr1	10	10	5308	197	293	1	0.12281055994418258	-0.03309340043701894	0.1111111111111111	0.10179302841424942	14.555771827697754	0.04306138803586556
cov10_n10_g0_s42_hotspots_p80_chr1	10	10	5310	459	943	0	0.15026249785409948	0.0198077220613132	0.1111111111111111	0.14112111926078796	11.337498664855957	0.04471837626075534
cov10_n10_g0_s42_hotspots_p80_chr1	10	10	5311	665	1687	0	0.36551081482395487	0.2758714337778955	0.25	0.36907804012298584	9.807629585266113	0.04002277956508241
cov10_n10_g0_s42_hotspots_p80_chr1	10	10	5312	452	1330	0	0.03514531450093255	-0.038692888656877165	0.17647058823529413	0.06221728399395943	3.190897226333618	0.0707944226103057
cov10_n10_g0_s42_hotspots_p80_chr1	10	10	5313	540	1586	0	0.21166904216682034	0.1207268430136308	0.17647058823529413	0.25512880086898804	6.883285045623779	0.04927648005287644
cov10_n10_g0_s42_hotspots_p80_chr1	10	10	5314	600	1504	0	0.4800014150404093	0.38576786780169375	0.25	0.38375067710876465	15.645403861999512	0.03300878741763519
cov10_n10_g0_s42_hotspots_p80_chr1	10	10	5315	580	1709	0	0.39661901634446706	0.3026112927509186	0.3333333333333333	0.36723893880844116	11.664055824279785	0.03746426309566243
cov10_n10_g0_s42_hotspots_p80_chr1	10	10	5316	526	1582	0	0.24811798997729495	0.12028352997734089	0.1111111111111111	0.21303561329841614	13.564756393432617	0.04048353466364733
cov10_n10_g0_s42_hotspots_p80_chr1	10	10	5317	961	1775	0	0.307990815774764	0.13027828265597133	0.17647058823529413	0.18338336050510406	28.206918716430664	0.035138231047987974
cov10_n10_g0_s42_hotspots_p80_chr1	10	10	5318	762	1497	0	0.22377274300568556	0.10790392057482445	0.1111111111111111	0.21533648669719696	10.798890113830566	0.043234073826168444
cov10_n10_g0_s42_hotspots_p80_chr1	10	10	5319	1089	1979	0	0.3467141907535541	0.22674033643776298	0.25	0.276856392621994	15.683180809020996	0.03680884765803278
cov10_n10_g0_s42_hotspots_p80_chr1	10	10	5320	750	1760	0	0.40082592448805826	0.30802739593736145	0.25	0.37311244010925293	11.540698051452637	0.03742114717038439
cov10_n10_g0_s42_hotspots_p80_chr1	10	10	5321	918	1876	0	0.3530212353043272	0.22075065174128644	0.17647058823529413	0.2552107870578766	19.13390350341797	0.03557054487643325
cov10_n10_g0_s42_hotspots_p80_chr1	10	10	5322	763	1465	0	0.30240832028083026	0.1852140623683216	0.1111111111111111	0.2620929181575775	13.313026428222656	0.039162451259786873
cov10_n10_g0_s42_hotspots_p80_chr1	10	10	5323	631	1644	0	0.4605564312680102	0.3938175580973396	0.3333333333333333	0.5200722217559814	7.842209815979004	0.03929068495204449
cov10_n10_g0_s42_hotspots_p80_chr1	10	10	5324	754	1871	0	0.42455132969692805	0.30362236842243967	0.25	0.29450806975364685	20.780981063842773	0.03339522957926876
cov10_n10_g0_s42_hotspots_p80_chr1	10	10	5325	928	1986	0	0.3932212270349324	0.25660023418465217	0.1111111111111111	0.2567858397960663	23.449399948120117	0.033780142400731454
cov10_n10_g0_s42_hotspots_p80_chr1	10	10	5326	982	1864	0	0.4164683960013562	0.3177878696109424	0.17647058823529413	0.3576141595840454	13.562339782714844	0.03574401218409071
cov10_n10_g0_s42_hotspots_p80_chr1	10	10	5327	476	1496	0	0.18228319930919576	0.08606926645080476	0.1111111111111111	0.21610605716705322	7.114746570587158	0.04966537205055442
cov10_n10_g0_s42_hotspots_p80_chr1	10	10	5328	944	2017	0	0.4565882079065714	0.3621311441532517	0.17647058823529413	0.38121041655540466	14.3456392288208	0.03418068107253721
cov10_n10_g0_s42_hotspots_p80_chr1	10	10	5329	395	1827	0	0.2931935019827683	0.1581311988353687	0.17647058823529413	0.2267344444990158	16.721439361572266	0.03782469003312796
cov10_n10_g0_s42_hotspots_p80_chr1	10	10	5330	536	1753	0	0.3515242783347501	0.24648508080828152	0.17647058823529413	0.3144693970680237	12.495511054992676	0.03826468203554494
cov10_n10_g0_s42_hotspots_p80_chr1	10	10	5331	624	1714	0	0.31757410932427815	0.20398701333460187	0.25	0.27743154764175415	13.103233337402344	0.03886366149990959
cov10_n10_g0_s42_hotspots_p80_chr1	10	10	5332	659	1324	0	0.2669451409977652	0.13894809534084113	0.17647058823529413	0.22380757331848145	14.226381301879883	0.03961224979735339
cov10_n10_g0_s42_hotspots_p80_chr1	10	10	5333	1053	2160	0	0.4094286336033939	0.31044361527425335	0.25	0.3545781373977661	13.33314323425293	0.03607032152441487
cov10_n10_g0_s42_hotspots_p80_chr1	10	10	5334	839	1664	0	0.3558851658813058	0.23765723960573415	0.17647058823529413	0.284140944480896	15.68743896484375	0.036557673404160364
cov10_n10_g0_s42_hotspots_p80_chr1	10	10	5335	529	1016	0	0.3386336242037119	0.22585994726686737	0.25	0.28933778405189514	13.697769165039062	0.037936959602886886
cov10_n10_g0_s42_hotspots_p80_chr1	10	10	5336	918	1567	0	0.34904698562416914	0.21207445834851443	0.17647058823529413	0.24584470689296722	20.157934188842773	0.03543291455115396
cov10_n10_g0_s42_hotspots_p80_chr1	10	10	5337	940	1917	0	0.48892642031208144	0.39489217888838046	0.25	0.38437384366989136	16.180030822753906	0.03258255041465332
cov10_n10_g0_s42_hotspots_p80_chr1	10	10	5338	496	1184	0	0.2415800246717092	0.09795486051373856	0.1111111111111111	0.18890927731990814	16.353679656982422	0.03926933616325656
cov10_n10_g0_s42_hotspots_p80_chr1	10	10	5339	734	1621	0	0.36223984697256306	0.25070325666723653	0.25	0.3022151291370392	14.366802215576172	0.036939459415809554
cov10_n10_g0_s42_hotspots_p80_chr1	10	10	5340	854	2114	0	0.36043108904462695	0.25969165783749953	0.17647058823529413	0.3305867314338684	11.887039184570312	0.038407013986885064
cov10_n10_g0_s42_hotspots_p80_chr1	10	10	5341	1094	2453	0	0.3179491375177202	0.15739513724323895	0.17647058823529413	0.20361456274986267	24.383586883544922	0.03540626309159898
cov10_n10_g0_s42_hotspots_p80_chr1	10	10	5342	652	1877	0	0.17717637746562362	0.06658666665388388	0.1111111111111111	0.18690669536590576	8.985906600952148	0.046624031735861965
cov10_n10_g0_s42_hotspots_p80_chr1	10	10	5343	1223	2626	0	0.49195516341950984	0.41589077610801206	0.25	0.4718889594078064	10.868545532226562	0.03493401630939104
cov10_n10_g0_s42_hotspots_p80_chr1	10	10	5344	564	1557	0	0.541432213136791	0.45295323528221015	0.25	0.39860549569129944	18.450223922729492	0.030512043677087285
cov10_n10_g0_s42_hotspots_p80_chr1	10	10	5345	674	1718	0	0.2255996495309464	0.06467396279823727	0.05263157894736842	0.16317252814769745	19.115371704101562	0.03867806477393206
cov10_n10_g0_s42_hotspots_p80_chr1	10	10	5346	1290	2692	0	0.4552973869352653	0.3383159243275971	0.17647058823529413	0.3053698241710663	22.22993278503418	0.032386422956483606
cov10_n10_g0_s42_hotspots_p80_chr1	10	10	5347	811	1973	0	0.2975217392560812	0.1636661563871397	0.1111111111111111	0.23058870434761047	16.647972106933594	0.037740831735169775
cov10_n10_g0_s42_hotspots_p80_chr1	10	10	5348	849	1825	0	0.3778479614937958	0.2745854947620779	0.17647058823529413	0.3304780125617981	13.072211265563965	0.03714878004864515
cov10_n10_g0_s42_hotspots_p80_chr1	10	10	5349	602	1636	0	0.525641816884384	0.4436125455799617	0.25	0.43882542848587036	14.348163604736328	0.032002000431487716
cov10_n10_g0_s42_hotspots_p80_chr1	10	10	5350	1106	2720	0	0.36549127874749904	0.25958660880896656	0.25	0.31814682483673096	13.197720527648926	0.03744016963823551
cov10_n10_g0_s42_hotspots_p80_chr1	10	10	5351	518	1196	0	0.3924378683583001	0.2916431103099104	0.17647058823529413	0.3432544469833374	13.07101821899414	0.03671754310581264
cov10_n10_g0_s42_hotspots_p80_chr1	10	10	5352	426	1289	0	0.22042264294335004	0.14859292727741744	0.1111111111111111	0.3220369219779968	4.684908390045166	0.05579471092167867
cov10_n10_g0_s42_hotspots_p80_chr1	10	10	5353	1080	2306	0	0.21581632802767928	0.08360618000841395	0.1111111111111111	0.18677835166454315	13.351051330566406	0.04146456305258973
cov10_n10_g0_s42_hotspots_p80_chr1	10	10	5354	1029	2329	0	0.3655902324408232	0.20154742327720224	0.17647058823529413	0.21101124584674835	30.017742156982422	0.03374747815012316
cov10_n10_g0_s42_hotspots_p80_chr1	10	10	5355	974	1718	0	0.26078488645272324	0.13951404327571992	0.17647058823529413	0.2309800088405609	12.747239112854004	0.04065900345762779
cov10_n10_g0_s42_hotspots_p80_chr1	10	10	5356	648	1208	0	0.2861399577090728	0.16691085527957944	0.17647058823529413	0.24936355650424957	13.167125701904297	0.03969792257991528
cov10_n10_g0_s42_hotspots_p80_chr1	10	10	5357	1571	2604	0	0.48246486654960585	0.36975561674802987	0.25	0.31394633650779724	23.61677360534668	0.03153440936779876
cov10_n10_g0_s42_hotspots_p80_chr1	10	10	5358	1336	2592	0	0.40671190918434746	0.2999575622408789	0.25	0.32962489128112793	15.224175453186035	0.035312892466442106
cov10_n10_g0_s42_hotspots_p80_chr1	10	10	5359	1725	2798	0	0.36994818550726893	0.25702506860843155	0.25	0.3016546368598938	15.040478706359863	0.036427378129694786
cov10_n10_g0_s42_hotspots_p80_chr1	10	10	5360	737	1869	0	0.43479435346717354	0.34422845647603656	0.25	0.3922611176967621	12.2861909866333	0.03587129078499855
cov10_n10_g0_s42_hotspots_p80_chr1	10	10	5361	1597	3000	0	0.48336030099596056	0.39298364420014137	0.25	0.40028271079063416	14.581705093383789	0.03326457210066394
cov10_n10_g0_s42_hotspots_p80_chr1	10	10	5362	849	1581	0	0.17944662349146712	0.07143511575849859	0.17647058823529413	0.19279250502586365	8.663436889648438	0.04701982676274619
cov10_n10_g0_s42_hotspots_p80_chr1	10	10	5363	741	1414	0	0.27846126017653844	0.16631230671725708	0.17647058823529413	0.25858792662620544	11.596131324768066	0.041005804133628074
cov10_n10_g0_s42_hotspots_p80_chr1	10	10	5364	981	1710	0	0.552797769384606	0.45876506232139935	0.17647058823529413	0.3558542728424072	24.1317195892334	0.029637051079777543
cov10_n10_g0_s42_hotspots_p80_chr1	10	10	5365	809	1933	0	0.21040014287859923	0.09977429101858447	0.17647058823529413	0.21401435136795044	9.6650972366333	0.044813809088790416
cov10_n10_g0_s42_hotspots_p80_chr1	10	10	5366	1169	2413	0	0.49194019284968604	0.3736563604904123	0.17647058823529413	0.2888733446598053	29.00078010559082	0.030965133678794558
cov10_n10_g0_s42_hotspots_p80_chr1	10	10	5367	977	2233	0	0.3648127498270926	0.24125069996440782	0.17647058823529413	0.2758030593395233	17.49612808227539	0.035706248042367945
cov10_n10_g0_s42_hotspots_p80_chr1	10	10	5368	949	1691	0	0.45857805501408033	0.35414782368759934	0.25	0.34495019912719727	17.67314338684082	0.03308946105439765
cov10_n10_g0_s42_hotspots_p80_chr1	10	10	5369	1050	1603	0	0.3856258787995087	0.25157440889151184	0.25	0.26035091280937195	21.938861846923828	0.03418900286828443
cov10_n10_g0_s42_hotspots_p80_chr1	10	10	5370	680	1652	0	0.37065308308792727	0.20037888266872705	0.1111111111111111	0.20418117940425873	32.95367431640625	0.033449475626122015
cov10_n10_g0_s42_hotspots_p80_chr1	10	10	5371	1674	2918	0	0.43019577624503985	0.33439581734199536	0.17647058823529413	0.3712248206138611	13.429452896118164	0.03539389811245113
cov10_n10_g0_s42_hotspots_p80_chr1	10	10	5372	1155	2335	0	0.47700504419922013	0.39102585690517555	0.25	0.4197250306606293	12.9156494140625	0.034183411887523225
cov10_n10_g0_s42_hotspots_p80_chr1	10	10	5373	1421	2388	0	0.464276084423812	0.3406745423731624	0.17647058823529413	0.2844732403755188	26.63603973388672	0.0317506814572349
cov10_n10_g0_s42_hotspots_p80_chr1	10	10	5374	614	1271	0	0.3853455734307012	0.30405762689474547	0.25	0.4119349718093872	8.750714302062988	0.04060317112761002
cov10_n10_g0_s42_hotspots_p80_chr1	10	10	5375	763	1865	0	0.32610258487978405	0.21500056669149642	0.17647058823529413	0.2872723340988159	12.886080741882324	0.03875381345625134
cov10_n10_g0_s42_hotspots_p80_chr1	10	10	5376	413	886	0	0.38040882922029784	0.25843234153285904	0.17647058823529413	0.28383737802505493	17.96230125427246	0.035161177932087465
cov10_n10_g0_s42_hotspots_p80_chr1	10	10	5377	1115	2031	0	0.20962480193151584	0.06526397653018018	0.17647058823529413	0.16934391856193542	15.323081970214844	0.04052657073353119
cov10_n10_g0_s42_hotspots_p80_chr1	10	10	5378	1248	1863	0	0.48185328259102717	0.35099893872333393	0.17647058823529413	0.24451154470443726	38.83567428588867	0.03099338811283803
cov10_n10_g0_s42_hotspots_p80_chr1	10	10	5380	919	2020	0	0.3812175219933343	0.25325461605386324	0.17647058823529413	0.27135616540908813	19.736324310302734	0.034712526484283246
cov10_n10_g0_s42_hotspots_p80_chr1	10	10	5381	94	268	1	0.33733433767285037	0.21026914237672942	0.17647058823529413	0.25914764404296875	16.944414138793945	0.03660378519690807
cov10_n10_g0_s42_hotspots_p80_chr1	10	10	5382	1022	2859	0	0.26921400738350704	0.06223725375295889	0.05263157894736842	0.15009799599647522	32.16958999633789	0.03554322346415092
cov10_n10_g0_s42_hotspots_p80_chr1	10	10	5383	854	2592	0	0.34819593752073097	0.20286252808636887	0.1111111111111111	0.23246897757053375	22.434551239013672	0.035014337913274816
cov10_n10_g0_s42_hotspots_p80_chr1	10	10	5384	584	2117	0	0.3466600568982972	0.23282396296768537	0.17647058823529413	0.2903900146484375	14.250967025756836	0.03743205164705414
cov10_n10_g0_s42_hotspots_p80_chr1	10	10	5385	1124	2469	0	0.3638606818346056	0.2001272810496739	0.17647058823529413	0.21113315224647522	29.700061798095703	0.03380889874162547
cov10_n10_g0_s42_hotspots_p80_chr1	10	10	5386	923	2084	0	0.38467490575234226	0.24926698556896262	0.17647058823529413	0.2576233744621277	22.295495986938477	0.03415542306388101
cov10_n10_g0_s42_hotspots_p80_chr1	10	10	5387	916	2463	0	0.3397464373764761	0.1793102882055991	0.1111111111111111	0.21010099351406097	26.148916244506836	0.034681101989726536
cov10_n10_g0_s42_hotspots_p80_chr1	10	10	5388	938	1889	0	0.39184866168677684	0.29177100766995334	0.17647058823529413	0.34529533982276917	12.878207206726074	0.0368428251588776
cov10_n10_g0_s42_hotspots_p80_chr1	10	10	5389	1091	2095	0	0.2470859921906949	0.16482883236297888	0.17647058823529413	0.31172215938568115	6.282909870147705	0.0496005910736942
cov10_n10_g0_s42_hotspots_p80_chr1	10	10	5390	1353	2314	0	0.3461931110149743	0.19267365433234196	0.17647058823529413	0.22045673429965973	24.659828186035156	0.03472398918281412
cov10_n10_g0_s42_hotspots_p80_chr1	10	10	5391	1156	2315	0	0.5374536216822583	0.445940483063191	0.25	0.38390621542930603	19.598901748657227	0.030463507596544863
cov10_n10_g0_s42_hotspots_p80_chr1	10	10	5392	1145	2067	0	0.36429700577219654	0.24642346566547	0.17647058823529413	0.2879738509654999	16.00313377380371	0.03620997551595148
cov10_n10_g0_s42_hotspots_p80_chr1	10	10	5393	1064	1774	0	0.368631866958392	0.2600841953015917	0.17647058823529413	0.3123108744621277	13.931936264038086	0.03696541456100117
cov10_n10_g0_s42_hotspots_p80_chr1	10	10	5394	902	1706	0	0.32364334942230594	0.20815623299976366	0.17647058823529413	0.27631354331970215	13.719210624694824	0.03834510810410245
cov10_n10_g0_s42_hotspots_p80_chr1	10	10	5395	1004	1950	0	0.45742601948712236	0.3496909726316945	0.17647058823529413	0.33387675881385803	18.770219802856445	0.03288246652697928
cov10_n10_g0_s42_hotspots_p80_chr1	10	10	5396	870	2157	0	0.28622552662196443	0.1617946249084849	0.1111111111111111	0.24016830325126648	14.20317268371582	0.03911092308799623
cov10_n10_g0_s42_hotspots_p80_chr1	10	10	5397	1335	2133	0	0.400336624820366	0.25018970288352904	0.1111111111111111	0.23374125361442566	29.334583282470703	0.03304186889106813
cov10_n10_g0_s42_hotspots_p80_chr1	10	10	5398	876	1609	0	0.16152848869277778	-0.02500666232107977	0.1111111111111111	0.11118510365486145	21.105958938598633	0.03955106878598129
cov10_n10_g0_s42_hotspots_p80_chr1	10	10	5399	1145	1930	0	0.48190343098745986	0.3846732699884274	0.25	0.37149733304977417	16.82707405090332	0.0326206546714233
cov10_n10_g0_s42_hotspots_p80_chr1	10	10	5400	1194	2109	0	0.4041257527046864	0.2217053068764957	0.17647058823529413	0.18655601143836975	46.926109313964844	0.03240349048554605
cov10_n10_g0_s42_hotspots_p80_chr1	10	10	5401	853	1491	0	0.4371423715292577	0.35072271061930155	0.25	0.41000983119010925	11.367297172546387	0.03639534466708196
cov10_n10_g0_s42_hotspots_p80_chr1	10	10	5402	792	1465	0	0.34602501061411933	0.2055605215693649	0.17647058823529413	0.23926204442977905	20.915456771850586	0.03534811160790814
cov10_n10_g0_s42_hotspots_p80_chr1	10	10	5403	1070	1877	0	0.2563747145199547	0.09933215843635874	0.05263157894736842	0.18234173953533173	19.76870346069336	0.037768482072312176
cov10_n10_g0_s42_hotspots_p80_chr1	10	10	5404	952	1857	0	0.13449828527914579	0.008334977383084198	0.17647058823529413	0.13214722275733948	10.358990669250488	0.04611196493791422
cov10_n10_g0_s42_hotspots_p80_chr1	10	10	5405	995	1814	0	0.36572541186760965	0.24755447691574137	0.17647058823529413	0.2877961993217468	16.1487979888916	0.03611870591202486
cov10_n10_g0_s42_hotspots_p80_chr1	10	10	5406	756	1543	0	0.39632452929711987	0.353638397381845	0.25	0.6826642751693726	3.370447874069214	0.057026708970354036
cov10_n10_g0_s42_hotspots_p80_chr1	10	10	5407	598	1040	0	0.29337910405596174	0.15710964176685563	0.1111111111111111	0.22504206001758575	16.995384216308594	0.037721196566779615
cov10_n10_g0_s42_hotspots_p80_chr1	10	10	5408	911	2025	0	0.28424183846733214	0.12703491360139035	0.1111111111111111	0.19473081827163696	21.306228637695312	0.03674038347031739
cov10_n10_g0_s42_hotspots_p80_chr1	10	10	5409	418	1376	0	0.31448318166732403	0.20227969012834474	0.17647058823529413	0.27888423204421997	12.71589469909668	0.03918942594235166
cov10_n10_g0_s42_hotspots_p80_chr1	10	10	5410	667	1448	0	0.3566434104753589	0.24102617582083338	0.17647058823529413	0.29031169414520264	15.091740608215332	0.03677619347867686
cov10_n10_g0_s42_hotspots_p80_chr1	10	10	5411	733	1312	0	0.3095460993968893	0.17682519954350637	0.1111111111111111	0.2378276288509369	16.940494537353516	0.03732703941222694
cov10_n10_g0_s42_hotspots_p80_chr1	10	10	5412	846	1694	0	0.29366250489931967	0.11416673615099855	0.1111111111111111	0.1772371381521225	27.452856063842773	0.03552792093735245
cov10_n10_g0_s42_hotspots_p80_chr1	10	10	5413	512	1178	0	0.3562334415996432	0.21689211926511254	0.1111111111111111	0.24406027793884277	21.304689407348633	0.035022486994671864
cov10_n10_g0_s42_hotspots_p80_chr1	10	10	5414	876	1947	0	0.4557806169706884	0.3283712347875626	0.25	0.2760555148124695	27.25955581665039	0.031912629905714
cov10_n10_g0_s42_hotspots_p80_chr1	10	10	5415	1048	1899	0	0.3486247610082743	0.19385377824718647	0.17647058823529413	0.21942102909088135	25.244104385375977	0.03459208784638049
cov10_n10_g0_s42_hotspots_p80_chr1	10	10	5416	1064	1587	0	0.29881537416063986	0.14221356113573985	0.17647058823529413	0.20126254856586456	22.043468475341797	0.036247828274358754
cov10_n10_g0_s42_hotspots_p80_chr1	10	10	5417	1200	1908	0	0.3384119735506396	0.21398641357865433	0.17647058823529413	0.26457923650741577	16.359874725341797	0.03677793507386286
cov10_n10_g0_s42_hotspots_p80_chr1	10	10	5418	881	2145	0	0.15058689512477444	0.04777132131777185	0.17647058823529413	0.1742284744977951	7.470267295837402	0.04987713908339284
cov10_n10_g0_s42_hotspots_p80_chr1	10	10	5419	509	1150	0	0.2501061162398841	0.12703678646991928	0.1111111111111111	0.22148044407367706	12.75198745727539	0.040945552620356006
cov10_n10_g0_s42_hotspots_p80_chr1	10	10	5420	1179	2268	0	0.4685629726065069	0.34401590457062203	0.25	0.2801947295665741	27.96508026123047	0.0315673756776355
cov10_n10_g0_s42_hotspots_p80_chr1	10	10	5421	1052	2067	0	0.5265436477609466	0.42574948155067266	0.25	0.34192368388175964	23.71430206298828	0.030369372636805968
cov10_n10_g0_s42_hotspots_p80_chr1	10	10	5422	1628	2797	0	0.4034390050767626	0.2718725487399659	0.25	0.26808881759643555	22.646358489990234	0.03364138946765711
cov10_n10_g0_s42_hotspots_p80_chr1	10	10	5423	893	1918	0	0.17309011356205697	0.03095347625663525	0.05263157894736842	0.14743851125240326	13.782329559326172	0.042289031451766025
cov10_n10_g0_s42_hotspots_p80_chr1	10	10	5424	881	1686	0	0.31583585140227044	0.1465665727810001	0.17647058823529413	0.19371025264263153	26.583829879760742	0.03515586732577217
cov10_n10_g0_s42_hotspots_p80_chr1	10	10	5425	983	1913	0	0.45032951366696883	0.34028249407583455	0.17647058823529413	0.3263952136039734	19.035892486572266	0.03302523634295461
cov10_n10_g0_s42_hotspots_p80_chr1	10	10	5426	820	1597	0	0.3493494931852909	0.2513756971608298	0.1111111111111111	0.33353692293167114	10.970649719238281	0.03944060609395292
cov10_n10_g0_s42_hotspots_p80_chr1	10	10	5427	860	1677	0	0.38373465754143177	0.25771972142313904	0.17647058823529413	0.2759910821914673	19.331783294677734	0.0347365194706526
cov10_n10_g0_s42_hotspots_p80_chr1	10	10	5428	1231	2117	0	0.5374528397281296	0.44145139988376875	0.25	0.3592507839202881	22.38129234313965	0.03017242300326021
cov10_n10_g0_s42_hotspots_p80_chr1	10	10	5429	711	1750	0	0.49993781436154655	0.423957991640157	0.25	0.47317740321159363	11.163077354431152	0.03445024448586722
cov10_n10_g0_s42_hotspots_p80_chr1	10	10	5430	796	1679	0	0.2555981210363951	0.12416135362229272	0.17647058823529413	0.21228429675102234	14.49704647064209	0.03976850304771994
cov10_n10_g0_s42_hotspots_p80_chr1	10	10	5431	1065	2025	0	0.4297876312117879	0.3114231261198218	0.17647058823529413	0.3015214800834656	20.317546844482422	0.03333808628416014
cov10_n10_g0_s42_hotspots_p80_chr1	10	10	5432	613	1931	0	0.450448875050604	0.3583718585944572	0.25	0.38966378569602966	13.363212585449219	0.034802935743626445
cov10_n10_g0_s42_hotspots_p80_chr1	10	10	5433	836	1937	0	0.37692251435519053	0.21981762449441003	0.1111111111111111	0.22155819833278656	28.94200325012207	0.033585752037301624
cov10_n10_g0_s42_hotspots_p80_chr1	10	10	5434	872	1864	0	0.6526947566783858	0.5975807692892948	0.42857142857142855	0.5905721187591553	12.214463233947754	0.02823024287544409
cov10_n10_g0_s42_hotspots_p80_chr1	10	10	5435	844	2377	0	0.45370489319453466	0.3608315043676279	0.17647058823529413	0.38703653216362	13.741783142089844	0.034525979741155934
cov10_n10_g0_s42_hotspots_p80_chr1	10	10	5436	985	2235	0	0.49512137852992066	0.4218303352375611	0.25	0.4881914556026459	10.285917282104492	0.03528137251226292
cov10_n10_g0_s42_hotspots_p80_chr1	10	10	5437	720	1893	0	0.4005455870889004	0.326276031006536	0.17647058823529413	0.45235246419906616	7.8406147956848145	0.04139301562806902
cov10_n10_g0_s42_hotspots_p80_chr1	10	10	5438	724	1711	0	0.45841090103808035	0.34816856031764776	0.17647058823529413	0.3257712423801422	19.800874710083008	0.032662780024005356
cov10_n10_g0_s42_hotspots_p80_chr1	10	10	5439	834	1551	0	0.4668417944068599	0.3425771427319632	0.25	0.2816848158836365	27.467086791992188	0.03163665817485716
cov10_n10_g0_s42_hotspots_p80_chr1	10	10	5440	501	1415	0	0.5195404122930637	0.42634332558140714	0.25	0.3828343451023102	18.41691780090332	0.031171107989252354
cov10_n10_g0_s42_hotspots_p80_chr1	10	10	5441	670	1306	0	0.47148549744722684	0.3665816809276315	0.25	0.3431112766265869	18.882814407348633	0.03246843697912727
cov10_n10_g0_s42_hotspots_p80_chr1	10	10	5442	791	1864	0	0.4618353986139951	0.3524260187712316	0.25	0.3283258080482483	19.786291122436523	0.03257201297942321
cov10_n10_g0_s42_hotspots_p80_chr1	10	10	5443	851	1751	0	0.5075460013796738	0.40297332172163175	0.17647058823529413	0.33578985929489136	22.84628677368164	0.03094608481146281
cov10_n10_g0_s42_hotspots_p80_chr1	10	10	5444	723	2081	0	0.45522088652444853	0.3691025069948502	0.25	0.4156981110572815	11.99190616607666	0.0353994976599996
cov10_n10_g0_s42_hotspots_p80_chr1	10	10	5445	814	1837	0	0.5160258359876967	0.407022682580468	0.17647058823529413	0.3090664744377136	27.876550674438477	0.030425965124215353
cov10_n10_g0_s42_hotspots_p80_chr1	10	10	5446	862	1641	0	0.4845849697378095	0.3930002094041837	0.25	0.3950147032737732	15.04919719696045	0.03306164430521074
cov10_n10_g0_s42_hotspots_p80_chr1	10	10	5447	1112	1763	0	0.37989993544018863	0.24765459902415157	0.1111111111111111	0.26259955763816833	20.929096221923828	0.03450732969587573
cov10_n10_g0_s42_hotspots_p80_chr1	10	10	5448	511	1217	0	0.4737060370316	0.38588234948885203	0.25	0.4109812080860138	13.285377502441406	0.03410910436236015
cov10_n10_g0_s42_hotspots_p80_chr1	10	10	5449	1013	1360	0	0.41749821468706827	0.28646534116254724	0.17647058823529413	0.2704494297504425	23.830711364746094	0.033142262833764535
cov10_n10_g0_s42_hotspots_p80_chr1	10	10	5450	1008	2226	0	0.39005778543067765	0.28934941875239395	0.17647058823529413	0.34268414974212646	12.95596694946289	0.036852354810105535
cov10_n10_g0_s42_hotspots_p80_chr1	10	10	5451	892	1942	0	0.5819523755106871	0.5072952847263288	0.3333333333333333	0.46532386541366577	15.640992164611816	0.029763609061014887
cov10_n10_g0_s42_hotspots_p80_chr1	10	10	5452	929	1810	0	0.458427865135841	0.3900214421711228	0.25	0.5089585781097412	8.112918853759766	0.03896608821473794
cov10_n10_g0_s42_hotspots_p80_chr1	10	10	5453	904	1680	0	0.3541247738580104	0.22572547752006833	0.17647058823529413	0.26270344853401184	18.17109489440918	0.03579311520459878
cov10_n10_g0_s42_hotspots_p80_chr1	10	10	5454	1375	1841	0	0.5225755064856826	0.4235100435345681	0.25	0.3532101511955261	21.889293670654297	0.03062727650787455
cov10_n10_g0_s42_hotspots_p80_chr1	10	10	5455	1062	2096	0	0.3995389078787531	0.2980872107504904	0.25	0.3435746729373932	13.523087501525879	0.036268559896315916
cov10_n10_g0_s42_hotspots_p80_chr1	10	10	5456	971	1736	0	0.5129476135350363	0.4060588848681775	0.17647058823529413	0.3222348690032959	25.339672088623047	0.030622058812275376
cov10_n10_g0_s42_hotspots_p80_chr1	10	10	5457	1187	2016	0	0.5128576137908514	0.41560728000154135	0.25	0.3660084009170532	19.634126663208008	0.031170910564924024
cov10_n10_g0_s42_hotspots_p80_chr1	10	10	5458	960	2495	0	0.33233832576823225	0.21051578505378482	0.1111111111111111	0.26718196272850037	15.472002029418945	0.03728211397227399
cov10_n10_g0_s42_hotspots_p80_chr1	10	10	5459	825	2145	0	0.31149810179387455	0.22261091681592465	0.3333333333333333	0.34011173248291016	8.388176918029785	0.043473135309466567
cov10_n10_g0_s42_hotspots_p80_chr1	10	10	5460	479	1732	0	0.48634729900205204	0.3954555776223275	0.25	0.3980537950992584	14.928271293640137	0.03304849508851916
cov10_n10_g0_s42_hotspots_p80_chr1	10	10	5461	543	1637	0	0.3273572231016972	0.2086180695782883	0.1111111111111111	0.27121907472610474	14.568117141723633	0.03781521519657961
cov10_n10_g0_s42_hotspots_p80_chr1	10	10	5462	759	2430	0	0.6059510382755844	0.5415598807781027	0.3333333333333333	0.533176600933075	12.916142463684082	0.029746254787448495
cov10_n10_g0_s42_hotspots_p80_chr1	10	10	5463	1082	2572	0	0.5400412140605156	0.45440378046246843	0.25	0.41512978076934814	16.923336029052734	0.030835054105699634
cov10_n10_g0_s42_hotspots_p80_chr1	10	10	5464	925	1794	0	0.5225566600162561	0.41828130881881703	0.17647058823529413	0.32720547914505005	25.50502586364746	0.03036586708515309
cov10_n10_g0_s42_hotspots_p80_chr1	10	10	5465	1006	1929	0	0.5081157904221942	0.39668167215176126	0.17647058823529413	0.3049670159816742	27.760011672973633	0.0306246713500852
cov10_n10_g0_s42_hotspots_p80_chr1	10	10	5466	706	1630	0	0.5837649905204574	0.5073617891085797	0.3333333333333333	0.45111918449401855	16.74532127380371	0.029473363800148984
cov10_n10_g0_s42_hotspots_p80_chr1	10	10	5467	747	2659	0	0.42420077105133824	0.3710021215001606	0.25	0.6018092036247253	4.968499183654785	0.047553413655103904
cov10_n10_g0_s42_hotspots_p80_chr1	10	10	5468	992	2893	0	0.40160991013148967	0.3001320030814517	0.25	0.3441464602947235	13.618282318115234	0.03615961338133522
cov10_n10_g0_s42_hotspots_p80_chr1	10	10	5469	862	2073	0	0.5460928263737436	0.48421646317752826	0.42857142857142855	0.5685174465179443	9.226679801940918	0.03440164882720734
cov10_n10_g0_s42_hotspots_p80_chr1	10	10	5470	518	1116	0	0.45785636355479403	0.35631167538080616	0.25	0.35496461391448975	16.63751220703125	0.03337518059679967
cov10_n10_g0_s42_hotspots_p80_chr1	10	10	5471	946	1736	0	0.4499384335694363	0.3589666849221596	0.25	0.3940276503562927	13.03925609588623	0.03497963125694173
cov10_n10_g0_s42_hotspots_p80_chr1	10	10	5472	720	2474	0	0.5097183510392062	0.4262634767033552	0.3333333333333333	0.43292081356048584	13.862565994262695	0.03270178870626617
cov10_n10_g0_s42_hotspots_p80_chr1	10	10	5473	948	1451	0	0.40143205397014053	0.3186645556308241	0.17647058823529413	0.41298115253448486	9.448517799377441	0.03924928150960293
cov10_n10_g0_s42_hotspots_p80_chr1	10	10	5474	818	1453	0	0.5180999855612554	0.4395228880881375	0.25	0.45882001519203186	12.750946998596191	0.03291305613395633
cov10_n10_g0_s42_hotspots_p80_chr1	10	10	5475	1017	1800	0	0.47073420447573416	0.36002206882953014	0.25	0.323253870010376	21.20625877380371	0.032114076862310194
cov10_n10_g0_s42_hotspots_p80_chr1	10	10	5476	889	2261	0	0.558393101554846	0.485760205035363	0.3333333333333333	0.4894363582134247	13.016303062438965	0.0314124688543259
cov10_n10_g0_s42_hotspots_p80_chr1	10	10	5477	368	789	0	0.17050989538008604	0.09705248933163985	0.17647058823529413	0.2592463493347168	4.325873374938965	0.05908869461309588
cov10_n10_g0_s42_hotspots_p80_chr1	10	10	5478	804	1542	0	0.3964936227446221	0.25235959628998017	0.1111111111111111	0.24364396929740906	26.482635498046875	0.03336011917732957
cov10_n10_g0_s42_hotspots_p80_chr1	10	10	5479	1042	1902	0	0.42500512086037734	0.33646227900243514	0.25	0.39760440587997437	11.425783157348633	0.03674242696883221
cov10_n10_g0_s42_hotspots_p80_chr1	10	10	5480	885	1908	0	0.4572779500706558	0.3668117852789378	0.25	0.39739757776260376	13.24067497253418	0.034649194741969286
cov10_n10_g0_s42_hotspots_p80_chr1	10	10	5481	586	1067	0	0.3123224941190535	0.2351188560914879	0.17647058823529413	0.38394978642463684	6.616946697235107	0.04668205386277526
cov10_n10_g0_s42_hotspots_p80_chr1	10	10	5483	5	26	1	0.28284269502117576	0.23145502206901472	0.17647058823529413	0.5	3.1999993324279785	0.06250000387430196
cov10_n10_g0_s42_hotspots_p80_chr1	10	10	5484	246	636	0	0.4260464019010731	0.33554974902640045	0.25	0.3901303708553314	11.925987243652344	0.03637039201481336
cov10_n10_g0_s42_hotspots_p80_chr1	10	10	5485	265	810	0	0.5470218085923972	0.46262794675045105	0.3333333333333333	0.4194386601448059	17.00874900817871	0.030599334406080862
cov10_n10_g0_s42_hotspots_p80_chr1	10	10	5487	3	21	1	0.22360680157584636	0.18156825980064056	0.1111111111111111	0.5	2.0	0.07905694150420949
cov10_n10_g0_s42_hotspots_p80_chr1	10	10	5488	231	544	0	0.4345855426893851	0.3269237930533955	0.25	0.3324708938598633	17.086111068725586	0.03391771022404525
cov10_n10_g0_s42_hotspots_p80_chr1	10	10	5489	1134	2362	0	0.29446596534780073	0.10113696467964023	0.05263157894736842	0.16691707074642181	31.122085571289062	0.03513333683124781
cov10_n10_g0_s42_hotspots_p80_chr1	10	10	5490	715	1411	0	0.38830427770859105	0.22037301614257926	0.17647058823529413	0.20783942937850952	34.905067443847656	0.032992660582537935
cov10_n10_g0_s42_hotspots_p80_chr1	10	10	5491	828	2054	0	0.3858580069969854	0.26611487878725365	0.17647058823529413	0.2903482913970947	17.66105079650879	0.03509845441399353
cov10_n10_g0_s42_hotspots_p80_chr1	10	10	5492	748	1663	0	0.5445901699222322	0.4967762235932217	0.25	0.6934112906455994	6.168190956115723	0.03928101266537634
cov10_n10_g0_s42_hotspots_p80_chr1	10	10	5493	891	1721	0	0.5436175210282524	0.4930590792127631	0.3333333333333333	0.6660491824150085	6.661533832550049	0.03822723527391572
cov10_n10_g0_s42_hotspots_p80_chr1	10	10	5494	1059	1876	0	0.39754512750768206	0.2880725504403922	0.3333333333333333	0.31943732500076294	15.488224029541016	0.0354749420236536
cov10_n10_g0_s42_hotspots_p80_chr1	10	10	5495	888	1615	0	0.505380763725165	0.40919984456215963	0.17647058823529413	0.3728839159011841	18.36919593811035	0.03159552625732254
cov10_n10_g0_s42_hotspots_p80_chr1	10	10	5496	836	1805	0	0.4135231706024242	0.31110778257250665	0.17647058823529413	0.34460946917533875	14.39942741394043	0.035448078927487435
cov10_n10_g0_s42_hotspots_p80_chr1	10	10	5497	1157	1849	0	0.4751369403289679	0.3703721190871926	0.25	0.3433300852775574	19.151994705200195	0.03231638079993879
cov10_n10_g0_s42_hotspots_p80_chr1	10	10	5498	1033	2367	0	0.5945871050462471	0.5180947349303104	0.3333333333333333	0.44074589014053345	18.19929313659668	0.02889593753180638
cov10_n10_g0_s42_hotspots_p80_chr1	10	10	5499	990	1667	0	0.5064739271744942	0.42590475206886613	0.25	0.4481916129589081	12.769878387451172	0.033292446383604686
cov10_n10_g0_s42_hotspots_p80_chr1	10	10	5500	770	1566	0	0.28018368240646435	0.20332723491167337	0.25	0.35980483889579773	6.063894271850586	0.04911078661200665
cov10_n10_g0_s42_hotspots_p80_chr1	10	10	5501	392	1476	0	0.4079599480342238	0.3261316378669089	0.3333333333333333	0.41985583305358887	9.441363334655762	0.03904256443532917
cov10_n10_g0_s42_hotspots_p80_chr1	10	10	5502	718	2163	0	0.4129417334307995	0.31243107353822547	0.25	0.3505728244781494	13.874621391296387	0.03570004835759701
cov10_n10_g0_s42_hotspots_p80_chr1	10	10	5503	716	1266	0	0.4137726362692839	0.32923862234126106	0.3333333333333333	0.41039323806762695	10.165369033813477	0.03812718316600257
cov10_n10_g0_s42_hotspots_p80_chr1	10	10	5504	941	2115	0	0.535511841298424	0.47213641139324986	0.3333333333333333	0.5571020841598511	9.239927291870117	0.034786048847703095
cov10_n10_g0_s42_hotspots_p80_chr1	10	10	5505	775	1720	0	0.45077684915621	0.3548319019900673	0.25	0.3746868073940277	14.473922729492188	0.034306049019503175
cov10_n10_g0_s42_hotspots_p80_chr1	10	10	5506	1123	2308	0	0.6256723726832667	0.5590454763738316	0.42857142857142855	0.4967033267021179	15.867179870605469	0.028214026584943538
cov10_n10_g0_s42_hotspots_p80_chr1	10	10	5507	1007	2152	0	0.40541730815590166	0.2874173115849632	0.1111111111111111	0.2990574836730957	18.377870559692383	0.03438781932047374
cov10_n10_g0_s42_hotspots_p80_chr1	10	10	5508	1070	2139	0	0.4793617388695828	0.3700314253248923	0.17647058823529413	0.3265411853790283	21.550172805786133	0.03183847830493556
cov10_n10_g0_s42_hotspots_p80_chr1	10	10	5509	1044	2335	0	0.6404830722528981	0.5741244710687823	0.42857142857142855	0.4774513244628906	17.995214462280273	0.027404392502040523
cov10_n10_g0_s42_hotspots_p80_chr1	10	10	5510	162	508	1	0.48304072815283533	0.410144632319548	0.3333333333333333	0.48855435848236084	9.77556037902832	0.036156785731856274
cov10_n10_g0_s42_hotspots_p80_chr1	10	10	5511	511	1349	0	0.4016591101014236	0.30427993090846084	0.17647058823529413	0.357461541891098	12.625733375549316	0.03669315697451474
cov10_n10_g0_s42_hotspots_p80_chr1	10	10	5512	163	623	1	0.40550900849852434	0.33580341191283075	0.25	0.47917476296424866	7.161652088165283	0.04239658647352651
cov10_n10_g0_s42_hotspots_p80_chr1	10	10	5513	503	982	0	0.46963736650114085	0.38226847508797157	0.25	0.4125431180000305	12.959451675415039	0.034397517100918935
cov10_n10_g0_s42_hotspots_p80_chr1	10	10	5514	425	969	0	0.20138142118093016	-0.007538942826550705	0.05263157894736842	0.12155018746852875	27.449066162109375	0.037436792386015966
cov10_n10_g0_s42_hotspots_p80_chr1	10	10	5515	617	1451	0	0.10059746778714738	-0.022602372906927563	0.1111111111111111	0.10437611490488052	9.2890625	0.048319026658768825
cov10_n10_g0_s42_hotspots_p80_chr1	10	10	5516	1041	1969	0	0.21535536510025058	0.09914320394246459	0.05263157894736842	0.20866160094738007	10.651880264282227	0.04361017979820727
cov10_n10_g0_s42_hotspots_p80_chr1	10	10	5517	917	1780	0	0.4505846962399549	0.3525653440003596	0.25	0.36694982647895813	15.077855110168457	0.0340830727202719
cov10_n10_g0_s42_hotspots_p80_chr1	10	10	5518	1274	2434	0	0.23297352557700457	0.1224288722428293	0.1111111111111111	0.2311847060918808	10.155350685119629	0.04362243095177225
cov10_n10_g0_s42_hotspots_p80_chr1	10	10	5519	769	1966	0	0.3898305393000772	0.2924753217736625	0.17647058823529413	0.35331204533576965	12.174041748046875	0.03732954189848191
cov10_n10_g0_s42_hotspots_p80_chr1	10	10	5520	939	2030	0	0.4611798566279237	0.3774670926505932	0.3333333333333333	0.42785176634788513	11.618605613708496	0.0354433521029007
cov10_n10_g0_s42_hotspots_p80_chr1	10	10	5521	1097	1972	0	0.4137178015957334	0.3297868111745096	0.25	0.4129566252231598	10.036898612976074	0.038249354381956466
cov10_n10_g0_s42_hotspots_p80_chr1	10	10	5522	1089	1906	0	0.3668829794204704	0.25316956706819727	0.25	0.2986242473125458	15.094024658203125	0.036490843647549204
cov10_n10_g0_s42_hotspots_p80_chr1	10	10	5523	565	1715	0	0.5658878820098957	0.4909369089067659	0.3333333333333333	0.47126826643943787	14.4186429977417	0.0306392300112122
cov10_n10_g0_s42_hotspots_p80_chr1	10	10	5524	949	1638	0	0.5266626436463139	0.450708646162348	0.42857142857142855	0.4735260605812073	12.370217323303223	0.03281274736567921
cov10_n10_g0_s42_hotspots_p80_chr1	10	10	5525	891	2102	0	0.49422370711810587	0.4391379900032508	0.25	0.6157057881355286	6.443186283111572	0.04062966479213964
cov10_n10_g0_s42_hotspots_p80_chr1	10	10	5526	835	1443	0	0.4668381878801434	0.4141361440327809	0.3333333333333333	0.6265900731086731	5.550930023193359	0.04399317655401618
cov10_n10_g0_s42_hotspots_p80_chr1	10	10	5527	361	614	0	0.34828858085880676	0.23235250022558918	0.25	0.28627699613571167	14.801493644714355	0.037132422781650125
cov10_n10_g0_s42_hotspots_p80_chr1	10	10	5528	326	1115	0	0.37204005247195016	0.27881385461018054	0.25	0.35966551303863525	10.699949264526367	0.0389751969608177
cov10_n10_g0_s42_hotspots_p80_chr1	10	10	5529	722	1832	0	0.47642064480646545	0.38870248603522456	0.25	0.4117191433906555	13.389952659606934	0.03397407695913176
cov10_n10_g0_s42_hotspots_p80_chr1	10	10	5530	627	1656	0	0.427032898078623	0.30763131523056175	0.17647058823529413	0.2986012101173401	20.452177047729492	0.033386807288009704
cov10_n10_g0_s42_hotspots_p80_chr1	10	10	5531	596	1638	0	0.5556516420374602	0.49012429021809745	0.25	0.540212094783783	10.579777717590332	0.03287809389654857
cov10_n10_g0_s42_hotspots_p80_chr1	10	10	5532	677	1384	0	0.33922365381692077	0.23043797161803045	0.1111111111111111	0.29913386702537537	12.860001564025879	0.03839494017317857
cov10_n10_g0_s42_hotspots_p80_chr1	10	10	5533	796	1846	0	0.5805739605758173	0.5064047842868473	0.42857142857142855	0.46973130106925964	15.276224136352539	0.029898774944343343
cov10_n10_g0_s42_hotspots_p80_chr1	10	10	5534	946	2186	0	0.3620058078302935	0.24655007281492405	0.1111111111111111	0.29270389676094055	15.29586124420166	0.03654387283644005
cov10_n10_g0_s42_hotspots_p80_chr1	10	10	5535	549	1336	0	0.24867334838170116	0.09544675866593362	0.05263157894736842	0.1823628693819046	18.59454917907715	0.038292725690660355
cov10_n10_g0_s42_hotspots_p80_chr1	10	10	5536	667	1849	0	0.3626522375578213	0.25145227039242773	0.25	0.3032117187976837	14.30502986907959	0.036956585830567386
cov10_n10_g0_s42_hotspots_p80_chr1	10	10	5537	452	1174	0	0.45762856774216343	0.3791828216113729	0.3333333333333333	0.4526884853839874	10.219447135925293	0.03662563268091243
cov10_n10_g0_s42_hotspots_p80_chr1	10	10	5538	768	1850	0	0.36105415160503734	0.23429866102032565	0.17647058823529413	0.2681333124637604	18.131893157958984	0.035623865035539846
cov10_n10_g0_s42_hotspots_p80_chr1	10	10	5539	559	1560	0	0.03195448403081066	-0.026299188428426216	0.1111111111111111	0.0710202232003212	2.024414300918579	0.08512975353437212
cov10_n10_g0_s42_hotspots_p80_chr1	10	10	5540	1355	2274	0	0.2873118123771778	0.1809447206026647	0.17647058823529413	0.2764955461025238	10.797687530517578	0.04142965732134017
cov10_n10_g0_s42_hotspots_p80_chr1	10	10	5541	412	945	0	0.2604177659868901	0.1794358486648993	0.1111111111111111	0.32771313190460205	6.314712047576904	0.049094007420601535
cov10_n10_g0_s42_hotspots_p80_chr1	10	10	5542	546	1560	0	0.543447154970489	0.4831181153067689	0.25	0.5806604623794556	8.759312629699707	0.035005731700858
cov10_n10_g0_s42_hotspots_p80_chr1	10	10	5543	572	1059	0	0.2287584381847748	0.12911706311464205	0.25	0.24976201355457306	8.38883113861084	0.04599642849834122
cov10_n10_g0_s42_hotspots_p80_chr1	10	10	5544	552	1043	0	0.5070599622752883	0.41724080114266243	0.25	0.40167367458343506	15.935724258422852	0.0320969923693007
cov10_n10_g0_s42_hotspots_p80_chr1	10	10	5545	1031	1883	0	0.5223702260585956	0.41299657327024647	0.25	0.297303706407547	30.87139129638672	0.03019348214914159
cov10_n10_g0_s42_hotspots_p80_chr1	10	10	5546	845	1454	0	0.37603592383361184	0.2689810520529378	0.17647058823529413	0.3190939724445343	13.887414932250977	0.036774454443204846
cov10_n10_g0_s42_hotspots_p80_chr1	10	10	5547	942	1828	0	0.39526200503545805	0.2885796420070892	0.17647058823529413	0.3265986442565918	14.646754264831543	0.0358738729700978
cov10_n10_g0_s42_hotspots_p80_chr1	10	10	5548	563	1810	0	0.2086802764642878	0.08801195561298134	0.17647058823529413	0.19710999727249146	11.208449363708496	0.043271875055710084
cov10_n10_g0_s42_hotspots_p80_chr1	10	10	5549	387	1467	0	0.29386732354100187	0.18887926618274054	0.1111111111111111	0.2837498188018799	10.725841522216797	0.04130417918632822
cov10_n10_g0_s42_hotspots_p80_chr1	10	10	5550	503	1876	0	0.355412680730145	0.27710380150181796	0.25	0.40840944647789	7.573110103607178	0.043353815254329686
cov10_n10_g0_s42_hotspots_p80_chr1	10	10	5551	667	1380	0	0.34973469501280485	0.20178599130769512	0.17647058823529413	0.22907501459121704	23.308908462524414	0.03483659100312802
cov10_n10_g0_s42_hotspots_p80_chr1	10	10	5552	1001	2095	0	0.5196639487952908	0.42609843251927115	0.25	0.3810146450996399	18.602092742919922	0.03113568242816367
cov10_n10_g0_s42_hotspots_p80_chr1	10	10	5553	806	1785	0	0.2696741420413545	0.16569048287074872	0.17647058823529413	0.2704649567604065	9.941608428955078	0.042792283583603506
cov10_n10_g0_s42_hotspots_p80_chr1	10	10	5554	857	1789	0	0.43497502565330115	0.3770239661605538	0.17647058823529413	0.5700770020484924	5.8218584060668945	0.04440594910088814
cov10_n10_g0_s42_hotspots_p80_chr1	10	10	5555	1282	2624	0	0.6623786186391794	0.6062333298368349	0.42857142857142855	0.5683974623680115	13.580272674560547	0.027376254852038106
cov10_n10_g0_s42_hotspots_p80_chr1	10	10	5556	1063	1937	0	0.5761315462931197	0.49032745485706136	0.3333333333333333	0.3864057660102844	22.230852127075195	0.02909067213270583
cov10_n10_g0_s42_hotspots_p80_chr1	10	10	5557	1119	1980	0	0.4795691141530327	0.36263931587817005	0.25	0.3004194498062134	25.482751846313477	0.03145598924894221
cov10_n10_g0_s42_hotspots_p80_chr1	10	10	5558	978	1517	0	0.4015016356323063	0.2854037561530013	0.17647058823529413	0.3029841184616089	17.5604190826416	0.03470400216171168
cov10_n10_g0_s42_hotspots_p80_chr1	10	10	5559	730	1546	0	0.40103047197891223	0.23177992831610827	0.1111111111111111	0.20518356561660767	38.2005500793457	0.032623021118682406
cov10_n10_g0_s42_hotspots_p80_chr1	10	10	5560	888	1754	0	0.3420693260614698	0.2220983827784949	0.25	0.27500414848327637	15.47211742401123	0.03701884014181405
cov10_n10_g0_s42_hotspots_p80_chr1	10	10	5561	756	1623	0	0.35957462350970026	0.2678912969368516	0.25	0.35890868306159973	10.037141799926758	0.039976275629733465
cov10_n10_g0_s42_hotspots_p80_chr1	10	10	5562	818	1634	0	0.43615192643551554	0.3313018107463147	0.3333333333333333	0.34152042865753174	16.309558868408203	0.03409722326245353
cov10_n10_g0_s42_hotspots_p80_chr1	10	10	5563	941	1744	0	0.4433251146092411	0.361673964859064	0.25	0.43314826488494873	10.475419998168945	0.03688358634888742
cov10_n10_g0_s42_hotspots_p80_chr1	10	10	5564	821	1621	0	0.19292103073102965	0.0898502693719703	0.1111111111111111	0.21283027529716492	8.21660327911377	0.04732054783556929
cov10_n10_g0_s42_hotspots_p80_chr1	10	10	5565	812	1351	0	0.45858295524186143	0.3694321066494696	0.25	0.4031434655189514	12.939472198486328	0.034758848961248916
cov10_n10_g0_s42_hotspots_p80_chr1	10	10	5566	1130	2420	0	0.6336824158533875	0.563893866728904	0.42857142857142855	0.44623830914497375	20.165531158447266	0.027464047648224434
cov10_n10_g0_s42_hotspots_p80_chr1	10	10	5567	615	1886	0	0.5600115282393305	0.4799800607081235	0.3333333333333333	0.44029128551483154	16.177587509155273	0.030363559266189423
cov10_n10_g0_s42_hotspots_p80_chr1	10	10	5568	1252	2476	0	0.5782235203903167	0.5118688228613038	0.3333333333333333	0.5291640758514404	11.940178871154785	0.031208576891175267
cov10_n10_g0_s42_hotspots_p80_chr1	10	10	5569	717	1721	0	0.4386027151874325	0.357455191412853	0.17647058823529413	0.4341050684452057	10.208287239074707	0.037272410958192455
cov10_n10_g0_s42_hotspots_p80_chr1	10	10	5570	508	1493	0	0.5701045670331766	0.5076612764269322	0.42857142857142855	0.5618075132369995	10.297553062438965	0.03254784099595301
cov10_n10_g0_s42_hotspots_p80_chr1	10	10	5571	561	1004	0	0.49175076641932725	0.40635684422318796	0.3333333333333333	0.42348799109458923	13.483664512634277	0.03344140950892945
cov10_n10_g0_s42_hotspots_p80_chr1	10	10	5572	828	1464	0	0.4428563504959514	0.32757989346318833	0.17647058823529413	0.31063732504844666	20.324434280395508	0.03299136166306551
cov10_n10_g0_s42_hotspots_p80_chr1	10	10	5573	716	1901	0	0.5494325330044161	0.47227450214066014	0.3333333333333333	0.4623534381389618	14.121489524841309	0.031293643034913624
cov10_n10_g0_s42_hotspots_p80_chr1	10	10	5574	653	1580	0	0.4794863213512663	0.38564280990201594	0.25	0.38536664843559265	15.481184959411621	0.03307589875027354
cov10_n10_g0_s42_hotspots_p80_chr1	10	10	5575	914	1866	0	0.5239122856347482	0.4274634680508187	0.25	0.3653052747249603	20.56862449645996	0.030732044112200207
cov10_n10_g0_s42_hotspots_p80_chr1	10	10	5576	682	1645	0	0.3060267339867483	0.23224453261440212	0.25	0.3937831521034241	6.039549350738525	0.04832424776893364
cov10_n10_g0_s42_hotspots_p80_chr1	10	10	5577	980	2290	0	0.569037910747529	0.4911593666588814	0.3333333333333333	0.44994038343429565	15.994565963745117	0.030110870960413715
cov10_n10_g0_s42_hotspots_p80_chr1	10	10	5578	200	493	0	0.29423651036476633	0.12079442143540459	0.1111111111111111	0.18265590071678162	25.949304580688477	0.03570810448220876
cov10_n10_g0_s42_hotspots_p80_chr1	10	10	5579	351	881	0	0.431036324287889	0.3047012556039641	0.17647058823529413	0.28152474761009216	23.441997528076172	0.03285451527961892
cov10_n10_g0_s42_hotspots_p80_chr1	10	10	5580	960	1879	0	0.4637240790205778	0.3537428153542404	0.25	0.32635852694511414	20.189680099487305	0.03245353408826428
cov10_n10_g0_s42_hotspots_p80_chr1	10	10	5581	392	1114	0	0.3868392821086382	0.28057230346642914	0.25	0.32508522272109985	14.160110473632812	0.03633246985251692
cov10_n10_g0_s42_hotspots_p80_chr1	10	10	5582	850	2347	0	0.5267080033274407	0.45924314569927405	0.25	0.5277201533317566	9.961675643920898	0.034431213940438146
cov10_n10_g0_s42_hotspots_p80_chr1	10	10	5583	780	1951	0	0.33605131972427466	0.1822140535620368	0.17647058823529413	0.21725261211395264	23.926607131958008	0.03506136555450635
cov10_n10_g0_s42_hotspots_p80_chr1	10	10	5584	1084	1802	0	0.5378201276297742	0.44757063004754477	0.3333333333333333	0.390596866607666	18.95905113220215	0.030542159951073143
cov10_n10_g0_s42_hotspots_p80_chr1	10	10	5585	982	1514	0	0.36283054223395367	0.24394264429513693	0.1111111111111111	0.28518977761268616	16.186010360717773	0.03618421498716292
cov10_n10_g0_s42_hotspots_p80_chr1	10	10	5586	144	566	1	0.04906105723981017	-0.031577667097437055	0.17647058823529413	0.0787508636713028	3.8811733722686768	0.0653742915209391
cov10_n10_g0_s42_hotspots_p80_chr1	10	10	5587	1156	1962	0	0.4089023700436359	0.27913050702259046	0.1111111111111111	0.27248862385749817	22.518657684326172	0.03352422559558141
cov10_n10_g0_s42_hotspots_p80_chr1	10	10	5588	864	1729	0	0.31503872482710177	0.1860660893323671	0.17647058823529413	0.24646809697151184	16.33828353881836	0.0374019243696254
cov10_n10_g0_s42_hotspots_p80_chr1	10	10	5589	1487	2161	0	0.5018605526479993	0.3985881977691193	0.25	0.3435958921909332	21.333900451660156	0.03125591600252806
cov10_n10_g0_s42_hotspots_p80_chr1	10	10	5590	871	1696	0	0.2948044962669529	0.17741311405971436	0.1111111111111111	0.25762805342674255	13.09428596496582	0.03950372960035296
cov10_n10_g0_s42_hotspots_p80_chr1	10	10	5591	963	1391	0	0.3860052738505374	0.22649085941044977	0.17647058823529413	0.21902473270893097	31.05990982055664	0.03323982944460943
cov10_n10_g0_s42_hotspots_p80_chr1	10	10	5592	941	1995	0	0.402877213908024	0.27142951186450875	0.17647058823529413	0.2682628929615021	22.554027557373047	0.03366849322124347
cov10_n10_g0_s42_hotspots_p80_chr1	10	10	5593	846	1766	0	0.34170457608363264	0.20939173494253172	0.25	0.2513275444507599	18.485082626342773	0.036026407372377466
cov10_n10_g0_s42_hotspots_p80_chr1	10	10	5594	368	780	0	0.3454322718540676	0.22588471849029723	0.17647058823529413	0.27724868059158325	15.523398399353027	0.03690683294046983
cov10_n10_g0_s42_hotspots_p80_chr1	10	10	5595	865	2148	0	0.4775550264115223	0.37127514493233216	0.25	0.33763352036476135	20.00579261779785	0.03210506700622312
cov10_n10_g0_s42_hotspots_p80_chr1	10	10	5596	920	2171	0	0.14161582758328894	0.05941870048594231	0.17647058823529413	0.20167486369609833	4.930830478668213	0.05727898974304026
cov10_n10_g0_s42_hotspots_p80_chr1	10	10	5597	844	1703	0	0.4607781608282267	0.39020505004147144	0.17647058823529413	0.4966620206832886	8.607197761535645	0.03821802804890251
cov10_n10_g0_s42_hotspots_p80_chr1	10	10	5598	1287	2455	0	0.4771104026472895	0.36943588694153745	0.17647058823529413	0.33274805545806885	20.55922508239746	0.032033254864861076
cov10_n10_g0_s42_hotspots_p80_chr1	10	10	5599	905	1901	0	0.3725403653352738	0.3071875426717584	0.17647058823529413	0.48515528440475464	5.896376609802246	0.046444137452729774
cov10_n10_g0_s42_hotspots_p80_chr1	10	10	5600	813	2371	0	0.2785610391579493	0.17953180795610338	0.25	0.28844502568244934	9.326415061950684	0.043233860704836105
cov10_n10_g0_s42_hotspots_p80_chr1	10	10	5601	1078	2030	0	0.5556732701366293	0.46951102017350876	0.3333333333333333	0.4041273593902588	18.906124114990234	0.030014047470809588
cov10_n10_g0_s42_hotspots_p80_chr1	10	10	5602	1095	1675	0	0.3928085601474609	0.25309198908187625	0.1111111111111111	0.25104162096977234	24.483327865600586	0.03365928535815019
cov10_n10_g0_s42_hotspots_p80_chr1	10	10	5603	1012	1426	0	0.3817918497678638	0.2614093675159273	0.17647058823529413	0.28778359293937683	17.6003475189209	0.03522434171949287
cov10_n10_g0_s42_hotspots_p80_chr1	10	10	5604	904	1473	0	0.4204098406830437	0.30183205930683094	0.25	0.30002766847610474	19.63465118408203	0.033712912765146374
cov10_n10_g0_s42_hotspots_p80_chr1	10	10	5605	1165	2034	0	0.6112334666363574	0.533314801796035	0.3333333333333333	0.3603258728981018	28.775527954101562	0.027992536440078625
cov10_n10_g0_s42_hotspots_p80_chr1	10	10	5606	1117	2176	0	0.42745557056701916	0.3174485329553088	0.17647058823529413	0.32442817091941833	17.359806060791016	0.03404384981867543
cov10_n10_g0_s42_hotspots_p80_chr1	10	10	5607	337	1041	0	0.3716016686294986	0.2649084214221196	0.17647058823529413	0.3184150755405426	13.61971664428711	0.03703713575334923
cov10_n10_g0_s42_hotspots_p80_chr1	10	10	5608	245	1215	0	0.5457472568932984	0.46465605190549975	0.3333333333333333	0.4394271969795227	15.424433708190918	0.03101345650889603
cov10_n10_g0_s42_hotspots_p80_chr1	10	10	5609	346	1396	0	0.08529720024375459	-0.014140122099089165	0.17647058823529413	0.10879108309745789	6.147278308868408	0.05487661071751148
cov10_n10_g0_s42_hotspots_p80_chr1	10	10	5610	533	1772	0	0.24295606576607084	0.15773857392529014	0.25	0.29881563782691956	6.610723495483398	0.048926763937469635
cov10_n10_g0_s42_hotspots_p80_chr1	10	10	5611	658	1861	0	0.3847258122466176	0.2886307957572359	0.17647058823529413	0.3554821014404297	11.712976455688477	0.03779533409798166
cov10_n10_g0_s42_hotspots_p80_chr1	10	10	5612	1156	2248	0	0.4115587133700114	0.302902564495666	0.17647058823529413	0.32530269026756287	16.006200790405273	0.034895423998770304
cov10_n10_g0_s42_hotspots_p80_chr1	10	10	5613	934	1893	0	0.6193801460600092	0.5643735463338804	0.3333333333333333	0.6131028532981873	10.20582103729248	0.030692576134956396
cov10_n10_g0_s42_hotspots_p80_chr1	10	10	5614	1348	2419	0	0.40943931753912144	0.28141388723363187	0.17647058823529413	0.27633345127105713	21.95392417907715	0.03359375965960223
cov10_n10_g0_s42_hotspots_p80_chr1	10	10	5615	1142	1416	0	0.4042466743060376	0.2747399363300364	0.3333333333333333	0.27249574661254883	22.007640838623047	0.0337156521707415
cov10_n10_g0_s42_hotspots_p80_chr1	10	10	5616	574	1113	0	0.40130238939229324	0.2687454700199181	0.3333333333333333	0.2657986879348755	22.79490852355957	0.0336730060847021
cov10_n10_g0_s42_hotspots_p80_chr1	10	10	5617	1102	1955	0	0.35727775273331064	0.25021820757139235	0.25	0.3116290867328644	13.144258499145508	0.03770826165560508
cov10_n10_g0_s42_hotspots_p80_chr1	10	10	5618	1046	1929	0	0.4745841000950566	0.39337015373107176	0.25	0.4422903060913086	11.513608932495117	0.035070585511242744
cov10_n10_g0_s42_hotspots_p80_chr1	10	10	5619	982	2058	0	0.46524544932269823	0.3575059399469407	0.25	0.3336833119392395	19.439958572387695	0.03253916438095646
cov10_n10_g0_s42_hotspots_p80_chr1	10	10	5620	1278	1578	0	0.3649923594083354	0.2188428313325993	0.1111111111111111	0.23546132445335388	24.028594970703125	0.03437382979346813
cov10_n10_g0_s42_hotspots_p80_chr1	10	10	5621	1328	2330	0	0.6897906713457601	0.6347288189334103	0.3333333333333333	0.5309653878211975	16.87727165222168	0.025753204939750196
cov10_n10_g0_s42_hotspots_p80_chr1	10	10	5622	1081	1780	0	0.4602962940683327	0.3451664544240492	0.25	0.3104299306869507	21.986074447631836	0.03228725433947701
cov10_n10_g0_s42_hotspots_p80_chr1	10	10	5623	1327	2124	0	0.31699621438475506	0.17898014001312276	0.17647058823529413	0.23271596431732178	18.554777145385742	0.03663183031300983
cov10_n10_g0_s42_hotspots_p80_chr1	10	10	5624	1289	1664	0	0.5312628385043133	0.427821626744498	0.25	0.32219821214675903	27.187698364257812	0.030071100528081558
cov10_n10_g0_s42_hotspots_p80_chr1	10	10	5625	1252	2391	0	0.5129808409696484	0.42105824037249306	0.25	0.39068329334259033	17.240612030029297	0.03159626700866571
cov10_n10_g0_s42_hotspots_p80_chr1	10	10	5626	1219	2200	0	0.3862462300007157	0.25944919597578925	0.17647058823529413	0.2749369740486145	19.73613739013672	0.03458342760056781
cov10_n10_g0_s42_hotspots_p80_chr1	10	10	5627	705	1666	0	0.27222425188233357	0.15323724328806654	0.17647058823529413	0.24179929494857788	12.674871444702148	0.040394368770583146
cov10_n10_g0_s42_hotspots_p80_chr1	10	10	5628	475	957	0	0.3185891953439925	0.2095448499220411	0.1111111111111111	0.2882332503795624	12.217265129089355	0.03940252760952258
cov10_n10_g0_s42_hotspots_p80_chr1	10	10	5629	854	1807	0	0.4379339612745624	0.313181082635854	0.25	0.2852994203567505	23.562175750732422	0.03266898660950918
cov10_n10_g0_s42_hotspots_p80_chr1	10	10	5630	986	1621	0	0.46988606889750795	0.3578554455443365	0.25	0.3190208077430725	21.69437599182129	0.032072326996849095
cov10_n10_g0_s42_hotspots_p80_chr1	10	10	5631	892	1591	0	0.5357837472888457	0.43921561846623636	0.3333333333333333	0.35739901661872864	22.473587036132812	0.03021110681996591
cov10_n10_g0_s42_hotspots_p80_chr1	10	10	5632	748	1423	0	0.47592431038559846	0.3614063448309682	0.25	0.30962222814559937	23.627161026000977	0.03170168097979762
cov10_n10_g0_s42_hotspots_p80_chr1	10	10	5633	935	1330	0	0.3450254065097635	0.17918447066124243	0.25	0.20509584248065948	28.300132751464844	0.03433590604664828
cov10_n10_g0_s42_hotspots_p80_chr1	10	10	5634	1008	1474	0	0.39358302216513913	0.2731980216537173	0.25	0.2907831072807312	18.32037353515625	0.03471804565085665
cov10_n10_g0_s42_hotspots_p80_chr1	10	10	5635	828	1625	0	0.27036042943878985	0.14216908885422377	0.1111111111111111	0.2254178822040558	14.384988784790039	0.039438771875371766
cov10_n10_g0_s42_hotspots_p80_chr1	10	10	5636	1089	2260	0	0.42644804285536914	0.3520093154258403	0.17647058823529413	0.4630626440048218	8.481110572814941	0.0395753324729268
cov10_n10_g0_s42_hotspots_p80_chr1	10	10	5637	1078	1504	0	0.4021696182118727	0.24626378199795518	0.17647058823529413	0.22454522550106049	32.07826614379883	0.032837613951131814
cov10_n10_g0_s42_hotspots_p80_chr1	10	10	5638	1084	1919	0	0.31225612184840174	0.18707004297334037	0.17647058823529413	0.2518603205680847	15.371010780334473	0.03786249276895989
cov10_n10_g0_s42_hotspots_p80_chr1	10	10	5639	905	1798	0	0.3955158718094385	0.29490101104939886	0.25	0.3448755443096161	13.152338027954102	0.036581587123802634
cov10_n10_g0_s42_hotspots_p80_chr1	10	10	5640	872	1451	0	0.544256022240877	0.4502126421593081	0.17647058823529413	0.36494210362434387	22.241214752197266	0.02999440530281219
cov10_n10_g0_s42_hotspots_p80_chr1	10	10	5641	766	1212	0	0.47917875469494275	0.3892075891748161	0.25	0.4018997550010681	14.21541690826416	0.0335347222293169
cov10_n10_g0_s42_hotspots_p80_chr1	10	10	5642	777	1933	0	0.16916929502269618	0.06797614960103598	0.17647058823529413	0.1946067363023758	7.55661678314209	0.04916973344241708
cov10_n10_g0_s42_hotspots_p80_chr1	10	10	5643	971	1940	0	0.36459362473353435	0.2534480456608421	0.25	0.30409544706344604	14.374685287475586	0.03686930570831785
cov10_n10_g0_s42_hotspots_p80_chr1	10	10	5644	851	1327	0	0.3818149264963211	0.2291973798490953	0.1111111111111111	0.2285723239183426	27.903488159179688	0.033563996302548575
cov10_n10_g0_s42_hotspots_p80_chr1	10	10	5645	904	1718	0	0.39967221012056875	0.2895693981058788	0.25	0.3182879686355591	15.76766586303711	0.0353134766804617
cov10_n10_g0_s42_hotspots_p80_chr1	10	10	5646	951	1805	0	0.37178197555645515	0.27509972976406344	0.25	0.3481111228466034	11.406197547912598	0.03841376979456049
cov10_n10_g0_s42_hotspots_p80_chr1	10	10	5647	699	1715	0	0.5044266893038448	0.4063543538862715	0.25	0.3648369014263153	19.116065979003906	0.031492981701134314
cov10_n10_g0_s42_hotspots_p80_chr1	10	10	5648	949	1750	0	0.253111630754425	0.03409401618860532	0.05263157894736842	0.13828332722187042	33.50306701660156	0.03574061933926363
cov10_n10_g0_s42_hotspots_p80_chr1	10	10	5649	1136	1846	0	0.2971409496624969	0.15198763226086556	0.25	0.2144530862569809	19.19819450378418	0.036945502430839564
cov10_n10_g0_s42_hotspots_p80_chr1	10	10	5650	850	1714	0	0.41161948483941213	0.303838657392853	0.25	0.3278471529483795	15.763371467590332	0.03497656032286483
cov10_n10_g0_s42_hotspots_p80_chr1	10	10	5651	971	2454	0	0.47213158900533536	0.3583516775152685	0.3333333333333333	0.3129151463508606	22.765274047851562	0.03188720699542709
cov10_n10_g0_s42_hotspots_p80_chr1	10	10	5652	843	1582	0	0.5627357897767934	0.4764532236786693	0.3333333333333333	0.39801478385925293	19.98990249633789	0.02966949270924831
cov10_n10_g0_s42_hotspots_p80_chr1	10	10	5653	952	1662	0	0.3161052940875497	0.2123020194873013	0.17647058823529413	0.2997085452079773	11.124112129211426	0.04030401927013788
cov10_n10_g0_s42_hotspots_p80_chr1	10	10	5654	1126	1947	0	0.5857972745112345	0.5011040756185776	0.25	0.3785412311553955	23.947946548461914	0.028733470924191592
cov10_n10_g0_s42_hotspots_p80_chr1	10	10	5655	966	2386	0	0.15460080767059522	0.01996474461712082	0.17647058823529413	0.14065533876419067	12.08122730255127	0.04396617741846293
cov10_n10_g0_s42_hotspots_p80_chr1	10	10	5656	579	1190	0	0.34466626769520103	0.24916048952925085	0.25	0.3386889398097992	10.356082916259766	0.04012851573924816
cov10_n10_g0_s42_hotspots_p80_chr1	10	10	5657	870	2150	0	0.5622028248307448	0.496158667997658	0.3333333333333333	0.5353949069976807	11.026496887207031	0.03232871242320478
cov10_n10_g0_s42_hotspots_p80_chr1	10	10	5658	802	1428	0	0.5181188187916846	0.40855561671741186	0.3333333333333333	0.3033607304096222	29.17024040222168	0.030333432003928004
cov10_n10_g0_s42_hotspots_p80_chr1	10	10	5659	886	1532	0	0.29350486345455223	0.21344129720667343	0.17647058823529413	0.3582553565502167	6.711895942687988	0.047082126935523105
cov10_n10_g0_s42_hotspots_p80_chr1	10	10	5660	1059	1856	0	0.4599509888163352	0.3556867210223139	0.42857142857142855	0.34555599093437195	17.716842651367188	0.03304017851909839
cov10_n10_g0_s42_hotspots_p80_chr1	10	10	5661	1148	1859	0	0.5717996272096956	0.4808318322751474	0.25	0.3413980305194855	28.0521240234375	0.02901902870446785
cov10_n10_g0_s42_hotspots_p80_chr1	10	10	5662	575	1136	0	0.2657034160278654	0.11769529840022824	0.1111111111111111	0.19652390480041504	18.279468536376953	0.037980490286824126
cov10_n10_g0_s42_hotspots_p80_chr1	10	10	5663	751	1381	0	0.25904557178908955	0.17446686772659473	0.25	0.3146393895149231	6.778384208679199	0.04803643290533658
cov10_n10_g0_s42_hotspots_p80_chr1	10	10	5664	536	1339	0	0.47069507887695106	0.36910807121171874	0.17647058823529413	0.35510867834091187	17.56938934326172	0.03276725384284354
cov10_n10_g0_s42_hotspots_p80_chr1	10	10	5665	652	1374	0	0.25763834226548504	0.12795514348028034	0.17647058823529413	0.21597528457641602	14.230260848999023	0.039855633463250634
cov10_n10_g0_s42_hotspots_p80_chr1	10	10	5666	122	417	1	0.5326838368309338	0.44789603965142966	0.3333333333333333	0.422213613986969	15.917491912841797	0.031301206957761125
cov10_n10_g0_s42_hotspots_p80_chr1	10	10	5667	899	1714	0	0.5360954033757257	0.4539430451096551	0.3333333333333333	0.43602728843688965	15.116694450378418	0.031413885579378395
cov10_n10_g0_s42_hotspots_p80_chr1	10	10	5668	853	1642	0	0.5343444376354722	0.43655809454148403	0.3333333333333333	0.35181382298469543	23.0683650970459	0.030204851987626694
cov10_n10_g0_s42_hotspots_p80_chr1	10	10	5669	953	1846	0	0.34876777202947495	0.23869739363539094	0.1111111111111111	0.3002895414829254	13.489388465881348	0.0377614940133499
cov10_n10_g0_s42_hotspots_p80_chr1	10	10	5670	922	2111	0	0.5521261497785805	0.46634189855898883	0.3333333333333333	0.40862399339675903	18.256977081298828	0.030217705710572265
cov10_n10_g0_s42_hotspots_p80_chr1	10	10	5671	1326	2371	0	0.4790100612089354	0.3704649351995828	0.25	0.32936906814575195	21.150646209716797	0.031899464107766624
cov10_n10_g0_s42_hotspots_p80_chr1	10	10	5672	902	1557	0	0.19468697912862884	0.049684928763061964	0.05263157894736842	0.15929333865642548	14.937525749206543	0.04109240020363037
cov10_n10_g0_s42_hotspots_p80_chr1	10	10	5673	783	1988	0	0.5875425306369042	0.5067607996868889	0.25	0.4129104018211365	20.24729347229004	0.02889793217985413
cov10_n10_g0_s42_hotspots_p80_chr1	10	10	5674	827	1508	0	0.3772869833362928	0.28475811756739394	0.17647058823529413	0.36445051431655884	10.71683120727539	0.03879772136604821
cov10_n10_g0_s42_hotspots_p80_chr1	10	10	5675	840	1796	0	0.4691040140258285	0.41730176997163215	0.3333333333333333	0.6353893876075745	5.450777053833008	0.04421286727283254
cov10_n10_g0_s42_hotspots_p80_chr1	10	10	5676	1101	2281	0	0.558465350547519	0.5062753100907315	0.3333333333333333	0.6513861417770386	7.350476264953613	0.036360759124585994
cov10_n10_g0_s42_hotspots_p80_chr1	10	10	5677	633	1480	0	0.6195036520266206	0.5469729152070362	0.3333333333333333	0.4434998333454132	19.5119571685791	0.02796217514644583
cov10_n10_g0_s42_hotspots_p80_chr1	10	10	5678	256	1075	0	0.49820182928749235	0.40763462380124116	0.3333333333333333	0.39909225702285767	15.583465576171875	0.03247155022241755
cov10_n10_g0_s42_hotspots_p80_chr1	10	10	5679	800	1869	0	0.3672863277314831	0.24588849766132878	0.25	0.2811879813671112	17.06145477294922	0.035772555855356006
cov10_n10_g0_s42_hotspots_p80_chr1	10	10	5680	1047	1978	0	0.4870128111031866	0.3934799668931115	0.3333333333333333	0.3865939676761627	15.869771003723145	0.03272882715067908
cov10_n10_g0_s42_hotspots_p80_chr1	10	10	5681	915	2300	0	0.5079269846090372	0.4122955843025269	0.3333333333333333	0.3747378885746002	18.37161636352539	0.031520670852266806
cov10_n10_g0_s42_hotspots_p80_chr1	10	10	5682	835	1598	0	0.49217542934154906	0.39296438854734705	0.25	0.36252400279045105	18.43174171447754	0.03196666908477865
cov10_n10_g0_s42_hotspots_p80_chr1	10	10	5683	1273	2342	0	0.3548918501715193	0.24599485490113585	0.17647058823529413	0.30586040019989014	13.463116645812988	0.037600685630806624
cov10_n10_g0_s42_hotspots_p80_chr1	10	10	5684	602	1562	0	0.17305976646036692	0.09988182745264707	0.25	0.2632058560848236	4.323157787322998	0.059020251965320195
cov10_n10_g0_s42_hotspots_p80_chr1	10	10	5685	846	1699	0	0.46392792509545155	0.3794529192170379	0.25	0.4248270094394684	11.925503730773926	0.03515830143370265
cov10_n10_g0_s42_hotspots_p80_chr1	10	10	5686	1033	1933	0	0.6486247837955537	0.5944796712731989	0.42857142857142855	0.6047071218490601	11.505273818969727	0.02871742625462699
cov10_n10_g0_s42_hotspots_p80_chr1	10	10	5687	1006	2320	0	0.7210740595186413	0.6743353312364958	0.5384615384615384	0.6038948893547058	14.257295608520508	0.02483962604717119
cov10_n10_g0_s42_hotspots_p80_chr1	10	10	5688	1132	2212	0	0.39301280156286045	0.30629339764937924	0.3333333333333333	0.3929853141307831	10.001398086547852	0.038953330666479644
cov10_n10_g0_s42_hotspots_p80_chr1	10	10	5689	755	1775	0	0.45266962967718244	0.38184079624425166	0.25	0.4926021993160248	8.44442367553711	0.038713838656030515
cov10_n10_g0_s42_hotspots_p80_chr1	10	10	5690	1073	1716	0	0.4737151533862479	0.3753751278703027	0.17647058823529413	0.3673114776611328	16.632808685302734	0.032912733930497526
cov10_n10_g0_s42_hotspots_p80_chr1	10	10	5691	943	2079	0	0.22479151198139796	0.1307258965791732	0.25	0.2592206597328186	7.520048141479492	0.047583315151467374
cov10_n10_g0_s42_hotspots_p80_chr1	10	10	5692	793	1700	0	0.4541938505387185	0.34015852883477743	0.25	0.3141797184944153	20.899030685424805	0.03259853576021378
cov10_n10_g0_s42_hotspots_p80_chr1	10	10	5693	722	1932	0	0.6766165857070848	0.6438850708554662	0.6666666666666666	0.8644598722457886	6.126262664794922	0.0336042555067966
cov10_n10_g0_s42_hotspots_p80_chr1	10	10	5694	734	2171	0	0.5231208048303275	0.46431699813809035	0.25	0.5913156867027283	7.826456069946289	0.036998074108281015
cov10_n10_g0_s42_hotspots_p80_chr1	10	10	5695	706	1435	0	0.1823956577797344	-0.07639289894080291	0.1111111111111111	0.09674526751041412	35.54426193237305	0.03687561591017934
cov10_n10_g0_s42_hotspots_p80_chr1	10	10	5696	859	1715	0	0.505471292986984	0.40947140367662854	0.3333333333333333	0.37366431951522827	18.29909896850586	0.03160589942034238
cov10_n10_g0_s42_hotspots_p80_chr1	10	10	5697	850	2194	0	0.3957101931229545	0.3095386479841464	0.25	0.3963349461555481	9.968499183654785	0.03889874853084705
cov10_n10_g0_s42_hotspots_p80_chr1	10	10	5698	948	2058	0	0.4684857566774738	0.3703027013505867	0.25	0.3678317368030548	16.22162628173828	0.03318127423090634
cov10_n10_g0_s42_hotspots_p80_chr1	10	10	5699	672	2069	0	0.5004455133845025	0.4114740539362679	0.3333333333333333	0.40632572770118713	15.169281959533691	0.03253028603644999
cov10_n10_g0_s42_hotspots_p80_chr1	10	10	5700	544	1025	0	0.3376356963652216	0.22044817846038245	0.1111111111111111	0.2790440022945404	14.640347480773926	0.037499266660477246
cov10_n10_g0_s42_hotspots_p80_chr1	10	10	5701	743	1586	0	0.27359872876440106	0.2071728703385191	0.17647058823529413	0.3996823728084564	4.685954570770264	0.054021662395165954
cov10_n10_g0_s42_hotspots_p80_chr1	10	10	5702	708	1919	0	0.5844834071368903	0.5147825494004578	0.3333333333333333	0.5010977387428284	13.605027198791504	0.030266047242882944
cov10_n10_g0_s42_hotspots_p80_chr1	10	10	5703	856	1732	0	0.6161177787820834	0.5664797178941928	0.3333333333333333	0.6692208647727966	8.475953102111816	0.032430053533684576
cov10_n10_g0_s42_hotspots_p80_chr1	10	10	5704	651	1231	0	0.44869715858952974	0.3709950071205775	0.25	0.45400872826576233	9.767382621765137	0.0373463237016867
cov10_n10_g0_s42_hotspots_p80_chr1	10	10	5705	789	1209	0	0.5669661033575782	0.4880203632622306	0.3333333333333333	0.4438594579696655	16.316356658935547	0.030107369413232162
cov10_n10_g0_s42_hotspots_p80_chr1	10	10	5706	738	1452	0	0.4200083254987066	0.32132167271132367	0.25	0.35853955149650574	13.72276496887207	0.03556045956579429
cov10_n10_g0_s42_hotspots_p80_chr1	10	10	5707	1258	1606	0	0.45537807614259745	0.40618207453765104	0.42857142857142855	0.6531171202659607	4.8614091873168945	0.04678117396318636
cov10_n10_g0_s42_hotspots_p80_chr1	10	10	5708	1413	2251	0	0.6173413167298407	0.5488750168092978	0.3333333333333333	0.4879873991012573	16.004182815551758	0.028479419646883063
cov10_n10_g0_s42_hotspots_p80_chr1	10	10	5709	808	1685	0	0.6121013727576226	0.5569356814996098	0.42857142857142855	0.6145058274269104	9.92189884185791	0.031202163114505417
cov10_n10_g0_s42_hotspots_p80_chr1	10	10	5710	889	1358	0	0.4453573072442716	0.35316590653567426	0.25	0.3882390558719635	13.1588716506958	0.035061828198871506
cov10_n10_g0_s42_hotspots_p80_chr1	10	10	5711	895	1419	0	0.558046030020713	0.48573778982915117	0.3333333333333333	0.49172961711883545	12.87915325164795	0.03148391076159416
cov10_n10_g0_s42_hotspots_p80_chr1	10	10	5712	878	1585	0	0.6469208522666047	0.5861236648966727	0.3333333333333333	0.5332415103912354	14.718191146850586	0.027680053706019635
cov10_n10_g0_s42_hotspots_p80_chr1	10	10	5713	960	1700	0	0.6223307120822644	0.5548699944814152	0.42857142857142855	0.49223792552948	15.9842529296875	0.028309448462243657
cov10_n10_g0_s42_hotspots_p80_chr1	10	10	5714	858	1526	0	0.44613571755188103	0.3182916313379596	0.25	0.2767959535121918	25.97852897644043	0.032236264083484255
cov10_n10_g0_s42_hotspots_p80_chr1	10	10	5715	948	1521	0	0.3098643568864935	0.1347243706724255	0.1111111111111111	0.18626749515533447	27.673818588256836	0.03515710050436551
cov10_n10_g0_s42_hotspots_p80_chr1	10	10	5716	737	1844	0	0.3672538030995378	0.24938374424347184	0.17647058823529413	0.2889998257160187	16.148696899414062	0.03607709526690374
cov10_n10_g0_s42_hotspots_p80_chr1	10	10	5717	1104	2753	0	0.3420431082229947	0.2627174008304151	0.3333333333333333	0.3956950902938843	7.472059726715088	0.043973413348891446
cov10_n10_g0_s42_hotspots_p80_chr1	10	10	5718	889	1658	0	0.62611021269983	0.5651585552418045	0.42857142857142855	0.5515340566635132	12.887154579162598	0.0290021231361489
cov10_n10_g0_s42_hotspots_p80_chr1	10	10	5719	785	1516	0	0.4057237861412542	0.288812898180759	0.25	0.3018389344215393	18.068012237548828	0.034456246943159526
cov10_n10_g0_s42_hotspots_p80_chr1	10	10	5720	1021	1928	0	0.628519836522664	0.5657499535720172	0.3333333333333333	0.5319076776504517	13.962575912475586	0.028556631300011195
cov10_n10_g0_s42_hotspots_p80_chr1	10	10	5721	877	2307	0	0.5051598537832096	0.4155906506914027	0.25	0.40308675169944763	15.705820083618164	0.03222058953727656
cov10_n10_g0_s42_hotspots_p80_chr1	10	10	5722	672	1188	0	0.34844590442086437	0.21632076274990267	0.1111111111111111	0.2539762556552887	18.822813034057617	0.03576516707021918
cov10_n10_g0_s42_hotspots_p80_chr1	10	10	5723	803	1316	0	0.3792155059190287	0.23569328900009642	0.0	0.24242904782295227	24.468250274658203	0.03398225352933775
cov10_n10_g0_s42_hotspots_p80_chr1	10	10	5724	712	1432	0	0.6597006557758336	0.6081056272546321	0.3333333333333333	0.6246855854988098	11.1524658203125	0.02844493769461458
cov10_n10_g0_s42_hotspots_p80_chr1	10	10	5725	605	1251	0	0.4562507370387898	0.37490177604934216	0.42857142857142855	0.4379854202270508	10.851451873779297	0.036151845832009886
cov10_n10_g0_s42_hotspots_p80_chr1	10	10	5726	813	1403	0	0.4984140731049303	0.42117894414655976	0.25	0.46602022647857666	11.438551902770996	0.03431829109396755
cov10_n10_g0_s42_hotspots_p80_chr1	10	10	5727	598	1520	0	0.4488305531784711	0.3629154513938764	0.25	0.4151935577392578	11.685940742492676	0.035800525858489876
cov10_n10_g0_s42_hotspots_p80_chr1	10	10	5728	936	1703	0	0.6015659887672582	0.5277005836874812	0.42857142857142855	0.4557380974292755	17.423521041870117	0.028776306030877233
cov10_n10_g0_s42_hotspots_p80_chr1	10	10	5729	850	2014	0	0.37373502353378485	0.29052880729152686	0.25	0.397973895072937	8.818981170654297	0.04089575307110313
cov10_n10_g0_s42_hotspots_p80_chr1	10	10	5730	1035	1894	0	0.4718536680398272	0.38531251028151925	0.3333333333333333	0.4165557622909546	12.831232070922852	0.03439180190130825
cov10_n10_g0_s42_hotspots_p80_chr1	10	10	5731	786	1327	0	0.570071895778597	0.5078466871122783	0.42857142857142855	0.5635598301887512	10.232437133789062	0.03259916736666026
cov10_n10_g0_s42_hotspots_p80_chr1	10	10	5732	1049	1772	0	0.5565308072609346	0.5008073262321485	0.3333333333333333	0.6191887259483337	8.078530311584473	0.03534599511467448
cov10_n10_g0_s42_hotspots_p80_chr1	10	10	5733	849	1532	0	0.4447905415663805	0.35679799833243836	0.3333333333333333	0.4052806496620178	12.044794082641602	0.0357014158296535
cov10_n10_g0_s42_hotspots_p80_chr1	10	10	5734	1098	2130	0	0.5231713624845846	0.4388966130496991	0.25	0.4270835518836975	15.00590705871582	0.031863716391956405
cov10_n10_g0_s42_hotspots_p80_chr1	10	10	5735	818	1947	0	0.41075417514345514	0.31296556511675655	0.17647058823529413	0.35898593068122864	13.092095375061035	0.03615673935726668
cov10_n10_g0_s42_hotspots_p80_chr1	10	10	5736	167	1117	1	0.18139620353549313	0.04630022527315807	0.05263157894736842	0.1599976122379303	12.853734970092773	0.042690584645114035
cov10_n10_g0_s42_hotspots_p80_chr1	10	10	5737	806	2322	0	0.3590228877914762	0.2714941019046728	0.17647058823529413	0.37339848279953003	9.244834899902344	0.04084862614122985
cov10_n10_g0_s42_hotspots_p80_chr1	10	10	5738	1151	2446	0	0.6263141768296431	0.5616141243292808	0.3333333333333333	0.5150543451309204	14.786941528320312	0.02842014245581433
cov10_n10_g0_s42_hotspots_p80_chr1	10	10	5739	813	2098	0	0.5902380895761219	0.5208045327913583	0.3333333333333333	0.5002843141555786	13.919405937194824	0.029955234637656748
cov10_n10_g0_s42_hotspots_p80_chr1	10	10	5740	554	1402	0	0.49812170382299126	0.41025599283341274	0.3333333333333333	0.41166093945503235	14.641704559326172	0.03278068668076347
cov10_n10_g0_s42_hotspots_p80_chr1	10	10	5741	898	1841	0	0.5990425594407395	0.545031926021863	0.3333333333333333	0.6296989321708679	9.050019264221191	0.03251100162804174
cov10_n10_g0_s42_hotspots_p80_chr1	10	10	5742	809	1909	0	0.36392715745735754	0.27941306757124856	0.25	0.3875294327735901	8.81900405883789	0.04121371184719504
cov10_n10_g0_s42_hotspots_p80_chr1	10	10	5743	1042	1944	0	0.20264476198711076	0.06080679520566283	0.1111111111111111	0.16749559342861176	14.63740348815918	0.041051646713447756
cov10_n10_g0_s42_hotspots_p80_chr1	10	10	5744	915	2045	0	0.36955815216605975	0.24536368003361805	0.17647058823529413	0.2759578824043274	17.934120178222656	0.03545561737377915
cov10_n10_g0_s42_hotspots_p80_chr1	10	10	5745	946	2149	0	0.3861280269836905	0.25104029612507683	0.25	0.25849199295043945	22.313539505004883	0.03411697508659685
cov10_n10_g0_s42_hotspots_p80_chr1	10	10	5746	726	1417	0	0.4111444397588874	0.3284248892653278	0.25	0.41721975803375244	9.71088981628418	0.038654433658936053
cov10_n10_g0_s42_hotspots_p80_chr1	10	10	5747	855	1819	0	0.4095773674154813	0.2668651661711927	0.17647058823529413	0.24682536721229553	27.53545570373535	0.032968116857030036
cov10_n10_g0_s42_hotspots_p80_chr1	10	10	5748	1035	1928	0	0.5503540259318508	0.46056393432559367	0.3333333333333333	0.38559064269065857	20.371889114379883	0.029993565637136503
cov10_n10_g0_s42_hotspots_p80_chr1	10	10	5749	613	1288	0	0.30237316366495853	0.20069469995490544	0.17647058823529413	0.29711028933525085	10.357409477233887	0.04140156798261722
cov10_n10_g0_s42_hotspots_p80_chr1	10	10	5750	756	1791	0	0.5110203537456358	0.42235309679701005	0.3333333333333333	0.4066612124443054	15.791045188903809	0.032014602639654305
cov10_n10_g0_s42_hotspots_p80_chr1	10	10	5751	818	1692	0	0.38661731640326225	0.26151365161719387	0.17647058823529413	0.2786106467247009	19.256046295166016	0.03467881330975892
cov10_n10_g0_s42_hotspots_p80_chr1	10	10	5752	828	2224	0	0.3722979887327167	0.2893911113002948	0.25	0.39845454692840576	8.730192184448242	0.04105698964505456
cov10_n10_g0_s42_hotspots_p80_chr1	10	10	5753	896	1907	0	0.5412765634113742	0.4888778060721711	0.3333333333333333	0.6484406590461731	6.967837333679199	0.037720755593957996
cov10_n10_g0_s42_hotspots_p80_chr1	10	10	5754	1093	1567	0	0.37401174249077623	0.26257105444827844	0.17647058823529413	0.30680203437805176	14.861200332641602	0.03638833918677349
cov10_n10_g0_s42_hotspots_p80_chr1	10	10	5755	867	1681	0	0.4085573357191656	0.3216577661879137	0.3333333333333333	0.3985861539840698	10.506584167480469	0.03799032405575392
cov10_n10_g0_s42_hotspots_p80_chr1	10	10	5756	808	1582	0	0.21903211024286753	0.11233516453970119	0.1111111111111111	0.227754607796669	9.248711585998535	0.045079407891894366
cov10_n10_g0_s42_hotspots_p80_chr1	10	10	5757	176	540	1	0.318281654053122	0.16179159510637825	0.1111111111111111	0.2084130346775055	23.322412490844727	0.03556589077661804
cov10_n10_g0_s42_hotspots_p80_chr1	10	10	5758	274	906	0	0.41902696077102286	0.33994647857357685	0.3333333333333333	0.4369569718837738	9.196162223815918	0.03894701968374136
cov10_n10_g0_s42_hotspots_p80_chr1	10	10	5759	51	275	1	0.254698668699445	0.19553716242020283	0.1111111111111111	0.4185003340244293	3.70392107963562	0.059820991277928996
cov10_n10_g0_s42_hotspots_p80_chr1	10	10	5768	49	167	1	0.30444475395749643	0.20997768052243554	0.25	0.31816327571868896	9.156233787536621	0.04265890245266406
cov10_n10_g0_s42_hotspots_p80_chr1	10	10	5769	991	1813	0	0.3816943906478481	0.282345738625362	0.17647058823529413	0.34378817677497864	12.3267822265625	0.03747774977537404
cov10_n10_g0_s42_hotspots_p80_chr1	10	10	5770	1754	2510	0	0.24297409705190776	0.09214164019561108	0.1111111111111111	0.18186107277870178	17.850093841552734	0.03867329507221896
cov10_n10_g0_s42_hotspots_p80_chr1	10	10	5771	845	1487	0	0.18751775858236383	0.06172021839402886	0.17647058823529413	0.17479586601257324	11.508599281311035	0.043579289160286944
cov10_n10_g0_s42_hotspots_p80_chr1	10	10	5772	822	1506	0	0.5368606740762293	0.4653004446749955	0.25	0.5001654624938965	11.521150588989258	0.03293246974992747
cov10_n10_g0_s42_hotspots_p80_chr1	10	10	5773	1088	2123	0	0.4601503747861423	0.36165331735105094	0.17647058823529413	0.36618903279304504	15.790243148803711	0.03355824001128874
cov10_n10_g0_s42_hotspots_p80_chr1	10	10	5774	1017	1604	0	0.4692982402029644	0.3715502230212343	0.17647058823529413	0.3695240020751953	16.12919044494629	0.03318406903791187
cov10_n10_g0_s42_hotspots_p80_chr1	10	10	5775	1027	1988	0	0.44751829969139206	0.35394719196322	0.25	0.3832433223724365	13.635542869567871	0.034765121238646945
cov10_n10_g0_s42_hotspots_p80_chr1	10	10	5776	921	1795	0	0.4205525232996884	0.3253880776072351	0.25	0.37100881338119507	12.849076271057129	0.03599042157659974
cov10_n10_g0_s42_hotspots_p80_chr1	10	10	5777	221	894	0	0.40001693809699834	0.28603324952189035	0.17647058823529413	0.3080386817455292	16.86344337463379	0.034944980419925026
cov10_n10_g0_s42_hotspots_p80_chr1	10	10	5778	383	1062	0	0.2767463354403896	0.1327988707514101	0.1111111111111111	0.206755593419075	17.916336059570312	0.03782589441102668
cov10_n10_g0_s42_hotspots_p80_chr1	10	10	5779	763	1474	0	0.41869203311739805	0.33747865891142	0.25	0.42690324783325195	9.619012832641602	0.03850001893312703
cov10_n10_g0_s42_hotspots_p80_chr1	10	10	5780	967	1935	0	0.40455962794110717	0.30205549919304653	0.3333333333333333	0.3418366014957428	14.006446838378906	0.035886693596076956
cov10_n10_g0_s42_hotspots_p80_chr1	10	10	5781	888	1626	0	0.14411930525131067	0.06601421732194619	0.17647058823529413	0.2140989452600479	4.531220436096191	0.058935483236713014
cov10_n10_g0_s42_hotspots_p80_chr1	10	10	5782	874	1149	0	0.40250320736489653	0.31268979989076884	0.17647058823529413	0.38482338190078735	10.939959526062012	0.03782250091019809
cov10_n10_g0_s42_hotspots_p80_chr1	10	10	5783	531	1213	0	0.34360021606390434	0.23837427431601618	0.25	0.3102843165397644	12.262731552124023	0.03864761397179699
cov10_n10_g0_s42_hotspots_p80_chr1	10	10	5784	1182	2087	0	0.40355134123456704	0.26923253086063176	0.17647058823529413	0.2625279724597931	23.62906265258789	0.03350656210993215
cov10_n10_g0_s42_hotspots_p80_chr1	10	10	5785	1234	2036	0	0.5202672521018907	0.4258922346646099	0.25	0.3769027292728424	19.054359436035156	0.031044500187043973
cov10_n10_g0_s42_hotspots_p80_chr1	10	10	5786	389	1576	0	0.38782794406863086	0.2880335751984756	0.25	0.34473004937171936	12.656682968139648	0.0370917163326649
cov10_n10_g0_s42_hotspots_p80_chr1	10	10	5787	244	711	0	0.25513207758689865	0.1517852717230563	0.17647058823529413	0.2617308795452118	9.502111434936523	0.04371692825003576
cov10_n10_g0_s42_hotspots_p80_chr1	10	10	5788	555	1587	0	0.4927001529525149	0.4021462405674162	0.3333333333333333	0.3994520306587219	15.213741302490234	0.032756609961062604
cov10_n10_g0_s42_hotspots_p80_chr1	10	10	5789	1043	1652	0	0.4419295390606461	0.31580055557808173	0.17647058823529413	0.28160426020622253	24.627920150756836	0.03245833474490412
cov10_n10_g0_s42_hotspots_p80_chr1	10	10	5790	1109	1769	0	0.42651936867544876	0.27674956269014506	0.25	0.23204642534255981	33.78529739379883	0.032246974254258945
cov10_n10_g0_s42_hotspots_p80_chr1	10	10	5791	398	1077	0	0.38232260586757405	0.30079723543739484	0.25	0.4094060957431793	8.720699310302734	0.04074132983483643
cov10_n10_g0_s42_hotspots_p80_chr1	10	10	5792	837	1532	0	0.4563720130381929	0.3674757718000866	0.17647058823529413	0.4038465917110443	12.77042007446289	0.03491715932103065
cov10_n10_g0_s42_hotspots_p80_chr1	10	10	5793	733	1565	0	0.32898746424116854	0.16737543089377419	0.17647058823529413	0.20579397678375244	25.5560302734375	0.03499480581525048
cov10_n10_g0_s42_hotspots_p80_chr1	10	10	5794	947	2061	0	0.6122338970872145	0.5374943340121535	0.42857142857142855	0.4324067234992981	20.04702377319336	0.02815168174853041
cov10_n10_g0_s42_hotspots_p80_chr1	10	10	5795	1419	2363	0	0.49495305558814523	0.4037241492626287	0.3333333333333333	0.39630988240242004	15.597615242004395	0.0325673113228146
cov10_n10_g0_s42_hotspots_p80_chr1	10	10	5796	1248	2432	0	0.5125081226239931	0.43449719555045774	0.3333333333333333	0.46218204498291016	12.296326637268066	0.03333329632059844
cov10_n10_g0_s42_hotspots_p80_chr1	10	10	5797	770	1901	0	0.29149589198247144	0.12153155118423639	0.1111111111111111	0.18484379351139069	24.86881446838379	0.03592391999474077
cov10_n10_g0_s42_hotspots_p80_chr1	10	10	5798	509	1002	0	0.5192850646212712	0.46071146854512024	0.25	0.5926207900047302	7.678172588348389	0.037368964341544825
cov10_n10_g0_s42_hotspots_p80_chr1	10	10	5799	255	345	0	0.29571515941371257	0.22612938227746382	0.25	0.40452468395233154	5.343885898590088	0.05077213947926528
cov10_n10_g0_s42_hotspots_p80_chr1	10	10	5800	650	1191	0	0.4150903360514126	0.3362287328661898	0.25	0.4364074170589447	9.04692554473877	0.03925132227331071
cov10_n10_g0_s42_hotspots_p80_chr1	10	10	5801	949	1671	0	0.4453887882965517	0.3405140522167767	0.3333333333333333	0.34258875250816345	16.901779174804688	0.03366148011876146
cov10_n10_g0_s42_hotspots_p80_chr1	10	10	5802	1001	1525	0	0.5121890349682914	0.42212732957573723	0.42857142857142855	0.39972585439682007	16.418598175048828	0.03181221659996456
cov10_n10_g0_s42_hotspots_p80_chr1	10	10	5803	955	1610	0	0.26601987893384466	0.13956561098468562	0.1111111111111111	0.2256760150194168	13.894963264465332	0.039817288958494276
cov10_n10_g0_s42_hotspots_p80_chr1	10	10	5804	926	1730	0	0.31063406233940294	0.23023067931096786	0.17647058823529413	0.3698475956916809	7.05427885055542	0.045796891607421134
cov10_n10_g0_s42_hotspots_p80_chr1	10	10	5805	1403	2055	0	0.42207386019297316	0.3007060210087652	0.25	0.29319044947624207	20.72417640686035	0.03346915222875834
cov10_n10_g0_s42_hotspots_p80_chr1	10	10	5806	960	1443	0	0.31913940078553416	0.1837790752378124	0.17647058823529413	0.23768946528434753	18.02772331237793	0.036730815178763
cov10_n10_g0_s42_hotspots_p80_chr1	10	10	5807	873	1807	0	0.3761243263431653	0.2645675398427742	0.25	0.30723872780799866	14.986867904663086	0.03627625618815716
cov10_n10_g0_s42_hotspots_p80_chr1	10	10	5808	1090	1396	0	0.4521292421672357	0.38395845209588175	0.25	0.5082651376724243	7.913061618804932	0.03948422541402482
cov10_n10_g0_s42_hotspots_p80_chr1	10	10	5809	979	1703	0	0.3502156343022344	0.2689413528193256	0.25	0.39270147681236267	7.953273773193359	0.04289436118100966
cov10_n10_g0_s42_hotspots_p80_chr1	10	10	5810	817	1752	0	0.4244710167373379	0.32091411641869366	0.25	0.3435647189617157	15.264375686645508	0.034784889303356756
cov10_n10_g0_s42_hotspots_p80_chr1	10	10	5811	967	1688	0	0.34416641818172905	0.232937370188313	0.17647058823529413	0.2954499423503876	13.56966495513916	0.03784900882297914
cov10_n10_g0_s42_hotspots_p80_chr1	10	10	5812	942	1878	0	0.4317488424892347	0.2975995552792718	0.17647058823529413	0.26342901587486267	26.86180305480957	0.03250803319654475
cov10_n10_g0_s42_hotspots_p80_chr1	10	10	5813	629	1843	0	0.40942815395031823	0.3420055845840426	0.25	0.4943045377731323	6.860664367675781	0.042851133247234
cov10_n10_g0_s42_hotspots_p80_chr1	10	10	5814	617	1569	0	0.4312730968742299	0.3473844820790225	0.3333333333333333	0.41928693652153015	10.579913139343262	0.03719229565583153
cov10_n10_g0_s42_hotspots_p80_chr1	10	10	5815	575	1248	0	0.45769222137153265	0.38587693825495994	0.25	0.48850080370903015	8.778422355651855	0.03811422217482863
cov10_n10_g0_s42_hotspots_p80_chr1	10	10	5816	1197	2009	0	0.516610071795915	0.435281949409826	0.25	0.4437025487422943	13.556323051452637	0.032600958551184646
cov10_n10_g0_s42_hotspots_p80_chr1	10	10	5817	838	1266	0	0.4450640846737718	0.3438956592368327	0.25	0.355025976896286	15.715373039245605	0.034026966745713656
cov10_n10_g0_s42_hotspots_p80_chr1	10	10	5818	511	718	0	0.4180127392680952	0.29201287279036187	0.17647058823529413	0.28174763917922974	22.011945724487305	0.03336921196437073
cov10_n10_g0_s42_hotspots_p80_chr1	10	10	5819	291	882	0	0.36227544012741864	0.32638965445050183	0.25	0.734635055065155	2.431837320327759	0.06748006639327796
cov10_n10_g0_s42_hotspots_p80_chr1	10	10	5820	837	1545	0	0.22838975475942158	0.14355281272526904	0.25	0.2868058383464813	6.34128475189209	0.05004192942539711
cov10_n10_g0_s42_hotspots_p80_chr1	10	10	5821	973	1303	0	0.34689134942428673	0.1805938948290329	0.17647058823529413	0.20498643815517426	28.637611389160156	0.03426401693248662
cov10_n10_g0_s42_hotspots_p80_chr1	10	10	5822	968	1255	0	0.3151192878911543	0.20083606722909964	0.17647058823529413	0.27468326687812805	13.160902976989746	0.038898261576240066
cov10_n10_g0_s42_hotspots_p80_chr1	10	10	5823	992	1493	0	0.4597553676805937	0.35371600310952306	0.3333333333333333	0.3395133912563324	18.337486267089844	0.0329071453774682
cov10_n10_g0_s42_hotspots_p80_chr1	10	10	5824	848	1736	0	0.11513225996713217	0.025465428164188706	0.17647058823529413	0.15620119869709015	5.432819843292236	0.056216794878312173
cov10_n10_g0_s42_hotspots_p80_chr1	10	10	5825	823	1463	0	0.34098910312850894	0.23202069865886607	0.25	0.2995075583457947	12.96180248260498	0.03828319710635785
cov10_n10_g0_s42_hotspots_p80_chr1	10	10	5826	713	1327	0	0.4061028509505535	0.29739423300532664	0.25	0.3238416612148285	15.725576400756836	0.03514654070800064
cov10_n10_g0_s42_hotspots_p80_chr1	10	10	5827	803	1351	0	0.10546950163115029	0.004269003970828322	0.1111111111111111	0.12970352172851562	6.612265110015869	0.05306757565828856
cov10_n10_g0_s42_hotspots_p80_chr1	10	10	5828	1111	1731	0	0.5144373665525298	0.429871684655493	0.25	0.42678552865982056	14.529330253601074	0.03230115727242546
cov10_n10_g0_s42_hotspots_p80_chr1	10	10	5829	1690	2244	0	0.3142679138304271	0.16949021195818664	0.1111111111111111	0.22190167009830475	20.057601928710938	0.03631048014528472
cov10_n10_g0_s42_hotspots_p80_chr1	10	10	5830	1092	1708	0	0.3776244123270728	0.2557245358264246	0.25	0.2832295596599579	17.776365280151367	0.03528607300483077
cov10_n10_g0_s42_hotspots_p80_chr1	10	10	5831	1285	2150	0	0.369654094681127	0.26232138693963897	0.17647058823529413	0.31593453884124756	13.689794540405273	0.03705742333675988
cov10_n10_g0_s42_hotspots_p80_chr1	10	10	5832	1032	1790	0	0.3258384078837548	0.22016468796493707	0.25	0.30024296045303345	11.777656555175781	0.03950600394717796
cov10_n10_g0_s42_hotspots_p80_chr1	10	10	5833	1113	1911	0	0.5685086374042835	0.49265632812858645	0.25	0.464007169008255	15.011521339416504	0.030375578026854533
cov10_n10_g0_s42_hotspots_p80_chr1	10	10	5834	1211	1700	0	0.34328430255949927	0.2174630853189756	0.25	0.2637748122215271	16.93718719482422	0.03644974722251007
cov10_n10_g0_s42_hotspots_p80_chr1	10	10	5835	402	1060	0	0.2637035096317708	0.1568300150087306	0.17647058823529413	0.2600530982017517	10.282712936401367	0.042608680390353044
cov10_n10_g0_s42_hotspots_p80_chr1	10	10	5836	774	1566	0	0.2877679935916226	0.14995167777042	0.1111111111111111	0.22017453610897064	17.082475662231445	0.03783262731877868
cov10_n10_g0_s42_hotspots_p80_chr1	10	10	5837	732	1575	0	0.4083350448791833	0.2885569547391727	0.17647058823529413	0.29523059725761414	19.129806518554688	0.03413728212776205
cov10_n10_g0_s42_hotspots_p80_chr1	10	10	5838	862	1935	0	0.4629558335579869	0.3550205272937073	0.25	0.3331287205219269	19.313234329223633	0.03262518697683341
cov10_n10_g0_s42_hotspots_p80_chr1	10	10	5839	662	1444	0	0.36698942807536605	0.267578560977335	0.17647058823529413	0.3374771773815155	11.82546615600586	0.03825372938969987
cov10_n10_g0_s42_hotspots_p80_chr1	10	10	5840	1023	1918	0	0.48797795195442745	0.3835327801337977	0.25	0.3426770567893982	20.278242111206055	0.03177627396682065
cov10_n10_g0_s42_hotspots_p80_chr1	10	10	5841	499	1007	0	0.403243448537211	0.3201971863947104	0.17647058823529413	0.41255274415016174	9.553789138793945	0.03907684087452757
cov10_n10_g0_s42_hotspots_p80_chr1	10	10	5842	843	1878	0	0.4068421553187469	0.3231454580586796	0.25	0.4112532138824463	9.78663158416748	0.03871846514407116
cov10_n10_g0_s42_hotspots_p80_chr1	10	10	5843	907	2160	0	0.5232646520635547	0.44019229220239026	0.3333333333333333	0.4335101842880249	14.569485664367676	0.03200284404561183
cov10_n10_g0_s42_hotspots_p80_chr1	10	10	5844	805	2068	0	0.383283854270514	0.2767355076249813	0.25	0.3230815529823303	14.073973655700684	0.03647547565430405
cov10_n10_g0_s42_hotspots_p80_chr1	10	10	5845	193	537	1	0.3324487264298332	0.2514912152646208	0.25	0.38277313113212585	7.543388366699219	0.04416047512920012
cov10_n10_g0_s42_hotspots_p80_chr1	10	10	5846	899	1682	0	0.39496851912061093	0.2877193352917936	0.17647058823529413	0.3248971402645111	14.778595924377441	0.035827015105409324
cov10_n10_g0_s42_hotspots_p80_chr1	10	10	5847	584	1048	0	0.2488419020890143	0.19102454174313294	0.25	0.4196249544620514	3.5166122913360596	0.06128209540818811
cov10_n10_g0_s42_hotspots_p80_chr1	10	10	5848	716	1397	0	0.43688485767063584	0.3174855263639388	0.17647058823529413	0.2991420030593872	21.329425811767578	0.03298772229361859
cov10_n10_g0_s42_hotspots_p80_chr1	10	10	5849	1092	1958	0	0.44508929680812803	0.3315954172220834	0.05263157894736842	0.3158467411994934	19.858274459838867	0.03301278075933803
cov10_n10_g0_s42_hotspots_p80_chr1	10	10	5850	666	1302	0	0.3723750164436364	0.23759428002165067	0.17647058823529413	0.25612467527389526	21.137723922729492	0.03465614114211512
cov10_n10_g0_s42_hotspots_p80_chr1	10	10	5851	1065	1731	0	0.3741588509004363	0.2317602448296741	0.17647058823529413	0.2433413416147232	23.64178466796875	0.034210693730676416
cov10_n10_g0_s42_hotspots_p80_chr1	10	10	5852	725	1279	0	0.5005666168611919	0.4109005798892207	0.25	0.40306952595710754	15.422819137573242	0.03244708683228159
cov10_n10_g0_s42_hotspots_p80_chr1	10	10	5853	488	961	0	0.4126137440139668	0.2904443483357366	0.25	0.29013386368751526	20.225095748901367	0.03380398528439575
cov10_n10_g0_s42_hotspots_p80_chr1	10	10	5854	1017	1750	0	0.36992908994056506	0.26011798013210413	0.17647058823529413	0.30950555205345154	14.285652160644531	0.036759215549936844
cov10_n10_g0_s42_hotspots_p80_chr1	10	10	5855	842	2194	0	0.5074440482422208	0.41730439188910623	0.25	0.4001041352748871	16.08534049987793	0.03204441923133632
cov10_n10_g0_s42_hotspots_p80_chr1	10	10	5856	1006	2302	0	0.46036386003635793	0.3632879237202006	0.17647058823529413	0.3715444505214691	15.35256290435791	0.03369473481700108
cov10_n10_g0_s42_hotspots_p80_chr1	10	10	5857	701	1840	0	0.14473287287835196	0.023620862785383737	0.05263157894736842	0.1458505541086197	9.847322463989258	0.0464193294306276
cov10_n10_g0_s42_hotspots_p80_chr1	10	10	5858	741	1915	0	0.42221191679190884	0.31824395208045564	0.1111111111111111	0.3417821228504181	15.260275840759277	0.03485204397930382
cov10_n10_g0_s42_hotspots_p80_chr1	10	10	5859	1016	2090	0	0.3937159747763587	0.2847708877002938	0.17647058823529413	0.3197875916957855	15.158034324645996	0.0357096099273689
cov10_n10_g0_s42_hotspots_p80_chr1	10	10	5860	119	377	1	0.39370404511351975	0.2686710595161461	0.25	0.2803240120410919	19.72509765625	0.03439331840974548
cov10_n10_g0_s42_hotspots_p80_chr1	10	10	5861	2	9	1	0.22360680157584636	0.18156825980063976	0.1111111111111111	0.5	2.0	0.07905694150420949
cov10_n10_g0_s42_hotspots_p80_chr1	10	10	5862	904	1879	0	0.2605426970161201	0.16126015296962257	0.17647058823529413	0.27504533529281616	8.973238945007324	0.0442201037067123
cov10_n10_g0_s42_hotspots_p80_chr1	10	10	5863	554	1361	0	0.17541286856950775	0.0817070377683775	0.17647058823529413	0.21444334089756012	6.691103458404541	0.0508138142666116
cov10_n10_g0_s42_hotspots_p80_chr1	10	10	5864	1043	1924	0	0.5365029207101425	0.4740957410239796	0.3333333333333333	0.5643947720527649	9.036043167114258	0.03496229527255616
cov10_n10_g0_s42_hotspots_p80_chr1	10	10	5865	817	1799	0	0.4818343247364563	0.4244416745076544	0.3333333333333333	0.5932297110557556	6.597049236297607	0.040764105469069556
cov10_n10_g0_s42_hotspots_p80_chr1	10	10	5866	1075	1875	0	0.443212343940561	0.36387546893724587	0.25	0.4442098140716553	9.9551420211792	0.03735114493448643
cov10_n10_g0_s42_hotspots_p80_chr1	10	10	5867	820	1500	0	0.47704405932498206	0.39137903187593126	0.25	0.42118898034095764	12.828117370605469	0.034226445865152645
cov10_n10_g0_s42_hotspots_p80_chr1	10	10	5868	490	1069	0	0.5865009032931595	0.5374046111992034	0.42857142857142855	0.6807538270950317	7.422618865966797	0.03510209403642773
cov10_n10_g0_s42_hotspots_p80_chr1	10	10	5869	1061	1931	0	0.6424470836433281	0.5785209330611789	0.3333333333333333	0.5036472678184509	16.271282196044922	0.02755188728325017
cov10_n10_g0_s42_hotspots_p80_chr1	10	10	5870	921	1542	0	0.20055254314660897	0.06831487589405112	0.1111111111111111	0.1765015721321106	12.910981178283691	0.04215345941562328
cov10_n10_g0_s42_hotspots_p80_chr1	10	10	5871	375	892	0	0.46218505816715644	0.38848940213123934	0.25	0.4791634678840637	9.303887367248535	0.03735794073765965
cov10_n10_g0_s42_hotspots_p80_chr1	10	10	5872	688	1378	0	0.6002004456265778	0.5256581710452307	0.3333333333333333	0.4513278603553772	17.685131072998047	0.028783481105077228
cov10_n10_g0_s42_hotspots_p80_chr1	10	10	5873	650	1471	0	0.20433651308499573	0.08341447392103449	0.1111111111111111	0.19357837736606598	11.142388343811035	0.043449926983517975
cov10_n10_g0_s42_hotspots_p80_chr1	10	10	5874	905	1809	0	0.4898884166042068	0.39325430444401627	0.25	0.3733791410923004	17.214492797851562	0.03229062592846745
cov10_n10_g0_s42_hotspots_p80_chr1	10	10	5875	448	976	0	0.15517749100504652	0.008162990759865494	0.05263157894736842	0.13084514439105988	14.065079689025879	0.04256304634111147
cov10_n10_g0_s42_hotspots_p80_chr1	10	10	5876	1140	1932	0	0.6067800784723736	0.529397445257178	0.3333333333333333	0.4134029150009155	21.5434627532959	0.028226142210692536
cov10_n10_g0_s42_hotspots_p80_chr1	10	10	5877	757	1541	0	0.5222603333507306	0.4571082260835755	0.17647058823529413	0.5435623526573181	9.2315673828125	0.03528659469210816
cov10_n10_g0_s42_hotspots_p80_chr1	10	10	5878	1062	2175	0	0.6558985652528763	0.5952360652038641	0.42857142857142855	0.5219836831092834	15.789176940917969	0.02714263017329729
cov10_n10_g0_s42_hotspots_p80_chr1	10	10	5879	1281	2765	0	0.7109803994744982	0.6595911364592508	0.5384615384615384	0.52313232421875	18.471071243286133	0.024877760994872763
cov10_n10_g0_s42_hotspots_p80_chr1	10	10	5880	1116	1845	0	0.5125276941544077	0.4387168995497394	0.3333333333333333	0.4865882694721222	11.094593048095703	0.03406176930209377
cov10_n10_g0_s42_hotspots_p80_chr1	10	10	5881	1038	1982	0	0.596552373080015	0.5263284383751703	0.3333333333333333	0.4902079105377197	14.809369087219238	0.02947101030509987
cov10_n10_g0_s42_hotspots_p80_chr1	10	10	5882	1051	2361	0	0.3876895132664521	0.30852244286853736	0.42857142857142855	0.42249104380607605	8.420406341552734	0.040966587807609846
cov10_n10_g0_s42_hotspots_p80_chr1	10	10	5883	754	1908	0	0.5556375518362124	0.4983804916523159	0.5384615384615384	0.6059167385101318	8.409249305725098	0.03495234740162864
cov10_n10_g0_s42_hotspots_p80_chr1	10	10	5884	1025	2049	0	0.5796252115906205	0.5347372377024225	0.42857142857142855	0.7264070510864258	6.366994380950928	0.037379569722464284
cov10_n10_g0_s42_hotspots_p80_chr1	10	10	5885	767	1660	0	0.6414029968116448	0.585846486013775	0.5384615384615384	0.5949097871780396	11.624109268188477	0.02894955343057098
cov10_n10_g0_s42_hotspots_p80_chr1	10	10	5886	1280	2831	0	0.46023582867390894	0.3484767074141072	0.17647058823529413	0.32088160514831543	20.571744918823242	0.03248731229126761
cov10_n10_g0_s42_hotspots_p80_chr1	10	10	5887	1062	2515	0	0.40384982397813785	0.30259921575187043	0.17647058823529413	0.3455541431903839	13.65864372253418	0.03607334239161088
cov10_n10_g0_s42_hotspots_p80_chr1	10	10	5888	710	1805	0	0.4561904880540086	0.38224733805868705	0.25	0.476095974445343	9.181282997131348	0.03769914467263401
cov10_n10_g0_s42_hotspots_p80_chr1	10	10	5889	884	1714	0	0.5545855881082508	0.4890491103223739	0.3333333333333333	0.540270984172821	10.5369234085083	0.03294885456390256
cov10_n10_g0_s42_hotspots_p80_chr1	10	10	5890	977	1957	0	0.4890313978221051	0.3764688749420187	0.3333333333333333	0.3121461570262909	24.54468536376953	0.03128753370757132
cov10_n10_g0_s42_hotspots_p80_chr1	10	10	5891	1170	1974	0	0.5338577843630905	0.4428619874988478	0.25	0.38846510648727417	18.886310577392578	0.03067070659174336
cov10_n10_g0_s42_hotspots_p80_chr1	10	10	5892	720	1571	0	0.3095863878820941	0.24844163046837806	0.3333333333333333	0.4617093801498413	4.495999813079834	0.05362812253155425
cov10_n10_g0_s42_hotspots_p80_chr1	10	10	5893	493	1106	0	0.4727703045718914	0.37104563875797136	0.3333333333333333	0.3545481562614441	17.780742645263672	0.03265941475858162
cov10_n10_g0_s42_hotspots_p80_chr1	10	10	5894	333	623	0	0.426342360593504	0.35026374293774326	0.3333333333333333	0.45456647872924805	8.796749114990234	0.03917350188578532
cov10_n10_g0_s42_hotspots_p80_chr1	10	10	5895	8	28	1	0.25279622179703953	0.1863290535854529	0.1111111111111111	0.3787878751754761	4.453988075256348	0.055762927393361986
cov10_n10_g0_s42_hotspots_p80_chr1	10	10	5896	473	1101	0	0.37862992587653566	0.26967736334353637	0.3333333333333333	0.31489792466163635	14.457399368286133	0.03643301056431459
cov10_n10_g0_s42_hotspots_p80_chr1	10	10	5897	885	1564	0	0.582000627423057	0.5074676752494506	0.3333333333333333	0.4662110209465027	15.584104537963867	0.02977535692705707
cov10_n10_g0_s42_hotspots_p80_chr1	10	10	5898	927	2228	0	0.6253980021222532	0.5527973564977597	0.3333333333333333	0.4279722571372986	21.3541259765625	0.02766652126922385
cov10_n10_g0_s42_hotspots_p80_chr1	10	10	5899	584	1811	0	0.5160428461139055	0.42999061446744696	0.3333333333333333	0.4189589321613312	15.17150592803955	0.03203928289544032
cov10_n10_g0_s42_hotspots_p80_chr1	10	10	5900	1446	3201	0	0.5569099476244892	0.4796647887467555	0.3333333333333333	0.4594551920890808	14.692091941833496	0.030857087600413842
cov10_n10_g0_s42_hotspots_p80_chr1	10	10	5901	1099	2362	0	0.5400589342370655	0.44660044206615346	0.3333333333333333	0.37158241868019104	21.123796463012695	0.030212475164996422
cov10_n10_g0_s42_hotspots_p80_chr1	10	10	5902	805	2070	0	0.349321851573918	0.3036643593479632	0.17647058823529413	0.614418625831604	3.2323832511901855	0.05984203536493326
cov10_n10_g0_s42_hotspots_p80_chr1	10	10	5903	784	1743	0	0.5239662882427951	0.42317604242718654	0.25	0.34382858872413635	23.223236083984375	0.030474293201287056
cov10_n10_g0_s42_hotspots_p80_chr1	10	10	5904	633	1513	0	0.56508051632703	0.48564601010028646	0.25	0.44162192940711975	16.372665405273438	0.03015647094057541
cov10_n10_g0_s42_hotspots_p80_chr1	10	10	5905	822	2055	0	0.6032568237344524	0.5580171512756775	0.5384615384615384	0.7203150987625122	7.013899326324463	0.03509113386607554
cov10_n10_g0_s42_hotspots_p80_chr1	10	10	5906	1246	2776	0	0.36111499002928765	0.27906823258929253	0.3333333333333333	0.3958989977836609	8.31998062133789	0.04198404444356793
cov10_n10_g0_s42_hotspots_p80_chr1	10	10	5907	1149	2128	0	0.22694477138093383	0.06360909850843226	0.05263157894736842	0.16185377538204193	19.66050910949707	0.03848581371959216
cov10_n10_g0_s42_hotspots_p80_chr1	10	10	5908	1099	1969	0	0.5176122839406699	0.4265476328185407	0.25	0.3937201201915741	17.28359031677246	0.0314472424151886
cov10_n10_g0_s42_hotspots_p80_chr1	10	10	5909	1266	2437	0	0.5177026710069003	0.4359049402542078	0.25	0.441070020198822	13.776717185974121	0.03247541912514279
cov10_n10_g0_s42_hotspots_p80_chr1	10	10	5910	889	1767	0	0.5119497388606816	0.4174252281816574	0.3333333333333333	0.37876570224761963	18.26894187927246	0.03142144402104812
cov10_n10_g0_s42_hotspots_p80_chr1	10	10	5911	1053	2459	0	0.39091249633932645	0.2924514404315915	0.25	0.3501145541667938	12.466334342956543	0.03711353106965835
cov10_n10_g0_s42_hotspots_p80_chr1	10	10	5912	933	1938	0	0.5054517721583537	0.4291604445449883	0.3333333333333333	0.4717702567577362	11.478851318359375	0.03405192461213203
cov10_n10_g0_s42_hotspots_p80_chr1	10	10	5913	1093	1682	0	0.4673256773639112	0.37389669436189343	0.25	0.3864724040031433	14.621849060058594	0.03374468916629116
cov10_n10_g0_s42_hotspots_p80_chr1	10	10	5914	1226	1887	0	0.4586625665907907	0.3402477665150102	0.17647058823529413	0.30080294609069824	23.24997329711914	0.03218116969694532
cov10_n10_g0_s42_hotspots_p80_chr1	10	10	5915	706	1151	0	0.38021546188313626	0.2760842769712985	0.17647058823529413	0.32884955406188965	13.367959022521973	0.03691812359176041
cov10_n10_g0_s42_hotspots_p80_chr1	10	10	5916	1219	2398	0	0.5019339812133793	0.3879521622627983	0.25	0.2988365888595581	28.21146583557129	0.03075696325747659
cov10_n10_g0_s42_hotspots_p80_chr1	10	10	5917	939	1630	0	0.5823188117881412	0.5008226108183993	0.42857142857142855	0.4134444296360016	19.83751678466797	0.02909481136194043
cov10_n10_g0_s42_hotspots_p80_chr1	10	10	5918	893	1527	0	0.32083183413679556	0.1862238097598282	0.17647058823529413	0.23957228660583496	17.93419075012207	0.036715963350817345
cov10_n10_g0_s42_hotspots_p80_chr1	10	10	5919	1056	1582	0	0.3723625079236717	0.2743956812526505	0.17647058823529413	0.3442802429199219	11.697894096374512	0.03818203503855592
cov10_n10_g0_s42_hotspots_p80_chr1	10	10	5920	1463	2316	0	0.5935086444042611	0.516584815324721	0.3333333333333333	0.4382959306240082	18.33661651611328	0.02891290860756985
cov10_n10_g0_s42_hotspots_p80_chr1	10	10	5921	893	1350	0	0.6018824145337307	0.5253241874312169	0.3333333333333333	0.43103259801864624	19.498584747314453	0.02852175902188566
cov10_n10_g0_s42_hotspots_p80_chr1	10	10	5922	1212	1889	0	0.5333313946739138	0.44548174120685446	0.25	0.40543490648269653	17.30422019958496	0.030964170426563905
cov10_n10_g0_s42_hotspots_p80_chr1	10	10	5923	1173	1974	0	0.24258412819469077	0.13434929181683833	0.17647058823529413	0.24252022802829742	10.005268096923828	0.04350909322462927
cov10_n10_g0_s42_hotspots_p80_chr1	10	10	5924	1396	2170	0	0.5419675973135876	0.44697052091479	0.25	0.36128321290016174	22.503557205200195	0.030037639440391836
cov10_n10_g0_s42_hotspots_p80_chr1	10	10	5925	1028	2165	0	0.3472345026880626	0.22083669792146596	0.1111111111111111	0.2641282379627228	17.28287696838379	0.03623449464749706
cov10_n10_g0_s42_hotspots_p80_chr1	10	10	5926	766	1453	0	0.5556138053756513	0.4744654059667874	0.42857142857142855	0.4352670907974243	16.29425048828125	0.030479075329448945
cov10_n10_g0_s42_hotspots_p80_chr1	10	10	5927	886	1779	0	0.5535436107063397	0.47847871438333467	0.25	0.4745927155017853	13.603842735290527	0.03134288376306636
cov10_n10_g0_s42_hotspots_p80_chr1	10	10	5928	1089	1989	0	0.426168423529029	0.3465003696752795	0.42857142857142855	0.4368894100189209	9.515233039855957	0.03835960575596078
cov10_n10_g0_s42_hotspots_p80_chr1	10	10	5929	544	930	0	0.3062337939273263	0.16088814634080473	0.1111111111111111	0.21797198057174683	19.738079071044922	0.0365836537268059
cov10_n10_g0_s42_hotspots_p80_chr1	10	10	5930	860	1653	0	0.30037677768618964	0.18414026773441253	0.1111111111111111	0.2629249393939972	13.051763534545898	0.03937528017126692
cov10_n10_g0_s42_hotspots_p80_chr1	10	10	5931	827	1857	0	0.39769142182581396	0.2749457410035391	0.17647058823529413	0.28623974323272705	19.303346633911133	0.03437959746757287
cov10_n10_g0_s42_hotspots_p80_chr1	10	10	5932	747	1450	0	0.4974861334710846	0.406307234228174	0.25	0.3963627815246582	15.753470420837402	0.03244331878603972
cov10_n10_g0_s42_hotspots_p80_chr1	10	10	5933	1280	2079	0	0.5746324599085727	0.4934780115948784	0.25	0.4234831631183624	18.412296295166016	0.029498917953354686
cov10_n10_g0_s42_hotspots_p80_chr1	10	10	5934	1305	1983	0	0.5850130593129481	0.5037026775434393	0.25	0.4117216467857361	20.18941307067871	0.028979859552998907
cov10_n10_g0_s42_hotspots_p80_chr1	10	10	5935	964	1681	0	0.4903800496294484	0.3881116118445588	0.3333333333333333	0.35062137246131897	19.560895919799805	0.031819435844706194
cov10_n10_g0_s42_hotspots_p80_chr1	10	10	5936	1174	2051	0	0.5777048289668603	0.4973596514401875	0.25	0.42676103115081787	18.32493782043457	0.029414758644242447
cov10_n10_g0_s42_hotspots_p80_chr1	10	10	5937	1384	2425	0	0.5361499497926588	0.43547517203932623	0.25	0.3331490159034729	25.89974021911621	0.02999596185277143
cov10_n10_g0_s42_hotspots_p80_chr1	10	10	5938	1070	1899	0	0.5355733472815976	0.4704094669669585	0.25	0.5440121293067932	9.692167282104492	0.03434634259689628
cov10_n10_g0_s42_hotspots_p80_chr1	10	10	5940	4	23	1	0.22360680157584636	0.1815682598006406	0.1111111111111111	0.5	2.0	0.07905694150420949
cov10_n10_g0_s42_hotspots_p80_chr1	10	10	5941	432	761	0	0.2318541414044217	0.11021806432220657	0.1111111111111111	0.21188142895698547	11.974130630493164	0.04200254286575112
cov10_n10_g0_s42_hotspots_p80_chr1	10	10	5942	1004	1895	0	0.586572128404889	0.5094172303584618	0.42857142857142855	0.4431460201740265	17.520606994628906	0.029250308622182437
cov10_n10_g0_s42_hotspots_p80_chr1	10	10	5943	814	1618	0	0.5413146849931959	0.4460815915919745	0.3333333333333333	0.3604651391506195	22.551382064819336	0.030052071466289635
cov10_n10_g0_s42_hotspots_p80_chr1	10	10	5944	1146	1601	0	0.5490584757495044	0.45920399703719467	0.3333333333333333	0.38614729046821594	20.21767234802246	0.030048340136469596
cov10_n10_g0_s42_hotspots_p80_chr1	10	10	5945	942	1633	0	0.35707024066189036	0.15320648362092826	0.1111111111111111	0.17172004282474518	43.237972259521484	0.03331362492994916
cov10_n10_g0_s42_hotspots_p80_chr1	10	10	5946	1203	2080	0	0.4598763203660967	0.3559471347737473	0.25	0.346709668636322	17.593416213989258	0.03307142052142833
cov10_n10_g0_s42_hotspots_p80_chr1	10	10	5947	1252	1822	0	0.3306197049495042	0.19195700955098483	0.17647058823529413	0.23691964149475098	19.474010467529297	0.036049716777142235
cov10_n10_g0_s42_hotspots_p80_chr1	10	10	5948	1081	2198	0	0.39097522564732096	0.23939401654919612	0.17647058823529413	0.23101148009300232	28.64385223388672	0.03329962685221072
cov10_n10_g0_s42_hotspots_p80_chr1	10	10	5949	1076	2370	0	0.5148742367839642	0.4503457893135017	0.25	0.5472654104232788	8.851284980773926	0.035973056194740706
cov10_n10_g0_s42_hotspots_p80_chr1	10	10	5950	942	1840	0	0.579853957275851	0.49508961791564227	0.3333333333333333	0.38960105180740356	22.15118408203125	0.028987949307950695
cov10_n10_g0_s42_hotspots_p80_chr1	10	10	5951	890	1980	0	0.39183806401429866	0.2785163827200326	0.17647058823529413	0.30761122703552246	16.225906372070312	0.035374354645107776
cov10_n10_g0_s42_hotspots_p80_chr1	10	10	5952	646	1540	0	0.5108232747008725	0.4347403499442213	0.3333333333333333	0.4731583595275879	11.655430793762207	0.03375745203685819
cov10_n10_g0_s42_hotspots_p80_chr1	10	10	5953	632	1221	0	0.48326416619961465	0.37568039385615426	0.3333333333333333	0.3319784700870514	21.19089698791504	0.03177939221117793
cov10_n10_g0_s42_hotspots_p80_chr1	10	10	5954	1096	1470	0	0.5126834626858183	0.4242910737333345	0.3333333333333333	0.40775614976882935	15.808748245239258	0.031957956332200915
cov10_n10_g0_s42_hotspots_p80_chr1	10	10	5955	849	1619	0	0.324770678476596	0.22885009440722123	0.42857142857142855	0.3263714015483856	9.902146339416504	0.04118766886725491
cov10_n10_g0_s42_hotspots_p80_chr1	10	10	5956	533	1267	0	0.4966336315709976	0.42350990582124565	0.3333333333333333	0.4893729090690613	10.298937797546387	0.035217681902127804
cov10_n10_g0_s42_hotspots_p80_chr1	10	10	5957	1276	2365	0	0.3882625424100734	0.2762735687041569	0.25	0.31002277135849	15.68425464630127	0.03566399889879321
cov10_n10_g0_s42_hotspots_p80_chr1	10	10	5958	1414	2358	0	0.3618788316924298	0.24785362013423054	0.17647058823529413	0.2960294187068939	14.943650245666504	0.03669335320326497
cov10_n10_g0_s42_hotspots_p80_chr1	10	10	5959	1148	2167	0	0.4910841208674097	0.39044099046695185	0.25	0.356927752494812	18.930021286010742	0.031906226715497324
cov10_n10_g0_s42_hotspots_p80_chr1	10	10	5960	747	1627	0	0.533818693487675	0.4511480236530684	0.3333333333333333	0.43365663290023804	15.1528959274292	0.03147671126922581
cov10_n10_g0_s42_hotspots_p80_chr1	10	10	5961	574	1618	0	0.4771949749223934	0.40894691026095675	0.3333333333333333	0.5153864622116089	8.572859764099121	0.03767789582792765
cov10_n10_g0_s42_hotspots_p80_chr1	10	10	5962	833	2183	0	0.5211835822871025	0.4432777589138797	0.3333333333333333	0.4624652862548828	12.700567245483398	0.032833592131181526
cov10_n10_g0_s42_hotspots_p80_chr1	10	10	5963	1493	2399	0	0.4989401082856955	0.4173350320177454	0.3333333333333333	0.4426417946815491	12.705507278442383	0.03357411049764872
cov10_n10_g0_s42_hotspots_p80_chr1	10	10	5964	1293	2177	0	0.5205403549408003	0.43015539917739615	0.3333333333333333	0.3963063359260559	17.252294540405273	0.03136519605541187
cov10_n10_g0_s42_hotspots_p80_chr1	10	10	5965	1504	2654	0	0.5702708228174583	0.490264476277845	0.3333333333333333	0.4347132444381714	17.209033966064453	0.029825819876851865
cov10_n10_g0_s42_hotspots_p80_chr1	10	10	5966	860	1668	0	0.44603811236247426	0.34753877834835945	0.25	0.36457082629203796	14.968563079833984	0.0342586696875206
cov10_n10_g0_s42_hotspots_p80_chr1	10	10	5967	740	1482	0	0.5605650798898816	0.4884397531906378	0.25	0.49231386184692383	12.964864730834961	0.03135856689191582
cov10_n10_g0_s42_hotspots_p80_chr1	10	10	5968	859	1707	0	0.5974564339594884	0.5218130791968537	0.25	0.4448310136795044	18.039413452148438	0.02882446350570047
cov10_n10_g0_s42_hotspots_p80_chr1	10	10	5969	835	1535	0	0.2087478475509952	0.12082333232150554	0.17647058823529413	0.2599502503871918	6.448572635650635	0.05038390387283968
cov10_n10_g0_s42_hotspots_p80_chr1	10	10	5970	1186	2162	0	0.3953799047261976	0.2680289760639526	0.17647058823529413	0.2756555676460266	20.572904586791992	0.03418269041959415
cov10_n10_g0_s42_hotspots_p80_chr1	10	10	5971	881	2137	0	0.4650701895678011	0.4019129980976892	0.25	0.5452613830566406	7.274907112121582	0.04006346977590832
cov10_n10_g0_s42_hotspots_p80_chr1	10	10	5972	897	1846	0	0.4108637747650127	0.31848420895971385	0.3333333333333333	0.37818098068237305	11.803106307983398	0.03692682978898515
cov10_n10_g0_s42_hotspots_p80_chr1	10	10	5973	1019	1666	0	0.48277077499732546	0.39107101859163823	0.3333333333333333	0.39449864625930786	14.975830078125	0.03314259494996751
cov10_n10_g0_s42_hotspots_p80_chr1	10	10	5974	970	1945	0	0.5508931045529848	0.48474809543174735	0.42857142857142855	0.5362023115158081	10.555460929870605	0.03307136570248326
cov10_n10_g0_s42_hotspots_p80_chr1	10	10	5975	1004	1753	0	0.6386787880196741	0.574309371497609	0.5384615384615384	0.5040784478187561	16.05345916748047	0.02772096896828459
cov10_n10_g0_s42_hotspots_p80_chr1	10	10	5976	1003	2146	0	0.5230894088461349	0.42228902363716686	0.17647058823529413	0.3443734049797058	23.0723934173584	0.03050966244899488
cov10_n10_g0_s42_hotspots_p80_chr1	10	10	5977	759	1745	0	0.32543302786383943	0.20560471433303923	0.25	0.26812872290611267	14.731145858764648	0.037791803852646244
cov10_n10_g0_s42_hotspots_p80_chr1	10	10	5978	1285	2161	0	0.3889535244614296	0.2455610563355525	0.25	0.24411305785179138	25.387117385864258	0.03364659071352833
cov10_n10_g0_s42_hotspots_p80_chr1	10	10	5979	1155	2394	0	0.5588222478088832	0.46723820980791086	0.3333333333333333	0.3654669523239136	23.38035774230957	0.029512191949283353
cov10_n10_g0_s42_hotspots_p80_chr1	10	10	5980	1291	2093	0	0.4478616059603047	0.3173771490772917	0.25	0.26982834935188293	27.549428939819336	0.03208050978044143
cov10_n10_g0_s42_hotspots_p80_chr1	10	10	5981	1085	1983	0	0.46514350343277594	0.3422252954021602	0.17647058823529413	0.28623342514038086	26.407861709594727	0.031745241205190504
cov10_n10_g0_s42_hotspots_p80_chr1	10	10	5982	971	1366	0	0.3330643911530837	0.2136452209115494	0.17647058823529413	0.2723565697669983	14.954803466796875	0.0374828017840286
cov10_n10_g0_s42_hotspots_p80_chr1	10	10	5983	1152	1904	0	0.16199093759006378	0.027195225329372383	0.05263157894736842	0.14610840380191803	12.292241096496582	0.04360768920027306
cov10_n10_g0_s42_hotspots_p80_chr1	10	10	5984	821	1347	0	0.3814697568033569	0.25082448654231776	0.25	0.2660539746284485	20.55799674987793	0.034538399173500905
cov10_n10_g0_s42_hotspots_p80_chr1	10	10	5985	540	1195	0	0.0989406065919169	-0.054379152226802306	0.05263157894736842	0.08511010557413101	13.514093399047852	0.044296557954537526
cov10_n10_g0_s42_hotspots_p80_chr1	10	10	5986	350	1012	0	0.27127841296176985	0.17055326974796384	0.17647058823529413	0.2792116701602936	9.439810752868652	0.04331454549834859
cov10_n10_g0_s42_hotspots_p80_chr1	10	10	5987	1420	1929	0	0.17956554998205274	0.05436290845926151	0.1111111111111111	0.1695103645324707	11.221569061279297	0.044047136537287535
cov10_n10_g0_s42_hotspots_p80_chr1	10	10	5988	907	1636	0	0.5499665571970915	0.46381774767673195	0.3333333333333333	0.4076431095600128	18.201717376708984	0.030292583203499767
cov10_n10_g0_s42_hotspots_p80_chr1	10	10	5989	817	1723	0	0.47405517464226776	0.3527591904290576	0.17647058823529413	0.288171648979187	27.061717987060547	0.031487744930783566
cov10_n10_g0_s42_hotspots_p80_chr1	10	10	5990	898	1443	0	0.41608107548728107	0.27655239610248555	0.17647058823529413	0.2528943121433258	27.069347381591797	0.03285637136099972
cov10_n10_g0_s42_hotspots_p80_chr1	10	10	5991	887	1396	0	0.4547757383315617	0.3249356610984554	0.25	0.269808828830719	28.410724639892578	0.03186616849959408
cov10_n10_g0_s42_hotspots_p80_chr1	10	10	5992	1262	1974	0	0.3592453455050478	0.24840159251712696	0.25	0.3027559816837311	14.079809188842773	0.03716054461747881
cov10_n10_g0_s42_hotspots_p80_chr1	10	10	5993	895	1716	0	0.3922097800246369	0.263591618833703	0.17647058823529413	0.27239397168159485	20.732032775878906	0.03423370812223466
cov10_n10_g0_s42_hotspots_p80_chr1	10	10	5994	1360	2091	0	0.4384769030739736	0.34089665911518774	0.25	0.366584450006485	14.306897163391113	0.034745407967083045
cov10_n10_g0_s42_hotspots_p80_chr1	10	10	5995	1172	1859	0	0.4706313967677508	0.37655447979170714	0.25	0.3840840756893158	15.01444149017334	0.03350106919377885
cov10_n10_g0_s42_hotspots_p80_chr1	10	10	5996	401	897	0	0.402149583080412	0.3044362957602644	0.17647058823529413	0.3565079867839813	12.724382400512695	0.03662097793528354
cov10_n10_g0_s42_hotspots_p80_chr1	10	10	5997	1184	1786	0	0.5707578157731712	0.5005350221583826	0.3333333333333333	0.5026499629020691	12.893547058105469	0.031029861911515945
cov10_n10_g0_s42_hotspots_p80_chr1	10	10	5998	834	1701	0	0.47267002899685284	0.38558443887562394	0.25	0.41418638825416565	13.023404121398926	0.03426871159707858
cov10_n10_g0_s42_hotspots_p80_chr1	10	10	5999	1008	1699	0	0.4660411725197008	0.38399165374181254	0.3333333333333333	0.4367001950740814	11.388901710510254	0.03543739987394503
cov10_n10_g0_s42_hotspots_p80_chr1	10	10	6000	957	1806	0	0.5237083787803065	0.44551383680012013	0.42857142857142855	0.4606197476387024	12.926884651184082	0.032640887750156417
cov10_n10_g0_s42_hotspots_p80_chr1	10	10	6001	1001	1767	0	0.5891914050378582	0.5439908370962543	0.25	0.7224088907241821	6.651914596557617	0.03637493677765568
cov10_n10_g0_s42_hotspots_p80_chr1	10	10	6002	963	1540	0	0.5986368189871663	0.5226871855717523	0.42857142857142855	0.44084057211875916	18.440114974975586	0.028736186326213647
cov10_n10_g0_s42_hotspots_p80_chr1	10	10	6003	892	1530	0	0.4798572175969552	0.38098677229907185	0.25	0.36509767174720764	17.274517059326172	0.032570922825881254
cov10_n10_g0_s42_hotspots_p80_chr1	10	10	6004	355	1157	0	0.31139560629821694	0.2208951117549539	0.05263157894736842	0.33481189608573914	8.650138854980469	0.043104915197409645
cov10_n10_g0_s42_hotspots_p80_chr1	10	10	6005	451	1213	0	0.5271511705512514	0.42943250446006087	0.3333333333333333	0.3572302758693695	21.775789260864258	0.03051157761687801
cov10_n10_g0_s42_hotspots_p80_chr1	10	10	6006	1345	2180	0	0.5857675243005513	0.5183145835872842	0.25	0.5178961753845215	12.792787551879883	0.03053477771644102
cov10_n10_g0_s42_hotspots_p80_chr1	10	10	6007	1270	2422	0	0.4838457692398821	0.39159603352509065	0.25	0.3921372890472412	15.224311828613281	0.033025928832890974
cov10_n10_g0_s42_hotspots_p80_chr1	10	10	6008	770	1544	0	0.19516293070540106	0.11703571264189855	0.25	0.27339863777160645	5.095677852630615	0.05495054812674949
cov10_n10_g0_s42_hotspots_p80_chr1	10	10	6009	936	1816	0	0.5198403757229435	0.4499792421541609	0.3333333333333333	0.5115291476249695	10.327595710754395	0.03437333933711219
cov10_n10_g0_s42_hotspots_p80_chr1	10	10	6010	921	1781	0	0.6909421723984887	0.6391497615631516	0.42857142857142855	0.5839899778366089	13.99821662902832	0.026134194509461046
cov10_n10_g0_s42_hotspots_p80_chr1	10	10	6011	893	1673	0	0.46136537018057777	0.35115125023099597	0.25	0.32574257254600525	20.060466766357422	0.03253858886238708
cov10_n10_g0_s42_hotspots_p80_chr1	10	10	6012	914	1817	0	0.1783554258122183	0.06339291778147144	0.05263157894736842	0.18163184821605682	9.642477035522461	0.04574131157897002
cov10_n10_g0_s42_hotspots_p80_chr1	10	10	6013	551	1106	0	0.12188260243266612	0.048343373783331714	0.25	0.1959047019481659	3.8707377910614014	0.06316325444632064
cov10_n10_g0_s42_hotspots_p80_chr1	10	10	6014	922	1602	0	0.30664769762361577	0.16994090607024684	0.1111111111111111	0.2303733378648758	17.71800994873047	0.037142475372723326
cov10_n10_g0_s42_hotspots_p80_chr1	10	10	6015	1095	1784	0	0.3472277550201378	0.15126298176524966	0.05263157894736842	0.1769046187400818	38.52569580078125	0.033648138500455116
cov10_n10_g0_s42_hotspots_p80_chr1	10	10	6016	429	985	0	0.38023799740405895	0.3116721598115976	0.3333333333333333	0.4715530574321747	6.502044200897217	0.04464963278978376
cov10_n10_g0_s42_hotspots_p80_chr1	10	10	6017	1060	1549	0	0.172033770514029	0.03236902291914496	0.1111111111111111	0.14892566204071045	13.344074249267578	0.04259614157597113
cov10_n10_g0_s42_hotspots_p80_chr1	10	10	6018	839	1867	0	0.3613523829356199	0.21384803522232917	0.17647058823529413	0.2326013147830963	24.134456634521484	0.03444457024650107
cov10_n10_g0_s42_hotspots_p80_chr1	10	10	6019	863	1685	0	0.4292047289517966	0.3002919192025928	0.17647058823529413	0.2754426896572113	24.280996322631836	0.032805474452419936
cov10_n10_g0_s42_hotspots_p80_chr1	10	10	6020	792	1573	0	0.5435962169190318	0.445362285664658	0.25	0.33920973539352417	25.68125343322754	0.029811272904596477
cov10_n10_g0_s42_hotspots_p80_chr1	10	10	6021	1175	1763	0	0.42139343086329445	0.3089343503616596	0.25	0.31648680567741394	17.728187561035156	0.03411561028375691
cov10_n10_g0_s42_hotspots_p80_chr1	10	10	6022	532	1316	0	0.34168146249117864	0.18094224221087207	0.05263157894736842	0.21023035049438477	26.415084838867188	0.034606915168118
cov10_n10_g0_s42_hotspots_p80_chr1	10	10	6023	1058	1701	0	0.37987369019544964	0.25601648627959256	0.25	0.27959784865379333	18.459108352661133	0.03504536749601243
cov10_n10_g0_s42_hotspots_p80_chr1	10	10	6024	706	1019	0	0.27610566152680743	0.09688755013250264	0.1111111111111111	0.17114146053791046	26.0279598236084	0.03608876735561429
cov10_n10_g0_s42_hotspots_p80_chr1	10	10	6025	788	1246	0	0.3309110645303582	0.2500032594201758	0.25	0.38195523619651794	7.505812168121338	0.04427739846170783
cov10_n10_g0_s42_hotspots_p80_chr1	10	10	6026	753	1547	0	0.31754027439918997	0.21863188498727085	0.17647058823529413	0.31355974078178406	10.255507469177246	0.041048240363420994
cov10_n10_g0_s42_hotspots_p80_chr1	10	10	6027	690	1628	0	0.4536718989921516	0.35224835189569864	0.25	0.3550821542739868	16.32398223876953	0.03358629502906776
cov10_n10_g0_s42_hotspots_p80_chr1	10	10	6028	769	1703	0	0.29264672063266994	0.18038722201470073	0.25	0.2667868435382843	12.032571792602539	0.04027256857123591
cov10_n10_g0_s42_hotspots_p80_chr1	10	10	6029	1052	1539	0	0.5839318453321937	0.4977591477262469	0.42857142857142855	0.3653496503829956	25.54505729675293	0.0287394732267259
cov10_n10_g0_s42_hotspots_p80_chr1	10	10	6030	339	1078	0	0.4493482720779004	0.3791172286701367	0.25	0.49496182799339294	8.241811752319336	0.039105653370033425
cov10_n10_g0_s42_hotspots_p80_chr1	10	10	6031	189	835	1	0.589239073466016	0.5125927360579321	0.25	0.44476082921028137	17.552135467529297	0.029159251053674715
cov10_n10_g0_s42_hotspots_p80_chr1	10	10	6032	501	1353	0	0.3821308024511166	0.2583137567728484	0.17647058823529413	0.28027570247650146	18.58888053894043	0.03495362352610247
cov10_n10_g0_s42_hotspots_p80_chr1	10	10	6033	586	1393	0	0.45489944067615723	0.38684552072269995	0.3333333333333333	0.5099442005157471	7.957660675048828	0.03931860554982384
cov10_n10_g0_s42_hotspots_p80_chr1	10	10	6034	890	1721	0	0.4436594853897733	0.36095218486201486	0.25	0.4283266067504883	10.728757858276367	0.03666437642545571
cov10_n10_g0_s42_hotspots_p80_chr1	10	10	6035	1443	2013	0	0.43647998268328597	0.31761179253557836	0.25	0.30054694414138794	21.091333389282227	0.03303472670770295
cov10_n10_g0_s42_hotspots_p80_chr1	10	10	6036	778	1323	0	0.4207434407020794	0.2932099308478829	0.17647058823529413	0.27841588854789734	22.83740234375	0.03318596122138845
cov10_n10_g0_s42_hotspots_p80_chr1	10	10	6037	932	1524	0	0.2294550986196409	0.0997843230466848	0.17647058823529413	0.19885385036468506	13.314579963684082	0.04113010918352649
cov10_n10_g0_s42_hotspots_p80_chr1	10	10	6038	774	1920	0	0.4963757784764512	0.408523212415221	0.25	0.4117799401283264	14.530840873718262	0.03287536182037427
cov10_n10_g0_s42_hotspots_p80_chr1	10	10	6039	1086	2077	0	0.2571638260808986	0.054323093284468556	0.1111111111111111	0.14810016751289368	30.1514835357666	0.03597669924667601
cov10_n10_g0_s42_hotspots_p80_chr1	10	10	6040	651	1797	0	0.15654461428673533	0.04780329830368835	0.1111111111111111	0.1713089942932129	8.350566864013672	0.04815217349775973
cov10_n10_g0_s42_hotspots_p80_chr1	10	10	6041	1162	1708	0	0.46125853226257274	0.32779570488914916	0.17647058823529413	0.2572922706604004	32.13922119140625	0.03155474900227339
cov10_n10_g0_s42_hotspots_p80_chr1	10	10	6042	1042	2038	0	0.4993092076854924	0.40860626392873406	0.25	0.39838409423828125	15.708516120910645	0.03240040913459925
cov10_n10_g0_s42_hotspots_p80_chr1	10	10	6043	833	1678	0	0.46096999598665456	0.37524164936877324	0.3333333333333333	0.4185597896575928	12.129145622253418	0.035130839919174976
cov10_n10_g0_s42_hotspots_p80_chr1	10	10	6044	629	1141	0	0.4315108289913518	0.3237808967873884	0.17647058823529413	0.33182957768440247	16.91037940979004	0.034053152762674295
cov10_n10_g0_s42_hotspots_p80_chr1	10	10	6045	917	1505	0	0.25640164868537263	0.14272112763718572	0.17647058823529413	0.24161265790462494	11.261656761169434	0.04190381109097012
cov10_n10_g0_s42_hotspots_p80_chr1	10	10	6046	1082	1678	0	0.3770474092379666	0.22517638428594444	0.1111111111111111	0.22905896604061127	27.095508575439453	0.033744387136881604
cov10_n10_g0_s42_hotspots_p80_chr1	10	10	6047	1181	2098	0	0.5324546166947401	0.46594493394986175	0.3333333333333333	0.5344300270080566	9.926209449768066	0.03425225934144159
cov10_n10_g0_s42_hotspots_p80_chr1	10	10	6048	989	1733	0	0.33327476330862615	0.2124984868543036	0.17647058823529413	0.26967743039131165	15.27269172668457	0.037339799824825
cov10_n10_g0_s42_hotspots_p80_chr1	10	10	6049	1063	1697	0	0.3697549688638594	0.31648692073954554	0.17647058823529413	0.5655364990234375	4.2747111320495605	0.05253886983529555
cov10_n10_g0_s42_hotspots_p80_chr1	10	10	6050	92	172	1	0.33473790332915315	0.2559009840025865	0.17647058823529413	0.3929656744003296	7.25605583190918	0.04461261014367288
cov10_n10_g0_s42_hotspots_p80_chr1	10	10	6051	423	696	0	0.4717938426718852	0.40353690754552374	0.3333333333333333	0.51390540599823	8.428266525268555	0.03805707639188689
cov10_n10_g0_s42_hotspots_p80_chr1	10	10	6052	972	1285	0	0.43768103353640087	0.2950840217365435	0.25	0.2438684105873108	32.21101760864258	0.03206859820955883
cov10_n10_g0_s42_hotspots_p80_chr1	10	10	6053	535	861	0	0.2734626216321039	0.14307451958320577	0.17647058823529413	0.22375774383544922	14.936190605163574	0.03908323309575317
cov10_n10_g0_s42_hotspots_p80_chr1	10	10	6054	676	1249	0	0.45960105980158916	0.37612708308243686	0.3333333333333333	0.4286471903324127	11.496404647827148	0.03557637384692968
cov10_n10_g0_s42_hotspots_p80_chr1	10	10	6055	937	1655	0	0.3234171764305961	0.1823454533127065	0.17647058823529413	0.2306324541568756	19.664609909057617	0.03618119067865308
cov10_n10_g0_s42_hotspots_p80_chr1	10	10	6056	928	1952	0	0.4806824107213461	0.40048884830743586	0.3333333333333333	0.44834503531455994	11.49454402923584	0.034879935675465684
cov10_n10_g0_s42_hotspots_p80_chr1	10	10	6057	1087	1647	0	0.3200175880460212	0.11920431468803681	0.1111111111111111	0.16851279139518738	36.064666748046875	0.034282905782313064
cov10_n10_g0_s42_hotspots_p80_chr1	10	10	6058	761	1346	0	0.26883643906943955	0.11745945830219562	0.05263157894736842	0.19422508776187897	19.158681869506836	0.0376415061708774
cov10_n10_g0_s42_hotspots_p80_chr1	10	10	6059	660	1573	0	0.409591761619511	0.30182194848532856	0.17647058823529413	0.32739463448524475	15.651623725891113	0.03507353235998419
cov10_n10_g0_s42_hotspots_p80_chr1	10	10	6060	971	2164	0	0.4672995891622979	0.3419074033133381	0.17647058823529413	0.27813720703125	28.22751235961914	0.031583022710546714
cov10_n10_g0_s42_hotspots_p80_chr1	10	10	6061	856	1420	0	0.35922997705214593	0.14070683374300347	0.0	0.16162343323230743	49.40108108520508	0.03315075154376594
cov10_n10_g0_s42_hotspots_p80_chr1	10	10	6062	857	1276	0	0.37611324983509253	0.2512659156892181	0.1111111111111111	0.276479035615921	18.506011962890625	0.035132016044113985
cov10_n10_g0_s42_hotspots_p80_chr1	10	10	6063	754	1000	0	0.23187933082480155	0.014305109313895371	0.05263157894736842	0.13088807463645935	31.3851318359375	0.036346355756458684
cov10_n10_g0_s42_hotspots_p80_chr1	10	10	6064	961	1780	0	0.2793454280418994	0.1409896235646111	0.17647058823529413	0.21534505486488342	16.827255249023438	0.03813764326694758
cov10_n10_g0_s42_hotspots_p80_chr1	10	10	6065	697	1046	0	0.38992724162958226	0.2634305170179992	0.17647058823529413	0.2763802409172058	19.904592514038086	0.03445352262516203
cov10_n10_g0_s42_hotspots_p80_chr1	10	10	6066	559	896	0	0.5323959560796315	0.44410875709769215	0.3333333333333333	0.4034276604652405	17.415586471557617	0.030970609744410325
cov10_n10_g0_s42_hotspots_p80_chr1	10	10	6067	774	1383	0	0.3865545533019122	0.26051570873570506	0.17647058823529413	0.27660343050956726	19.53019142150879	0.03461973611465508
cov10_n10_g0_s42_hotspots_p80_chr1	10	10	6068	578	1286	0	0.46684552600219864	0.36975191692254683	0.17647058823529413	0.37193870544433594	15.754464149475098	0.03337033462385859
cov10_n10_g0_s42_hotspots_p80_chr1	10	10	6069	656	1558	0	0.5614029862321107	0.4709737098452294	0.3333333333333333	0.3705582022666931	22.952844619750977	0.029465222109056336
cov10_n10_g0_s42_hotspots_p80_chr1	10	10	6070	802	2007	0	0.46194886645437777	0.3205422315459245	0.1111111111111111	0.2313959002494812	39.85442352294922	0.03138712695207532
cov10_n10_g0_s42_hotspots_p80_chr1	10	10	6071	542	1466	0	0.17966865120835876	0.03858833570013482	0.05263157894736842	0.15295355021953583	13.798296928405762	0.04211324158903921
cov10_n10_g0_s42_hotspots_p80_chr1	10	10	6072	64	988	1	0.25354611105051306	0.12427577982163106	0.05263157894736842	0.21419104933738708	14.012360572814941	0.04008231525468215
cov10_n10_g0_s42_hotspots_p80_chr1	10	10	6073	929	1683	0	0.4154740912723794	0.3277071769015051	0.25	0.39759963750839233	10.919329643249512	0.037426725149595816
cov10_n10_g0_s42_hotspots_p80_chr1	10	10	6074	1005	1668	0	0.33340229878346167	0.1337086695950523	0.17647058823529413	0.17197763919830322	37.583152770996094	0.03395072512039406
cov10_n10_g0_s42_hotspots_p80_chr1	10	10	6075	625	1594	0	0.39769032710093305	0.3390935521699848	0.25	0.544829249382019	5.328061580657959	0.04726516416803344
cov10_n10_g0_s42_hotspots_p80_chr1	10	10	6076	198	566	1	0.2074774263340103	0.06295814454589378	0.1111111111111111	0.16785474121570587	15.278279304504395	0.040601947409622745
cov10_n10_g0_s42_hotspots_p80_chr1	10	10	6077	418	1051	0	0.3275373231854308	0.10972703616848525	0.1111111111111111	0.15926291048526764	42.29531478881836	0.03387305336133188
cov10_n10_g0_s42_hotspots_p80_chr1	10	10	6078	732	1337	0	0.4043421896189834	0.30572665451489933	0.17647058823529413	0.3542275130748749	13.02967643737793	0.03638378412800815
cov10_n10_g0_s42_hotspots_p80_chr1	10	10	6079	767	1365	0	0.5962766678870631	0.5514457123268349	0.3333333333333333	0.7258977293968201	6.747529029846191	0.03588573267576738
cov10_n10_g0_s42_hotspots_p80_chr1	10	10	6080	298	1047	0	0.25475623204261777	0.18697923497002963	0.17647058823529413	0.37472638487815857	4.62190580368042	0.05493356198456902
cov10_n10_g0_s42_hotspots_p80_chr1	10	10	6081	936	1638	0	0.42200376309306376	0.3529182611069221	0.17647058823529413	0.49064359068870544	7.397762775421143	0.041389505162916264
cov10_n10_g0_s42_hotspots_p80_chr1	10	10	6082	1185	2228	0	0.5629475091847049	0.4858217218967229	0.3333333333333333	0.457890123128891	15.115177154541016	0.030532901003942712
cov10_n10_g0_s42_hotspots_p80_chr1	10	10	6083	125	212	1	0.0020778282405415596	-0.07472566385636314	0.05263157894736842	0.0036804021801799536	3.187342405319214	0.07185097081111093
cov10_n10_g0_s42_hotspots_p80_chr1	10	10	6084	616	683	0	0.3034050822550332	-0.12186347804017565	0.05263157894736842	0.11239442229270935	72.8712387084961	0.033772020814635956
cov10_n10_g0_s42_hotspots_p80_chr1	10	10	6085	433	510	0	0.32645095021527015	-0.09014113367835694	0.05263157894736842	0.11829830706119537	76.15155792236328	0.03344249637453925
